F4E_CLK 1009 64 64 1125 7107 1301 107395 335 26138
F4E_CLK 1529 64 64 538 6333 1165 124266 472 25225
F4E_CLK 1813 64 64 528 6619 1252 130429 638 31005
F4E_CLK 2324 64 64 528 5866 2571 161219 147 32376
F4E_CLK 2357 64 64 537 5659 1708 159754 133 27620
F4E_CLK 2342 64 64 526 6205 2255 160876 147 31799
F4E_CLK 2820 64 64 527 6047 1961 276559 99 40841
F4E_CLK 4042 64 64 528 5788 3422 408960 93 27943
F4E_CLK 4255 64 64 526 5925 2866 467780 150 28616
F4E_CLK 4315 64 64 527 6951 3639 483948 140 35591
F4E_CLK 4361 64 64 530 6221 3501 489209 96 32112
F4E_CLK 3849 64 64 526 6122 2725 408999 100 43239
F4E_CLK 5145 64 64 526 6319 4359 609293 143 48488
F4E_CLK 5356 64 64 527 6014 5021 636225 148 62372
F4E_CLK 5245 64 64 526 5976 5058 634818 148 55992
F4E_CLK 5038 64 64 529 5828 4011 544504 99 88093
F4E_CLK 5222 64 64 528 5996 4971 631281 141 56166
F4E_CLK 5069 64 64 527 5625 4456 545872 145 88754
F4E_CLK 4802 64 64 527 5620 4149 538047 150 74075
F4E_CLK 4944 64 64 526 5686 3986 534001 143 62672
F4E_CLK 4878 64 64 527 5554 4277 542125 147 78321
F4E_CLK 4693 64 64 526 5684 4256 534527 107 62513
F4E_CLK 4535 64 64 527 5561 4414 529960 138 95656
F4E_CLK 4364 64 64 527 5545 4141 540885 155 108940
F4E_CLK 4402 64 64 526 6100 3880 492465 100 73091
F4E_CLK 1625 64 64 537 6343 1173 129450 548 41648
F4E_CLK 2341 64 64 528 5942 2278 161789 91 35741
F4E_CLK 2538 64 64 526 5580 2073 228109 141 50325
F4E_CLK 3339 64 64 525 6366 2891 382107 154 41864
F4E_CLK 3774 64 64 528 5799 3323 416679 136 43774
F4E_CLK 4503 64 64 527 6523 4053 514322 153 46934
F4E_CLK 4668 64 64 526 6471 3741 509456 86 37126
F4E_CLK 8717 64 64 529 7439 6675 912343 88 51874
F4E_CLK 4752 64 64 528 5542 4166 540719 143 90153
F4E_CLK 4684 64 64 526 5459 4287 539648 92 78501
F4E_CLK 4502 64 64 527 5562 4578 531008 92 115904
F4E_CLK 4561 64 64 525 5518 4309 534991 133 74643
F4E_CLK 4428 64 64 529 5470 4220 534596 145 113233
F4E_CLK 4216 64 64 526 5481 3757 534403 138 93915
F4E_CLK 4363 64 64 527 5537 4181 529107 147 87282
F4E_CLK 4286 64 64 527 5608 4113 532045 99 104518
F4E_CLK 4163 64 64 526 5547 3950 532829 147 89443
F4E_CLK 3882 64 64 526 5127 3692 436139 79 145096
F4E_CLK 3740 64 64 527 5037 3487 432871 93 152165
F4E_CLK 7553 64 64 526 6848 6825 816089 143 111899
F4E_CLK 5683 64 64 526 6001 4848 639796 150 66310
F4E_CLK 6062 64 64 528 6371 4525 655420 139 68942
F4E_CLK 6287 64 64 527 6545 5876 746736 91 71782
F4E_CLK 6711 64 64 526 6309 5983 751213 90 57888
F4E_CLK 6710 64 64 525 6539 6126 750011 95 84656
F4E_CLK 7093 64 64 527 6380 5623 741144 152 67408
F4E_CLK 7055 64 64 527 6998 5634 750374 133 75442
F4E_CLK 7403 64 64 527 7002 6188 832688 124 50972
F4E_CLK 7412 64 64 527 6775 6901 847479 146 66147
F4E_CLK 7333 64 64 528 6888 6618 848972 151 70444
F4E_CLK 7257 64 64 526 6866 6515 839080 144 83852
F4E_CLK 7179 64 64 527 6972 6510 842079 130 98255
F4E_CLK 7098 64 64 528 6518 5738 756505 133 77555
F4E_CLK 6988 64 64 526 6463 5849 755477 161 103832
F4E_CLK 6665 64 64 526 6457 6153 753837 139 94757
F4E_CLK 7167 64 64 527 7943 5960 637386 92 45853
F4E_CLK 1657 64 64 527 6205 1174 131307 563 53334
F4E_CLK 2102 64 64 527 6291 2113 162778 141 48405
F4E_CLK 5841 64 64 526 7307 4471 619838 135 63808
F4E_CLK 4034 64 64 515 5121 3431 449782 132 115879
F4E_CLK 3973 64 64 515 5209 3605 447313 140 88347
F4E_CLK 3879 64 64 516 5064 3478 439718 129 133830
F4E_CLK 3843 64 64 516 5046 3419 439740 133 89876
F4E_CLK 3768 64 64 517 5028 3668 434047 147 138005
F4E_CLK 3523 64 64 516 5075 3322 416125 99 155398
F4E_CLK 3477 64 64 516 5051 3502 411006 85 142298
F4E_CLK 3584 64 64 516 5105 3245 428833 92 132946
F4E_CLK 3462 64 64 517 5044 3448 416572 93 143979
F4E_CLK 3210 64 64 516 5055 3388 393137 92 148813
F4E_CLK 3146 64 64 515 5061 3223 385757 135 148253
F4E_CLK 2867 64 64 518 4509 2385 310535 93 143787
F4E_CLK 10417 64 64 515 8132 8275 1108920 153 47136
F4E_CLK 7977 64 64 515 6897 6581 858665 89 58540
F4E_CLK 8175 64 64 515 6917 7002 865519 146 63927
F4E_CLK 8550 64 64 515 7415 7509 952873 137 45449
F4E_CLK 8625 64 64 517 7154 7553 952335 90 64887
F4E_CLK 9072 64 64 515 7416 7370 949370 84 43214
F4E_CLK 9089 64 64 516 7308 7493 955234 134 71865
F4E_CLK 9276 64 64 517 7952 8017 1034637 145 71299
F4E_CLK 9292 64 64 514 7686 7856 1040853 140 96710
F4E_CLK 9170 64 64 516 7384 7292 957677 86 92879
F4E_CLK 8979 64 64 517 7191 7414 952736 87 118817
F4E_CLK 8958 64 64 515 7263 7491 956667 95 101134
F4E_CLK 8688 64 64 516 7164 7720 943713 99 130095
F4E_CLK 8825 64 64 516 7406 7326 954176 137 108958
F4E_CLK 8514 64 64 516 7261 7520 948409 149 114354
F4E_CLK 10799 64 64 516 8265 8727 1092963 97 67937
F4E_CLK 3259 64 64 516 5335 3005 396733 142 57406
F4E_CLK 3537 64 64 515 5723 3058 415544 137 56819
F4E_CLK 3752 64 64 515 5859 3346 425588 151 71108
F4E_CLK 11095 64 64 515 8324 7118 1134517 96 112012
F4E_CLK 8597 64 64 515 7391 7683 951727 142 125623
F4E_CLK 8479 64 64 515 7232 7663 950322 146 131605
F4E_CLK 8383 64 64 516 7215 7423 947104 145 106139
F4E_CLK 8126 64 64 516 6970 6477 863546 133 149376
F4E_CLK 8183 64 64 517 7034 6733 870893 139 100023
F4E_CLK 7914 64 64 517 6796 6910 867590 91 147866
F4E_CLK 11542 64 64 516 8717 9603 1204001 144 93661
F4E_CLK 4225 64 64 516 5518 4243 533262 142 71557
F4E_CLK 4362 64 64 516 5489 4338 538627 154 74067
F4E_CLK 4419 64 64 515 5502 4119 526930 153 89051
F4E_CLK 4434 64 64 515 5645 4106 532733 97 68260
F4E_CLK 4351 64 64 516 5480 4156 532086 154 115195
F4E_CLK 4257 64 64 516 5515 4228 540665 145 101743
F4E_CLK 4493 64 64 515 6006 4234 480587 96 77388
F4E_CLK 3814 64 64 516 5936 2652 371931 110 53255
F4E_CLK 3247 64 64 515 5041 3300 402766 104 137260
F4E_CLK 3182 64 64 516 5035 3344 390930 146 146017
F4E_CLK 3118 64 64 516 5029 2943 374129 144 144063
F4E_CLK 3053 64 64 515 4624 3087 330074 92 143384
F4E_CLK 2987 64 64 516 4633 2829 320063 142 150740
F4E_CLK 2923 64 64 517 4655 2786 322184 145 150475
F4E_CLK 2861 64 64 515 4526 2262 312024 134 146269
F4E_CLK 2796 64 64 516 4603 2332 304652 93 149426
F4E_CLK 2732 64 64 516 4621 2280 294449 93 148914
F4E_CLK 2668 64 64 515 4547 2348 277656 136 146856
F4E_CLK 2604 64 64 517 4526 2374 259720 93 145606
F4E_CLK 2539 64 64 516 4555 2474 238707 148 151438
F4E_CLK 11269 64 64 516 8841 8242 1218378 134 39885
F4E_CLK 9369 64 64 516 7949 8270 1048639 150 55436
F4E_CLK 9600 64 64 516 7830 8185 1047730 135 54922
F4E_CLK 9996 64 64 514 7877 8140 1053219 132 37812
F4E_CLK 10000 64 64 516 7618 8073 1053379 99 61351
F4E_CLK 10469 64 64 526 8237 8464 1134620 143 39462
F4E_CLK 10413 64 64 527 8099 8954 1134667 99 64487
F4E_CLK 10577 64 64 527 8207 8934 1134351 146 63494
F4E_CLK 10664 64 64 528 8193 8630 1142399 78 94249
F4E_CLK 10560 64 64 525 8247 9044 1143271 141 83947
F4E_CLK 10285 64 64 528 8279 8565 1135009 138 115586
F4E_CLK 10395 64 64 526 8087 9219 1141700 146 104933
F4E_CLK 10138 64 64 526 7764 8131 1052021 142 118819
F4E_CLK 10156 64 64 526 7955 8329 1053190 83 111915
F4E_CLK 9721 64 64 526 7727 8059 1049383 129 104355
F4E_CLK 14014 64 64 526 9720 10664 1380507 93 62243
F4E_CLK 5238 64 64 528 5963 5000 636859 138 59595
F4E_CLK 5517 64 64 524 5941 5289 643634 147 50973
F4E_CLK 13216 64 64 528 9228 10068 1281996 135 72809
F4E_CLK 10011 64 64 526 7755 7870 1053457 146 123132
F4E_CLK 9840 64 64 527 7872 8481 1054277 142 116203
F4E_CLK 9668 64 64 527 7805 8009 1054185 144 142293
F4E_CLK 9529 64 64 526 7631 8253 1045745 142 121296
F4E_CLK 9167 64 64 526 7429 7378 962811 144 146466
F4E_CLK 9358 64 64 528 7718 8176 1057667 152 141473
F4E_CLK 8867 64 64 527 7323 7287 959517 87 145457
F4E_CLK 14556 64 64 527 10076 11546 1462300 145 86161
F4E_CLK 6139 64 64 529 6210 5075 669599 148 82982
F4E_CLK 6293 64 64 528 6267 5820 752994 152 76137
F4E_CLK 6351 64 64 528 6398 6291 746782 153 92554
F4E_CLK 6321 64 64 529 6398 5804 751946 149 89225
F4E_CLK 6211 64 64 528 6353 5706 753557 145 124491
F4E_CLK 6076 64 64 525 6004 4851 656824 147 110899
F4E_CLK 6567 64 64 529 6374 5799 708216 148 69052
F4E_CLK 10144 64 64 525 7815 6222 939944 110 56581
F4E_CLK 9097 64 64 527 7457 7530 958403 80 128409
F4E_CLK 8865 64 64 526 7173 7323 959284 130 140638
F4E_CLK 8750 64 64 528 7348 7425 955146 138 149328
F4E_CLK 8608 64 64 528 7258 7370 954759 114 143833
F4E_CLK 8504 64 64 527 7335 7104 953173 144 153394
F4E_CLK 8428 64 64 525 7337 7375 935930 148 141472
F4E_CLK 8344 64 64 527 7275 7526 948421 144 149810
F4E_CLK 14681 64 64 526 9884 11754 1463519 142 51582
F4E_CLK 6622 64 64 527 6372 5827 756280 91 82564
F4E_CLK 6741 64 64 526 6348 6030 762524 124 79797
F4E_CLK 6795 64 64 528 6383 5787 761381 88 76345
F4E_CLK 6672 64 64 529 6399 6155 756062 133 121201
F4E_CLK 6478 64 64 528 6446 6063 756202 141 133563
F4E_CLK 6364 64 64 527 6367 5883 751012 147 135760
F4E_CLK 7224 64 64 525 7034 6487 735410 149 65459
F4E_CLK 7468 64 64 527 6937 6044 821807 142 86982
F4E_CLK 6112 64 64 525 6058 5111 663923 101 143757
F4E_CLK 5944 64 64 525 5863 4914 654832 138 145652
F4E_CLK 7096 64 64 525 6515 5854 731126 93 81866
F4E_CLK 1335 64 64 526 4481 1310 131024 447 82066
F4E_CLK 1325 60 60 527 4479 1152 115686 459 87870
F4E_CLK 2475 35 35 525 4596 2345 118148 142 43409
F4E_CLK 2440 35 35 527 4568 2348 109025 151 48756
F4E_CLK 2405 35 35 528 4549 2521 96436 147 40789
F4E_CLK 2370 21 21 527 4589 2520 55434 144 15743
F4E_CLK 2349 35 35 526 4571 2324 95168 135 42599
F4E_CLK 2314 21 21 527 4573 2369 55748 142 15882
F4E_CLK 2293 21 21 527 4530 2358 57191 148 15899
F4E_CLK 2272 26 26 526 4552 2344 68258 145 27225
F4E_CLK 2246 29 29 526 4574 2344 76369 147 30035
F4E_CLK 2217 29 29 528 4587 2316 76342 151 30188
F4E_CLK 2178 8 8 528 4621 2488 21584 149 2500
F4E_CLK 2180 27 27 528 4565 2372 72223 151 28181
F4E_CLK 11880 52 52 526 8654 8299 982598 129 22558
F4E_CLK 10263 64 64 516 8381 8094 1117408 142 29638
F4E_CLK 10565 64 64 517 8142 9066 1130167 90 34199
F4E_CLK 10848 64 64 517 8327 8415 1130494 126 32930
F4E_CLK 10687 64 64 514 8205 8954 1139572 138 48545
F4E_CLK 11213 64 64 515 8244 8883 1143594 135 35866
F4E_CLK 11301 64 64 516 8636 9565 1229471 134 48387
F4E_CLK 10902 64 64 516 8104 9037 1141526 147 63371
F4E_CLK 11467 64 64 516 8677 9182 1234253 135 87211
F4E_CLK 11423 64 64 516 8635 10016 1229710 147 100205
F4E_CLK 11297 64 64 516 8665 9371 1234880 144 112286
F4E_CLK 11258 64 64 515 8280 8885 1147973 146 71838
F4E_CLK 10788 64 64 518 8178 8814 1140708 134 107356
F4E_CLK 10947 64 64 516 8364 8600 1146405 136 81715
F4E_CLK 10555 64 64 515 8236 8868 1142629 92 115375
F4E_CLK 16696 64 64 516 10883 12876 1648082 145 84885
F4E_CLK 7216 64 64 515 6768 6407 849940 147 51989
F4E_CLK 7575 64 64 515 6891 6803 850866 149 42311
F4E_CLK 7759 64 64 516 6854 6618 859145 141 41844
F4E_CLK 18110 64 64 516 11332 12939 1746450 78 80673
F4E_CLK 10683 64 64 515 8241 8702 1142442 131 115333
F4E_CLK 10474 64 64 515 8115 8838 1140192 140 118119
F4E_CLK 10286 64 64 516 8208 8526 1141778 135 77708
F4E_CLK 9904 64 64 516 7660 8075 1052183 147 151451
F4E_CLK 10049 64 64 515 7879 8062 1054698 93 82110
F4E_CLK 9591 64 64 515 7684 8327 1049602 102 153145
F4E_CLK 15814 64 64 515 10568 12286 1573160 142 139690
F4E_CLK 8221 64 64 515 7543 7547 948992 147 67668
F4E_CLK 8361 64 64 515 7447 7309 953532 140 68233
F4E_CLK 8388 64 64 515 7395 7292 946705 78 70643
F4E_CLK 8461 64 64 516 7220 7516 948179 134 60063
F4E_CLK 8314 64 64 517 7274 7515 952539 140 104136
F4E_CLK 8129 64 64 515 6866 6751 866598 148 100688
F4E_CLK 9393 64 64 515 7780 8159 1011110 135 101497
F4E_CLK 11455 64 64 517 8623 8723 1074479 148 68844
F4E_CLK 9738 64 64 517 7845 8395 1053019 127 132101
F4E_CLK 9458 64 64 517 7784 7948 1046086 143 150151
F4E_CLK 9201 64 64 515 7364 7689 969255 94 147763
F4E_CLK 9123 64 64 518 7444 7464 958632 141 146232
F4E_CLK 9051 64 64 517 7205 7335 951549 138 143758
F4E_CLK 8968 64 64 514 7204 7635 955224 82 151544
F4E_CLK 8866 64 64 516 7261 7347 950465 125 151934
F4E_CLK 17248 64 64 518 11052 12572 1653746 149 69570
F4E_CLK 8707 64 64 514 7326 7597 957284 140 72190
F4E_CLK 8768 64 64 516 7481 7667 955681 128 72617
F4E_CLK 8864 64 64 516 7318 7285 957485 134 83161
F4E_CLK 8799 64 64 517 7390 7295 955347 83 100668
F4E_CLK 8533 64 64 518 7261 7280 953249 96 112807
F4E_CLK 8326 64 64 516 7362 7426 954485 153 123045
F4E_CLK 9770 64 64 515 7786 7979 990732 149 58304
F4E_CLK 10103 64 64 515 7817 7109 993391 137 66037
F4E_CLK 8049 64 64 517 6795 6650 872099 85 144586
F4E_CLK 7820 64 64 515 6935 6835 863610 92 146827
F4E_CLK 9488 64 64 515 7723 8129 1027293 93 137495
F4E_CLK 2016 64 64 515 4295 1727 149529 129 110345
F4E_CLK 1948 64 64 516 3978 1992 151768 144 142453
F4E_CLK 8846 49 49 516 7402 4580 674732 139 54627
F4E_CLK 8695 44 44 514 7228 7532 647650 104 71974
F4E_CLK 8616 44 44 518 7234 7491 656652 149 75420
F4E_CLK 8563 29 29 516 7256 7453 435905 147 33420
F4E_CLK 8528 35 35 514 7263 7503 521436 132 43814
F4E_CLK 8480 37 37 516 7477 7434 549038 140 51130
F4E_CLK 8408 34 34 517 7195 7310 499049 145 41362
F4E_CLK 16312 31 30 518 10699 11979 743969 84 25464
F4E_CLK 8742 64 64 518 7211 7703 955755 134 44092
F4E_CLK 8910 64 64 526 7295 7286 955983 94 54808
F4E_CLK 8979 64 64 525 7309 7918 956026 96 58345
F4E_CLK 8902 64 64 526 7351 7509 961642 122 62348
F4E_CLK 8663 64 64 525 7383 7285 948878 93 105847
F4E_CLK 8462 64 64 527 7257 7721 951048 104 116138
F4E_CLK 10281 64 64 527 8154 8752 1102056 91 96901
F4E_CLK 10428 64 64 527 8124 7279 1041100 144 66592
F4E_CLK 8105 64 64 525 6932 6893 862055 148 148481
F4E_CLK 7754 64 64 527 6841 6796 866916 77 143469
F4E_CLK 7690 64 64 526 6812 7181 849578 132 148054
F4E_CLK 9863 64 64 527 7992 8156 992118 87 66490
F4E_CLK 2238 64 64 524 4539 2448 167468 151 120745
F4E_CLK 9743 54 54 525 7884 7667 778273 128 41283
F4E_CLK 7552 44 44 525 6905 6898 594942 152 71352
F4E_CLK 7477 44 41 525 6852 6841 571564 122 63618
F4E_CLK 9321 46 33 525 7810 8234 636056 144 34035
F4E_CLK 2295 64 64 525 4557 2392 168386 142 101329
F4E_CLK 2223 64 64 526 4590 2287 167263 153 141758
F4E_CLK 2193 58 45 535 4676 2512 134038 153 43222
F4E_CLK 2125 33 23 526 4563 2211 67978 130 12092
F4E_CLK 0 0 0 843 486 0 240 84 726
F4E_CLK 0 0 0 534 486 0 240 84 354
F4E_CLK 0 0 0 535 486 0 240 84 357
F4E_CLK 0 0 0 524 486 0 240 84 356
F4E_CLK 0 0 0 831 486 0 240 84 357
F4E_CLK 0 0 0 525 486 0 240 84 355
F4E_CLK 0 0 0 535 486 0 240 84 354
F4E_CLK 0 0 0 536 486 0 240 84 354
F4E_CLK 0 0 0 537 486 0 240 84 357
F4E_CLK 0 0 0 526 486 0 240 84 354
F4E_CLK 0 0 0 525 486 0 240 84 355
F4E_CLK 4530 1 1 525 5520 4285 6647 140 1248
F4E_CLK 10424 64 64 524 8248 8832 1141178 136 33804
F4E_CLK 10874 64 64 525 8293 8416 1136236 136 37849
F4E_CLK 11114 64 64 524 8387 8532 1143302 79 43827
F4E_CLK 11192 64 64 527 8249 8644 1139330 137 31915
F4E_CLK 10812 64 64 525 8321 9008 1141538 84 51396
F4E_CLK 11858 64 64 527 8726 9277 1229240 117 35249
F4E_CLK 11640 64 64 524 8747 9604 1232164 136 59931
F4E_CLK 12013 64 64 525 8624 9354 1225174 144 54431
F4E_CLK 12142 64 64 525 8819 9732 1245559 130 77589
F4E_CLK 12029 64 64 525 8696 9610 1239314 146 74012
F4E_CLK 11705 64 64 526 8536 9882 1240840 132 124431
F4E_CLK 11806 64 64 525 8807 9961 1240410 132 113989
F4E_CLK 11604 64 64 525 8697 9776 1235005 163 93883
F4E_CLK 11512 64 64 525 8688 9570 1234679 149 109410
F4E_CLK 11029 64 64 525 8297 8654 1144152 143 86369
F4E_CLK 19103 64 64 526 11762 14086 1820401 135 51607
F4E_CLK 9473 64 64 525 7600 8570 1047046 138 50077
F4E_CLK 9695 64 64 526 7804 8173 1048807 143 46448
F4E_CLK 21117 64 64 525 12733 15872 2011161 134 48257
F4E_CLK 11427 64 64 525 8573 9763 1236918 138 124027
F4E_CLK 11237 64 64 525 8377 9202 1150424 143 118314
F4E_CLK 10901 64 64 526 8279 8835 1145721 131 150561
F4E_CLK 10812 64 64 525 8178 8745 1146776 139 104121
F4E_CLK 10133 64 64 528 7927 8242 1055141 138 151120
F4E_CLK 10485 64 64 527 8284 8773 1145980 146 135013
F4E_CLK 9751 64 64 527 7746 8455 1055796 135 146408
F4E_CLK 19569 64 64 526 12299 14463 1881848 135 67357
F4E_CLK 10426 64 64 527 8154 9055 1146265 99 74433
F4E_CLK 10538 64 64 524 8273 8878 1142057 146 69250
F4E_CLK 10544 64 64 525 8258 8792 1141990 141 80689
F4E_CLK 10601 64 64 526 8171 8968 1142207 148 98599
F4E_CLK 10457 64 64 527 8202 8887 1140425 151 113597
F4E_CLK 10221 64 64 528 7949 8405 1063052 131 110813
F4E_CLK 12351 64 64 527 9219 10033 1228461 150 59794
F4E_CLK 12795 64 64 527 9165 8302 1255920 140 61343
F4E_CLK 10090 64 64 527 7820 8288 1063836 136 140991
F4E_CLK 9770 64 64 527 7715 7995 1044784 132 148057
F4E_CLK 9504 64 64 527 7852 7787 1046710 143 153473
F4E_CLK 9313 64 64 528 7776 8096 1052750 144 151557
F4E_CLK 9183 64 64 529 7364 7527 956640 146 148227
F4E_CLK 9106 64 64 524 7582 7331 951963 140 138881
F4E_CLK 9033 64 64 527 7444 7165 962600 87 148058
F4E_CLK 19674 64 64 526 12188 14851 1904903 147 46865
F4E_CLK 10883 64 64 527 8088 9137 1146205 145 73177
F4E_CLK 10999 64 64 527 8069 8767 1144411 134 65504
F4E_CLK 11040 64 64 527 8221 8829 1150300 150 69979
F4E_CLK 10855 64 64 529 8187 9018 1150115 89 128094
F4E_CLK 10575 64 64 526 8129 9244 1145595 144 127648
F4E_CLK 10317 64 64 527 8133 8947 1140263 146 130431
F4E_CLK 12347 64 64 525 9307 10025 1183965 127 66765
F4E_CLK 12957 64 64 528 9128 9530 1301605 134 103464
F4E_CLK 9897 64 64 529 7888 7903 1052685 138 144294
F4E_CLK 9457 64 64 527 7821 7792 1053284 149 144557
F4E_CLK 12211 64 64 527 8847 9480 1191953 95 73564
F4E_CLK 2931 64 64 527 4534 2421 322082 97 84642
F4E_CLK 2988 55 55 527 4890 2714 247944 137 75669
F4E_CLK 8933 35 35 527 7294 7327 524318 87 43611
F4E_CLK 8854 21 21 528 7199 7656 313355 153 18447
F4E_CLK 8833 21 21 527 7399 7256 317813 131 17042
F4E_CLK 8811 27 27 527 7254 7607 404555 145 27817
F4E_CLK 8777 15 15 527 7428 7370 223512 147 9557
F4E_CLK 8762 22 22 526 7345 7528 327822 138 20176
F4E_CLK 8732 15 15 527 7180 7787 220193 133 9803
F4E_CLK 19334 35 35 527 11802 14061 1001102 137 14047
F4E_CLK 10957 64 64 525 8241 9397 1147024 135 48699
F4E_CLK 11044 64 64 529 8192 8991 1142451 133 54507
F4E_CLK 11094 64 64 529 8189 8766 1140038 148 75933
F4E_CLK 11085 64 64 525 8307 8688 1145454 138 106077
F4E_CLK 10693 64 64 527 8340 8945 1145461 150 107447
F4E_CLK 10366 64 64 526 8198 8913 1144478 147 107056
F4E_CLK 12676 64 64 526 9205 10296 1262593 138 53847
F4E_CLK 13263 64 64 527 9121 9189 1269761 91 66753
F4E_CLK 9773 64 64 528 7803 7935 1057202 119 146000
F4E_CLK 9511 64 64 527 7708 8321 1052433 146 149723
F4E_CLK 12121 64 64 527 8736 9473 1227745 98 132193
F4E_CLK 3206 64 64 528 5064 3438 399093 139 106021
F4E_CLK 3126 64 64 527 5015 2993 377708 107 143627
F4E_CLK 9358 44 44 527 7737 5580 651033 147 44831
F4E_CLK 9124 30 30 528 7340 7451 449838 111 34227
F4E_CLK 9094 20 19 527 7393 7186 282119 99 13870
F4E_CLK 12201 51 43 527 8790 9481 863739 98 28459
F4E_CLK 3190 64 64 527 5005 3260 391714 151 107975
F4E_CLK 3090 56 56 537 5239 2968 291951 148 78673
F4E_CLK 3046 57 36 537 4593 2919 200998 92 33364
F4E_CLK 217 14 10 537 3157 855 17334 164 3974
F4E_CLK 0 0 0 527 486 0 240 84 352
F4E_CLK 0 0 0 537 486 0 240 84 355
F4E_CLK 0 0 0 529 486 0 240 84 352
F4E_CLK 0 0 0 857 486 0 240 84 352
F4E_CLK 0 0 0 537 486 0 240 84 356
F4E_CLK 0 0 0 537 486 0 240 84 356
F4E_CLK 0 0 0 526 486 0 240 84 356
F4E_CLK 10861 63 63 528 8214 8975 1121011 148 38992
F4E_CLK 11002 64 64 528 8313 8643 1143699 137 53399
F4E_CLK 11051 64 64 528 8269 8715 1146089 135 51053
F4E_CLK 11041 64 64 525 8326 8950 1147036 91 61553
F4E_CLK 10826 64 64 524 8314 8795 1144755 89 103444
F4E_CLK 10433 64 64 525 8209 8710 1136553 144 120611
F4E_CLK 13426 64 64 526 9568 10570 1378437 147 117196
F4E_CLK 13225 64 64 528 9287 9299 1214096 151 70783
F4E_CLK 10104 64 64 526 7880 8164 1052185 82 151796
F4E_CLK 9355 64 64 526 7797 8314 1044031 140 143609
F4E_CLK 9243 64 64 525 7953 7914 1048279 134 149357
F4E_CLK 12604 64 64 524 8958 10388 1228889 92 59653
F4E_CLK 3412 64 64 526 5004 3302 412096 145 91631
F4E_CLK 3361 39 39 536 5058 3301 212658 147 34586
F4E_CLK 9156 28 28 527 7384 7825 420315 129 31627
F4E_CLK 9096 15 15 525 7333 7640 224115 137 9104
F4E_CLK 9062 11 11 526 7275 7308 164256 137 6140
F4E_CLK 8024 62 62 526 7010 6253 788852 89 79475
F4E_CLK 3374 64 64 526 5052 3314 412779 154 146517
F4E_CLK 3341 36 36 536 5085 3619 195124 124 28045
F4E_CLK 3127 29 19 536 5038 3172 82964 84 11263
F4E_CLK 0 0 0 830 486 0 240 84 744
F4E_CLK 0 0 0 535 486 0 240 84 352
F4E_CLK 0 0 0 536 486 0 240 84 355
F4E_CLK 3422 55 55 526 5079 3307 354992 149 66092
F4E_CLK 3371 64 64 536 5071 3236 410824 132 145178
F4E_CLK 3361 33 33 535 5110 3336 172272 92 25406
F4E_CLK 2931 29 17 536 4570 2948 69320 118 9911
F4E_CLK 273 11 11 535 3009 1075 16448 158 5655
F4E_CLK 199 7 2 536 2840 1004 6778 144 579
F4E_CLK 0 0 0 526 486 0 240 84 354
F4E_CLK 0 0 0 535 486 0 240 84 355
F4E_CLK 0 0 0 525 486 0 240 84 356
F4E_CLK 0 0 0 535 486 0 240 84 355
F4E_CLK 0 0 0 526 486 0 240 84 356
F4E_CLK 0 0 0 527 486 0 240 84 353
F4E_CLK 0 0 0 815 486 0 240 84 356
F4E_CLK 0 0 0 536 486 0 240 84 354
F4E_CLK 0 0 0 537 486 0 240 84 354
F4E_CLK 0 0 0 536 486 0 240 84 355
F4E_CLK 0 0 0 526 486 0 240 84 355
F4E_CLK 10139 15 15 527 7794 8385 246254 146 5584
F4E_CLK 11288 64 64 526 8740 9297 1228331 145 30523
F4E_CLK 11761 64 64 526 8743 9179 1228513 140 32583
F4E_CLK 11830 64 64 527 8583 9142 1232286 94 46511
F4E_CLK 12038 64 64 528 8667 9518 1231167 135 37332
F4E_CLK 12168 64 64 526 8583 9567 1239118 87 52348
F4E_CLK 12594 64 64 527 9051 10208 1325329 88 39244
F4E_CLK 12285 64 64 526 8934 9674 1242722 134 46610
F4E_CLK 12703 64 64 525 9116 10093 1324057 146 52444
F4E_CLK 12806 64 64 525 9130 10647 1340803 79 74559
F4E_CLK 12650 64 64 527 9186 10479 1335466 135 69134
F4E_CLK 12529 64 64 525 9247 10324 1332371 147 88285
F4E_CLK 12325 64 64 525 9102 10142 1331215 132 119727
F4E_CLK 12262 64 64 524 8778 9832 1246084 145 70909
F4E_CLK 12054 64 64 527 8795 9753 1241502 92 118319
F4E_CLK 11515 64 64 526 8721 9605 1239118 151 104277
F4E_CLK 21593 64 64 524 13350 16549 2066288 134 41346
F4E_CLK 11847 64 64 523 8634 9504 1239595 101 45688
F4E_CLK 12172 64 64 525 8681 9765 1243317 143 45491
F4E_CLK 24101 64 64 524 14070 17758 2274614 146 47721
F4E_CLK 11997 64 64 524 8716 9340 1249027 148 103874
F4E_CLK 11816 64 64 527 8783 9610 1244506 150 94288
F4E_CLK 11583 64 64 528 8681 9733 1235662 141 133738
F4E_CLK 11403 64 64 526 8664 9815 1241109 149 150994
F4E_CLK 11243 64 64 524 8360 8945 1152480 154 109161
F4E_CLK 10972 64 64 525 8228 8994 1158463 136 149330
F4E_CLK 10355 64 64 527 8248 8877 1141605 153 148345
F4E_CLK 22442 64 64 527 13418 15878 2096017 143 54248
F4E_CLK 12759 64 64 527 9117 10523 1336747 98 63296
F4E_CLK 12849 64 64 526 9141 10306 1340011 149 70268
F4E_CLK 12895 64 64 525 9105 10331 1336567 138 76496
F4E_CLK 12832 64 64 528 9105 10399 1340457 149 105956
F4E_CLK 12642 64 64 527 9269 10314 1337663 139 89945
F4E_CLK 12433 64 64 528 8967 10932 1335027 153 102196
F4E_CLK 15457 64 64 529 10507 12425 1454838 94 58665
F4E_CLK 14525 64 64 527 9952 9560 1454395 150 75540
F4E_CLK 10581 64 64 527 8243 8735 1154941 117 149504
F4E_CLK 10309 64 64 529 8157 8818 1142274 146 152754
F4E_CLK 10060 64 64 527 7837 8310 1047563 141 145403
F4E_CLK 9820 64 64 527 7832 8172 1053282 147 146141
F4E_CLK 9718 64 64 529 7723 8335 1052988 146 156809
F4E_CLK 9638 64 64 529 7872 7963 1055206 135 145415
F4E_CLK 9565 64 64 528 7833 8170 1053492 96 145533
F4E_CLK 21349 64 64 527 12902 15140 2040607 148 56654
F4E_CLK 13152 64 64 527 9069 10202 1340820 145 71887
F4E_CLK 13251 64 64 527 9107 10401 1338641 142 63896
F4E_CLK 13193 64 64 526 9138 10533 1337402 142 65103
F4E_CLK 12989 64 64 526 9221 10207 1345749 150 117615
F4E_CLK 12727 64 64 527 9157 10381 1337312 144 129278
F4E_CLK 16173 64 64 526 10543 12627 1594341 96 123187
F4E_CLK 14895 64 64 526 10033 9679 1402631 150 85234
F4E_CLK 12421 64 64 525 9242 10478 1334841 145 137002
F4E_CLK 11922 64 64 526 8591 9825 1248348 91 148594
F4E_CLK 11587 64 64 527 8636 9572 1244301 147 149008
F4E_CLK 15511 64 64 526 10433 12540 1496825 135 67025
F4E_CLK 4112 64 64 526 5495 3765 527304 142 95738
F4E_CLK 4224 41 41 526 5499 3924 306941 134 39991
F4E_CLK 9452 35 35 527 7723 8130 572384 150 47233
F4E_CLK 9409 21 21 527 7793 8238 338227 153 18967
F4E_CLK 9387 28 28 526 7692 8215 455537 141 31610
F4E_CLK 9352 21 21 527 7704 8328 335324 153 17867
F4E_CLK 9322 15 15 525 7810 7981 241369 151 9265
F4E_CLK 9303 21 21 527 7808 8053 338071 130 18725
F4E_CLK 9247 15 15 527 8157 7915 242810 131 11163
F4E_CLK 22199 49 49 528 13163 15692 1604050 94 23245
F4E_CLK 13224 64 64 526 9183 10190 1340579 148 48884
F4E_CLK 13300 64 64 527 9229 10352 1341663 151 65398
F4E_CLK 13339 64 64 527 10110 10726 1423760 146 69849
F4E_CLK 13223 64 64 528 9315 10329 1344072 106 111004
F4E_CLK 12785 64 64 527 9147 10416 1335211 84 96525
F4E_CLK 12481 64 64 529 9147 10386 1328767 149 114726
F4E_CLK 15665 64 64 527 10410 12547 1524959 144 50638
F4E_CLK 16446 64 64 528 10947 11383 1604707 144 88133
F4E_CLK 11544 64 64 528 8674 9661 1239458 147 150151
F4E_CLK 11199 64 64 527 8360 8690 1149738 136 144302
F4E_CLK 15475 64 64 527 10482 11897 1537867 134 83838
F4E_CLK 4388 64 64 527 5551 4061 542739 146 88848
F4E_CLK 4580 62 62 529 5512 4382 487812 87 96483
F4E_CLK 11053 36 36 527 8329 8752 646465 132 48317
F4E_CLK 10997 28 28 528 8321 8809 504956 144 31359
F4E_CLK 10969 30 30 525 8060 8721 536363 128 35038
F4E_CLK 15149 46 44 527 9979 11871 980336 93 33202
F4E_CLK 4379 64 64 527 5499 4260 543458 147 123611
F4E_CLK 4338 54 54 538 5509 4187 422864 102 72029
F4E_CLK 4292 48 34 537 5679 4066 278704 136 25650
F4E_CLK 0 0 0 837 486 0 240 84 741
F4E_CLK 0 0 0 538 486 0 240 84 352
F4E_CLK 0 0 0 525 486 0 240 84 355
F4E_CLK 0 0 0 538 486 0 240 84 353
F4E_CLK 0 0 0 528 486 0 240 84 352
F4E_CLK 0 0 0 537 486 0 240 84 352
F4E_CLK 0 0 0 834 486 0 240 84 354
F4E_CLK 12629 13 13 528 9144 10364 268936 146 5329
F4E_CLK 13160 64 64 528 9182 10584 1339799 131 44659
F4E_CLK 13306 64 64 527 9104 10500 1340734 134 44402
F4E_CLK 13330 64 64 527 9733 10571 1421364 134 53412
F4E_CLK 13269 64 64 525 9059 10492 1336710 134 76221
F4E_CLK 12942 64 64 528 9151 10603 1341293 136 112085
F4E_CLK 12572 64 64 530 9074 10669 1327497 146 97652
F4E_CLK 16389 64 64 528 11196 13091 1580369 145 81651
F4E_CLK 16709 64 64 529 10981 11351 1574583 144 60218
F4E_CLK 11911 64 64 528 8623 9900 1242856 100 156142
F4E_CLK 11211 64 64 527 8328 8763 1157626 94 151257
F4E_CLK 11092 64 64 528 8267 8661 1144580 98 151566
F4E_CLK 15611 64 64 529 10583 12452 1460630 146 76960
F4E_CLK 4593 64 64 527 5605 4352 538669 82 121711
F4E_CLK 14860 29 29 527 10111 10189 561897 138 15492
F4E_CLK 10949 24 24 527 8306 8550 431348 138 23164
F4E_CLK 10683 17 17 530 8163 8951 300848 150 14286
F4E_CLK 15208 21 21 527 10007 11355 468310 89 8893
F4E_CLK 4635 64 64 528 5492 4572 534460 139 91344
F4E_CLK 4792 64 64 538 5516 4193 518017 94 121331
F4E_CLK 4419 36 24 538 5570 2747 219373 121 16828
F4E_CLK 3416 27 17 539 5071 3251 80272 135 11811
F4E_CLK 0 0 0 833 486 0 240 84 745
F4E_CLK 0 0 0 835 486 0 240 84 353
F4E_CLK 4383 5 5 537 5417 4302 41420 149 2467
F4E_CLK 4618 64 64 528 5484 4655 533856 134 91388
F4E_CLK 4678 64 64 537 5554 4427 533187 146 146561
F4E_CLK 4443 21 21 537 5506 3088 141886 154 11744
F4E_CLK 2437 25 15 538 4578 2510 49713 110 8256
F4E_CLK 403 25 13 530 3209 1047 30098 188 6872
F4E_CLK 0 0 0 528 486 0 240 84 355
F4E_CLK 0 0 0 854 486 0 240 84 353
F4E_CLK 0 0 0 527 486 0 240 84 355
F4E_CLK 0 0 0 538 486 0 240 84 354
F4E_CLK 0 0 0 538 486 0 240 84 352
F4E_CLK 0 0 0 529 486 0 240 84 354
F4E_CLK 0 0 0 539 486 0 240 84 353
F4E_CLK 12148 6 6 528 8819 9376 113594 94 1915
F4E_CLK 13189 64 64 527 9118 10476 1338066 141 43146
F4E_CLK 13337 64 64 529 9710 10735 1425695 139 46040
F4E_CLK 13358 64 64 529 9645 10611 1426130 149 49873
F4E_CLK 13284 64 64 527 9366 10173 1344641 135 59724
F4E_CLK 13045 64 64 530 8912 10644 1341185 81 102867
F4E_CLK 12672 64 64 526 9204 10605 1332037 143 101903
F4E_CLK 17018 64 64 530 10732 13560 1645179 152 100788
F4E_CLK 17101 64 64 525 11033 10879 1581648 147 62328
F4E_CLK 12156 64 64 527 8796 9802 1247703 85 148188
F4E_CLK 11243 64 64 528 8336 8896 1163165 95 146824
F4E_CLK 10933 64 64 526 8240 9016 1148990 133 149329
F4E_CLK 15761 64 64 529 10566 12441 1517540 104 64020
F4E_CLK 4857 64 64 527 5656 4075 542190 94 107479
F4E_CLK 4895 32 32 535 5573 4237 240223 151 23797
F4E_CLK 10813 28 28 528 8231 8947 500772 148 30437
F4E_CLK 10762 16 16 528 8195 9099 288030 143 11317
F4E_CLK 15230 16 15 528 10240 11776 351857 96 7482
F4E_CLK 4893 64 64 528 5535 4528 547625 142 89128
F4E_CLK 4781 64 64 528 5571 4140 545872 131 150399
F4E_CLK 4750 36 30 538 5580 3392 243212 151 19444
F4E_CLK 4154 28 18 537 5527 3850 125050 124 12302
F4E_CLK 0 0 0 862 486 0 240 84 724
F4E_CLK 0 0 0 529 486 0 240 84 352
F4E_CLK 0 0 0 528 486 0 240 84 356
F4E_CLK 4881 62 62 540 5523 4276 524936 137 75047
F4E_CLK 4788 64 64 527 5588 4360 543052 84 145947
F4E_CLK 4772 27 27 526 5682 4216 198728 149 15580
F4E_CLK 3659 27 16 527 5274 3159 94788 145 11033
F4E_CLK 454 18 12 526 3193 866 22716 207 7022
F4E_CLK 203 4 1 526 2776 996 3520 164 466
F4E_CLK 0 0 0 517 486 0 240 84 354
F4E_CLK 0 0 0 517 486 0 240 84 352
F4E_CLK 4799 18 18 527 5438 4211 152172 99 8479
F4E_CLK 4847 64 64 516 5543 4103 540721 93 90094
F4E_CLK 4956 62 62 527 5613 4154 500152 94 97345
F4E_CLK 4323 21 11 526 5576 4123 115525 134 6388
F4E_CLK 469 24 14 525 3161 1334 29183 210 7212
F4E_CLK 468 36 13 516 3305 1417 39284 212 6311
F4E_CLK 0 0 0 516 486 0 240 84 355
F4E_CLK 468 48 13 527 3256 934 47970 226 6984
F4E_CLK 0 0 0 515 486 0 240 84 355
F4E_CLK 0 0 0 844 486 0 240 84 354
F4E_CLK 0 0 0 527 486 0 240 84 353
F4E_CLK 0 0 0 517 486 0 240 84 355
F4E_CLK 0 0 0 516 486 0 240 84 355
F4E_CLK 0 0 0 517 486 0 240 84 354
F4E_CLK 0 0 0 527 486 0 240 84 354
F4E_CLK 0 0 0 526 486 0 240 84 354
F4E_CLK 0 0 0 516 486 0 240 84 355
F4E_CLK 0 0 0 837 486 0 240 84 353
F4E_CLK 0 0 0 516 486 0 240 84 355
F4E_CLK 0 0 0 528 486 0 240 84 352
F4E_CLK 11734 56 56 518 8780 9538 1077116 131 29419
F4E_CLK 12215 64 64 518 8702 10119 1240470 98 36616
F4E_CLK 12558 64 64 515 9045 10686 1324415 148 39527
F4E_CLK 12843 64 64 517 9132 10331 1330619 137 31645
F4E_CLK 12617 64 64 517 9048 10696 1331051 144 43818
F4E_CLK 13273 64 64 514 9131 10141 1326211 135 33017
F4E_CLK 13112 64 64 518 9066 10564 1330513 138 49935
F4E_CLK 13385 64 64 515 9507 11243 1412574 145 55796
F4E_CLK 13572 64 64 518 9641 10818 1425363 147 93647
F4E_CLK 13504 64 64 516 9571 11042 1425731 144 87782
F4E_CLK 13255 64 64 514 9132 10411 1340906 147 118484
F4E_CLK 13238 64 64 516 9261 10295 1339770 75 98746
F4E_CLK 12689 64 64 516 9087 10405 1333786 135 116226
F4E_CLK 12987 64 64 516 9206 10477 1340237 137 105389
F4E_CLK 12505 64 64 516 8975 10472 1332911 148 95774
F4E_CLK 25288 64 64 516 14476 17391 2355745 150 61478
F4E_CLK 14103 64 64 517 9557 11393 1437728 150 52483
F4E_CLK 14382 64 64 515 10125 11491 1521736 144 44547
F4E_CLK 14584 64 64 516 9974 11669 1520902 135 50367
F4E_CLK 22766 64 64 516 13469 16273 2197733 151 122910
F4E_CLK 12649 64 64 517 9176 10590 1333568 96 135275
F4E_CLK 12429 64 64 517 9071 10497 1339832 137 150415
F4E_CLK 12238 64 64 517 8808 9595 1254498 120 84676
F4E_CLK 11622 64 64 518 8642 9818 1245048 94 149307
F4E_CLK 11870 64 64 516 8613 9829 1245796 133 101082
F4E_CLK 11312 64 64 515 8634 9277 1238771 146 144030
F4E_CLK 25319 64 64 515 14679 17918 2350290 94 86895
F4E_CLK 15189 64 64 518 10135 11511 1532055 133 75798
F4E_CLK 15338 64 64 517 10249 11518 1536095 141 63281
F4E_CLK 15328 64 64 517 10142 11843 1531310 115 76386
F4E_CLK 15388 64 64 516 10655 12411 1622685 128 80956
F4E_CLK 15245 64 64 518 10199 11820 1531558 135 115280
F4E_CLK 15018 64 64 517 10110 11766 1529791 93 93713
F4E_CLK 19789 64 64 516 12355 14844 1901874 145 72458
F4E_CLK 16756 64 64 517 10883 11189 1617957 147 56345
F4E_CLK 11370 64 64 517 8824 9686 1239409 145 133349
F4E_CLK 11062 64 64 517 8321 8564 1153655 129 150962
F4E_CLK 10801 64 64 525 8171 8749 1143562 139 149725
F4E_CLK 10519 64 64 527 8100 9303 1142343 134 148486
F4E_CLK 10320 64 64 527 8112 8815 1142266 149 145717
F4E_CLK 10200 64 64 528 7959 8008 1058039 135 149473
F4E_CLK 10116 64 64 530 7651 8153 1054736 94 146822
F4E_CLK 25380 64 64 525 14700 17513 2359806 98 50650
F4E_CLK 15658 64 64 528 10471 12601 1625098 93 67734
F4E_CLK 15704 64 64 529 10584 12506 1624285 150 79541
F4E_CLK 15837 64 64 528 10471 12653 1621232 133 78710
F4E_CLK 15699 64 64 526 10328 12739 1624785 144 120955
F4E_CLK 15322 64 64 525 9862 11749 1534131 87 114852
F4E_CLK 14929 64 64 526 9888 11920 1530701 140 118455
F4E_CLK 19579 64 64 527 12176 15418 1865892 142 59404
F4E_CLK 20401 64 64 528 12716 13423 1934920 97 78315
F4E_CLK 14490 64 64 527 9828 12037 1528062 149 143723
F4E_CLK 13963 64 64 528 9588 10999 1441442 139 150431
F4E_CLK 19332 64 64 528 11752 14324 1844382 91 96308
F4E_CLK 5651 64 64 529 5951 5293 650419 116 93991
F4E_CLK 6025 64 64 527 6187 5003 629199 148 105234
F4E_CLK 9879 29 29 528 7721 8214 479528 94 33101
F4E_CLK 9850 27 27 527 7590 8417 449914 93 28982
F4E_CLK 9821 21 21 527 7708 8105 344721 145 19655
F4E_CLK 9793 18 18 527 7656 8371 295973 145 14838
F4E_CLK 9775 22 22 528 7825 8239 358808 149 19411
F4E_CLK 9753 22 22 528 7794 8481 363157 106 20263
F4E_CLK 9722 16 16 529 7821 8247 259739 135 11002
F4E_CLK 24851 27 27 529 14647 17684 984310 143 12112
F4E_CLK 15658 64 64 528 10427 12611 1621114 136 45499
F4E_CLK 15762 64 64 530 10562 12641 1620373 130 46072
F4E_CLK 15799 64 64 529 10476 12497 1617678 131 62734
F4E_CLK 15780 64 64 526 10415 12761 1623155 142 84388
F4E_CLK 15355 64 64 527 10251 11859 1530372 123 120311
F4E_CLK 15003 64 64 528 10134 11409 1525032 149 101202
F4E_CLK 19758 64 64 527 12423 14445 1898044 149 71337
F4E_CLK 20452 64 64 528 12370 12750 1889453 139 55336
F4E_CLK 14238 64 64 529 9631 10847 1441050 147 149872
F4E_CLK 13503 64 64 529 9587 11172 1430827 149 146654
F4E_CLK 13312 64 64 528 9127 10320 1344908 135 141002
F4E_CLK 18283 64 64 528 11608 12676 1677376 145 90001
F4E_CLK 5854 64 64 527 5972 5025 654449 140 134039
F4E_CLK 18805 44 44 527 11838 12794 1131646 145 30525
F4E_CLK 12746 34 34 527 9158 10187 709185 145 41307
F4E_CLK 12644 25 24 529 9272 10299 500375 140 25830
F4E_CLK 18480 42 34 528 11758 13771 1044168 146 22435
F4E_CLK 5924 64 64 528 6152 5040 661791 131 87765
F4E_CLK 6085 64 64 537 6264 4841 626841 139 107748
F4E_CLK 5635 49 31 538 5900 4665 396678 156 32375
F4E_CLK 549 24 16 535 3247 1028 30838 263 9878
F4E_CLK 0 0 0 832 486 0 240 84 354
F4E_CLK 0 0 0 538 486 0 240 84 355
F4E_CLK 0 0 0 525 486 0 240 84 357
F4E_CLK 0 0 0 537 486 0 240 84 357
F4E_CLK 0 0 0 537 486 0 240 84 355
F4E_CLK 0 0 0 537 486 0 240 84 353
F4E_CLK 0 0 0 538 486 0 240 84 355
F4E_CLK 15457 54 54 527 10544 12277 1360996 145 32431
F4E_CLK 15670 64 64 529 10331 12631 1622778 141 58169
F4E_CLK 15778 64 64 528 10615 12235 1619977 142 51348
F4E_CLK 15792 64 64 528 10419 12505 1618106 98 57584
F4E_CLK 15568 64 64 527 10541 12236 1617383 144 105089
F4E_CLK 15090 64 64 525 10112 11839 1528969 88 109958
F4E_CLK 14677 64 64 529 10118 11724 1513531 93 122447
F4E_CLK 15837 64 64 527 10603 11980 1512400 94 62031
F4E_CLK 19895 64 64 527 12162 13297 1948481 143 131415
F4E_CLK 13450 64 64 517 9604 11400 1424071 144 142674
F4E_CLK 12894 64 64 516 9127 10268 1340763 143 146951
F4E_CLK 18939 64 64 516 11611 14994 1799088 99 63623
F4E_CLK 6149 64 64 518 6503 5858 750000 130 88304
F4E_CLK 6420 48 48 525 6380 6058 522070 90 56215
F4E_CLK 12727 24 24 516 9120 10623 500948 136 21940
F4E_CLK 12703 15 15 517 9041 10569 311775 92 9684
F4E_CLK 12688 14 14 516 8994 10431 290799 136 8690
F4E_CLK 15663 54 54 515 10475 12170 1273008 91 54891
F4E_CLK 6120 64 64 516 6084 5244 672479 93 131940
F4E_CLK 6018 43 43 525 5991 4788 415389 145 43583
F4E_CLK 5920 33 21 526 6025 4899 228527 137 13630
F4E_CLK 0 0 0 835 486 0 240 84 740
F4E_CLK 0 0 0 515 486 0 240 84 354
F4E_CLK 0 0 0 525 486 0 240 84 356
F4E_CLK 6096 46 46 517 6086 5107 476211 132 42053
F4E_CLK 6069 64 64 525 6094 5082 656938 97 130691
F4E_CLK 6040 41 41 526 6149 4858 385239 147 37630
F4E_CLK 5663 31 18 527 5861 5573 198287 112 12035
F4E_CLK 451 2 2 527 3076 1248 2857 208 975
F4E_CLK 596 33 11 527 3368 1153 35069 265 5817
F4E_CLK 0 0 0 526 486 0 240 84 355
F4E_CLK 0 0 0 526 486 0 240 84 355
F4E_CLK 0 0 0 527 486 0 240 84 355
F4E_CLK 0 0 0 835 486 0 240 84 355
F4E_CLK 0 0 0 527 486 0 240 84 354
F4E_CLK 0 0 0 517 486 0 240 84 354
F4E_CLK 0 0 0 518 486 0 240 84 354
F4E_CLK 15481 47 47 517 10412 12479 1183016 145 24471
F4E_CLK 15705 64 64 515 10442 12313 1617267 136 49978
F4E_CLK 15801 64 64 515 10617 12683 1618775 149 51508
F4E_CLK 15822 64 64 516 10435 12502 1619321 94 59500
F4E_CLK 15654 64 64 517 10487 12829 1621070 136 110651
F4E_CLK 15214 64 64 516 10084 11715 1533194 85 104275
F4E_CLK 14814 64 64 516 10162 11749 1521261 94 100786
F4E_CLK 19281 64 64 516 11883 14116 1720854 92 61601
F4E_CLK 20750 64 64 516 12667 14839 1994998 150 110934
F4E_CLK 13733 64 64 517 9650 11074 1438298 131 142650
F4E_CLK 12971 64 64 514 9159 10093 1353269 138 151701
F4E_CLK 19295 64 64 516 11842 14259 1816374 98 66218
F4E_CLK 6422 64 64 517 6268 6282 758855 144 85259
F4E_CLK 6852 55 55 526 6534 6269 618743 100 75796
F4E_CLK 12798 21 21 517 9129 10332 434186 129 20001
F4E_CLK 12776 15 15 516 9194 10386 310018 141 10103
F4E_CLK 12762 17 17 517 9243 10133 353826 134 13760
F4E_CLK 15886 47 47 514 10458 12403 1111250 99 41925
F4E_CLK 6390 64 64 517 6349 6076 747575 147 125692
F4E_CLK 6342 48 48 526 6361 6018 519723 147 51101
F4E_CLK 6280 37 23 525 6442 5702 289234 139 12857
F4E_CLK 0 0 0 878 486 0 240 84 720
F4E_CLK 0 0 0 517 486 0 240 84 354
F4E_CLK 0 0 0 526 486 0 240 84 354
F4E_CLK 6343 39 39 526 6368 5894 458187 144 30851
F4E_CLK 6329 64 64 517 6305 5876 750164 146 115415
F4E_CLK 6231 43 43 525 6463 5715 465983 141 41803
F4E_CLK 6077 38 23 526 6092 5197 270843 102 12081
F4E_CLK 0 0 0 834 486 0 240 84 746
F4E_CLK 650 36 13 528 3329 1255 40464 301 7958
F4E_CLK 0 0 0 517 486 0 240 84 355
F4E_CLK 0 0 0 516 486 0 240 84 354
F4E_CLK 0 0 0 526 486 0 240 84 355
F4E_CLK 6369 59 59 526 6340 5999 696709 134 65952
F4E_CLK 6278 64 64 525 6374 6074 745856 151 136542
F4E_CLK 6125 29 29 526 6191 5502 267183 145 20082
F4E_CLK 5456 29 17 536 5974 5038 182045 146 11229
F4E_CLK 663 15 12 534 3430 1125 23228 278 5612
F4E_CLK 322 4 1 526 2889 1470 3497 177 498
F4E_CLK 663 41 13 537 3396 1244 44946 273 5901
F4E_CLK 0 0 0 536 486 0 240 84 354
F4E_CLK 0 0 0 537 486 0 240 84 353
F4E_CLK 0 0 0 527 486 0 240 84 355
F4E_CLK 0 0 0 525 486 0 240 84 355
F4E_CLK 0 0 0 848 486 0 240 84 353
F4E_CLK 0 0 0 535 486 0 240 84 353
F4E_CLK 0 0 0 537 486 0 240 84 353
F4E_CLK 14772 10 10 525 9987 12141 235747 94 3279
F4E_CLK 15642 64 64 526 10417 12463 1619873 150 43276
F4E_CLK 15788 64 64 526 10490 12276 1619541 97 44946
F4E_CLK 15840 64 64 525 10458 12603 1620734 93 54135
F4E_CLK 15785 64 64 527 10540 12617 1621968 140 66910
F4E_CLK 15520 64 64 525 10357 12570 1617627 146 102603
F4E_CLK 15117 64 64 526 9796 11784 1523822 151 101754
F4E_CLK 21053 64 64 525 13016 15809 1974912 86 87311
F4E_CLK 21179 64 64 528 12694 13263 1914435 89 58869
F4E_CLK 14400 64 64 525 9993 11507 1523556 142 148757
F4E_CLK 13406 64 64 525 9476 11019 1427550 133 147521
F4E_CLK 13016 64 64 524 9334 10366 1346031 94 151252
F4E_CLK 19558 64 64 527 12138 15564 1811704 149 70376
F4E_CLK 6631 64 64 526 6401 5842 754998 136 108856
F4E_CLK 13252 29 29 524 9160 9333 514199 134 18371
F4E_CLK 12868 27 27 527 9010 10199 567743 144 30189
F4E_CLK 12841 17 17 525 9175 10267 354686 135 12764
F4E_CLK 19364 18 18 525 11703 14269 503320 165 8170
F4E_CLK 6679 64 64 526 6227 6066 755549 117 86217
F4E_CLK 7155 64 64 526 6639 5982 745101 142 132918
F4E_CLK 6402 36 27 534 6500 4009 341429 117 18657
F4E_CLK 4995 27 17 536 5724 4514 155643 156 11765
F4E_CLK 0 0 0 839 486 0 240 84 743
F4E_CLK 0 0 0 527 486 0 240 84 353
F4E_CLK 4911 2 2 536 5610 4295 15855 140 1338
F4E_CLK 6662 64 64 527 6327 6347 760375 133 86905
F4E_CLK 6539 64 64 534 6422 6338 752194 139 149460
F4E_CLK 6427 23 23 536 6284 6217 231445 148 12970
F4E_CLK 4975 27 16 535 5722 4205 146130 130 10647
F4E_CLK 715 22 13 535 3488 1055 29679 271 7135
F4E_CLK 0 0 0 525 486 0 240 84 354
F4E_CLK 0 0 0 535 486 0 240 84 355
F4E_CLK 0 0 0 537 486 0 240 84 355
F4E_CLK 6586 22 22 537 6430 6112 260252 144 11547
F4E_CLK 6623 64 64 526 6557 5984 758131 134 87161
F4E_CLK 6770 58 58 537 6337 6219 640140 96 83481
F4E_CLK 6405 25 15 534 6507 6139 219490 95 6941
F4E_CLK 724 17 10 535 3398 1308 22248 261 4485
F4E_CLK 728 36 13 525 3537 1172 39913 264 6897
F4E_CLK 682 4 4 536 3334 1140 6237 288 1096
F4E_CLK 722 38 9 537 3423 1158 38940 265 3297
F4E_CLK 0 0 0 533 486 0 240 84 355
F4E_CLK 0 0 0 536 486 0 240 84 352
F4E_CLK 0 0 0 536 486 0 240 84 354
F4E_CLK 6646 56 56 535 6563 5575 665335 146 59297
F4E_CLK 6578 64 64 535 6374 5958 756518 146 135244
F4E_CLK 6490 32 32 534 6429 6074 342412 148 22646
F4E_CLK 5751 29 17 536 5967 5161 189175 149 10811
F4E_CLK 741 12 12 536 3547 1010 19782 278 6321
F4E_CLK 366 4 1 524 2908 1130 3706 206 469
F4E_CLK 741 38 13 535 3402 1285 42097 272 7179
F4E_CLK 0 0 0 525 486 0 240 84 352
F4E_CLK 740 52 13 526 3455 1400 54996 280 6191
F4E_CLK 0 0 0 848 486 0 240 84 355
F4E_CLK 0 0 0 523 486 0 240 84 355
F4E_CLK 0 0 0 536 486 0 240 84 353
F4E_CLK 0 0 0 536 486 0 240 84 353
F4E_CLK 0 0 0 533 486 0 240 84 357
F4E_CLK 0 0 0 526 486 0 240 84 355
F4E_CLK 0 0 0 525 486 0 240 84 354
F4E_CLK 0 0 0 524 486 0 240 84 355
F4E_CLK 0 0 0 826 486 0 240 84 354
F4E_CLK 0 0 0 534 486 0 240 84 356
F4E_CLK 0 0 0 525 486 0 240 84 353
F4E_CLK 0 0 0 523 486 0 240 84 354
F4E_CLK 11888 32 32 524 8608 9877 618215 129 12854
F4E_CLK 12876 64 64 524 9260 9805 1328538 143 30133
F4E_CLK 13242 64 64 525 9155 10601 1332095 148 29796
F4E_CLK 13435 64 64 523 9580 10563 1402027 140 38729
F4E_CLK 13248 64 64 526 9157 10207 1334785 149 44540
F4E_CLK 13835 64 64 524 9454 11287 1418751 134 37576
F4E_CLK 13917 64 64 523 9695 10850 1425648 83 47561
F4E_CLK 13508 64 64 526 9477 11056 1420135 145 50213
F4E_CLK 14172 64 64 523 9475 11521 1431982 139 57559
F4E_CLK 14127 64 64 526 9710 11054 1432224 133 86894
F4E_CLK 13993 64 64 526 9621 11197 1433577 140 91074
F4E_CLK 13929 64 64 526 9518 11172 1434767 128 69836
F4E_CLK 13611 64 64 526 9509 10879 1430676 148 101776
F4E_CLK 13739 64 64 526 9545 11212 1429757 134 64514
F4E_CLK 13384 64 64 522 9575 10703 1428635 134 104973
F4E_CLK 23896 64 64 525 13906 17867 2250056 149 104689
F4E_CLK 16405 64 64 523 11145 13487 1715134 133 45627
F4E_CLK 16772 64 64 526 10747 13478 1718440 137 44956
F4E_CLK 17039 64 64 525 10699 13418 1720682 88 45784
F4E_CLK 30117 64 64 526 16785 21327 2800427 149 57873
F4E_CLK 13420 64 64 525 9649 10834 1426314 138 106920
F4E_CLK 13201 64 64 523 9225 10310 1351534 90 95253
F4E_CLK 12998 64 64 526 9169 10195 1341397 84 88312
F4E_CLK 12607 64 64 525 9090 10334 1338743 147 150181
F4E_CLK 12626 64 64 522 9119 10515 1339184 144 73988
F4E_CLK 12264 64 64 523 8717 10087 1250454 136 144720
F4E_CLK 11519 64 64 524 8703 9472 1238742 133 138593
F4E_CLK 28280 64 64 527 16101 19725 2668288 103 58585
F4E_CLK 17711 64 64 525 11250 14153 1821981 135 90366
F4E_CLK 17853 64 64 525 11220 13803 1817950 148 65797
F4E_CLK 17847 64 64 525 11401 13965 1820791 99 56192
F4E_CLK 17744 64 64 526 11504 13889 1818840 150 96514
F4E_CLK 17521 64 64 526 11349 13933 1817047 141 91633
F4E_CLK 17343 64 64 525 11080 12903 1729053 134 120981
F4E_CLK 14937 64 64 523 10287 11932 1467953 136 78862
F4E_CLK 18138 64 64 526 11507 12311 1759712 81 125824
F4E_CLK 11880 64 64 525 8629 9513 1247209 144 147253
F4E_CLK 11581 64 64 526 8591 9532 1243250 91 155863
F4E_CLK 11354 64 64 524 8593 9635 1237708 141 145944
F4E_CLK 11091 64 64 522 8281 8936 1149242 88 150995
F4E_CLK 10859 64 64 525 8347 8708 1152953 83 144015
F4E_CLK 10680 64 64 523 8273 8704 1153971 135 141932
F4E_CLK 28265 64 64 526 15853 18649 2540239 99 100788
F4E_CLK 18011 64 64 524 11395 14291 1824155 133 71614
F4E_CLK 18128 64 64 526 11270 14017 1823355 142 64803
F4E_CLK 18193 64 64 525 11255 14286 1818159 136 70504
F4E_CLK 18165 64 64 524 11580 13733 1827271 142 84243
F4E_CLK 17858 64 64 527 11562 13787 1818597 139 129569
F4E_CLK 17597 64 64 526 11434 14019 1813949 138 114157
F4E_CLK 24049 64 64 523 13948 18134 2265155 99 76903
F4E_CLK 24685 64 64 524 14713 14895 2235737 140 60757
F4E_CLK 17209 64 64 526 11140 12972 1727449 146 139578
F4E_CLK 16677 64 64 526 10961 13309 1718678 146 151661
F4E_CLK 16275 64 64 524 10516 12501 1634259 81 145280
F4E_CLK 23371 64 64 525 13752 17133 2079329 100 95938
F4E_CLK 7360 64 64 524 6766 6913 853342 144 127085
F4E_CLK 17990 29 29 526 11280 11854 676162 95 15099
F4E_CLK 10535 30 30 527 8263 9310 536740 147 35012
F4E_CLK 10492 28 28 528 8088 9050 500371 145 31787
F4E_CLK 10432 21 21 526 8226 8845 371855 147 17502
F4E_CLK 10411 28 28 526 8346 8791 497596 139 28286
F4E_CLK 10332 8 8 526 8211 8700 140537 149 4779
F4E_CLK 10374 28 28 524 8068 9309 497174 147 33290
F4E_CLK 10338 16 16 526 8233 8885 283341 141 11405
F4E_CLK 23369 58 58 525 13601 15426 2045961 131 36645
F4E_CLK 18346 64 64 527 11519 14316 1817934 116 63408
F4E_CLK 18475 64 64 524 11784 14348 1898411 150 53344
F4E_CLK 18413 64 64 526 11291 14069 1821675 149 58560
F4E_CLK 18146 64 64 526 11250 14041 1818501 93 100282
F4E_CLK 17696 64 64 524 11281 13932 1804439 144 117358
F4E_CLK 21161 64 64 526 12547 16214 2065247 95 135573
F4E_CLK 7637 64 64 527 6843 6760 859229 89 71726
F4E_CLK 20738 64 64 524 12641 12733 2066023 141 139580
F4E_CLK 15896 64 64 527 10507 12461 1629904 131 150428
F4E_CLK 15746 64 64 525 10407 12776 1626149 141 144231
F4E_CLK 23173 64 64 525 13657 17017 2117203 94 64386
F4E_CLK 7691 64 64 526 6805 6954 857209 89 92087
F4E_CLK 8098 45 45 537 6907 6533 572043 101 49959
F4E_CLK 15068 48 48 526 9869 11910 1151095 129 83770
F4E_CLK 14942 28 28 526 9979 11788 668872 93 31226
F4E_CLK 14910 23 22 526 10121 11797 529722 137 19559
F4E_CLK 18905 57 57 524 11758 14136 1562594 146 74635
F4E_CLK 7674 64 64 526 6854 6720 857933 133 140408
F4E_CLK 7918 49 46 535 7044 6846 592678 133 49651
F4E_CLK 7626 36 25 535 6895 6841 352608 121 15357
F4E_CLK 0 0 0 840 486 0 240 84 723
F4E_CLK 0 0 0 525 486 0 240 84 355
F4E_CLK 0 0 0 535 486 0 240 84 352
F4E_CLK 0 0 0 524 486 0 240 84 356
F4E_CLK 0 0 0 524 486 0 240 84 356
F4E_CLK 0 0 0 526 486 0 240 84 353
F4E_CLK 0 0 0 527 486 0 240 84 354
F4E_CLK 17859 30 30 526 11304 13818 843655 152 12418
F4E_CLK 18357 64 64 525 11686 13840 1816116 134 46233
F4E_CLK 18403 64 64 525 11430 13882 1812825 145 51739
F4E_CLK 18470 64 64 526 11738 14356 1894667 146 71884
F4E_CLK 18420 64 64 525 11668 13734 1820673 142 108031
F4E_CLK 17905 64 64 525 11574 13879 1811561 130 89846
F4E_CLK 17348 64 64 528 11015 13172 1719728 135 96924
F4E_CLK 23272 64 64 525 13826 17291 2142057 93 50213
F4E_CLK 24767 64 64 524 14623 15767 2278368 145 67067
F4E_CLK 16138 64 64 525 10371 12500 1634123 149 149586
F4E_CLK 15114 64 64 526 10163 11918 1537740 139 144163
F4E_CLK 22767 64 64 527 13686 16895 2172431 92 120196
F4E_CLK 7991 64 64 527 6952 6539 859161 95 91253
F4E_CLK 8633 64 64 524 7303 7557 929529 103 129031
F4E_CLK 15688 29 29 526 10367 8371 673733 151 20596
F4E_CLK 14827 15 15 526 9908 12060 356235 145 9388
F4E_CLK 14706 9 9 526 10064 11649 213009 145 5173
F4E_CLK 22653 38 38 525 13494 16818 1225465 149 22582
F4E_CLK 7959 64 64 526 6773 7181 860025 91 100526
F4E_CLK 7980 52 52 538 6991 6535 649695 90 67903
F4E_CLK 7942 48 31 536 6890 6593 488260 142 22927
F4E_CLK 825 8 5 536 3539 1084 10857 296 2028
F4E_CLK 0 0 0 525 486 0 240 84 354
F4E_CLK 0 0 0 536 486 0 240 84 355
F4E_CLK 7875 22 22 535 6754 6646 293553 133 11509
F4E_CLK 7923 64 64 525 6941 6485 854067 76 87520
F4E_CLK 8122 58 58 535 6902 6575 737890 95 87777
F4E_CLK 7615 25 15 536 6842 6765 249233 102 7019
F4E_CLK 868 17 10 536 3598 1301 23092 271 4940
F4E_CLK 871 36 13 525 3663 1030 42622 314 7350
F4E_CLK 0 0 0 535 486 0 240 84 355
F4E_CLK 0 0 0 525 486 0 240 84 355
F4E_CLK 0 0 0 827 486 0 240 84 355
F4E_CLK 0 0 0 526 486 0 240 84 354
F4E_CLK 0 0 0 525 486 0 240 84 354
F4E_CLK 0 0 0 523 486 0 240 84 354
F4E_CLK 0 0 0 524 486 0 240 84 355
F4E_CLK 17778 23 23 522 11544 13894 645052 98 8789
F4E_CLK 18288 64 64 525 11339 14285 1816552 86 48163
F4E_CLK 18383 64 64 523 11386 13934 1820445 93 47838
F4E_CLK 18427 64 64 524 11330 14156 1812020 130 58851
F4E_CLK 18417 64 64 525 11426 13962 1821232 140 96904
F4E_CLK 18007 64 64 523 11399 13812 1812527 134 113061
F4E_CLK 17510 64 64 525 11476 13640 1807917 142 95303
F4E_CLK 24080 64 64 524 13946 17474 2204532 97 55378
F4E_CLK 25129 64 64 522 14461 16938 2299068 145 62473
F4E_CLK 16520 64 64 524 10767 13380 1716352 148 148353
F4E_CLK 15253 64 64 524 9976 11806 1535305 89 144715
F4E_CLK 19048 64 64 522 11930 14669 1864503 95 143775
F4E_CLK 8245 64 64 524 7413 7107 951483 145 102468
F4E_CLK 8178 64 64 524 7023 7034 871571 134 142943
F4E_CLK 22273 29 29 524 12997 14025 831350 134 16739
F4E_CLK 14823 21 21 524 10014 11799 498720 130 19165
F4E_CLK 14788 10 10 525 10080 11679 236252 130 5813
F4E_CLK 22958 31 31 525 13506 17629 1007558 138 15830
F4E_CLK 8219 64 64 525 7620 7201 948359 145 91238
F4E_CLK 8468 59 59 535 7290 7372 820663 96 87591
F4E_CLK 7836 41 24 535 6990 6772 420180 95 20853
F4E_CLK 909 19 12 535 3867 1145 26672 350 6185
F4E_CLK 0 0 0 535 486 0 240 84 355
F4E_CLK 0 0 0 534 486 0 240 84 354
F4E_CLK 8118 15 15 535 6968 6527 201558 81 6750
F4E_CLK 8182 64 64 525 7026 7011 870849 125 87851
F4E_CLK 8709 64 64 536 7228 7882 894769 94 109419
F4E_CLK 7476 19 12 534 6886 5316 200829 133 7317
F4E_CLK 924 24 14 535 3836 1064 33606 357 8891
F4E_CLK 923 35 13 535 3930 1379 43701 303 7055
F4E_CLK 0 0 0 534 486 0 240 84 353
F4E_CLK 0 0 0 525 486 0 240 84 357
F4E_CLK 0 0 0 523 486 0 240 84 356
F4E_CLK 8164 35 35 533 6867 6957 472189 143 22855
F4E_CLK 8168 64 64 525 6999 6885 866509 137 100807
F4E_CLK 8155 45 45 536 7081 6456 563405 85 48706
F4E_CLK 7996 38 23 535 6947 6527 362553 134 12296
F4E_CLK 717 4 2 536 3427 816 4962 292 1037
F4E_CLK 936 36 13 525 3924 1095 42922 316 6351
F4E_CLK 936 17 12 525 3918 1007 25283 331 4858
F4E_CLK 452 6 1 525 3092 1102 5083 238 487
F4E_CLK 0 0 0 535 486 0 240 84 355
F4E_CLK 0 0 0 524 486 0 240 84 354
F4E_CLK 0 0 0 823 486 0 240 84 355
F4E_CLK 0 0 0 524 486 0 240 84 355
F4E_CLK 0 0 0 525 486 0 240 84 354
F4E_CLK 0 0 0 523 486 0 240 84 356
F4E_CLK 0 0 0 526 486 0 240 84 354
F4E_CLK 18071 50 50 527 11297 13240 1409419 143 29684
F4E_CLK 18306 64 64 524 11552 14016 1821832 135 52463
F4E_CLK 18422 64 64 526 11555 14025 1814979 150 50245
F4E_CLK 18398 64 64 534 11527 13594 1817592 115 59699
F4E_CLK 18223 64 64 531 11384 14081 1815012 109 110747
F4E_CLK 17775 64 64 533 11301 14080 1805105 150 106782
F4E_CLK 17390 64 64 535 11138 12944 1716569 137 101113
F4E_CLK 23231 64 64 535 13574 16906 2136995 94 63382
F4E_CLK 25243 64 64 533 14393 17288 2385603 93 117886
F4E_CLK 16088 64 64 531 10594 12166 1628620 132 151109
F4E_CLK 15076 64 64 531 10113 11685 1533728 86 149851
F4E_CLK 23367 64 64 533 13826 16610 2143879 106 70804
F4E_CLK 8457 64 64 529 7342 7709 956359 136 90919
F4E_CLK 9197 52 52 543 7477 7140 725284 94 66764
F4E_CLK 14760 21 21 535 10062 11694 500601 139 18688
F4E_CLK 14515 15 15 534 9921 11752 353366 144 10121
F4E_CLK 14500 17 17 534 10126 11662 401295 144 11812
F4E_CLK 19326 50 50 533 11994 13787 1400588 93 45468
F4E_CLK 8402 64 64 533 7420 7214 947251 148 131532
F4E_CLK 8312 45 45 544 7288 7185 609419 148 48141
F4E_CLK 8259 37 23 543 7383 7400 382007 107 13845
F4E_CLK 0 0 0 841 486 0 240 84 742
F4E_CLK 0 0 0 531 486 0 240 84 357
F4E_CLK 0 0 0 532 486 0 240 84 355
F4E_CLK 8420 42 42 531 7285 7496 624283 143 32556
F4E_CLK 8401 64 64 532 7241 7432 945430 142 115968
F4E_CLK 8477 43 43 542 7268 7522 594476 149 44151
F4E_CLK 8189 35 20 544 7100 6717 331701 147 12207
F4E_CLK 0 0 0 860 486 0 240 84 743
F4E_CLK 988 36 13 541 3897 1129 43441 312 6931
F4E_CLK 0 0 0 544 486 0 240 84 355
F4E_CLK 0 0 0 531 486 0 240 84 355
F4E_CLK 0 0 0 541 486 0 240 84 356
F4E_CLK 8430 62 62 542 7401 7425 924525 141 68794
F4E_CLK 8327 64 64 541 7299 7611 942878 143 139044
F4E_CLK 8340 27 27 545 7321 7461 348062 145 16017
F4E_CLK 6520 27 16 543 6450 6142 216369 133 10155
F4E_CLK 1001 18 12 543 4022 1141 26336 323 7057
F4E_CLK 470 4 1 532 3020 1247 3529 198 528
F4E_CLK 1001 44 13 543 4056 1273 51244 319 6924
F4E_CLK 0 0 0 543 486 0 240 84 354
F4E_CLK 0 0 0 530 486 0 240 84 356
F4E_CLK 0 0 0 534 486 0 240 84 355
F4E_CLK 8369 32 32 533 7326 7551 476931 144 19404
F4E_CLK 8376 64 64 532 7260 7415 947133 141 97327
F4E_CLK 8477 48 48 543 7237 7854 655374 92 56366
F4E_CLK 8357 35 23 542 7307 7452 371505 103 12996
F4E_CLK 740 4 2 541 3471 976 4567 286 1036
F4E_CLK 1014 36 13 533 4094 1206 44702 341 6219
F4E_CLK 1014 14 12 531 4001 1162 23801 329 5838
F4E_CLK 463 6 1 532 3179 1044 5169 212 498
F4E_CLK 1014 28 13 534 4108 872 37469 325 6246
F4E_CLK 0 0 0 533 486 0 240 84 354
F4E_CLK 0 0 0 533 486 0 240 84 354
F4E_CLK 0 0 0 533 486 0 240 84 352
F4E_CLK 0 0 0 542 486 0 240 84 352
F4E_CLK 0 0 0 533 486 0 240 84 354
F4E_CLK 0 0 0 532 486 0 240 84 354
F4E_CLK 0 0 0 530 486 0 240 84 355
F4E_CLK 0 0 0 840 486 0 240 84 353
F4E_CLK 18081 49 49 532 11429 13839 1383915 96 27226
F4E_CLK 18328 64 64 533 11602 14041 1820313 96 52923
F4E_CLK 18425 64 64 532 11550 13972 1816708 151 52589
F4E_CLK 18418 64 64 532 11526 13358 1808528 88 57885
F4E_CLK 18225 64 64 530 11602 13767 1819254 90 107818
F4E_CLK 17819 64 64 532 11397 14136 1813562 142 104429
F4E_CLK 17327 64 64 534 11082 12595 1723973 84 102771
F4E_CLK 23288 64 64 509 13813 16466 2073066 99 61597
F4E_CLK 25595 64 64 510 14528 16536 2384332 100 115814
F4E_CLK 16200 64 64 511 10496 12480 1633259 145 149993
F4E_CLK 15105 64 64 510 9975 11905 1527188 81 152119
F4E_CLK 23610 64 64 512 13970 17297 2198025 138 66360
F4E_CLK 8752 64 64 511 7245 7299 957579 101 83300
F4E_CLK 9583 53 53 519 7648 8396 804400 93 69250
F4E_CLK 14679 21 21 511 10080 11840 497084 135 18989
F4E_CLK 14658 15 15 510 9908 11769 352220 132 9743
F4E_CLK 14642 17 17 509 10038 11851 401215 140 13467
F4E_CLK 19715 49 49 510 12199 14866 1430309 136 44943
F4E_CLK 8706 64 64 521 7394 7476 953581 97 127630
F4E_CLK 8675 46 46 520 7382 7291 644809 155 48823
F4E_CLK 8613 37 23 522 7424 7710 384156 110 13118
F4E_CLK 0 0 0 833 486 0 240 84 747
F4E_CLK 0 0 0 522 486 0 240 84 354
F4E_CLK 0 0 0 801 486 0 240 84 355
F4E_CLK 8679 41 41 510 7410 7407 610097 134 31498
F4E_CLK 8663 64 64 511 7195 7511 951644 135 110374
F4E_CLK 8804 43 43 519 7364 7510 599344 83 40925
F4E_CLK 8617 36 21 520 7319 7458 366558 101 12914
F4E_CLK 0 0 0 833 486 0 240 84 730
F4E_CLK 1066 36 13 510 4400 1080 49643 413 7973
F4E_CLK 0 0 0 521 486 0 240 84 354
F4E_CLK 0 0 0 824 486 0 240 84 355
F4E_CLK 0 0 0 509 486 0 240 84 356
F4E_CLK 8693 61 61 510 7427 6974 910240 138 64271
F4E_CLK 8587 64 64 520 7297 7605 941917 132 138052
F4E_CLK 8701 28 28 522 7298 7342 368878 84 18035
F4E_CLK 6827 27 16 520 6614 5864 212812 115 9922
F4E_CLK 1077 17 12 520 4361 1204 27920 408 6318
F4E_CLK 533 4 1 512 3241 900 3648 243 501
F4E_CLK 1079 43 13 520 4376 1318 56595 391 6623
F4E_CLK 0 0 0 520 486 0 240 84 354
F4E_CLK 0 0 0 520 486 0 240 84 355
F4E_CLK 0 0 0 508 486 0 240 84 356
F4E_CLK 8619 31 31 519 7381 7292 462631 147 17724
F4E_CLK 8628 64 64 511 7256 7217 955377 131 95256
F4E_CLK 8860 49 49 519 7409 7496 679664 94 59311
F4E_CLK 8720 34 23 520 7191 7396 364713 91 13592
F4E_CLK 793 4 2 520 3491 969 4760 304 1163
F4E_CLK 1092 36 13 511 4436 1600 51108 421 6857
F4E_CLK 1092 13 12 520 4336 1361 24762 429 6085
F4E_CLK 511 6 1 510 3184 944 5216 226 514
F4E_CLK 1092 27 13 511 4294 1294 41268 386 6330
F4E_CLK 0 0 0 521 486 0 240 84 355
F4E_CLK 0 0 0 520 486 0 240 84 355
F4E_CLK 0 0 0 520 486 0 240 84 354
F4E_CLK 7437 3 3 511 6769 7079 37741 146 1057
F4E_CLK 8574 64 64 511 7231 7986 953262 142 83159
F4E_CLK 8454 64 64 522 7276 7617 935073 93 148484
F4E_CLK 8733 22 22 520 7254 7722 287141 95 12933
F4E_CLK 6775 27 16 520 6272 6221 207131 113 10754
F4E_CLK 1105 23 13 520 4374 1329 34992 420 7536
F4E_CLK 0 0 0 521 486 0 240 84 355
F4E_CLK 1105 48 13 511 4323 1137 62624 377 7330
F4E_CLK 0 0 0 821 486 0 240 84 355
F4E_CLK 1105 60 13 521 4390 1225 75623 406 6877
F4E_CLK 564 1 1 521 3224 1150 1513 273 487
F4E_CLK 1103 64 12 520 4424 1110 79603 403 5813
F4E_CLK 0 0 0 511 486 0 240 84 352
F4E_CLK 0 0 0 520 486 0 240 84 354
F4E_CLK 0 0 0 511 486 0 240 84 354
F4E_CLK 0 0 0 519 486 0 240 84 356
F4E_CLK 0 0 0 854 486 0 240 84 355
F4E_CLK 0 0 0 531 486 0 240 84 356
F4E_CLK 0 0 0 544 486 0 240 84 354
F4E_CLK 0 0 0 534 486 0 240 84 353
F4E_CLK 0 0 0 531 486 0 240 84 355
F4E_CLK 0 0 0 542 486 0 240 84 356
F4E_CLK 0 0 0 529 486 0 240 84 356
F4E_CLK 0 0 0 543 486 0 240 84 354
F4E_CLK 12481 33 33 533 9019 10206 682686 144 12992
F4E_CLK 13533 64 64 529 9456 10716 1412998 152 30393
F4E_CLK 13946 64 64 532 9568 10956 1425521 90 30914
F4E_CLK 14134 64 64 535 9524 10807 1426780 125 38038
F4E_CLK 13845 64 64 531 9560 11350 1422616 90 43706
F4E_CLK 14570 64 64 534 10218 11611 1513541 147 36775
F4E_CLK 14602 64 64 533 10031 12044 1517413 144 47329
F4E_CLK 14213 64 64 532 9746 11293 1432556 130 50263
F4E_CLK 14813 64 64 531 9964 11708 1524147 133 59007
F4E_CLK 14798 64 64 533 10144 11644 1526557 128 87727
F4E_CLK 14665 64 64 529 9953 12058 1528325 132 88151
F4E_CLK 14613 64 64 531 10057 11843 1522123 134 68689
F4E_CLK 14287 64 64 535 9690 10875 1441499 142 102036
F4E_CLK 14349 64 64 531 10234 11816 1517409 140 63558
F4E_CLK 14004 64 64 530 9623 10896 1436956 141 105531
F4E_CLK 28250 64 64 532 16134 19309 2570467 159 102319
F4E_CLK 19049 64 64 531 11797 14136 1912106 141 46038
F4E_CLK 19429 64 64 532 11920 14782 1915230 86 43897
F4E_CLK 19672 64 64 533 12265 15465 2004571 130 45764
F4E_CLK 33362 64 64 533 18166 24635 3047115 97 60403
F4E_CLK 14028 64 64 531 9584 10853 1437450 135 113191
F4E_CLK 13825 64 64 535 9612 11384 1439498 140 96069
F4E_CLK 13622 64 64 532 9528 11147 1436592 135 87475
F4E_CLK 13261 64 64 533 9266 10469 1351008 138 145139
F4E_CLK 13270 64 64 531 9050 10343 1344349 99 73496
F4E_CLK 12928 64 64 531 9107 10483 1342920 134 145587
F4E_CLK 12207 64 64 530 8821 9407 1249840 82 140429
F4E_CLK 31547 64 64 531 17348 18948 2957171 143 61034
F4E_CLK 20346 64 64 531 12407 15586 2018708 87 93617
F4E_CLK 20488 64 64 535 12688 15879 2098609 146 67175
F4E_CLK 20459 64 64 532 12375 15419 2017454 94 55500
F4E_CLK 20349 64 64 532 12462 15281 2012520 147 92307
F4E_CLK 20146 64 64 533 12385 15200 2017008 141 89411
F4E_CLK 19948 64 64 534 12266 15603 2003789 85 123922
F4E_CLK 9123 64 64 532 7433 7432 962630 128 80233
F4E_CLK 19411 64 64 533 12029 13572 1856496 89 128469
F4E_CLK 12468 64 64 533 9274 10406 1335398 145 145585
F4E_CLK 12175 64 64 531 8939 9655 1249335 142 153095
F4E_CLK 11980 64 64 533 8690 9573 1245804 141 147758
F4E_CLK 11709 64 64 533 8511 9810 1249763 140 149471
F4E_CLK 11487 64 64 533 8784 9689 1234316 154 143172
F4E_CLK 11304 64 64 534 8542 9428 1248007 150 147747
F4E_CLK 31534 64 64 533 17436 21615 2816286 143 97758
F4E_CLK 20653 64 64 529 12640 16238 2109088 147 71642
F4E_CLK 20790 64 64 531 12513 16303 2106746 144 61627
F4E_CLK 20837 64 64 531 12625 16220 2100660 140 70513
F4E_CLK 20758 64 64 531 12796 16177 2109917 153 87454
F4E_CLK 20480 64 64 533 12566 15193 2020628 135 131132
F4E_CLK 20222 64 64 530 12370 15207 2008749 135 111965
F4E_CLK 28639 64 64 532 15890 20393 2604116 143 73551
F4E_CLK 29381 64 64 530 16399 17517 2615176 146 60927
F4E_CLK 19830 64 64 531 12234 15567 2014669 143 141797
F4E_CLK 19261 64 64 533 11981 14460 1917540 92 150855
F4E_CLK 18844 64 64 533 11944 14425 1915460 137 147086
F4E_CLK 27931 64 64 532 15959 20046 2415444 97 95960
F4E_CLK 9434 64 64 534 7813 8190 1052913 153 127900
F4E_CLK 21207 29 29 510 12842 14493 779370 94 14240
F4E_CLK 11176 29 29 512 8355 8718 526724 86 32078
F4E_CLK 11138 29 29 510 8209 9023 525426 95 33280
F4E_CLK 11101 20 20 510 8227 8665 356694 140 18093
F4E_CLK 11080 28 28 508 8292 8693 502155 143 30406
F4E_CLK 10998 8 8 510 8423 8694 141470 141 5345
F4E_CLK 11002 28 28 510 8377 8824 503592 151 29945
F4E_CLK 10972 16 16 510 8206 8749 285100 138 10824
F4E_CLK 24214 59 59 510 14101 14845 2183733 86 36806
F4E_CLK 20932 64 64 512 12703 16197 2086635 133 64539
F4E_CLK 21006 64 64 510 12860 16132 2096569 134 54664
F4E_CLK 20953 64 64 510 12845 16132 2100126 86 63260
F4E_CLK 20692 64 64 510 12564 16198 2098950 144 99837
F4E_CLK 20252 64 64 512 12377 15030 2008407 132 119011
F4E_CLK 27057 64 64 509 15476 20243 2603020 95 133720
F4E_CLK 9693 64 64 511 7705 8250 1054796 149 74932
F4E_CLK 19749 64 64 511 12312 15340 2006433 141 144717
F4E_CLK 18387 64 64 511 11527 13984 1828778 150 149806
F4E_CLK 18203 64 64 512 11334 14051 1819998 138 143619
F4E_CLK 27713 64 64 511 15898 20856 2547116 147 65073
F4E_CLK 9757 64 64 511 7749 8422 1054883 139 93993
F4E_CLK 10517 44 44 520 8245 8870 722085 146 46063
F4E_CLK 17507 49 49 509 11254 13799 1393650 141 86117
F4E_CLK 17370 28 28 511 11137 13192 755833 81 30849
F4E_CLK 17332 23 21 511 11103 12920 582832 140 17757
F4E_CLK 22766 58 58 510 13608 16759 1893389 91 74169
F4E_CLK 9707 64 64 509 7754 8121 1047335 144 137610
F4E_CLK 10295 49 45 521 8108 8692 768058 86 46538
F4E_CLK 9956 36 25 521 7927 8170 425903 101 15377
F4E_CLK 0 0 0 832 486 0 240 84 749
F4E_CLK 0 0 0 521 486 0 240 84 354
F4E_CLK 0 0 0 520 486 0 240 84 355
F4E_CLK 0 0 0 802 486 0 240 84 353
F4E_CLK 0 0 0 509 486 0 240 84 356
F4E_CLK 0 0 0 510 486 0 240 84 355
F4E_CLK 0 0 0 520 486 0 240 84 354
F4E_CLK 20331 31 31 509 12324 15469 966240 137 13689
F4E_CLK 20853 64 64 510 12575 16498 2094565 136 47174
F4E_CLK 20925 64 64 511 12844 15991 2100782 138 51324
F4E_CLK 20936 64 64 511 12876 15948 2092918 136 71070
F4E_CLK 20815 64 64 510 12875 16112 2100519 147 108446
F4E_CLK 20334 64 64 512 12469 15142 2009267 149 89836
F4E_CLK 19789 64 64 511 12182 15368 2000484 145 94409
F4E_CLK 27739 64 64 512 16078 19796 2470823 98 49585
F4E_CLK 29246 64 64 511 16284 20124 2679234 94 72590
F4E_CLK 18535 64 64 510 12100 14573 1910279 152 151120
F4E_CLK 17495 64 64 510 11436 13933 1813758 151 145443
F4E_CLK 27165 64 64 510 15640 19400 2552227 137 111645
F4E_CLK 10059 64 64 509 7702 7947 1055767 149 89272
F4E_CLK 11068 64 64 510 8138 8397 1121397 144 127810
F4E_CLK 17796 28 28 511 11331 9780 731515 133 20655
F4E_CLK 16579 15 15 509 10913 13249 398761 145 10396
F4E_CLK 16522 9 9 511 10727 13788 238111 151 6057
F4E_CLK 26528 39 39 511 14945 19064 1433828 95 23195
F4E_CLK 10013 64 64 510 7809 7897 1053563 137 96646
F4E_CLK 10308 51 51 520 8086 8624 846142 145 64145
F4E_CLK 10267 49 32 521 8405 8590 648682 145 24459
F4E_CLK 1124 7 4 521 4308 1359 10653 396 1667
F4E_CLK 0 0 0 511 486 0 240 84 354
F4E_CLK 0 0 0 511 486 0 240 84 355
F4E_CLK 9922 23 23 510 7715 7878 376920 147 11377
F4E_CLK 9960 64 64 511 7755 8049 1054488 92 84121
F4E_CLK 10324 57 57 518 8295 8538 943848 83 83959
F4E_CLK 9892 26 16 520 7687 8089 319172 140 8349
F4E_CLK 1228 15 9 531 4457 1167 23339 417 3982
F4E_CLK 1235 36 13 521 4388 1444 50189 425 7328
F4E_CLK 0 0 0 531 486 0 240 84 354
F4E_CLK 0 0 0 521 486 0 240 84 355
F4E_CLK 0 0 0 520 486 0 240 84 357
F4E_CLK 0 0 0 522 486 0 240 84 353
F4E_CLK 0 0 0 531 486 0 240 84 354
F4E_CLK 0 0 0 519 486 0 240 84 356
F4E_CLK 0 0 0 826 486 0 240 84 355
F4E_CLK 20227 24 24 522 12397 15267 743489 141 9650
F4E_CLK 20801 64 64 521 12707 16473 2097498 138 48081
F4E_CLK 20841 64 64 521 12749 16216 2090394 141 47852
F4E_CLK 20841 64 64 520 12761 15921 2087607 144 60086
F4E_CLK 20813 64 64 521 12677 16080 2102341 138 93990
F4E_CLK 20433 64 64 521 12350 15338 2009868 97 107031
F4E_CLK 19949 64 64 521 12322 15257 2004678 136 93411
F4E_CLK 28446 64 64 522 16041 20306 2546648 141 55352
F4E_CLK 29571 64 64 520 16204 18612 2662623 134 62718
F4E_CLK 18924 64 64 522 11921 14505 1908315 130 148622
F4E_CLK 17627 64 64 522 11528 13782 1815139 153 145704
F4E_CLK 24684 64 64 523 14654 17634 2380823 95 142109
F4E_CLK 10306 64 64 522 8219 8999 1145480 149 103705
F4E_CLK 10212 64 64 521 7873 8301 1058936 80 145833
F4E_CLK 25099 29 29 521 14580 17006 942629 95 16996
F4E_CLK 16723 20 20 521 11006 13051 534223 146 17689
F4E_CLK 16685 10 10 521 11026 13209 264490 128 6665
F4E_CLK 26899 32 32 523 15233 19797 1197650 150 17212
F4E_CLK 10268 64 64 521 8229 8964 1139013 149 91020
F4E_CLK 10783 58 58 530 8064 9464 979778 92 84334
F4E_CLK 10142 42 25 531 7914 8422 533011 95 21036
F4E_CLK 1271 17 11 531 4486 1343 27592 417 5171
F4E_CLK 0 0 0 522 486 0 240 84 355
F4E_CLK 0 0 0 855 486 0 240 84 355
F4E_CLK 10168 16 16 520 7928 8150 262366 145 8139
F4E_CLK 10225 64 64 519 7858 8205 1056672 101 83742
F4E_CLK 11024 64 64 531 8286 8880 1081353 101 105695
F4E_CLK 8951 19 11 531 7344 7317 214075 108 5680
F4E_CLK 1288 24 14 530 4439 1111 36829 427 8948
F4E_CLK 1287 36 13 520 4471 1189 50351 440 7063
F4E_CLK 0 0 0 521 486 0 240 84 354
F4E_CLK 0 0 0 825 486 0 240 84 354
F4E_CLK 0 0 0 531 486 0 240 84 356
F4E_CLK 10205 36 36 533 7719 8412 594106 77 26442
F4E_CLK 10208 64 64 521 7800 8222 1056460 134 111802
F4E_CLK 10446 44 44 531 8261 8934 719456 110 46675
F4E_CLK 10263 39 23 531 8524 8570 472102 138 11892
F4E_CLK 997 4 2 531 3932 1332 4924 372 1000
F4E_CLK 1300 36 13 521 4535 1515 50158 411 7350
F4E_CLK 1299 18 12 521 4404 1287 28682 410 5876
F4E_CLK 648 6 1 521 3345 1031 5624 262 519
F4E_CLK 0 0 0 522 486 0 240 84 355
F4E_CLK 0 0 0 523 486 0 240 84 352
F4E_CLK 0 0 0 521 486 0 240 84 355
F4E_CLK 0 0 0 521 486 0 240 84 354
F4E_CLK 0 0 0 522 486 0 240 84 353
F4E_CLK 0 0 0 521 486 0 240 84 355
F4E_CLK 0 0 0 827 486 0 240 84 355
F4E_CLK 20621 51 51 521 12889 16361 1661008 146 30828
F4E_CLK 20879 64 64 521 12816 16242 2097161 138 52322
F4E_CLK 20987 64 64 522 12691 15961 2096242 113 50992
F4E_CLK 20888 64 64 520 12963 16180 2093733 147 57475
F4E_CLK 20694 64 64 521 12876 16131 2090017 136 108725
F4E_CLK 20235 64 64 519 12344 15151 2005862 137 105537
F4E_CLK 19762 64 64 523 12468 15128 1997181 141 109143
F4E_CLK 26840 64 64 536 15647 19642 2366900 137 62426
F4E_CLK 29590 64 64 534 16506 17872 2752305 93 123449
F4E_CLK 18278 64 64 536 11695 13874 1822147 147 151510
F4E_CLK 17147 64 64 538 11018 12967 1725297 142 142356
F4E_CLK 27457 64 64 537 15526 19297 2473276 90 67740
F4E_CLK 10539 64 64 537 8119 9212 1146019 148 93557
F4E_CLK 11605 51 51 546 8725 9679 916263 158 64287
F4E_CLK 16787 21 21 537 10855 13628 561543 137 19032
F4E_CLK 16765 15 15 537 11014 13175 399680 136 10519
F4E_CLK 16750 17 17 537 10906 13245 453077 134 11150
F4E_CLK 23108 51 51 537 13668 15831 1714721 151 45904
F4E_CLK 10448 64 64 545 8283 8756 1135158 108 128928
F4E_CLK 10581 44 44 548 8204 8897 726089 147 45838
F4E_CLK 10512 37 23 545 8239 8562 461531 153 13969
F4E_CLK 0 0 0 882 486 0 240 84 725
F4E_CLK 0 0 0 537 486 0 240 84 355
F4E_CLK 0 0 0 847 486 0 240 84 355
F4E_CLK 10487 43 43 545 8147 8803 765864 148 34752
F4E_CLK 10460 64 64 538 8147 8661 1126802 94 116660
F4E_CLK 10768 43 43 546 8198 8760 717886 142 43866
F4E_CLK 10274 33 19 547 8138 8223 375290 147 11690
F4E_CLK 0 0 0 879 486 0 240 84 725
F4E_CLK 1352 36 13 547 4423 1275 50333 428 6679
F4E_CLK 0 0 0 536 486 0 240 84 354
F4E_CLK 0 0 0 868 486 0 240 84 354
F4E_CLK 0 0 0 535 486 0 240 84 355
F4E_CLK 10493 63 63 536 8153 8803 1127395 140 72479
F4E_CLK 10352 64 64 546 8281 8649 1138402 150 141641
F4E_CLK 10184 26 26 547 7887 7952 380787 136 15717
F4E_CLK 8049 27 16 547 6952 6525 239974 139 10030
F4E_CLK 1364 19 12 546 4463 1403 29947 406 6422
F4E_CLK 683 4 1 537 3370 1053 4146 290 509
F4E_CLK 1365 45 13 537 4386 1645 61683 430 6682
F4E_CLK 0 0 0 536 486 0 240 84 355
F4E_CLK 0 0 0 546 486 0 240 84 354
F4E_CLK 0 0 0 537 486 0 240 84 354
F4E_CLK 10429 33 33 534 8130 9103 590078 149 20497
F4E_CLK 10433 64 64 535 8291 8562 1142504 148 94717
F4E_CLK 10755 47 47 547 8295 8977 776121 95 49131
F4E_CLK 10202 36 23 547 7774 7987 435756 134 12678
F4E_CLK 1054 4 2 547 4510 1108 5580 406 986
F4E_CLK 1377 36 13 534 4438 1491 51211 464 6258
F4E_CLK 1377 15 12 536 4450 1184 26555 441 5874
F4E_CLK 679 6 1 537 3305 1018 5494 246 539
F4E_CLK 1378 29 13 536 4447 1323 43113 422 6834
F4E_CLK 0 0 0 537 486 0 240 84 353
F4E_CLK 0 0 0 537 486 0 240 84 353
F4E_CLK 0 0 0 536 486 0 240 84 354
F4E_CLK 0 0 0 859 486 0 240 84 355
F4E_CLK 0 0 0 534 486 0 240 84 357
F4E_CLK 0 0 0 536 486 0 240 84 354
F4E_CLK 0 0 0 545 486 0 240 84 357
F4E_CLK 0 0 0 535 486 0 240 84 354
F4E_CLK 20556 50 50 536 12726 15946 1624863 143 29666
F4E_CLK 20815 64 64 537 12853 16049 2095768 134 52604
F4E_CLK 20914 64 64 538 12753 15639 2080917 93 50222
F4E_CLK 20886 64 64 534 12714 16243 2095136 85 58308
F4E_CLK 20705 64 64 535 12586 15895 2097151 147 108023
F4E_CLK 20243 64 64 537 12169 15399 2008474 95 103347
F4E_CLK 19804 64 64 535 12457 15202 1991174 91 107856
F4E_CLK 27471 64 64 535 15444 19314 2447013 100 64130
F4E_CLK 29944 64 64 536 16669 19950 2823219 138 120030
F4E_CLK 18386 64 64 538 11640 14082 1823875 135 144758
F4E_CLK 17383 64 64 536 10930 13110 1730957 141 142390
F4E_CLK 27977 64 64 521 15882 19640 2553699 154 69541
F4E_CLK 10844 64 64 522 8092 8771 1152307 84 87962
F4E_CLK 12010 52 52 530 8590 9503 936364 148 64519
F4E_CLK 16930 21 21 521 11001 12923 566386 94 16934
F4E_CLK 16909 15 15 520 10989 13288 400682 96 10799
F4E_CLK 16894 17 17 521 11007 12964 454648 143 14221
F4E_CLK 21987 50 50 521 13151 15922 1613723 146 45855
F4E_CLK 10778 64 64 531 8083 8953 1148433 135 129716
F4E_CLK 10943 45 45 531 8138 9048 762871 83 46405
F4E_CLK 10869 37 23 531 8285 8905 458217 150 13127
F4E_CLK 0 0 0 859 486 0 240 84 723
F4E_CLK 0 0 0 522 486 0 240 84 354
F4E_CLK 0 0 0 521 486 0 240 84 354
F4E_CLK 10786 42 42 522 8264 9016 750928 83 33622
F4E_CLK 10751 64 64 521 8236 8912 1142726 136 113483
F4E_CLK 10915 43 43 530 8284 8563 701416 95 44829
F4E_CLK 10374 35 20 531 8184 8694 422805 153 12255
F4E_CLK 0 0 0 837 486 0 240 84 747
F4E_CLK 1430 36 13 520 4464 1578 51254 478 6525
F4E_CLK 0 0 0 531 486 0 240 84 354
F4E_CLK 0 0 0 521 486 0 240 84 354
F4E_CLK 0 0 0 531 486 0 240 84 356
F4E_CLK 10786 62 62 522 8123 8782 1107278 95 70606
F4E_CLK 10668 64 64 529 8203 8763 1138987 142 140267
F4E_CLK 10540 27 27 532 8245 8449 422058 86 16742
F4E_CLK 8261 27 16 531 7295 7451 253010 83 10074
F4E_CLK 1442 18 12 530 4388 1488 29200 468 6693
F4E_CLK 722 4 1 531 3428 1107 3745 253 554
F4E_CLK 1443 44 13 519 4437 1447 60804 441 6429
F4E_CLK 0 0 0 521 486 0 240 84 355
F4E_CLK 0 0 0 521 486 0 240 84 355
F4E_CLK 0 0 0 522 486 0 240 84 352
F4E_CLK 10737 32 32 521 8158 8950 573210 134 19378
F4E_CLK 10743 64 64 521 8262 8821 1143978 88 96902
F4E_CLK 11135 48 48 532 8345 8738 797545 92 53985
F4E_CLK 10553 35 23 532 8223 8920 451555 130 12266
F4E_CLK 1081 4 2 531 4310 1121 5487 418 1026
F4E_CLK 1456 36 13 518 4493 1442 52035 481 5984
F4E_CLK 1456 14 12 520 4452 1210 25727 437 6331
F4E_CLK 710 6 1 520 3325 1279 5503 271 546
F4E_CLK 1456 28 13 529 4566 1041 41192 431 6303
F4E_CLK 0 0 0 520 486 0 240 84 355
F4E_CLK 0 0 0 520 486 0 240 84 354
F4E_CLK 0 0 0 523 486 0 240 84 354
F4E_CLK 9939 4 4 520 7579 8143 64432 142 1567
F4E_CLK 10730 64 64 522 8214 8862 1147844 151 81047
F4E_CLK 10592 64 64 531 8123 8922 1144266 79 145630
F4E_CLK 10559 21 21 532 8205 6600 318386 135 12054
F4E_CLK 7528 27 16 532 6946 6870 237640 141 10360
F4E_CLK 1469 24 13 531 4431 1295 37408 509 6485
F4E_CLK 0 0 0 521 486 0 240 84 354
F4E_CLK 1469 48 13 521 4536 1782 64863 496 6122
F4E_CLK 0 0 0 531 486 0 240 84 354
F4E_CLK 1469 60 13 521 4490 1142 76998 418 6446
F4E_CLK 1100 2 2 520 4334 1262 3733 407 609
F4E_CLK 1467 63 11 532 4521 1226 79818 472 5372
F4E_CLK 0 0 0 836 486 0 240 84 352
F4E_CLK 0 0 0 521 486 0 240 84 354
F4E_CLK 0 0 0 521 486 0 240 84 354
F4E_CLK 0 0 0 519 486 0 240 84 355
F4E_CLK 0 0 0 521 486 0 240 84 352
F4E_CLK 0 0 0 520 486 0 240 84 352
F4E_CLK 0 0 0 521 486 0 240 84 355
F4E_CLK 19699 11 11 522 12384 15562 341324 143 3521
F4E_CLK 20720 64 64 538 12706 15923 2094271 142 43443
F4E_CLK 20865 64 64 534 12826 16085 2097766 87 44857
F4E_CLK 20880 64 64 535 12564 16528 2094185 146 49925
F4E_CLK 20777 64 64 537 12761 16059 2097358 134 71894
F4E_CLK 20531 64 64 538 12701 15901 2100842 151 99840
F4E_CLK 20126 64 64 535 12385 15285 2005026 132 92880
F4E_CLK 30320 64 64 536 16660 22355 2739529 148 81374
F4E_CLK 30415 64 64 535 16581 20637 2705740 106 60839
F4E_CLK 19272 64 64 537 11987 14462 1914508 142 154292
F4E_CLK 18172 64 64 534 11520 13786 1814385 117 148634
F4E_CLK 17403 64 64 538 11339 12906 1729244 142 146376
F4E_CLK 28052 64 64 535 15691 18819 2509263 148 71791
F4E_CLK 11011 64 64 537 8195 8961 1152688 147 117918
F4E_CLK 24636 29 29 536 14441 15485 889723 145 17724
F4E_CLK 16972 26 26 535 10952 13260 701479 95 27532
F4E_CLK 16946 17 17 537 11037 13066 455740 148 12652
F4E_CLK 27778 19 19 537 15849 20214 735916 149 9226
F4E_CLK 11043 64 64 534 8166 8828 1153520 147 87581
F4E_CLK 12291 64 64 545 9263 10500 1274353 94 126796
F4E_CLK 11285 36 26 544 8970 6680 544179 139 15512
F4E_CLK 8860 27 17 546 7301 7393 276140 134 11380
F4E_CLK 0 0 0 859 486 0 240 84 721
F4E_CLK 0 0 0 538 486 0 240 84 353
F4E_CLK 9534 3 3 534 7842 8489 46956 165 1461
F4E_CLK 11035 64 64 536 8134 8802 1150276 129 82319
F4E_CLK 10883 64 64 544 8160 9086 1145226 140 152670
F4E_CLK 10884 22 22 547 8251 8648 336690 161 12973
F4E_CLK 8536 27 16 547 7348 7623 256357 151 10683
F4E_CLK 1521 23 13 546 4524 1107 36419 481 6926
F4E_CLK 0 0 0 544 486 0 240 84 356
F4E_CLK 0 0 0 547 486 0 240 84 355
F4E_CLK 0 0 0 535 486 0 240 84 354
F4E_CLK 10967 23 23 538 8328 8732 410894 141 11375
F4E_CLK 10999 64 64 537 8165 8709 1149386 144 86494
F4E_CLK 11738 57 57 547 8630 9604 1018937 92 83112
F4E_CLK 10862 26 16 546 8250 9043 347394 102 8552
F4E_CLK 1527 15 9 546 4503 1105 24218 479 3760
F4E_CLK 1534 36 13 547 4459 1517 51231 426 6750
F4E_CLK 1473 5 5 546 4450 1369 10285 486 1834
F4E_CLK 1522 32 8 537 4469 1109 42934 498 2542
F4E_CLK 0 0 0 856 486 0 240 84 355
F4E_CLK 0 0 0 536 486 0 240 84 352
F4E_CLK 0 0 0 544 486 0 240 84 356
F4E_CLK 10982 57 57 536 8106 9115 1017075 133 57894
F4E_CLK 10888 64 64 544 8205 8705 1148779 129 136233
F4E_CLK 11104 31 31 547 8087 8701 496355 83 21945
F4E_CLK 9751 29 17 547 7817 8493 308281 146 10785
F4E_CLK 1546 13 12 546 4408 1232 25265 488 6428
F4E_CLK 784 4 1 536 3555 808 3995 321 513
F4E_CLK 1547 39 13 536 4512 1271 54355 518 6650
F4E_CLK 0 0 0 546 486 0 240 84 353
F4E_CLK 1547 53 13 537 4588 1556 72063 481 6279
F4E_CLK 0 0 0 546 486 0 240 84 353
F4E_CLK 0 0 0 537 486 0 240 84 354
F4E_CLK 0 0 0 548 486 0 240 84 357
F4E_CLK 10871 29 29 538 8235 8702 518332 97 17674
F4E_CLK 10887 64 64 537 8111 9255 1146297 139 93852
F4E_CLK 11536 51 51 544 8726 9551 917666 145 60250
F4E_CLK 10963 32 22 546 8115 8947 435973 90 11867
F4E_CLK 1375 5 3 547 4401 1597 7477 460 1165
F4E_CLK 1560 36 13 546 4464 1192 53152 490 6834
F4E_CLK 1559 11 11 546 4445 1344 22729 520 4931
F4E_CLK 1160 10 2 537 4307 1122 12169 448 622
F4E_CLK 1560 25 13 544 4479 1191 39971 531 6927
F4E_CLK 0 0 0 944 486 0 240 84 355
F4E_CLK 1560 27 13 555 4497 1045 42048 527 6930
F4E_CLK 0 0 0 555 486 0 240 84 353
F4E_CLK 0 0 0 555 486 0 240 84 354
F4E_CLK 0 0 0 545 486 0 240 84 355
F4E_CLK 0 0 0 555 486 0 240 84 355
F4E_CLK 10797 55 55 553 8161 8946 980413 137 53884
F4E_CLK 10691 64 64 553 8265 8953 1138775 151 134017
F4E_CLK 11218 33 33 555 8246 8619 532662 135 24444
F4E_CLK 9848 29 17 554 7755 8063 309805 135 10478
F4E_CLK 1573 11 11 553 4480 1547 22544 501 5606
F4E_CLK 1169 7 2 555 4306 1682 9023 402 780
F4E_CLK 1573 37 13 544 4449 1409 53316 543 6524
F4E_CLK 0 0 0 556 486 0 240 84 354
F4E_CLK 1573 51 13 544 4529 1110 68415 486 6554
F4E_CLK 0 0 0 545 486 0 240 84 352
F4E_CLK 1573 53 13 545 4534 1369 71596 564 6196
F4E_CLK 0 0 0 553 486 0 240 84 356
F4E_CLK 1573 43 13 556 4458 1556 60055 508 7376
F4E_CLK 0 0 0 544 486 0 240 84 355
F4E_CLK 0 0 0 555 486 0 240 84 355
F4E_CLK 0 0 0 552 486 0 240 84 356
F4E_CLK 0 0 0 547 486 0 240 84 355
F4E_CLK 0 0 0 544 486 0 240 84 354
F4E_CLK 0 0 0 933 486 0 240 84 354
F4E_CLK 0 0 0 544 486 0 240 84 354
F4E_CLK 0 0 0 544 486 0 240 84 355
F4E_CLK 0 0 0 545 486 0 240 84 354
F4E_CLK 0 0 0 554 486 0 240 84 355
F4E_CLK 0 0 0 544 486 0 240 84 355
F4E_CLK 0 0 0 547 486 0 240 84 354
F4E_CLK 0 0 0 545 486 0 240 84 354
F4E_CLK 13681 63 63 543 9499 11459 1386183 93 32457
F4E_CLK 14309 64 64 543 9767 11061 1435389 146 38709
F4E_CLK 14571 64 64 545 9922 11755 1521101 143 40112
F4E_CLK 14910 64 64 545 9894 11962 1515352 140 30643
F4E_CLK 14544 64 64 545 9901 11798 1508324 144 48022
F4E_CLK 15460 64 64 545 10637 12213 1601641 148 35255
F4E_CLK 15228 64 64 542 10121 11519 1525744 129 56178
F4E_CLK 15571 64 64 545 10328 11941 1599648 138 53128
F4E_CLK 15756 64 64 547 10565 12321 1623129 133 81468
F4E_CLK 15644 64 64 544 10468 12534 1619814 92 80241
F4E_CLK 15303 64 64 545 10113 11683 1530435 96 123597
F4E_CLK 15361 64 64 545 10775 12049 1600728 128 105698
F4E_CLK 15152 64 64 543 10044 11563 1527014 159 101683
F4E_CLK 15026 64 64 545 10054 11634 1532766 126 111949
F4E_CLK 14555 64 64 545 10008 11766 1527040 137 87323
F4E_CLK 34760 64 64 542 18707 22909 3109874 98 50617
F4E_CLK 21927 64 64 543 13156 16642 2197128 111 49130
F4E_CLK 22144 64 64 544 13393 16879 2196885 135 43307
F4E_CLK 36457 64 64 543 19717 26081 3374050 97 50386
F4E_CLK 14861 64 64 543 9928 11835 1525578 134 130000
F4E_CLK 14686 64 64 545 10044 11422 1525568 134 119295
F4E_CLK 14391 64 64 545 10209 11341 1525934 135 150421
F4E_CLK 14265 64 64 546 9682 11099 1444426 130 100805
F4E_CLK 13649 64 64 544 9528 11215 1435473 136 152080
F4E_CLK 13904 64 64 544 9557 10761 1437290 138 124974
F4E_CLK 13193 64 64 545 9311 10749 1351164 137 147297
F4E_CLK 35313 64 64 544 18905 24592 3174081 93 76094
F4E_CLK 23103 64 64 544 13522 17581 2300969 133 77449
F4E_CLK 23229 64 64 545 13684 17741 2304707 91 69592
F4E_CLK 23235 64 64 543 13744 17520 2300759 149 79267
F4E_CLK 23301 64 64 542 13482 17604 2303165 140 95969
F4E_CLK 23137 64 64 543 13835 17510 2298336 133 118737
F4E_CLK 22904 64 64 550 13661 17587 2300360 135 104275
F4E_CLK 33854 64 64 549 18547 25119 3064699 144 59669
F4E_CLK 24666 64 64 550 14544 16787 2239386 137 62288
F4E_CLK 13310 64 64 551 9242 10454 1350070 153 142926
F4E_CLK 13015 64 64 548 9100 10235 1340197 138 147529
F4E_CLK 12773 64 64 551 9160 10154 1345151 136 150978
F4E_CLK 12519 64 64 548 9139 10231 1335610 140 147790
F4E_CLK 12322 64 64 551 9062 9989 1330844 141 148894
F4E_CLK 12056 64 64 552 8677 9473 1244248 110 147657
F4E_CLK 11917 64 64 548 8727 9381 1245802 130 146532
F4E_CLK 35322 64 64 550 19139 21663 3232532 138 46614
F4E_CLK 23676 64 64 550 14366 17994 2391724 145 69525
F4E_CLK 23794 64 64 549 14199 18176 2392264 142 70130
F4E_CLK 23844 64 64 548 13893 18177 2392002 93 68703
F4E_CLK 23662 64 64 550 13852 18712 2391634 148 129160
F4E_CLK 23285 64 64 548 13749 17270 2302270 90 119552
F4E_CLK 22905 64 64 551 13687 17528 2294508 78 131599
F4E_CLK 33546 64 64 548 18242 23086 2904634 96 63114
F4E_CLK 34524 64 64 548 18512 22000 3154460 92 96098
F4E_CLK 22283 64 64 551 13069 16692 2207347 135 145398
F4E_CLK 21625 64 64 550 13337 16681 2198662 143 147227
F4E_CLK 33272 64 64 549 18267 23062 2993057 151 79800
F4E_CLK 11912 64 64 551 8812 9738 1248136 139 89548
F4E_CLK 13367 57 57 552 9527 10741 1200226 142 81053
F4E_CLK 11818 35 35 550 8753 9687 678618 70 44262
F4E_CLK 11782 21 21 550 8764 9924 404560 85 18299
F4E_CLK 11760 21 21 551 8807 9460 404871 145 17470
F4E_CLK 11731 25 25 551 8704 9746 481267 146 25060
F4E_CLK 11706 17 17 549 8688 9671 328006 133 11516
F4E_CLK 11680 22 22 549 8537 9654 424247 131 21034
F4E_CLK 11658 15 15 550 8568 9904 286837 112 9570
F4E_CLK 35029 33 33 550 19308 22328 1637667 147 13756
F4E_CLK 23855 64 64 549 14008 18078 2383546 149 49401
F4E_CLK 23912 64 64 550 14072 18252 2386695 144 52218
F4E_CLK 23944 64 64 550 13971 18273 2380884 79 64719
F4E_CLK 23959 64 64 550 13911 18433 2394268 146 100290
F4E_CLK 23397 64 64 552 13768 17534 2296413 143 114545
F4E_CLK 22944 64 64 548 13603 17701 2291584 145 98991
F4E_CLK 33260 64 64 551 18210 24417 3009375 101 58553
F4E_CLK 34636 64 64 551 18697 21752 3064903 96 61929
F4E_CLK 21822 64 64 550 13207 16981 2198741 141 148897
F4E_CLK 20963 64 64 549 12644 16394 2105718 145 148094
F4E_CLK 29814 64 64 552 16754 22032 2843820 141 136679
F4E_CLK 12276 64 64 551 8588 9771 1252564 145 113309
F4E_CLK 12187 64 64 549 8811 9439 1249572 97 139424
F4E_CLK 30384 44 44 551 16845 19666 1790802 96 40421
F4E_CLK 20052 32 32 549 12406 15540 1002445 92 38641
F4E_CLK 19925 20 19 551 12391 15341 595595 113 14805
F4E_CLK 32084 49 41 549 17652 23198 2017403 93 26188
F4E_CLK 12260 64 64 560 8768 9784 1250450 95 100292
F4E_CLK 13138 58 58 561 9233 10578 1148886 136 84343
F4E_CLK 12984 55 34 559 9310 9516 896452 148 34583
F4E_CLK 1650 17 12 561 4461 1309 28873 478 5885
F4E_CLK 0 0 0 549 486 0 240 84 355
F4E_CLK 0 0 0 550 486 0 240 84 355
F4E_CLK 0 0 0 549 486 0 240 84 357
F4E_CLK 0 0 0 947 486 0 240 84 356
F4E_CLK 0 0 0 559 486 0 240 84 356
F4E_CLK 0 0 0 550 486 0 240 84 355
F4E_CLK 0 0 0 551 486 0 240 84 353
F4E_CLK 23701 61 61 547 14137 18355 2259560 151 37736
F4E_CLK 23868 64 64 550 13949 18594 2381276 143 53298
F4E_CLK 23885 64 64 550 14124 18259 2380765 146 49516
F4E_CLK 23822 64 64 551 14172 18087 2375607 136 61632
F4E_CLK 23482 64 64 545 13732 17752 2300239 85 99816
F4E_CLK 22861 64 64 546 13709 17490 2281974 146 114975
F4E_CLK 34149 64 64 544 18666 24471 3181173 102 118458
F4E_CLK 31679 64 64 547 17447 21099 2728688 102 70511
F4E_CLK 21993 64 64 543 12994 16994 2198460 123 152695
F4E_CLK 20586 64 64 544 12844 16072 2099900 150 147526
F4E_CLK 19867 64 64 544 12273 15492 2010706 146 148074
F4E_CLK 32127 64 64 545 17745 22555 2867878 104 62433
F4E_CLK 12515 64 64 543 8960 10314 1334281 146 89412
F4E_CLK 13603 41 41 553 9654 11179 828295 101 40651
F4E_CLK 19079 28 28 545 11965 14763 836883 95 29886
F4E_CLK 19048 15 15 544 11882 14502 447499 145 9522
F4E_CLK 19023 11 11 544 11941 14928 325804 148 5793
F4E_CLK 22036 60 60 545 13195 14606 1954229 93 70327
F4E_CLK 12447 64 64 545 9123 10716 1332814 136 142487
F4E_CLK 13014 37 37 556 9243 10246 704460 145 30803
F4E_CLK 12634 31 20 556 8994 10674 439753 137 13305
F4E_CLK 0 0 0 945 486 0 240 84 722
F4E_CLK 0 0 0 555 486 0 240 84 355
F4E_CLK 0 0 0 546 486 0 240 84 353
F4E_CLK 12440 53 53 544 9249 10032 1106159 135 55676
F4E_CLK 12370 64 64 553 9087 10352 1324221 149 128901
F4E_CLK 12780 35 35 553 9085 10239 658965 109 28804
F4E_CLK 11205 29 17 553 8227 8850 351852 133 11623
F4E_CLK 1699 9 9 555 4535 1291 18648 531 4335
F4E_CLK 1592 13 4 544 4501 1088 17550 501 1209
F4E_CLK 0 0 0 554 486 0 240 84 354
F4E_CLK 0 0 0 545 486 0 240 84 356
F4E_CLK 0 0 0 544 486 0 240 84 357
F4E_CLK 0 0 0 553 486 0 240 84 355
F4E_CLK 0 0 0 542 486 0 240 84 354
F4E_CLK 0 0 0 545 486 0 240 84 355
F4E_CLK 0 0 0 937 486 0 240 84 353
F4E_CLK 23449 54 54 546 13415 17641 1927114 119 32424
F4E_CLK 23662 64 64 544 14077 18084 2378603 135 58182
F4E_CLK 23718 64 64 545 14081 18314 2379919 144 49248
F4E_CLK 23801 64 64 545 14142 18052 2377317 140 53429
F4E_CLK 23534 64 64 547 13863 17486 2301849 136 97394
F4E_CLK 22912 64 64 544 13773 17444 2283962 135 109831
F4E_CLK 22343 64 64 546 13299 16791 2190447 96 115948
F4E_CLK 26993 64 64 545 15471 18728 2481473 87 66772
F4E_CLK 33406 64 64 545 18037 19889 3152704 147 133932
F4E_CLK 20635 64 64 544 12698 16551 2101449 145 146530
F4E_CLK 19549 64 64 546 12231 15280 2006462 146 138190
F4E_CLK 31795 64 64 544 17824 23354 2893576 97 61075
F4E_CLK 12757 64 64 545 9053 10646 1340804 89 86235
F4E_CLK 14067 48 48 552 9501 11072 990107 97 58572
F4E_CLK 19020 24 24 545 11867 14685 715343 143 23175
F4E_CLK 18995 15 15 545 11770 14726 443729 94 9955
F4E_CLK 18979 14 14 542 11990 14355 416089 149 8915
F4E_CLK 27011 54 54 545 15372 17635 2082492 94 52515
F4E_CLK 12709 64 64 545 9073 10420 1335003 144 132937
F4E_CLK 12924 43 43 555 9206 10280 825603 83 43889
F4E_CLK 12723 33 21 555 9218 10397 461572 143 12340
F4E_CLK 0 0 0 923 486 0 240 84 742
F4E_CLK 0 0 0 546 486 0 240 84 355
F4E_CLK 0 0 0 932 486 0 240 84 355
F4E_CLK 12657 46 46 544 9101 10342 956615 146 40515
F4E_CLK 12624 64 64 556 8983 10431 1329934 140 120827
F4E_CLK 12943 41 41 555 9149 10083 779560 143 39927
F4E_CLK 12174 31 18 553 8680 9600 394653 98 11631
F4E_CLK 1324 2 2 555 4438 1690 3729 458 1023
F4E_CLK 1752 33 11 555 4570 1171 46697 562 5506
F4E_CLK 0 0 0 545 486 0 240 84 355
F4E_CLK 0 0 0 982 486 0 240 84 355
F4E_CLK 9472 2 2 549 7726 8294 29834 136 957
F4E_CLK 12625 64 64 549 9052 10411 1334052 139 83038
F4E_CLK 12522 64 64 561 9247 10286 1336236 146 146997
F4E_CLK 12933 23 23 559 8877 10252 419217 125 12844
F4E_CLK 10164 27 16 559 7885 7907 289609 117 9776
F4E_CLK 1768 22 13 557 4510 1440 37246 553 7764
F4E_CLK 0 0 0 560 486 0 240 84 355
F4E_CLK 1768 48 13 550 4533 1392 67460 530 6856
F4E_CLK 0 0 0 548 486 0 240 84 354
F4E_CLK 0 0 0 561 486 0 240 84 353
F4E_CLK 0 0 0 561 486 0 240 84 353
F4E_CLK 0 0 0 551 486 0 240 84 353
F4E_CLK 0 0 0 549 486 0 240 84 355
F4E_CLK 0 0 0 561 486 0 240 84 354
F4E_CLK 0 0 0 551 486 0 240 84 355
F4E_CLK 22655 17 17 550 13534 17429 598313 142 6989
F4E_CLK 23684 64 64 547 14134 18250 2381009 143 45533
F4E_CLK 23825 64 64 551 14026 18313 2376581 136 45256
F4E_CLK 23848 64 64 549 14147 17713 2353417 143 55102
F4E_CLK 23755 64 64 550 14178 17834 2380540 153 85407
F4E_CLK 23303 64 64 550 13782 17536 2297633 133 116493
F4E_CLK 22800 64 64 549 13660 17357 2279868 146 97776
F4E_CLK 34409 64 64 550 18565 24196 3052527 88 68277
F4E_CLK 34884 64 64 550 18942 20317 3047384 145 57723
F4E_CLK 21556 64 64 550 13288 16553 2187265 138 152850
F4E_CLK 20191 64 64 550 12234 15312 2008514 137 145443
F4E_CLK 19349 64 64 549 11770 14515 1917222 130 146264
F4E_CLK 31642 64 64 551 17161 22169 2786577 96 83068
F4E_CLK 12947 64 64 550 8950 10487 1341461 146 124558
F4E_CLK 33016 29 29 548 18173 20686 1161570 138 14380
F4E_CLK 19155 22 22 548 11771 14910 654312 145 20457
F4E_CLK 19133 15 15 549 11924 14423 443118 88 11142
F4E_CLK 32019 25 25 550 17730 22558 1105148 145 12449
F4E_CLK 12984 64 64 551 9228 10359 1341707 134 86501
F4E_CLK 14233 64 64 561 9793 11406 1373530 98 110826
F4E_CLK 12379 36 22 560 9029 6840 591428 144 18417
F4E_CLK 1809 24 15 561 4547 1251 40987 661 9201
F4E_CLK 0 0 0 551 486 0 240 84 353
F4E_CLK 0 0 0 557 486 0 240 84 357
F4E_CLK 12789 9 9 561 9091 10471 185596 130 3042
F4E_CLK 12900 64 64 550 9100 10282 1340340 140 82718
F4E_CLK 14386 64 64 560 10151 11691 1435883 81 128929
F4E_CLK 12727 19 17 557 9228 7062 322536 95 8801
F4E_CLK 7277 25 15 561 6865 6322 219983 139 9946
F4E_CLK 1820 29 13 561 4552 1092 43759 644 7011
F4E_CLK 0 0 0 551 486 0 240 84 354
F4E_CLK 0 0 0 549 486 0 240 84 354
F4E_CLK 0 0 0 941 486 0 240 84 355
F4E_CLK 12843 29 29 550 9175 10463 605841 136 17615
F4E_CLK 12860 64 64 551 9179 10291 1336259 122 94256
F4E_CLK 13468 51 51 558 9598 10945 1067345 145 62023
F4E_CLK 12778 32 22 560 9127 10272 499791 142 11858
F4E_CLK 1605 5 3 561 4514 1148 7904 506 1194
F4E_CLK 1833 36 13 551 4535 1693 54204 569 6991
F4E_CLK 1832 11 11 551 4512 1445 24795 605 4945
F4E_CLK 1340 10 2 550 4369 1232 12086 453 670
F4E_CLK 0 0 0 550 486 0 240 84 355
F4E_CLK 0 0 0 550 486 0 240 84 352
F4E_CLK 0 0 0 551 486 0 240 84 354
F4E_CLK 12815 63 63 548 9125 10601 1318460 129 66631
F4E_CLK 12706 64 64 561 9130 10201 1334216 130 141812
F4E_CLK 12812 26 26 561 9131 10408 480176 134 16296
F4E_CLK 10006 27 16 559 7905 8153 294809 125 10187
F4E_CLK 1845 19 12 567 4509 1219 32693 623 6101
F4E_CLK 939 4 1 568 3872 1200 3946 364 513
F4E_CLK 1846 45 13 557 4563 1506 65330 631 6537
F4E_CLK 0 0 0 568 486 0 240 84 355
F4E_CLK 1843 59 13 559 4526 1475 80023 572 6844
F4E_CLK 0 0 0 557 486 0 240 84 352
F4E_CLK 0 0 0 557 486 0 240 84 355
F4E_CLK 0 0 0 570 486 0 240 84 353
F4E_CLK 0 0 0 894 486 0 240 84 357
F4E_CLK 0 0 0 559 486 0 240 84 353
F4E_CLK 0 0 0 560 486 0 240 84 354
F4E_CLK 0 0 0 569 486 0 240 84 354
F4E_CLK 22601 16 16 557 13626 17487 565147 144 6506
F4E_CLK 23621 64 64 558 14103 18469 2381829 140 44265
F4E_CLK 23764 64 64 558 14319 18083 2362625 151 45102
F4E_CLK 23675 64 64 557 14015 18099 2374085 137 54157
F4E_CLK 23714 64 64 555 14045 18166 2387475 149 79136
F4E_CLK 23276 64 64 555 13674 17544 2297955 87 110671
F4E_CLK 22779 64 64 557 13499 17699 2286159 146 95680
F4E_CLK 34748 64 64 557 18522 23306 3088404 102 68987
F4E_CLK 35138 64 64 557 18985 23043 3075265 147 57451
F4E_CLK 21585 64 64 558 13203 16798 2196845 149 146693
F4E_CLK 20359 64 64 558 12239 15758 2010291 134 138327
F4E_CLK 19480 64 64 558 12301 15285 1997634 149 149848
F4E_CLK 32301 64 64 557 17767 22225 2762444 145 79948
F4E_CLK 13241 64 64 558 9102 10335 1348648 142 126794
F4E_CLK 33355 29 29 557 17989 21334 1177516 94 14930
F4E_CLK 19191 22 22 559 11683 14719 655137 141 22121
F4E_CLK 19168 16 16 558 11807 14377 475829 147 9734
F4E_CLK 32324 24 24 555 17944 22050 1077722 94 10972
F4E_CLK 13254 64 64 559 9042 10290 1345364 139 86872
F4E_CLK 14593 64 64 568 10092 11770 1429547 147 111063
F4E_CLK 13080 36 22 570 9047 8408 591077 134 15235
F4E_CLK 7769 25 16 568 6901 6309 230308 139 11246
F4E_CLK 0 0 0 885 486 0 240 84 354
F4E_CLK 0 0 0 565 486 0 240 84 356
F4E_CLK 13003 8 8 556 9150 10336 164494 92 3545
F4E_CLK 13145 64 64 558 9005 10437 1344840 85 80787
F4E_CLK 14651 64 64 566 9970 11864 1461441 95 137205
F4E_CLK 13094 19 18 567 9103 7071 336022 147 8886
F4E_CLK 7563 25 15 567 6998 6075 225625 135 9980
F4E_CLK 1897 28 13 567 4502 1513 44515 572 6932
F4E_CLK 0 0 0 557 486 0 240 84 353
F4E_CLK 0 0 0 568 486 0 240 84 355
F4E_CLK 0 0 0 557 486 0 240 84 354
F4E_CLK 13060 28 28 557 9058 10695 583452 90 16417
F4E_CLK 13084 64 64 558 9179 10227 1341490 139 92312
F4E_CLK 13950 52 52 567 9660 11191 1084177 95 64670
F4E_CLK 13135 31 21 565 9133 10271 482227 96 11955
F4E_CLK 1787 7 4 567 4552 1270 11265 592 1412
F4E_CLK 1911 36 13 558 4603 1340 56329 620 6287
F4E_CLK 1909 10 10 557 4535 1637 22224 573 4454
F4E_CLK 1665 14 3 567 4565 1087 18181 567 919
F4E_CLK 0 0 0 558 486 0 240 84 355
F4E_CLK 0 0 0 560 486 0 240 84 352
F4E_CLK 0 0 0 565 486 0 240 84 356
F4E_CLK 13051 62 62 565 9259 10600 1294325 97 65118
F4E_CLK 12968 64 64 566 8953 10308 1332750 122 141579
F4E_CLK 13167 27 27 570 9246 10340 497944 150 15355
F4E_CLK 10352 27 16 568 8157 8779 303074 141 10437
F4E_CLK 1924 18 12 568 3972 1900 33188 148 6381
F4E_CLK 983 4 1 556 3921 1205 3953 347 569
F4E_CLK 1924 44 13 558 4007 2152 65234 137 5972
F4E_CLK 0 0 0 557 486 0 240 84 355
F4E_CLK 1923 58 13 542 3950 2023 79498 134 6662
F4E_CLK 0 0 0 541 486 0 240 84 355
F4E_CLK 0 0 0 541 486 0 240 84 356
F4E_CLK 0 0 0 539 486 0 240 84 356
F4E_CLK 12957 34 34 541 9234 10189 706037 134 21988
F4E_CLK 12962 64 64 542 9032 10171 1337687 94 94396
F4E_CLK 13776 46 46 552 9568 10842 936291 94 44505
F4E_CLK 13186 37 23 550 9034 10408 545677 141 12868
F4E_CLK 1453 4 2 551 4461 1293 5617 456 1108
F4E_CLK 1937 36 13 541 3928 2569 56166 141 6530
F4E_CLK 1937 16 12 542 4006 2255 32407 141 6152
F4E_CLK 991 6 1 542 3904 1344 5787 289 587
F4E_CLK 1937 30 13 549 4058 2055 49726 143 5836
F4E_CLK 0 0 0 541 486 0 240 84 356
F4E_CLK 1937 32 13 540 3993 2010 50998 143 6389
F4E_CLK 0 0 0 541 486 0 240 84 355
F4E_CLK 0 0 0 851 486 0 240 84 353
F4E_CLK 0 0 0 539 486 0 240 84 357
F4E_CLK 0 0 0 541 486 0 240 84 356
F4E_CLK 0 0 0 541 486 0 240 84 352
F4E_CLK 0 0 0 543 486 0 240 84 353
F4E_CLK 0 0 0 542 486 0 240 84 353
F4E_CLK 0 0 0 540 486 0 240 84 355
F4E_CLK 23262 41 41 542 13533 17753 1458358 142 19202
F4E_CLK 23603 64 64 542 14182 17927 2373677 143 49523
F4E_CLK 23637 64 64 541 14031 18248 2375600 147 55421
F4E_CLK 23645 64 64 543 14221 18036 2375410 142 63119
F4E_CLK 23461 64 64 543 13594 17195 2304642 95 106361
F4E_CLK 23017 64 64 541 13753 17559 2290543 128 93463
F4E_CLK 22547 64 64 541 13726 17351 2274122 147 95108
F4E_CLK 33657 64 64 539 18205 23053 2880825 148 50833
F4E_CLK 35267 64 64 541 19141 21335 3191268 149 86327
F4E_CLK 21143 64 64 540 12702 16146 2106010 149 151981
F4E_CLK 20069 64 64 539 12261 15245 2003849 94 145017
F4E_CLK 32931 64 64 540 18187 22108 2986526 133 79242
F4E_CLK 13478 64 64 541 9621 11004 1437886 144 81224
F4E_CLK 15263 61 61 551 10232 11549 1365060 84 96518
F4E_CLK 19341 21 21 540 11909 14820 628624 142 19026
F4E_CLK 19319 15 15 542 11748 14824 444985 136 10672
F4E_CLK 19305 16 16 540 11873 14467 477358 145 14028
F4E_CLK 30230 42 42 541 16562 21684 1741163 104 31455
F4E_CLK 13412 64 64 541 9733 10722 1428532 148 112372
F4E_CLK 14400 49 49 553 9968 11380 1059420 135 57274
F4E_CLK 13972 43 28 551 9669 10580 689624 138 18044
F4E_CLK 0 0 0 860 486 0 240 84 743
F4E_CLK 0 0 0 541 486 0 240 84 353
F4E_CLK 0 0 0 552 486 0 240 84 356
F4E_CLK 13371 33 33 541 9481 10942 735955 138 20856
F4E_CLK 13377 64 64 541 9588 11068 1419866 145 98443
F4E_CLK 14120 47 47 552 9654 10859 973808 92 49951
F4E_CLK 13485 36 23 550 9626 11125 574415 139 12306
F4E_CLK 1478 4 2 551 4485 1256 5699 464 1091
F4E_CLK 1988 36 13 543 4249 2031 57175 136 6392
F4E_CLK 0 0 0 541 486 0 240 84 355
F4E_CLK 0 0 0 543 486 0 240 84 355
F4E_CLK 0 0 0 541 486 0 240 84 353
F4E_CLK 13384 53 53 553 9554 10884 1181195 149 47461
F4E_CLK 13313 64 64 552 9717 10435 1403175 137 128322
F4E_CLK 13796 35 35 549 9512 11096 707392 130 26505
F4E_CLK 12088 29 17 552 8623 9435 376324 147 10533
F4E_CLK 2000 9 9 551 4161 2163 20236 134 3576
F4E_CLK 1882 13 4 553 4566 1270 19050 609 1475
F4E_CLK 2001 35 13 551 4154 2023 55712 136 6116
F4E_CLK 0 0 0 542 486 0 240 84 355
F4E_CLK 0 0 0 874 486 0 240 84 354
F4E_CLK 0 0 0 557 486 0 240 84 355
F4E_CLK 13238 23 23 557 9269 10338 479290 145 11376
F4E_CLK 13270 64 64 558 9224 10313 1339920 145 86060
F4E_CLK 14458 57 57 568 9976 11443 1253866 82 80205
F4E_CLK 13471 26 16 568 9436 11536 432648 146 8505
F4E_CLK 2010 15 9 568 4115 1920 27354 132 4291
F4E_CLK 2015 36 13 556 4090 2390 57322 130 6670
F4E_CLK 1947 5 5 558 3977 1892 11469 130 1690
F4E_CLK 1999 32 8 557 4023 2322 45731 134 2551
F4E_CLK 2015 19 12 557 4086 1977 35156 140 6152
F4E_CLK 1002 8 1 568 3964 1232 7565 304 586
F4E_CLK 0 0 0 565 486 0 240 84 354
F4E_CLK 0 0 0 557 486 0 240 84 354
F4E_CLK 0 0 0 555 486 0 240 84 355
F4E_CLK 13186 59 59 557 9338 10437 1232605 139 58308
F4E_CLK 13069 64 64 568 9195 10261 1331590 84 136563
F4E_CLK 13578 29 29 568 9458 10970 567951 99 18631
F4E_CLK 12087 29 17 568 8644 9445 366076 109 10547
F4E_CLK 2028 15 12 567 4225 2180 31334 100 6578
F4E_CLK 997 4 1 558 3969 1379 4026 331 579
F4E_CLK 2028 41 13 558 4297 2110 63131 96 6570
F4E_CLK 0 0 0 568 486 0 240 84 355
F4E_CLK 2028 55 13 557 4329 1984 79549 112 6551
F4E_CLK 0 0 0 875 486 0 240 84 355
F4E_CLK 2028 57 13 558 4180 1912 80751 122 6670
F4E_CLK 0 0 0 558 486 0 240 84 353
F4E_CLK 0 0 0 557 486 0 240 84 355
F4E_CLK 0 0 0 557 486 0 240 84 354
F4E_CLK 13022 21 21 557 9257 10390 436236 136 10597
F4E_CLK 13066 64 64 556 9126 10282 1338763 119 83437
F4E_CLK 14563 59 59 568 9989 11444 1298969 93 86634
F4E_CLK 13337 24 14 568 9766 10289 391425 85 7377
F4E_CLK 2039 19 11 568 4015 2034 34439 138 5311
F4E_CLK 2039 36 13 560 4136 1937 57862 132 6809
F4E_CLK 1777 3 3 568 4524 1189 6279 600 921
F4E_CLK 2035 42 10 558 4217 2163 59907 113 3889
F4E_CLK 2040 17 12 558 4132 2151 35113 103 5753
F4E_CLK 1030 8 1 567 4379 1391 9029 415 486
F4E_CLK 2041 19 12 567 4152 2395 37094 135 6430
F4E_CLK 1033 10 1 568 4328 1008 11020 420 477
F4E_CLK 2034 9 9 557 4113 2099 22056 85 3664
F4E_CLK 1893 28 4 566 4578 1391 34912 660 1175
F4E_CLK 0 0 0 557 486 0 240 84 355
F4E_CLK 0 0 0 557 486 0 240 84 355
F4E_CLK 0 0 0 560 486 0 240 84 354
F4E_CLK 0 0 0 555 486 0 240 84 355
F4E_CLK 0 0 0 558 486 0 240 84 354
F4E_CLK 0 0 0 877 486 0 240 84 355
F4E_CLK 0 0 0 557 486 0 240 84 356
F4E_CLK 21501 6 6 557 12939 16048 191518 91 1906
F4E_CLK 23154 64 64 558 13852 17433 2297489 132 43138
F4E_CLK 23270 64 64 559 13684 17611 2296695 104 45660
F4E_CLK 23273 64 64 557 13759 17329 2288694 86 48806
F4E_CLK 23176 64 64 559 13763 17415 2294371 87 61881
F4E_CLK 22829 64 64 557 13621 17578 2295076 141 103286
F4E_CLK 22407 64 64 558 13322 16840 2197959 139 101659
F4E_CLK 35181 64 64 559 19295 25240 3188390 88 94273
F4E_CLK 35079 64 64 558 18829 22423 3043264 152 63173
F4E_CLK 21493 64 64 558 12976 15920 2110213 130 152070
F4E_CLK 20564 64 64 556 12801 15796 2098958 135 148732
F4E_CLK 19775 64 64 559 12045 15515 2003465 150 140073
F4E_CLK 33141 64 64 558 18009 22516 2909163 136 64840
F4E_CLK 13592 64 64 558 9576 11071 1433765 88 103997
F4E_CLK 15040 32 32 549 10187 11956 679007 96 24612
F4E_CLK 19484 28 28 540 12180 15523 874071 139 33019
F4E_CLK 19454 16 16 542 11880 14792 478270 139 11125
F4E_CLK 31974 16 15 541 17708 21198 698376 96 7215
F4E_CLK 13508 64 64 543 9599 10731 1435931 150 84668
F4E_CLK 13358 64 64 553 9582 10768 1423255 132 149011
F4E_CLK 14345 36 30 553 10175 7080 688101 93 19389
F4E_CLK 12670 28 18 551 9033 10069 376838 136 11454
F4E_CLK 0 0 0 877 486 0 240 84 722
F4E_CLK 0 0 0 543 486 0 240 84 353
F4E_CLK 0 0 0 543 486 0 240 84 353
F4E_CLK 13439 62 62 551 9439 11053 1377514 141 66955
F4E_CLK 13339 64 64 553 9829 10706 1426144 130 140003
F4E_CLK 13904 27 27 551 9471 10969 534464 146 15594
F4E_CLK 10899 27 16 551 8293 9030 323548 137 10718
F4E_CLK 2093 18 12 551 4571 2234 38798 95 5753
F4E_CLK 1074 4 1 541 4286 1366 4668 379 560
F4E_CLK 0 0 0 541 486 0 240 84 355
F4E_CLK 0 0 0 539 486 0 240 84 356
F4E_CLK 13358 18 18 551 9562 10728 400510 133 8497
F4E_CLK 13406 64 64 542 9360 11144 1425188 149 81741
F4E_CLK 14987 62 62 551 10186 11775 1382180 94 97107
F4E_CLK 11811 21 11 551 8627 9702 296409 101 7341
F4E_CLK 2107 24 14 552 4617 2315 49457 146 7975
F4E_CLK 2105 36 13 540 4552 2092 64576 98 6703
F4E_CLK 0 0 0 541 486 0 240 84 354
F4E_CLK 2104 48 13 540 4586 2017 79144 129 7087
F4E_CLK 0 0 0 551 486 0 240 84 355
F4E_CLK 0 0 0 549 486 0 240 84 355
F4E_CLK 0 0 0 551 486 0 240 84 355
F4E_CLK 13369 52 52 539 9554 10663 1162554 150 45164
F4E_CLK 13317 64 64 550 9822 10882 1422138 135 121763
F4E_CLK 14184 36 36 551 9643 10556 715964 92 26671
F4E_CLK 12445 29 17 552 9159 10505 387559 147 10609
F4E_CLK 2110 8 8 551 4560 2133 20810 132 3060
F4E_CLK 2045 14 5 540 4178 1940 22376 131 1545
F4E_CLK 2119 34 13 551 4527 2390 61888 146 6808
F4E_CLK 0 0 0 551 486 0 240 84 355
F4E_CLK 2119 48 13 541 4596 2192 79954 149 5975
F4E_CLK 0 0 0 551 486 0 240 84 354
F4E_CLK 0 0 0 879 486 0 240 84 355
F4E_CLK 0 0 0 550 486 0 240 84 356
F4E_CLK 13263 24 24 553 9051 10548 503208 143 12678
F4E_CLK 13292 64 64 541 9156 10407 1341929 141 83730
F4E_CLK 14767 56 56 552 10070 10941 1227947 99 75924
F4E_CLK 13944 27 17 551 9666 10832 456936 96 9018
F4E_CLK 2118 13 8 551 4581 2394 27085 147 3137
F4E_CLK 2132 36 13 541 4575 2197 64623 102 7261
F4E_CLK 2105 6 6 542 4586 2034 15591 142 1930
F4E_CLK 2109 27 7 552 4610 2040 44075 96 2194
F4E_CLK 2132 20 13 541 4552 2236 42888 139 6115
F4E_CLK 0 0 0 541 486 0 240 84 355
F4E_CLK 2132 22 13 541 4631 2141 45296 105 6832
F4E_CLK 0 0 0 541 486 0 240 84 355
F4E_CLK 0 0 0 552 486 0 240 84 354
F4E_CLK 0 0 0 541 486 0 240 84 354
F4E_CLK 0 0 0 853 486 0 240 84 355
F4E_CLK 13237 50 50 542 9300 10416 1049627 109 42332
F4E_CLK 13189 64 64 551 9222 10558 1344848 109 117647
F4E_CLK 14186 37 37 552 9803 10869 749353 149 29558
F4E_CLK 13231 31 18 552 9271 10353 433002 138 10893
F4E_CLK 2111 6 6 551 4597 2292 15999 146 2302
F4E_CLK 2125 20 7 541 4528 2528 35379 98 1786
F4E_CLK 2144 32 13 542 4552 2285 58366 140 5975
F4E_CLK 0 0 0 874 486 0 240 84 352
F4E_CLK 2145 46 13 572 4566 2402 76959 139 7225
F4E_CLK 0 0 0 562 486 0 240 84 355
F4E_CLK 2145 48 13 562 4574 2259 79764 147 7780
F4E_CLK 0 0 0 562 486 0 240 84 355
F4E_CLK 2144 38 13 563 4543 2205 66303 116 6391
F4E_CLK 0 0 0 562 486 0 240 84 355
F4E_CLK 0 0 0 560 486 0 240 84 355
F4E_CLK 0 0 0 852 486 0 240 84 354
F4E_CLK 0 0 0 573 486 0 240 84 354
F4E_CLK 13188 54 54 573 9253 10427 1127810 85 50337
F4E_CLK 13070 64 64 572 9102 10503 1337527 143 132910
F4E_CLK 14252 34 34 574 9570 10974 699892 139 26316
F4E_CLK 12586 29 17 572 9020 9926 391486 95 10564
F4E_CLK 2155 10 10 572 4530 2397 26388 141 4532
F4E_CLK 1867 10 3 561 4514 1594 13719 670 893
F4E_CLK 2158 36 13 562 4498 2587 64890 111 6699
F4E_CLK 0 0 0 563 486 0 240 84 355
F4E_CLK 2157 50 13 563 4558 2266 81587 111 6415
F4E_CLK 0 0 0 562 486 0 240 84 354
F4E_CLK 2158 52 13 564 4547 2270 86010 111 7253
F4E_CLK 0 0 0 563 486 0 240 84 352
F4E_CLK 2158 42 13 563 4631 2149 71554 106 6406
F4E_CLK 0 0 0 560 486 0 240 84 355
F4E_CLK 2158 20 13 562 4536 2236 42970 149 7087
F4E_CLK 0 0 0 563 486 0 240 84 354
F4E_CLK 2145 52 52 564 4532 2389 137969 148 95405
F4E_CLK 2093 64 64 562 4624 2125 169548 146 144290
F4E_CLK 2029 64 64 561 4294 1863 162377 139 147485
F4E_CLK 1950 64 64 563 4099 2137 154822 132 138868
F4E_CLK 1822 64 64 562 4562 1248 142014 617 142762
F4E_CLK 1694 64 64 563 4560 1431 141452 580 142340
F4E_CLK 1566 64 64 562 4619 1091 135446 493 142643
F4E_CLK 1438 64 51 561 4503 1123 114919 433 83102
F4E_CLK 1336 64 64 562 4425 1110 129244 412 147639
F4E_CLK 1208 64 64 563 4425 1300 129958 399 140929
F4E_CLK 959 64 47 563 3979 1414 100860 354 78155
F4E_CLK 912 64 35 561 4022 1339 87871 338 43026
F4E_CLK 14765 63 32 563 9927 8483 1099677 141 10878
F4E_CLK 15882 64 64 562 10506 12737 1611384 134 31091
F4E_CLK 16383 64 64 562 10497 12855 1615695 90 29299
F4E_CLK 16578 64 64 562 10956 12882 1701770 149 41625
F4E_CLK 16554 64 64 563 10895 13236 1697158 146 41897
F4E_CLK 16996 64 64 564 10789 13515 1700876 145 39939
F4E_CLK 17138 64 64 563 11005 13092 1703488 152 43706
F4E_CLK 16821 64 64 564 11006 13174 1706037 139 45643
F4E_CLK 17388 64 64 562 11003 13188 1716975 150 55060
F4E_CLK 17395 64 64 564 11131 13118 1732959 94 85104
F4E_CLK 17202 64 64 563 11092 12998 1727884 125 80101
F4E_CLK 17185 64 64 563 10849 13285 1723180 100 67862
F4E_CLK 16879 64 64 560 10973 13022 1722581 154 105785
F4E_CLK 16918 64 64 562 11004 13539 1719066 145 68967
F4E_CLK 16601 64 64 561 10967 12905 1713447 149 102466
F4E_CLK 16027 64 64 563 10524 12225 1625373 98 108397
F4E_CLK 39679 64 64 562 20673 24695 3787904 148 44924
F4E_CLK 38786 64 64 562 20709 28137 3717624 133 48438
F4E_CLK 38988 64 64 563 20988 28771 3798980 145 45776
F4E_CLK 41490 64 64 563 21494 30413 3815222 146 57301
F4E_CLK 16657 64 64 563 10910 13100 1721274 124 108213
F4E_CLK 16427 64 64 560 10960 13043 1719184 145 89684
F4E_CLK 16208 64 64 560 10435 12238 1627186 78 97869
F4E_CLK 15898 64 64 563 10420 12537 1625374 141 145277
F4E_CLK 15823 64 64 565 10546 12333 1627071 79 81257
F4E_CLK 15458 64 64 561 10343 12729 1620203 150 142198
F4E_CLK 14722 64 64 545 9995 11826 1523457 140 142778
F4E_CLK 41822 64 64 541 21838 25475 3916366 113 56262
F4E_CLK 39927 64 64 543 21093 28980 3832980 88 80738
F4E_CLK 39934 64 64 543 20846 29078 3829646 92 65638
F4E_CLK 39939 64 64 542 21568 29798 3903816 128 56211
F4E_CLK 39812 64 64 544 20734 29417 3833997 130 101372
F4E_CLK 39498 64 64 543 20671 29340 3823780 75 94192
F4E_CLK 39204 64 64 544 20850 28986 3826551 146 118752
F4E_CLK 52588 64 64 542 26760 37134 4916700 142 66495
F4E_CLK 51607 64 64 544 26362 36907 4345725 138 108150
F4E_CLK 14988 64 64 543 9931 11995 1520234 93 142968
F4E_CLK 14716 64 64 542 9959 11986 1517974 96 154892
F4E_CLK 14463 64 64 545 9938 11679 1526730 136 145429
F4E_CLK 14197 64 64 541 9687 10814 1436273 98 147468
F4E_CLK 13960 64 64 543 9549 10949 1426450 128 152787
F4E_CLK 13749 64 64 543 9514 11202 1437461 140 149761
F4E_CLK 41567 64 64 541 21802 25843 3586823 137 113455
F4E_CLK 40308 64 64 543 21704 29410 3919236 146 67487
F4E_CLK 40344 64 64 546 21571 29757 3926160 142 60653
F4E_CLK 40327 64 64 544 21274 29822 3917301 142 69372
F4E_CLK 40186 64 64 545 21134 30068 3915649 152 76487
F4E_CLK 39762 64 64 543 21089 28928 3831825 135 128709
F4E_CLK 39337 64 64 543 21106 28771 3826332 144 108443
F4E_CLK 53745 64 64 541 26892 38430 4985190 137 83996
F4E_CLK 53934 64 64 545 27319 38256 5020796 93 64159
F4E_CLK 38759 64 64 544 20499 28138 3733826 89 139301
F4E_CLK 37950 64 64 545 20352 28112 3722742 142 148900
F4E_CLK 37326 64 64 543 20065 27635 3638428 130 149864
F4E_CLK 53237 64 64 543 27015 37049 4914985 82 86225
F4E_CLK 38116 64 64 543 20615 28213 3729628 148 118317
F4E_CLK 52887 64 64 542 26778 37389 4341156 102 62319
F4E_CLK 13458 64 64 542 9616 11175 1421147 141 144045
F4E_CLK 13385 64 64 545 9594 11175 1430006 142 144330
F4E_CLK 13312 64 64 545 9122 10709 1350161 130 144581
F4E_CLK 13239 64 64 544 9311 10058 1341964 82 142946
F4E_CLK 13130 64 64 543 9114 10204 1338058 134 146545
F4E_CLK 13057 64 64 545 9064 10268 1339468 81 151378
F4E_CLK 12984 64 64 546 9076 10221 1345871 140 149454
F4E_CLK 41597 64 64 545 21825 25788 3931082 136 38670
F4E_CLK 41915 64 64 543 21777 30360 4016808 141 57426
F4E_CLK 41877 64 64 542 21738 30353 4008005 90 55284
F4E_CLK 41797 64 64 544 21570 30732 4012667 77 61491
F4E_CLK 41406 64 64 543 21765 30308 4011172 137 107471
F4E_CLK 40687 64 64 544 21359 29476 3908350 142 117788
F4E_CLK 40162 64 64 543 21144 29763 3902081 85 135291
F4E_CLK 53180 64 64 542 26971 35566 4935773 147 64373
F4E_CLK 54411 64 64 545 27374 39162 5019642 143 128748
F4E_CLK 37993 64 64 543 20375 28127 3732305 146 149438
F4E_CLK 37694 64 64 546 19998 27631 3650204 152 146836
F4E_CLK 54836 64 64 542 27603 37759 5053655 100 69011
F4E_CLK 38654 64 64 543 20326 28485 3730795 92 94692
F4E_CLK 53109 64 64 543 26898 37796 4750892 105 106692
F4E_CLK 36588 64 64 543 19509 26505 3534977 134 120937
F4E_CLK 36340 64 64 543 19680 26668 3510746 147 108997
F4E_CLK 36228 64 64 544 19474 26806 3507094 94 116964
F4E_CLK 53821 64 64 541 27045 35837 5085681 163 62857
F4E_CLK 50784 64 64 543 26060 36670 4879750 129 133105
F4E_CLK 51960 64 64 542 26510 37283 4769668 141 88864
F4E_CLK 51424 64 64 544 26082 37611 4448630 85 86345
F4E_CLK 12856 64 64 544 9282 10342 1334830 151 151602
F4E_CLK 12772 64 64 542 8992 10425 1354784 95 145093
F4E_CLK 12662 64 64 544 9001 10594 1328013 108 143795
F4E_CLK 12516 64 64 545 9122 10347 1337213 143 155152
F4E_CLK 12357 64 64 543 9100 10199 1336530 141 143335
F4E_CLK 12229 64 64 562 8614 9754 1250614 81 145540
F4E_CLK 11551 64 64 562 8826 9466 1249840 144 143756
F4E_CLK 53401 64 64 563 27246 28696 4663142 148 61950
F4E_CLK 54458 64 64 562 27972 39170 5237209 137 46877
F4E_CLK 54417 64 64 562 27479 39758 5227485 153 47848
F4E_CLK 54070 64 64 560 27188 38745 5141396 148 62770
F4E_CLK 54076 64 64 564 27442 38575 5159878 80 102215
F4E_CLK 53279 64 64 560 27652 38639 5142309 147 105565
F4E_CLK 52334 64 64 562 26773 38216 5047462 145 96628
F4E_CLK 55518 64 64 562 27972 40281 5305492 130 53982
F4E_CLK 55940 64 64 564 28225 40547 5319570 149 61512
F4E_CLK 50672 64 64 564 25911 36987 4866697 86 147964
F4E_CLK 48935 64 64 562 25046 35416 4690112 145 143613
F4E_CLK 53772 64 64 564 27319 39026 5118903 144 130557
F4E_CLK 52259 64 64 565 26476 38360 5052108 133 100092
F4E_CLK 51501 64 64 562 26245 37552 4966591 145 147367
F4E_CLK 51045 64 64 563 26052 36558 4689899 151 68142
F4E_CLK 47399 64 64 560 24344 34842 4562996 144 117492
F4E_CLK 47304 64 64 561 24528 34469 4564177 151 132537
F4E_CLK 54192 64 64 564 27589 38193 5105194 131 64982
F4E_CLK 51478 64 64 564 26751 37330 4960605 131 87210
F4E_CLK 49811 64 64 564 25166 36289 4633237 136 107900
F4E_CLK 49381 64 64 565 25175 36462 4666586 105 108309
F4E_CLK 45839 64 64 560 23477 26748 4130710 78 89872
F4E_CLK 44112 64 64 564 23191 32367 4301076 143 145572
F4E_CLK 44048 64 64 562 23255 32353 4292935 140 149594
F4E_CLK 51123 64 64 560 26200 36406 4835888 137 92867
F4E_CLK 51062 64 64 562 25938 36724 4869598 143 82602
F4E_CLK 49618 64 64 562 25328 36286 4612117 93 106544
F4E_CLK 47047 64 64 562 24188 33886 4452922 131 127906
F4E_CLK 45672 64 64 564 23746 33281 4103870 97 85162
F4E_CLK 45505 64 64 562 23590 33269 3980385 142 123589
F4E_CLK 22178 64 64 563 13189 14754 2028222 147 129909
F4E_CLK 11205 64 64 563 8277 8957 1150875 152 148031
F4E_CLK 11057 64 64 562 8258 8699 1150868 148 146833
F4E_CLK 10909 64 64 562 8384 9078 1149267 132 141366
F4E_CLK 10761 64 64 565 8177 9136 1160741 139 145473
F4E_CLK 10613 64 64 560 8183 9003 1153935 133 148235
F4E_CLK 10463 64 64 560 8294 8877 1149742 141 141512
F4E_CLK 50702 64 64 563 25726 27844 4002597 143 97609
F4E_CLK 52546 64 64 561 26838 37936 5038094 141 44413
F4E_CLK 52677 64 64 562 26547 38545 5047818 136 44668
F4E_CLK 52456 64 64 561 26808 37780 5020188 142 52160
F4E_CLK 52341 64 64 563 26678 37598 5037424 137 76760
F4E_CLK 51758 64 64 562 26225 37455 4962255 149 106497
F4E_CLK 50975 64 64 562 25928 36945 4863451 145 92766
F4E_CLK 54451 64 64 561 27678 39601 5187291 154 77318
F4E_CLK 54649 64 64 562 27635 39499 5215861 83 58891
F4E_CLK 49209 64 64 562 25366 35851 4769513 143 151409
F4E_CLK 47276 64 64 563 24473 34423 4575679 149 145557
F4E_CLK 46263 64 64 565 24087 33822 4480944 150 140955
F4E_CLK 53344 64 64 562 27054 39045 5123899 144 78400
F4E_CLK 50062 64 64 560 25402 36484 4780183 85 122594
F4E_CLK 51162 64 64 562 25750 37321 4668991 143 94019
F4E_CLK 45382 64 64 563 23712 32908 4380061 146 140856
F4E_CLK 45281 64 64 560 23618 33260 4367539 147 120930
F4E_CLK 52273 64 64 562 26699 36403 4926892 133 92464
F4E_CLK 50034 64 64 563 25352 36252 4773347 141 86502
F4E_CLK 48792 64 64 563 25005 35611 4593106 100 122471
F4E_CLK 46937 64 64 563 23991 28056 4403149 92 108342
F4E_CLK 46227 64 64 561 24061 34079 4406549 149 132802
F4E_CLK 42118 64 64 562 22449 31354 4111823 140 150025
F4E_CLK 42054 64 64 560 22243 31409 4115372 138 155156
F4E_CLK 48317 64 64 562 24853 35341 4594350 148 128748
F4E_CLK 49595 64 64 545 25205 36309 4768589 140 83177
F4E_CLK 48119 64 64 546 24515 34683 4574942 136 150149
F4E_CLK 46502 64 64 543 24316 33601 4457232 145 124272
F4E_CLK 45616 64 64 545 23756 33140 4327133 136 136118
F4E_CLK 43329 64 64 542 22747 31822 4188388 135 110526
F4E_CLK 41645 64 64 542 21745 30636 3954735 151 136527
F4E_CLK 41581 64 64 544 21748 30435 4022962 135 144188
F4E_CLK 41513 64 64 542 21970 30269 4017647 146 151563
F4E_CLK 48833 64 64 544 25152 34027 4492850 96 76790
F4E_CLK 48613 64 64 544 24833 35328 4666122 140 84127
F4E_CLK 46819 64 64 546 24125 34128 4473987 93 106775
F4E_CLK 45319 64 64 543 23519 33392 4356583 144 121502
F4E_CLK 42593 64 64 543 22154 31377 4073557 150 151412
F4E_CLK 42457 64 64 544 22093 31266 4025752 102 128473
F4E_CLK 40869 64 64 543 21128 29984 3937792 93 149077
F4E_CLK 42321 64 64 543 22165 31280 3917484 145 143764
F4E_CLK 10119 64 64 545 7830 8151 1059252 75 146469
F4E_CLK 9971 64 64 543 7692 8010 1060186 81 147428
F4E_CLK 9823 64 64 545 7850 8167 1053060 140 149777
F4E_CLK 9675 64 64 544 7864 8127 1049429 93 144682
F4E_CLK 9527 64 64 541 7719 8075 1052867 93 146278
F4E_CLK 9377 64 64 544 7851 8242 1046527 142 148384
F4E_CLK 9149 64 64 544 7439 7281 970034 139 146140
F4E_CLK 35909 64 64 544 19655 20865 3123764 148 62989
F4E_CLK 37200 64 64 543 19874 27272 3612275 136 46917
F4E_CLK 37192 64 64 544 20042 27428 3608337 143 47837
F4E_CLK 36878 64 64 543 20249 27218 3586841 139 60948
F4E_CLK 36771 64 64 542 19865 26504 3532788 111 98340
F4E_CLK 36089 64 64 545 19379 26992 3523283 146 105959
F4E_CLK 35314 64 64 543 19061 26153 3426218 153 96351
F4E_CLK 52368 64 64 544 26933 35279 4854143 145 52196
F4E_CLK 52617 64 64 543 26947 38402 4935162 102 61319
F4E_CLK 33383 64 64 541 18131 24586 3254752 144 147800
F4E_CLK 31491 64 64 542 17391 23143 3063583 146 137926
F4E_CLK 48274 64 64 545 24963 33926 4375816 144 134419
F4E_CLK 48537 64 64 542 24942 35040 4676450 128 98856
F4E_CLK 47758 64 64 543 24505 34182 4578505 95 147240
F4E_CLK 47077 64 64 542 24265 33728 4246176 137 96115
F4E_CLK 29533 64 64 543 16205 22112 2851982 139 124831
F4E_CLK 29364 64 64 543 16364 22022 2843815 143 136367
F4E_CLK 50256 64 64 545 25881 33287 4564291 149 65506
F4E_CLK 47439 64 64 543 24358 34758 4580108 148 88856
F4E_CLK 45696 64 64 542 23582 33080 4371668 150 112068
F4E_CLK 44470 64 64 544 22878 31950 4248763 94 105679
F4E_CLK 40772 64 64 543 21431 29438 3782904 92 148864
F4E_CLK 25865 64 64 543 14929 19919 2582649 80 150897
F4E_CLK 25737 64 64 543 14886 20180 2584439 147 145001
F4E_CLK 46729 64 64 542 24158 29707 4251232 114 91675
F4E_CLK 46783 64 64 542 23909 33990 4478676 91 82702
F4E_CLK 45087 64 64 543 23826 32842 4362378 142 104528
F4E_CLK 41362 64 64 542 21501 30217 3970820 92 131279
F4E_CLK 40417 64 64 546 21135 28666 3874977 91 137628
F4E_CLK 40146 64 64 542 21369 29524 3872105 140 83014
F4E_CLK 36089 64 64 545 19355 27379 3544741 147 148488
F4E_CLK 35959 64 64 541 19811 26598 3526647 146 143340
F4E_CLK 35593 64 64 542 18980 25957 3444330 97 149492
F4E_CLK 44387 64 64 544 23210 30794 4120960 140 54159
F4E_CLK 43671 64 64 544 22717 32027 4190300 149 90655
F4E_CLK 43112 64 64 546 22813 31566 4113424 140 123021
F4E_CLK 42186 64 64 545 22309 30597 4039971 148 92752
F4E_CLK 38073 64 64 542 20416 28549 3711929 152 147642
F4E_CLK 39017 64 64 542 20847 28790 3777295 151 136783
F4E_CLK 38911 64 64 544 20592 28152 3714616 99 108490
F4E_CLK 37818 64 64 543 20152 27269 3630259 139 148918
F4E_CLK 36615 64 64 547 19717 26742 3546114 134 150139
F4E_CLK 36487 64 64 547 19594 26999 3544555 146 142906
F4E_CLK 36359 64 64 545 19564 26923 3544809 142 149302
F4E_CLK 44937 64 64 546 23170 32136 4281170 145 58580
F4E_CLK 43353 64 64 546 22639 32045 4176890 148 129842
F4E_CLK 41456 64 64 548 21695 30370 3975234 136 118445
F4E_CLK 40627 64 64 544 21344 29812 3874844 147 120100
F4E_CLK 38113 64 64 547 20409 28226 3715239 149 110651
F4E_CLK 36893 64 64 546 20168 27625 3588941 142 148908
F4E_CLK 29225 64 64 544 16269 21292 2841971 134 119131
F4E_CLK 26968 64 64 549 15445 20665 2636278 141 142340
F4E_CLK 28941 64 64 546 16294 21446 2789882 92 127489
F4E_CLK 19383 64 64 545 11963 14575 1912141 140 146365
F4E_CLK 19237 64 64 547 11750 14564 1925762 94 143641
F4E_CLK 19103 64 64 546 11934 14617 1917533 137 149060
F4E_CLK 18794 64 64 543 11710 14626 1810751 101 148761
F4E_CLK 8291 64 64 546 7288 7478 954875 145 145422
F4E_CLK 8141 64 64 546 6910 6711 872035 93 149464
F4E_CLK 7987 64 64 545 6875 6894 867384 146 145966
F4E_CLK 7831 64 64 548 6908 6538 859374 137 154437
F4E_CLK 37681 64 64 546 20093 21849 3485893 138 36721
F4E_CLK 38258 64 64 547 20348 28653 3698553 129 54653
F4E_CLK 38079 64 64 549 20167 27952 3696701 138 50507
F4E_CLK 38011 64 64 547 20170 27857 3689790 150 57992
F4E_CLK 37615 64 64 548 20153 27609 3633889 131 106510
F4E_CLK 36794 64 64 547 19785 26840 3533267 94 108853
F4E_CLK 35911 64 64 546 19467 27443 3496953 144 115939
F4E_CLK 46590 64 64 544 23955 32755 4450189 149 60486
F4E_CLK 47210 64 64 546 24383 34974 4451839 132 123052
F4E_CLK 33442 64 64 549 18150 24790 3253681 96 147100
F4E_CLK 31815 64 64 546 17954 23515 3121932 142 136803
F4E_CLK 47334 64 64 544 24388 33652 4438798 91 63810
F4E_CLK 43157 64 64 549 22768 31829 4193217 151 85818
F4E_CLK 42533 64 64 544 22300 31190 4027100 150 103803
F4E_CLK 29769 64 64 549 17163 22199 2950871 145 113056
F4E_CLK 29285 64 64 548 16415 21816 2850571 105 125289
F4E_CLK 29117 64 64 549 16190 22080 2828982 145 131012
F4E_CLK 45208 64 64 545 23540 31612 4312617 145 53825
F4E_CLK 41697 64 64 544 21858 30364 4009899 94 131675
F4E_CLK 39807 64 64 548 21057 28804 3777161 79 103187
F4E_CLK 39044 64 64 545 21005 28678 3731421 139 106503
F4E_CLK 25253 64 64 544 14656 18629 2489466 92 145423
F4E_CLK 22426 64 64 545 13418 16598 2206068 79 152383
F4E_CLK 22230 64 64 546 13315 16560 2207424 140 150019
F4E_CLK 41823 64 64 545 21580 28733 3937396 111 53180
F4E_CLK 40731 64 64 547 21302 29849 3898786 144 118319
F4E_CLK 38437 64 64 546 20214 28264 3680691 101 109971
F4E_CLK 37083 64 64 545 19768 27116 3537150 95 103165
F4E_CLK 27678 64 64 548 16058 20740 2775588 146 141940
F4E_CLK 29774 64 64 547 16904 22352 2891580 90 142247
F4E_CLK 20440 64 64 545 12321 15566 2016809 134 145759
F4E_CLK 20208 64 64 548 12358 15335 2010378 142 151253
F4E_CLK 19976 64 64 546 12189 15540 2009491 82 138745
F4E_CLK 40673 64 64 546 21338 28149 3896576 134 59831
F4E_CLK 39096 64 64 546 20786 29126 3797354 151 131235
F4E_CLK 36679 64 64 547 19569 26473 3456734 147 118287
F4E_CLK 34043 64 64 546 18504 24177 3235833 143 117493
F4E_CLK 25724 64 64 547 15082 19150 2518825 138 106216
F4E_CLK 22571 64 64 546 13665 17186 2286043 152 146697
F4E_CLK 25450 64 64 547 14509 18409 2450674 141 129717
F4E_CLK 20246 64 64 548 12283 15560 2006366 100 150194
F4E_CLK 17035 64 64 545 10988 13422 1728609 103 147756
F4E_CLK 16901 64 64 548 10780 13498 1722440 88 143186
F4E_CLK 38363 64 64 544 20592 26315 3558360 137 79156
F4E_CLK 38230 64 64 553 20493 28228 3705653 138 81507
F4E_CLK 36358 64 64 552 19525 27082 3480451 96 104284
F4E_CLK 34069 64 64 553 18692 25054 3202521 145 112757
F4E_CLK 24279 64 64 553 14130 18090 2333099 93 147378
F4E_CLK 24036 64 64 553 14049 17423 2331039 92 126734
F4E_CLK 16005 64 64 550 10549 12469 1633222 137 147101
F4E_CLK 23661 64 64 554 13935 17179 2302438 138 147941
F4E_CLK 23373 64 64 554 13699 16443 2188088 143 124738
F4E_CLK 22655 64 64 553 13639 17334 2191903 146 147368
F4E_CLK 11550 64 64 551 8631 9743 1247298 146 147502
F4E_CLK 11486 64 64 553 8698 9625 1236037 151 147637
F4E_CLK 11409 64 64 553 8594 9355 1238496 151 147242
F4E_CLK 37395 64 64 553 19922 23792 3381547 96 52700
F4E_CLK 36613 64 64 552 19688 26646 3517275 141 102056
F4E_CLK 34303 64 64 555 18563 25554 3236728 84 118314
F4E_CLK 33400 64 64 553 18332 20622 3014412 94 80097
F4E_CLK 20010 64 64 552 12372 15492 1868286 151 147625
F4E_CLK 22834 64 64 553 13791 15214 2144344 97 136806
F4E_CLK 22488 64 64 551 13363 16201 2099308 97 110557
F4E_CLK 16499 64 64 553 10926 12776 1621216 140 150391
F4E_CLK 22310 64 64 553 13058 16085 2094772 143 113577
F4E_CLK 11153 64 64 553 8226 8931 1153314 151 151454
F4E_CLK 22204 64 64 553 13140 15346 2078756 101 106685
F4E_CLK 16122 64 64 553 10454 12099 1570668 142 143174
F4E_CLK 15683 64 64 551 10439 11621 1612609 144 115511
F4E_CLK 14693 64 64 551 10102 11637 1497042 152 150151
F4E_CLK 13074 64 64 552 9145 10782 1327149 149 146119
F4E_CLK 11019 64 64 553 8249 9203 1155109 137 149764
F4E_CLK 10950 64 64 553 8102 8753 1043882 100 144626
F4E_CLK 10878 64 64 550 8267 6940 1051506 102 83739
F4E_CLK 10813 64 62 552 8265 8901 885554 87 123232
F4E_CLK 31575 53 14 552 17265 18837 1509529 136 4237
F4E_CLK 34445 64 64 553 18711 25437 3325318 135 45086
F4E_CLK 34574 64 64 553 18557 25576 3319570 145 45927
F4E_CLK 34373 64 64 553 18732 25175 3308876 152 51318
F4E_CLK 34223 64 64 553 18422 24947 3321010 145 65919
F4E_CLK 33686 64 64 552 18212 24671 3248931 143 107873
F4E_CLK 32947 64 64 553 18021 24688 3219600 151 91933
F4E_CLK 43625 64 64 554 22622 31701 4084761 105 81939
F4E_CLK 43552 64 64 552 22680 31614 4128673 135 59944
F4E_CLK 31066 64 64 555 17345 23115 3060167 146 148224
F4E_CLK 29369 64 64 551 16449 21663 2866972 100 146533
F4E_CLK 27747 64 64 553 15922 20940 2727850 141 140147
F4E_CLK 41969 64 64 551 21678 28583 3964162 89 65389
F4E_CLK 37205 64 64 555 19854 27628 3629899 150 110007
F4E_CLK 36657 64 64 551 19501 26560 3432905 86 106772
F4E_CLK 25705 64 64 552 14991 19641 2563983 139 137220
F4E_CLK 25557 64 64 555 14642 18821 2467117 132 124563
F4E_CLK 40280 64 64 553 21343 26533 3685958 149 100287
F4E_CLK 36847 64 64 555 19501 26942 3532281 146 84939
F4E_CLK 36394 64 64 553 19714 26954 3508451 146 142918
F4E_CLK 34394 64 64 554 18462 24769 3264318 151 108873
F4E_CLK 32081 64 64 551 17672 23596 3059309 97 131604
F4E_CLK 17292 64 64 554 11040 13234 1724660 135 145864
F4E_CLK 16098 64 64 553 10540 12585 1621806 134 143040
F4E_CLK 15558 64 64 551 10564 12516 1621548 147 147970
F4E_CLK 36593 64 64 553 19275 24788 3524603 105 70811
F4E_CLK 35007 64 64 551 18863 26276 3391879 151 142694
F4E_CLK 32529 64 64 552 17835 23956 3080080 95 118619
F4E_CLK 30184 64 64 550 16927 21953 2884917 145 126120
F4E_CLK 23506 64 64 555 13911 17030 2269670 92 112452
F4E_CLK 20115 64 64 551 12255 15694 1963397 102 135804
F4E_CLK 12161 64 64 554 8647 9433 1250104 147 149334
F4E_CLK 11990 64 64 554 8733 9666 1243697 135 148777
F4E_CLK 35093 64 64 547 19101 22029 3082145 134 92375
F4E_CLK 35526 64 64 547 18897 26255 3416139 93 80234
F4E_CLK 33985 64 64 547 18381 25631 3261527 139 105549
F4E_CLK 30336 64 64 547 17013 22061 2857283 140 128183
F4E_CLK 23145 64 64 545 13759 17495 2246693 96 138611
F4E_CLK 22790 64 64 546 13617 17264 2220633 96 120826
F4E_CLK 13571 64 64 545 9603 11384 1419615 140 150007
F4E_CLK 20517 64 64 545 12796 14361 1938271 145 140449
F4E_CLK 12042 64 64 547 8717 9473 1242458 155 147383
F4E_CLK 11976 64 64 544 8717 9495 1249703 141 146278
F4E_CLK 11901 64 64 546 8766 9473 1244869 142 147668
F4E_CLK 33800 64 64 544 18549 21454 3134305 149 51486
F4E_CLK 33039 64 64 546 18131 24777 3223736 146 98168
F4E_CLK 30770 64 64 545 17259 23074 2922544 145 121399
F4E_CLK 29333 64 64 546 16225 21875 2678274 85 86395
F4E_CLK 12333 64 64 547 9107 10233 1333176 146 148630
F4E_CLK 19567 64 64 546 12461 14274 1896357 149 136823
F4E_CLK 19525 64 64 546 12433 14346 1900677 143 107637
F4E_CLK 14984 64 64 546 9969 11785 1507842 135 142939
F4E_CLK 19333 64 64 548 11903 14087 1832668 99 113201
F4E_CLK 11390 64 64 546 8584 9419 1238801 142 143376
F4E_CLK 11323 64 64 546 8761 9279 1240803 144 143093
F4E_CLK 11246 64 64 544 8394 8772 1155500 141 148615
F4E_CLK 11179 64 60 546 8230 8804 1114268 133 128315
F4E_CLK 32756 55 55 544 17641 24286 2695365 94 53660
F4E_CLK 31184 64 64 546 17144 23466 3022955 81 131569
F4E_CLK 29138 64 64 546 16413 21102 2674067 150 116171
F4E_CLK 27062 64 64 546 15270 17871 2475624 92 105544
F4E_CLK 18804 64 64 546 11757 14066 1796361 147 109194
F4E_CLK 16612 64 64 547 10817 13236 1569503 96 141473
F4E_CLK 18566 64 64 546 11828 12488 1720499 104 107807
F4E_CLK 6896 64 64 546 6336 5852 771111 125 143273
F4E_CLK 18419 64 64 547 11504 11676 1670500 144 124973
F4E_CLK 6774 64 64 546 6333 5977 766850 155 146420
F4E_CLK 18273 64 64 545 11577 11016 1636692 90 112463
F4E_CLK 10627 64 64 545 8199 8897 1090681 99 113779
F4E_CLK 9517 64 64 546 7802 7867 1011895 154 149860
F4E_CLK 6568 64 64 547 6610 5915 755015 121 150546
F4E_CLK 6497 64 30 546 6375 6092 534756 133 34704
F4E_CLK 31768 46 46 547 17458 24013 2244605 133 38388
F4E_CLK 30640 64 64 546 16716 22369 2950004 81 111644
F4E_CLK 28266 64 64 544 15902 21162 2647220 100 111625
F4E_CLK 26529 64 64 545 14988 16293 2371967 104 92025
F4E_CLK 13795 64 64 545 9339 11088 1333204 131 147997
F4E_CLK 17641 64 64 545 11403 14122 1651588 142 148320
F4E_CLK 17590 64 64 548 11441 11093 1679527 102 98184
F4E_CLK 5881 64 64 547 5927 5030 659358 93 147181
F4E_CLK 17435 64 51 545 11423 10513 1439993 96 73228
F4E_CLK 5771 64 64 548 6081 5132 590448 138 148528
F4E_CLK 17316 62 26 546 11199 8505 1032092 143 19999
F4E_CLK 0 0 0 868 486 0 240 84 355
F4E_CLK 2821 18 1 544 4598 2273 26665 128 451
F4E_CLK 17256 63 19 547 10958 13218 1009287 149 13618
F4E_CLK 14596 22 22 548 9964 11974 520264 144 20030
F4E_CLK 14081 64 64 547 9494 11315 1431892 133 149751
F4E_CLK 12548 64 64 545 9207 10231 1330037 145 139018
F4E_CLK 11195 64 46 547 8337 8918 986543 142 78283
F4E_CLK 10822 64 51 547 8067 8955 999033 104 92023
F4E_CLK 10643 47 16 546 8202 7803 555685 130 7616
F4E_CLK 10411 64 43 546 8281 8813 897504 146 64647
F4E_CLK 5791 55 7 547 6002 5064 290234 96 2860
F4E_CLK 30349 39 39 547 16852 22881 1789096 89 17692
F4E_CLK 31231 64 64 548 17274 23152 3040006 84 46467
F4E_CLK 30953 64 64 546 17237 22817 3026826 148 56493
F4E_CLK 30854 64 64 553 17263 23680 3028861 137 61898
F4E_CLK 30503 64 64 553 17149 22359 2969756 141 112535
F4E_CLK 29870 64 64 551 16774 22563 2952464 153 90420
F4E_CLK 29134 64 64 553 16328 21935 2853083 131 91341
F4E_CLK 38116 64 64 553 20381 26998 3626953 152 48248
F4E_CLK 38109 64 64 553 20291 27874 3616800 142 85929
F4E_CLK 26915 64 64 553 15469 20303 2675713 142 152349
F4E_CLK 25292 64 64 551 14437 18747 2482862 150 137914
F4E_CLK 37356 64 64 551 20243 26545 3505417 144 86361
F4E_CLK 32841 64 64 550 18163 24426 3233197 142 81938
F4E_CLK 33457 64 64 551 17979 24882 3204456 146 101919
F4E_CLK 22363 64 64 553 13210 16817 2173902 138 101532
F4E_CLK 22177 64 64 553 13077 16692 2168389 142 126822
F4E_CLK 21833 64 64 553 13352 16723 2157398 152 111282
F4E_CLK 34647 64 64 553 18673 22028 3266343 130 52895
F4E_CLK 31496 64 64 553 17197 23527 3039602 87 113309
F4E_CLK 31201 64 64 555 17292 23173 2985544 143 109703
F4E_CLK 30068 64 64 553 16724 22754 2856810 142 94881
F4E_CLK 20929 64 64 553 12794 16018 2063594 87 141302
F4E_CLK 14850 64 64 553 10058 11977 1522619 97 149558
F4E_CLK 14248 64 64 552 9682 11074 1428718 141 145122
F4E_CLK 32230 64 64 553 17630 20570 2964629 152 59232
F4E_CLK 31616 64 64 552 17669 22956 3047290 143 91369
F4E_CLK 29711 64 64 553 17080 22309 2872934 143 112760
F4E_CLK 28272 64 64 552 15839 20685 2655085 88 94117
F4E_CLK 19415 64 64 551 11907 14457 1902360 83 144068
F4E_CLK 20322 64 64 554 12357 15070 1978593 140 137824
F4E_CLK 12218 64 64 551 8736 9502 1247701 142 150585
F4E_CLK 11956 64 64 553 8761 9630 1243317 143 141646
F4E_CLK 11891 64 64 552 8751 9615 1247449 134 144854
F4E_CLK 31468 64 64 551 17418 20567 2958202 84 50513
F4E_CLK 30136 64 64 552 16810 22513 2944706 109 114744
F4E_CLK 27651 64 64 552 16129 20710 2682507 142 113084
F4E_CLK 26008 64 64 553 14786 18942 2483878 148 110713
F4E_CLK 17233 64 64 551 10996 12987 1706828 145 142750
F4E_CLK 19206 64 64 552 11837 14457 1869888 92 145046
F4E_CLK 18584 64 64 553 11781 14409 1837760 155 108465
F4E_CLK 11947 64 64 553 8621 9718 1250751 91 146093
F4E_CLK 11630 64 64 553 8718 9537 1237572 100 147199
F4E_CLK 11566 64 64 552 8715 9571 1214713 155 144985
F4E_CLK 28050 64 64 554 15957 18238 2319413 137 118437
F4E_CLK 29621 64 64 553 16469 21669 2855337 139 71910
F4E_CLK 28291 64 64 553 16163 20923 2733549 139 138637
F4E_CLK 25219 64 64 554 14498 18566 2356565 101 122674
F4E_CLK 21581 64 64 551 13163 15321 2039187 136 127427
F4E_CLK 17865 64 64 553 11378 13535 1756766 145 87119
F4E_CLK 11481 64 64 553 8586 9662 1239012 148 145266
F4E_CLK 17746 64 64 552 11345 13151 1655040 144 130948
F4E_CLK 6824 64 64 555 6390 5764 755321 136 151509
F4E_CLK 17394 64 64 552 11101 10764 1539834 90 138593
F4E_CLK 11158 64 64 551 8276 7668 1092540 85 124264
F4E_CLK 6331 64 22 553 6515 5470 479172 122 19083
F4E_CLK 6123 48 5 554 6203 4969 254186 146 1669
F4E_CLK 29133 22 22 553 16231 21721 972959 135 11135
F4E_CLK 28988 64 64 553 16366 21733 2836709 144 79680
F4E_CLK 27008 64 64 551 15347 20394 2577959 96 105829
F4E_CLK 24284 64 64 553 14263 16343 2247401 94 113870
F4E_CLK 17224 64 64 553 11228 12873 1636909 90 145867
F4E_CLK 17083 64 64 554 10895 11473 1555780 139 99249
F4E_CLK 6287 64 64 552 6329 5801 746149 147 147906
F4E_CLK 16794 64 36 552 10840 13459 1244341 100 49623
F4E_CLK 16690 8 8 553 10802 13169 210163 144 3770
F4E_CLK 14489 62 13 551 10033 11073 825313 112 7485
F4E_CLK 2853 19 1 554 4625 2407 28120 94 480
F4E_CLK 16702 64 20 541 10797 13168 1039335 113 16093
F4E_CLK 11147 41 41 541 8290 9095 697185 91 60533
F4E_CLK 5777 64 18 540 6023 4792 392787 138 14628
F4E_CLK 5416 41 4 542 5984 5044 186056 96 1884
F4E_CLK 28071 27 14 541 15967 15061 869023 144 5343
F4E_CLK 28570 64 64 540 15654 21264 2760860 149 75348
F4E_CLK 26902 64 64 542 15322 20864 2610548 154 111207
F4E_CLK 23449 64 64 541 13675 16758 2164004 148 130274
F4E_CLK 20425 64 64 541 12424 14454 1807864 96 142274
F4E_CLK 16317 64 64 542 10383 9846 1459270 92 84223
F4E_CLK 5742 64 34 542 5979 5026 477201 102 47076
F4E_CLK 16271 54 31 541 10435 12269 966845 98 38469
F4E_CLK 2805 18 1 539 4596 2414 26648 90 481
F4E_CLK 16167 63 21 541 10472 12230 967307 99 17727
F4E_CLK 2845 15 1 542 4539 2519 22400 102 471
F4E_CLK 16196 55 20 540 10385 12419 868301 144 17447
F4E_CLK 2815 7 1 543 4656 2542 11705 138 453
F4E_CLK 16137 30 19 539 10443 12432 551512 131 14027
F4E_CLK 0 0 0 552 486 0 240 84 353
F4E_CLK 10800 53 50 543 8285 8939 871567 138 86654
F4E_CLK 5709 61 9 540 5926 4971 321314 108 4038
F4E_CLK 5533 50 5 541 5891 5136 246413 137 1947
F4E_CLK 27909 25 25 541 15907 21453 1071230 145 12816
F4E_CLK 27632 64 64 542 15558 20424 2665842 90 80526
F4E_CLK 25795 64 64 540 15091 19583 2466739 94 107332
F4E_CLK 23687 64 64 541 14020 15404 2168335 136 104605
F4E_CLK 15611 64 64 542 10490 12279 1446035 147 145976
F4E_CLK 15913 64 64 542 10474 10453 1437601 96 110242
F4E_CLK 14583 64 25 539 10016 9528 930267 147 20599
F4E_CLK 15651 53 29 542 10519 12392 867547 147 32803
F4E_CLK 15832 11 11 540 10524 12378 272727 135 5877
F4E_CLK 9184 59 10 542 7692 7365 456338 135 4388
F4E_CLK 13977 22 4 542 9576 7566 282828 86 1426
F4E_CLK 15619 64 17 540 10520 12311 927740 136 12162
F4E_CLK 935 9 1 551 3857 803 8475 326 558
F4E_CLK 15764 42 19 542 10413 12410 695532 104 14196
F4E_CLK 0 0 0 552 486 0 240 84 354
F4E_CLK 929 18 1 551 3799 868 16492 308 559
F4E_CLK 15821 63 18 540 10399 12948 948993 136 12818
F4E_CLK 13296 3 3 542 9227 10428 59964 134 1202
F4E_CLK 15231 64 64 542 10198 11822 1532062 139 144942
F4E_CLK 13672 64 64 540 9528 11223 1413072 146 143599
F4E_CLK 12363 64 61 540 9027 10398 1299514 107 136103
F4E_CLK 11843 49 48 541 8736 9409 917720 149 84454
F4E_CLK 7132 63 11 541 6552 5760 425524 108 5485
F4E_CLK 11619 57 51 541 8687 9931 999038 95 94639
F4E_CLK 6478 64 9 539 6414 6220 415337 143 4562
F4E_CLK 27600 49 22 541 15561 15946 1452794 134 8502
F4E_CLK 29609 64 64 542 16246 21898 2859383 138 49661
F4E_CLK 29659 64 64 540 16107 22233 2857644 152 48595
F4E_CLK 29475 64 64 540 16359 21830 2852135 150 58300
F4E_CLK 29364 64 64 540 16314 21209 2865697 98 95848
F4E_CLK 28781 64 64 541 16431 21752 2857404 136 122090
F4E_CLK 27988 64 64 540 15908 21093 2755535 141 99264
F4E_CLK 35300 64 64 541 19133 26254 3351246 80 56572
F4E_CLK 35225 64 64 540 19011 26115 3379605 151 58910
F4E_CLK 26063 64 64 541 15071 19580 2580729 95 150042
F4E_CLK 24350 64 64 541 14230 18502 2385571 138 145871
F4E_CLK 22928 64 64 542 13804 17326 2276080 151 139331
F4E_CLK 32872 64 64 540 17966 24345 3216615 138 94822
F4E_CLK 29621 64 64 541 16428 21905 2875077 83 132422
F4E_CLK 32767 64 64 541 17790 23481 2973865 142 74150
F4E_CLK 20839 64 64 541 12862 16104 2082170 144 123356
F4E_CLK 20706 64 64 543 12855 15938 2074330 136 129818
F4E_CLK 32772 64 64 559 18254 22245 3012196 143 72992
F4E_CLK 29329 64 64 557 16222 21898 2873084 141 81945
F4E_CLK 28839 64 64 558 16207 21957 2814149 132 105565
F4E_CLK 25057 64 64 558 14462 18664 2430307 145 116677
F4E_CLK 21379 64 64 558 12873 15989 2075187 91 150907
F4E_CLK 15783 64 64 559 10529 12413 1619495 143 143800
F4E_CLK 14504 64 64 558 10069 11652 1496446 140 149162
F4E_CLK 28439 64 64 558 15791 19669 2547249 149 107875
F4E_CLK 28849 64 64 556 16251 21791 2855004 149 79846
F4E_CLK 27834 64 64 557 15874 21177 2732870 136 120243
F4E_CLK 25112 64 64 557 14507 18545 2378011 97 122924
F4E_CLK 21916 64 64 557 13317 16753 2132890 148 141680
F4E_CLK 18940 64 64 557 11978 14038 1864069 146 114268
F4E_CLK 16391 64 64 556 10865 13194 1652978 145 147218
F4E_CLK 12939 64 64 556 9243 10283 1330062 122 144427
F4E_CLK 12671 64 64 559 9060 10273 1334657 147 146642
F4E_CLK 28190 64 64 559 15739 18205 2577341 92 66187
F4E_CLK 27703 64 64 558 15786 21066 2749373 129 84559
F4E_CLK 25896 64 64 558 15012 19799 2495454 98 111449
F4E_CLK 23289 64 64 560 13436 16508 2207764 94 103191
F4E_CLK 17328 64 64 558 10972 13032 1688819 97 149838
F4E_CLK 17873 64 64 558 11574 12710 1747725 92 118440
F4E_CLK 17620 64 64 558 11281 13240 1729750 151 132752
F4E_CLK 17198 64 64 558 10886 12978 1666298 82 146017
F4E_CLK 12657 64 64 556 8974 10473 1331415 143 149849
F4E_CLK 12151 64 64 556 8668 9649 1237971 93 149016
F4E_CLK 7528 64 64 559 7001 6725 846706 147 142065
F4E_CLK 26930 64 64 556 15557 15416 2541378 141 49780
F4E_CLK 25402 64 64 558 14568 18951 2460021 94 118967
F4E_CLK 23304 64 64 558 13740 16971 2205457 97 116255
F4E_CLK 22120 64 64 557 13139 16161 2108198 88 91257
F4E_CLK 16936 64 64 557 10956 12855 1666834 92 123300
F4E_CLK 16178 64 64 557 10337 12670 1586800 99 148872
F4E_CLK 16833 64 64 558 10824 12840 1625409 136 116068
F4E_CLK 7643 64 64 558 6775 6708 846229 95 148453
F4E_CLK 16509 64 64 556 11083 10811 1525978 144 115103
F4E_CLK 12405 64 64 559 9051 9316 1206499 139 74524
F4E_CLK 6720 64 41 555 6392 5835 610304 131 62483
F4E_CLK 5470 33 3 556 6047 5143 153332 127 923
F4E_CLK 22276 39 5 557 13143 12887 729205 144 1537
F4E_CLK 26526 64 64 556 15135 19917 2557265 138 70625
F4E_CLK 24203 64 64 558 14349 18105 2363678 136 146520
F4E_CLK 22097 64 64 558 13413 16981 2103441 104 126913
F4E_CLK 20424 64 64 558 12538 14358 1866160 89 133051
F4E_CLK 16009 64 64 558 10584 10563 1470935 94 87863
F4E_CLK 6845 64 64 560 6438 5949 757481 137 143997
F4E_CLK 15890 64 54 556 10590 9693 1342893 144 86730
F4E_CLK 1093 14 1 558 4370 1520 15332 385 549
F4E_CLK 15882 53 21 559 10524 12650 860126 124 15608
F4E_CLK 1082 11 1 557 4301 992 12209 402 523
F4E_CLK 15791 45 20 558 10576 12268 747762 126 15934
F4E_CLK 12319 22 22 558 9154 10042 444437 138 17248
F4E_CLK 7043 64 35 558 6613 6112 581501 150 48555
F4E_CLK 6068 54 5 556 5990 5094 282910 141 1807
F4E_CLK 4755 30 2 556 5516 4099 80053 106 843
F4E_CLK 26127 58 58 558 14977 19670 2321000 96 55987
F4E_CLK 24406 64 64 558 14076 18264 2349320 97 126775
F4E_CLK 22027 64 64 558 13299 15872 2029381 105 123031
F4E_CLK 20854 64 64 558 12662 13467 1832536 141 117462
F4E_CLK 15734 64 64 558 10448 10527 1380035 150 106621
F4E_CLK 10385 64 53 555 8315 8213 851007 104 107631
F4E_CLK 15537 36 31 556 10629 12693 716667 114 35267
F4E_CLK 1076 10 1 556 4321 1059 11220 389 535
F4E_CLK 15527 44 21 558 10496 12520 726564 149 17281
F4E_CLK 1137 7 1 540 4435 1051 7993 385 572
F4E_CLK 15519 36 20 542 10509 12366 624447 147 16479
F4E_CLK 1083 2 1 542 4372 1299 2580 357 543
F4E_CLK 15495 11 11 541 10510 12583 270430 140 5739
F4E_CLK 11303 64 8 539 8644 9462 606524 136 3077
F4E_CLK 12067 34 34 541 8592 9534 631574 103 43184
F4E_CLK 6600 64 25 542 6494 5820 511195 110 23931
F4E_CLK 5490 35 3 542 6077 5110 156841 120 1206
F4E_CLK 23884 42 8 539 14146 13216 900627 140 2384
F4E_CLK 25526 64 64 542 14630 18954 2471907 137 72165
F4E_CLK 23993 64 64 542 13891 18271 2348139 93 134424
F4E_CLK 21346 64 64 541 12608 16098 1869748 143 124412
F4E_CLK 18344 64 64 542 11559 11255 1665675 93 136914
F4E_CLK 15323 64 64 542 10051 9836 1322946 97 79520
F4E_CLK 6536 64 41 542 6389 5933 528745 122 58741
F4E_CLK 15256 48 31 542 10310 11783 816198 132 36481
F4E_CLK 1098 15 1 542 4261 1060 16331 409 523
F4E_CLK 15244 56 21 541 10124 11738 822755 102 17304
F4E_CLK 1082 11 1 539 4246 983 12058 409 532
F4E_CLK 15213 48 20 542 10247 11632 721642 110 15395
F4E_CLK 1079 5 1 541 4375 1007 5828 409 531
F4E_CLK 15147 23 19 539 10262 11804 433339 118 15007
F4E_CLK 0 0 0 552 486 0 240 84 355
F4E_CLK 1111 10 1 539 4283 1001 11120 412 537
F4E_CLK 15194 44 18 542 10169 11653 672498 134 13374
F4E_CLK 0 0 0 541 486 0 240 84 354
F4E_CLK 11749 48 48 541 8613 9675 853186 101 81257
F4E_CLK 4552 62 11 542 5554 4423 213331 124 5184
F4E_CLK 4305 46 5 541 5495 4202 128592 138 2084
F4E_CLK 24766 20 20 542 14655 18752 764286 147 9127
F4E_CLK 24798 64 64 540 14568 19067 2456751 148 73823
F4E_CLK 23208 64 64 542 13790 17672 2222689 145 103150
F4E_CLK 20270 64 64 541 12364 12369 1777251 92 122888
F4E_CLK 15242 64 64 540 10214 11769 1353029 95 140383
F4E_CLK 14984 64 64 539 9828 9325 1223060 100 97039
F4E_CLK 2214 64 27 540 4552 2374 117818 138 26157
F4E_CLK 14943 54 31 540 9979 12012 847746 140 35783
F4E_CLK 14681 25 7 541 10176 8276 371187 144 2569
F4E_CLK 14092 64 15 540 9659 11414 788778 99 8392
F4E_CLK 1049 18 1 541 4254 994 19520 399 513
F4E_CLK 14883 62 20 541 9991 11712 887355 143 14959
F4E_CLK 1043 8 1 541 4243 998 8918 441 467
F4E_CLK 14820 37 19 541 10056 11889 590088 112 15175
F4E_CLK 0 0 0 552 486 0 240 84 355
F4E_CLK 1050 15 1 542 4300 1037 16426 378 531
F4E_CLK 14870 58 18 541 10075 11774 838551 122 13938
F4E_CLK 0 0 0 552 486 0 240 84 356
F4E_CLK 1026 17 1 542 4346 1002 18508 407 489
F4E_CLK 14741 60 17 542 10179 11631 844565 118 12195
F4E_CLK 0 0 0 542 486 0 240 84 355
F4E_CLK 16854 44 44 542 10944 13292 1177456 140 72374
F4E_CLK 16764 64 64 542 11050 13210 1657823 147 104268
F4E_CLK 15083 64 64 542 9976 11344 1501821 88 70789
F4E_CLK 13814 64 64 544 9592 10930 1410881 126 58886
F4E_CLK 13814 64 64 541 9469 11333 1415684 138 70955
F4E_CLK 13814 64 64 540 9396 11335 1423264 86 36087
F4E_CLK 13814 64 64 540 9475 11262 1441111 134 44442
F4E_CLK 13814 64 64 542 9497 11130 1421362 154 62904
F4E_CLK 28900 64 64 541 16181 18608 2829790 139 38254
F4E_CLK 29241 64 64 540 16135 22300 2832522 148 52580
F4E_CLK 29127 64 64 541 16164 21896 2828541 146 47843
F4E_CLK 29022 64 64 542 16218 22066 2835357 151 56871
F4E_CLK 28640 64 64 540 15992 20851 2769392 106 97752
F4E_CLK 28012 64 64 541 15817 21506 2740923 88 109397
F4E_CLK 33088 64 64 557 17986 23576 3136289 142 104271
F4E_CLK 33765 64 64 557 18311 24375 3223294 98 68403
F4E_CLK 26417 64 64 557 15027 19550 2579903 88 148459
F4E_CLK 24884 64 64 557 14517 18979 2467644 150 146105
F4E_CLK 23393 64 64 556 13845 17059 2263741 94 133319
F4E_CLK 33792 64 64 557 18323 22801 3185147 114 58557
F4E_CLK 32637 64 64 558 17574 23847 3150726 147 88563
F4E_CLK 32439 64 64 558 17511 23949 3081984 98 105105
F4E_CLK 20864 64 64 557 12555 16412 2110154 144 145528
F4E_CLK 20756 64 64 558 12798 16141 2102212 148 153467
F4E_CLK 20604 64 64 558 12658 16057 2061220 144 149563
F4E_CLK 33157 64 64 555 18047 20919 3200107 89 67153
F4E_CLK 31684 64 64 557 17613 23058 3048897 159 138589
F4E_CLK 31106 64 64 558 17184 23025 2963932 94 108150
F4E_CLK 30194 64 64 557 16784 22082 2835593 90 97727
F4E_CLK 16409 64 64 558 11074 12907 1699382 134 145823
F4E_CLK 16383 64 64 557 10763 12389 1631850 88 124188
F4E_CLK 16383 64 64 558 10651 12234 1633736 91 124001
F4E_CLK 33483 64 64 557 18180 20926 3158802 95 50763
F4E_CLK 31495 64 64 558 17699 22733 3030021 104 125117
F4E_CLK 29662 64 64 556 16820 21300 2798583 90 119827
F4E_CLK 28718 64 64 557 16334 20594 2745782 139 111907
F4E_CLK 26461 64 64 558 14955 18864 2502443 92 119682
F4E_CLK 25044 64 64 556 14540 19122 2378938 87 69424
F4E_CLK 16374 64 64 559 10675 12403 1641778 146 80266
F4E_CLK 16240 64 64 556 10464 12398 1614374 93 102084
F4E_CLK 29981 64 64 558 16855 19153 2670123 136 110246
F4E_CLK 32924 64 64 556 18058 24438 3194991 145 74524
F4E_CLK 30229 64 64 558 17160 22184 2922903 150 143456
F4E_CLK 27833 64 64 557 15958 21222 2612765 147 114694
F4E_CLK 27152 64 64 556 15371 19780 2547472 95 112893
F4E_CLK 26266 64 64 558 14891 18430 2457107 75 93599
F4E_CLK 19138 64 64 558 11896 14532 1914246 143 114842
F4E_CLK 26100 64 64 558 15010 17917 2442937 92 105105
F4E_CLK 19280 64 64 558 11924 14607 1877781 146 52344
F4E_CLK 16333 64 64 559 10610 12385 1622329 89 89145
F4E_CLK 16317 64 64 561 10567 12258 1624896 88 75312
F4E_CLK 32522 64 64 558 17795 21237 2925358 141 54101
F4E_CLK 31602 64 64 557 17363 23171 3027875 97 80769
F4E_CLK 28893 64 64 558 16229 21421 2762068 139 69956
F4E_CLK 27267 64 64 556 15546 18624 2560587 108 66102
F4E_CLK 24030 64 64 558 13958 17947 2271925 140 73572
F4E_CLK 26090 64 64 556 14920 17960 2456526 91 81219
F4E_CLK 26055 64 64 556 15088 17666 2427542 100 85120
F4E_CLK 24277 64 64 558 13968 18183 2288529 94 80114
F4E_CLK 26031 64 64 556 14783 18447 2449055 96 75294
F4E_CLK 21463 64 64 556 12909 15404 2069364 100 98466
F4E_CLK 19384 64 64 556 11958 14602 1902725 127 29312
F4E_CLK 19203 64 64 556 11855 14462 1917894 137 49709
F4E_CLK 19315 64 64 558 12032 14562 1911475 86 64837
F4E_CLK 32334 64 64 558 17561 21595 3033532 118 46085
F4E_CLK 30577 64 64 557 16655 22280 2918985 128 105935
F4E_CLK 28148 64 64 558 15995 19085 2645568 92 55230
F4E_CLK 26571 64 64 557 15105 18571 2453113 93 57996
F4E_CLK 19453 64 64 557 11980 14546 1903392 103 69134
F4E_CLK 26283 64 64 557 15011 17854 2456223 90 57462
F4E_CLK 26256 64 64 557 14935 18035 2452967 94 69250
F4E_CLK 19457 64 64 557 12405 14686 1962915 146 57470
F4E_CLK 26123 64 64 556 14987 18008 2434578 95 67181
F4E_CLK 19357 64 64 557 11944 14287 1894663 144 64281
F4E_CLK 26069 64 64 558 15035 18224 2448228 123 67874
F4E_CLK 18932 64 64 557 11896 14413 1887064 103 118651
F4E_CLK 19429 64 64 556 11947 12922 1916090 90 16114
F4E_CLK 19361 64 64 558 11771 14697 1908292 139 63422
F4E_CLK 19337 64 64 546 12137 14590 1909973 132 53260
F4E_CLK 32471 64 64 544 17709 21791 2997977 102 44514
F4E_CLK 31215 64 64 543 17322 22356 3012011 151 90779
F4E_CLK 28530 64 64 545 16295 20587 2663178 147 51483
F4E_CLK 26605 64 64 545 15204 18130 2470288 91 64824
F4E_CLK 23341 64 64 545 13792 16304 2200086 85 72053
F4E_CLK 26257 64 64 545 14959 17848 2446155 92 53287
F4E_CLK 26231 64 64 545 15068 18885 2439850 137 65217
F4E_CLK 21009 64 64 545 12673 15622 2042020 94 47342
F4E_CLK 26077 64 64 545 15116 18179 2431888 133 65769
F4E_CLK 19658 64 64 545 12336 15373 1954974 137 59005
F4E_CLK 26091 64 64 543 14893 18827 2469590 151 72865
F4E_CLK 20386 64 64 545 12351 15411 1959063 79 85821
F4E_CLK 19671 64 64 546 12338 15021 1981643 144 76234
F4E_CLK 25927 64 64 545 14829 18610 2388747 150 85951
F4E_CLK 19469 64 64 545 12419 12969 1885045 127 70531
F4E_CLK 19562 64 64 545 12196 15221 2009291 144 11530
F4E_CLK 19237 64 64 545 12020 14717 1919171 87 24722
F4E_CLK 19508 64 64 545 12134 15266 2005741 142 48853
F4E_CLK 31955 64 64 543 17581 20469 3039625 141 47852
F4E_CLK 30183 64 64 545 16802 22520 2907205 102 106909
F4E_CLK 27952 64 64 543 15788 20460 2609424 135 37179
F4E_CLK 26508 64 64 544 15052 18448 2448281 145 43834
F4E_CLK 24615 64 64 546 14473 17663 2327109 153 65799
F4E_CLK 25994 64 64 545 15070 19227 2414861 93 37047
F4E_CLK 26036 64 64 545 15055 17847 2438758 142 58267
F4E_CLK 19832 64 64 545 12373 15060 1953906 151 34559
F4E_CLK 26042 64 64 545 14916 18220 2406498 99 56390
F4E_CLK 19809 64 64 545 12231 15176 1948358 151 33720
F4E_CLK 25967 64 64 545 15178 17985 2402183 96 57447
F4E_CLK 18688 64 64 543 11707 14215 1835968 157 83184
F4E_CLK 19834 64 64 543 12189 15126 2006104 132 65809
F4E_CLK 22040 64 64 545 13254 16755 2045359 130 73875
F4E_CLK 19873 64 64 545 12291 14742 1946211 144 44978
F4E_CLK 25965 64 64 544 14871 18484 2407657 142 57716
F4E_CLK 15346 64 64 544 9974 11832 1520481 154 78745
F4E_CLK 19597 64 64 545 12105 14453 1952855 140 39420
F4E_CLK 19518 64 64 545 12132 15299 2012819 142 11532
F4E_CLK 19218 64 64 545 11931 14298 1922065 103 20291
F4E_CLK 19611 64 64 545 12288 14828 1993315 99 68158
F4E_CLK 31902 64 64 545 17802 20725 3080476 142 58403
F4E_CLK 29240 64 64 545 16369 22137 2801484 88 120395
F4E_CLK 27013 64 64 544 15312 19297 2516296 156 31070
F4E_CLK 26401 64 64 544 15118 18616 2439353 142 29947
F4E_CLK 26050 64 64 544 15187 18429 2445632 149 46204
F4E_CLK 21200 64 64 545 12536 15083 2050763 93 26363
F4E_CLK 25897 64 64 545 15084 18725 2380535 144 40650
F4E_CLK 20061 64 64 543 12328 14103 1981489 132 39838
F4E_CLK 25703 64 64 544 15101 17690 2375094 150 44409
F4E_CLK 20062 64 64 545 12539 14743 1971825 131 28172
F4E_CLK 25784 64 64 545 15080 18025 2348520 140 46069
F4E_CLK 20057 64 64 545 12316 15036 1942836 151 50688
F4E_CLK 25936 64 64 545 14896 18082 2430121 82 55807
F4E_CLK 15442 64 64 544 10489 12228 1600786 146 56937
F4E_CLK 20132 64 64 545 12201 14829 1960037 142 31930
F4E_CLK 25756 64 64 545 14972 19039 2378963 140 52170
F4E_CLK 15454 64 64 544 10617 12196 1595439 134 64021
F4E_CLK 19509 64 64 543 12284 13316 1955437 136 27338
F4E_CLK 25064 64 64 545 14445 17352 2332607 96 54827
F4E_CLK 15466 64 64 546 10512 11358 1601517 143 57342
F4E_CLK 19778 64 64 544 12495 13523 1919236 145 40393
F4E_CLK 19715 64 64 545 12342 15459 2007364 133 11533
F4E_CLK 19380 64 64 544 11699 14694 1926937 90 13881
F4E_CLK 19842 64 64 543 12271 15681 1986162 148 34419
F4E_CLK 31584 64 64 549 17341 20420 2992830 104 55653
F4E_CLK 29177 64 64 548 16327 21991 2817941 99 122193
F4E_CLK 27416 64 64 550 15444 20439 2547708 95 30236
F4E_CLK 26325 64 64 549 15072 17515 2426979 88 33138
F4E_CLK 25935 64 64 546 15078 18325 2437700 153 47725
F4E_CLK 21213 64 64 547 12654 15585 2035250 156 25816
F4E_CLK 25797 64 64 547 15031 18223 2366470 146 43431
F4E_CLK 20182 64 64 548 12480 14102 1985966 109 29008
F4E_CLK 25755 64 64 547 14798 18259 2384487 139 39122
F4E_CLK 20181 64 64 548 12370 15223 1964527 132 22892
F4E_CLK 25698 64 64 547 15119 17456 2364418 94 44411
F4E_CLK 20169 64 64 549 12447 14137 1928010 87 37388
F4E_CLK 25815 64 64 545 14996 18875 2433130 146 57889
F4E_CLK 16990 64 64 546 11088 12534 1671951 148 48598
F4E_CLK 20110 64 64 546 12375 14808 1956441 98 27063
F4E_CLK 25629 64 64 549 15022 18307 2385593 146 44392
F4E_CLK 15574 64 64 547 10414 12406 1615140 149 48178
F4E_CLK 19709 64 64 550 12175 14620 1960059 134 24570
F4E_CLK 25230 64 64 548 14557 17046 2328864 95 44404
F4E_CLK 15586 64 64 547 10560 12624 1607452 143 53332
F4E_CLK 19471 64 64 547 12373 14821 1903058 138 45252
F4E_CLK 25097 64 64 547 14612 18010 2351224 96 48724
F4E_CLK 15598 64 64 548 10545 12423 1613595 149 38743
F4E_CLK 15598 64 64 548 10584 12456 1581571 117 60852
F4E_CLK 20004 64 64 545 12388 13787 1964987 150 19995
F4E_CLK 20010 64 64 548 12094 15686 2003184 146 11527
F4E_CLK 19968 64 64 547 12414 15326 2004552 139 11525
F4E_CLK 30747 64 64 547 17369 20756 2794314 141 14432
F4E_CLK 31358 64 64 547 17339 23033 3016963 95 67622
F4E_CLK 29423 64 64 546 16801 21586 2804426 136 91336
F4E_CLK 25819 64 64 548 15082 19553 2458023 146 33583
F4E_CLK 27991 64 64 549 15923 18980 2637659 96 28350
F4E_CLK 27524 64 64 547 15396 18264 2552196 84 26209
F4E_CLK 21167 64 64 549 12806 15829 2090015 132 25542
F4E_CLK 27451 64 64 548 15602 18865 2541767 142 28993
F4E_CLK 21097 64 64 546 12833 16132 2094601 134 37614
F4E_CLK 26673 64 64 549 15429 20266 2509394 144 29968
F4E_CLK 21173 64 64 545 12660 15653 2092877 96 22217
F4E_CLK 27270 64 64 546 15514 18950 2522372 97 28989
F4E_CLK 21214 64 64 549 12764 15724 2078240 142 14158
F4E_CLK 27496 64 64 549 15790 18891 2532558 92 25383
F4E_CLK 19968 64 64 547 12326 15171 1989568 94 19705
F4E_CLK 21229 64 64 549 12538 15757 2083910 158 36924
F4E_CLK 27400 64 64 548 15393 18142 2526259 104 41215
F4E_CLK 19972 64 64 545 12287 15057 1987473 93 30959
F4E_CLK 21187 64 64 548 12923 15765 2083300 90 16851
F4E_CLK 27252 64 64 546 15392 18781 2516697 88 33297
F4E_CLK 19952 64 64 545 12252 15589 1978347 85 25542
F4E_CLK 21229 64 64 548 12913 15210 2071412 91 13737
F4E_CLK 27336 64 64 546 15447 19026 2529771 92 23162
F4E_CLK 19929 64 64 547 12161 15691 1988626 146 25417
F4E_CLK 19957 64 64 546 12277 14168 1978619 90 18876
F4E_CLK 21178 64 64 546 12719 15232 2094616 143 11527
F4E_CLK 27106 64 64 549 15385 18789 2517022 95 28017
F4E_CLK 19980 64 64 547 12225 15025 1978885 88 20780
F4E_CLK 20766 64 64 548 12717 15627 2036846 148 15966
F4E_CLK 21096 64 64 548 12856 15579 2081338 120 11532
F4E_CLK 27323 64 64 545 15397 20696 2530003 101 25673
F4E_CLK 21116 64 64 548 12966 15448 2085158 99 13883
F4E_CLK 21025 64 64 547 12709 16378 2093520 136 14714
F4E_CLK 20350 18 18 549 12516 15684 557672 91 3580
F4_F2_ECHELON_PROFILE f4e_gather: 2941 launches, 63.5 ms
F4_F2_ECHELON_PROFILE f4e_low: 1 launches, 0.0 ms
F4_F2_ECHELON_PROFILE f4e_materialise: 2941 launches, 106.3 ms
F4_F2_ECHELON_PROFILE f4e_panel_block: 2941 launches, 1572.2 ms
F4_F2_ECHELON_PROFILE f4e_update: 2941 launches, 1296.8 ms
K_0/2^13 m=2 x=1234 D=6 f5=true [cuda:NVIDIA GeForce RTX 4090 sm_89 x128 code=sm_89]: 168363 x 188203 (eliminated 168363 rows), rank 130583, refuted true, pinned 0; build 2.151 s, eliminate 6.809 s, total 8.959 s, 1.110e12 word XORs
Stage diagnostic only: one oracle matrix, not an ECDLP cost.
