group,orbit,curve_id,b,m,l,seed,status,verified,cpu,vars,monomials,max_deg,first_zero_deg,degree_profile,max_rows,max_cols,pairs_reduced,zero_reductions,basis_size
E0,,E0,0x1,3,4,39,solved,True,0.066135,12,1043,6,6,6-2-3-3-2-2-3-2-3-4-5-6,4521,4502,415,301,17
descendant,0,d112,0x1994e3603f97ef024ee05440540a67bc7,3,4,3,solved,True,0.06658599999999999,12,1061,6,6,6-2-3-2-3-4-5-6,4219,4201,330,231,17
descendant,0,d10,0x21efbc6d26559ce29fb0fb16beed8bc74,3,4,1,solved,True,0.07624099999999999,12,1061,6,6,6-2-3-3-2-3-4-5-6,4716,4698,398,294,17
descendant,0,d156,0x5d1252c137c628984d489db9419b53db9,3,4,2,solved,True,0.072385,12,1061,6,6,6-2-3-2-2-3-4-5-6,4234,4216,330,231,17
descendant,0,d90,0x1a6f6c03bac6dc9bda445ec557a88a30f,3,4,3,solved,True,0.09030699999999998,12,1061,6,6,6-2-3-3-2-3-4-5-6,4238,4220,397,294,17
descendant,0,d165,0x64fcdc81cc55310cd05c6a8d83db3faae,3,5,4,solved,True,0.272868,15,3466,6,6,6-2-3-2-3-2-3-4-5-6,14967,14937,537,384,20
random,,r29,0x1432bc8937487ee95232c92aec87eb936,3,5,4,solved,True,0.269223,15,3466,6,6,6-2-3-2-3-2-3-4-5-6,14967,14937,537,384,20
descendant,0,d173,0x6c47616f1280f94adc981b2965d460068,3,5,1,solved,True,0.282986,15,3466,6,6,6-2-3-2-2-3-4-5-6,13450,13420,434,283,20
E0,,E0,0x1,3,5,43,solved,True,0.260058,15,3436,6,6,6-2-3-2-3-2-3-4-5-6,12850,12820,581,422,20
descendant,0,d35,0x346ea84d1619dcf1d9f0728023cea89de,3,4,3,solved,True,0.08394400000000002,12,1061,6,6,6-2-3-2-3-4-5-6,4462,4444,335,235,17
descendant,0,d261,0x184c28af14000136d0051c59203a1e0f5,3,5,4,solved,True,0.307967,15,3466,6,6,6-2-3-2-2-3-4-5-6,16319,16289,446,295,20
E0,,E0,0x1,3,5,54,solved,True,0.273351,15,3436,6,6,6-2-3-2-3-2-3-4-5-6,12927,12897,580,422,20
E0,,E0,0x1,3,4,44,solved,True,0.067411,12,1043,6,6,6-2-3-3-2-3-4-5-6,4209,4190,370,273,17
descendant,1,d15,0x3ebf8a5e492fd2ec12dc99e23299fe124,3,5,2,solved,True,0.292882,15,3466,6,6,6-2-3-2-3-2-3-4-5-6,14536,14506,525,372,20
random,,r24,0x747d2357324667ee875d2604ed162987a,3,4,3,solved,True,0.07599,12,1061,6,6,6-2-3-2-2-3-4-5-6,4754,4736,335,238,17
descendant,1,d237,0x4e96d24e294b11bdfd4dff9e1fd7635c3,3,4,4,solved,True,0.06515399999999999,12,1061,6,6,6-2-3-2-2-3-4-5-6,5122,5104,346,248,17
descendant,1,d212,0x7bb07582e4bc549f5d1ef63096b31b622,3,4,2,solved,True,0.073825,12,1061,6,6,6-2-3-2-2-3-4-5-6,4227,4209,333,231,17
descendant,0,d187,0x73e3352312fe23aa3df7bc1387bd0f90e,3,5,3,solved,True,0.31603699999999996,15,3466,6,6,6-2-3-3-2-3-4-5-6,15612,15582,593,433,20
E0,,E0,0x1,3,4,74,solved,True,0.068382,12,1043,6,6,6-2-3-3-2-3-4-5-6,4196,4177,364,267,17
descendant,1,d263,0x4f92b8d91d1a921ae5b2bc79ab620f75d,3,5,2,solved,True,0.27109000000000005,15,3466,6,6,6-2-3-2-2-3-4-5-6,14359,14329,442,293,20
descendant,0,d204,0x41e5c9c12a84e81e5d2a9ea4246c36d67,3,4,2,solved,True,0.07084999999999997,12,1061,6,6,6-2-3-3-2-3-4-5-6,4728,4710,396,294,17
random,,r34,0x27183f6ce33848dde3948dcd3e643d623,3,4,2,solved,True,0.08329300000000006,12,1061,6,6,6-2-3-2-2-3-4-5-6,5129,5111,346,248,17
descendant,0,d56,0x5d316d4b7afaec476c88d203d130e1c73,3,4,2,solved,True,0.08288699999999999,12,1061,6,6,6-2-3-2-3-4-5-6,4215,4197,332,231,17
descendant,1,d107,0x1e1c60e485ca18e811e59d7a38ab556d3,3,4,3,solved,True,0.07530399999999993,12,1061,6,6,6-2-3-3-2-3-4-5-6,4738,4720,395,294,17
descendant,1,d218,0x52455e82f4810c9381cc3e182bb9590cb,3,5,4,solved,True,0.27018299999999995,15,3466,6,6,6-2-3-2-3-2-3-4-5-6,15044,15014,533,381,20
random,,r24,0x747d2357324667ee875d2604ed162987a,3,5,2,solved,True,0.2898240000000001,15,3466,6,6,6-2-3-2-2-3-4-5-6,13409,13379,433,283,20
descendant,1,d29,0x240891e374d1dfe93cc8455e3433948c0,3,5,1,solved,True,0.29265800000000003,15,3466,6,6,6-2-3-2-3-4-5-6,14917,14887,452,301,20
descendant,0,d185,0x5a4e7d16ce77472dec7477e78fbf9905b,3,4,3,solved,True,0.06723299999999999,12,1061,6,6,6-2-3-2-2-3-4-5-6,5122,5104,346,248,17
descendant,1,d225,0x641725bc746169a468daa4939c4cadd22,3,4,1,solved,True,0.0718319999999999,12,1061,6,6,6-2-3-2-3-4-5-6,5004,4986,345,243,17
descendant,1,d81,0x12ea4ec43439524172de0ad354a6c5941,3,5,2,solved,True,0.31964299999999995,15,3466,6,6,6-2-3-2-3-4-5-6,14862,14832,454,305,20
descendant,1,d163,0x57cf20cccd0d555c5f95c58ccda8fc4a7,3,5,3,solved,True,0.27224099999999996,15,3466,6,6,6-2-3-2-3-2-3-4-5-6,14714,14684,525,373,20
descendant,1,d121,0x93f2dda1165f5e8aacc5756cde1d20ed,3,4,1,solved,True,0.06508300000000011,12,1061,6,6,6-2-3-2-2-3-4-5-6,4477,4459,333,235,17
descendant,0,d49,0x73e8cc09e3496e8ad78bb3b46c1751126,3,4,1,solved,True,0.06971000000000005,12,1061,6,6,6-2-3-2-3-2-3-4-5-6,4489,4471,362,262,17
E0,,E0,0x1,3,5,3,solved,True,0.24419599999999997,15,3436,6,6,6-2-3-2-3-2-3-4-5-6,12930,12900,581,422,20
random,,r28,0x35f7e77b334105b5e1948efc0c9e1b2b6,3,4,4,solved,True,0.0718200000000001,12,1061,6,6,6-2-3-2-3-4-5-6,4227,4209,330,231,17
descendant,0,d247,0x247cc923f8dba9dedcc08874b53bc07f8,3,5,2,solved,True,0.282064,15,3466,6,6,6-2-3-2-2-2-3-4-5-6,16551,16521,457,308,20
descendant,0,d82,0x455dcf9b6baf55904fcddf7add088312b,3,5,2,solved,True,0.3409659999999999,15,3466,6,6,6-2-3-2-2-3-4-5-6,14331,14301,443,293,20
random,,r8,0x534fd2b74bcd31e5ec9180f46977edf92,3,4,1,solved,True,0.07382399999999989,12,1061,6,6,6-2-3-2-3-4-5-6,4201,4183,328,231,17
descendant,0,d148,0x5c3f205e9443a84d910ad16f8c39be75,3,4,1,solved,True,0.07052499999999995,12,1061,6,6,6-2-3-2-2-3-4-5-6,4793,4775,337,238,17
random,,r14,0x4fd5edbf8fc086ce28aa87a3ec776f49e,3,5,1,solved,True,0.2787259999999998,15,3466,6,6,6-2-3-2-3-4-5-6,14477,14447,438,289,20
descendant,1,d159,0x7734d104e2ae353b2a9a15cc93e4e26e2,3,5,1,solved,True,0.286284,15,3466,6,6,6-2-3-2-2-3-4-5-6,15719,15689,452,299,20
descendant,1,d58,0x5229515737573a5546f22f68949d2651d,3,4,4,solved,True,0.07307800000000009,12,1061,6,6,6-2-3-2-3-4-5-6,4633,4615,339,240,17
descendant,1,d122,0x6e6d2f8eef1aeb976397ba9770acbf436,3,4,2,solved,True,0.072013,12,1061,6,6,6-2-3-3-2-3-4-5-6,4234,4216,396,294,17
descendant,1,d136,0x824921094879bc269f3074668ba97b8f,3,4,2,solved,True,0.07512600000000003,12,1061,6,6,6-2-3-3-2-3-4-5-6,4751,4733,398,294,17
descendant,1,d62,0x7c8857448d048353655694cc56d75363c,3,5,1,solved,True,0.27329299999999995,15,3466,6,6,6-2-3-2-2-3-4-5-6,13528,13498,433,283,20
descendant,0,d86,0x2407f5a189084bee8284bcec49dc97dda,3,4,2,solved,True,0.06879500000000005,12,1061,6,6,6-2-3-2-2-3-4-5-6,4241,4223,330,231,17
descendant,0,d185,0x5a4e7d16ce77472dec7477e78fbf9905b,3,5,3,solved,True,0.27673099999999995,15,3466,6,6,6-2-3-3-2-3-4-5-6,14091,14061,583,425,20
descendant,1,d30,0x76380792d43b1dbb8f81b33d0279557ee,3,5,4,solved,True,0.27531300000000003,15,3466,6,6,6-2-3-2-2-3-4-5-6,13494,13464,433,283,20
descendant,1,d192,0x3e7b386a26013c81d84cea0f890897db8,3,4,2,solved,True,0.06820700000000002,12,1061,6,6,6-2-3-2-2-3-4-5-6,4477,4459,334,235,17
descendant,1,d47,0x260f9f8f3f79f7086acab2a71f18a1e02,3,5,3,solved,True,0.287203,15,3466,6,6,6-2-3-2-3-2-3-4-5-6,14341,14311,528,373,20
descendant,1,d113,0x57e3b39aea7b420456d85034025e6935f,3,5,2,solved,True,0.2736669999999999,15,3466,6,6,6-2-3-2-3-4-5-6,14862,14832,455,305,20
descendant,0,d7,0x5ce2bafcd949830ce62ec0235672883e9,3,5,4,solved,True,0.262749,15,3466,6,6,6-2-3-2-3-2-3-4-5-6,14934,14904,532,381,20
descendant,0,d35,0x346ea84d1619dcf1d9f0728023cea89de,3,4,1,solved,True,0.06689800000000012,12,1061,6,6,6-2-3-2-3-4-5-6,5027,5010,336,242,17
descendant,0,d257,0x28b1c177268e3c6110c268f0efdd3cece,3,4,3,solved,True,0.06776300000000002,12,1061,6,6,6-2-3-3-2-3-4-5-6,4756,4738,399,294,17
descendant,1,d118,0x662a65f2587d8d4e1c80dd4bcbdffdba0,3,4,3,solved,True,0.0656650000000002,12,1061,6,6,6-2-3-2-3-4-5-6,4625,4607,337,240,17
descendant,1,d231,0x4e242904c3aff1fb588689f9e72ecbd5f,3,4,2,solved,True,0.06507800000000008,12,1061,6,6,6-2-3-3-2-3-4-5-6,4728,4710,397,294,17
descendant,1,d198,0x5688660fa87d686a97e803aa88524ab9b,3,4,2,solved,True,0.07200899999999999,12,1061,6,6,6-2-3-2-2-3-4-5-6,4793,4775,336,238,17
descendant,0,d202,0x395581209ce2b0a65125651ee71539026,3,4,2,solved,True,0.062336999999999976,12,1061,6,6,6-2-3-2-2-3-4-5-6,5150,5132,348,248,17
E0,,E0,0x1,3,5,59,solved,True,0.2590600000000002,15,3436,6,6,6-2-3-3-3-3-3-2-3-4-5-6,13540,13510,758,525,20
random,,r20,0x631526e649146dd8e894a9297744d40d3,3,4,2,solved,True,0.08012399999999997,12,1061,6,6,6-2-3-2-3-4-5-6,4629,4611,339,240,17
descendant,1,d48,0x469178f28f291f06dae284c0c8e07033b,3,5,2,solved,True,0.2820450000000001,15,3466,6,6,6-2-3-2-2-3-4-5-6,14409,14379,439,289,20
descendant,1,d170,0xae83df036e8fb794a59398cb5e86a119,3,4,3,solved,True,0.07311299999999998,12,1061,6,6,6-2-3-2-3-4-5-6,4633,4615,338,240,17
descendant,0,d245,0x16d04b90c7148e2cc402d6641bc2b904f,3,4,3,solved,True,0.06891199999999997,12,1061,6,6,6-2-3-2-3-4-5-6,4633,4615,337,240,17
descendant,1,d140,0x7ab8ae4276ab4d0bd26cd9c54ce5c228a,3,5,2,solved,True,0.26464699999999997,15,3466,6,6,6-2-3-2-3-2-3-4-5-6,13226,13196,522,369,20
descendant,0,d216,0x106ff1a099860bdcc3b55b1e4da480799,3,5,3,solved,True,0.28425200000000006,15,3466,6,6,6-2-3-2-3-2-3-4-5-6,13226,13196,522,369,20
descendant,1,d54,0x63d8c46984cdd26391c524343b47e012c,3,4,4,solved,True,0.07844999999999991,12,1061,6,6,6-2-3-2-3-2-3-4-5-6,5023,5005,373,272,17
descendant,0,d152,0x208a2d7942206e50ac164b06555e88aa0,3,5,3,solved,True,0.265941,15,3466,6,6,6-2-3-2-3-2-3-4-5-6,13219,13189,522,369,20
descendant,0,d53,0x3aad5ebb6187af0a2c53cbc9010d36552,3,5,3,solved,True,0.27897499999999975,15,3466,6,6,6-2-3-3-2-3-4-5-6,14522,14492,578,419,20
descendant,0,d229,0x2439e5e8ce836a3b3b4c69b74af0a2938,3,4,3,solved,True,0.06537099999999985,12,1061,6,6,6-2-3-2-3-4-5-6,4622,4604,339,240,17
descendant,1,d60,0x2f19d882161a586fe5dcf491ce6055114,3,5,1,solved,True,0.26050099999999987,15,3466,6,6,6-2-3-3-2-3-4-5-6,13258,13228,577,417,20
descendant,1,d30,0x76380792d43b1dbb8f81b33d0279557ee,3,4,3,solved,True,0.09142500000000009,12,1061,6,6,6-2-3-2-2-3-4-5-6,4280,4262,332,231,17
descendant,0,d205,0x35f1527fb1e374f3438b4a58a83be437,3,4,3,solved,True,0.06772699999999987,12,1061,6,6,6-2-3-3-2-3-4-5-6,4238,4220,399,294,17
descendant,0,d75,0x588cdbe30c37d9547410df815a02110fb,3,4,3,solved,True,0.07228500000000015,12,1061,6,6,6-2-3-3-2-3-4-5-6,4232,4214,399,294,17
descendant,0,d8,0x3b6646f40bb8585bd29898f087d04aaa2,3,5,1,solved,True,0.27877799999999997,15,3466,6,6,6-2-3-3-2-3-4-5-6,13256,13226,576,417,20
random,,r12,0x2a6480a010e4cbacc6be41a6273edb5a,3,4,2,solved,True,0.065917,12,1061,6,6,6-2-3-3-2-3-4-5-6,4235,4217,395,294,17
descendant,1,d106,0x16971f8c50d977ad1a9887c8ec15c1615,3,4,2,solved,True,0.07050200000000029,12,1061,6,6,6-2-3-2-2-3-4-5-6,5150,5132,346,248,17
descendant,0,d105,0x16757ef5aeaa0592f69ecd0e05d2727c1,3,5,2,solved,True,0.2560519999999997,15,3466,6,6,6-2-3-2-2-3-4-5-6,13650,13620,440,288,20
descendant,1,d6,0x9399e01e8799a5fdd6da3c246e32acd5,3,4,2,solved,True,0.07486999999999999,12,1061,6,6,6-2-3-2-3-4-5-6,4217,4199,332,231,17
descendant,0,d64,0x1c9be51908f70d585373c6ee768481d1f,3,5,4,solved,True,0.27096200000000004,15,3466,6,6,6-2-3-3-2-3-4-5-6,13236,13206,572,413,20
descendant,0,d110,0x3a679fc181d676d23a785c044985269e8,3,4,1,solved,True,0.069944,12,1061,6,6,6-2-3-3-2-3-4-5-6,4756,4738,398,294,17
descendant,1,d119,0x15ce9d4d971bf063c018cb2ac172e1699,3,4,3,solved,True,0.07991700000000024,12,1061,6,6,6-2-3-2-3-4-5-6,4633,4615,338,240,17
random,,r11,0x6166d7f51a48315926f85cfc243b1340b,3,4,1,solved,True,0.07613700000000012,12,1061,6,6,6-2-3-2-3-4-5-6,4212,4194,330,231,17
descendant,1,d19,0x2a911d75f664c9aa5ea884f6a43d404ea,3,5,2,solved,True,0.29091900000000015,15,3466,6,6,6-2-3-2-2-3-4-5-6,14278,14248,442,293,20
descendant,1,d263,0x4f92b8d91d1a921ae5b2bc79ab620f75d,3,4,3,solved,True,0.0761719999999999,12,1061,6,6,6-2-3-3-2-3-4-5-6,4741,4723,398,294,17
descendant,0,d247,0x247cc923f8dba9dedcc08874b53bc07f8,3,4,3,solved,True,0.07582399999999989,12,1061,6,6,6-2-3-2-2-3-4-5-6,4243,4225,330,231,17
random,,r4,0x5aed395528d9334d7b0db1091b2fccab3,3,5,4,solved,True,0.27219199999999977,15,3466,6,6,6-2-3-2-2-3-4-5-6,15481,15451,462,311,20
descendant,1,d115,0x1d26fc45a9f09b8d2f83e069e8549267f,3,4,3,solved,True,0.07276099999999985,12,1061,6,6,6-2-3-2-3-4-5-6,4633,4615,339,240,17
descendant,1,d209,0x53d636e33f1f10e6597bfb1937eb25ad5,3,5,2,solved,True,0.2846479999999998,15,3466,6,6,6-2-3-2-2-3-4-5-6,14270,14240,445,293,20
descendant,1,d79,0x1e188b2f3f04871f4b035dae5eb59feab,3,4,1,solved,True,0.07393000000000005,12,1061,6,6,6-2-3-2-3-2-3-4-5-6,4489,4471,364,262,17
descendant,0,d175,0x692a771f8f3fa6b2d0fa10aa1f61f4334,3,4,1,solved,True,0.0705960000000001,12,1061,6,6,6-2-3-3-2-3-4-5-6,4756,4738,398,294,17
descendant,1,d32,0x6df517c2da1d083293a36a0c29450e6d8,3,5,1,solved,True,0.30336399999999997,15,3466,6,6,6-2-3-2-2-3-4-5-6,14386,14356,442,293,20
descendant,1,d93,0x2369c56cd97a340070a36bb606e2a62d8,3,5,2,solved,True,0.3016590000000001,15,3466,6,6,6-2-3-2-3-2-3-4-5-6,13213,13183,522,369,20
descendant,0,d205,0x35f1527fb1e374f3438b4a58a83be437,3,5,1,solved,True,0.27837599999999996,15,3466,6,6,6-2-3-2-2-3-4-5-6,17058,17028,451,301,20
descendant,0,d13,0x63ded55f267083bb775bb261b518421d6,3,5,4,solved,True,0.2788170000000001,15,3466,6,6,6-2-3-2-2-2-3-4-5-6,14577,14547,446,294,20
descendant,1,d227,0x2e613bc8778a0d73245609465a031c716,3,5,2,solved,True,0.26633700000000027,15,3466,6,6,6-2-3-2-2-3-4-5-6,14409,14379,438,289,20
descendant,0,d189,0x42a1f19b9bc836a1efec12c5c3d2c8e51,3,4,4,solved,True,0.06588099999999986,12,1061,6,6,6-2-3-2-3-4-5-6,4622,4604,339,240,17
descendant,0,d16,0x76e25cb26bddbb5a5c6117a0b88853294,3,5,2,solved,True,0.26540300000000006,15,3466,6,6,6-2-3-2-3-2-3-4-5-6,13213,13183,522,369,20
descendant,1,d199,0xf3be1caa95cb497917b9e131862e6fbd,3,5,2,solved,True,0.29745599999999994,15,3466,6,6,6-2-3-2-3-2-3-4-5-6,16230,16200,536,382,20
random,,r23,0x364aa93cd8344b4826835c30eea11ef03,3,5,4,solved,True,0.2814049999999999,15,3466,6,6,6-2-3-2-2-3-4-5-6,16335,16305,446,295,20
descendant,0,d234,0x25d7f81aeee3dbbbba7e1a86fe7b1cb46,3,4,4,solved,True,0.08299499999999993,12,1061,6,6,6-2-3-2-3-4-5-6,4633,4615,341,240,17
descendant,0,d86,0x2407f5a189084bee8284bcec49dc97dda,3,5,1,solved,True,0.26255800000000007,15,3466,6,6,6-2-3-3-2-3-4-5-6,13232,13202,584,422,20
descendant,1,d212,0x7bb07582e4bc549f5d1ef63096b31b622,3,5,1,solved,True,0.29407499999999986,15,3466,6,6,6-2-3-3-2-3-4-5-6,13256,13226,575,417,20
descendant,1,d172,0x31ac4e23f32628817f72908e8f41db46e,3,4,3,solved,True,0.06941600000000014,12,1061,6,6,6-2-3-3-2-3-4-5-6,4756,4738,395,294,17
descendant,1,d251,0x2ceb5a2074f07d9841d4fc365c56074f0,3,5,3,solved,True,0.2880130000000001,15,3466,6,6,6-2-3-3-2-3-4-5-6,14364,14334,584,424,20
descendant,1,d253,0x5145b780bee05e43a87a5392935996539,3,5,4,solved,True,0.28218200000000015,15,3466,6,6,6-2-3-2-3-2-3-4-5-6,14396,14366,478,326,20
random,,r20,0x631526e649146dd8e894a9297744d40d3,3,4,4,solved,True,0.06190099999999976,12,1061,6,6,6-2-3-2-3-4-5-6,4622,4604,340,240,17
descendant,1,d129,0x142bc9983801d5399f9f7a19881c1f6d,3,4,1,solved,True,0.07307700000000006,12,1061,6,6,6-2-3-2-2-3-4-5-6,4477,4459,333,235,17
descendant,0,d94,0x201948b922c9601f6abed0f30a801999c,3,5,3,solved,True,0.26304800000000017,15,3466,6,6,6-2-3-3-2-3-4-5-6,13238,13208,578,417,20
random,,r33,0x4abaedb2c606a04f40b4a938c050fd5ee,3,4,4,solved,True,0.06613800000000003,12,1061,6,6,6-2-3-2-3-4-5-6,4640,4622,339,240,17
descendant,0,d7,0x5ce2bafcd949830ce62ec0235672883e9,3,4,1,solved,True,0.071542,12,1061,6,6,6-2-3-3-2-3-4-5-6,4766,4748,399,294,17
random,,r10,0x3c4dd28efe34d6468bb457da9023f13ef,3,5,3,solved,True,0.28582700000000005,15,3466,6,6,6-2-3-2-3-2-3-4-5-6,13195,13165,522,369,20
descendant,0,d55,0x1563f9161eef2c9011a70c492782a707b,3,4,4,solved,True,0.07770999999999995,12,1061,6,6,6-2-3-2-3-4-5-6,4633,4615,341,240,17
descendant,0,d186,0x3dba68d2d1db144f20fe0652052ae0350,3,5,1,solved,True,0.2936590000000001,15,3466,6,6,6-2-3-3-2-3-4-5-6,13240,13210,578,418,20
random,,r17,0x32b640c1bba37107df49617b5077ca29b,3,5,3,solved,True,0.283231,15,3466,6,6,6-2-3-2-2-3-4-5-6,13521,13491,433,283,20
descendant,1,d237,0x4e96d24e294b11bdfd4dff9e1fd7635c3,3,5,3,solved,True,0.2957879999999997,15,3466,6,6,6-2-3-2-3-2-3-4-5-6,14114,14084,523,372,20
random,,r7,0x5735ec1b3e70ba8eb2af62099b904552a,3,4,3,solved,True,0.06830500000000006,12,1061,6,6,6-2-3-3-2-3-4-5-6,4477,4459,399,297,17
random,,r27,0x4d9d1a3a0f43e414dce5cedbb4223bfe,3,5,1,solved,True,0.2748229999999996,15,3466,6,6,6-2-3-2-3-2-3-4-5-6,14425,14395,479,326,20
descendant,1,d6,0x9399e01e8799a5fdd6da3c246e32acd5,3,5,3,solved,True,0.29331699999999983,15,3466,6,6,6-2-3-2-2-3-4-5-6,14709,14679,440,289,20
random,,r28,0x35f7e77b334105b5e1948efc0c9e1b2b6,3,5,4,solved,True,0.28378799999999993,15,3466,6,6,6-2-3-2-3-4-5-6,14911,14881,451,301,20
descendant,1,d171,0x6160c4d7681e3872568b87486e0ac852a,3,4,1,solved,True,0.07123499999999972,12,1061,6,6,6-2-3-2-3-2-3-4-5-6,4486,4468,364,262,17
descendant,0,d7,0x5ce2bafcd949830ce62ec0235672883e9,3,5,1,solved,True,0.27652399999999977,15,3466,6,6,6-2-3-2-2-3-4-5-6,14371,14341,444,293,20
descendant,1,d6,0x9399e01e8799a5fdd6da3c246e32acd5,3,5,4,solved,True,0.27177700000000016,15,3466,6,6,6-2-3-2-2-3-4-5-6,16339,16309,443,295,20
random,,r20,0x631526e649146dd8e894a9297744d40d3,3,5,3,solved,True,0.28428600000000026,15,3466,6,6,6-2-3-2-3-2-3-4-5-6,13233,13203,523,369,20
random,,r5,0x57d2f5a17fa44525671162d58f74a9fe6,3,5,2,solved,True,0.2819830000000003,15,3466,6,6,6-2-3-2-2-3-4-5-6,13620,13590,440,288,20
random,,r3,0x12bffc766b5be2c3419af41fff7255cda,3,5,2,solved,True,0.278111,15,3466,6,6,6-2-3-2-3-2-3-4-5-6,14817,14787,499,346,20
descendant,1,d122,0x6e6d2f8eef1aeb976397ba9770acbf436,3,5,2,solved,True,0.2852440000000005,15,3466,6,6,6-2-3-2-2-3-4-5-6,14278,14248,442,293,20
descendant,1,d121,0x93f2dda1165f5e8aacc5756cde1d20ed,3,5,1,solved,True,0.2769029999999999,15,3466,6,6,6-2-3-2-2-3-4-5-6,15726,15696,451,299,20
descendant,1,d62,0x7c8857448d048353655694cc56d75363c,3,4,4,solved,True,0.06910399999999983,12,1061,6,6,6-2-3-3-2-3-4-5-6,4724,4706,397,294,17
descendant,0,d65,0x78b05fd79fa0a76be42333888ec90d7ca,3,5,2,solved,True,0.27474,15,3466,6,6,6-2-3-3-2-3-4-5-6,13202,13172,578,417,20
descendant,1,d76,0x7fb7abef5d088e70bff2b2264ca09f8cc,3,4,2,solved,True,0.06712599999999957,12,1061,6,6,6-2-3-2-3-4-5-6,4217,4199,327,231,17
random,,r30,0x180d79ef8ffbb8c736b044cd1f23e5147,3,5,4,solved,True,0.2498140000000002,15,3466,6,6,6-2-3-2-2-3-4-5-6,15066,15036,450,301,20
descendant,0,d94,0x201948b922c9601f6abed0f30a801999c,3,4,4,solved,True,0.0839979999999998,12,1061,6,6,6-2-3-2-2-3-4-5-6,4210,4192,331,231,17
E0,,E0,0x1,3,5,20,solved,True,0.2745280000000001,15,3436,6,6,6-2-3-2-3-2-3-4-5-6,16492,16462,603,444,20
descendant,1,d171,0x6160c4d7681e3872568b87486e0ac852a,3,5,2,solved,True,0.254486,15,3466,6,6,6-2-3-2-2-3-4-5-6,13496,13466,432,283,20
descendant,0,d77,0x35111962dbd84377113e28c969a80c3a4,3,4,3,solved,True,0.06918500000000005,12,1061,6,6,6-2-3-2-2-3-4-5-6,4787,4769,339,238,17
descendant,1,d123,0x1ca05b9628bda070c6e1981acf88bdc35,3,5,2,solved,True,0.27727499999999994,15,3466,6,6,6-2-3-2-2-3-4-5-6,13508,13478,434,283,20
descendant,1,d209,0x53d636e33f1f10e6597bfb1937eb25ad5,3,4,1,solved,True,0.06303500000000017,12,1061,6,6,6-2-3-2-2-3-4-5-6,4793,4775,335,238,17
descendant,0,d255,0x7438ead7f6b216d711dd286006c31aa3e,3,4,4,solved,True,0.06669300000000034,12,1061,6,6,6-2-3-2-3-4-5-6,4624,4606,339,240,17
descendant,0,d42,0x1729343319b55ebc3b3a82b1dc095d5b,3,5,4,solved,True,0.290492,15,3466,6,6,6-2-3-2-2-3-4-5-6,16326,16296,445,295,20
descendant,0,d35,0x346ea84d1619dcf1d9f0728023cea89de,3,5,4,solved,True,0.2717109999999998,15,3466,6,6,6-2-3-2-2-3-4-5-6,14909,14879,455,305,20
descendant,0,d222,0x1b9b6a54a2b4db0634c71eb2d65d3a5d5,3,4,3,solved,True,0.06432599999999988,12,1061,6,6,6-2-3-3-2-3-4-5-6,4738,4720,397,294,17
descendant,1,d223,0x7f59881f65b46784928483fc532a92ca2,3,4,3,solved,True,0.0672419999999998,12,1061,6,6,6-2-3-2-3-4-5-6,4214,4196,330,231,17
descendant,0,d217,0x4a61b1d6894bdf065f2e8452518ba7929,3,5,1,solved,True,0.28421600000000025,15,3466,6,6,6-2-3-2-2-3-4-5-6,14696,14666,440,289,20
E0,,E0,0x1,3,5,46,solved,True,0.2602739999999999,15,3436,6,6,6-2-3-2-3-2-3-4-5-6,13184,13154,596,436,20
descendant,0,d116,0x522a0dc6e5a8a3a25617a4db3848460fd,3,4,2,solved,True,0.07188900000000009,12,1061,6,6,6-2-3-2-2-3-4-5-6,5134,5116,349,248,17
descendant,1,d27,0x2e670ee2b9b86c05d6a242148468dc3d6,3,5,3,solved,True,0.2666759999999999,15,3466,6,6,6-2-3-3-2-3-4-5-6,13259,13229,585,422,20
descendant,0,d193,0x3613dae75f27455877c5ff6325ef7002a,3,5,3,solved,True,0.25643600000000033,15,3466,6,6,6-2-3-2-3-2-3-4-5-6,13227,13197,519,369,20
random,,r22,0x1c109605f1137a32b7e925fa3d122d73e,3,4,1,solved,True,0.07702199999999992,12,1061,6,6,6-2-3-2-3-4-5-6,4622,4604,338,240,17
random,,r10,0x3c4dd28efe34d6468bb457da9023f13ef,3,5,1,solved,True,0.27621699999999993,15,3466,6,6,6-2-3-2-2-3-4-5-6,14390,14360,439,289,20
descendant,1,d138,0x11e5a601d7acc53b58f3e174eaf2cc403,3,4,4,solved,True,0.0714699999999997,12,1061,6,6,6-2-3-2-3-4-5-6,4633,4615,339,240,17
descendant,1,d120,0x2f9433432d037272266e032fffaaf89aa,3,5,1,solved,True,0.2880180000000001,15,3466,6,6,6-2-3-3-2-3-4-5-6,14150,14120,584,425,20
descendant,0,d4,0x38a1549552e8ad1cc78b1295a7f14eac4,3,5,3,solved,True,0.2639119999999999,15,3466,6,6,6-2-3-2-3-2-3-4-5-6,13233,13203,523,369,20
descendant,0,d201,0x5be8944d433669e6e1d91f80af0203097,3,4,4,solved,True,0.07279299999999989,12,1061,6,6,6-2-3-2-3-4-5-6,4621,4603,338,240,17
descendant,0,d168,0x38e96ec5419519eb1b1b583429e4a4574,3,5,4,solved,True,0.26892499999999986,15,3466,6,6,6-2-3-2-2-2-3-4-5-6,13228,13198,433,283,20
descendant,0,d222,0x1b9b6a54a2b4db0634c71eb2d65d3a5d5,3,4,4,solved,True,0.06802999999999981,12,1061,6,6,6-2-3-2-3-4-5-6,4629,4613,331,238,17
descendant,0,d250,0x8178f927f73e8a15ddf180e79fe764c9,3,4,4,solved,True,0.0688089999999999,12,1061,6,6,6-2-3-2-3-4-5-6,4618,4600,339,240,17
descendant,0,d45,0x40bb9e1577a5e671bfd24982cff49b933,3,5,4,solved,True,0.2794889999999999,15,3466,6,6,6-2-3-2-3-2-3-4-5-6,14396,14366,477,326,20
descendant,1,d119,0x15ce9d4d971bf063c018cb2ac172e1699,3,5,2,solved,True,0.29774400000000023,15,3466,6,6,6-2-3-2-2-3-4-5-6,13316,13286,433,283,20
descendant,1,d151,0x3273222f340ba0d98c96a57fafdd64b08,3,5,1,solved,True,0.28788100000000005,15,3466,6,6,6-2-3-2-3-2-3-4-5-6,13551,13521,523,369,20
random,,r15,0x428b16566f49d70583495040a60feeb8b,3,4,3,solved,True,0.07522800000000007,12,1061,6,6,6-2-3-2-2-3-4-5-6,5122,5104,347,248,17
descendant,0,d37,0x5621482622ef68231a3a01496c65aee5d,3,5,4,solved,True,0.26987200000000033,15,3466,6,6,6-2-3-2-2-3-4-5-6,15495,15465,461,311,20
descendant,1,d93,0x2369c56cd97a340070a36bb606e2a62d8,3,5,4,solved,True,0.26160700000000014,15,3466,6,6,6-2-3-2-2-2-3-4-5-6,14575,14545,447,294,20
descendant,0,d262,0x604b34f08ba6232f19646f0a85306eaea,3,4,3,solved,True,0.06522899999999998,12,1061,6,6,6-2-3-3-2-3-4-5-6,4747,4729,399,294,17
descendant,0,d69,0x49d06671fce2974f3f7c4b57ac263a037,3,5,2,solved,True,0.272176,15,3466,6,6,6-2-3-3-2-3-4-5-6,14209,14179,578,420,20
descendant,0,d175,0x692a771f8f3fa6b2d0fa10aa1f61f4334,3,4,3,solved,True,0.07885699999999973,12,1061,6,6,6-2-3-3-2-3-4-5-6,4756,4738,398,294,17
descendant,1,d106,0x16971f8c50d977ad1a9887c8ec15c1615,3,4,1,solved,True,0.07032799999999995,12,1061,6,6,6-2-3-2-2-3-4-5-6,4477,4459,334,235,17
descendant,1,d119,0x15ce9d4d971bf063c018cb2ac172e1699,3,5,1,solved,True,0.2717750000000003,15,3466,6,6,6-2-3-2-2-3-4-5-6,13396,13366,432,283,20
descendant,0,d206,0xce1c9f7cab8afa7b83eb7a279f351fff,3,4,1,solved,True,0.06307799999999997,12,1061,6,6,6-2-3-3-2-3-4-5-6,4204,4186,398,294,17
descendant,0,d260,0x42574b08f9dc08ecd2e13d8090ad12b21,3,5,2,solved,True,0.261765,15,3466,6,6,6-2-3-2-3-2-3-4-5-6,14475,14445,476,326,20
descendant,1,d246,0x351aae75214f94bf197cf8bb77c135d24,3,5,3,solved,True,0.2656700000000001,15,3466,6,6,6-2-3-2-3-2-3-4-5-6,14303,14273,527,373,20
descendant,1,d139,0x3f3a3c2426b89e5f111720f26746debb6,3,5,3,solved,True,0.2814619999999999,15,3466,6,6,6-2-3-3-2-3-4-5-6,15610,15580,594,433,20
descendant,0,d36,0x451b962e8e37e5267349c9f6aae91ea13,3,4,1,solved,True,0.07440999999999987,12,1061,6,6,6-2-3-2-3-2-3-4-5-6,4487,4469,365,262,17
random,,r38,0x7c9c6d2352c2608a8e1ac55e2a08404a6,3,5,4,solved,True,0.268675,15,3466,6,6,6-2-3-2-3-2-3-4-5-6,15044,15014,535,381,20
random,,r24,0x747d2357324667ee875d2604ed162987a,3,5,4,solved,True,0.28459800000000035,15,3466,6,6,6-2-3-3-2-3-4-5-6,14427,14397,583,424,20
random,,r4,0x5aed395528d9334d7b0db1091b2fccab3,3,5,3,solved,True,0.2732190000000001,15,3466,6,6,6-2-3-3-2-3-4-5-6,14278,14248,579,420,20
descendant,1,d210,0x4629681bbd7f5f6d22f01b3d433bb361,3,5,2,solved,True,0.28098899999999993,15,3466,6,6,6-2-3-2-2-3-4-5-6,13628,13598,439,288,20
E0,,E0,0x1,3,5,47,solved,True,0.2780959999999997,15,3436,6,6,6-2-3-2-3-2-3-4-5-6,13126,13096,601,440,20
descendant,1,d92,0x4901868d3d3ffba413e1c8e2c6fd8f659,3,5,3,solved,True,0.26386699999999985,15,3466,6,6,6-2-3-3-2-3-4-5-6,14466,14436,584,423,20
descendant,1,d209,0x53d636e33f1f10e6597bfb1937eb25ad5,3,4,4,solved,True,0.06417700000000037,12,1061,6,6,6-2-3-2-3-4-5-6,4633,4615,338,240,17
descendant,0,d191,0x7a8fc7068fa065ddd29042d4bc728e400,3,5,4,solved,True,0.29233600000000015,15,3466,6,6,6-2-3-2-3-2-3-4-5-6,14967,14937,536,384,20
descendant,1,d150,0x3a134cd82c8690680bc849e9f981cba90,3,4,4,solved,True,0.0709010000000001,12,1061,6,6,6-2-3-2-3-4-5-6,4633,4615,340,240,17
E0,,E0,0x1,3,4,65,solved,True,0.07039799999999996,12,1043,6,6,6-2-3-3-2-3-4-5-6,4217,4198,371,273,17
descendant,1,d236,0x9581dc3d7b73f42601641f2d5d75927d,3,5,1,solved,True,0.26272699999999993,15,3466,6,6,6-2-3-2-2-3-4-5-6,17062,17032,453,301,20
random,,r25,0x1a67be1095d6dd2e0cfc9ce7df923cbbb,3,4,1,solved,True,0.0673749999999993,12,1061,6,6,6-2-3-2-2-3-4-5-6,4793,4775,335,238,17
descendant,1,d111,0x4d8262c03b2b0b4bd0e3de7f489167e1d,3,5,1,solved,True,0.2955549999999998,15,3466,6,6,6-2-3-2-2-3-4-5-6,14427,14397,440,289,20
descendant,0,d185,0x5a4e7d16ce77472dec7477e78fbf9905b,3,4,4,solved,True,0.07358999999999982,12,1061,6,6,6-2-3-2-2-3-4-5-6,5110,5092,348,248,17
descendant,1,d11,0x1f3826f848cff1f6c9657117ef4ddd139,3,5,2,solved,True,0.30000899999999975,15,3466,6,6,6-2-3-2-3-2-3-4-5-6,13205,13175,524,369,20
E0,,E0,0x1,3,5,14,solved,True,0.2773500000000002,15,3436,6,6,6-2-3-2-3-2-3-4-5-6,13134,13104,591,433,20
random,,r5,0x57d2f5a17fa44525671162d58f74a9fe6,3,4,1,solved,True,0.06429700000000027,12,1061,6,6,6-2-3-2-3-2-3-4-5-6,4447,4429,365,262,17
descendant,0,d128,0x47a535820bff7b9046dfb62d0ecf7fd8b,3,4,4,solved,True,0.07046999999999981,12,1061,6,6,6-2-3-2-3-4-5-6,4633,4615,338,240,17
descendant,0,d165,0x64fcdc81cc55310cd05c6a8d83db3faae,3,4,2,solved,True,0.06411699999999998,12,1061,6,6,6-2-3-2-3-4-5-6,4207,4189,331,231,17
random,,r28,0x35f7e77b334105b5e1948efc0c9e1b2b6,3,5,1,solved,True,0.2776759999999996,15,3466,6,6,6-2-3-2-2-3-4-5-6,14386,14356,443,293,20
descendant,0,d207,0x55eac751209601ca8754ed4089ed7c3bf,3,5,4,solved,True,0.29449700000000023,15,3466,6,6,6-2-3-2-2-3-4-5-6,15063,15033,452,301,20
descendant,1,d120,0x2f9433432d037272266e032fffaaf89aa,3,5,4,solved,True,0.274216,15,3466,6,6,6-2-3-2-3-2-3-4-5-6,14674,14644,528,373,20
descendant,1,d135,0x4b6f4aedf31a71f526b4308aeb2db1361,3,5,1,solved,True,0.27232699999999976,15,3466,6,6,6-2-3-2-2-2-3-4-5-6,14488,14458,445,294,20
descendant,1,d237,0x4e96d24e294b11bdfd4dff9e1fd7635c3,3,4,3,solved,True,0.07097199999999981,12,1061,6,6,6-2-3-3-2-3-4-5-6,4227,4209,397,294,17
descendant,1,d170,0xae83df036e8fb794a59398cb5e86a119,3,5,3,solved,True,0.26531700000000047,15,3466,6,6,6-2-3-3-2-3-4-5-6,14363,14333,584,424,20
descendant,0,d105,0x16757ef5aeaa0592f69ecd0e05d2727c1,3,4,4,solved,True,0.08451500000000012,12,1061,6,6,6-2-3-2-3-4-5-6,4611,4593,341,240,17
random,,r13,0x5f90bb86993867ddc983e693e8305dee,3,5,4,solved,True,0.27834800000000026,15,3466,6,6,6-2-3-2-3-2-3-4-5-6,14967,14937,537,384,20
descendant,1,d32,0x6df517c2da1d083293a36a0c29450e6d8,3,4,3,solved,True,0.07346600000000025,12,1061,6,6,6-2-3-3-2-3-4-5-6,4756,4738,398,294,17
descendant,0,d241,0x413b94cd1c2e83d2a5b45741dd6b3795f,3,4,1,solved,True,0.07596100000000039,12,1061,6,6,6-2-3-3-2-3-4-5-6,4206,4188,397,294,17
descendant,1,d169,0x481775947d9b40c5b2c73300165906ba1,3,4,3,solved,True,0.07828200000000018,12,1061,6,6,6-2-3-2-3-4-5-6,4633,4615,339,240,17
E0,,E0,0x1,3,5,21,solved,True,0.2627480000000002,15,3436,6,6,6-2-3-2-2-3-2-3-4-5-6,13015,12985,515,364,20
descendant,0,d90,0x1a6f6c03bac6dc9bda445ec557a88a30f,3,4,4,solved,True,0.07156200000000013,12,1061,6,6,6-2-3-2-3-4-5-6,4617,4599,339,240,17
descendant,1,d151,0x3273222f340ba0d98c96a57fafdd64b08,3,4,2,solved,True,0.08217799999999942,12,1061,6,6,6-2-3-2-2-3-4-5-6,5145,5127,347,248,17
descendant,0,d219,0x2bb98e98beee47dc4dac5c21dde510d9,3,4,3,solved,True,0.07314899999999946,12,1061,6,6,6-2-3-3-2-3-4-5-6,4233,4215,399,294,17
descendant,0,d235,0x48720f769953b071364d6cf5ee51d79d1,3,5,4,solved,True,0.27268400000000037,15,3466,6,6,6-2-3-2-3-2-3-4-5-6,14934,14904,535,381,20
descendant,0,d202,0x395581209ce2b0a65125651ee71539026,3,4,3,solved,True,0.06718199999999985,12,1061,6,6,6-2-3-2-3-4-5-6,4625,4607,339,240,17
descendant,0,d197,0x283e0e7def2f755a62c475993b97cc610,3,4,4,solved,True,0.06745000000000045,12,1061,6,6,6-2-3-2-3-4-5-6,4633,4615,340,240,17
descendant,1,d231,0x4e242904c3aff1fb588689f9e72ecbd5f,3,4,3,solved,True,0.06513100000000005,12,1061,6,6,6-2-3-3-2-3-4-5-6,4237,4219,399,294,17
random,,r26,0x513835c8bc81a770bc62c6fb3425b721e,3,5,3,solved,True,0.26885299999999956,15,3466,6,6,6-2-3-2-3-2-3-4-5-6,14714,14684,527,373,20
descendant,0,d40,0x1d91fad937e37dd0872eb5940e37f9123,3,4,1,solved,True,0.06782600000000016,12,1061,6,6,6-2-3-2-2-3-4-5-6,4475,4457,335,235,17
descendant,1,d208,0x690f9adc941f9084e345e3f18c06d5ed,3,5,3,solved,True,0.2957700000000001,15,3466,6,6,6-2-3-2-2-3-4-5-6,13521,13491,431,283,20
descendant,1,d96,0x2269b6d64e03765c0739b92bdbd1228ca,3,5,1,solved,True,0.2912010000000005,15,3466,6,6,6-2-3-3-2-3-4-5-6,13224,13194,572,417,20
descendant,0,d64,0x1c9be51908f70d585373c6ee768481d1f,3,5,2,solved,True,0.2946059999999999,15,3466,6,6,6-2-3-2-2-3-4-5-6,14290,14260,441,293,20
descendant,1,d218,0x52455e82f4810c9381cc3e182bb9590cb,3,4,1,solved,True,0.0699150000000004,12,1061,6,6,6-2-3-2-3-2-3-4-5-6,4479,4461,363,262,17
descendant,0,d26,0x4800e3f366f34256d3a0e9d83c733f723,3,4,1,solved,True,0.0688879999999994,12,1061,6,6,6-2-3-2-2-3-4-5-6,4780,4762,338,238,17
random,,r27,0x4d9d1a3a0f43e414dce5cedbb4223bfe,3,5,4,solved,True,0.2912039999999996,15,3466,6,6,6-2-3-2-2-3-4-5-6,14911,14881,453,305,20
descendant,1,d34,0x4ccd3eb998bd563dec81902c927ba27b1,3,5,2,solved,True,0.2823899999999995,15,3466,6,6,6-2-3-2-2-3-4-5-6,13435,13405,433,283,20
descendant,1,d203,0x4b0e2eee613b7872f3b562cc8bbbb2c5d,3,5,1,solved,True,0.2673869999999994,15,3466,6,6,6-2-3-3-2-3-4-5-6,14459,14429,581,423,20
E0,,E0,0x1,3,5,55,solved,True,0.2927940000000002,15,3436,6,6,6-2-3-2-3-2-3-4-5-6,13315,13285,600,440,20
descendant,1,d50,0xfe8b818862e2a1f881b6755c04b53b3b,3,4,4,solved,True,0.07442799999999972,12,1061,6,6,6-2-3-2-3-4-5-6,4629,4611,342,240,17
descendant,1,d163,0x57cf20cccd0d555c5f95c58ccda8fc4a7,3,5,4,solved,True,0.2870909999999993,15,3466,6,6,6-2-3-2-2-3-4-5-6,15071,15041,449,301,20
descendant,0,d167,0xd6388e419fb08df478217c6472aa9a03,3,4,4,solved,True,0.08770400000000045,12,1061,6,6,6-2-3-2-2-3-4-5-6,5122,5104,348,248,17
descendant,1,d129,0x142bc9983801d5399f9f7a19881c1f6d,3,4,3,solved,True,0.0769580000000003,12,1061,6,6,6-2-3-3-2-3-4-5-6,4741,4723,399,294,17
descendant,0,d202,0x395581209ce2b0a65125651ee71539026,3,5,2,solved,True,0.2555689999999995,15,3466,6,6,6-2-3-2-2-3-4-5-6,14399,14369,438,289,20
descendant,1,d95,0x166016c7eb66b831db4d56e3a8b3b83e5,3,4,3,solved,True,0.06929800000000075,12,1061,6,6,6-2-3-3-2-3-4-5-6,4741,4723,398,294,17
descendant,1,d18,0x289bcd46096a3b58450dd47e44342c9b,3,4,4,solved,True,0.07989399999999991,12,1061,6,6,6-2-3-2-2-3-4-5-6,5122,5104,349,248,17
E0,,E0,0x1,3,4,30,solved,True,0.0669960000000005,12,1043,6,6,6-2-3-2-3-2-3-4-5-6,4175,4156,381,270,17
descendant,0,d181,0x67a9cb278d47eca3db9edf1d62c3ea42a,3,4,4,solved,True,0.07865199999999994,12,1061,6,6,6-2-3-2-2-3-4-5-6,4207,4189,332,231,17
random,,r31,0x40137030b0fd3ef8da5ea4ff481444876,3,4,4,solved,True,0.08338000000000001,12,1061,6,6,6-2-3-2-3-4-5-6,4639,4622,336,239,17
descendant,1,d24,0x2d22cfd861ae9e73299a94b877a445f40,3,5,2,solved,True,0.28262699999999974,15,3466,6,6,6-2-3-2-2-3-4-5-6,14277,14247,444,293,20
descendant,1,d188,0x42bb69ba29abd1c6ec710ef684632de23,3,4,2,solved,True,0.07370400000000021,12,1061,6,6,6-2-3-2-3-4-5-6,4217,4199,330,231,17
descendant,0,d0,0x7a90344c571894684e176f4797bae946e,3,4,2,solved,True,0.06646200000000002,12,1061,6,6,6-2-3-2-2-3-4-5-6,4477,4459,335,235,17
descendant,0,d13,0x63ded55f267083bb775bb261b518421d6,3,4,3,solved,True,0.06861800000000073,12,1061,6,6,6-2-3-2-2-3-4-5-6,4279,4261,331,231,17
descendant,0,d7,0x5ce2bafcd949830ce62ec0235672883e9,3,4,4,solved,True,0.07605299999999993,12,1061,6,6,6-2-3-2-3-4-5-6,4625,4607,339,240,17
descendant,1,d33,0x344bf04093f8a908f2df7b012e6a1ff46,3,5,3,solved,True,0.26291600000000015,15,3466,6,6,6-2-3-2-2-3-4-5-6,13507,13477,431,283,20
descendant,0,d216,0x106ff1a099860bdcc3b55b1e4da480799,3,4,2,solved,True,0.07610600000000023,12,1061,6,6,6-2-3-2-3-4-5-6,4217,4199,331,231,17
descendant,0,d132,0x66be1b1e0c8ac87b7df12d81a076d24c8,3,5,3,solved,True,0.2920200000000004,15,3466,6,6,6-2-3-3-2-3-4-5-6,14475,14445,584,424,20
descendant,0,d155,0x6a26ae33f796563d34a0d159f9b5dc012,3,5,4,solved,True,0.26592400000000094,15,3466,6,6,6-2-3-2-2-2-3-4-5-6,13228,13198,432,283,20
descendant,0,d59,0x1cec9f43ce245075b0ea308b7973cd86d,3,5,2,solved,True,0.28982999999999937,15,3466,6,6,6-2-3-3-2-3-4-5-6,14451,14421,583,423,20
descendant,1,d119,0x15ce9d4d971bf063c018cb2ac172e1699,3,5,4,solved,True,0.2735679999999996,15,3466,6,6,6-2-3-2-3-2-3-4-5-6,14952,14922,496,346,20
descendant,0,d204,0x41e5c9c12a84e81e5d2a9ea4246c36d67,3,5,4,solved,True,0.26875499999999963,15,3466,6,6,6-2-3-2-2-3-4-5-6,15067,15037,452,301,20
descendant,1,d182,0x33db101d94ca827f757e351001f0b87a6,3,5,1,solved,True,0.28298000000000023,15,3466,6,6,6-2-3-2-2-3-4-5-6,13447,13417,433,283,20
E0,,E0,0x1,3,5,56,solved,True,0.25772499999999976,15,3436,6,6,6-2-3-2-3-2-3-4-5-6,12931,12901,572,415,20
descendant,1,d96,0x2269b6d64e03765c0739b92bdbd1228ca,3,4,1,solved,True,0.06294799999999956,12,1061,6,6,6-2-3-3-2-3-4-5-6,4724,4706,398,294,17
descendant,0,d65,0x78b05fd79fa0a76be42333888ec90d7ca,3,4,3,solved,True,0.06734200000000001,12,1061,6,6,6-2-3-3-2-3-4-5-6,4475,4457,401,297,17
descendant,1,d230,0x33804ac2d6f98bb4947ddda6f5532523e,3,5,2,solved,True,0.25638000000000005,15,3466,6,6,6-2-3-2-2-3-4-5-6,13506,13476,432,283,20
E0,,E0,0x1,3,4,68,solved,True,0.07159700000000058,12,1043,6,6,6-2-3-3-2-3-4-5-6,4214,4195,371,273,17
descendant,1,d161,0x1d194974d8161ca780f827b909834aa53,3,4,1,solved,True,0.07056600000000035,12,1061,6,6,6-2-3-2-3-2-3-4-5-6,4489,4471,363,262,17
descendant,0,d260,0x42574b08f9dc08ecd2e13d8090ad12b21,3,4,4,solved,True,0.07090499999999977,12,1061,6,6,6-2-3-2-3-4-5-6,4625,4607,338,240,17
descendant,0,d97,0x5f839b44fc3eb024c876bf2d4d24f0239,3,5,1,solved,True,0.269825,15,3466,6,6,6-2-3-2-2-3-4-5-6,13641,13611,440,288,20
descendant,1,d85,0x521634e1195c62fbebdbbc62e7e3de8df,3,5,1,solved,True,0.2604980000000001,15,3466,6,6,6-2-3-2-3-2-3-4-5-6,13741,13711,523,369,20
descendant,1,d30,0x76380792d43b1dbb8f81b33d0279557ee,3,4,1,solved,True,0.07564300000000035,12,1061,6,6,6-2-3-2-2-3-4-5-6,4477,4459,336,235,17
descendant,0,d186,0x3dba68d2d1db144f20fe0652052ae0350,3,4,4,solved,True,0.07854900000000065,12,1061,6,6,6-2-3-2-3-4-5-6,4633,4615,341,240,17
random,,r0,0x820c33d3c516171b5f58d8c050c05c5b,3,4,2,solved,True,0.08109000000000055,12,1061,6,6,6-2-3-3-2-3-4-5-6,4233,4215,398,294,17
E0,,E0,0x1,3,4,57,solved,True,0.06814900000000002,12,1043,6,6,6-2-3-3-2-3-4-5-6,5372,5353,371,274,17
descendant,0,d181,0x67a9cb278d47eca3db9edf1d62c3ea42a,3,5,4,solved,True,0.2719870000000002,15,3466,6,6,6-2-3-2-2-3-4-5-6,14942,14912,450,301,20
random,,r4,0x5aed395528d9334d7b0db1091b2fccab3,3,4,2,solved,True,0.07778899999999922,12,1061,6,6,6-2-3-2-2-3-4-5-6,5149,5132,346,247,17
descendant,0,d55,0x1563f9161eef2c9011a70c492782a707b,3,4,1,solved,True,0.07847099999999951,12,1061,6,6,6-2-3-2-2-3-4-5-6,4793,4775,338,238,17
descendant,1,d122,0x6e6d2f8eef1aeb976397ba9770acbf436,3,5,3,solved,True,0.24827900000000014,15,3466,6,6,6-2-3-2-2-3-4-5-6,15567,15537,461,311,20
descendant,1,d135,0x4b6f4aedf31a71f526b4308aeb2db1361,3,5,3,solved,True,0.2615039999999986,15,3466,6,6,6-2-3-2-3-2-3-4-5-6,13227,13197,523,369,20
descendant,0,d207,0x55eac751209601ca8754ed4089ed7c3bf,3,4,4,solved,True,0.06730999999999998,12,1061,6,6,6-2-3-2-3-4-5-6,4622,4605,334,239,17
E0,,E0,0x1,3,4,12,solved,True,0.06756399999999996,12,1043,6,6,6-2-3-3-2-3-4-5-6,4441,4422,372,273,17
descendant,0,d98,0x64aa618e4d7cf361dd0ab74a21806f1f0,3,4,2,solved,True,0.06860700000000008,12,1061,6,6,6-2-3-2-3-4-5-6,5018,5000,343,243,17
random,,r38,0x7c9c6d2352c2608a8e1ac55e2a08404a6,3,5,2,solved,True,0.26153599999999955,15,3466,6,6,6-2-3-2-3-2-3-4-5-6,14825,14795,497,346,20
descendant,0,d145,0x5c7d9e1810ff3dcb66944c37d53c3e765,3,5,1,solved,True,0.2628819999999994,15,3466,6,6,6-2-3-2-2-3-4-5-6,14412,14382,441,289,20
descendant,1,d124,0x15dbca5211d9ba2d338bb55c508f06c69,3,5,3,solved,True,0.2721939999999998,15,3466,6,6,6-2-3-3-2-3-4-5-6,14286,14256,577,420,20
descendant,0,d42,0x1729343319b55ebc3b3a82b1dc095d5b,3,5,2,solved,True,0.2700180000000003,15,3466,6,6,6-2-3-3-2-3-4-5-6,15581,15551,591,433,20
descendant,1,d163,0x57cf20cccd0d555c5f95c58ccda8fc4a7,3,4,4,solved,True,0.07016400000000012,12,1061,6,6,6-2-3-2-3-4-5-6,4624,4606,339,240,17
descendant,1,d158,0x6f514cabfdbec0ee57f5dcc4987dc83f0,3,4,3,solved,True,0.06351900000000033,12,1061,6,6,6-2-3-2-2-3-4-5-6,4239,4221,332,231,17
descendant,1,d34,0x4ccd3eb998bd563dec81902c927ba27b1,3,4,3,solved,True,0.07568899999999967,12,1061,6,6,6-2-3-3-2-3-4-5-6,4238,4220,398,294,17
descendant,1,d73,0x6c207545189a4d6a1a9a36f6ef83e6e40,3,5,1,solved,True,0.2840840000000009,15,3466,6,6,6-2-3-2-2-3-4-5-6,14440,14410,440,289,20
descendant,0,d189,0x42a1f19b9bc836a1efec12c5c3d2c8e51,3,4,3,solved,True,0.07066200000000045,12,1061,6,6,6-2-3-3-2-3-4-5-6,4224,4206,398,294,17
descendant,1,d190,0x5f45884e703f81e86996cccf0a8c14659,3,5,1,solved,True,0.26771100000000025,15,3466,6,6,6-2-3-2-3-2-3-4-5-6,14492,14462,536,378,20
descendant,1,d85,0x521634e1195c62fbebdbbc62e7e3de8df,3,5,2,solved,True,0.2805540000000013,15,3466,6,6,6-2-3-2-2-3-4-5-6,14448,14418,438,289,20
descendant,0,d160,0x6edf6cf25c3495625e3f83de43362a932,3,4,2,solved,True,0.07538300000000042,12,1061,6,6,6-2-3-2-3-4-5-6,4213,4195,332,231,17
descendant,0,d201,0x5be8944d433669e6e1d91f80af0203097,3,4,1,solved,True,0.07913000000000014,12,1061,6,6,6-2-3-2-3-2-3-4-5-6,5017,5000,371,271,17
descendant,1,d242,0x54aae193ab4ce46cc2cfbeb7a32a56e7b,3,4,1,solved,True,0.062385999999999164,12,1061,6,6,6-2-3-2-2-3-4-5-6,4477,4459,335,235,17
descendant,1,d246,0x351aae75214f94bf197cf8bb77c135d24,3,4,1,solved,True,0.06326500000000035,12,1061,6,6,6-2-3-3-2-3-4-5-6,4191,4173,397,294,17
descendant,0,d261,0x184c28af14000136d0051c59203a1e0f5,3,4,2,solved,True,0.06837400000000038,12,1061,6,6,6-2-3-2-2-3-4-5-6,5126,5108,349,248,17
descendant,1,d92,0x4901868d3d3ffba413e1c8e2c6fd8f659,3,4,1,solved,True,0.07783199999999901,12,1061,6,6,6-2-3-2-3-4-5-6,4620,4602,341,240,17
descendant,0,d55,0x1563f9161eef2c9011a70c492782a707b,3,4,2,solved,True,0.0670869999999999,12,1061,6,6,6-2-3-2-3-4-5-6,4203,4186,329,230,17
descendant,1,d225,0x641725bc746169a468daa4939c4cadd22,3,5,1,solved,True,0.2633599999999996,15,3466,6,6,6-2-3-3-2-3-4-5-6,13258,13228,575,417,20
descendant,1,d33,0x344bf04093f8a908f2df7b012e6a1ff46,3,4,4,solved,True,0.08385399999999965,12,1061,6,6,6-2-3-2-3-4-5-6,4628,4612,334,238,17
descendant,1,d195,0x4c19c43afe8b10ad1c4b9aa0c35f8fcc3,3,4,3,solved,True,0.07521600000000017,12,1061,6,6,6-2-3-3-2-3-4-5-6,4233,4215,397,294,17
descendant,1,d6,0x9399e01e8799a5fdd6da3c246e32acd5,3,5,1,solved,True,0.28615499999999994,15,3466,6,6,6-2-3-3-2-3-4-5-6,15562,15532,593,433,20
descendant,0,d178,0x2c9787372de01833166562c539cbae02c,3,5,4,solved,True,0.28027299999999933,15,3466,6,6,6-2-3-2-2-2-3-4-5-6,13771,13741,434,283,20
descendant,1,d161,0x1d194974d8161ca780f827b909834aa53,3,4,3,solved,True,0.06968500000000066,12,1061,6,6,6-2-3-3-2-3-4-5-6,4741,4723,398,294,17
E0,,E0,0x1,3,4,24,solved,True,0.06768399999999986,12,1043,6,6,6-2-3-3-3-4-2-3-2-3-4-5-2-2-3-6,5199,5180,659,507,17
descendant,1,d214,0x501aa57af4679d98c4318041493aef709,3,5,2,solved,True,0.28090499999999974,15,3466,6,6,6-2-3-2-2-3-4-5-6,14255,14225,443,293,20
descendant,1,d12,0x5c3fe6e2e934a8b041ddfe024314ef4f5,3,5,3,solved,True,0.2953619999999999,15,3466,6,6,6-2-3-3-2-3-4-5-6,14279,14249,576,420,20
descendant,0,d97,0x5f839b44fc3eb024c876bf2d4d24f0239,3,4,2,solved,True,0.06763500000000011,12,1061,6,6,6-2-3-3-2-3-4-5-6,4223,4205,398,294,17
descendant,0,d162,0x3094ecfe37acc53953a51556d0b08b87a,3,5,4,solved,True,0.2814610000000002,15,3466,6,6,6-2-3-3-2-3-4-5-6,14138,14108,584,425,20
descendant,1,d195,0x4c19c43afe8b10ad1c4b9aa0c35f8fcc3,3,5,4,solved,True,0.27216299999999993,15,3466,6,6,6-2-3-2-2-3-4-5-6,15065,15035,450,301,20
descendant,1,d33,0x344bf04093f8a908f2df7b012e6a1ff46,3,5,2,solved,True,0.2935409999999994,15,3466,6,6,6-2-3-2-2-3-4-5-6,13633,13603,439,288,20
random,,r6,0x8b4ac10d3930cd0ef2535de93352dee3,3,4,4,solved,True,0.06584700000000066,12,1061,6,6,6-2-3-2-2-3-4-5-6,5122,5104,347,248,17
descendant,0,d228,0x6d20a8996fe80a6e006d15d8384fb540c,3,4,3,solved,True,0.07681100000000018,12,1061,6,6,6-2-3-3-2-3-4-5-6,4723,4705,397,294,17
descendant,0,d31,0x4b1b29aee3f459f4bcd186dc352d0372b,3,4,2,solved,True,0.08073000000000086,12,1061,6,6,6-2-3-3-2-3-4-5-6,4458,4440,400,297,17
descendant,0,d134,0x3ac6e24c614ec7d66d9b971c65619de54,3,4,4,solved,True,0.07086100000000073,12,1061,6,6,6-2-3-2-3-4-5-6,4645,4627,340,240,17
descendant,0,d77,0x35111962dbd84377113e28c969a80c3a4,3,5,4,solved,True,0.27059799999999967,15,3466,6,6,6-2-3-2-2-3-4-5-6,14952,14922,450,301,20
descendant,1,d150,0x3a134cd82c8690680bc849e9f981cba90,3,5,3,solved,True,0.2865999999999991,15,3466,6,6,6-2-3-2-2-3-4-5-6,15002,14972,451,301,20
random,,r33,0x4abaedb2c606a04f40b4a938c050fd5ee,3,4,1,solved,True,0.07598900000000075,12,1061,6,6,6-2-3-2-2-3-4-5-6,4793,4775,338,238,17
E0,,E0,0x1,3,4,76,solved,True,0.06494700000000009,12,1043,6,6,6-2-3-3-2-2-3-2-3-4-5-6,4521,4502,415,301,17
descendant,0,d37,0x5621482622ef68231a3a01496c65aee5d,3,4,1,solved,True,0.07268100000000022,12,1061,6,6,6-2-3-2-3-2-3-4-5-6,4489,4471,360,262,17
descendant,1,d106,0x16971f8c50d977ad1a9887c8ec15c1615,3,4,4,solved,True,0.08017599999999891,12,1061,6,6,6-2-3-2-2-3-4-5-6,5122,5104,346,248,17
descendant,1,d70,0x1f89dd540b9b75905ab799dfe0c123771,3,4,3,solved,True,0.07380899999999979,12,1061,6,6,6-2-3-2-3-4-5-6,4224,4206,332,231,17
descendant,1,d28,0xb4952f009fc0edd12dbd419804e5f43d,3,4,3,solved,True,0.07117600000000035,12,1061,6,6,6-2-3-3-2-3-4-5-6,4741,4723,399,294,17
descendant,0,d185,0x5a4e7d16ce77472dec7477e78fbf9905b,3,5,2,solved,True,0.27266499999999994,15,3466,6,6,6-2-3-2-2-3-4-5-6,14375,14345,443,293,20
descendant,0,d98,0x64aa618e4d7cf361dd0ab74a21806f1f0,3,5,3,solved,True,0.28905099999999884,15,3466,6,6,6-2-3-2-3-2-3-4-5-6,14329,14299,528,373,20
descendant,0,d80,0x12714bc33324078d5926b7cadb4f82a2b,3,5,3,solved,True,0.26672799999999963,15,3466,6,6,6-2-3-2-3-2-3-4-5-6,13224,13194,524,369,20
descendant,1,d113,0x57e3b39aea7b420456d85034025e6935f,3,5,4,solved,True,0.29216700000000007,15,3466,6,6,6-2-3-2-3-2-3-4-5-6,15028,14998,536,381,20
descendant,1,d224,0xc4ac85375f72fc79e95084d34d4c31cd,3,5,4,solved,True,0.2740809999999998,15,3466,6,6,6-2-3-2-3-2-3-4-5-6,14934,14904,533,381,20
descendant,1,d115,0x1d26fc45a9f09b8d2f83e069e8549267f,3,5,3,solved,True,0.276224,15,3466,6,6,6-2-3-2-3-4-5-6,14870,14840,453,301,20
descendant,0,d41,0x11254be458763df1497f7eceb9b73c56b,3,5,3,solved,True,0.3053790000000012,15,3466,6,6,6-2-3-2-2-3-4-5-6,14431,14401,439,289,20
descendant,1,d58,0x5229515737573a5546f22f68949d2651d,3,5,1,solved,True,0.2657189999999998,15,3466,6,6,6-2-3-2-2-3-4-5-6,14438,14408,438,289,20
descendant,0,d35,0x346ea84d1619dcf1d9f0728023cea89de,3,4,2,solved,True,0.07575600000000104,12,1061,6,6,6-2-3-2-2-3-4-5-6,5150,5132,348,248,17
descendant,1,d95,0x166016c7eb66b831db4d56e3a8b3b83e5,3,4,2,solved,True,0.09228399999999937,12,1061,6,6,6-2-3-2-3-4-5-6,4626,4608,341,240,17
descendant,1,d127,0x69e71437e6d7cbd4e1fcdbc13bd0ec89,3,4,2,solved,True,0.07420700000000036,12,1061,6,6,6-2-3-3-2-3-4-5-6,4751,4733,399,294,17
descendant,1,d147,0x3248ef31f25d6830126239dd3fd7c593a,3,4,3,solved,True,0.06941799999999976,12,1061,6,6,6-2-3-2-2-3-4-5-6,4294,4276,330,231,17
descendant,0,d64,0x1c9be51908f70d585373c6ee768481d1f,3,4,4,solved,True,0.0782620000000005,12,1061,6,6,6-2-3-2-3-4-5-6,4625,4607,339,240,17
descendant,1,d180,0x1e7d56fa1e94716a29fd4c6e079432427,3,5,4,solved,True,0.27424799999999916,15,3466,6,6,6-2-3-2-3-2-3-4-5-6,14912,14882,536,381,20
descendant,0,d134,0x3ac6e24c614ec7d66d9b971c65619de54,3,5,1,solved,True,0.27134199999999975,15,3466,6,6,6-2-3-2-2-3-4-5-6,14367,14337,443,293,20
descendant,1,d125,0x6f9ec285d8991601bad5803fdac48a14c,3,4,1,solved,True,0.0827599999999995,12,1061,6,6,6-2-3-3-2-3-4-5-6,4238,4220,399,294,17
descendant,0,d175,0x692a771f8f3fa6b2d0fa10aa1f61f4334,3,4,2,solved,True,0.07799600000000062,12,1061,6,6,6-2-3-2-2-3-4-5-6,4234,4216,332,231,17
random,,r32,0x13660c9d070543bce43b933f85c1a1816,3,4,3,solved,True,0.0674809999999999,12,1061,6,6,6-2-3-2-2-3-4-5-6,4243,4225,330,231,17
random,,r12,0x2a6480a010e4cbacc6be41a6273edb5a,3,4,1,solved,True,0.06765100000000057,12,1061,6,6,6-2-3-2-2-3-4-5-6,4460,4442,333,235,17
descendant,0,d152,0x208a2d7942206e50ac164b06555e88aa0,3,4,2,solved,True,0.06489600000000006,12,1061,6,6,6-2-3-2-2-3-4-5-6,5150,5132,349,248,17
descendant,0,d245,0x16d04b90c7148e2cc402d6641bc2b904f,3,5,1,solved,True,0.25763599999999975,15,3466,6,6,6-2-3-2-2-3-4-5-6,13397,13367,432,283,20
descendant,1,d118,0x662a65f2587d8d4e1c80dd4bcbdffdba0,3,4,4,solved,True,0.06976799999999983,12,1061,6,6,6-2-3-2-3-4-5-6,4636,4621,329,237,17
E0,,E0,0x1,3,4,17,solved,True,0.0671949999999999,12,1043,6,6,6-2-3-3-2-3-3-3-2-3-2-3-4-5-6,5373,5354,303,212,17
descendant,1,d11,0x1f3826f848cff1f6c9657117ef4ddd139,3,4,1,solved,True,0.08148999999999962,12,1061,6,6,6-2-3-2-3-4-5-6,4620,4602,339,240,17
descendant,0,d238,0x60f7c8d9e19a06f553b0a1d1ed90b923c,3,5,2,solved,True,0.268637,15,3466,6,6,6-2-3-3-2-3-4-5-6,15656,15626,592,433,20
descendant,0,d241,0x413b94cd1c2e83d2a5b45741dd6b3795f,3,4,2,solved,True,0.0658000000000003,12,1061,6,6,6-2-3-3-2-3-4-5-6,4727,4709,398,294,17
descendant,0,d132,0x66be1b1e0c8ac87b7df12d81a076d24c8,3,4,2,solved,True,0.070627,12,1061,6,6,6-2-3-2-2-3-4-5-6,5129,5111,347,248,17
descendant,1,d78,0x64de8b1ac1c7462bc6433bda1d43510c2,3,5,1,solved,True,0.26548700000000025,15,3466,6,6,6-2-3-3-2-3-4-5-6,13258,13228,572,417,20
random,,r0,0x820c33d3c516171b5f58d8c050c05c5b,3,4,4,solved,True,0.06779500000000027,12,1061,6,6,6-2-3-2-2-3-4-5-6,5107,5089,349,248,17
descendant,1,d60,0x2f19d882161a586fe5dcf491ce6055114,3,4,1,solved,True,0.07308099999999929,12,1061,6,6,6-2-3-3-2-3-4-5-6,4726,4708,397,294,17
random,,r18,0x30054085902972ca948229e2be0afae5a,3,5,4,solved,True,0.3060160000000005,15,3466,6,6,6-2-3-3-2-3-4-5-6,14138,14108,584,425,20
descendant,0,d256,0xbb969cbaa0877655284db88fa983010d,3,5,3,solved,True,0.2870309999999998,15,3466,6,6,6-2-3-2-2-3-4-5-6,13624,13594,437,288,20
descendant,0,d59,0x1cec9f43ce245075b0ea308b7973cd86d,3,5,1,solved,True,0.2671789999999996,15,3466,6,6,6-2-3-3-2-3-4-5-6,15533,15503,595,433,20
descendant,0,d98,0x64aa618e4d7cf361dd0ab74a21806f1f0,3,4,1,solved,True,0.06992500000000046,12,1061,6,6,6-2-3-2-3-2-3-4-5-6,4487,4469,363,262,17
descendant,0,d57,0x7e692af8166d618f5dfcae83e865bcd56,3,4,1,solved,True,0.07580499999999901,12,1061,6,6,6-2-3-2-2-3-4-5-6,4780,4762,339,238,17
descendant,0,d100,0x5bfbcc3510ca0a9d591a1a066a729f6fd,3,5,2,solved,True,0.2644460000000004,15,3466,6,6,6-2-3-2-2-3-4-5-6,14413,14383,436,289,20
random,,r19,0xf927f03ec08af50e561038de2624e156,3,4,1,solved,True,0.07363600000000048,12,1061,6,6,6-2-3-2-3-4-5-6,4198,4180,332,231,17
descendant,1,d131,0x5aec3bd9f85ce0f5ba815deed00bd4299,3,5,4,solved,True,0.2671020000000004,15,3466,6,6,6-2-3-2-2-3-4-5-6,15524,15494,460,311,20
descendant,1,d93,0x2369c56cd97a340070a36bb606e2a62d8,3,5,3,solved,True,0.29136200000000034,15,3466,6,6,6-2-3-3-2-3-4-5-6,15612,15582,593,433,20
random,,r5,0x57d2f5a17fa44525671162d58f74a9fe6,3,5,4,solved,True,0.30432600000000054,15,3466,6,6,6-2-3-2-3-2-3-4-5-6,15040,15010,535,381,20
descendant,1,d139,0x3f3a3c2426b89e5f111720f26746debb6,3,4,4,solved,True,0.07264599999999977,12,1061,6,6,6-2-3-2-3-4-5-6,4217,4199,331,231,17
descendant,0,d128,0x47a535820bff7b9046dfb62d0ecf7fd8b,3,4,1,solved,True,0.08901800000000026,12,1061,6,6,6-2-3-3-2-3-4-5-6,4236,4218,399,294,17
descendant,0,d26,0x4800e3f366f34256d3a0e9d83c733f723,3,5,2,solved,True,0.2939779999999992,15,3466,6,6,6-2-3-2-2-3-4-5-6,14380,14350,443,293,20
E0,,E0,0x1,3,5,5,solved,True,0.26931800000000017,15,3436,6,6,6-2-3-2-2-3-2-3-4-5-6,13666,13636,519,367,20
descendant,1,d221,0x1c70789724f0da89c0a636792b2d9d101,3,5,1,solved,True,0.2813129999999999,15,3466,6,6,6-2-3-2-2-3-4-5-6,13487,13457,434,283,20
random,,r1,0x663f611ae0458018c496d4a4d64951786,3,4,3,solved,True,0.07581699999999891,12,1061,6,6,6-2-3-2-2-3-4-5-6,4232,4214,328,231,17
descendant,1,d251,0x2ceb5a2074f07d9841d4fc365c56074f0,3,4,1,solved,True,0.07987900000000003,12,1061,6,6,6-2-3-2-3-4-5-6,5028,5010,343,243,17
descendant,0,d134,0x3ac6e24c614ec7d66d9b971c65619de54,3,5,4,solved,True,0.2682549999999999,15,3466,6,6,6-2-3-2-2-2-3-4-5-6,13228,13198,429,283,20
descendant,1,d115,0x1d26fc45a9f09b8d2f83e069e8549267f,3,4,1,solved,True,0.07413200000000053,12,1061,6,6,6-2-3-2-2-3-4-5-6,4759,4741,339,238,17
E0,,E0,0x1,3,5,35,solved,True,0.27847000000000044,15,3436,6,6,6-2-3-2-3-2-3-4-5-6,13153,13123,594,433,20
descendant,1,d44,0x17712105a1a917330c2e36631b0bf2477,3,5,1,solved,True,0.27773499999999984,15,3466,6,6,6-2-3-2-2-3-4-5-6,15714,15684,447,299,20
random,,r23,0x364aa93cd8344b4826835c30eea11ef03,3,4,3,solved,True,0.08643999999999963,12,1061,6,6,6-2-3-2-2-3-4-5-6,4745,4727,339,238,17
descendant,0,d207,0x55eac751209601ca8754ed4089ed7c3bf,3,5,2,solved,True,0.27318900000000035,15,3466,6,6,6-2-3-2-2-3-4-5-6,14290,14260,441,293,20
random,,r35,0x2b74588391ee3766abe909bc5e572f583,3,5,3,solved,True,0.2696670000000001,15,3466,6,6,6-2-3-2-3-2-3-4-5-6,13223,13193,523,369,20
descendant,1,d30,0x76380792d43b1dbb8f81b33d0279557ee,3,4,4,solved,True,0.06828099999999981,12,1061,6,6,6-2-3-2-3-4-5-6,4227,4209,331,231,17
descendant,0,d181,0x67a9cb278d47eca3db9edf1d62c3ea42a,3,4,2,solved,True,0.06617899999999999,12,1061,6,6,6-2-3-3-2-3-4-5-6,4728,4710,397,294,17
descendant,0,d20,0x70ee59e58bd87a0ac65827c10cbf6d4b4,3,5,3,solved,True,0.27606600000000014,15,3466,6,6,6-2-3-2-3-2-3-4-5-6,13232,13202,523,369,20
descendant,0,d228,0x6d20a8996fe80a6e006d15d8384fb540c,3,4,2,solved,True,0.08339500000000033,12,1061,6,6,6-2-3-2-3-4-5-6,4217,4199,331,231,17
descendant,1,d172,0x31ac4e23f32628817f72908e8f41db46e,3,4,2,solved,True,0.06681299999999979,12,1061,6,6,6-2-3-2-2-3-4-5-6,5134,5116,349,248,17
descendant,0,d133,0x7d79e288bbf062c834da78d42e4a17ce0,3,4,1,solved,True,0.06885199999999969,12,1061,6,6,6-2-3-2-2-3-4-5-6,4792,4775,336,237,17
random,,r8,0x534fd2b74bcd31e5ec9180f46977edf92,3,5,2,solved,True,0.3126059999999997,15,3466,6,6,6-2-3-2-3-2-3-4-5-6,13200,13170,524,369,20
descendant,0,d239,0x68905d439cade3be5a153f42f8766b01c,3,4,3,solved,True,0.07223500000000005,12,1061,6,6,6-2-3-2-2-3-4-5-6,4755,4737,338,238,17
random,,r10,0x3c4dd28efe34d6468bb457da9023f13ef,3,4,2,solved,True,0.08045999999999953,12,1061,6,6,6-2-3-2-3-4-5-6,4469,4451,335,235,17
descendant,1,d18,0x289bcd46096a3b58450dd47e44342c9b,3,4,2,solved,True,0.074662,12,1061,6,6,6-2-3-2-2-3-4-5-6,4475,4457,335,235,17
descendant,0,d61,0x61dafffc801e3d12d932586bf313fc4fa,3,5,3,solved,True,0.2860909999999999,15,3466,6,6,6-2-3-2-3-2-3-4-5-6,14111,14081,525,372,20
descendant,1,d166,0x1759e17144a253114d8383811b000df63,3,4,3,solved,True,0.07662899999999961,12,1061,6,6,6-2-3-2-2-3-4-5-6,4756,4739,336,237,17
descendant,1,d44,0x17712105a1a917330c2e36631b0bf2477,3,5,4,solved,True,0.2910849999999998,15,3466,6,6,6-2-3-2-2-3-4-5-6,14929,14899,450,301,20
descendant,0,d211,0x1581f324b9e850f34ce478a3c6a23a449,3,5,2,solved,True,0.25856600000000096,15,3466,6,6,6-2-3-2-2-3-4-5-6,13512,13482,431,283,20
descendant,1,d254,0x6737d2ee8492e7c8b943a0e1a26e6a046,3,5,2,solved,True,0.2956309999999993,15,3466,6,6,6-2-3-2-2-3-4-5-6,14291,14261,443,293,20
descendant,0,d57,0x7e692af8166d618f5dfcae83e865bcd56,3,5,1,solved,True,0.27987999999999946,15,3466,6,6,6-2-3-2-2-3-4-5-6,14374,14344,444,293,20
descendant,1,d101,0x7defc95597964352e85e6d26547e563f,3,5,4,solved,True,0.27490099999999984,15,3466,6,6,6-2-3-2-2-3-4-5-6,15071,15041,452,301,20
descendant,1,d54,0x63d8c46984cdd26391c524343b47e012c,3,5,3,solved,True,0.26502299999999934,15,3466,6,6,6-2-3-2-3-2-3-4-5-6,14939,14909,536,381,20
descendant,1,d47,0x260f9f8f3f79f7086acab2a71f18a1e02,3,4,4,solved,True,0.06987500000000058,12,1061,6,6,6-2-3-2-2-3-4-5-6,4308,4290,329,231,17
descendant,0,d156,0x5d1252c137c628984d489db9419b53db9,3,5,2,solved,True,0.2730959999999998,15,3466,6,6,6-2-3-2-2-3-4-5-6,13644,13614,438,288,20
descendant,0,d57,0x7e692af8166d618f5dfcae83e865bcd56,3,4,3,solved,True,0.06911500000000004,12,1061,6,6,6-2-3-2-2-3-4-5-6,4239,4221,330,231,17
descendant,1,d252,0xe43fb0fe777efe51039f44e71025f65f,3,4,3,solved,True,0.07464200000000076,12,1061,6,6,6-2-3-3-2-3-4-5-6,4238,4220,398,294,17
descendant,1,d27,0x2e670ee2b9b86c05d6a242148468dc3d6,3,4,1,solved,True,0.06497999999999937,12,1061,6,6,6-2-3-2-2-3-4-5-6,4470,4452,333,235,17
descendant,0,d239,0x68905d439cade3be5a153f42f8766b01c,3,4,1,solved,True,0.07757400000000025,12,1061,6,6,6-2-3-3-2-3-4-5-6,4728,4710,395,294,17
descendant,1,d254,0x6737d2ee8492e7c8b943a0e1a26e6a046,3,4,3,solved,True,0.06504400000000032,12,1061,6,6,6-2-3-3-2-3-4-5-6,4756,4738,394,294,17
descendant,1,d149,0x6a29a1bba81a817f02b7940b0723de894,3,4,1,solved,True,0.07962200000000053,12,1061,6,6,6-2-3-3-2-3-4-5-6,4238,4220,398,294,17
descendant,1,d233,0x765838b47f9f40f77070ab500719552ea,3,5,3,solved,True,0.27873899999999985,15,3466,6,6,6-2-3-3-2-3-4-5-6,13263,13233,577,418,20
descendant,0,d42,0x1729343319b55ebc3b3a82b1dc095d5b,3,4,1,solved,True,0.07516600000000029,12,1061,6,6,6-2-3-2-2-3-4-5-6,4469,4452,330,234,17
descendant,1,d15,0x3ebf8a5e492fd2ec12dc99e23299fe124,3,5,3,solved,True,0.2954889999999999,15,3466,6,6,6-2-3-2-3-2-3-4-5-6,13200,13170,525,369,20
descendant,1,d195,0x4c19c43afe8b10ad1c4b9aa0c35f8fcc3,3,4,2,solved,True,0.06807999999999925,12,1061,6,6,6-2-3-2-2-3-4-5-6,5150,5132,347,248,17
descendant,0,d191,0x7a8fc7068fa065ddd29042d4bc728e400,3,5,2,solved,True,0.2782259999999992,15,3466,6,6,6-2-3-2-3-2-3-4-5-6,13784,13754,523,369,20
random,,r16,0x2ccdb1f2f7e0e0618f895376df6fc0f2f,3,5,4,solved,True,0.2890389999999998,15,3466,6,6,6-2-3-2-2-3-4-5-6,13479,13449,432,283,20
descendant,0,d82,0x455dcf9b6baf55904fcddf7add088312b,3,4,2,solved,True,0.06806799999999935,12,1061,6,6,6-2-3-2-3-4-5-6,4629,4611,340,240,17
descendant,0,d207,0x55eac751209601ca8754ed4089ed7c3bf,3,4,3,solved,True,0.09174500000000041,12,1061,6,6,6-2-3-3-2-3-4-5-6,4238,4220,397,294,17
descendant,0,d260,0x42574b08f9dc08ecd2e13d8090ad12b21,3,4,3,solved,True,0.07670300000000108,12,1061,6,6,6-2-3-2-3-4-5-6,4633,4615,339,240,17
descendant,1,d32,0x6df517c2da1d083293a36a0c29450e6d8,3,4,4,solved,True,0.08238600000000051,12,1061,6,6,6-2-3-2-3-4-5-6,4635,4617,341,240,17
descendant,0,d160,0x6edf6cf25c3495625e3f83de43362a932,3,5,4,solved,True,0.2683530000000012,15,3466,6,6,6-2-3-2-3-2-3-4-5-6,13728,13698,523,369,20
descendant,0,d200,0x42635959679c428526fef4c7fa45ed8d5,3,5,3,solved,True,0.2751570000000001,15,3466,6,6,6-2-3-2-3-2-3-4-5-6,13221,13191,524,369,20
descendant,0,d173,0x6c47616f1280f94adc981b2965d460068,3,4,1,solved,True,0.0803540000000007,12,1061,6,6,6-2-3-2-3-4-5-6,5028,5010,343,243,17
descendant,0,d38,0x40fc2570132c44b84b8fe1e531eac5b1f,3,4,1,solved,True,0.07192499999999935,12,1061,6,6,6-2-3-3-2-3-4-5-6,4206,4188,398,294,17
descendant,1,d113,0x57e3b39aea7b420456d85034025e6935f,3,5,1,solved,True,0.2753629999999996,15,3466,6,6,6-2-3-2-2-3-4-5-6,13258,13228,431,283,20
descendant,0,d80,0x12714bc33324078d5926b7cadb4f82a2b,3,4,1,solved,True,0.0723679999999991,12,1061,6,6,6-2-3-2-3-2-3-4-5-6,4489,4471,363,262,17
descendant,0,d25,0x67cc5b712def5cd3ed463983f4bbfd1fc,3,4,4,solved,True,0.07396000000000047,12,1061,6,6,6-2-3-2-2-3-4-5-6,4197,4179,330,231,17
descendant,0,d217,0x4a61b1d6894bdf065f2e8452518ba7929,3,4,1,solved,True,0.06802799999999998,12,1061,6,6,6-2-3-3-2-3-4-5-6,4766,4748,395,294,17
random,,r29,0x1432bc8937487ee95232c92aec87eb936,3,4,1,solved,True,0.07190900000000067,12,1061,6,6,6-2-3-2-3-4-5-6,4198,4180,332,231,17
descendant,0,d196,0x23a62a12fdf9debbc917395443182a71e,3,4,2,solved,True,0.07603500000000007,12,1061,6,6,6-2-3-2-2-3-4-5-6,5150,5132,345,248,17
descendant,1,d113,0x57e3b39aea7b420456d85034025e6935f,3,5,3,solved,True,0.28973600000000044,15,3466,6,6,6-2-3-3-2-3-4-5-6,13295,13265,573,413,20
descendant,0,d173,0x6c47616f1280f94adc981b2965d460068,3,5,4,solved,True,0.27344100000000005,15,3466,6,6,6-2-3-2-2-3-4-5-6,14911,14881,455,305,20
descendant,0,d23,0x73d4550749610733989b4267b13ceb154,3,4,4,solved,True,0.06921700000000008,12,1061,6,6,6-2-3-2-3-2-3-4-5-6,4454,4436,363,262,17
descendant,1,d223,0x7f59881f65b46784928483fc532a92ca2,3,5,4,solved,True,0.285609,15,3466,6,6,6-2-3-3-2-3-4-5-6,14138,14108,583,425,20
descendant,0,d87,0xd18ba4b0f46de0f1595b84056b3fcffb,3,5,4,solved,True,0.2720660000000006,15,3466,6,6,6-2-3-2-2-3-4-5-6,16339,16309,444,295,20
descendant,1,d96,0x2269b6d64e03765c0739b92bdbd1228ca,3,5,3,solved,True,0.2932230000000011,15,3466,6,6,6-2-3-2-2-3-2-3-4-5-6,15709,15679,494,340,20
random,,r37,0x4ce67bee4ade9092fcb54c378868d6f66,3,4,1,solved,True,0.07172100000000015,12,1061,6,6,6-2-3-2-2-3-4-5-6,4296,4278,331,231,17
descendant,1,d29,0x240891e374d1dfe93cc8455e3433948c0,3,4,2,solved,True,0.07054099999999952,12,1061,6,6,6-2-3-2-2-3-4-5-6,5136,5118,350,248,17
descendant,0,d143,0x629c3e04d9c9920d0562093e9e93e2892,3,5,3,solved,True,0.26692099999999996,15,3466,6,6,6-2-3-2-2-3-4-5-6,14716,14686,437,289,20
descendant,0,d144,0x3780d33c0316979e8c8eaf60a204c2906,3,4,1,solved,True,0.0659200000000002,12,1061,6,6,6-2-3-2-3-4-5-6,5024,5006,344,243,17
E0,,E0,0x1,3,4,66,solved,True,0.07120899999999963,12,1043,6,6,6-2-3-2-3-2-3-4-5-6,4615,4596,333,241,17
descendant,0,d14,0x6d1293ed7a6e90cef0292851db18baa38,3,5,2,solved,True,0.28566499999999895,15,3466,6,6,6-2-3-2-2-3-4-5-6,13474,13444,434,283,20
descendant,0,d61,0x61dafffc801e3d12d932586bf313fc4fa,3,5,4,solved,True,0.2846080000000004,15,3466,6,6,6-2-3-3-2-3-4-5-6,14382,14352,584,423,20
descendant,1,d96,0x2269b6d64e03765c0739b92bdbd1228ca,3,4,2,solved,True,0.08975499999999936,12,1061,6,6,6-2-3-3-2-3-4-5-6,4728,4710,398,294,17
descendant,0,d238,0x60f7c8d9e19a06f553b0a1d1ed90b923c,3,4,1,solved,True,0.0743229999999997,12,1061,6,6,6-2-3-3-2-3-4-5-6,4206,4188,396,294,17
descendant,0,d143,0x629c3e04d9c9920d0562093e9e93e2892,3,5,2,solved,True,0.2800560000000001,15,3466,6,6,6-2-3-2-3-4-5-6,14936,14906,451,301,20
E0,,E0,0x1,3,4,64,solved,True,0.0785310000000008,12,1043,6,6,6-2-3-4-2-2-3-4-5-6,5100,5081,654,477,17
descendant,0,d51,0x27e09a4aefd0a32b4edd5c9d3c2207c3a,3,4,1,solved,True,0.07801699999999911,12,1061,6,6,6-2-3-2-3-2-3-4-5-6,5023,5005,374,272,17
descendant,1,d93,0x2369c56cd97a340070a36bb606e2a62d8,3,4,2,solved,True,0.07434600000000025,12,1061,6,6,6-2-3-3-2-3-4-5-6,4234,4216,398,294,17
descendant,0,d90,0x1a6f6c03bac6dc9bda445ec557a88a30f,3,4,1,solved,True,0.07715600000000045,12,1061,6,6,6-2-3-2-3-4-5-6,4627,4609,342,240,17
descendant,1,d101,0x7defc95597964352e85e6d26547e563f,3,5,3,solved,True,0.29146800000000006,15,3466,6,6,6-2-3-3-2-3-4-5-6,15570,15540,595,433,20
descendant,0,d46,0x4b2f5a6a9f200e2ac4fddf1fce4666629,3,4,1,solved,True,0.07310199999999956,12,1061,6,6,6-2-3-2-2-3-4-5-6,4757,4739,337,238,17
descendant,1,d50,0xfe8b818862e2a1f881b6755c04b53b3b,3,5,3,solved,True,0.26759600000000106,15,3466,6,6,6-2-3-2-3-2-3-4-5-6,13218,13188,525,369,20
descendant,1,d203,0x4b0e2eee613b7872f3b562cc8bbbb2c5d,3,5,4,solved,True,0.28111399999999964,15,3466,6,6,6-2-3-2-3-2-3-4-5-6,15044,15014,534,381,20
random,,r0,0x820c33d3c516171b5f58d8c050c05c5b,3,5,4,solved,True,0.27168999999999954,15,3466,6,6,6-2-3-2-2-3-4-5-6,16335,16305,445,295,20
descendant,1,d5,0x76315ddd75f560eb451bd6a21a52afe3a,3,4,4,solved,True,0.07809999999999917,12,1061,6,6,6-2-3-2-3-4-5-6,4645,4627,342,240,17
descendant,1,d225,0x641725bc746169a468daa4939c4cadd22,3,4,2,solved,True,0.07436899999999902,12,1061,6,6,6-2-3-2-3-2-3-4-5-6,5023,5005,373,272,17
descendant,1,d242,0x54aae193ab4ce46cc2cfbeb7a32a56e7b,3,4,4,solved,True,0.06914200000000026,12,1061,6,6,6-2-3-2-3-4-5-6,4632,4614,341,240,17
descendant,1,d29,0x240891e374d1dfe93cc8455e3433948c0,3,4,3,solved,True,0.071098000000001,12,1061,6,6,6-2-3-2-2-3-4-5-6,4212,4194,331,231,17
descendant,0,d1,0x53b2a15d2d4705b05b37fc29b03e5b64d,3,5,3,solved,True,0.27756700000000034,15,3466,6,6,6-2-3-2-3-2-3-4-5-6,13233,13203,523,369,20
descendant,0,d219,0x2bb98e98beee47dc4dac5c21dde510d9,3,5,4,solved,True,0.2722629999999988,15,3466,6,6,6-2-3-2-2-3-4-5-6,14929,14899,450,301,20
descendant,1,d21,0xadada875c148325bf5339de87d1af447,3,5,2,solved,True,0.3006720000000005,15,3466,6,6,6-2-3-2-2-3-4-5-6,14278,14248,444,293,20
random,,r36,0x79a58d762514600707aabe58bb3c067e7,3,5,2,solved,True,0.2775179999999997,15,3466,6,6,6-2-3-2-3-2-3-4-5-6,13204,13174,523,369,20
descendant,1,d91,0x77a59fa1ec12e7df8655dd995dec5bef2,3,5,3,solved,True,0.29952999999999985,15,3466,6,6,6-2-3-2-3-4-5-6,13386,13356,433,283,20
descendant,1,d84,0x6e0be5e9f6818112b00a4841f809a1d9e,3,5,3,solved,True,0.27459100000000003,15,3466,6,6,6-2-3-3-2-3-4-5-6,15560,15530,593,433,20
random,,r34,0x27183f6ce33848dde3948dcd3e643d623,3,5,4,solved,True,0.2930109999999999,15,3466,6,6,6-2-3-2-2-3-4-5-6,16332,16302,446,295,20
random,,r25,0x1a67be1095d6dd2e0cfc9ce7df923cbbb,3,5,3,solved,True,0.2784910000000007,15,3466,6,6,6-2-3-2-3-2-3-4-5-6,14886,14856,539,384,20
descendant,1,d169,0x481775947d9b40c5b2c73300165906ba1,3,4,1,solved,True,0.07500000000000018,12,1061,6,6,6-2-3-2-3-4-5-6,4620,4602,341,240,17
descendant,1,d225,0x641725bc746169a468daa4939c4cadd22,3,5,3,solved,True,0.27557900000000046,15,3466,6,6,6-2-3-2-3-2-3-4-5-6,13233,13203,522,369,20
descendant,0,d232,0x56db1c7ced76f32ddbe5383de1a2b8f2f,3,5,1,solved,True,0.2735530000000006,15,3466,6,6,6-2-3-2-2-3-4-5-6,14311,14281,442,293,20
descendant,1,d131,0x5aec3bd9f85ce0f5ba815deed00bd4299,3,5,2,solved,True,0.2890839999999999,15,3466,6,6,6-2-3-2-2-2-3-4-5-6,16558,16528,458,308,20
descendant,1,d127,0x69e71437e6d7cbd4e1fcdbc13bd0ec89,3,5,3,solved,True,0.283535999999998,15,3466,6,6,6-2-3-2-3-2-3-4-5-6,13227,13197,524,369,20
descendant,0,d232,0x56db1c7ced76f32ddbe5383de1a2b8f2f,3,4,1,solved,True,0.07729699999999973,12,1061,6,6,6-2-3-2-2-3-4-5-6,4280,4262,330,231,17
descendant,1,d107,0x1e1c60e485ca18e811e59d7a38ab556d3,3,5,2,solved,True,0.2782260000000001,15,3466,6,6,6-2-3-3-2-3-4-5-6,14456,14426,585,423,20
E0,,E0,0x1,3,4,48,solved,True,0.0716290000000015,12,1043,6,6,6-2-3-3-2-3-4-5-6,4209,4190,370,273,17
descendant,0,d175,0x692a771f8f3fa6b2d0fa10aa1f61f4334,3,5,1,solved,True,0.2797130000000001,15,3466,6,6,6-2-3-2-3-2-3-4-5-6,13511,13481,522,369,20
descendant,0,d57,0x7e692af8166d618f5dfcae83e865bcd56,3,4,2,solved,True,0.06524299999999972,12,1061,6,6,6-2-3-2-3-4-5-6,4198,4180,332,231,17
descendant,0,d61,0x61dafffc801e3d12d932586bf313fc4fa,3,5,1,solved,True,0.26278500000000005,15,3466,6,6,6-2-3-2-3-2-3-4-5-6,13768,13738,522,369,20
descendant,1,d118,0x662a65f2587d8d4e1c80dd4bcbdffdba0,3,4,2,solved,True,0.08231400000000022,12,1061,6,6,6-2-3-2-2-3-4-5-6,5150,5132,348,248,17
descendant,0,d86,0x2407f5a189084bee8284bcec49dc97dda,3,4,4,solved,True,0.07457100000000061,12,1061,6,6,6-2-3-2-3-2-3-4-5-6,5023,5005,373,272,17
descendant,1,d151,0x3273222f340ba0d98c96a57fafdd64b08,3,4,1,solved,True,0.07358999999999938,12,1061,6,6,6-2-3-2-3-4-5-6,5029,5011,341,243,17
descendant,1,d28,0xb4952f009fc0edd12dbd419804e5f43d,3,4,1,solved,True,0.07522600000000068,12,1061,6,6,6-2-3-2-3-2-3-4-5-6,4489,4471,364,262,17
descendant,0,d183,0x39220c2fa0ef016238dfe3c8c43313928,3,5,4,solved,True,0.29657799999999934,15,3466,6,6,6-2-3-2-2-3-4-5-6,13502,13472,434,283,20
descendant,1,d170,0xae83df036e8fb794a59398cb5e86a119,3,5,2,solved,True,0.27864799999999956,15,3466,6,6,6-2-3-2-2-3-4-5-6,13316,13286,433,283,20
random,,r8,0x534fd2b74bcd31e5ec9180f46977edf92,3,4,2,solved,True,0.06780600000000092,12,1061,6,6,6-2-3-2-2-3-4-5-6,4793,4775,336,238,17
random,,r38,0x7c9c6d2352c2608a8e1ac55e2a08404a6,3,5,1,solved,True,0.2809129999999991,15,3466,6,6,6-2-3-2-2-3-4-5-6,13442,13412,431,283,20
random,,r16,0x2ccdb1f2f7e0e0618f895376df6fc0f2f,3,5,1,solved,True,0.2727409999999981,15,3466,6,6,6-2-3-2-2-3-4-5-6,13397,13367,434,283,20
descendant,0,d110,0x3a679fc181d676d23a785c044985269e8,3,5,3,solved,True,0.2832510000000008,15,3466,6,6,6-2-3-2-2-3-4-5-6,13503,13473,433,283,20
descendant,0,d74,0x2cf415e1766477ef5e5333ed06afc98d6,3,5,4,solved,True,0.27621600000000157,15,3466,6,6,6-2-3-2-3-2-3-4-5-6,15030,15000,533,381,20
descendant,1,d147,0x3248ef31f25d6830126239dd3fd7c593a,3,4,4,solved,True,0.06827200000000033,12,1061,6,6,6-2-3-2-2-3-4-5-6,4309,4291,332,231,17
descendant,1,d71,0x112ac2dcb4366ab589479f8be934e6f93,3,5,1,solved,True,0.2652409999999996,15,3466,6,6,6-2-3-3-2-3-4-5-6,14462,14432,581,423,20
descendant,1,d72,0x4d3b1d9ee79e96a369d10edd1823f9f05,3,5,4,solved,True,0.2704109999999975,15,3466,6,6,6-2-3-2-3-2-3-4-5-6,16228,16198,538,382,20
descendant,1,d218,0x52455e82f4810c9381cc3e182bb9590cb,3,4,4,solved,True,0.06725400000000015,12,1061,6,6,6-2-3-2-2-3-4-5-6,5121,5103,349,248,17
descendant,0,d36,0x451b962e8e37e5267349c9f6aae91ea13,3,4,4,solved,True,0.06248100000000001,12,1061,6,6,6-2-3-2-2-3-4-5-6,5122,5104,347,248,17
descendant,0,d10,0x21efbc6d26559ce29fb0fb16beed8bc74,3,5,4,solved,True,0.2725180000000016,15,3466,6,6,6-2-3-3-2-3-4-5-6,14413,14383,584,423,20
descendant,0,d130,0x473b886587d259f1598c51e253c2395b3,3,5,2,solved,True,0.27538399999999985,15,3466,6,6,6-2-3-2-2-3-4-5-6,15534,15504,460,311,20
random,,r13,0x5f90bb86993867ddc983e693e8305dee,3,4,2,solved,True,0.07283699999999982,12,1061,6,6,6-2-3-3-2-3-4-5-6,4233,4215,398,294,17
descendant,1,d213,0x15a18d2e9ecf8109f0f06bc557f80398f,3,5,2,solved,True,0.2590399999999988,15,3466,6,6,6-2-3-2-2-3-4-5-6,13312,13282,432,283,20
descendant,0,d258,0x370c6fa8b5d187828b6e9524b4ddd2bf,3,5,2,solved,True,0.2715310000000031,15,3466,6,6,6-2-3-2-3-4-5-6,14939,14909,451,301,20
descendant,1,d107,0x1e1c60e485ca18e811e59d7a38ab556d3,3,5,4,solved,True,0.27646200000000043,15,3466,6,6,6-2-3-2-2-3-4-5-6,15511,15481,460,311,20
descendant,0,d174,0x5db654363927d10d6771bbfe235a4245d,3,4,2,solved,True,0.0769510000000011,12,1061,6,6,6-2-3-2-2-3-4-5-6,5129,5111,347,248,17
descendant,0,d134,0x3ac6e24c614ec7d66d9b971c65619de54,3,5,3,solved,True,0.2939980000000002,15,3466,6,6,6-2-3-3-2-3-4-5-6,14272,14242,581,420,20
random,,r20,0x631526e649146dd8e894a9297744d40d3,3,5,4,solved,True,0.2727730000000008,15,3466,6,6,6-2-3-2-2-3-4-5-6,15511,15481,460,311,20
descendant,1,d170,0xae83df036e8fb794a59398cb5e86a119,3,4,4,solved,True,0.06683499999999931,12,1061,6,6,6-2-3-2-3-4-5-6,4625,4607,337,240,17
descendant,1,d252,0xe43fb0fe777efe51039f44e71025f65f,3,5,1,solved,True,0.28234799999999893,15,3466,6,6,6-2-3-2-3-2-3-4-5-6,13760,13730,523,369,20
descendant,1,d73,0x6c207545189a4d6a1a9a36f6ef83e6e40,3,5,2,solved,True,0.2887429999999993,15,3466,6,6,6-2-3-2-2-3-4-5-6,13470,13440,434,283,20
descendant,1,d5,0x76315ddd75f560eb451bd6a21a52afe3a,3,5,4,solved,True,0.27132499999999915,15,3466,6,6,6-2-3-2-2-3-4-5-6,15066,15036,452,301,20
descendant,1,d89,0x367d8673783c2f4673a447a4ed5269516,3,4,2,solved,True,0.07100299999999926,12,1061,6,6,6-2-3-2-2-3-4-5-6,4477,4459,335,235,17
descendant,1,d102,0x7200cf2ff4d279ce096e5dba8b281d236,3,5,4,solved,True,0.2846649999999986,15,3466,6,6,6-2-3-3-2-3-4-5-6,14138,14108,584,425,20
descendant,1,d70,0x1f89dd540b9b75905ab799dfe0c123771,3,5,3,solved,True,0.274462999999999,15,3466,6,6,6-2-3-3-2-3-4-5-6,13270,13240,579,422,20
descendant,0,d40,0x1d91fad937e37dd0872eb5940e37f9123,3,5,1,solved,True,0.2803629999999995,15,3466,6,6,6-2-3-2-2-3-4-5-6,13451,13421,433,283,20
descendant,1,d95,0x166016c7eb66b831db4d56e3a8b3b83e5,3,4,4,solved,True,0.06486000000000125,12,1061,6,6,6-2-3-2-2-3-4-5-6,5122,5104,346,248,17
descendant,0,d87,0xd18ba4b0f46de0f1595b84056b3fcffb,3,5,1,solved,True,0.27577999999999925,15,3466,6,6,6-2-3-2-2-3-4-5-6,14336,14306,439,289,20
descendant,1,d89,0x367d8673783c2f4673a447a4ed5269516,3,4,3,solved,True,0.07032799999999995,12,1061,6,6,6-2-3-2-2-3-4-5-6,4243,4225,329,231,17
descendant,0,d114,0x1f68d35be6e1253263633db1508483125,3,4,4,solved,True,0.07172399999999968,12,1061,6,6,6-2-3-2-2-3-4-5-6,5111,5093,349,248,17
descendant,1,d224,0xc4ac85375f72fc79e95084d34d4c31cd,3,4,4,solved,True,0.0749019999999998,12,1061,6,6,6-2-3-2-3-4-5-6,4633,4615,340,240,17
descendant,0,d112,0x1994e3603f97ef024ee05440540a67bc7,3,4,1,solved,True,0.07848100000000002,12,1061,6,6,6-2-3-3-2-3-4-5-6,4198,4180,399,294,17
descendant,1,d72,0x4d3b1d9ee79e96a369d10edd1823f9f05,3,5,3,solved,True,0.2583920000000006,15,3466,6,6,6-2-3-2-3-2-3-4-5-6,14100,14070,527,372,20
descendant,1,d5,0x76315ddd75f560eb451bd6a21a52afe3a,3,4,3,solved,True,0.07638799999999968,12,1061,6,6,6-2-3-2-3-4-5-6,4628,4610,342,240,17
descendant,1,d139,0x3f3a3c2426b89e5f111720f26746debb6,3,4,2,solved,True,0.07337500000000041,12,1061,6,6,6-2-3-2-2-3-4-5-6,5146,5128,347,248,17
descendant,1,d58,0x5229515737573a5546f22f68949d2651d,3,4,3,solved,True,0.0760550000000002,12,1061,6,6,6-2-3-3-2-3-4-5-6,4763,4745,396,294,17
descendant,1,d32,0x6df517c2da1d083293a36a0c29450e6d8,3,5,4,solved,True,0.2640849999999997,15,3466,6,6,6-2-3-2-3-2-3-4-5-6,15024,14994,536,381,20
descendant,1,d212,0x7bb07582e4bc549f5d1ef63096b31b622,3,4,3,solved,True,0.07193499999999986,12,1061,6,6,6-2-3-3-2-3-4-5-6,4756,4738,399,294,17
descendant,0,d55,0x1563f9161eef2c9011a70c492782a707b,3,5,3,solved,True,0.29529100000000064,15,3466,6,6,6-2-3-2-2-3-4-5-6,13518,13488,433,283,20
descendant,1,d153,0x346ba0b68f99e5ec6b9dafa57f0d311ba,3,5,1,solved,True,0.3022810000000007,15,3466,6,6,6-2-3-2-2-3-4-5-6,14386,14356,443,293,20
descendant,1,d136,0x824921094879bc269f3074668ba97b8f,3,5,4,solved,True,0.2810499999999987,15,3466,6,6,6-2-3-2-2-3-4-5-6,15524,15494,460,311,20
random,,r19,0xf927f03ec08af50e561038de2624e156,3,4,3,solved,True,0.06526500000000013,12,1061,6,6,6-2-3-2-2-3-4-5-6,4468,4450,336,235,17
descendant,1,d237,0x4e96d24e294b11bdfd4dff9e1fd7635c3,3,5,1,solved,True,0.27972100000000033,15,3466,6,6,6-2-3-2-2-3-4-5-6,15726,15696,449,299,20
E0,,E0,0x1,3,4,9,solved,True,0.07067699999999988,12,1043,6,6,6-2-3-3-2-3-4-5-6,4414,4395,377,279,17
descendant,1,d29,0x240891e374d1dfe93cc8455e3433948c0,3,4,4,solved,True,0.06994800000000012,12,1061,6,6,6-2-3-2-3-4-5-6,4641,4623,341,240,17
descendant,0,d40,0x1d91fad937e37dd0872eb5940e37f9123,3,4,4,solved,True,0.06836700000000029,12,1061,6,6,6-2-3-2-3-4-5-6,4630,4613,333,239,17
descendant,0,d202,0x395581209ce2b0a65125651ee71539026,3,4,4,solved,True,0.06754799999999861,12,1061,6,6,6-2-3-2-3-4-5-6,4633,4615,340,240,17
random,,r22,0x1c109605f1137a32b7e925fa3d122d73e,3,4,2,solved,True,0.0677620000000001,12,1061,6,6,6-2-3-2-3-4-5-6,4629,4611,339,240,17
descendant,0,d56,0x5d316d4b7afaec476c88d203d130e1c73,3,5,3,solved,True,0.29694200000000137,15,3466,6,6,6-2-3-2-3-2-3-4-5-6,13227,13197,519,369,20
descendant,0,d222,0x1b9b6a54a2b4db0634c71eb2d65d3a5d5,3,5,1,solved,True,0.29168400000000005,15,3466,6,6,6-2-3-2-2-3-4-5-6,13435,13405,434,283,20
descendant,0,d116,0x522a0dc6e5a8a3a25617a4db3848460fd,3,5,4,solved,True,0.27975300000000125,15,3466,6,6,6-2-3-2-3-2-3-4-5-6,14964,14934,532,381,20
descendant,1,d263,0x4f92b8d91d1a921ae5b2bc79ab620f75d,3,5,3,solved,True,0.2849599999999981,15,3466,6,6,6-2-3-2-3-2-3-4-5-6,14104,14074,528,372,20
descendant,0,d258,0x370c6fa8b5d187828b6e9524b4ddd2bf,3,4,3,solved,True,0.07358899999999835,12,1061,6,6,6-2-3-3-2-3-4-5-6,4223,4205,398,294,17
random,,r10,0x3c4dd28efe34d6468bb457da9023f13ef,3,5,2,solved,True,0.2803880000000003,15,3466,6,6,6-2-3-3-2-3-4-5-6,14197,14167,579,420,20
descendant,0,d262,0x604b34f08ba6232f19646f0a85306eaea,3,5,4,solved,True,0.26972200000000157,15,3466,6,6,6-2-3-2-3-4-5-6,15042,15012,451,301,20
descendant,0,d173,0x6c47616f1280f94adc981b2965d460068,3,4,2,solved,True,0.0645989999999994,12,1061,6,6,6-2-3-2-2-3-4-5-6,5150,5132,347,248,17
descendant,0,d179,0x6de1658849e91ec7771f95239aa975018,3,4,1,solved,True,0.07651300000000028,12,1061,6,6,6-2-3-2-2-3-4-5-6,4793,4775,334,238,17
descendant,1,d17,0x5af8670acd2af76dce9608b01311d81af,3,5,2,solved,True,0.2629609999999989,15,3466,6,6,6-2-3-2-2-3-4-5-6,13559,13529,439,288,20
descendant,0,d160,0x6edf6cf25c3495625e3f83de43362a932,3,4,3,solved,True,0.06587699999999863,12,1061,6,6,6-2-3-3-2-3-4-5-6,4216,4198,400,294,17
random,,r14,0x4fd5edbf8fc086ce28aa87a3ec776f49e,3,4,1,solved,True,0.06872800000000012,12,1061,6,6,6-2-3-2-2-3-4-5-6,4287,4269,331,231,17
descendant,0,d262,0x604b34f08ba6232f19646f0a85306eaea,3,4,2,solved,True,0.0658259999999995,12,1061,6,6,6-2-3-3-2-3-4-5-6,4206,4188,398,294,17
descendant,1,d104,0x4df77d1a97b20dfb21192482f1cd7bd6d,3,5,1,solved,True,0.28162100000000123,15,3466,6,6,6-2-3-2-2-3-4-5-6,13432,13402,433,283,20
descendant,1,d107,0x1e1c60e485ca18e811e59d7a38ab556d3,3,5,3,solved,True,0.2717989999999997,15,3466,6,6,6-2-3-2-3-2-3-4-5-6,13227,13197,521,369,20
E0,,E0,0x1,3,4,2,solved,True,0.08678899999999956,12,1043,6,6,6-2-3-2-3-2-3-4-5-6,4474,4455,406,303,17
descendant,1,d129,0x142bc9983801d5399f9f7a19881c1f6d,3,5,2,solved,True,0.2871440000000014,15,3466,6,6,6-2-3-2-2-3-4-5-6,14286,14256,443,293,20
descendant,0,d67,0x5ad886fec50f02b8ab5fabfd00ecdb001,3,5,1,solved,True,0.26578000000000124,15,3466,6,6,6-2-3-2-3-2-3-4-5-6,13208,13178,519,369,20
descendant,1,d215,0x337578b65f444d299ae723bed169c1cf4,3,5,2,solved,True,0.28276099999999893,15,3466,6,6,6-2-3-2-2-3-4-5-6,14261,14231,444,293,20
descendant,1,d125,0x6f9ec285d8991601bad5803fdac48a14c,3,5,4,solved,True,0.27322299999999977,15,3466,6,6,6-2-3-3-2-3-4-5-6,14126,14096,588,425,20
descendant,0,d109,0x2b24f66ea95ae86e2f6bf59345edf6bd6,3,5,2,solved,True,0.2727869999999992,15,3466,6,6,6-2-3-2-2-3-4-5-6,14357,14327,444,293,20
descendant,0,d207,0x55eac751209601ca8754ed4089ed7c3bf,3,5,1,solved,True,0.25052000000000163,15,3466,6,6,6-2-3-2-3-2-3-4-5-6,13763,13733,523,369,20
descendant,1,d83,0x62b4a3a40650f0529e2400d3eece5659a,3,4,1,solved,True,0.07740600000000164,12,1061,6,6,6-2-3-2-3-4-5-6,5031,5013,343,243,17
descendant,1,d28,0xb4952f009fc0edd12dbd419804e5f43d,3,5,2,solved,True,0.28653199999999934,15,3466,6,6,6-2-3-2-2-3-4-5-6,14301,14271,444,293,20
random,,r37,0x4ce67bee4ade9092fcb54c378868d6f66,3,4,4,solved,True,0.06894099999999881,12,1061,6,6,6-2-3-2-2-3-4-5-6,4245,4227,331,231,17
random,,r22,0x1c109605f1137a32b7e925fa3d122d73e,3,4,3,solved,True,0.07083200000000112,12,1061,6,6,6-2-3-2-3-4-5-6,4477,4459,335,235,17
descendant,0,d69,0x49d06671fce2974f3f7c4b57ac263a037,3,5,4,solved,True,0.2631029999999992,15,3466,6,6,6-2-3-2-2-3-4-5-6,14915,14885,453,301,20
random,,r15,0x428b16566f49d70583495040a60feeb8b,3,5,2,solved,True,0.2829659999999983,15,3466,6,6,6-2-3-2-2-3-4-5-6,14380,14350,441,293,20
random,,r19,0xf927f03ec08af50e561038de2624e156,3,5,2,solved,True,0.2767910000000011,15,3466,6,6,6-2-3-2-3-2-3-4-5-6,16222,16192,533,382,20
descendant,0,d155,0x6a26ae33f796563d34a0d159f9b5dc012,3,5,3,solved,True,0.28383600000000087,15,3466,6,6,6-2-3-2-3-2-3-4-5-6,13227,13197,521,369,20
random,,r13,0x5f90bb86993867ddc983e693e8305dee,3,4,4,solved,True,0.06771200000000022,12,1061,6,6,6-2-3-2-3-2-3-4-5-6,4454,4436,364,262,17
descendant,1,d138,0x11e5a601d7acc53b58f3e174eaf2cc403,3,5,3,solved,True,0.28221399999999797,15,3466,6,6,6-2-3-2-3-2-3-4-5-6,13211,13181,524,369,20
descendant,1,d161,0x1d194974d8161ca780f827b909834aa53,3,5,4,solved,True,0.2842720000000014,15,3466,6,6,6-2-3-2-2-3-4-5-6,14925,14895,452,301,20
descendant,1,d122,0x6e6d2f8eef1aeb976397ba9770acbf436,3,4,3,solved,True,0.07495400000000174,12,1061,6,6,6-2-3-2-2-3-4-5-6,4238,4220,331,231,17
descendant,1,d123,0x1ca05b9628bda070c6e1981acf88bdc35,3,5,4,solved,True,0.28577400000000175,15,3466,6,6,6-2-3-2-3-2-3-4-5-6,14396,14366,478,326,20
descendant,0,d69,0x49d06671fce2974f3f7c4b57ac263a037,3,4,1,solved,True,0.07093800000000172,12,1061,6,6,6-2-3-2-2-3-4-5-6,4274,4256,330,231,17
descendant,1,d246,0x351aae75214f94bf197cf8bb77c135d24,3,5,4,solved,True,0.267551000000001,15,3466,6,6,6-2-3-2-2-3-4-5-6,13492,13462,432,283,20
descendant,0,d179,0x6de1658849e91ec7771f95239aa975018,3,4,3,solved,True,0.07470399999999877,12,1061,6,6,6-2-3-3-2-3-4-5-6,4741,4723,398,294,17
descendant,0,d77,0x35111962dbd84377113e28c969a80c3a4,3,5,2,solved,True,0.2745610000000003,15,3466,6,6,6-2-3-2-3-4-5-6,13364,13334,431,283,20
descendant,0,d99,0x5f3d085e99edc7c4a2d95fca485a75af1,3,5,3,solved,True,0.2657179999999997,15,3466,6,6,6-2-3-3-2-3-4-5-6,13288,13258,573,413,20
descendant,1,d188,0x42bb69ba29abd1c6ec710ef684632de23,3,4,4,solved,True,0.07619799999999977,12,1061,6,6,6-2-3-2-2-3-4-5-6,5122,5104,349,248,17
descendant,0,d145,0x5c7d9e1810ff3dcb66944c37d53c3e765,3,5,4,solved,True,0.280110999999998,15,3466,6,6,6-2-3-2-2-3-4-5-6,15489,15459,462,311,20
random,,r20,0x631526e649146dd8e894a9297744d40d3,3,4,1,solved,True,0.07024900000000223,12,1061,6,6,6-2-3-2-3-4-5-6,4651,4633,338,240,17
random,,r3,0x12bffc766b5be2c3419af41fff7255cda,3,4,2,solved,True,0.06980699999999906,12,1061,6,6,6-2-3-2-2-3-4-5-6,4795,4777,338,238,17
descendant,0,d94,0x201948b922c9601f6abed0f30a801999c,3,5,2,solved,True,0.2966369999999987,15,3466,6,6,6-2-3-2-3-2-3-4-5-6,13213,13183,520,369,20
descendant,0,d177,0x7c141cdbe2d6a4df286f268ecc455da3e,3,5,2,solved,True,0.25847799999999843,15,3466,6,6,6-2-3-2-2-3-4-5-6,14359,14329,442,293,20
descendant,1,d198,0x5688660fa87d686a97e803aa88524ab9b,3,5,2,solved,True,0.30968099999999943,15,3466,6,6,6-2-3-3-2-3-4-5-6,14128,14098,585,425,20
descendant,1,d52,0x62ae49abea18c3bf2d4eb301cea6f5cc8,3,4,1,solved,True,0.0630720000000018,12,1061,6,6,6-2-3-2-3-2-3-4-5-6,4489,4471,364,262,17
random,,r8,0x534fd2b74bcd31e5ec9180f46977edf92,3,4,3,solved,True,0.07430300000000045,12,1061,6,6,6-2-3-2-3-4-5-6,4619,4601,340,240,17
descendant,0,d232,0x56db1c7ced76f32ddbe5383de1a2b8f2f,3,5,3,solved,True,0.28720999999999997,15,3466,6,6,6-2-3-2-3-2-3-4-5-6,13232,13202,523,369,20
descendant,0,d8,0x3b6646f40bb8585bd29898f087d04aaa2,3,5,4,solved,True,0.30560700000000196,15,3466,6,6,6-2-3-2-3-2-3-4-5-6,14382,14352,477,326,20
descendant,1,d91,0x77a59fa1ec12e7df8655dd995dec5bef2,3,4,3,solved,True,0.07486699999999757,12,1061,6,6,6-2-3-2-2-3-4-5-6,4755,4737,335,238,17
descendant,0,d152,0x208a2d7942206e50ac164b06555e88aa0,3,4,1,solved,True,0.065195000000001,12,1061,6,6,6-2-3-2-2-3-4-5-6,4475,4457,335,235,17
descendant,0,d109,0x2b24f66ea95ae86e2f6bf59345edf6bd6,3,4,1,solved,True,0.06826399999999921,12,1061,6,6,6-2-3-2-2-3-4-5-6,4791,4773,339,238,17
descendant,1,d79,0x1e188b2f3f04871f4b035dae5eb59feab,3,4,2,solved,True,0.06687900000000013,12,1061,6,6,6-2-3-2-3-4-5-6,4626,4609,334,239,17
descendant,0,d53,0x3aad5ebb6187af0a2c53cbc9010d36552,3,4,2,solved,True,0.07584300000000077,12,1061,6,6,6-2-3-3-2-3-4-5-6,4202,4184,399,294,17
descendant,0,d152,0x208a2d7942206e50ac164b06555e88aa0,3,5,1,solved,True,0.28048000000000073,15,3466,6,6,6-2-3-2-3-4-5-6,14918,14888,451,301,20
descendant,1,d237,0x4e96d24e294b11bdfd4dff9e1fd7635c3,3,5,2,solved,True,0.2734799999999993,15,3466,6,6,6-2-3-2-2-3-4-5-6,15539,15509,461,311,20
descendant,0,d228,0x6d20a8996fe80a6e006d15d8384fb540c,3,5,2,solved,True,0.27715399999999946,15,3466,6,6,6-2-3-2-3-4-5-6,13366,13336,431,283,20
descendant,1,d117,0xc3fba0ce2cceeb15eac58c76061f5329,3,5,2,solved,True,0.25403599999999926,15,3466,6,6,6-2-3-2-3-2-3-4-5-6,14930,14900,538,384,20
random,,r18,0x30054085902972ca948229e2be0afae5a,3,5,3,solved,True,0.2790789999999994,15,3466,6,6,6-2-3-3-2-3-4-5-6,14286,14256,578,420,20
descendant,0,d132,0x66be1b1e0c8ac87b7df12d81a076d24c8,3,5,1,solved,True,0.2710000000000008,15,3466,6,6,6-2-3-2-2-3-4-5-6,15707,15677,449,299,20
descendant,1,d149,0x6a29a1bba81a817f02b7940b0723de894,3,5,1,solved,True,0.28724599999999967,15,3466,6,6,6-2-3-2-3-4-5-6,14980,14950,453,301,20
descendant,1,d221,0x1c70789724f0da89c0a636792b2d9d101,3,4,2,solved,True,0.07560999999999929,12,1061,6,6,6-2-3-3-2-3-4-5-6,4754,4736,399,294,17
descendant,0,d165,0x64fcdc81cc55310cd05c6a8d83db3faae,3,4,1,solved,True,0.0677480000000017,12,1061,6,6,6-2-3-2-2-3-4-5-6,4792,4775,333,237,17
descendant,0,d168,0x38e96ec5419519eb1b1b583429e4a4574,3,4,3,solved,True,0.08797199999999883,12,1061,6,6,6-2-3-2-2-3-4-5-6,4286,4268,331,231,17
descendant,1,d73,0x6c207545189a4d6a1a9a36f6ef83e6e40,3,5,4,solved,True,0.2871120000000005,15,3466,6,6,6-2-3-2-3-2-3-4-5-6,14396,14366,478,326,20
random,,r34,0x27183f6ce33848dde3948dcd3e643d623,3,4,1,solved,True,0.0674159999999997,12,1061,6,6,6-2-3-2-2-3-4-5-6,4792,4774,339,238,17
descendant,1,d198,0x5688660fa87d686a97e803aa88524ab9b,3,4,4,solved,True,0.08035300000000056,12,1061,6,6,6-2-3-2-2-3-4-5-6,5122,5104,347,248,17
descendant,1,d215,0x337578b65f444d299ae723bed169c1cf4,3,4,2,solved,True,0.06470600000000104,12,1061,6,6,6-2-3-2-3-4-5-6,4214,4196,330,231,17
descendant,1,d89,0x367d8673783c2f4673a447a4ed5269516,3,4,1,solved,True,0.0640900000000002,12,1061,6,6,6-2-3-2-2-3-4-5-6,4477,4459,335,235,17
descendant,1,d153,0x346ba0b68f99e5ec6b9dafa57f0d311ba,3,4,1,solved,True,0.0690980000000021,12,1061,6,6,6-2-3-3-2-3-4-5-6,4754,4736,397,294,17
descendant,0,d256,0xbb969cbaa0877655284db88fa983010d,3,5,4,solved,True,0.31083199999999955,15,3466,6,6,6-2-3-2-3-2-3-4-5-6,14931,14901,535,381,20
descendant,0,d68,0x3fe369f302d9da1afecabdbe0fd5caa7a,3,4,2,solved,True,0.06989999999999874,12,1061,6,6,6-2-3-2-2-3-4-5-6,4311,4293,331,231,17
descendant,1,d71,0x112ac2dcb4366ab589479f8be934e6f93,3,4,4,solved,True,0.07365500000000047,12,1061,6,6,6-2-3-2-3-4-5-6,4633,4615,339,240,17
random,,r33,0x4abaedb2c606a04f40b4a938c050fd5ee,3,5,2,solved,True,0.2774410000000014,15,3466,6,6,6-2-3-2-3-2-3-4-5-6,13513,13483,525,369,20
descendant,1,d233,0x765838b47f9f40f77070ab500719552ea,3,4,1,solved,True,0.0806439999999995,12,1061,6,6,6-2-3-3-2-3-4-5-6,4726,4708,397,294,17
descendant,0,d219,0x2bb98e98beee47dc4dac5c21dde510d9,3,5,1,solved,True,0.28250899999999923,15,3466,6,6,6-2-3-2-3-4-5-6,14945,14915,450,301,20
descendant,1,d161,0x1d194974d8161ca780f827b909834aa53,3,5,2,solved,True,0.2697579999999995,15,3466,6,6,6-2-3-2-2-3-4-5-6,14345,14315,445,293,20
descendant,1,d198,0x5688660fa87d686a97e803aa88524ab9b,3,4,3,solved,True,0.07277600000000106,12,1061,6,6,6-2-3-3-2-3-4-5-6,4227,4209,398,294,17
random,,r17,0x32b640c1bba37107df49617b5077ca29b,3,4,1,solved,True,0.07606699999999833,12,1061,6,6,6-2-3-2-2-3-4-5-6,4237,4219,331,231,17
descendant,1,d39,0x3c78dedcf68e2e98f70c556392ccec84a,3,4,1,solved,True,0.07030100000000061,12,1061,6,6,6-2-3-3-2-3-4-5-6,4188,4172,389,292,17
E0,,E0,0x1,3,5,36,solved,True,0.297623999999999,15,3436,6,6,6-2-3-3-3-3-3-3-4-2-2-3-4-5-6,15543,15513,1238,961,20
descendant,0,d68,0x3fe369f302d9da1afecabdbe0fd5caa7a,3,4,4,solved,True,0.06600700000000082,12,1061,6,6,6-2-3-2-3-2-3-4-5-6,4447,4429,365,262,17
descendant,0,d4,0x38a1549552e8ad1cc78b1295a7f14eac4,3,4,4,solved,True,0.0654040000000009,12,1061,6,6,6-2-3-2-2-3-4-5-6,4206,4188,330,231,17
descendant,0,d160,0x6edf6cf25c3495625e3f83de43362a932,3,4,4,solved,True,0.06576699999999924,12,1061,6,6,6-2-3-2-2-3-4-5-6,5155,5137,348,248,17
descendant,0,d116,0x522a0dc6e5a8a3a25617a4db3848460fd,3,5,3,solved,True,0.27157800000000165,15,3466,6,6,6-2-3-2-2-3-4-5-6,15451,15421,461,311,20
descendant,1,d169,0x481775947d9b40c5b2c73300165906ba1,3,5,1,solved,True,0.26914399999999894,15,3466,6,6,6-2-3-2-2-3-4-5-6,13389,13359,433,283,20
descendant,1,d159,0x7734d104e2ae353b2a9a15cc93e4e26e2,3,4,3,solved,True,0.07020099999999907,12,1061,6,6,6-2-3-2-3-4-5-6,4474,4456,333,235,17
descendant,1,d198,0x5688660fa87d686a97e803aa88524ab9b,3,5,1,solved,True,0.28119299999999825,15,3466,6,6,6-2-3-3-2-3-4-5-6,14149,14119,584,425,20
descendant,0,d97,0x5f839b44fc3eb024c876bf2d4d24f0239,3,5,4,solved,True,0.27905599999999886,15,3466,6,6,6-2-3-2-2-3-4-5-6,15518,15488,461,311,20
random,,r2,0x490a6e586591c9fb91f8938a1e54b0b8a,3,5,1,solved,True,0.29091299999999976,15,3466,6,6,6-2-3-2-2-3-4-5-6,14404,14374,444,293,20
descendant,0,d226,0x784c5a04e4248b2f69d9fbad9c33498a8,3,4,4,solved,True,0.07905699999999882,12,1061,6,6,6-2-3-2-3-4-5-6,4605,4587,341,240,17
descendant,0,d42,0x1729343319b55ebc3b3a82b1dc095d5b,3,5,1,solved,True,0.2833489999999994,15,3466,6,6,6-2-3-3-2-3-4-5-6,15560,15530,592,433,20
descendant,0,d145,0x5c7d9e1810ff3dcb66944c37d53c3e765,3,5,3,solved,True,0.2685329999999997,15,3466,6,6,6-2-3-2-2-3-4-5-6,14333,14303,443,293,20
descendant,1,d78,0x64de8b1ac1c7462bc6433bda1d43510c2,3,5,4,solved,True,0.2867650000000026,15,3466,6,6,6-2-3-2-2-3-2-3-4-5-6,14678,14648,478,326,20
descendant,1,d11,0x1f3826f848cff1f6c9657117ef4ddd139,3,5,3,solved,True,0.2628420000000009,15,3466,6,6,6-2-3-3-2-3-4-5-6,14364,14334,584,424,20
descendant,1,d39,0x3c78dedcf68e2e98f70c556392ccec84a,3,5,3,solved,True,0.2839519999999993,15,3466,6,6,6-2-3-2-2-3-2-3-4-5-6,15710,15680,494,340,20
descendant,1,d15,0x3ebf8a5e492fd2ec12dc99e23299fe124,3,4,1,solved,True,0.07437100000000108,12,1061,6,6,6-2-3-3-2-3-4-5-6,4728,4710,398,294,17
descendant,1,d188,0x42bb69ba29abd1c6ec710ef684632de23,3,5,2,solved,True,0.28190200000000054,15,3466,6,6,6-2-3-2-3-2-3-4-5-6,13206,13176,524,369,20
descendant,1,d188,0x42bb69ba29abd1c6ec710ef684632de23,3,5,1,solved,True,0.27473799999999926,15,3466,6,6,6-2-3-3-2-3-4-5-6,14148,14118,584,425,20
descendant,1,d170,0xae83df036e8fb794a59398cb5e86a119,3,5,1,solved,True,0.27728900000000145,15,3466,6,6,6-2-3-2-2-3-4-5-6,13397,13367,434,283,20
descendant,0,d4,0x38a1549552e8ad1cc78b1295a7f14eac4,3,4,1,solved,True,0.06747000000000014,12,1061,6,6,6-2-3-3-2-3-4-5-6,4191,4173,398,294,17
descendant,1,d73,0x6c207545189a4d6a1a9a36f6ef83e6e40,3,4,1,solved,True,0.07412700000000072,12,1061,6,6,6-2-3-2-2-3-4-5-6,4793,4775,339,238,17
descendant,0,d239,0x68905d439cade3be5a153f42f8766b01c,3,5,4,solved,True,0.2649240000000006,15,3466,6,6,6-2-3-2-2-3-4-5-6,13516,13486,433,283,20
random,,r36,0x79a58d762514600707aabe58bb3c067e7,3,5,1,solved,True,0.25750400000000084,15,3466,6,6,6-2-3-2-3-2-3-4-5-6,13766,13736,523,369,20
descendant,1,d30,0x76380792d43b1dbb8f81b33d0279557ee,3,5,1,solved,True,0.2658370000000012,15,3466,6,6,6-2-3-2-2-3-4-5-6,14383,14353,441,293,20
descendant,1,d218,0x52455e82f4810c9381cc3e182bb9590cb,3,4,2,solved,True,0.06835300000000011,12,1061,6,6,6-2-3-2-3-4-5-6,4217,4199,331,231,17
descendant,1,d123,0x1ca05b9628bda070c6e1981acf88bdc35,3,4,2,solved,True,0.07038499999999814,12,1061,6,6,6-2-3-2-3-4-5-6,4217,4199,331,231,17
descendant,1,d139,0x3f3a3c2426b89e5f111720f26746debb6,3,5,4,solved,True,0.26897799999999883,15,3466,6,6,6-2-3-2-3-4-5-6,14920,14890,449,301,20
random,,r13,0x5f90bb86993867ddc983e693e8305dee,3,4,3,solved,True,0.07639499999999977,12,1061,6,6,6-2-3-3-2-3-4-5-6,4467,4449,402,297,17
descendant,1,d230,0x33804ac2d6f98bb4947ddda6f5532523e,3,4,3,solved,True,0.07352100000000128,12,1061,6,6,6-2-3-3-2-3-4-5-6,4477,4459,402,297,17
descendant,1,d89,0x367d8673783c2f4673a447a4ed5269516,3,5,2,solved,True,0.2968290000000007,15,3466,6,6,6-2-3-2-2-3-4-5-6,14372,14342,443,293,20
descendant,0,d143,0x629c3e04d9c9920d0562093e9e93e2892,3,5,4,solved,True,0.26716099999999976,15,3466,6,6,6-2-3-2-3-2-3-4-5-6,14392,14362,476,326,20
descendant,1,d103,0x7daf41c59cc347af322f3eeb07d3de9ea,3,4,2,solved,True,0.06622599999999856,12,1061,6,6,6-2-3-2-2-3-4-5-6,4758,4740,334,238,17
descendant,0,d191,0x7a8fc7068fa065ddd29042d4bc728e400,3,4,1,solved,True,0.07119299999999917,12,1061,6,6,6-2-3-2-2-3-4-5-6,4793,4775,338,238,17
descendant,1,d47,0x260f9f8f3f79f7086acab2a71f18a1e02,3,5,4,solved,True,0.26496099999999956,15,3466,6,6,6-2-3-2-3-2-3-4-5-6,13729,13699,523,369,20
descendant,1,d136,0x824921094879bc269f3074668ba97b8f,3,4,4,solved,True,0.06793800000000161,12,1061,6,6,6-2-3-2-3-4-5-6,4618,4600,340,240,17
descendant,1,d146,0x73f7535c6e0b5b5c9d0b24b2809486a0e,3,5,3,solved,True,0.2683669999999996,15,3466,6,6,6-2-3-2-3-2-3-4-5-6,13233,13203,522,369,20
descendant,0,d260,0x42574b08f9dc08ecd2e13d8090ad12b21,3,5,1,solved,True,0.2647770000000005,15,3466,6,6,6-2-3-2-2-3-4-5-6,14311,14281,440,293,20
descendant,1,d12,0x5c3fe6e2e934a8b041ddfe024314ef4f5,3,5,2,solved,True,0.29158499999999954,15,3466,6,6,6-2-3-2-2-3-4-5-6,13623,13593,441,288,20
descendant,0,d46,0x4b2f5a6a9f200e2ac4fddf1fce4666629,3,5,2,solved,True,0.2685259999999996,15,3466,6,6,6-2-3-2-2-3-4-5-6,14290,14260,442,293,20
descendant,0,d245,0x16d04b90c7148e2cc402d6641bc2b904f,3,4,2,solved,True,0.072654,12,1061,6,6,6-2-3-2-3-4-5-6,4202,4184,330,231,17
descendant,1,d39,0x3c78dedcf68e2e98f70c556392ccec84a,3,4,4,solved,True,0.07506200000000085,12,1061,6,6,6-2-3-2-2-3-4-5-6,4205,4187,331,231,17
random,,r30,0x180d79ef8ffbb8c736b044cd1f23e5147,3,4,4,solved,True,0.07329000000000008,12,1061,6,6,6-2-3-2-3-4-5-6,4610,4592,340,240,17
descendant,1,d231,0x4e242904c3aff1fb588689f9e72ecbd5f,3,4,1,solved,True,0.06940099999999916,12,1061,6,6,6-2-3-3-2-3-4-5-6,4163,4145,400,294,17
descendant,1,d227,0x2e613bc8778a0d73245609465a031c716,3,5,1,solved,True,0.27951999999999977,15,3466,6,6,6-2-3-2-3-2-3-4-5-6,14963,14933,535,381,20
random,,r30,0x180d79ef8ffbb8c736b044cd1f23e5147,3,5,2,solved,True,0.2846799999999998,15,3466,6,6,6-2-3-2-2-3-4-5-6,14445,14415,438,289,20
descendant,1,d81,0x12ea4ec43439524172de0ad354a6c5941,3,4,4,solved,True,0.06815699999999936,12,1061,6,6,6-2-3-2-3-4-5-6,4622,4605,336,239,17
descendant,0,d247,0x247cc923f8dba9dedcc08874b53bc07f8,3,5,1,solved,True,0.29505999999999943,15,3466,6,6,6-2-3-3-2-3-4-5-6,14455,14425,582,423,20
descendant,1,d106,0x16971f8c50d977ad1a9887c8ec15c1615,3,4,3,solved,True,0.08453100000000191,12,1061,6,6,6-2-3-2-2-3-4-5-6,4463,4445,336,235,17
descendant,1,d129,0x142bc9983801d5399f9f7a19881c1f6d,3,5,4,solved,True,0.2724910000000005,15,3466,6,6,6-2-3-2-2-3-4-5-6,13500,13470,433,283,20
descendant,0,d110,0x3a679fc181d676d23a785c044985269e8,3,5,2,solved,True,0.26245099999999866,15,3466,6,6,6-2-3-2-3-2-3-4-5-6,16206,16176,536,382,20
descendant,0,d178,0x2c9787372de01833166562c539cbae02c,3,4,1,solved,True,0.06716600000000028,12,1061,6,6,6-2-3-3-2-3-4-5-6,4752,4734,398,294,17
descendant,0,d68,0x3fe369f302d9da1afecabdbe0fd5caa7a,3,5,2,solved,True,0.27054899999999904,15,3466,6,6,6-2-3-2-2-3-4-5-6,14276,14246,443,293,20
random,,r31,0x40137030b0fd3ef8da5ea4ff481444876,3,4,1,solved,True,0.06474900000000083,12,1061,6,6,6-2-3-2-3-4-5-6,4196,4178,330,231,17
descendant,1,d240,0x5438ba06e14c74e998373466a491bf47b,3,4,3,solved,True,0.0689030000000006,12,1061,6,6,6-2-3-3-2-3-4-5-6,4762,4744,397,294,17
descendant,0,d183,0x39220c2fa0ef016238dfe3c8c43313928,3,5,1,solved,True,0.2825040000000012,15,3466,6,6,6-2-3-2-3-4-5-6,14463,14433,441,289,20
descendant,0,d82,0x455dcf9b6baf55904fcddf7add088312b,3,5,3,solved,True,0.271393999999999,15,3466,6,6,6-2-3-2-3-4-5-6,13391,13361,433,283,20
descendant,0,d97,0x5f839b44fc3eb024c876bf2d4d24f0239,3,4,3,solved,True,0.07193900000000042,12,1061,6,6,6-2-3-3-2-3-4-5-6,4233,4215,399,294,17
E0,,E0,0x1,3,4,41,solved,True,0.06881499999999896,12,1043,6,6,6-2-3-2-3-2-3-4-5-6,4340,4321,347,243,17
descendant,0,d110,0x3a679fc181d676d23a785c044985269e8,3,4,3,solved,True,0.0869579999999992,12,1061,6,6,6-2-3-3-2-3-4-5-6,4756,4738,398,294,17
descendant,0,d40,0x1d91fad937e37dd0872eb5940e37f9123,3,4,3,solved,True,0.08138000000000112,12,1061,6,6,6-2-3-3-2-3-4-5-6,4238,4220,395,294,17
descendant,1,d131,0x5aec3bd9f85ce0f5ba815deed00bd4299,3,4,3,solved,True,0.07139599999999824,12,1061,6,6,6-2-3-2-3-4-5-6,4633,4615,339,240,17
descendant,0,d255,0x7438ead7f6b216d711dd286006c31aa3e,3,4,3,solved,True,0.07206099999999971,12,1061,6,6,6-2-3-2-2-3-4-5-6,4753,4735,336,238,17
random,,r38,0x7c9c6d2352c2608a8e1ac55e2a08404a6,3,4,1,solved,True,0.06569700000000012,12,1061,6,6,6-2-3-2-3-2-3-4-5-6,4489,4471,365,262,17
descendant,1,d233,0x765838b47f9f40f77070ab500719552ea,3,4,3,solved,True,0.07089500000000015,12,1061,6,6,6-2-3-3-2-3-4-5-6,4233,4215,398,294,17
random,,r24,0x747d2357324667ee875d2604ed162987a,3,4,4,solved,True,0.07546300000000095,12,1061,6,6,6-2-3-2-3-2-3-4-5-6,5023,5005,373,272,17
descendant,1,d29,0x240891e374d1dfe93cc8455e3433948c0,3,5,3,solved,True,0.3021830000000012,15,3466,6,6,6-2-3-2-3-2-3-4-5-6,14379,14349,524,373,20
descendant,1,d212,0x7bb07582e4bc549f5d1ef63096b31b622,3,4,4,solved,True,0.07431300000000007,12,1061,6,6,6-2-3-2-3-4-5-6,4647,4629,341,240,17
descendant,1,d93,0x2369c56cd97a340070a36bb606e2a62d8,3,4,4,solved,True,0.07544700000000049,12,1061,6,6,6-2-3-2-3-4-5-6,4218,4200,330,231,17
descendant,0,d165,0x64fcdc81cc55310cd05c6a8d83db3faae,3,5,3,solved,True,0.2987599999999979,15,3466,6,6,6-2-3-3-2-3-4-5-6,14150,14120,586,425,20
descendant,0,d80,0x12714bc33324078d5926b7cadb4f82a2b,3,4,2,solved,True,0.069407,12,1061,6,6,6-2-3-2-3-4-5-6,4620,4602,339,240,17
descendant,0,d211,0x1581f324b9e850f34ce478a3c6a23a449,3,5,3,solved,True,0.2791130000000006,15,3466,6,6,6-2-3-3-2-3-4-5-6,15612,15582,591,433,20
descendant,1,d84,0x6e0be5e9f6818112b00a4841f809a1d9e,3,4,3,solved,True,0.07326100000000046,12,1061,6,6,6-2-3-2-3-2-3-4-5-6,4470,4452,364,262,17
descendant,1,d93,0x2369c56cd97a340070a36bb606e2a62d8,3,4,1,solved,True,0.07595700000000072,12,1061,6,6,6-2-3-2-2-3-4-5-6,4790,4773,336,237,17
descendant,0,d177,0x7c141cdbe2d6a4df286f268ecc455da3e,3,4,2,solved,True,0.07775399999999877,12,1061,6,6,6-2-3-3-2-3-4-5-6,4459,4441,401,297,17
descendant,0,d257,0x28b1c177268e3c6110c268f0efdd3cece,3,5,3,solved,True,0.2547440000000005,15,3466,6,6,6-2-3-3-2-3-4-5-6,13307,13277,569,413,20
descendant,1,d136,0x824921094879bc269f3074668ba97b8f,3,4,3,solved,True,0.07348299999999952,12,1061,6,6,6-2-3-3-2-3-4-5-6,4233,4215,398,294,17
random,,r34,0x27183f6ce33848dde3948dcd3e643d623,3,5,3,solved,True,0.283198999999998,15,3466,6,6,6-2-3-3-2-3-4-5-6,14079,14049,585,425,20
descendant,0,d46,0x4b2f5a6a9f200e2ac4fddf1fce4666629,3,5,4,solved,True,0.2670659999999998,15,3466,6,6,6-2-3-2-3-2-3-4-5-6,14926,14896,535,381,20
descendant,0,d23,0x73d4550749610733989b4267b13ceb154,3,4,3,solved,True,0.07384700000000066,12,1061,6,6,6-2-3-2-3-4-5-6,4650,4632,339,240,17
E0,,E0,0x1,3,5,69,solved,True,0.3108690000000003,15,3436,6,6,6-2-3-2-3-2-3-4-5-6,16028,15998,728,516,20
descendant,1,d118,0x662a65f2587d8d4e1c80dd4bcbdffdba0,3,5,4,solved,True,0.28567899999999824,15,3466,6,6,6-2-3-2-3-2-3-4-5-6,14947,14917,540,384,20
random,,r36,0x79a58d762514600707aabe58bb3c067e7,3,4,3,solved,True,0.06983700000000148,12,1061,6,6,6-2-3-3-2-3-4-5-6,4233,4215,397,294,17
descendant,1,d237,0x4e96d24e294b11bdfd4dff9e1fd7635c3,3,4,2,solved,True,0.07233599999999818,12,1061,6,6,6-2-3-2-3-4-5-6,4217,4199,329,231,17
descendant,1,d172,0x31ac4e23f32628817f72908e8f41db46e,3,4,4,solved,True,0.08719399999999844,12,1061,6,6,6-2-3-2-3-4-5-6,4226,4208,330,231,17
descendant,0,d183,0x39220c2fa0ef016238dfe3c8c43313928,3,5,2,solved,True,0.2975829999999995,15,3466,6,6,6-2-3-2-2-3-4-5-6,14355,14325,442,293,20
descendant,1,d124,0x15dbca5211d9ba2d338bb55c508f06c69,3,4,4,solved,True,0.0718949999999996,12,1061,6,6,6-2-3-2-3-4-5-6,4625,4607,339,240,17
descendant,1,d195,0x4c19c43afe8b10ad1c4b9aa0c35f8fcc3,3,5,3,solved,True,0.26798300000000097,15,3466,6,6,6-2-3-2-3-2-3-4-5-6,14158,14128,519,372,20
descendant,1,d79,0x1e188b2f3f04871f4b035dae5eb59feab,3,5,1,solved,True,0.27731999999999957,15,3466,6,6,6-2-3-3-2-3-4-5-6,14461,14431,581,423,20
descendant,1,d184,0x2a50cae17267e4772e3b0132877996912,3,5,1,solved,True,0.29352599999999995,15,3466,6,6,6-2-3-3-2-3-4-5-6,14145,14115,584,425,20
descendant,0,d105,0x16757ef5aeaa0592f69ecd0e05d2727c1,3,4,3,solved,True,0.07677500000000137,12,1061,6,6,6-2-3-2-2-3-4-5-6,4288,4270,331,231,17
descendant,1,d208,0x690f9adc941f9084e345e3f18c06d5ed,3,5,4,solved,True,0.2791650000000008,15,3466,6,6,6-2-3-2-3-2-3-4-5-6,14934,14904,533,381,20
random,,r2,0x490a6e586591c9fb91f8938a1e54b0b8a,3,4,3,solved,True,0.07698800000000183,12,1061,6,6,6-2-3-2-3-4-5-6,4626,4608,340,240,17
descendant,1,d27,0x2e670ee2b9b86c05d6a242148468dc3d6,3,5,1,solved,True,0.2798929999999995,15,3466,6,6,6-2-3-2-2-3-4-5-6,14433,14403,439,289,20
descendant,1,d96,0x2269b6d64e03765c0739b92bdbd1228ca,3,4,4,solved,True,0.06663899999999856,12,1061,6,6,6-2-3-2-2-3-4-5-6,4211,4193,329,231,17
descendant,0,d258,0x370c6fa8b5d187828b6e9524b4ddd2bf,3,5,3,solved,True,0.2588790000000003,15,3466,6,6,6-2-3-3-2-3-4-5-6,13275,13245,569,413,20
descendant,1,d154,0x67e7ce47a6ab0a6952374decd34902208,3,4,1,solved,True,0.07549099999999953,12,1061,6,6,6-2-3-2-3-4-5-6,5029,5011,342,243,17
descendant,0,d241,0x413b94cd1c2e83d2a5b45741dd6b3795f,3,4,3,solved,True,0.07125100000000018,12,1061,6,6,6-2-3-3-2-3-4-5-6,4762,4745,396,293,17
descendant,0,d176,0x7b98285ee2943dc8682f5f529fd52c980,3,5,2,solved,True,0.28531500000000065,15,3466,6,6,6-2-3-2-2-3-4-5-6,14393,14363,440,289,20
descendant,0,d197,0x283e0e7def2f755a62c475993b97cc610,3,4,3,solved,True,0.06697600000000037,12,1061,6,6,6-2-3-2-2-3-4-5-6,4242,4224,331,231,17
descendant,1,d122,0x6e6d2f8eef1aeb976397ba9770acbf436,3,5,1,solved,True,0.2663440000000019,15,3466,6,6,6-2-3-2-2-3-4-5-6,14383,14353,444,293,20
descendant,0,d239,0x68905d439cade3be5a153f42f8766b01c,3,4,4,solved,True,0.06701700000000166,12,1061,6,6,6-2-3-2-3-2-3-4-5-6,5017,4999,374,272,17
descendant,1,d62,0x7c8857448d048353655694cc56d75363c,3,4,2,solved,True,0.06924899999999923,12,1061,6,6,6-2-3-3-2-3-4-5-6,4748,4730,399,294,17
descendant,1,d102,0x7200cf2ff4d279ce096e5dba8b281d236,3,5,1,solved,True,0.2970790000000001,15,3466,6,6,6-2-3-2-2-3-4-5-6,14386,14356,442,293,20
E0,,E0,0x1,3,4,11,solved,True,0.07380600000000115,12,1043,6,6,6-2-3-4-2-2-3-4-5-6,5103,5084,654,477,17
descendant,0,d1,0x53b2a15d2d4705b05b37fc29b03e5b64d,3,4,4,solved,True,0.0754980000000014,12,1061,6,6,6-2-3-2-3-4-5-6,4626,4608,340,240,17
random,,r21,0x4d4c870d513017a31a0bc4f966ea8965b,3,4,4,solved,True,0.07107499999999867,12,1061,6,6,6-2-3-2-2-3-4-5-6,5122,5104,347,248,17
descendant,1,d210,0x4629681bbd7f5f6d22f01b3d433bb361,3,5,3,solved,True,0.27664100000000147,15,3466,6,6,6-2-3-2-2-3-4-5-6,13465,13435,434,283,20
descendant,0,d49,0x73e8cc09e3496e8ad78bb3b46c1751126,3,4,2,solved,True,0.0735109999999981,12,1061,6,6,6-2-3-2-2-3-4-5-6,4239,4221,330,231,17
descendant,0,d145,0x5c7d9e1810ff3dcb66944c37d53c3e765,3,4,4,solved,True,0.06748699999999985,12,1061,6,6,6-2-3-2-3-4-5-6,4633,4615,340,240,17
descendant,1,d135,0x4b6f4aedf31a71f526b4308aeb2db1361,3,5,4,solved,True,0.27526899999999976,15,3466,6,6,6-2-3-2-2-3-4-5-6,14929,14899,451,301,20
descendant,0,d229,0x2439e5e8ce836a3b3b4c69b74af0a2938,3,5,1,solved,True,0.2968969999999995,15,3466,6,6,6-2-3-2-2-3-4-5-6,13258,13228,429,283,20
descendant,1,d146,0x73f7535c6e0b5b5c9d0b24b2809486a0e,3,4,3,solved,True,0.08079500000000195,12,1061,6,6,6-2-3-3-2-3-4-5-6,4477,4459,399,297,17
descendant,0,d206,0xce1c9f7cab8afa7b83eb7a279f351fff,3,5,4,solved,True,0.29349500000000006,15,3466,6,6,6-2-3-2-3-2-3-4-5-6,15029,14999,535,381,20
descendant,1,d209,0x53d636e33f1f10e6597bfb1937eb25ad5,3,5,1,solved,True,0.31031099999999867,15,3466,6,6,6-2-3-3-2-3-4-5-6,15512,15482,591,433,20
descendant,1,d28,0xb4952f009fc0edd12dbd419804e5f43d,3,5,1,solved,True,0.27665000000000006,15,3466,6,6,6-2-3-2-2-3-4-5-6,14377,14347,443,293,20
descendant,1,d159,0x7734d104e2ae353b2a9a15cc93e4e26e2,3,4,2,solved,True,0.0710879999999996,12,1061,6,6,6-2-3-3-2-3-4-5-6,4736,4718,396,294,17
descendant,1,d113,0x57e3b39aea7b420456d85034025e6935f,3,4,2,solved,True,0.07940099999999894,12,1061,6,6,6-2-3-2-2-3-4-5-6,4311,4293,331,231,17
descendant,1,d58,0x5229515737573a5546f22f68949d2651d,3,5,4,solved,True,0.29617600000000266,15,3466,6,6,6-2-3-2-2-3-4-5-6,15508,15478,461,311,20
descendant,0,d211,0x1581f324b9e850f34ce478a3c6a23a449,3,4,3,solved,True,0.06818900000000028,12,1061,6,6,6-2-3-2-2-3-4-5-6,4268,4250,331,231,17
descendant,1,d246,0x351aae75214f94bf197cf8bb77c135d24,3,5,2,solved,True,0.3117099999999997,15,3466,6,6,6-2-3-2-2-3-4-5-6,13547,13517,441,288,20
descendant,1,d52,0x62ae49abea18c3bf2d4eb301cea6f5cc8,3,5,4,solved,True,0.29305999999999877,15,3466,6,6,6-2-3-2-2-2-3-4-5-6,13225,13195,431,283,20
descendant,1,d227,0x2e613bc8778a0d73245609465a031c716,3,4,3,solved,True,0.07120999999999889,12,1061,6,6,6-2-3-2-2-3-4-5-6,4440,4422,336,235,17
descendant,1,d166,0x1759e17144a253114d8383811b000df63,3,5,3,solved,True,0.28176299999999976,15,3466,6,6,6-2-3-2-2-3-4-5-6,15168,15138,450,301,20
descendant,1,d138,0x11e5a601d7acc53b58f3e174eaf2cc403,3,5,2,solved,True,0.2766529999999978,15,3466,6,6,6-2-3-2-2-3-4-5-6,14258,14228,443,293,20
descendant,0,d257,0x28b1c177268e3c6110c268f0efdd3cece,3,5,1,solved,True,0.28570399999999907,15,3466,6,6,6-2-3-3-2-3-4-5-6,14455,14425,583,423,20
descendant,1,d71,0x112ac2dcb4366ab589479f8be934e6f93,3,5,3,solved,True,0.2621360000000017,15,3466,6,6,6-2-3-3-2-3-4-5-6,14286,14256,579,420,20
descendant,1,d85,0x521634e1195c62fbebdbbc62e7e3de8df,3,4,1,solved,True,0.0670130000000011,12,1061,6,6,6-2-3-3-2-3-4-5-6,4205,4187,398,294,17
random,,r32,0x13660c9d070543bce43b933f85c1a1816,3,4,1,solved,True,0.06951500000000088,12,1061,6,6,6-2-3-2-3-4-5-6,4198,4180,330,231,17
descendant,1,d199,0xf3be1caa95cb497917b9e131862e6fbd,3,4,1,solved,True,0.06805600000000034,12,1061,6,6,6-2-3-2-3-2-3-4-5-6,4487,4469,363,262,17
random,,r0,0x820c33d3c516171b5f58d8c050c05c5b,3,5,1,solved,True,0.2804739999999999,15,3466,6,6,6-2-3-3-2-3-4-5-6,15566,15536,592,433,20
descendant,0,d77,0x35111962dbd84377113e28c969a80c3a4,3,4,4,solved,True,0.06409700000000029,12,1061,6,6,6-2-3-2-2-3-4-5-6,4197,4180,325,230,17
descendant,1,d240,0x5438ba06e14c74e998373466a491bf47b,3,4,4,solved,True,0.07109600000000071,12,1061,6,6,6-2-3-2-3-4-5-6,4633,4615,339,240,17
descendant,0,d69,0x49d06671fce2974f3f7c4b57ac263a037,3,4,3,solved,True,0.0693609999999989,12,1061,6,6,6-2-3-3-2-3-4-5-6,4233,4215,397,294,17
descendant,1,d91,0x77a59fa1ec12e7df8655dd995dec5bef2,3,5,2,solved,True,0.2826069999999987,15,3466,6,6,6-2-3-2-2-3-4-5-6,13457,13427,434,283,20
descendant,1,d123,0x1ca05b9628bda070c6e1981acf88bdc35,3,4,1,solved,True,0.07818899999999829,12,1061,6,6,6-2-3-2-2-3-4-5-6,4793,4775,338,238,17
descendant,1,d253,0x5145b780bee05e43a87a5392935996539,3,4,4,solved,True,0.0768550000000019,12,1061,6,6,6-2-3-2-3-4-5-6,4623,4605,341,240,17
descendant,0,d8,0x3b6646f40bb8585bd29898f087d04aaa2,3,5,2,solved,True,0.2952049999999993,15,3466,6,6,6-2-3-3-2-3-4-5-6,13256,13226,575,417,20
descendant,0,d41,0x11254be458763df1497f7eceb9b73c56b,3,4,1,solved,True,0.06664199999999987,12,1061,6,6,6-2-3-2-2-3-4-5-6,4230,4212,330,231,17
random,,r21,0x4d4c870d513017a31a0bc4f966ea8965b,3,5,1,solved,True,0.2985559999999996,15,3466,6,6,6-2-3-2-2-3-4-5-6,15695,15665,452,299,20
descendant,0,d49,0x73e8cc09e3496e8ad78bb3b46c1751126,3,5,4,solved,True,0.276546999999999,15,3466,6,6,6-2-3-2-2-3-4-5-6,14306,14276,443,293,20
descendant,1,d117,0xc3fba0ce2cceeb15eac58c76061f5329,3,4,2,solved,True,0.07108700000000034,12,1061,6,6,6-2-3-2-3-4-5-6,4629,4611,340,240,17
descendant,0,d65,0x78b05fd79fa0a76be42333888ec90d7ca,3,4,4,solved,True,0.07812499999999822,12,1061,6,6,6-2-3-2-2-3-4-5-6,4211,4193,331,231,17
descendant,1,d223,0x7f59881f65b46784928483fc532a92ca2,3,5,3,solved,True,0.2719000000000005,15,3466,6,6,6-2-3-2-3-2-3-4-5-6,13233,13203,522,369,20
random,,r5,0x57d2f5a17fa44525671162d58f74a9fe6,3,4,4,solved,True,0.08491500000000052,12,1061,6,6,6-2-3-2-3-4-5-6,4606,4588,342,240,17
descendant,1,d159,0x7734d104e2ae353b2a9a15cc93e4e26e2,3,5,3,solved,True,0.2776360000000011,15,3466,6,6,6-2-3-2-3-2-3-4-5-6,13227,13197,521,369,20
descendant,1,d19,0x2a911d75f664c9aa5ea884f6a43d404ea,3,5,4,solved,True,0.25591200000000036,15,3466,6,6,6-2-3-2-2-3-4-5-6,14952,14922,448,301,20
descendant,1,d230,0x33804ac2d6f98bb4947ddda6f5532523e,3,4,1,solved,True,0.07232800000000061,12,1061,6,6,6-2-3-2-3-4-5-6,5025,5007,344,243,17
random,,r18,0x30054085902972ca948229e2be0afae5a,3,4,3,solved,True,0.07214199999999948,12,1061,6,6,6-2-3-2-3-4-5-6,4210,4192,331,231,17
descendant,0,d66,0x710351313dbb97511f377b21f0b7e015c,3,4,4,solved,True,0.06937999999999889,12,1061,6,6,6-2-3-2-3-4-5-6,4461,4443,335,235,17
descendant,1,d30,0x76380792d43b1dbb8f81b33d0279557ee,3,5,3,solved,True,0.28391700000000064,15,3466,6,6,6-2-3-3-2-3-4-5-6,13299,13269,568,413,20
E0,,E0,0x1,3,5,57,solved,True,0.27647699999999986,15,3436,6,6,6-2-3-3-2-3-4-5-6,13268,13238,604,437,20
descendant,1,d60,0x2f19d882161a586fe5dcf491ce6055114,3,5,3,solved,True,0.2855789999999985,15,3466,6,6,6-2-3-2-3-2-3-4-5-6,13483,13453,520,369,20
descendant,0,d82,0x455dcf9b6baf55904fcddf7add088312b,3,5,1,solved,True,0.2791899999999998,15,3466,6,6,6-2-3-3-2-3-4-5-6,14462,14432,582,423,20
descendant,1,d107,0x1e1c60e485ca18e811e59d7a38ab556d3,3,4,1,solved,True,0.07907399999999853,12,1061,6,6,6-2-3-2-2-3-4-5-6,4274,4256,332,231,17
descendant,1,d76,0x7fb7abef5d088e70bff2b2264ca09f8cc,3,5,1,solved,True,0.2630379999999999,15,3466,6,6,6-2-3-2-3-2-3-4-5-6,13768,13738,523,369,20
descendant,0,d14,0x6d1293ed7a6e90cef0292851db18baa38,3,4,3,solved,True,0.0851690000000005,12,1061,6,6,6-2-3-2-3-4-5-6,4210,4192,331,231,17
random,,r0,0x820c33d3c516171b5f58d8c050c05c5b,3,5,2,solved,True,0.2732310000000009,15,3466,6,6,6-2-3-3-2-3-4-5-6,14466,14436,582,423,20
random,,r10,0x3c4dd28efe34d6468bb457da9023f13ef,3,5,4,solved,True,0.2876279999999998,15,3466,6,6,6-2-3-3-2-3-4-5-6,14099,14069,584,425,20
E0,,E0,0x1,3,5,74,solved,True,0.281270000000001,15,3436,6,6,6-2-3-2-2-3-2-3-4-5-6,14675,14645,616,448,20
random,,r39,0x17f6c1f4e6a18e32e97b46fcc519c19ca,3,4,3,solved,True,0.07345600000000196,12,1061,6,6,6-2-3-2-3-4-5-6,4628,4610,339,240,17
descendant,1,d39,0x3c78dedcf68e2e98f70c556392ccec84a,3,4,2,solved,True,0.0701450000000019,12,1061,6,6,6-2-3-3-2-3-4-5-6,4728,4710,397,294,17
descendant,0,d249,0x61aeef6ef85ff4a68818d4d0aa03567ea,3,4,3,solved,True,0.0749000000000013,12,1061,6,6,6-2-3-3-2-3-4-5-6,4714,4696,397,294,17
E0,,E0,0x1,3,5,22,solved,True,0.27131499999999953,15,3436,6,6,6-2-3-2-3-2-3-4-5-6,12927,12897,574,415,20
descendant,0,d187,0x73e3352312fe23aa3df7bc1387bd0f90e,3,4,2,solved,True,0.06506400000000134,12,1061,6,6,6-2-3-2-3-4-5-6,4217,4199,327,231,17
random,,r16,0x2ccdb1f2f7e0e0618f895376df6fc0f2f,3,4,4,solved,True,0.06648899999999891,12,1061,6,6,6-2-3-3-2-3-4-5-6,4458,4440,400,297,17
descendant,0,d74,0x2cf415e1766477ef5e5333ed06afc98d6,3,5,2,solved,True,0.2978529999999999,15,3466,6,6,6-2-3-2-2-3-4-5-6,14346,14316,443,293,20
random,,r30,0x180d79ef8ffbb8c736b044cd1f23e5147,3,4,1,solved,True,0.074209999999999,12,1061,6,6,6-2-3-2-3-4-5-6,5028,5010,343,243,17
descendant,1,d120,0x2f9433432d037272266e032fffaaf89aa,3,4,2,solved,True,0.07162600000000019,12,1061,6,6,6-2-3-2-2-3-4-5-6,4757,4739,338,238,17
descendant,1,d89,0x367d8673783c2f4673a447a4ed5269516,3,4,4,solved,True,0.07060100000000169,12,1061,6,6,6-2-3-2-3-4-5-6,4642,4624,340,240,17
descendant,1,d47,0x260f9f8f3f79f7086acab2a71f18a1e02,3,5,2,solved,True,0.27975199999999845,15,3466,6,6,6-2-3-2-3-2-3-4-5-6,14411,14381,527,373,20
descendant,0,d261,0x184c28af14000136d0051c59203a1e0f5,3,5,2,solved,True,0.2819149999999997,15,3466,6,6,6-2-3-2-3-4-5-6,14858,14828,454,305,20
descendant,0,d145,0x5c7d9e1810ff3dcb66944c37d53c3e765,3,4,2,solved,True,0.0762129999999992,12,1061,6,6,6-2-3-2-2-3-4-5-6,4247,4229,332,231,17
E0,,E0,0x1,3,4,78,solved,True,0.06838999999999906,12,1043,6,6,6-2-3-3-2-3-4-5-6,4216,4197,364,267,17
descendant,1,d230,0x33804ac2d6f98bb4947ddda6f5532523e,3,4,2,solved,True,0.07636600000000016,12,1061,6,6,6-2-3-2-2-3-4-5-6,5150,5132,348,248,17
descendant,0,d99,0x5f3d085e99edc7c4a2d95fca485a75af1,3,5,2,solved,True,0.2948710000000023,15,3466,6,6,6-2-3-2-3-2-3-4-5-6,14825,14795,497,346,20
descendant,1,d127,0x69e71437e6d7cbd4e1fcdbc13bd0ec89,3,5,2,solved,True,0.3218689999999995,15,3466,6,6,6-2-3-2-3-4-5-6,14942,14912,450,301,20
descendant,1,d84,0x6e0be5e9f6818112b00a4841f809a1d9e,3,5,2,solved,True,0.2803950000000004,15,3466,6,6,6-2-3-2-2-3-4-5-6,13291,13261,434,283,20
descendant,1,d91,0x77a59fa1ec12e7df8655dd995dec5bef2,3,5,4,solved,True,0.28246400000000094,15,3466,6,6,6-2-3-2-3-2-3-4-5-6,13744,13714,523,369,20
descendant,1,d91,0x77a59fa1ec12e7df8655dd995dec5bef2,3,4,1,solved,True,0.07326199999999972,12,1061,6,6,6-2-3-3-2-3-4-5-6,4728,4710,398,294,17
descendant,0,d112,0x1994e3603f97ef024ee05440540a67bc7,3,5,3,solved,True,0.27750699999999817,15,3466,6,6,6-2-3-3-2-3-4-5-6,13299,13269,573,413,20
descendant,0,d257,0x28b1c177268e3c6110c268f0efdd3cece,3,4,1,solved,True,0.07352699999999857,12,1061,6,6,6-2-3-2-2-3-4-5-6,4793,4775,337,238,17
descendant,1,d72,0x4d3b1d9ee79e96a369d10edd1823f9f05,3,4,2,solved,True,0.07702400000000154,12,1061,6,6,6-2-3-3-2-3-4-5-6,4458,4440,400,297,17
descendant,0,d137,0xa9a6abd86871900d7522445f88eb3041,3,4,4,solved,True,0.07515499999999875,12,1061,6,6,6-2-3-2-3-4-5-6,4625,4607,341,240,17
descendant,0,d8,0x3b6646f40bb8585bd29898f087d04aaa2,3,4,1,solved,True,0.06965800000000044,12,1061,6,6,6-2-3-3-2-3-4-5-6,4724,4706,398,294,17
descendant,0,d112,0x1994e3603f97ef024ee05440540a67bc7,3,5,1,solved,True,0.2837600000000009,15,3466,6,6,6-2-3-2-3-2-3-4-5-6,14526,14496,534,378,20
descendant,0,d68,0x3fe369f302d9da1afecabdbe0fd5caa7a,3,5,3,solved,True,0.2974249999999987,15,3466,6,6,6-2-3-2-3-2-3-4-5-6,13227,13197,522,369,20
descendant,0,d25,0x67cc5b712def5cd3ed463983f4bbfd1fc,3,5,2,solved,True,0.26422799999999924,15,3466,6,6,6-2-3-2-2-3-4-5-6,13490,13460,434,283,20
descendant,1,d34,0x4ccd3eb998bd563dec81902c927ba27b1,3,4,2,solved,True,0.0636309999999991,12,1061,6,6,6-2-3-2-3-4-5-6,4217,4199,331,231,17
random,,r25,0x1a67be1095d6dd2e0cfc9ce7df923cbbb,3,4,2,solved,True,0.06806899999999771,12,1061,6,6,6-2-3-3-2-3-4-5-6,4728,4710,397,294,17
descendant,0,d126,0x2cacb70dc47e5b9a6349c787b5c32bcfa,3,5,1,solved,True,0.3057920000000003,15,3466,6,6,6-2-3-2-3-2-3-4-5-6,13765,13735,524,369,20
E0,,E0,0x1,3,4,36,solved,True,0.07498600000000089,12,1043,6,6,6-2-3-3-3-3-4-3-3-3-4-5-2-2-3-6,5293,5274,777,621,17
descendant,1,d190,0x5f45884e703f81e86996cccf0a8c14659,3,5,3,solved,True,0.31770800000000143,15,3466,6,6,6-2-3-2-2-2-3-4-5-6,13768,13738,434,283,20
descendant,1,d122,0x6e6d2f8eef1aeb976397ba9770acbf436,3,4,1,solved,True,0.07345299999999888,12,1061,6,6,6-2-3-2-2-3-4-5-6,4783,4765,338,238,17
descendant,0,d258,0x370c6fa8b5d187828b6e9524b4ddd2bf,3,4,2,solved,True,0.0790000000000024,12,1061,6,6,6-2-3-2-3-4-5-6,4203,4185,331,231,17
descendant,0,d105,0x16757ef5aeaa0592f69ecd0e05d2727c1,3,5,4,solved,True,0.2998069999999995,15,3466,6,6,6-2-3-2-2-3-4-5-6,15513,15483,462,311,20
random,,r18,0x30054085902972ca948229e2be0afae5a,3,5,1,solved,True,0.2608440000000005,15,3466,6,6,6-2-3-2-2-3-4-5-6,14384,14354,443,293,20
descendant,0,d55,0x1563f9161eef2c9011a70c492782a707b,3,4,3,solved,True,0.07234799999999986,12,1061,6,6,6-2-3-3-2-3-4-5-6,4223,4205,399,294,17
random,,r37,0x4ce67bee4ade9092fcb54c378868d6f66,3,4,2,solved,True,0.07581499999999863,12,1061,6,6,6-2-3-2-2-3-4-5-6,4239,4221,329,231,17
descendant,1,d72,0x4d3b1d9ee79e96a369d10edd1823f9f05,3,5,2,solved,True,0.29236299999999993,15,3466,6,6,6-2-3-2-3-2-3-4-5-6,13207,13177,523,369,20
descendant,0,d143,0x629c3e04d9c9920d0562093e9e93e2892,3,4,2,solved,True,0.06858200000000103,12,1061,6,6,6-2-3-2-3-4-5-6,4217,4199,329,231,17
random,,r9,0xbcbc4456bdb91df8d0c788266f072be3,3,5,1,solved,True,0.2680790000000002,15,3466,6,6,6-2-3-3-2-3-4-5-6,15504,15474,592,433,20
random,,r32,0x13660c9d070543bce43b933f85c1a1816,3,4,2,solved,True,0.07475899999999847,12,1061,6,6,6-2-3-3-2-3-4-5-6,4234,4216,398,294,17
descendant,0,d193,0x3613dae75f27455877c5ff6325ef7002a,3,5,4,solved,True,0.29332200000000164,15,3466,6,6,6-2-3-2-2-2-3-4-5-6,13207,13177,434,283,20
descendant,0,d174,0x5db654363927d10d6771bbfe235a4245d,3,5,1,solved,True,0.28198599999999985,15,3466,6,6,6-2-3-2-2-3-4-5-6,14383,14353,442,293,20
descendant,0,d211,0x1581f324b9e850f34ce478a3c6a23a449,3,4,4,solved,True,0.06762599999999885,12,1061,6,6,6-2-3-2-3-4-5-6,4619,4601,341,240,17
descendant,1,d166,0x1759e17144a253114d8383811b000df63,3,4,1,solved,True,0.07223600000000019,12,1061,6,6,6-2-3-2-2-3-4-5-6,4477,4459,335,235,17
descendant,0,d46,0x4b2f5a6a9f200e2ac4fddf1fce4666629,3,4,4,solved,True,0.07382300000000086,12,1061,6,6,6-2-3-2-3-4-5-6,4615,4597,340,240,17
descendant,1,d236,0x9581dc3d7b73f42601641f2d5d75927d,3,4,3,solved,True,0.07073600000000191,12,1061,6,6,6-2-3-3-2-3-4-5-6,4233,4215,398,294,17
descendant,0,d31,0x4b1b29aee3f459f4bcd186dc352d0372b,3,4,1,solved,True,0.07250600000000063,12,1061,6,6,6-2-3-2-2-3-4-5-6,4280,4262,331,231,17
random,,r10,0x3c4dd28efe34d6468bb457da9023f13ef,3,4,4,solved,True,0.06982899999999859,12,1061,6,6,6-2-3-2-3-4-5-6,4630,4612,339,240,17
descendant,0,d75,0x588cdbe30c37d9547410df815a02110fb,3,5,4,solved,True,0.26421599999999934,15,3466,6,6,6-2-3-2-3-2-3-4-5-6,14924,14894,535,381,20
descendant,1,d72,0x4d3b1d9ee79e96a369d10edd1823f9f05,3,4,3,solved,True,0.07038999999999973,12,1061,6,6,6-2-3-2-2-3-4-5-6,4750,4732,339,238,17
descendant,0,d177,0x7c141cdbe2d6a4df286f268ecc455da3e,3,4,1,solved,True,0.06847199999999809,12,1061,6,6,6-2-3-3-2-3-4-5-6,4235,4217,399,294,17
descendant,1,d141,0x1d905d916248f4d5b99bffb706fccae9f,3,4,4,solved,True,0.07068899999999978,12,1061,6,6,6-2-3-2-3-4-5-6,4625,4607,339,240,17
descendant,1,d252,0xe43fb0fe777efe51039f44e71025f65f,3,4,2,solved,True,0.07811000000000234,12,1061,6,6,6-2-3-3-2-3-4-5-6,4743,4725,397,294,17
descendant,0,d8,0x3b6646f40bb8585bd29898f087d04aaa2,3,4,4,solved,True,0.06805300000000081,12,1061,6,6,6-2-3-2-3-2-3-4-5-6,5023,5005,373,272,17
descendant,0,d75,0x588cdbe30c37d9547410df815a02110fb,3,4,2,solved,True,0.07480999999999938,12,1061,6,6,6-2-3-3-2-3-4-5-6,4234,4216,399,294,17
descendant,0,d109,0x2b24f66ea95ae86e2f6bf59345edf6bd6,3,4,4,solved,True,0.07441999999999815,12,1061,6,6,6-2-3-2-3-2-3-4-5-6,4454,4436,363,262,17
E0,,E0,0x1,3,5,28,solved,True,0.34488499999999966,15,3436,6,6,6-2-3-3-4-4-4-3-3-3-4-5-2-3-2-3-4-6,15030,15012,2584,2096,22
random,,r17,0x32b640c1bba37107df49617b5077ca29b,3,4,4,solved,True,0.07231300000000118,12,1061,6,6,6-2-3-2-2-3-4-5-6,4223,4205,329,231,17
descendant,1,d9,0x1235e6bb63c0ae62d2ad06c66f0075dd1,3,5,1,solved,True,0.29580100000000087,15,3466,6,6,6-2-3-2-3-2-3-4-5-6,13748,13718,523,369,20
E0,,E0,0x1,3,5,27,solved,True,0.2875280000000018,15,3436,6,6,6-2-3-3-3-2-2-3-4-5-6,15693,15663,661,434,20
descendant,0,d132,0x66be1b1e0c8ac87b7df12d81a076d24c8,3,4,1,solved,True,0.07101100000000038,12,1061,6,6,6-2-3-3-2-3-4-5-6,4234,4216,398,294,17
descendant,1,d221,0x1c70789724f0da89c0a636792b2d9d101,3,4,4,solved,True,0.06823900000000194,12,1061,6,6,6-2-3-2-3-4-5-6,4619,4601,339,240,17
descendant,0,d86,0x2407f5a189084bee8284bcec49dc97dda,3,4,1,solved,True,0.07519399999999976,12,1061,6,6,6-2-3-3-2-3-4-5-6,4753,4735,398,294,17
descendant,1,d224,0xc4ac85375f72fc79e95084d34d4c31cd,3,5,3,solved,True,0.28931299999999993,15,3466,6,6,6-2-3-2-2-3-4-5-6,14998,14968,450,301,20
descendant,1,d194,0x77160635e989a07d009776db14fef7a7a,3,4,1,solved,True,0.0746469999999988,12,1061,6,6,6-2-3-3-2-3-4-5-6,4753,4735,399,294,17
descendant,0,d175,0x692a771f8f3fa6b2d0fa10aa1f61f4334,3,5,3,solved,True,0.30582399999999943,15,3466,6,6,6-2-3-2-3-2-3-4-5-6,14933,14903,535,381,20
descendant,1,d214,0x501aa57af4679d98c4318041493aef709,3,5,1,solved,True,0.29715699999999856,15,3466,6,6,6-2-3-2-2-3-4-5-6,14383,14353,443,293,20
descendant,0,d256,0xbb969cbaa0877655284db88fa983010d,3,4,4,solved,True,0.0763499999999997,12,1061,6,6,6-2-3-2-3-4-5-6,4633,4615,341,240,17
descendant,0,d99,0x5f3d085e99edc7c4a2d95fca485a75af1,3,4,2,solved,True,0.08038899999999849,12,1061,6,6,6-2-3-3-2-3-4-5-6,4202,4184,398,294,17
descendant,1,d190,0x5f45884e703f81e86996cccf0a8c14659,3,4,4,solved,True,0.08126999999999995,12,1061,6,6,6-2-3-2-3-4-5-6,4625,4607,340,240,17
descendant,0,d168,0x38e96ec5419519eb1b1b583429e4a4574,3,4,1,solved,True,0.07412400000000119,12,1061,6,6,6-2-3-2-3-4-5-6,5014,4996,344,243,17
E0,,E0,0x1,3,5,51,solved,True,0.27934500000000106,15,3436,6,6,6-2-3-2-2-3-2-3-4-5-6,13100,13070,513,364,20
descendant,1,d81,0x12ea4ec43439524172de0ad354a6c5941,3,4,3,solved,True,0.07499799999999901,12,1061,6,6,6-2-3-2-3-4-5-6,4225,4207,330,231,17
descendant,1,d195,0x4c19c43afe8b10ad1c4b9aa0c35f8fcc3,3,5,1,solved,True,0.29936399999999885,15,3466,6,6,6-2-3-2-2-3-4-5-6,15726,15696,451,299,20
E0,,E0,0x1,3,5,79,solved,True,0.2836810000000014,15,3436,6,6,6-2-3-3-3-2-3-2-2-3-4-5-6,15142,15112,738,509,20
descendant,0,d74,0x2cf415e1766477ef5e5333ed06afc98d6,3,5,1,solved,True,0.3019590000000001,15,3466,6,6,6-2-3-2-2-3-4-5-6,13249,13219,433,283,20
random,,r16,0x2ccdb1f2f7e0e0618f895376df6fc0f2f,3,4,3,solved,True,0.07464799999999983,12,1061,6,6,6-2-3-2-3-4-5-6,4477,4459,336,235,17
descendant,0,d63,0x497ecc75314c41f72cd92399ce7c421ed,3,5,4,solved,True,0.29284,15,3466,6,6,6-2-3-2-3-2-3-4-5-6,14925,14895,535,381,20
random,,r2,0x490a6e586591c9fb91f8938a1e54b0b8a,3,4,4,solved,True,0.06951799999999864,12,1061,6,6,6-2-3-2-2-3-4-5-6,4241,4223,333,231,17
random,,r2,0x490a6e586591c9fb91f8938a1e54b0b8a,3,5,3,solved,True,0.2772950000000005,15,3466,6,6,6-2-3-2-3-2-3-4-5-6,13227,13197,523,369,20
descendant,1,d117,0xc3fba0ce2cceeb15eac58c76061f5329,3,4,4,solved,True,0.07155099999999948,12,1061,6,6,6-2-3-2-3-4-5-6,4622,4605,337,239,17
descendant,1,d209,0x53d636e33f1f10e6597bfb1937eb25ad5,3,5,3,solved,True,0.30773700000000126,15,3466,6,6,6-2-3-2-2-3-4-5-6,13510,13480,433,283,20
descendant,1,d230,0x33804ac2d6f98bb4947ddda6f5532523e,3,5,1,solved,True,0.2825950000000006,15,3466,6,6,6-2-3-2-3-2-3-4-5-6,13509,13479,522,369,20
descendant,1,d141,0x1d905d916248f4d5b99bffb706fccae9f,3,4,2,solved,True,0.06947399999999959,12,1061,6,6,6-2-3-3-2-3-4-5-6,4728,4710,397,294,17
descendant,1,d180,0x1e7d56fa1e94716a29fd4c6e079432427,3,5,3,solved,True,0.30441500000000055,15,3466,6,6,6-2-3-3-2-3-4-5-6,14155,14125,584,425,20
descendant,0,d201,0x5be8944d433669e6e1d91f80af0203097,3,5,4,solved,True,0.3025639999999985,15,3466,6,6,6-2-3-2-2-3-4-5-6,14892,14862,452,301,20
descendant,0,d185,0x5a4e7d16ce77472dec7477e78fbf9905b,3,4,2,solved,True,0.0736920000000012,12,1061,6,6,6-2-3-2-2-3-4-5-6,5125,5107,347,248,17
descendant,0,d185,0x5a4e7d16ce77472dec7477e78fbf9905b,3,5,4,solved,True,0.2893319999999999,15,3466,6,6,6-2-3-2-2-3-4-5-6,16315,16285,445,295,20
descendant,1,d76,0x7fb7abef5d088e70bff2b2264ca09f8cc,3,5,3,solved,True,0.29991000000000057,15,3466,6,6,6-2-3-2-3-2-3-4-5-6,14932,14902,539,384,20
E0,,E0,0x1,3,4,42,solved,True,0.07226600000000083,12,1043,6,6,6-2-3-2-3-2-3-4-5-6,4353,4334,347,243,17
descendant,1,d102,0x7200cf2ff4d279ce096e5dba8b281d236,3,4,2,solved,True,0.07668399999999842,12,1061,6,6,6-2-3-2-2-3-4-5-6,5147,5129,349,248,17
descendant,0,d222,0x1b9b6a54a2b4db0634c71eb2d65d3a5d5,3,4,2,solved,True,0.07526100000000113,12,1061,6,6,6-2-3-2-2-3-4-5-6,5150,5132,347,248,17
random,,r26,0x513835c8bc81a770bc62c6fb3425b721e,3,4,4,solved,True,0.06993399999999994,12,1061,6,6,6-2-3-2-3-4-5-6,4598,4580,342,240,17
random,,r25,0x1a67be1095d6dd2e0cfc9ce7df923cbbb,3,5,1,solved,True,0.2736489999999989,15,3466,6,6,6-2-3-2-3-2-3-4-5-6,16239,16209,534,382,20
random,,r6,0x8b4ac10d3930cd0ef2535de93352dee3,3,4,1,solved,True,0.07280399999999965,12,1061,6,6,6-2-3-2-2-3-4-5-6,4792,4774,336,238,17
descendant,1,d119,0x15ce9d4d971bf063c018cb2ac172e1699,3,4,4,solved,True,0.07199399999999834,12,1061,6,6,6-2-3-2-3-4-5-6,4625,4607,337,240,17
descendant,1,d76,0x7fb7abef5d088e70bff2b2264ca09f8cc,3,4,1,solved,True,0.07737499999999997,12,1061,6,6,6-2-3-3-2-3-4-5-6,4238,4220,397,294,17
descendant,1,d5,0x76315ddd75f560eb451bd6a21a52afe3a,3,5,2,solved,True,0.28471199999999897,15,3466,6,6,6-2-3-2-3-2-3-4-5-6,13755,13725,522,369,20
descendant,1,d115,0x1d26fc45a9f09b8d2f83e069e8549267f,3,4,4,solved,True,0.06869000000000014,12,1061,6,6,6-2-3-2-3-4-5-6,4622,4604,340,240,17
descendant,0,d173,0x6c47616f1280f94adc981b2965d460068,3,5,3,solved,True,0.2729020000000002,15,3466,6,6,6-2-3-3-2-3-4-5-6,15578,15548,593,433,20
descendant,0,d31,0x4b1b29aee3f459f4bcd186dc352d0372b,3,5,3,solved,True,0.31581300000000034,15,3466,6,6,6-2-3-2-3-2-3-4-5-6,14474,14444,526,372,20
descendant,0,d45,0x40bb9e1577a5e671bfd24982cff49b933,3,4,3,solved,True,0.07121300000000019,12,1061,6,6,6-2-3-3-2-3-4-5-6,4735,4717,397,294,17
descendant,1,d194,0x77160635e989a07d009776db14fef7a7a,3,4,4,solved,True,0.06733999999999973,12,1061,6,6,6-2-3-2-3-2-3-4-5-6,5023,5005,374,272,17
descendant,0,d239,0x68905d439cade3be5a153f42f8766b01c,3,5,1,solved,True,0.27049399999999935,15,3466,6,6,6-2-3-3-2-3-4-5-6,15492,15462,593,433,20
descendant,0,d109,0x2b24f66ea95ae86e2f6bf59345edf6bd6,3,5,3,solved,True,0.3007590000000011,15,3466,6,6,6-2-3-2-3-2-3-4-5-6,13194,13164,523,369,20
descendant,0,d82,0x455dcf9b6baf55904fcddf7add088312b,3,4,3,solved,True,0.07623399999999947,12,1061,6,6,6-2-3-3-2-3-4-5-6,4227,4209,398,294,17
descendant,1,d129,0x142bc9983801d5399f9f7a19881c1f6d,3,4,4,solved,True,0.06851299999999938,12,1061,6,6,6-2-3-2-2-3-4-5-6,5116,5099,342,247,17
descendant,1,d104,0x4df77d1a97b20dfb21192482f1cd7bd6d,3,4,1,solved,True,0.07514800000000221,12,1061,6,6,6-2-3-2-2-3-4-5-6,4787,4769,339,238,17
descendant,1,d146,0x73f7535c6e0b5b5c9d0b24b2809486a0e,3,4,1,solved,True,0.07259200000000021,12,1061,6,6,6-2-3-2-2-3-4-5-6,4791,4773,339,238,17
random,,r38,0x7c9c6d2352c2608a8e1ac55e2a08404a6,3,4,3,solved,True,0.08103300000000146,12,1061,6,6,6-2-3-3-2-3-4-5-6,4755,4737,398,294,17
descendant,0,d256,0xbb969cbaa0877655284db88fa983010d,3,5,2,solved,True,0.27776599999999974,15,3466,6,6,6-2-3-2-2-3-4-5-6,14289,14259,444,293,20
descendant,0,d100,0x5bfbcc3510ca0a9d591a1a066a729f6fd,3,5,4,solved,True,0.30753699999999995,15,3466,6,6,6-2-3-2-2-3-4-5-6,15511,15481,462,311,20
random,,r34,0x27183f6ce33848dde3948dcd3e643d623,3,5,1,solved,True,0.3042770000000008,15,3466,6,6,6-2-3-2-2-3-4-5-6,15719,15689,451,299,20
descendant,0,d228,0x6d20a8996fe80a6e006d15d8384fb540c,3,5,3,solved,True,0.2730640000000015,15,3466,6,6,6-2-3-2-3-2-3-4-5-6,14296,14266,528,373,20
descendant,0,d229,0x2439e5e8ce836a3b3b4c69b74af0a2938,3,4,1,solved,True,0.07601600000000097,12,1061,6,6,6-2-3-2-2-3-4-5-6,4793,4775,336,238,17
descendant,1,d236,0x9581dc3d7b73f42601641f2d5d75927d,3,5,4,solved,True,0.31357399999999913,15,3466,6,6,6-2-3-2-3-2-3-4-5-6,14964,14934,534,381,20
random,,r37,0x4ce67bee4ade9092fcb54c378868d6f66,3,5,1,solved,True,0.28467999999999805,15,3466,6,6,6-2-3-3-2-3-4-5-6,13244,13214,578,418,20
random,,r33,0x4abaedb2c606a04f40b4a938c050fd5ee,3,4,3,solved,True,0.0868669999999998,12,1061,6,6,6-2-3-2-3-4-5-6,4622,4604,339,240,17
random,,r19,0xf927f03ec08af50e561038de2624e156,3,5,3,solved,True,0.31554900000000075,15,3466,6,6,6-2-3-3-2-3-4-5-6,13305,13275,570,413,20
descendant,0,d7,0x5ce2bafcd949830ce62ec0235672883e9,3,5,3,solved,True,0.2911949999999983,15,3466,6,6,6-2-3-3-2-3-4-5-6,14277,14247,579,420,20
descendant,1,d154,0x67e7ce47a6ab0a6952374decd34902208,3,5,3,solved,True,0.3112819999999985,15,3466,6,6,6-2-3-2-3-2-3-4-5-6,13217,13187,524,369,20
descendant,1,d106,0x16971f8c50d977ad1a9887c8ec15c1615,3,5,2,solved,True,0.3040049999999983,15,3466,6,6,6-2-3-2-2-3-4-5-6,14370,14340,443,293,20
descendant,1,d83,0x62b4a3a40650f0529e2400d3eece5659a,3,4,2,solved,True,0.06929500000000033,12,1061,6,6,6-2-3-3-2-3-4-5-6,4228,4210,399,294,17
descendant,1,d17,0x5af8670acd2af76dce9608b01311d81af,3,5,1,solved,True,0.30913900000000183,15,3466,6,6,6-2-3-2-2-3-4-5-6,13397,13367,432,283,20
descendant,1,d124,0x15dbca5211d9ba2d338bb55c508f06c69,3,5,4,solved,True,0.2932199999999998,15,3466,6,6,6-2-3-2-3-2-3-4-5-6,14934,14904,532,381,20
descendant,1,d208,0x690f9adc941f9084e345e3f18c06d5ed,3,4,4,solved,True,0.07804000000000144,12,1061,6,6,6-2-3-2-3-4-5-6,4633,4615,341,240,17
descendant,1,d214,0x501aa57af4679d98c4318041493aef709,3,4,1,solved,True,0.07293400000000005,12,1061,6,6,6-2-3-3-2-3-4-5-6,4206,4188,397,294,17
random,,r8,0x534fd2b74bcd31e5ec9180f46977edf92,3,5,3,solved,True,0.2865339999999996,15,3466,6,6,6-2-3-2-2-3-4-5-6,14716,14686,440,289,20
descendant,0,d239,0x68905d439cade3be5a153f42f8766b01c,3,4,2,solved,True,0.08857999999999855,12,1061,6,6,6-2-3-3-2-3-4-5-6,4726,4708,397,294,17
descendant,0,d16,0x76e25cb26bddbb5a5c6117a0b88853294,3,5,4,solved,True,0.30113000000000056,15,3466,6,6,6-2-3-3-2-3-4-5-6,14413,14383,584,423,20
descendant,0,d66,0x710351313dbb97511f377b21f0b7e015c,3,4,1,solved,True,0.07946800000000032,12,1061,6,6,6-2-3-3-2-3-4-5-6,4728,4710,395,294,17
descendant,1,d44,0x17712105a1a917330c2e36631b0bf2477,3,4,2,solved,True,0.0687439999999988,12,1061,6,6,6-2-3-2-3-2-3-4-5-6,4468,4450,362,262,17
descendant,0,d126,0x2cacb70dc47e5b9a6349c787b5c32bcfa,3,4,2,solved,True,0.08173100000000133,12,1061,6,6,6-2-3-2-2-3-4-5-6,4236,4218,331,231,17
descendant,0,d235,0x48720f769953b071364d6cf5ee51d79d1,3,5,1,solved,True,0.29976800000000026,15,3466,6,6,6-2-3-2-2-3-4-5-6,14350,14320,445,293,20
descendant,1,d102,0x7200cf2ff4d279ce096e5dba8b281d236,3,5,3,solved,True,0.29117800000000216,15,3466,6,6,6-2-3-2-3-2-3-4-5-6,13226,13196,522,369,20
descendant,1,d225,0x641725bc746169a468daa4939c4cadd22,3,5,2,solved,True,0.3289409999999986,15,3466,6,6,6-2-3-3-2-3-4-5-6,13210,13180,579,417,20
descendant,0,d258,0x370c6fa8b5d187828b6e9524b4ddd2bf,3,5,4,solved,True,0.2881090000000004,15,3466,6,6,6-2-3-3-2-3-4-5-6,13256,13226,573,413,20
descendant,1,d259,0x6d46a1b88290e348d3116055c40d4b21e,3,5,1,solved,True,0.29781100000000116,15,3466,6,6,6-2-3-2-2-3-4-5-6,13449,13419,433,283,20
descendant,1,d182,0x33db101d94ca827f757e351001f0b87a6,3,4,2,solved,True,0.06991999999999976,12,1061,6,6,6-2-3-2-3-4-5-6,4217,4199,329,231,17
random,,r6,0x8b4ac10d3930cd0ef2535de93352dee3,3,5,4,solved,True,0.2766409999999979,15,3466,6,6,6-2-3-2-2-3-4-5-6,15049,15019,453,301,20
descendant,1,d17,0x5af8670acd2af76dce9608b01311d81af,3,5,4,solved,True,0.2756729999999994,15,3466,6,6,6-2-3-2-2-3-4-5-6,13409,13379,434,283,20
descendant,1,d153,0x346ba0b68f99e5ec6b9dafa57f0d311ba,3,4,2,solved,True,0.0724279999999986,12,1061,6,6,6-2-3-2-2-3-4-5-6,4789,4771,337,238,17
descendant,1,d17,0x5af8670acd2af76dce9608b01311d81af,3,4,4,solved,True,0.07138499999999937,12,1061,6,6,6-2-3-2-3-4-5-6,4625,4607,338,240,17
random,,r35,0x2b74588391ee3766abe909bc5e572f583,3,5,4,solved,True,0.3095789999999994,15,3466,6,6,6-2-3-2-3-2-3-4-5-6,14933,14903,535,381,20
descendant,0,d243,0xb41df04135dbd12d89cc1cd57e12d4f7,3,4,1,solved,True,0.07733100000000093,12,1061,6,6,6-2-3-2-3-2-3-4-5-6,5018,5000,372,272,17
descendant,1,d127,0x69e71437e6d7cbd4e1fcdbc13bd0ec89,3,4,3,solved,True,0.0772160000000035,12,1061,6,6,6-2-3-3-2-3-4-5-6,4233,4215,397,294,17
descendant,0,d8,0x3b6646f40bb8585bd29898f087d04aaa2,3,4,3,solved,True,0.06700799999999951,12,1061,6,6,6-2-3-2-2-3-4-5-6,4290,4272,332,231,17
E0,,E0,0x1,3,4,49,solved,True,0.06684399999999968,12,1043,6,6,6-2-3-2-3-2-3-4-5-6,4584,4565,414,288,17
descendant,0,d244,0x359360a49691c8a9c4c16a28eccc13dda,3,4,4,solved,True,0.07321400000000011,12,1061,6,6,6-2-3-2-3-2-3-4-5-6,4454,4436,364,262,17
random,,r37,0x4ce67bee4ade9092fcb54c378868d6f66,3,5,2,solved,True,0.2834000000000003,15,3466,6,6,6-2-3-2-2-3-4-5-6,13310,13280,433,283,20
descendant,1,d111,0x4d8262c03b2b0b4bd0e3de7f489167e1d,3,4,3,solved,True,0.07441399999999732,12,1061,6,6,6-2-3-2-2-3-4-5-6,4463,4445,335,235,17
descendant,1,d21,0xadada875c148325bf5339de87d1af447,3,5,1,solved,True,0.2699990000000021,15,3466,6,6,6-2-3-2-2-3-4-5-6,14697,14667,439,289,20
descendant,0,d63,0x497ecc75314c41f72cd92399ce7c421ed,3,4,4,solved,True,0.07527600000000056,12,1061,6,6,6-2-3-2-3-4-5-6,4633,4615,338,240,17
descendant,1,d18,0x289bcd46096a3b58450dd47e44342c9b,3,4,1,solved,True,0.07141299999999973,12,1061,6,6,6-2-3-2-2-3-4-5-6,4475,4457,335,235,17
random,,r32,0x13660c9d070543bce43b933f85c1a1816,3,5,2,solved,True,0.29135699999999964,15,3466,6,6,6-2-3-2-3-2-3-4-5-6,13213,13183,522,369,20
descendant,1,d124,0x15dbca5211d9ba2d338bb55c508f06c69,3,5,2,solved,True,0.28891300000000086,15,3466,6,6,6-2-3-2-2-3-4-5-6,14455,14425,438,289,20
descendant,0,d25,0x67cc5b712def5cd3ed463983f4bbfd1fc,3,4,1,solved,True,0.07101899999999972,12,1061,6,6,6-2-3-3-2-3-4-5-6,4727,4710,392,293,17
descendant,0,d186,0x3dba68d2d1db144f20fe0652052ae0350,3,4,1,solved,True,0.08101299999999867,12,1061,6,6,6-2-3-2-3-2-3-4-5-6,4489,4471,362,262,17
descendant,0,d80,0x12714bc33324078d5926b7cadb4f82a2b,3,4,4,solved,True,0.07622099999999854,12,1061,6,6,6-2-3-2-3-4-5-6,4633,4615,339,240,17
E0,,E0,0x1,3,5,32,solved,True,0.2991080000000004,15,3436,6,6,6-2-3-3-3-3-3-2-3-4-5-6,13537,13507,755,525,20
descendant,0,d248,0xc756e1ddb5f119ccfbc736687ea9d9ad,3,4,4,solved,True,0.07865499999999948,12,1061,6,6,6-2-3-2-2-3-4-5-6,5122,5104,347,248,17
descendant,1,d2,0x52dc359100c4cf6f6ff021f34d38a5abd,3,5,1,solved,True,0.29800999999999966,15,3466,6,6,6-2-3-2-2-3-4-5-6,14426,14396,438,289,20
random,,r2,0x490a6e586591c9fb91f8938a1e54b0b8a,3,4,1,solved,True,0.07744199999999779,12,1061,6,6,6-2-3-2-2-3-4-5-6,4239,4221,328,231,17
descendant,0,d75,0x588cdbe30c37d9547410df815a02110fb,3,5,1,solved,True,0.276605,15,3466,6,6,6-2-3-2-3-2-3-4-5-6,13199,13169,524,369,20
descendant,0,d232,0x56db1c7ced76f32ddbe5383de1a2b8f2f,3,5,2,solved,True,0.28362400000000143,15,3466,6,6,6-2-3-2-2-3-4-5-6,14924,14894,451,301,20
descendant,0,d235,0x48720f769953b071364d6cf5ee51d79d1,3,4,1,solved,True,0.07934600000000103,12,1061,6,6,6-2-3-3-2-3-4-5-6,4190,4172,400,294,17
descendant,0,d207,0x55eac751209601ca8754ed4089ed7c3bf,3,5,3,solved,True,0.2853640000000013,15,3466,6,6,6-2-3-2-3-2-3-4-5-6,14360,14330,529,373,20
random,,r1,0x663f611ae0458018c496d4a4d64951786,3,4,2,solved,True,0.07634700000000194,12,1061,6,6,6-2-3-2-3-4-5-6,4633,4615,338,240,17
descendant,0,d178,0x2c9787372de01833166562c539cbae02c,3,4,2,solved,True,0.07647599999999954,12,1061,6,6,6-2-3-2-2-3-4-5-6,4241,4223,331,231,17
descendant,0,d31,0x4b1b29aee3f459f4bcd186dc352d0372b,3,5,1,solved,True,0.3087430000000033,15,3466,6,6,6-2-3-3-2-3-4-5-6,14456,14426,584,423,20
descendant,1,d15,0x3ebf8a5e492fd2ec12dc99e23299fe124,3,4,2,solved,True,0.08264899999999997,12,1061,6,6,6-2-3-2-3-4-5-6,4214,4196,331,231,17
descendant,1,d125,0x6f9ec285d8991601bad5803fdac48a14c,3,4,3,solved,True,0.07001999999999953,12,1061,6,6,6-2-3-3-2-3-4-5-6,4747,4729,398,294,17
descendant,0,d74,0x2cf415e1766477ef5e5333ed06afc98d6,3,4,1,solved,True,0.07880999999999894,12,1061,6,6,6-2-3-2-2-3-4-5-6,4476,4458,334,235,17
descendant,0,d219,0x2bb98e98beee47dc4dac5c21dde510d9,3,4,4,solved,True,0.07224599999999626,12,1061,6,6,6-2-3-2-3-4-5-6,4625,4607,337,240,17
descendant,1,d21,0xadada875c148325bf5339de87d1af447,3,4,4,solved,True,0.07143900000000158,12,1061,6,6,6-2-3-2-3-4-5-6,4608,4590,341,240,17
descendant,0,d217,0x4a61b1d6894bdf065f2e8452518ba7929,3,4,2,solved,True,0.07524599999999992,12,1061,6,6,6-2-3-3-2-3-4-5-6,4202,4184,397,294,17
descendant,1,d71,0x112ac2dcb4366ab589479f8be934e6f93,3,4,1,solved,True,0.07602599999999882,12,1061,6,6,6-2-3-2-2-3-4-5-6,4278,4260,331,231,17
descendant,0,d202,0x395581209ce2b0a65125651ee71539026,3,5,4,solved,True,0.29034200000000254,15,3466,6,6,6-2-3-2-3-2-3-4-5-6,14942,14912,533,381,20
random,,r35,0x2b74588391ee3766abe909bc5e572f583,3,4,2,solved,True,0.08364500000000064,12,1061,6,6,6-2-3-2-2-3-4-5-6,4227,4209,330,231,17
descendant,0,d37,0x5621482622ef68231a3a01496c65aee5d,3,5,1,solved,True,0.28659199999999885,15,3466,6,6,6-2-3-2-2-3-4-5-6,14421,14391,439,289,20
descendant,0,d219,0x2bb98e98beee47dc4dac5c21dde510d9,3,4,2,solved,True,0.07322399999999973,12,1061,6,6,6-2-3-2-2-3-4-5-6,5148,5130,347,248,17
descendant,0,d143,0x629c3e04d9c9920d0562093e9e93e2892,3,4,3,solved,True,0.07279099999999872,12,1061,6,6,6-2-3-3-2-3-4-5-6,4756,4738,395,294,17
descendant,0,d130,0x473b886587d259f1598c51e253c2395b3,3,5,3,solved,True,0.3012460000000008,15,3466,6,6,6-2-3-2-3-2-3-4-5-6,14108,14078,527,372,20
descendant,0,d38,0x40fc2570132c44b84b8fe1e531eac5b1f,3,4,4,solved,True,0.07271400000000128,12,1061,6,6,6-2-3-2-3-4-5-6,4625,4607,339,240,17
random,,r26,0x513835c8bc81a770bc62c6fb3425b721e,3,5,2,solved,True,0.2944230000000001,15,3466,6,6,6-2-3-2-2-3-4-5-6,13487,13457,433,283,20
descendant,1,d48,0x469178f28f291f06dae284c0c8e07033b,3,5,3,solved,True,0.30190100000000086,15,3466,6,6,6-2-3-2-3-2-3-4-5-6,13222,13192,523,369,20
descendant,1,d154,0x67e7ce47a6ab0a6952374decd34902208,3,4,3,solved,True,0.0828540000000011,12,1061,6,6,6-2-3-2-2-3-4-5-6,4243,4225,332,231,17
descendant,1,d230,0x33804ac2d6f98bb4947ddda6f5532523e,3,5,4,solved,True,0.2817469999999993,15,3466,6,6,6-2-3-2-2-2-3-4-5-6,13222,13192,434,283,20
descendant,0,d250,0x8178f927f73e8a15ddf180e79fe764c9,3,4,1,solved,True,0.0675309999999989,12,1061,6,6,6-2-3-3-2-3-4-5-6,4205,4187,397,294,17
descendant,1,d106,0x16971f8c50d977ad1a9887c8ec15c1615,3,5,4,solved,True,0.29791900000000027,15,3466,6,6,6-2-3-2-2-3-4-5-6,16297,16267,446,295,20
random,,r22,0x1c109605f1137a32b7e925fa3d122d73e,3,5,4,solved,True,0.2941199999999995,15,3466,6,6,6-2-3-2-2-3-4-5-6,14907,14877,454,305,20
random,,r27,0x4d9d1a3a0f43e414dce5cedbb4223bfe,3,5,3,solved,True,0.30172999999999917,15,3466,6,6,6-2-3-2-3-2-3-4-5-6,14682,14652,529,373,20
E0,,E0,0x1,3,4,25,solved,True,0.07194199999999995,12,1043,6,6,6-2-3-3-2-3-4-5-6,3819,3800,313,222,17
random,,r35,0x2b74588391ee3766abe909bc5e572f583,3,4,1,solved,True,0.07124200000000158,12,1061,6,6,6-2-3-2-2-3-4-5-6,4235,4217,331,231,17
descendant,0,d110,0x3a679fc181d676d23a785c044985269e8,3,5,4,solved,True,0.2811810000000001,15,3466,6,6,6-2-3-2-3-2-3-4-5-6,14384,14354,477,326,20
descendant,1,d153,0x346ba0b68f99e5ec6b9dafa57f0d311ba,3,5,4,solved,True,0.2840340000000001,15,3466,6,6,6-2-3-3-2-3-4-5-6,14418,14388,583,423,20
descendant,0,d20,0x70ee59e58bd87a0ac65827c10cbf6d4b4,3,4,3,solved,True,0.07857199999999764,12,1061,6,6,6-2-3-2-3-4-5-6,4650,4632,339,240,17
descendant,0,d216,0x106ff1a099860bdcc3b55b1e4da480799,3,4,3,solved,True,0.07735699999999923,12,1061,6,6,6-2-3-2-3-4-5-6,4651,4633,341,240,17
descendant,1,d76,0x7fb7abef5d088e70bff2b2264ca09f8cc,3,5,2,solved,True,0.29482800000000253,15,3466,6,6,6-2-3-2-3-4-5-6,14949,14919,449,301,20
descendant,1,d121,0x93f2dda1165f5e8aacc5756cde1d20ed,3,5,4,solved,True,0.29366999999999877,15,3466,6,6,6-2-3-2-2-3-4-5-6,15064,15034,452,301,20
descendant,0,d189,0x42a1f19b9bc836a1efec12c5c3d2c8e51,3,5,1,solved,True,0.2812729999999988,15,3466,6,6,6-2-3-2-2-3-4-5-6,13254,13224,434,283,20
descendant,0,d25,0x67cc5b712def5cd3ed463983f4bbfd1fc,3,4,3,solved,True,0.07556400000000352,12,1061,6,6,6-2-3-2-3-4-5-6,4198,4180,331,231,17
descendant,1,d17,0x5af8670acd2af76dce9608b01311d81af,3,4,3,solved,True,0.06667699999999854,12,1061,6,6,6-2-3-2-3-4-5-6,4221,4203,329,231,17
descendant,1,d103,0x7daf41c59cc347af322f3eeb07d3de9ea,3,5,1,solved,True,0.313326,15,3466,6,6,6-2-3-3-2-3-4-5-6,13280,13250,585,422,20
descendant,1,d121,0x93f2dda1165f5e8aacc5756cde1d20ed,3,4,2,solved,True,0.07457100000000239,12,1061,6,6,6-2-3-2-2-3-4-5-6,5150,5132,348,248,17
descendant,1,d223,0x7f59881f65b46784928483fc532a92ca2,3,4,4,solved,True,0.07051699999999883,12,1061,6,6,6-2-3-2-3-4-5-6,4650,4632,341,240,17
descendant,1,d79,0x1e188b2f3f04871f4b035dae5eb59feab,3,5,2,solved,True,0.2883949999999995,15,3466,6,6,6-2-3-2-2-3-4-5-6,14263,14233,442,293,20
descendant,1,d180,0x1e7d56fa1e94716a29fd4c6e079432427,3,5,1,solved,True,0.29545699999999897,15,3466,6,6,6-2-3-2-2-3-4-5-6,14704,14674,440,289,20
descendant,0,d55,0x1563f9161eef2c9011a70c492782a707b,3,5,2,solved,True,0.27319200000000166,15,3466,6,6,6-2-3-2-2-3-4-5-6,14359,14329,443,293,20
descendant,1,d2,0x52dc359100c4cf6f6ff021f34d38a5abd,3,5,3,solved,True,0.29333700000000107,15,3466,6,6,6-2-3-2-3-2-3-4-5-6,14114,14084,524,372,20
random,,r9,0xbcbc4456bdb91df8d0c788266f072be3,3,4,4,solved,True,0.07063600000000037,12,1061,6,6,6-2-3-2-3-4-5-6,4626,4608,340,240,17
E0,,E0,0x1,3,4,38,solved,True,0.0707589999999989,12,1043,6,6,6-2-3-2-3-2-3-4-5-6,4662,4643,335,241,17
descendant,1,d163,0x57cf20cccd0d555c5f95c58ccda8fc4a7,3,5,1,solved,True,0.28106200000000214,15,3466,6,6,6-2-3-2-2-3-4-5-6,14709,14679,439,289,20
descendant,0,d187,0x73e3352312fe23aa3df7bc1387bd0f90e,3,4,1,solved,True,0.07543399999999778,12,1061,6,6,6-2-3-2-2-3-4-5-6,4784,4766,339,238,17
descendant,0,d249,0x61aeef6ef85ff4a68818d4d0aa03567ea,3,5,3,solved,True,0.2982459999999989,15,3466,6,6,6-2-3-2-3-2-3-4-5-6,14114,14084,524,372,20
descendant,1,d141,0x1d905d916248f4d5b99bffb706fccae9f,3,4,1,solved,True,0.06826099999999613,12,1061,6,6,6-2-3-2-2-3-4-5-6,4729,4711,340,238,17
descendant,1,d213,0x15a18d2e9ecf8109f0f06bc557f80398f,3,4,3,solved,True,0.0736900000000027,12,1061,6,6,6-2-3-3-2-3-4-5-6,4230,4212,394,294,17
descendant,1,d5,0x76315ddd75f560eb451bd6a21a52afe3a,3,4,1,solved,True,0.07207400000000064,12,1061,6,6,6-2-3-3-2-3-4-5-6,4755,4737,399,294,17
descendant,1,d101,0x7defc95597964352e85e6d26547e563f,3,4,3,solved,True,0.06968200000000024,12,1061,6,6,6-2-3-3-2-3-4-5-6,4224,4206,397,294,17
E0,,E0,0x1,3,5,44,solved,True,0.28677800000000175,15,3436,6,6,6-2-3-2-3-2-3-4-5-6,12851,12821,583,422,20
descendant,1,d115,0x1d26fc45a9f09b8d2f83e069e8549267f,3,5,2,solved,True,0.2914110000000001,15,3466,6,6,6-2-3-2-3-2-3-4-5-6,14558,14528,534,378,20
descendant,0,d175,0x692a771f8f3fa6b2d0fa10aa1f61f4334,3,5,2,solved,True,0.28630199999999917,15,3466,6,6,6-2-3-2-2-3-2-3-4-5-6,14355,14325,479,326,20
descendant,0,d232,0x56db1c7ced76f32ddbe5383de1a2b8f2f,3,4,3,solved,True,0.06972599999999929,12,1061,6,6,6-2-3-2-3-4-5-6,4633,4615,340,240,17
descendant,0,d67,0x5ad886fec50f02b8ab5fabfd00ecdb001,3,5,3,solved,True,0.28913299999999964,15,3466,6,6,6-2-3-2-2-3-4-5-6,13628,13598,440,288,20
descendant,1,d192,0x3e7b386a26013c81d84cea0f890897db8,3,4,3,solved,True,0.08232899999999788,12,1061,6,6,6-2-3-2-2-3-4-5-6,4241,4223,331,231,17
descendant,0,d160,0x6edf6cf25c3495625e3f83de43362a932,3,5,2,solved,True,0.27836100000000386,15,3466,6,6,6-2-3-2-2-3-4-5-6,14273,14243,444,293,20
descendant,0,d36,0x451b962e8e37e5267349c9f6aae91ea13,3,5,4,solved,True,0.2825570000000006,15,3466,6,6,6-2-3-2-3-2-3-4-5-6,16224,16194,537,382,20
descendant,1,d195,0x4c19c43afe8b10ad1c4b9aa0c35f8fcc3,3,4,1,solved,True,0.07521499999999648,12,1061,6,6,6-2-3-2-2-3-4-5-6,4475,4457,334,235,17
random,,r19,0xf927f03ec08af50e561038de2624e156,3,4,4,solved,True,0.07646500000000245,12,1061,6,6,6-2-3-2-3-4-5-6,4632,4614,341,240,17
descendant,0,d4,0x38a1549552e8ad1cc78b1295a7f14eac4,3,4,3,solved,True,0.07420399999999816,12,1061,6,6,6-2-3-2-2-3-4-5-6,4793,4775,337,238,17
E0,,E0,0x1,3,4,29,solved,True,0.07735100000000017,12,1043,6,6,6-2-3-3-2-3-4-5-6,4194,4175,365,267,17
random,,r17,0x32b640c1bba37107df49617b5077ca29b,3,5,1,solved,True,0.2768100000000011,15,3466,6,6,6-2-3-2-2-3-4-5-6,13451,13421,429,283,20
descendant,0,d248,0xc756e1ddb5f119ccfbc736687ea9d9ad,3,5,2,solved,True,0.29566299999999757,15,3466,6,6,6-2-3-2-2-3-4-5-6,13508,13478,430,283,20
descendant,0,d200,0x42635959679c428526fef4c7fa45ed8d5,3,4,4,solved,True,0.07587199999999683,12,1061,6,6,6-2-3-2-3-4-5-6,4633,4615,340,240,17
descendant,1,d44,0x17712105a1a917330c2e36631b0bf2477,3,5,3,solved,True,0.2764249999999997,15,3466,6,6,6-2-3-2-2-2-3-4-5-6,14565,14535,444,294,20
descendant,1,d259,0x6d46a1b88290e348d3116055c40d4b21e,3,5,2,solved,True,0.30291700000000077,15,3466,6,6,6-2-3-2-2-3-4-5-6,14358,14328,444,293,20
descendant,0,d181,0x67a9cb278d47eca3db9edf1d62c3ea42a,3,4,3,solved,True,0.06807900000000089,12,1061,6,6,6-2-3-2-3-4-5-6,4214,4196,332,231,17
descendant,1,d83,0x62b4a3a40650f0529e2400d3eece5659a,3,4,4,solved,True,0.07092499999999902,12,1061,6,6,6-2-3-2-3-4-5-6,4650,4632,338,240,17
descendant,0,d186,0x3dba68d2d1db144f20fe0652052ae0350,3,5,4,solved,True,0.2945840000000004,15,3466,6,6,6-2-3-2-2-2-3-4-5-6,13217,13187,434,283,20
descendant,1,d118,0x662a65f2587d8d4e1c80dd4bcbdffdba0,3,4,1,solved,True,0.07128900000000016,12,1061,6,6,6-2-3-2-2-3-4-5-6,4477,4459,336,235,17
descendant,0,d35,0x346ea84d1619dcf1d9f0728023cea89de,3,5,2,solved,True,0.2815150000000024,15,3466,6,6,6-2-3-2-2-3-4-5-6,14359,14329,443,293,20
random,,r14,0x4fd5edbf8fc086ce28aa87a3ec776f49e,3,5,4,solved,True,0.2783570000000033,15,3466,6,6,6-2-3-2-2-3-2-3-4-5-6,14394,14364,475,326,20
descendant,0,d200,0x42635959679c428526fef4c7fa45ed8d5,3,4,3,solved,True,0.07422700000000049,12,1061,6,6,6-2-3-3-2-3-4-5-6,4741,4723,398,294,17
random,,r4,0x5aed395528d9334d7b0db1091b2fccab3,3,4,4,solved,True,0.07865100000000069,12,1061,6,6,6-2-3-2-3-4-5-6,4633,4615,338,240,17
descendant,1,d171,0x6160c4d7681e3872568b87486e0ac852a,3,4,4,solved,True,0.07213599999999687,12,1061,6,6,6-2-3-2-2-3-4-5-6,4271,4253,331,231,17
descendant,0,d211,0x1581f324b9e850f34ce478a3c6a23a449,3,5,4,solved,True,0.28041999999999945,15,3466,6,6,6-2-3-2-2-3-4-5-6,15070,15040,450,301,20
random,,r38,0x7c9c6d2352c2608a8e1ac55e2a08404a6,3,4,4,solved,True,0.07366799999999785,12,1061,6,6,6-2-3-2-3-4-5-6,4633,4615,341,240,17
descendant,0,d200,0x42635959679c428526fef4c7fa45ed8d5,3,5,4,solved,True,0.277427000000003,15,3466,6,6,6-2-3-2-3-2-3-4-5-6,14934,14904,533,381,20
descendant,1,d208,0x690f9adc941f9084e345e3f18c06d5ed,3,5,1,solved,True,0.30279000000000167,15,3466,6,6,6-2-3-2-2-3-4-5-6,13436,13406,435,283,20
random,,r1,0x663f611ae0458018c496d4a4d64951786,3,5,3,solved,True,0.29020699999999877,15,3466,6,6,6-2-3-2-3-2-3-4-5-6,13233,13203,524,369,20
random,,r15,0x428b16566f49d70583495040a60feeb8b,3,4,1,solved,True,0.07135099999999994,12,1061,6,6,6-2-3-2-3-4-5-6,4633,4615,340,240,17
descendant,1,d58,0x5229515737573a5546f22f68949d2651d,3,5,3,solved,True,0.27095900000000483,15,3466,6,6,6-2-3-3-2-3-4-5-6,14440,14410,585,423,20
descendant,1,d210,0x4629681bbd7f5f6d22f01b3d433bb361,3,4,3,solved,True,0.07003799999999671,12,1061,6,6,6-2-3-3-2-3-4-5-6,4232,4214,398,294,17
descendant,0,d25,0x67cc5b712def5cd3ed463983f4bbfd1fc,3,5,1,solved,True,0.2947829999999989,15,3466,6,6,6-2-3-2-3-2-3-4-5-6,13181,13151,523,369,20
descendant,0,d26,0x4800e3f366f34256d3a0e9d83c733f723,3,4,2,solved,True,0.07521100000000303,12,1061,6,6,6-2-3-2-2-3-4-5-6,5129,5111,346,248,17
descendant,1,d158,0x6f514cabfdbec0ee57f5dcc4987dc83f0,3,5,4,solved,True,0.3022340000000021,15,3466,6,6,6-2-3-2-3-2-3-4-5-6,14939,14909,535,381,20
descendant,1,d131,0x5aec3bd9f85ce0f5ba815deed00bd4299,3,5,3,solved,True,0.3069720000000018,15,3466,6,6,6-2-3-2-3-2-3-4-5-6,13229,13199,524,369,20
random,,r11,0x6166d7f51a48315926f85cfc243b1340b,3,5,1,solved,True,0.2688899999999954,15,3466,6,6,6-2-3-2-2-3-4-5-6,14438,14408,439,289,20
descendant,1,d254,0x6737d2ee8492e7c8b943a0e1a26e6a046,3,5,3,solved,True,0.28035999999999817,15,3466,6,6,6-2-3-3-2-3-4-5-6,15559,15529,593,433,20
E0,,E0,0x1,3,4,22,solved,True,0.08100100000000054,12,1043,6,6,6-2-3-2-3-2-3-4-5-6,5103,5084,344,245,17
descendant,1,d70,0x1f89dd540b9b75905ab799dfe0c123771,3,4,4,solved,True,0.06935999999999964,12,1061,6,6,6-2-3-2-3-4-5-6,4625,4607,338,240,17
E0,,E0,0x1,3,4,27,solved,True,0.06591999999999842,12,1043,6,6,6-2-3-2-3-2-3-4-5-6,5104,5085,345,245,17
descendant,1,d11,0x1f3826f848cff1f6c9657117ef4ddd139,3,4,3,solved,True,0.07010899999999864,12,1061,6,6,6-2-3-3-2-3-4-5-6,4202,4188,385,290,17
random,,r12,0x2a6480a010e4cbacc6be41a6273edb5a,3,5,4,solved,True,0.28693600000000075,15,3466,6,6,6-2-3-3-2-3-4-5-6,14138,14108,583,425,20
descendant,0,d250,0x8178f927f73e8a15ddf180e79fe764c9,3,5,3,solved,True,0.2667780000000022,15,3466,6,6,6-2-3-2-3-2-3-4-5-6,13227,13197,520,369,20
descendant,1,d12,0x5c3fe6e2e934a8b041ddfe024314ef4f5,3,4,4,solved,True,0.07186899999999952,12,1061,6,6,6-2-3-2-2-3-4-5-6,5122,5104,348,248,17
descendant,0,d257,0x28b1c177268e3c6110c268f0efdd3cece,3,4,4,solved,True,0.07397599999999827,12,1061,6,6,6-2-3-2-3-4-5-6,4221,4203,332,231,17
descendant,1,d147,0x3248ef31f25d6830126239dd3fd7c593a,3,5,4,solved,True,0.28878800000000027,15,3466,6,6,6-2-3-2-3-2-3-4-5-6,14390,14360,477,326,20
descendant,1,d73,0x6c207545189a4d6a1a9a36f6ef83e6e40,3,4,3,solved,True,0.07535600000000287,12,1061,6,6,6-2-3-2-2-3-4-5-6,4456,4438,336,235,17
descendant,0,d234,0x25d7f81aeee3dbbbba7e1a86fe7b1cb46,3,5,3,solved,True,0.29816999999999894,15,3466,6,6,6-2-3-2-2-3-4-5-6,14422,14392,440,289,20
descendant,0,d145,0x5c7d9e1810ff3dcb66944c37d53c3e765,3,5,2,solved,True,0.30330800000000124,15,3466,6,6,6-2-3-2-2-3-4-5-6,14308,14278,443,293,20
random,,r15,0x428b16566f49d70583495040a60feeb8b,3,5,1,solved,True,0.3234919999999981,15,3466,6,6,6-2-3-3-2-3-4-5-6,14453,14423,583,423,20
descendant,1,d139,0x3f3a3c2426b89e5f111720f26746debb6,3,4,3,solved,True,0.08583599999999691,12,1061,6,6,6-2-3-2-2-3-4-5-6,4275,4257,331,231,17
descendant,0,d262,0x604b34f08ba6232f19646f0a85306eaea,3,5,1,solved,True,0.2872589999999988,15,3466,6,6,6-2-3-3-2-3-4-5-6,15639,15609,591,433,20
random,,r9,0xbcbc4456bdb91df8d0c788266f072be3,3,4,2,solved,True,0.07889900000000338,12,1061,6,6,6-2-3-2-2-3-4-5-6,5149,5131,348,248,17
descendant,1,d223,0x7f59881f65b46784928483fc532a92ca2,3,5,2,solved,True,0.3011770000000027,15,3466,6,6,6-2-3-3-2-3-4-5-6,13256,13226,577,417,20
descendant,0,d59,0x1cec9f43ce245075b0ea308b7973cd86d,3,5,4,solved,True,0.26590699999999856,15,3466,6,6,6-2-3-2-2-3-4-5-6,16309,16279,445,295,20
random,,r12,0x2a6480a010e4cbacc6be41a6273edb5a,3,5,3,solved,True,0.3293949999999981,15,3466,6,6,6-2-3-2-3-2-3-4-5-6,13226,13196,521,369,20
descendant,0,d217,0x4a61b1d6894bdf065f2e8452518ba7929,3,5,3,solved,True,0.26905400000000057,15,3466,6,6,6-2-3-2-3-2-3-4-5-6,13232,13202,524,369,20
random,,r37,0x4ce67bee4ade9092fcb54c378868d6f66,3,5,4,solved,True,0.2803299999999993,15,3466,6,6,6-2-3-2-2-2-3-4-5-6,13219,13189,434,283,20
descendant,1,d164,0x4f0c59bdf8c9054d7b84ff2224bf718eb,3,4,1,solved,True,0.06651600000000002,12,1061,6,6,6-2-3-2-3-2-3-4-5-6,4485,4467,365,262,17
descendant,1,d6,0x9399e01e8799a5fdd6da3c246e32acd5,3,4,3,solved,True,0.07405200000000178,12,1061,6,6,6-2-3-2-2-3-4-5-6,4721,4703,339,238,17
descendant,1,d131,0x5aec3bd9f85ce0f5ba815deed00bd4299,3,5,1,solved,True,0.2787059999999997,15,3466,6,6,6-2-3-2-2-3-4-5-6,14296,14266,443,293,20
random,,r21,0x4d4c870d513017a31a0bc4f966ea8965b,3,4,1,solved,True,0.06662999999999997,12,1061,6,6,6-2-3-2-2-3-4-5-6,4477,4459,333,235,17
descendant,0,d191,0x7a8fc7068fa065ddd29042d4bc728e400,3,5,3,solved,True,0.3075659999999978,15,3466,6,6,6-2-3-2-3-2-3-4-5-6,13209,13179,525,369,20
descendant,1,d252,0xe43fb0fe777efe51039f44e71025f65f,3,4,1,solved,True,0.0763290000000012,12,1061,6,6,6-2-3-2-3-4-5-6,5028,5010,342,243,17
descendant,0,d68,0x3fe369f302d9da1afecabdbe0fd5caa7a,3,5,4,solved,True,0.2525580000000005,15,3466,6,6,6-2-3-2-2-2-3-4-5-6,13228,13198,429,283,20
descendant,1,d115,0x1d26fc45a9f09b8d2f83e069e8549267f,3,5,4,solved,True,0.2749360000000003,15,3466,6,6,6-2-3-2-2-3-4-5-6,15068,15038,452,301,20
descendant,0,d98,0x64aa618e4d7cf361dd0ab74a21806f1f0,3,5,2,solved,True,0.285974999999997,15,3466,6,6,6-2-3-2-2-3-4-5-6,14331,14301,441,293,20
descendant,0,d56,0x5d316d4b7afaec476c88d203d130e1c73,3,5,1,solved,True,0.26834599999999753,15,3466,6,6,6-2-3-3-2-3-4-5-6,14458,14428,584,423,20
random,,r13,0x5f90bb86993867ddc983e693e8305dee,3,4,1,solved,True,0.06998499999999908,12,1061,6,6,6-2-3-2-3-4-5-6,4198,4180,331,231,17
random,,r16,0x2ccdb1f2f7e0e0618f895376df6fc0f2f,3,5,2,solved,True,0.27896899999999647,15,3466,6,6,6-2-3-2-2-3-4-5-6,13629,13599,440,288,20
descendant,1,d259,0x6d46a1b88290e348d3116055c40d4b21e,3,4,2,solved,True,0.06828000000000145,12,1061,6,6,6-2-3-2-2-3-4-5-6,5150,5132,347,248,17
descendant,0,d0,0x7a90344c571894684e176f4797bae946e,3,5,4,solved,True,0.27642999999999773,15,3466,6,6,6-2-3-2-3-2-3-4-5-6,14961,14931,539,384,20
E0,,E0,0x1,3,4,47,solved,True,0.06909300000000229,12,1043,6,6,6-2-3-2-2-3-3-4-5-6,5632,5613,310,218,17
descendant,0,d258,0x370c6fa8b5d187828b6e9524b4ddd2bf,3,5,1,solved,True,0.26373299999999844,15,3466,6,6,6-2-3-2-3-2-3-4-5-6,13766,13736,524,369,20
random,,r23,0x364aa93cd8344b4826835c30eea11ef03,3,4,4,solved,True,0.07169500000000184,12,1061,6,6,6-2-3-2-2-3-4-5-6,5129,5111,345,248,17
random,,r25,0x1a67be1095d6dd2e0cfc9ce7df923cbbb,3,5,2,solved,True,0.2639770000000006,15,3466,6,6,6-2-3-2-2-3-4-5-6,14344,14314,442,293,20
descendant,0,d152,0x208a2d7942206e50ac164b06555e88aa0,3,4,4,solved,True,0.06395499999999998,12,1061,6,6,6-2-3-2-3-2-3-4-5-6,4453,4435,363,262,17
descendant,0,d51,0x27e09a4aefd0a32b4edd5c9d3c2207c3a,3,5,1,solved,True,0.27728400000000164,15,3466,6,6,6-2-3-2-2-3-4-5-6,15733,15703,452,299,20
descendant,1,d212,0x7bb07582e4bc549f5d1ef63096b31b622,3,4,1,solved,True,0.07175200000000004,12,1061,6,6,6-2-3-3-2-3-4-5-6,4233,4215,397,294,17
descendant,0,d10,0x21efbc6d26559ce29fb0fb16beed8bc74,3,5,3,solved,True,0.2676310000000015,15,3466,6,6,6-2-3-2-2-3-4-5-6,13552,13522,433,283,20
E0,,E0,0x1,3,5,70,solved,True,0.2637219999999978,15,3436,6,6,6-2-3-2-2-3-2-3-4-5-6,13075,13045,521,369,20
descendant,0,d244,0x359360a49691c8a9c4c16a28eccc13dda,3,5,3,solved,True,0.2634309999999971,15,3466,6,6,6-2-3-2-3-2-3-4-5-6,13219,13189,524,369,20
E0,,E0,0x1,3,4,6,solved,True,0.07281400000000104,12,1043,6,6,6-2-3-2-3-2-3-4-5-6,4228,4209,330,232,17
descendant,0,d162,0x3094ecfe37acc53953a51556d0b08b87a,3,5,1,solved,True,0.27804000000000073,15,3466,6,6,6-2-3-2-3-2-3-4-5-6,13734,13704,524,369,20
E0,,E0,0x1,3,5,80,solved,True,0.26560899999999776,15,3436,6,6,6-2-3-2-3-2-3-4-5-6,13153,13123,594,433,20
E0,,E0,0x1,3,5,38,solved,True,0.2909649999999999,15,3436,6,6,6-2-3-2-3-2-3-4-5-6,12827,12797,588,426,20
descendant,0,d156,0x5d1252c137c628984d489db9419b53db9,3,4,4,solved,True,0.07368400000000008,12,1061,6,6,6-2-3-2-3-4-5-6,4613,4595,339,240,17
descendant,0,d36,0x451b962e8e37e5267349c9f6aae91ea13,3,5,3,solved,True,0.26210999999999984,15,3466,6,6,6-2-3-2-3-2-3-4-5-6,14341,14311,525,373,20
descendant,0,d176,0x7b98285ee2943dc8682f5f529fd52c980,3,5,4,solved,True,0.2961369999999981,15,3466,6,6,6-2-3-2-3-2-3-4-5-6,14396,14366,472,326,20
descendant,1,d9,0x1235e6bb63c0ae62d2ad06c66f0075dd1,3,4,2,solved,True,0.07281899999999908,12,1061,6,6,6-2-3-2-2-3-4-5-6,4757,4739,338,238,17
descendant,1,d225,0x641725bc746169a468daa4939c4cadd22,3,4,4,solved,True,0.07245600000000252,12,1061,6,6,6-2-3-2-3-4-5-6,4646,4628,341,240,17
descendant,1,d161,0x1d194974d8161ca780f827b909834aa53,3,5,3,solved,True,0.2663890000000002,15,3466,6,6,6-2-3-2-3-2-3-4-5-6,13222,13192,524,369,20
descendant,1,d50,0xfe8b818862e2a1f881b6755c04b53b3b,3,4,1,solved,True,0.07634100000000288,12,1061,6,6,6-2-3-2-2-3-4-5-6,4793,4775,338,238,17
descendant,1,d151,0x3273222f340ba0d98c96a57fafdd64b08,3,4,4,solved,True,0.08460200000000029,12,1061,6,6,6-2-3-2-3-4-5-6,4632,4614,341,240,17
E0,,E0,0x1,3,5,50,solved,True,0.2706470000000003,15,3436,6,6,6-2-3-2-3-2-3-4-5-6,12819,12789,583,422,20
descendant,1,d62,0x7c8857448d048353655694cc56d75363c,3,4,3,solved,True,0.07819800000000399,12,1061,6,6,6-2-3-2-3-4-5-6,4212,4194,331,231,17
descendant,1,d215,0x337578b65f444d299ae723bed169c1cf4,3,4,4,solved,True,0.07041500000000056,12,1061,6,6,6-2-3-2-3-2-3-4-5-6,4454,4436,363,262,17
descendant,1,d214,0x501aa57af4679d98c4318041493aef709,3,4,4,solved,True,0.07078399999999974,12,1061,6,6,6-2-3-2-3-4-5-6,4625,4607,339,240,17
descendant,1,d103,0x7daf41c59cc347af322f3eeb07d3de9ea,3,4,1,solved,True,0.06987700000000174,12,1061,6,6,6-2-3-3-2-3-4-5-6,4206,4188,398,294,17
descendant,1,d79,0x1e188b2f3f04871f4b035dae5eb59feab,3,4,4,solved,True,0.06752599999999731,12,1061,6,6,6-2-3-2-3-4-5-6,4626,4608,341,240,17
E0,,E0,0x1,3,4,70,solved,True,0.06676399999999916,12,1043,6,6,6-2-3-2-3-2-3-4-5-6,4652,4633,336,241,17
descendant,0,d244,0x359360a49691c8a9c4c16a28eccc13dda,3,4,2,solved,True,0.07520600000000144,12,1061,6,6,6-2-3-3-2-3-4-5-6,4759,4741,396,294,17
E0,,E0,0x1,3,4,80,solved,True,0.06819399999999831,12,1043,6,6,6-2-3-3-2-2-3-2-3-4-5-6,4521,4502,413,301,17
descendant,1,d251,0x2ceb5a2074f07d9841d4fc365c56074f0,3,5,1,solved,True,0.2842319999999994,15,3466,6,6,6-2-3-2-2-3-4-5-6,13448,13418,432,283,20
descendant,0,d226,0x784c5a04e4248b2f69d9fbad9c33498a8,3,5,3,solved,True,0.2628050000000002,15,3466,6,6,6-2-3-2-3-2-3-4-5-6,13228,13198,522,369,20
descendant,0,d226,0x784c5a04e4248b2f69d9fbad9c33498a8,3,5,4,solved,True,0.2626729999999995,15,3466,6,6,6-2-3-2-3-2-3-4-5-6,14930,14900,535,381,20
random,,r39,0x17f6c1f4e6a18e32e97b46fcc519c19ca,3,5,1,solved,True,0.28987000000000407,15,3466,6,6,6-2-3-2-2-3-4-5-6,14624,14594,439,289,20
descendant,1,d214,0x501aa57af4679d98c4318041493aef709,3,4,3,solved,True,0.07450000000000045,12,1061,6,6,6-2-3-3-2-3-4-5-6,4231,4213,399,294,17
descendant,0,d80,0x12714bc33324078d5926b7cadb4f82a2b,3,5,2,solved,True,0.2802219999999984,15,3466,6,6,6-2-3-2-2-2-3-4-5-6,13441,13411,433,283,20
descendant,1,d246,0x351aae75214f94bf197cf8bb77c135d24,3,4,4,solved,True,0.06705600000000089,12,1061,6,6,6-2-3-2-2-3-4-5-6,4272,4254,330,231,17
descendant,0,d110,0x3a679fc181d676d23a785c044985269e8,3,4,4,solved,True,0.06842500000000129,12,1061,6,6,6-2-3-2-3-4-5-6,4633,4615,340,240,17
E0,,E0,0x1,3,5,73,solved,True,0.2552570000000003,15,3436,6,6,6-2-3-2-2-3-2-3-4-5-6,13016,12986,521,369,20
descendant,1,d11,0x1f3826f848cff1f6c9657117ef4ddd139,3,5,4,solved,True,0.2776120000000013,15,3466,6,6,6-2-3-2-3-4-5-6,15033,15003,450,301,20
descendant,1,d21,0xadada875c148325bf5339de87d1af447,3,5,4,solved,True,0.27163199999999676,15,3466,6,6,6-2-3-2-2-3-4-5-6,15053,15023,452,301,20
descendant,0,d228,0x6d20a8996fe80a6e006d15d8384fb540c,3,5,1,solved,True,0.2798960000000008,15,3466,6,6,6-2-3-3-2-3-4-5-6,13251,13221,584,422,20
descendant,0,d40,0x1d91fad937e37dd0872eb5940e37f9123,3,5,4,solved,True,0.2901539999999976,15,3466,6,6,6-2-3-2-3-2-3-4-5-6,14934,14904,532,381,20
descendant,0,d193,0x3613dae75f27455877c5ff6325ef7002a,3,5,1,solved,True,0.26876100000000136,15,3466,6,6,6-2-3-2-3-2-3-4-5-6,13197,13167,522,369,20
descendant,0,d23,0x73d4550749610733989b4267b13ceb154,3,4,2,solved,True,0.06808099999999584,12,1061,6,6,6-2-3-2-3-4-5-6,4217,4199,329,231,17
random,,r9,0xbcbc4456bdb91df8d0c788266f072be3,3,5,2,solved,True,0.27320900000000137,15,3466,6,6,6-2-3-2-2-3-4-5-6,14708,14678,439,289,20
descendant,0,d37,0x5621482622ef68231a3a01496c65aee5d,3,5,3,solved,True,0.2844230000000003,15,3466,6,6,6-2-3-2-3-2-3-4-5-6,14474,14444,526,372,20
descendant,0,d128,0x47a535820bff7b9046dfb62d0ecf7fd8b,3,5,1,solved,True,0.26924900000000207,15,3466,6,6,6-2-3-2-2-3-4-5-6,14438,14408,438,289,20
descendant,0,d179,0x6de1658849e91ec7771f95239aa975018,3,4,2,solved,True,0.06885600000000025,12,1061,6,6,6-2-3-3-2-3-4-5-6,4726,4708,396,294,17
descendant,0,d3,0x2970943988085c950a464102342c27420,3,4,4,solved,True,0.07339300000000293,12,1061,6,6,6-2-3-2-3-2-3-4-5-6,4440,4425,353,259,17
descendant,0,d148,0x5c3f205e9443a84d910ad16f8c39be75,3,5,4,solved,True,0.2649979999999985,15,3466,6,6,6-2-3-2-3-2-3-4-5-6,14934,14904,530,381,20
descendant,0,d49,0x73e8cc09e3496e8ad78bb3b46c1751126,3,4,3,solved,True,0.07179299999999955,12,1061,6,6,6-2-3-2-3-2-3-4-5-6,4471,4453,363,262,17
descendant,0,d181,0x67a9cb278d47eca3db9edf1d62c3ea42a,3,5,1,solved,True,0.2817110000000014,15,3466,6,6,6-2-3-3-2-3-4-5-6,13219,13189,575,417,20
descendant,1,d106,0x16971f8c50d977ad1a9887c8ec15c1615,3,5,1,solved,True,0.27449100000000115,15,3466,6,6,6-2-3-2-2-3-4-5-6,15726,15696,450,299,20
descendant,0,d10,0x21efbc6d26559ce29fb0fb16beed8bc74,3,4,3,solved,True,0.07956499999999878,12,1061,6,6,6-2-3-3-2-3-4-5-6,4488,4470,402,297,17
descendant,0,d216,0x106ff1a099860bdcc3b55b1e4da480799,3,5,4,solved,True,0.2966869999999986,15,3466,6,6,6-2-3-2-2-3-4-5-6,14914,14884,452,301,20
random,,r31,0x40137030b0fd3ef8da5ea4ff481444876,3,4,2,solved,True,0.09262099999999762,12,1061,6,6,6-2-3-3-2-3-4-5-6,4234,4216,397,294,17
descendant,1,d230,0x33804ac2d6f98bb4947ddda6f5532523e,3,5,3,solved,True,0.272316,15,3466,6,6,6-2-3-2-3-2-3-4-5-6,13205,13175,524,369,20
descendant,1,d48,0x469178f28f291f06dae284c0c8e07033b,3,5,4,solved,True,0.29887899999999945,15,3466,6,6,6-2-3-2-3-2-3-4-5-6,14934,14904,535,381,20
descendant,1,d121,0x93f2dda1165f5e8aacc5756cde1d20ed,3,4,4,solved,True,0.07069900000000118,12,1061,6,6,6-2-3-2-2-3-4-5-6,5122,5104,346,248,17
random,,r30,0x180d79ef8ffbb8c736b044cd1f23e5147,3,5,3,solved,True,0.3138499999999951,15,3466,6,6,6-2-3-3-2-3-4-5-6,15587,15557,593,433,20
descendant,1,d43,0x3eac3e851da537c0d7da0938edc51d5ca,3,5,2,solved,True,0.2775099999999995,15,3466,6,6,6-2-3-2-2-3-4-5-6,14290,14260,443,293,20
descendant,1,d194,0x77160635e989a07d009776db14fef7a7a,3,5,2,solved,True,0.2936299999999967,15,3466,6,6,6-2-3-2-2-3-4-5-6,14440,14410,440,289,20
descendant,0,d126,0x2cacb70dc47e5b9a6349c787b5c32bcfa,3,5,4,solved,True,0.2878270000000036,15,3466,6,6,6-2-3-2-3-4-5-6,15015,14985,450,301,20
descendant,0,d262,0x604b34f08ba6232f19646f0a85306eaea,3,4,4,solved,True,0.07301100000000105,12,1061,6,6,6-2-3-2-2-3-4-5-6,4287,4269,331,231,17
random,,r22,0x1c109605f1137a32b7e925fa3d122d73e,3,5,1,solved,True,0.27417799999999914,15,3466,6,6,6-2-3-2-2-3-4-5-6,13446,13416,431,283,20
descendant,0,d80,0x12714bc33324078d5926b7cadb4f82a2b,3,5,4,solved,True,0.28216400000000164,15,3466,6,6,6-2-3-2-2-3-4-5-6,14929,14899,450,301,20
descendant,0,d142,0x34c30acadb5f75eef45c8fba19984a310,3,4,1,solved,True,0.06704800000000333,12,1061,6,6,6-2-3-3-2-3-4-5-6,4746,4728,397,294,17
descendant,1,d180,0x1e7d56fa1e94716a29fd4c6e079432427,3,5,2,solved,True,0.3135249999999985,15,3466,6,6,6-2-3-2-2-3-4-5-6,13328,13298,433,283,20
E0,,E0,0x1,3,5,10,solved,True,0.3066899999999997,15,3436,6,6,6-2-3-3-3-4-3-3-2-3-3-3-4-5-2-2-3-2-3-6,19750,19720,1201,901,20
descendant,0,d202,0x395581209ce2b0a65125651ee71539026,3,5,1,solved,True,0.2896239999999999,15,3466,6,6,6-2-3-3-2-3-4-5-6,13274,13244,573,413,20
descendant,1,d146,0x73f7535c6e0b5b5c9d0b24b2809486a0e,3,5,2,solved,True,0.29804299999999984,15,3466,6,6,6-2-3-2-2-3-4-5-6,15097,15067,450,301,20
descendant,0,d37,0x5621482622ef68231a3a01496c65aee5d,3,4,3,solved,True,0.09255400000000336,12,1061,6,6,6-2-3-3-2-3-4-5-6,4738,4720,397,294,17
descendant,0,d258,0x370c6fa8b5d187828b6e9524b4ddd2bf,3,4,4,solved,True,0.06707000000000107,12,1061,6,6,6-2-3-2-3-4-5-6,4625,4607,341,240,17
random,,r3,0x12bffc766b5be2c3419af41fff7255cda,3,5,4,solved,True,0.28569399999999945,15,3466,6,6,6-2-3-2-2-3-4-5-6,15067,15037,451,301,20
descendant,1,d78,0x64de8b1ac1c7462bc6433bda1d43510c2,3,4,3,solved,True,0.0707129999999978,12,1061,6,6,6-2-3-3-2-3-4-5-6,4465,4447,402,297,17
descendant,1,d15,0x3ebf8a5e492fd2ec12dc99e23299fe124,3,4,3,solved,True,0.06854600000000133,12,1061,6,6,6-2-3-2-3-4-5-6,4214,4196,331,231,17
descendant,1,d158,0x6f514cabfdbec0ee57f5dcc4987dc83f0,3,4,4,solved,True,0.07504300000000086,12,1061,6,6,6-2-3-2-3-4-5-6,4633,4615,340,240,17
random,,r16,0x2ccdb1f2f7e0e0618f895376df6fc0f2f,3,4,2,solved,True,0.0768480000000018,12,1061,6,6,6-2-3-3-2-3-4-5-6,4748,4730,399,294,17
descendant,0,d132,0x66be1b1e0c8ac87b7df12d81a076d24c8,3,5,4,solved,True,0.3067440000000019,15,3466,6,6,6-2-3-2-2-3-4-5-6,15515,15485,462,311,20
descendant,0,d23,0x73d4550749610733989b4267b13ceb154,3,5,3,solved,True,0.27455600000000047,15,3466,6,6,6-2-3-2-3-2-3-4-5-6,14471,14441,524,372,20
descendant,0,d239,0x68905d439cade3be5a153f42f8766b01c,3,5,3,solved,True,0.27365700000000004,15,3466,6,6,6-2-3-3-2-3-4-5-6,13191,13161,577,417,20
descendant,1,d224,0xc4ac85375f72fc79e95084d34d4c31cd,3,4,3,solved,True,0.06732299999999825,12,1061,6,6,6-2-3-3-2-3-4-5-6,4764,4746,397,294,17
E0,,E0,0x1,3,4,50,solved,True,0.06984899999999783,12,1043,6,6,6-2-3-3-3-4-2-3-4-5-6,4197,4178,809,643,17
random,,r7,0x5735ec1b3e70ba8eb2af62099b904552a,3,4,2,solved,True,0.06996799999999936,12,1061,6,6,6-2-3-2-2-3-4-5-6,4231,4213,331,231,17
descendant,0,d45,0x40bb9e1577a5e671bfd24982cff49b933,3,4,4,solved,True,0.06888299999999958,12,1061,6,6,6-2-3-2-2-3-4-5-6,5115,5097,348,248,17
random,,r22,0x1c109605f1137a32b7e925fa3d122d73e,3,5,2,solved,True,0.2833560000000013,15,3466,6,6,6-2-3-2-3-2-3-4-5-6,14947,14917,535,381,20
descendant,0,d248,0xc756e1ddb5f119ccfbc736687ea9d9ad,3,5,3,solved,True,0.3006419999999963,15,3466,6,6,6-2-3-2-2-3-4-5-6,15168,15138,449,301,20
descendant,1,d210,0x4629681bbd7f5f6d22f01b3d433bb361,3,5,4,solved,True,0.3036360000000009,15,3466,6,6,6-2-3-2-2-3-4-5-6,14915,14885,451,301,20
descendant,0,d219,0x2bb98e98beee47dc4dac5c21dde510d9,3,4,1,solved,True,0.07721000000000089,12,1061,6,6,6-2-3-2-3-2-3-4-5-6,5016,4998,375,272,17
descendant,1,d81,0x12ea4ec43439524172de0ad354a6c5941,3,5,1,solved,True,0.3072269999999975,15,3466,6,6,6-2-3-2-2-3-4-5-6,13350,13320,434,283,20
descendant,0,d114,0x1f68d35be6e1253263633db1508483125,3,5,4,solved,True,0.3057639999999999,15,3466,6,6,6-2-3-2-2-3-4-5-6,17032,17002,452,301,20
descendant,0,d178,0x2c9787372de01833166562c539cbae02c,3,4,4,solved,True,0.06637800000000027,12,1061,6,6,6-2-3-2-3-2-3-4-5-6,5023,5005,374,272,17
descendant,0,d204,0x41e5c9c12a84e81e5d2a9ea4246c36d67,3,4,1,solved,True,0.07351399999999941,12,1061,6,6,6-2-3-2-2-3-4-5-6,4757,4739,338,238,17
descendant,1,d184,0x2a50cae17267e4772e3b0132877996912,3,4,3,solved,True,0.07792500000000047,12,1061,6,6,6-2-3-2-3-4-5-6,5027,5010,340,242,17
random,,r34,0x27183f6ce33848dde3948dcd3e643d623,3,4,3,solved,True,0.07066700000000026,12,1061,6,6,6-2-3-3-2-3-4-5-6,4470,4452,401,297,17
E0,,E0,0x1,3,4,23,solved,True,0.06574200000000374,12,1043,6,6,6-2-3-3-2-3-4-5-6,3819,3800,313,222,17
descendant,1,d27,0x2e670ee2b9b86c05d6a242148468dc3d6,3,5,4,solved,True,0.27393299999999954,15,3466,6,6,6-2-3-2-2-3-4-5-6,13474,13444,434,283,20
descendant,1,d182,0x33db101d94ca827f757e351001f0b87a6,3,5,2,solved,True,0.2768720000000009,15,3466,6,6,6-2-3-2-2-3-4-5-6,13508,13478,432,283,20
descendant,1,d221,0x1c70789724f0da89c0a636792b2d9d101,3,5,2,solved,True,0.28741799999999884,15,3466,6,6,6-2-3-2-3-2-3-4-5-6,15688,15658,533,377,20
descendant,0,d137,0xa9a6abd86871900d7522445f88eb3041,3,5,4,solved,True,0.2858280000000022,15,3466,6,6,6-2-3-2-3-2-3-4-5-6,14384,14354,479,326,20
descendant,0,d255,0x7438ead7f6b216d711dd286006c31aa3e,3,5,2,solved,True,0.2878790000000002,15,3466,6,6,6-2-3-2-2-3-4-5-6,14358,14328,442,293,20
descendant,0,d167,0xd6388e419fb08df478217c6472aa9a03,3,5,1,solved,True,0.30441800000000185,15,3466,6,6,6-2-3-3-2-3-4-5-6,15566,15536,593,433,20
descendant,0,d77,0x35111962dbd84377113e28c969a80c3a4,3,5,3,solved,True,0.3126420000000003,15,3466,6,6,6-2-3-2-2-3-4-5-6,13521,13491,432,283,20
descendant,0,d204,0x41e5c9c12a84e81e5d2a9ea4246c36d67,3,4,4,solved,True,0.07161200000000179,12,1061,6,6,6-2-3-2-3-4-5-6,4625,4607,340,240,17
descendant,0,d256,0xbb969cbaa0877655284db88fa983010d,3,5,1,solved,True,0.3150129999999969,15,3466,6,6,6-2-3-2-2-3-4-5-6,13451,13421,429,283,20
descendant,1,d120,0x2f9433432d037272266e032fffaaf89aa,3,4,1,solved,True,0.07542700000000124,12,1061,6,6,6-2-3-3-2-3-4-5-6,4719,4701,398,294,17
descendant,0,d183,0x39220c2fa0ef016238dfe3c8c43313928,3,4,1,solved,True,0.07639299999999949,12,1061,6,6,6-2-3-2-3-2-3-4-5-6,4487,4469,365,262,17
descendant,0,d13,0x63ded55f267083bb775bb261b518421d6,3,4,2,solved,True,0.08447400000000016,12,1061,6,6,6-2-3-3-2-3-4-5-6,4234,4216,398,294,17
descendant,1,d199,0xf3be1caa95cb497917b9e131862e6fbd,3,4,2,solved,True,0.07140599999999608,12,1061,6,6,6-2-3-2-2-3-4-5-6,5129,5111,347,248,17
random,,r7,0x5735ec1b3e70ba8eb2af62099b904552a,3,5,2,solved,True,0.30837100000000106,15,3466,6,6,6-2-3-2-2-3-4-5-6,13465,13435,433,283,20
descendant,0,d65,0x78b05fd79fa0a76be42333888ec90d7ca,3,4,1,solved,True,0.06955999999999918,12,1061,6,6,6-2-3-3-2-3-4-5-6,4707,4689,399,294,17
descendant,0,d77,0x35111962dbd84377113e28c969a80c3a4,3,4,2,solved,True,0.0628259999999976,12,1061,6,6,6-2-3-3-2-3-4-5-6,4751,4733,397,294,17
descendant,1,d32,0x6df517c2da1d083293a36a0c29450e6d8,3,4,2,solved,True,0.07065800000000166,12,1061,6,6,6-2-3-3-2-3-4-5-6,4728,4710,399,294,17
random,,r19,0xf927f03ec08af50e561038de2624e156,3,5,4,solved,True,0.2968200000000003,15,3466,6,6,6-2-3-2-3-2-3-4-5-6,14394,14364,479,326,20
descendant,0,d211,0x1581f324b9e850f34ce478a3c6a23a449,3,4,1,solved,True,0.08383600000000158,12,1061,6,6,6-2-3-2-2-3-4-5-6,4759,4741,335,238,17
descendant,1,d5,0x76315ddd75f560eb451bd6a21a52afe3a,3,5,3,solved,True,0.2889910000000029,15,3466,6,6,6-2-3-2-3-2-3-4-5-6,13230,13200,522,369,20
descendant,1,d210,0x4629681bbd7f5f6d22f01b3d433bb361,3,4,2,solved,True,0.07010100000000108,12,1061,6,6,6-2-3-2-2-3-4-5-6,4469,4451,334,235,17
E0,,E0,0x1,3,5,30,solved,True,0.28273800000000193,15,3436,6,6,6-2-3-2-3-2-3-4-5-6,12837,12807,581,421,20
descendant,1,d121,0x93f2dda1165f5e8aacc5756cde1d20ed,3,4,3,solved,True,0.07239799999999974,12,1061,6,6,6-2-3-3-2-3-4-5-6,4741,4723,397,294,17
descendant,1,d104,0x4df77d1a97b20dfb21192482f1cd7bd6d,3,4,4,solved,True,0.07661099999999621,12,1061,6,6,6-2-3-2-3-4-5-6,4633,4615,340,240,17
descendant,0,d45,0x40bb9e1577a5e671bfd24982cff49b933,3,5,1,solved,True,0.2908070000000009,15,3466,6,6,6-2-3-2-2-3-4-5-6,14386,14356,442,293,20
random,,r10,0x3c4dd28efe34d6468bb457da9023f13ef,3,4,3,solved,True,0.06934099999999788,12,1061,6,6,6-2-3-3-2-3-4-5-6,4233,4215,398,294,17
descendant,0,d144,0x3780d33c0316979e8c8eaf60a204c2906,3,5,4,solved,True,0.2972459999999977,15,3466,6,6,6-2-3-2-2-3-4-5-6,13510,13480,434,283,20
descendant,0,d189,0x42a1f19b9bc836a1efec12c5c3d2c8e51,3,5,4,solved,True,0.2877350000000014,15,3466,6,6,6-2-3-2-3-2-3-4-5-6,15026,14996,533,381,20
descendant,1,d198,0x5688660fa87d686a97e803aa88524ab9b,3,5,4,solved,True,0.30132899999999907,15,3466,6,6,6-2-3-2-2-3-4-5-6,15073,15043,448,301,20
descendant,1,d129,0x142bc9983801d5399f9f7a19881c1f6d,3,5,1,solved,True,0.30456099999999964,15,3466,6,6,6-2-3-3-2-3-4-5-6,15560,15530,594,433,20
descendant,0,d80,0x12714bc33324078d5926b7cadb4f82a2b,3,4,3,solved,True,0.07396900000000173,12,1061,6,6,6-2-3-3-2-3-4-5-6,4229,4211,398,294,17
descendant,1,d62,0x7c8857448d048353655694cc56d75363c,3,4,1,solved,True,0.0728140000000046,12,1061,6,6,6-2-3-3-2-3-4-5-6,4206,4188,397,294,17
descendant,1,d141,0x1d905d916248f4d5b99bffb706fccae9f,3,5,3,solved,True,0.28901499999999913,15,3466,6,6,6-2-3-2-3-2-3-4-5-6,13216,13186,524,369,20
descendant,0,d97,0x5f839b44fc3eb024c876bf2d4d24f0239,3,4,4,solved,True,0.07636499999999913,12,1061,6,6,6-2-3-2-3-4-5-6,4625,4607,337,240,17
descendant,0,d191,0x7a8fc7068fa065ddd29042d4bc728e400,3,4,4,solved,True,0.07723499999999817,12,1061,6,6,6-2-3-2-3-2-3-4-5-6,4443,4425,365,262,17
descendant,0,d108,0x63d191066a33756500331f9bdec19981a,3,5,1,solved,True,0.2797489999999989,15,3466,6,6,6-2-3-3-2-3-4-5-6,13256,13226,576,417,20
E0,,E0,0x1,3,5,37,solved,True,0.2679779999999994,15,3436,6,6,6-2-3-2-3-2-3-4-5-6,12917,12887,584,426,20
descendant,1,d218,0x52455e82f4810c9381cc3e182bb9590cb,3,4,3,solved,True,0.07193699999999836,12,1061,6,6,6-2-3-3-2-3-4-5-6,4230,4212,399,294,17
descendant,1,d213,0x15a18d2e9ecf8109f0f06bc557f80398f,3,5,4,solved,True,0.31795600000000235,15,3466,6,6,6-2-3-2-2-3-4-5-6,14913,14883,450,301,20
random,,r32,0x13660c9d070543bce43b933f85c1a1816,3,5,3,solved,True,0.2757930000000002,15,3466,6,6,6-2-3-2-3-2-3-4-5-6,13222,13192,523,369,20
descendant,0,d201,0x5be8944d433669e6e1d91f80af0203097,3,5,3,solved,True,0.3079679999999989,15,3466,6,6,6-2-3-2-2-3-4-5-6,13465,13435,432,283,20
descendant,1,d252,0xe43fb0fe777efe51039f44e71025f65f,3,5,3,solved,True,0.29653300000000016,15,3466,6,6,6-2-3-3-2-3-4-5-6,13270,13240,582,422,20
descendant,0,d97,0x5f839b44fc3eb024c876bf2d4d24f0239,3,5,3,solved,True,0.28293399999999735,15,3466,6,6,6-2-3-2-2-3-4-5-6,13505,13475,432,283,20
E0,,E0,0x1,3,5,25,solved,True,0.2789350000000006,15,3436,6,6,6-2-3-2-3-2-3-4-5-6,12782,12752,575,415,20
descendant,1,d60,0x2f19d882161a586fe5dcf491ce6055114,3,4,3,solved,True,0.07188999999999979,12,1061,6,6,6-2-3-2-2-3-4-5-6,4278,4260,333,231,17
descendant,0,d243,0xb41df04135dbd12d89cc1cd57e12d4f7,3,4,4,solved,True,0.07786600000000021,12,1061,6,6,6-2-3-2-3-4-5-6,4624,4606,341,240,17
random,,r6,0x8b4ac10d3930cd0ef2535de93352dee3,3,4,2,solved,True,0.07167600000000007,12,1061,6,6,6-2-3-2-2-3-4-5-6,4793,4775,336,238,17
E0,,E0,0x1,3,4,13,solved,True,0.0709540000000004,12,1043,6,6,6-2-3-3-3-2-3-2-3-3-2-3-4-3-2-3-5-6,5013,4994,390,281,17
random,,r1,0x663f611ae0458018c496d4a4d64951786,3,4,4,solved,True,0.0661820000000013,12,1061,6,6,6-2-3-2-3-4-5-6,4630,4612,340,240,17
descendant,0,d156,0x5d1252c137c628984d489db9419b53db9,3,4,1,solved,True,0.08301399999999859,12,1061,6,6,6-2-3-2-3-4-5-6,4458,4440,335,235,17
descendant,0,d10,0x21efbc6d26559ce29fb0fb16beed8bc74,3,5,1,solved,True,0.3069039999999994,15,3466,6,6,6-2-3-3-2-3-4-5-6,13240,13210,578,417,20
descendant,0,d67,0x5ad886fec50f02b8ab5fabfd00ecdb001,3,5,4,solved,True,0.28528299999999973,15,3466,6,6,6-2-3-2-2-3-4-5-6,15524,15494,460,311,20
descendant,1,d251,0x2ceb5a2074f07d9841d4fc365c56074f0,3,4,4,solved,True,0.0828690000000023,12,1061,6,6,6-2-3-2-3-4-5-6,4630,4612,340,240,17
descendant,1,d171,0x6160c4d7681e3872568b87486e0ac852a,3,5,3,solved,True,0.266409000000003,15,3466,6,6,6-2-3-2-2-3-4-5-6,13474,13444,432,283,20
descendant,1,d253,0x5145b780bee05e43a87a5392935996539,3,5,2,solved,True,0.29172499999999957,15,3466,6,6,6-2-3-2-2-3-4-5-6,14289,14259,442,293,20
descendant,1,d124,0x15dbca5211d9ba2d338bb55c508f06c69,3,4,3,solved,True,0.07332600000000156,12,1061,6,6,6-2-3-3-2-3-4-5-6,4233,4215,397,294,17
descendant,0,d257,0x28b1c177268e3c6110c268f0efdd3cece,3,4,2,solved,True,0.07510599999999812,12,1061,6,6,6-2-3-2-3-4-5-6,5031,5013,340,243,17
E0,,E0,0x1,3,4,28,solved,True,0.06610599999999778,12,1043,6,6,6-2-3-3-2-3-4-5-6,4451,4432,375,279,17
descendant,1,d88,0x11c4791a0462daffe9cf91df98b522b83,3,5,3,solved,True,0.2791279999999965,15,3466,6,6,6-2-3-2-3-2-3-4-5-6,14341,14311,526,373,20
descendant,0,d205,0x35f1527fb1e374f3438b4a58a83be437,3,5,3,solved,True,0.2704969999999989,15,3466,6,6,6-2-3-2-3-2-3-4-5-6,13219,13189,524,369,20
descendant,0,d177,0x7c141cdbe2d6a4df286f268ecc455da3e,3,5,3,solved,True,0.28363099999999974,15,3466,6,6,6-2-3-2-3-2-3-4-5-6,13227,13197,523,369,20
random,,r26,0x513835c8bc81a770bc62c6fb3425b721e,3,5,1,solved,True,0.3081159999999983,15,3466,6,6,6-2-3-2-3-2-3-4-5-6,14436,14406,478,326,20
descendant,0,d260,0x42574b08f9dc08ecd2e13d8090ad12b21,3,4,1,solved,True,0.07473500000000399,12,1061,6,6,6-2-3-2-2-3-4-5-6,4280,4262,331,231,17
descendant,1,d153,0x346ba0b68f99e5ec6b9dafa57f0d311ba,3,5,2,solved,True,0.2775759999999998,15,3466,6,6,6-2-3-2-2-3-4-5-6,13296,13266,432,283,20
descendant,1,d240,0x5438ba06e14c74e998373466a491bf47b,3,4,1,solved,True,0.07752200000000187,12,1061,6,6,6-2-3-2-2-3-4-5-6,4763,4745,340,238,17
descendant,0,d37,0x5621482622ef68231a3a01496c65aee5d,3,4,2,solved,True,0.07261499999999899,12,1061,6,6,6-2-3-2-3-4-5-6,4626,4609,334,239,17
random,,r21,0x4d4c870d513017a31a0bc4f966ea8965b,3,5,4,solved,True,0.31904200000000316,15,3466,6,6,6-2-3-2-2-3-4-5-6,16322,16292,446,295,20
descendant,0,d110,0x3a679fc181d676d23a785c044985269e8,3,5,1,solved,True,0.3288879999999992,15,3466,6,6,6-2-3-2-2-3-4-5-6,13439,13409,433,283,20
descendant,0,d41,0x11254be458763df1497f7eceb9b73c56b,3,5,2,solved,True,0.2869020000000013,15,3466,6,6,6-2-3-2-2-3-4-5-6,13413,13383,432,283,20
descendant,0,d61,0x61dafffc801e3d12d932586bf313fc4fa,3,4,3,solved,True,0.07337499999999864,12,1061,6,6,6-2-3-2-2-3-4-5-6,4755,4737,338,238,17
descendant,0,d67,0x5ad886fec50f02b8ab5fabfd00ecdb001,3,4,4,solved,True,0.08216899999999683,12,1061,6,6,6-2-3-2-3-4-5-6,4621,4603,341,240,17
descendant,1,d253,0x5145b780bee05e43a87a5392935996539,3,4,1,solved,True,0.08395499999999956,12,1061,6,6,6-2-3-2-3-4-5-6,4465,4447,336,235,17
descendant,1,d212,0x7bb07582e4bc549f5d1ef63096b31b622,3,5,4,solved,True,0.2807820000000021,15,3466,6,6,6-2-3-2-2-3-4-5-6,15067,15037,450,301,20
descendant,1,d263,0x4f92b8d91d1a921ae5b2bc79ab620f75d,3,4,1,solved,True,0.07209199999999782,12,1061,6,6,6-2-3-2-3-2-3-4-5-6,4485,4467,366,262,17
descendant,0,d65,0x78b05fd79fa0a76be42333888ec90d7ca,3,5,3,solved,True,0.28618000000000166,15,3466,6,6,6-2-3-2-3-2-3-4-5-6,13225,13195,524,369,20
descendant,1,d15,0x3ebf8a5e492fd2ec12dc99e23299fe124,3,4,4,solved,True,0.06851600000000246,12,1061,6,6,6-2-3-2-2-3-4-5-6,4209,4191,333,231,17
descendant,0,d112,0x1994e3603f97ef024ee05440540a67bc7,3,4,4,solved,True,0.07738699999999454,12,1061,6,6,6-2-3-2-3-4-5-6,4620,4602,340,240,17
descendant,0,d155,0x6a26ae33f796563d34a0d159f9b5dc012,3,4,4,solved,True,0.084425999999997,12,1061,6,6,6-2-3-2-2-3-4-5-6,4206,4188,330,231,17
descendant,0,d247,0x247cc923f8dba9dedcc08874b53bc07f8,3,5,4,solved,True,0.2768250000000023,15,3466,6,6,6-2-3-2-3-2-3-4-5-6,14957,14927,539,384,20
descendant,1,d33,0x344bf04093f8a908f2df7b012e6a1ff46,3,5,1,solved,True,0.2830539999999999,15,3466,6,6,6-2-3-2-3-2-3-4-5-6,13789,13759,523,369,20
descendant,1,d54,0x63d8c46984cdd26391c524343b47e012c,3,5,2,solved,True,0.29116100000000245,15,3466,6,6,6-2-3-2-2-3-4-5-6,13409,13379,431,283,20
descendant,1,d215,0x337578b65f444d299ae723bed169c1cf4,3,5,3,solved,True,0.285933,15,3466,6,6,6-2-3-2-3-2-3-4-5-6,13227,13197,518,369,20
random,,r9,0xbcbc4456bdb91df8d0c788266f072be3,3,4,1,solved,True,0.07109099999999913,12,1061,6,6,6-2-3-2-2-3-4-5-6,4473,4455,335,235,17
E0,,E0,0x1,3,5,68,solved,True,0.2877679999999998,15,3436,6,6,6-2-3-2-3-2-3-4-5-6,13111,13081,595,436,20
E0,,E0,0x1,3,4,3,solved,True,0.07617899999999977,12,1043,6,6,6-2-3-3-2-3-2-3-4-5-6,4309,4290,419,315,17
descendant,0,d68,0x3fe369f302d9da1afecabdbe0fd5caa7a,3,4,1,solved,True,0.07868500000000012,12,1061,6,6,6-2-3-2-3-4-5-6,5021,5003,344,243,17
descendant,1,d85,0x521634e1195c62fbebdbbc62e7e3de8df,3,5,4,solved,True,0.29634699999999725,15,3466,6,6,6-2-3-3-2-3-4-5-6,13252,13222,572,413,20
descendant,0,d26,0x4800e3f366f34256d3a0e9d83c733f723,3,5,3,solved,True,0.2857280000000024,15,3466,6,6,6-2-3-2-3-2-3-4-5-6,14112,14082,527,372,20
random,,r27,0x4d9d1a3a0f43e414dce5cedbb4223bfe,3,5,2,solved,True,0.28158300000000125,15,3466,6,6,6-2-3-2-2-3-4-5-6,14292,14262,443,293,20
descendant,0,d200,0x42635959679c428526fef4c7fa45ed8d5,3,5,2,solved,True,0.28300599999999676,15,3466,6,6,6-2-3-2-2-3-4-5-6,14359,14329,443,293,20
descendant,1,d96,0x2269b6d64e03765c0739b92bdbd1228ca,3,5,4,solved,True,0.3045880000000025,15,3466,6,6,6-2-3-2-2-2-3-4-5-6,13219,13189,433,283,20
descendant,0,d167,0xd6388e419fb08df478217c6472aa9a03,3,5,4,solved,True,0.3169559999999976,15,3466,6,6,6-2-3-2-2-3-4-5-6,16339,16309,445,295,20
descendant,0,d168,0x38e96ec5419519eb1b1b583429e4a4574,3,5,2,solved,True,0.2848339999999965,15,3466,6,6,6-2-3-2-2-3-4-5-6,14267,14237,443,293,20
descendant,1,d166,0x1759e17144a253114d8383811b000df63,3,4,4,solved,True,0.0760419999999975,12,1061,6,6,6-2-3-2-2-3-4-5-6,5122,5104,349,248,17
descendant,0,d134,0x3ac6e24c614ec7d66d9b971c65619de54,3,5,2,solved,True,0.2931600000000003,15,3466,6,6,6-2-3-2-2-3-4-5-6,14917,14887,451,301,20
descendant,1,d102,0x7200cf2ff4d279ce096e5dba8b281d236,3,5,2,solved,True,0.29741599999999835,15,3466,6,6,6-2-3-2-3-2-3-4-5-6,16231,16201,532,382,20
descendant,0,d13,0x63ded55f267083bb775bb261b518421d6,3,5,1,solved,True,0.2837130000000023,15,3466,6,6,6-2-3-2-2-3-4-5-6,14386,14356,442,293,20
descendant,0,d133,0x7d79e288bbf062c834da78d42e4a17ce0,3,5,1,solved,True,0.28693900000000383,15,3466,6,6,6-2-3-2-2-3-4-5-6,14427,14397,440,289,20
descendant,0,d144,0x3780d33c0316979e8c8eaf60a204c2906,3,5,1,solved,True,0.2765530000000034,15,3466,6,6,6-2-3-2-2-3-4-5-6,13451,13421,432,283,20
descendant,1,d154,0x67e7ce47a6ab0a6952374decd34902208,3,5,1,solved,True,0.2718250000000033,15,3466,6,6,6-2-3-2-2-2-3-4-5-6,13427,13397,433,283,20
random,,r17,0x32b640c1bba37107df49617b5077ca29b,3,4,2,solved,True,0.07421199999999928,12,1061,6,6,6-2-3-2-3-4-5-6,4629,4611,341,240,17
descendant,0,d57,0x7e692af8166d618f5dfcae83e865bcd56,3,5,4,solved,True,0.2780079999999998,15,3466,6,6,6-2-3-2-2-2-3-4-5-6,13228,13198,431,283,20
descendant,0,d59,0x1cec9f43ce245075b0ea308b7973cd86d,3,4,2,solved,True,0.06388899999999964,12,1061,6,6,6-2-3-3-2-3-4-5-6,4234,4216,398,294,17
E0,,E0,0x1,3,5,26,solved,True,0.2770019999999995,15,3436,6,6,6-2-3-2-3-2-3-4-5-6,12881,12851,588,426,20
descendant,1,d254,0x6737d2ee8492e7c8b943a0e1a26e6a046,3,4,4,solved,True,0.06465000000000032,12,1061,6,6,6-2-3-2-3-4-5-6,4633,4615,337,240,17
E0,,E0,0x1,3,5,61,solved,True,0.29501499999999936,15,3436,6,6,6-2-3-2-3-2-3-4-5-6,12275,12245,594,437,20
random,,r18,0x30054085902972ca948229e2be0afae5a,3,4,1,solved,True,0.07079699999999889,12,1061,6,6,6-2-3-2-3-4-5-6,4228,4210,333,231,17
descendant,1,d149,0x6a29a1bba81a817f02b7940b0723de894,3,5,4,solved,True,0.2812839999999994,15,3466,6,6,6-2-3-2-2-3-4-5-6,15512,15482,462,311,20
descendant,0,d260,0x42574b08f9dc08ecd2e13d8090ad12b21,3,5,3,solved,True,0.27527700000000266,15,3466,6,6,6-2-3-2-3-2-3-4-5-6,13217,13187,523,369,20
descendant,0,d105,0x16757ef5aeaa0592f69ecd0e05d2727c1,3,4,1,solved,True,0.06750900000000115,12,1061,6,6,6-2-3-2-2-3-4-5-6,4280,4262,329,231,17
random,,r7,0x5735ec1b3e70ba8eb2af62099b904552a,3,4,4,solved,True,0.07936100000000224,12,1061,6,6,6-2-3-2-2-3-4-5-6,4246,4228,330,231,17
descendant,1,d149,0x6a29a1bba81a817f02b7940b0723de894,3,4,3,solved,True,0.08095599999999692,12,1061,6,6,6-2-3-3-2-3-4-5-6,4477,4459,400,297,17
descendant,0,d109,0x2b24f66ea95ae86e2f6bf59345edf6bd6,3,4,2,solved,True,0.06851899999999489,12,1061,6,6,6-2-3-3-2-3-4-5-6,4232,4214,400,294,17
descendant,0,d178,0x2c9787372de01833166562c539cbae02c,3,4,3,solved,True,0.0662079999999996,12,1061,6,6,6-2-3-3-2-3-4-5-6,4487,4469,398,297,17
descendant,0,d82,0x455dcf9b6baf55904fcddf7add088312b,3,5,4,solved,True,0.26980000000000004,15,3466,6,6,6-2-3-2-3-2-3-4-5-6,14396,14366,476,326,20
descendant,1,d88,0x11c4791a0462daffe9cf91df98b522b83,3,5,1,solved,True,0.2912670000000013,15,3466,6,6,6-2-3-2-3-2-3-4-5-6,16239,16209,533,382,20
descendant,1,d120,0x2f9433432d037272266e032fffaaf89aa,3,5,3,solved,True,0.29002100000000297,15,3466,6,6,6-2-3-2-3-4-5-6,14951,14921,451,301,20
descendant,0,d4,0x38a1549552e8ad1cc78b1295a7f14eac4,3,5,1,solved,True,0.26709200000000166,15,3466,6,6,6-2-3-2-3-2-3-4-5-6,13204,13174,521,369,20
descendant,0,d49,0x73e8cc09e3496e8ad78bb3b46c1751126,3,5,3,solved,True,0.2743809999999982,15,3466,6,6,6-2-3-3-2-3-4-5-6,15565,15535,594,433,20
descendant,0,d87,0xd18ba4b0f46de0f1595b84056b3fcffb,3,4,1,solved,True,0.06936999999999927,12,1061,6,6,6-2-3-2-2-3-4-5-6,4477,4459,332,235,17
E0,,E0,0x1,3,4,71,solved,True,0.07445399999999935,12,1043,6,6,6-2-3-3-2-3-4-5-6,4852,4833,457,325,17
descendant,0,d68,0x3fe369f302d9da1afecabdbe0fd5caa7a,3,5,1,solved,True,0.25795800000000213,15,3466,6,6,6-2-3-2-2-3-4-5-6,15080,15050,452,301,20
descendant,1,d120,0x2f9433432d037272266e032fffaaf89aa,3,4,4,solved,True,0.06480600000000081,12,1061,6,6,6-2-3-2-2-3-4-5-6,4292,4274,330,231,17
descendant,0,d90,0x1a6f6c03bac6dc9bda445ec557a88a30f,3,5,2,solved,True,0.28465500000000077,15,3466,6,6,6-2-3-2-2-3-4-5-6,14374,14344,444,293,20
descendant,1,d62,0x7c8857448d048353655694cc56d75363c,3,5,4,solved,True,0.28283599999999964,15,3466,6,6,6-2-3-2-2-3-4-5-6,14944,14914,452,301,20
descendant,1,d6,0x9399e01e8799a5fdd6da3c246e32acd5,3,4,1,solved,True,0.07434100000000043,12,1061,6,6,6-2-3-2-2-3-4-5-6,4781,4763,339,238,17
descendant,0,d235,0x48720f769953b071364d6cf5ee51d79d1,3,4,4,solved,True,0.06598800000000082,12,1061,6,6,6-2-3-2-3-4-5-6,4625,4607,340,240,17
descendant,0,d142,0x34c30acadb5f75eef45c8fba19984a310,3,5,1,solved,True,0.2533069999999995,15,3466,6,6,6-2-3-2-3-2-3-4-5-6,14439,14409,479,326,20
descendant,1,d158,0x6f514cabfdbec0ee57f5dcc4987dc83f0,3,4,2,solved,True,0.06953599999999938,12,1061,6,6,6-2-3-2-3-4-5-6,4212,4194,332,231,17
descendant,0,d114,0x1f68d35be6e1253263633db1508483125,3,5,2,solved,True,0.2784729999999982,15,3466,6,6,6-2-3-3-2-3-4-5-6,14440,14410,584,423,20
descendant,0,d42,0x1729343319b55ebc3b3a82b1dc095d5b,3,4,2,solved,True,0.07517999999999958,12,1061,6,6,6-2-3-2-2-3-4-5-6,5148,5130,348,248,17
descendant,1,d136,0x824921094879bc269f3074668ba97b8f,3,5,1,solved,True,0.2555600000000027,15,3466,6,6,6-2-3-2-2-3-4-5-6,13508,13478,434,283,20
descendant,0,d177,0x7c141cdbe2d6a4df286f268ecc455da3e,3,5,4,solved,True,0.26361400000000046,15,3466,6,6,6-2-3-2-2-2-3-4-5-6,13214,13184,433,283,20
random,,r10,0x3c4dd28efe34d6468bb457da9023f13ef,3,4,1,solved,True,0.07529800000000009,12,1061,6,6,6-2-3-3-2-3-4-5-6,4223,4205,398,294,17
E0,,E0,0x1,3,5,29,solved,True,0.29403800000000047,15,3436,6,6,6-2-3-2-3-2-3-4-5-6,12394,12364,603,444,20
descendant,1,d254,0x6737d2ee8492e7c8b943a0e1a26e6a046,3,4,2,solved,True,0.06781700000000157,12,1061,6,6,6-2-3-2-3-4-5-6,5023,5005,343,243,17
E0,,E0,0x1,3,4,72,solved,True,0.06343999999999994,12,1043,6,6,6-2-3-3-2-3-4-5-6,4197,4178,370,273,17
descendant,0,d222,0x1b9b6a54a2b4db0634c71eb2d65d3a5d5,3,4,1,solved,True,0.06562899999999772,12,1061,6,6,6-2-3-2-2-3-4-5-6,4461,4443,336,235,17
descendant,1,d50,0xfe8b818862e2a1f881b6755c04b53b3b,3,5,1,solved,True,0.25866200000000106,15,3466,6,6,6-2-3-3-2-3-4-5-6,15494,15464,594,433,20
descendant,1,d172,0x31ac4e23f32628817f72908e8f41db46e,3,5,3,solved,True,0.25688900000000103,15,3466,6,6,6-2-3-3-2-3-4-5-6,13307,13277,567,413,20
descendant,0,d109,0x2b24f66ea95ae86e2f6bf59345edf6bd6,3,5,4,solved,True,0.26725800000000177,15,3466,6,6,6-2-3-2-3-2-3-4-5-6,14967,14937,534,384,20
descendant,0,d128,0x47a535820bff7b9046dfb62d0ecf7fd8b,3,4,3,solved,True,0.06985499999999689,12,1061,6,6,6-2-3-3-2-3-4-5-6,4734,4716,396,294,17
descendant,1,d253,0x5145b780bee05e43a87a5392935996539,3,4,3,solved,True,0.07063399999999831,12,1061,6,6,6-2-3-3-2-3-4-5-6,4764,4746,398,294,17
E0,,E0,0x1,3,4,31,solved,True,0.06475900000000223,12,1043,6,6,6-2-3-3-2-3-3-3-2-3-2-3-4-5-6,5396,5377,303,212,17
descendant,1,d140,0x7ab8ae4276ab4d0bd26cd9c54ce5c228a,3,4,1,solved,True,0.06474400000000102,12,1061,6,6,6-2-3-3-2-3-4-5-6,4206,4188,396,294,17
descendant,1,d89,0x367d8673783c2f4673a447a4ed5269516,3,5,4,solved,True,0.27115500000000026,15,3466,6,6,6-2-3-2-2-2-3-4-5-6,13225,13195,434,283,20
descendant,1,d182,0x33db101d94ca827f757e351001f0b87a6,3,4,1,solved,True,0.07330500000000129,12,1061,6,6,6-2-3-2-3-2-3-4-5-6,4479,4463,358,260,17
descendant,1,d15,0x3ebf8a5e492fd2ec12dc99e23299fe124,3,5,1,solved,True,0.25205199999999905,15,3466,6,6,6-2-3-2-3-2-3-4-5-6,13204,13174,522,369,20
descendant,0,d234,0x25d7f81aeee3dbbbba7e1a86fe7b1cb46,3,4,1,solved,True,0.0674759999999992,12,1061,6,6,6-2-3-2-3-2-3-4-5-6,4488,4470,362,262,17
descendant,1,d103,0x7daf41c59cc347af322f3eeb07d3de9ea,3,5,2,solved,True,0.276843999999997,15,3466,6,6,6-2-3-3-2-3-4-5-6,14146,14116,584,425,20
descendant,1,d153,0x346ba0b68f99e5ec6b9dafa57f0d311ba,3,4,4,solved,True,0.06513800000000103,12,1061,6,6,6-2-3-2-2-3-4-5-6,4311,4293,333,231,17
descendant,1,d188,0x42bb69ba29abd1c6ec710ef684632de23,3,4,1,solved,True,0.07230899999999707,12,1061,6,6,6-2-3-2-2-3-4-5-6,4775,4757,338,238,17
descendant,1,d163,0x57cf20cccd0d555c5f95c58ccda8fc4a7,3,4,1,solved,True,0.06631900000000002,12,1061,6,6,6-2-3-2-2-3-4-5-6,4293,4275,332,231,17
descendant,0,d241,0x413b94cd1c2e83d2a5b45741dd6b3795f,3,4,4,solved,True,0.06747099999999762,12,1061,6,6,6-2-3-2-3-4-5-6,4625,4607,340,240,17
descendant,1,d101,0x7defc95597964352e85e6d26547e563f,3,4,4,solved,True,0.0730590000000042,12,1061,6,6,6-2-3-2-3-4-5-6,4615,4597,339,240,17
descendant,0,d26,0x4800e3f366f34256d3a0e9d83c733f723,3,4,4,solved,True,0.0697320000000019,12,1061,6,6,6-2-3-2-2-3-4-5-6,5122,5104,348,248,17
descendant,0,d61,0x61dafffc801e3d12d932586bf313fc4fa,3,5,2,solved,True,0.2713070000000002,15,3466,6,6,6-2-3-2-2-3-4-5-6,13424,13394,435,283,20
descendant,1,d236,0x9581dc3d7b73f42601641f2d5d75927d,3,4,1,solved,True,0.08006400000000014,12,1061,6,6,6-2-3-2-3-2-3-4-5-6,4476,4458,365,262,17
E0,,E0,0x1,3,4,75,solved,True,0.06748999999999938,12,1043,6,6,6-2-3-4-2-2-3-4-5-6,5100,5081,654,477,17
E0,,E0,0x1,3,4,56,solved,True,0.06576899999999952,12,1043,6,6,6-2-3-2-3-2-3-4-5-6,4175,4156,381,270,17
random,,r38,0x7c9c6d2352c2608a8e1ac55e2a08404a6,3,4,2,solved,True,0.06665800000000033,12,1061,6,6,6-2-3-2-2-3-4-5-6,4241,4223,331,231,17
descendant,0,d174,0x5db654363927d10d6771bbfe235a4245d,3,5,4,solved,True,0.25854,15,3466,6,6,6-2-3-2-3-2-3-4-5-6,14960,14930,533,381,20
descendant,1,d240,0x5438ba06e14c74e998373466a491bf47b,3,5,4,solved,True,0.2866359999999979,15,3466,6,6,6-2-3-2-3-2-3-4-5-6,14916,14886,536,381,20
descendant,0,d189,0x42a1f19b9bc836a1efec12c5c3d2c8e51,3,5,3,solved,True,0.273022000000001,15,3466,6,6,6-2-3-3-2-3-4-5-6,13305,13275,573,413,20
descendant,1,d140,0x7ab8ae4276ab4d0bd26cd9c54ce5c228a,3,5,1,solved,True,0.2802289999999985,15,3466,6,6,6-2-3-2-2-3-4-5-6,13533,13503,434,283,20
descendant,1,d253,0x5145b780bee05e43a87a5392935996539,3,5,1,solved,True,0.26164599999999893,15,3466,6,6,6-2-3-3-2-3-4-5-6,13224,13194,577,417,20
random,,r26,0x513835c8bc81a770bc62c6fb3425b721e,3,4,1,solved,True,0.07366400000000439,12,1061,6,6,6-2-3-2-3-2-3-4-5-6,4444,4426,364,262,17
random,,r31,0x40137030b0fd3ef8da5ea4ff481444876,3,5,1,solved,True,0.2507480000000015,15,3466,6,6,6-2-3-2-2-3-4-5-6,14415,14385,440,289,20
descendant,0,d109,0x2b24f66ea95ae86e2f6bf59345edf6bd6,3,5,1,solved,True,0.2798339999999975,15,3466,6,6,6-2-3-2-2-3-4-5-6,14440,14410,439,289,20
descendant,0,d69,0x49d06671fce2974f3f7c4b57ac263a037,3,5,1,solved,True,0.2797400000000003,15,3466,6,6,6-2-3-2-2-2-3-4-5-6,14478,14448,446,294,20
descendant,0,d57,0x7e692af8166d618f5dfcae83e865bcd56,3,4,4,solved,True,0.06713500000000039,12,1061,6,6,6-2-3-2-3-2-3-4-5-6,4454,4436,364,262,17
descendant,1,d215,0x337578b65f444d299ae723bed169c1cf4,3,4,1,solved,True,0.06760100000000335,12,1061,6,6,6-2-3-2-3-4-5-6,5007,4989,343,243,17
descendant,1,d34,0x4ccd3eb998bd563dec81902c927ba27b1,3,4,1,solved,True,0.0702009999999973,12,1061,6,6,6-2-3-2-2-3-4-5-6,4755,4737,340,238,17
descendant,0,d112,0x1994e3603f97ef024ee05440540a67bc7,3,5,4,solved,True,0.2677119999999995,15,3466,6,6,6-2-3-2-3-2-3-4-5-6,15030,15000,534,381,20
descendant,1,d251,0x2ceb5a2074f07d9841d4fc365c56074f0,3,5,4,solved,True,0.2811000000000021,15,3466,6,6,6-2-3-2-3-2-3-4-5-6,14890,14860,540,384,20
random,,r24,0x747d2357324667ee875d2604ed162987a,3,4,1,solved,True,0.07921699999999987,12,1061,6,6,6-2-3-2-2-3-4-5-6,4219,4201,330,231,17
descendant,1,d251,0x2ceb5a2074f07d9841d4fc365c56074f0,3,5,2,solved,True,0.30405899999999875,15,3466,6,6,6-2-3-3-2-3-4-5-6,14462,14432,583,423,20
random,,r5,0x57d2f5a17fa44525671162d58f74a9fe6,3,4,2,solved,True,0.075129000000004,12,1061,6,6,6-2-3-3-2-3-4-5-6,4470,4452,400,297,17
descendant,0,d36,0x451b962e8e37e5267349c9f6aae91ea13,3,5,2,solved,True,0.26521800000000084,15,3466,6,6,6-2-3-2-3-2-3-4-5-6,13207,13177,523,369,20
descendant,0,d67,0x5ad886fec50f02b8ab5fabfd00ecdb001,3,4,2,solved,True,0.07537999999999911,12,1061,6,6,6-2-3-2-2-3-4-5-6,5147,5129,348,248,17
descendant,1,d107,0x1e1c60e485ca18e811e59d7a38ab556d3,3,4,2,solved,True,0.06770799999999966,12,1061,6,6,6-2-3-2-2-3-4-5-6,5150,5132,349,248,17
descendant,0,d181,0x67a9cb278d47eca3db9edf1d62c3ea42a,3,5,3,solved,True,0.2612749999999977,15,3466,6,6,6-2-3-2-3-2-3-4-5-6,14172,14142,524,372,20
descendant,0,d165,0x64fcdc81cc55310cd05c6a8d83db3faae,3,5,1,solved,True,0.2823209999999996,15,3466,6,6,6-2-3-3-2-3-4-5-6,14462,14432,580,423,20
descendant,1,d102,0x7200cf2ff4d279ce096e5dba8b281d236,3,4,3,solved,True,0.06619099999999634,12,1061,6,6,6-2-3-2-2-3-4-5-6,4243,4225,331,231,17
descendant,1,d71,0x112ac2dcb4366ab589479f8be934e6f93,3,4,2,solved,True,0.06626799999999733,12,1061,6,6,6-2-3-3-2-3-4-5-6,4459,4441,398,297,17
descendant,1,d149,0x6a29a1bba81a817f02b7940b0723de894,3,4,4,solved,True,0.06939799999999963,12,1061,6,6,6-2-3-2-3-4-5-6,4650,4632,340,240,17
descendant,1,d83,0x62b4a3a40650f0529e2400d3eece5659a,3,5,1,solved,True,0.27479299999999895,15,3466,6,6,6-2-3-3-2-3-4-5-6,13257,13227,577,417,20
descendant,0,d178,0x2c9787372de01833166562c539cbae02c,3,5,3,solved,True,0.29990700000000103,15,3466,6,6,6-2-3-2-2-2-3-4-5-6,13771,13741,434,283,20
descendant,1,d44,0x17712105a1a917330c2e36631b0bf2477,3,5,2,solved,True,0.27148400000000095,15,3466,6,6,6-2-3-2-2-3-4-5-6,13414,13384,433,283,20
descendant,0,d51,0x27e09a4aefd0a32b4edd5c9d3c2207c3a,3,4,4,solved,True,0.06971500000000219,12,1061,6,6,6-2-3-2-3-2-3-4-5-6,5023,5005,374,272,17
random,,r36,0x79a58d762514600707aabe58bb3c067e7,3,4,2,solved,True,0.0726079999999989,12,1061,6,6,6-2-3-2-2-3-4-5-6,4756,4738,337,238,17
descendant,0,d238,0x60f7c8d9e19a06f553b0a1d1ed90b923c,3,4,2,solved,True,0.06432500000000374,12,1061,6,6,6-2-3-3-2-3-4-5-6,4724,4706,398,294,17
descendant,1,d180,0x1e7d56fa1e94716a29fd4c6e079432427,3,4,4,solved,True,0.07414400000000043,12,1061,6,6,6-2-3-2-3-4-5-6,4624,4606,340,240,17
descendant,0,d1,0x53b2a15d2d4705b05b37fc29b03e5b64d,3,4,2,solved,True,0.07474499999999651,12,1061,6,6,6-2-3-3-2-3-4-5-6,4695,4677,398,294,17
descendant,1,d159,0x7734d104e2ae353b2a9a15cc93e4e26e2,3,5,4,solved,True,0.2720059999999975,15,3466,6,6,6-2-3-2-2-3-4-5-6,15488,15458,462,311,20
descendant,1,d43,0x3eac3e851da537c0d7da0938edc51d5ca,3,4,4,solved,True,0.07666899999999899,12,1061,6,6,6-2-3-2-3-2-3-4-5-6,4992,4974,375,272,17
descendant,1,d30,0x76380792d43b1dbb8f81b33d0279557ee,3,5,2,solved,True,0.25901199999999847,15,3466,6,6,6-2-3-2-2-3-4-5-6,14413,14383,438,289,20
descendant,0,d255,0x7438ead7f6b216d711dd286006c31aa3e,3,4,2,solved,True,0.07269400000000559,12,1061,6,6,6-2-3-2-2-3-4-5-6,5138,5120,349,248,17
descendant,0,d116,0x522a0dc6e5a8a3a25617a4db3848460fd,3,4,1,solved,True,0.0660330000000009,12,1061,6,6,6-2-3-2-3-4-5-6,4467,4449,335,235,17
descendant,0,d86,0x2407f5a189084bee8284bcec49dc97dda,3,5,2,solved,True,0.27022600000000097,15,3466,6,6,6-2-3-2-3-2-3-4-5-6,13535,13505,521,369,20
descendant,0,d126,0x2cacb70dc47e5b9a6349c787b5c32bcfa,3,5,2,solved,True,0.2489530000000002,15,3466,6,6,6-2-3-2-2-3-4-5-6,14310,14280,444,293,20
random,,r31,0x40137030b0fd3ef8da5ea4ff481444876,3,5,3,solved,True,0.2547150000000009,15,3466,6,6,6-2-3-3-2-3-4-5-6,13305,13275,571,413,20
descendant,1,d190,0x5f45884e703f81e86996cccf0a8c14659,3,4,3,solved,True,0.06666099999999986,12,1061,6,6,6-2-3-3-2-3-4-5-6,4238,4220,396,294,17
E0,,E0,0x1,3,4,20,solved,True,0.0604979999999955,12,1043,6,6,6-2-3-3-2-3-4-5-6,4163,4144,372,273,17
descendant,0,d176,0x7b98285ee2943dc8682f5f529fd52c980,3,4,4,solved,True,0.07369999999999877,12,1061,6,6,6-2-3-2-3-4-5-6,4635,4617,341,240,17
descendant,1,d81,0x12ea4ec43439524172de0ad354a6c5941,3,5,3,solved,True,0.29257000000000133,15,3466,6,6,6-2-3-3-2-3-4-5-6,15569,15539,593,433,20
descendant,1,d149,0x6a29a1bba81a817f02b7940b0723de894,3,4,2,solved,True,0.06623599999999996,12,1061,6,6,6-2-3-2-2-3-4-5-6,4794,4776,337,238,17
descendant,1,d164,0x4f0c59bdf8c9054d7b84ff2224bf718eb,3,4,2,solved,True,0.07251000000000118,12,1061,6,6,6-2-3-2-2-3-4-5-6,4247,4229,329,231,17
random,,r39,0x17f6c1f4e6a18e32e97b46fcc519c19ca,3,5,3,solved,True,0.2502120000000012,15,3466,6,6,6-2-3-2-2-3-4-5-6,14281,14251,443,293,20
E0,,E0,0x1,3,5,42,solved,True,0.25329400000000035,15,3436,6,6,6-2-3-2-3-2-3-4-5-6,13002,12972,446,300,20
descendant,1,d104,0x4df77d1a97b20dfb21192482f1cd7bd6d,3,5,3,solved,True,0.2771829999999973,15,3466,6,6,6-2-3-2-3-2-3-4-5-6,13227,13197,521,369,20
descendant,1,d135,0x4b6f4aedf31a71f526b4308aeb2db1361,3,5,2,solved,True,0.2616019999999999,15,3466,6,6,6-2-3-2-2-3-4-5-6,13298,13268,434,283,20
descendant,1,d50,0xfe8b818862e2a1f881b6755c04b53b3b,3,4,3,solved,True,0.07337099999999808,12,1061,6,6,6-2-3-3-2-3-4-5-6,4738,4720,397,294,17
descendant,1,d91,0x77a59fa1ec12e7df8655dd995dec5bef2,3,4,4,solved,True,0.07452299999999923,12,1061,6,6,6-2-3-2-3-2-3-4-5-6,5007,4989,374,272,17
descendant,0,d197,0x283e0e7def2f755a62c475993b97cc610,3,4,2,solved,True,0.0730130000000031,12,1061,6,6,6-2-3-3-2-3-4-5-6,4470,4452,401,297,17
descendant,1,d157,0x2a281bc876e2581b088fa834d83f0118a,3,4,3,solved,True,0.06694800000000001,12,1061,6,6,6-2-3-3-2-3-4-5-6,4756,4738,398,294,17
descendant,0,d75,0x588cdbe30c37d9547410df815a02110fb,3,5,3,solved,True,0.2709879999999991,15,3466,6,6,6-2-3-3-2-3-4-5-6,14444,14414,583,423,20
descendant,1,d11,0x1f3826f848cff1f6c9657117ef4ddd139,3,4,4,solved,True,0.07398200000000088,12,1061,6,6,6-2-3-2-3-4-5-6,4625,4607,340,240,17
descendant,1,d123,0x1ca05b9628bda070c6e1981acf88bdc35,3,5,3,solved,True,0.26157500000000056,15,3466,6,6,6-2-3-2-2-3-4-5-6,13419,13389,433,283,20
descendant,0,d174,0x5db654363927d10d6771bbfe235a4245d,3,5,2,solved,True,0.2931290000000004,15,3466,6,6,6-2-3-2-2-2-3-4-5-6,16558,16528,459,308,20
descendant,1,d81,0x12ea4ec43439524172de0ad354a6c5941,3,5,4,solved,True,0.25156399999999834,15,3466,6,6,6-2-3-2-3-2-3-4-5-6,14394,14364,478,326,20
descendant,0,d155,0x6a26ae33f796563d34a0d159f9b5dc012,3,5,2,solved,True,0.2563040000000001,15,3466,6,6,6-2-3-2-2-3-4-5-6,14263,14233,443,293,20
descendant,0,d3,0x2970943988085c950a464102342c27420,3,4,1,solved,True,0.06991000000000014,12,1061,6,6,6-2-3-2-2-3-4-5-6,4789,4771,336,238,17
descendant,1,d150,0x3a134cd82c8690680bc849e9f981cba90,3,5,2,solved,True,0.29101400000000055,15,3466,6,6,6-2-3-2-2-3-4-5-6,14356,14326,441,293,20
descendant,1,d104,0x4df77d1a97b20dfb21192482f1cd7bd6d,3,4,3,solved,True,0.09157999999999689,12,1061,6,6,6-2-3-3-2-3-4-5-6,4737,4719,397,294,17
E0,,E0,0x1,3,5,52,solved,True,0.25718900000000033,15,3436,6,6,6-2-3-2-3-2-3-4-5-6,12838,12808,580,419,20
descendant,1,d11,0x1f3826f848cff1f6c9657117ef4ddd139,3,4,2,solved,True,0.068048000000001,12,1061,6,6,6-2-3-2-3-4-5-6,4217,4199,331,231,17
descendant,1,d199,0xf3be1caa95cb497917b9e131862e6fbd,3,5,3,solved,True,0.2895859999999999,15,3466,6,6,6-2-3-2-3-4-5-6,14945,14915,452,301,20
E0,,E0,0x1,3,4,46,solved,True,0.06643700000000408,12,1043,6,6,6-2-3-3-3-2-3-2-3-3-2-3-4-3-2-3-5-6,5013,4994,390,281,17
descendant,1,d233,0x765838b47f9f40f77070ab500719552ea,3,4,2,solved,True,0.07122100000000131,12,1061,6,6,6-2-3-3-2-3-4-5-6,4751,4733,397,294,17
random,,r39,0x17f6c1f4e6a18e32e97b46fcc519c19ca,3,4,2,solved,True,0.07870899999999992,12,1061,6,6,6-2-3-3-2-3-4-5-6,4217,4199,399,294,17
descendant,0,d14,0x6d1293ed7a6e90cef0292851db18baa38,3,5,3,solved,True,0.2672130000000017,15,3466,6,6,6-2-3-3-2-3-4-5-6,14276,14246,579,420,20
descendant,1,d58,0x5229515737573a5546f22f68949d2651d,3,4,2,solved,True,0.06396000000000157,12,1061,6,6,6-2-3-2-2-3-4-5-6,5128,5110,348,248,17
descendant,1,d9,0x1235e6bb63c0ae62d2ad06c66f0075dd1,3,4,4,solved,True,0.06777900000000159,12,1061,6,6,6-2-3-2-3-4-5-6,4625,4607,340,240,17
random,,r11,0x6166d7f51a48315926f85cfc243b1340b,3,4,3,solved,True,0.0684989999999992,12,1061,6,6,6-2-3-3-2-3-4-5-6,4741,4723,399,294,17
descendant,0,d7,0x5ce2bafcd949830ce62ec0235672883e9,3,5,2,solved,True,0.2680900000000008,15,3466,6,6,6-2-3-3-2-3-4-5-6,14119,14089,584,425,20
descendant,0,d90,0x1a6f6c03bac6dc9bda445ec557a88a30f,3,5,3,solved,True,0.27897700000000114,15,3466,6,6,6-2-3-3-2-3-4-5-6,15553,15523,594,433,20
descendant,1,d163,0x57cf20cccd0d555c5f95c58ccda8fc4a7,3,4,2,solved,True,0.07012100000000032,12,1061,6,6,6-2-3-3-2-3-4-5-6,4743,4725,396,294,17
descendant,1,d18,0x289bcd46096a3b58450dd47e44342c9b,3,5,2,solved,True,0.26135900000000234,15,3466,6,6,6-2-3-2-2-3-4-5-6,14311,14281,437,293,20
E0,,E0,0x1,3,5,4,solved,True,0.290105999999998,15,3436,6,6,6-2-3-3-3-3-4-3-2-2-2-2-3-2-3-4-5-6,17811,17781,965,669,20
E0,,E0,0x1,3,4,35,solved,True,0.06657099999999971,12,1043,6,6,6-2-3-3-2-3-4-5-6,4447,4428,377,279,17
descendant,0,d64,0x1c9be51908f70d585373c6ee768481d1f,3,4,1,solved,True,0.07039699999999982,12,1061,6,6,6-2-3-3-2-3-4-5-6,4197,4179,400,294,17
descendant,0,d137,0xa9a6abd86871900d7522445f88eb3041,3,4,1,solved,True,0.06659699999999802,12,1061,6,6,6-2-3-2-3-4-5-6,4469,4451,335,235,17
descendant,0,d226,0x784c5a04e4248b2f69d9fbad9c33498a8,3,5,2,solved,True,0.25484300000000104,15,3466,6,6,6-2-3-2-3-2-3-4-5-6,14570,14540,530,378,20
descendant,0,d114,0x1f68d35be6e1253263633db1508483125,3,4,1,solved,True,0.0669919999999955,12,1061,6,6,6-2-3-2-3-2-3-4-5-6,4489,4471,363,262,17
E0,,E0,0x1,3,5,72,solved,True,0.26409599999999855,15,3436,6,6,6-2-3-2-2-3-2-3-4-5-6,13640,13610,522,367,20
descendant,1,d96,0x2269b6d64e03765c0739b92bdbd1228ca,3,4,3,solved,True,0.0704589999999996,12,1061,6,6,6-2-3-2-3-4-5-6,4214,4196,331,231,17
descendant,0,d156,0x5d1252c137c628984d489db9419b53db9,3,4,3,solved,True,0.07275600000000182,12,1061,6,6,6-2-3-3-2-3-4-5-6,4760,4742,398,294,17
descendant,0,d51,0x27e09a4aefd0a32b4edd5c9d3c2207c3a,3,5,2,solved,True,0.25766300000000086,15,3466,6,6,6-2-3-2-2-3-4-5-6,14440,14410,440,289,20
descendant,1,d254,0x6737d2ee8492e7c8b943a0e1a26e6a046,3,5,1,solved,True,0.2866139999999966,15,3466,6,6,6-2-3-2-2-3-4-5-6,13451,13421,432,283,20
descendant,0,d98,0x64aa618e4d7cf361dd0ab74a21806f1f0,3,5,1,solved,True,0.2674219999999998,15,3466,6,6,6-2-3-2-2-3-4-5-6,13432,13402,434,283,20
random,,r38,0x7c9c6d2352c2608a8e1ac55e2a08404a6,3,5,3,solved,True,0.27081799999999845,15,3466,6,6,6-2-3-2-2-3-4-5-6,13489,13459,434,283,20
E0,,E0,0x1,3,5,64,solved,True,0.30461599999999933,15,3436,6,6,6-2-3-3-3-3-2-2-2-3-3-4-5-6,18220,18196,584,390,32
E0,,E0,0x1,3,4,79,solved,True,0.06487200000000115,12,1043,6,6,6-2-3-3-2-3-4-5-6,5374,5355,372,274,17
descendant,0,d133,0x7d79e288bbf062c834da78d42e4a17ce0,3,5,4,solved,True,0.2815679999999965,15,3466,6,6,6-2-3-3-2-3-4-5-6,13252,13222,573,413,20
descendant,0,d10,0x21efbc6d26559ce29fb0fb16beed8bc74,3,4,2,solved,True,0.06881600000000532,12,1061,6,6,6-2-3-2-2-3-4-5-6,4793,4775,338,238,17
descendant,0,d130,0x473b886587d259f1598c51e253c2395b3,3,4,2,solved,True,0.06801899999999961,12,1061,6,6,6-2-3-3-2-3-4-5-6,4459,4441,401,297,17
descendant,0,d186,0x3dba68d2d1db144f20fe0652052ae0350,3,4,3,solved,True,0.0680940000000021,12,1061,6,6,6-2-3-2-2-3-4-5-6,4239,4221,331,231,17
random,,r27,0x4d9d1a3a0f43e414dce5cedbb4223bfe,3,4,2,solved,True,0.07284399999999636,12,1061,6,6,6-2-3-2-3-2-3-4-5-6,4447,4429,364,262,17
E0,,E0,0x1,3,5,60,solved,True,0.28873000000000104,15,3436,6,6,6-2-3-2-3-2-3-4-5-6,13356,13326,595,436,20
descendant,1,d43,0x3eac3e851da537c0d7da0938edc51d5ca,3,5,1,solved,True,0.28233700000000184,15,3466,6,6,6-2-3-3-2-3-4-5-6,14150,14120,583,425,20
descendant,1,d113,0x57e3b39aea7b420456d85034025e6935f,3,4,3,solved,True,0.070136999999999,12,1061,6,6,6-2-3-3-2-3-4-5-6,4219,4201,400,294,17
descendant,1,d79,0x1e188b2f3f04871f4b035dae5eb59feab,3,5,4,solved,True,0.2596330000000009,15,3466,6,6,6-2-3-2-2-3-4-5-6,15497,15467,461,311,20
descendant,1,d84,0x6e0be5e9f6818112b00a4841f809a1d9e,3,5,4,solved,True,0.27765299999999726,15,3466,6,6,6-2-3-2-2-3-4-5-6,14371,14341,441,293,20
descendant,1,d141,0x1d905d916248f4d5b99bffb706fccae9f,3,4,3,solved,True,0.07192299999999818,12,1061,6,6,6-2-3-2-3-4-5-6,4633,4615,341,240,17
descendant,0,d228,0x6d20a8996fe80a6e006d15d8384fb540c,3,4,1,solved,True,0.06522700000000015,12,1061,6,6,6-2-3-3-2-3-4-5-6,4726,4708,398,294,17
descendant,0,d261,0x184c28af14000136d0051c59203a1e0f5,3,4,3,solved,True,0.06345699999999965,12,1061,6,6,6-2-3-2-2-3-4-5-6,4449,4431,336,235,17
descendant,0,d235,0x48720f769953b071364d6cf5ee51d79d1,3,4,2,solved,True,0.07899399999999801,12,1061,6,6,6-2-3-3-2-3-4-5-6,4713,4695,398,294,17
descendant,0,d248,0xc756e1ddb5f119ccfbc736687ea9d9ad,3,5,1,solved,True,0.2836529999999975,15,3466,6,6,6-2-3-3-2-3-4-5-6,14146,14116,584,425,20
random,,r2,0x490a6e586591c9fb91f8938a1e54b0b8a,3,4,2,solved,True,0.06857000000000113,12,1061,6,6,6-2-3-2-2-3-4-5-6,4793,4775,337,238,17
descendant,0,d245,0x16d04b90c7148e2cc402d6641bc2b904f,3,5,3,solved,True,0.26419199999999776,15,3466,6,6,6-2-3-2-3-4-5-6,14948,14918,452,301,20
descendant,1,d259,0x6d46a1b88290e348d3116055c40d4b21e,3,5,3,solved,True,0.28879399999999933,15,3466,6,6,6-2-3-3-2-3-4-5-6,14471,14441,580,423,20
random,,r37,0x4ce67bee4ade9092fcb54c378868d6f66,3,5,3,solved,True,0.2614610000000006,15,3466,6,6,6-2-3-2-3-2-3-4-5-6,13227,13197,522,369,20
E0,,E0,0x1,3,4,26,solved,True,0.07442900000000208,12,1043,6,6,6-2-3-3-2-3-4-5-6,5371,5352,377,278,17
descendant,0,d197,0x283e0e7def2f755a62c475993b97cc610,3,5,4,solved,True,0.27532899999999927,15,3466,6,6,6-2-3-2-2-2-3-4-5-6,13228,13198,431,283,20
descendant,1,d164,0x4f0c59bdf8c9054d7b84ff2224bf718eb,3,4,3,solved,True,0.07425900000000141,12,1061,6,6,6-2-3-3-2-3-4-5-6,4741,4723,397,294,17
random,,r23,0x364aa93cd8344b4826835c30eea11ef03,3,4,1,solved,True,0.07614999999999839,12,1061,6,6,6-2-3-2-3-4-5-6,4201,4183,331,231,17
E0,,E0,0x1,3,5,49,solved,True,0.2754480000000008,15,3436,6,6,6-2-3-2-3-2-3-4-5-6,12851,12821,583,422,20
E0,,E0,0x1,3,5,66,solved,True,0.27552400000000077,15,3436,6,6,6-2-3-2-2-3-2-3-4-5-6,13606,13576,520,367,20
descendant,0,d63,0x497ecc75314c41f72cd92399ce7c421ed,3,5,3,solved,True,0.27438000000000073,15,3466,6,6,6-2-3-2-3-2-3-4-5-6,13227,13197,523,369,20
E0,,E0,0x1,3,4,54,solved,True,0.0803699999999985,12,1043,6,6,6-2-3-2-3-2-3-4-5-6,5069,5050,341,245,17
descendant,0,d57,0x7e692af8166d618f5dfcae83e865bcd56,3,5,2,solved,True,0.28223400000000254,15,3466,6,6,6-2-3-3-2-3-4-5-6,14466,14436,583,423,20
descendant,0,d255,0x7438ead7f6b216d711dd286006c31aa3e,3,5,1,solved,True,0.2937309999999975,15,3466,6,6,6-2-3-2-2-3-4-5-6,13451,13421,433,283,20
descendant,0,d90,0x1a6f6c03bac6dc9bda445ec557a88a30f,3,5,4,solved,True,0.28776200000000074,15,3466,6,6,6-2-3-2-3-2-3-4-5-6,14544,14514,527,372,20
descendant,1,d237,0x4e96d24e294b11bdfd4dff9e1fd7635c3,3,4,1,solved,True,0.06582200000000427,12,1061,6,6,6-2-3-2-2-3-4-5-6,4792,4774,338,238,17
descendant,0,d36,0x451b962e8e37e5267349c9f6aae91ea13,3,4,2,solved,True,0.07667099999999749,12,1061,6,6,6-2-3-2-3-4-5-6,4217,4199,331,231,17
descendant,0,d42,0x1729343319b55ebc3b3a82b1dc095d5b,3,5,3,solved,True,0.29802700000000115,15,3466,6,6,6-2-3-2-3-2-3-4-5-6,14114,14084,525,372,20
descendant,0,d217,0x4a61b1d6894bdf065f2e8452518ba7929,3,5,2,solved,True,0.2914539999999981,15,3466,6,6,6-2-3-2-3-2-3-4-5-6,13743,13713,521,369,20
descendant,1,d223,0x7f59881f65b46784928483fc532a92ca2,3,5,1,solved,True,0.28955400000000253,15,3466,6,6,6-2-3-3-2-3-4-5-6,13258,13228,575,417,20
descendant,1,d60,0x2f19d882161a586fe5dcf491ce6055114,3,5,4,solved,True,0.2942689999999999,15,3466,6,6,6-2-3-2-2-3-4-5-6,15024,14994,452,301,20
descendant,0,d108,0x63d191066a33756500331f9bdec19981a,3,5,2,solved,True,0.3042129999999972,15,3466,6,6,6-2-3-2-2-3-4-5-6,13611,13581,439,288,20
descendant,0,d197,0x283e0e7def2f755a62c475993b97cc610,3,5,3,solved,True,0.27003600000000105,15,3466,6,6,6-2-3-2-3-2-3-4-5-6,14945,14915,532,381,20
descendant,1,d101,0x7defc95597964352e85e6d26547e563f,3,4,2,solved,True,0.06687300000000107,12,1061,6,6,6-2-3-2-2-3-4-5-6,4758,4740,338,238,17
descendant,1,d27,0x2e670ee2b9b86c05d6a242148468dc3d6,3,5,2,solved,True,0.27913600000000116,15,3466,6,6,6-2-3-2-2-3-4-5-6,14356,14326,444,293,20
random,,r39,0x17f6c1f4e6a18e32e97b46fcc519c19ca,3,5,4,solved,True,0.28373799999999605,15,3466,6,6,6-2-3-2-3-2-3-4-5-6,13752,13722,523,369,20
descendant,1,d140,0x7ab8ae4276ab4d0bd26cd9c54ce5c228a,3,5,4,solved,True,0.29332599999999687,15,3466,6,6,6-2-3-2-2-3-4-5-6,14408,14378,441,289,20
random,,r9,0xbcbc4456bdb91df8d0c788266f072be3,3,4,3,solved,True,0.07798200000000222,12,1061,6,6,6-2-3-3-2-3-4-5-6,4741,4723,396,294,17
descendant,0,d86,0x2407f5a189084bee8284bcec49dc97dda,3,4,3,solved,True,0.06863300000000194,12,1061,6,6,6-2-3-3-2-3-4-5-6,4753,4735,398,294,17
descendant,1,d50,0xfe8b818862e2a1f881b6755c04b53b3b,3,4,2,solved,True,0.07071200000000388,12,1061,6,6,6-2-3-3-2-3-4-5-6,4232,4214,397,294,17
descendant,1,d71,0x112ac2dcb4366ab589479f8be934e6f93,3,4,3,solved,True,0.07584500000000105,12,1061,6,6,6-2-3-3-2-3-4-5-6,4228,4210,398,294,17
descendant,0,d69,0x49d06671fce2974f3f7c4b57ac263a037,3,5,3,solved,True,0.27134500000000017,15,3466,6,6,6-2-3-2-2-3-4-5-6,13491,13461,432,283,20
descendant,1,d121,0x93f2dda1165f5e8aacc5756cde1d20ed,3,5,3,solved,True,0.3024880000000003,15,3466,6,6,6-2-3-3-2-3-4-5-6,14537,14507,583,424,20
descendant,0,d243,0xb41df04135dbd12d89cc1cd57e12d4f7,3,4,2,solved,True,0.07425000000000281,12,1061,6,6,6-2-3-2-3-2-3-4-5-6,4452,4434,364,262,17
descendant,1,d166,0x1759e17144a253114d8383811b000df63,3,5,4,solved,True,0.2897859999999959,15,3466,6,6,6-2-3-2-2-3-4-5-6,16307,16277,446,295,20
descendant,1,d60,0x2f19d882161a586fe5dcf491ce6055114,3,4,2,solved,True,0.08338199999999674,12,1061,6,6,6-2-3-2-3-4-5-6,4654,4636,339,240,17
descendant,0,d14,0x6d1293ed7a6e90cef0292851db18baa38,3,5,1,solved,True,0.3149940000000022,15,3466,6,6,6-2-3-2-2-3-4-5-6,14386,14356,442,293,20
descendant,1,d47,0x260f9f8f3f79f7086acab2a71f18a1e02,3,4,2,solved,True,0.07456900000000033,12,1061,6,6,6-2-3-3-2-3-4-5-6,4744,4726,397,294,17
random,,r17,0x32b640c1bba37107df49617b5077ca29b,3,4,3,solved,True,0.07176100000000218,12,1061,6,6,6-2-3-3-2-3-4-5-6,4220,4202,400,294,17
E0,,E0,0x1,3,4,52,solved,True,0.09425900000000098,12,1043,6,6,6-2-3-2-3-2-3-4-5-6,4175,4156,381,270,17
descendant,0,d168,0x38e96ec5419519eb1b1b583429e4a4574,3,4,4,solved,True,0.07794400000000223,12,1061,6,6,6-2-3-2-3-2-3-4-5-6,4441,4423,365,262,17
descendant,0,d176,0x7b98285ee2943dc8682f5f529fd52c980,3,5,3,solved,True,0.2727370000000029,15,3466,6,6,6-2-3-3-2-3-4-5-6,13269,13239,583,422,20
E0,,E0,0x1,3,4,32,solved,True,0.07138899999999637,12,1043,6,6,6-2-3-3-2-3-2-2-3-4-5-6,4327,4308,428,304,17
descendant,0,d51,0x27e09a4aefd0a32b4edd5c9d3c2207c3a,3,4,2,solved,True,0.06614700000000084,12,1061,6,6,6-2-3-2-3-2-3-4-5-6,5023,5005,374,272,17
descendant,1,d240,0x5438ba06e14c74e998373466a491bf47b,3,4,2,solved,True,0.0739920000000005,12,1061,6,6,6-2-3-2-2-3-4-5-6,4792,4774,337,238,17
descendant,0,d205,0x35f1527fb1e374f3438b4a58a83be437,3,5,4,solved,True,0.29533899999999846,15,3466,6,6,6-2-3-2-2-3-4-5-6,14925,14895,452,301,20
descendant,1,d127,0x69e71437e6d7cbd4e1fcdbc13bd0ec89,3,4,4,solved,True,0.07272299999999987,12,1061,6,6,6-2-3-2-3-4-5-6,4622,4604,340,240,17
descendant,0,d68,0x3fe369f302d9da1afecabdbe0fd5caa7a,3,4,3,solved,True,0.08695700000000173,12,1061,6,6,6-2-3-2-2-3-4-5-6,4793,4775,338,238,17
descendant,0,d144,0x3780d33c0316979e8c8eaf60a204c2906,3,5,3,solved,True,0.2716499999999975,15,3466,6,6,6-2-3-3-2-3-4-5-6,14469,14439,583,423,20
E0,,E0,0x1,3,5,13,solved,True,0.2897199999999991,15,3436,6,6,6-2-3-2-3-2-3-4-5-6,13406,13376,637,462,20
descendant,0,d100,0x5bfbcc3510ca0a9d591a1a066a729f6fd,3,4,3,solved,True,0.07067699999999988,12,1061,6,6,6-2-3-3-2-3-4-5-6,4231,4213,399,294,17
descendant,0,d229,0x2439e5e8ce836a3b3b4c69b74af0a2938,3,5,2,solved,True,0.30011999999999617,15,3466,6,6,6-2-3-2-3-2-3-4-5-6,14536,14506,525,372,20
descendant,1,d138,0x11e5a601d7acc53b58f3e174eaf2cc403,3,4,2,solved,True,0.066631000000001,12,1061,6,6,6-2-3-2-2-3-4-5-6,5125,5107,347,248,17
descendant,1,d252,0xe43fb0fe777efe51039f44e71025f65f,3,5,4,solved,True,0.29162900000000036,15,3466,6,6,6-2-3-2-2-3-4-5-6,15071,15041,451,301,20
descendant,1,d101,0x7defc95597964352e85e6d26547e563f,3,5,1,solved,True,0.29436299999999704,15,3466,6,6,6-2-3-2-2-3-4-5-6,14372,14342,443,293,20
descendant,0,d187,0x73e3352312fe23aa3df7bc1387bd0f90e,3,5,2,solved,True,0.27391799999999833,15,3466,6,6,6-2-3-2-2-3-4-5-6,14376,14346,444,293,20
descendant,0,d245,0x16d04b90c7148e2cc402d6641bc2b904f,3,5,4,solved,True,0.3015830000000008,15,3466,6,6,6-2-3-2-2-3-4-5-6,14317,14287,443,293,20
descendant,0,d94,0x201948b922c9601f6abed0f30a801999c,3,4,2,solved,True,0.07555899999999838,12,1061,6,6,6-2-3-3-2-3-4-5-6,4750,4733,394,293,17
descendant,0,d3,0x2970943988085c950a464102342c27420,3,5,2,solved,True,0.287269000000002,15,3466,6,6,6-2-3-2-3-2-3-4-5-6,13782,13752,524,369,20
descendant,1,d153,0x346ba0b68f99e5ec6b9dafa57f0d311ba,3,5,3,solved,True,0.28177899999999667,15,3466,6,6,6-2-3-2-3-2-3-4-5-6,14114,14084,524,372,20
descendant,0,d261,0x184c28af14000136d0051c59203a1e0f5,3,4,4,solved,True,0.0796670000000006,12,1061,6,6,6-2-3-2-2-3-4-5-6,5121,5103,350,248,17
descendant,0,d226,0x784c5a04e4248b2f69d9fbad9c33498a8,3,5,1,solved,True,0.27988300000000166,15,3466,6,6,6-2-3-2-3-2-3-4-5-6,14528,14498,522,372,20
descendant,1,d50,0xfe8b818862e2a1f881b6755c04b53b3b,3,5,4,solved,True,0.2993169999999985,15,3466,6,6,6-2-3-2-3-2-3-4-5-6,14930,14900,534,381,20
descendant,0,d185,0x5a4e7d16ce77472dec7477e78fbf9905b,3,5,1,solved,True,0.2880590000000005,15,3466,6,6,6-2-3-2-2-3-4-5-6,15726,15696,451,299,20
descendant,0,d181,0x67a9cb278d47eca3db9edf1d62c3ea42a,3,5,2,solved,True,0.2739020000000032,15,3466,6,6,6-2-3-3-2-3-4-5-6,14127,14097,585,425,20
random,,r33,0x4abaedb2c606a04f40b4a938c050fd5ee,3,5,3,solved,True,0.3022160000000014,15,3466,6,6,6-2-3-3-2-3-4-5-6,13302,13272,572,413,20
random,,r7,0x5735ec1b3e70ba8eb2af62099b904552a,3,4,1,solved,True,0.07002500000000111,12,1061,6,6,6-2-3-3-2-3-4-5-6,4236,4218,399,294,17
descendant,1,d227,0x2e613bc8778a0d73245609465a031c716,3,5,4,solved,True,0.3146380000000022,15,3466,6,6,6-2-3-2-3-2-3-4-5-6,15030,15000,533,381,20
descendant,1,d164,0x4f0c59bdf8c9054d7b84ff2224bf718eb,3,5,1,solved,True,0.293133000000001,15,3466,6,6,6-2-3-2-2-3-4-5-6,14440,14410,438,289,20
descendant,0,d108,0x63d191066a33756500331f9bdec19981a,3,5,4,solved,True,0.2747330000000012,15,3466,6,6,6-2-3-2-2-3-4-5-6,15509,15479,460,311,20
descendant,1,d83,0x62b4a3a40650f0529e2400d3eece5659a,3,5,4,solved,True,0.27886000000000166,15,3466,6,6,6-2-3-2-2-2-3-4-5-6,13211,13181,433,283,20
descendant,1,d43,0x3eac3e851da537c0d7da0938edc51d5ca,3,4,2,solved,True,0.0708909999999996,12,1061,6,6,6-2-3-2-3-4-5-6,4217,4199,330,231,17
descendant,0,d37,0x5621482622ef68231a3a01496c65aee5d,3,5,2,solved,True,0.2696109999999976,15,3466,6,6,6-2-3-2-2-3-4-5-6,14357,14327,441,293,20
random,,r18,0x30054085902972ca948229e2be0afae5a,3,5,2,solved,True,0.2876940000000019,15,3466,6,6,6-2-3-2-2-3-4-5-6,15458,15428,462,311,20
descendant,1,d18,0x289bcd46096a3b58450dd47e44342c9b,3,5,1,solved,True,0.2728760000000001,15,3466,6,6,6-2-3-3-2-3-4-5-6,14146,14116,584,425,20
descendant,0,d200,0x42635959679c428526fef4c7fa45ed8d5,3,4,2,solved,True,0.07306799999999924,12,1061,6,6,6-2-3-2-2-3-4-5-6,4465,4447,336,235,17
descendant,0,d245,0x16d04b90c7148e2cc402d6641bc2b904f,3,4,4,solved,True,0.06794399999999712,12,1061,6,6,6-2-3-2-3-4-5-6,4625,4607,340,240,17
descendant,1,d224,0xc4ac85375f72fc79e95084d34d4c31cd,3,5,1,solved,True,0.29133999999999816,15,3466,6,6,6-2-3-2-3-2-3-4-5-6,13204,13174,523,369,20
descendant,0,d256,0xbb969cbaa0877655284db88fa983010d,3,4,1,solved,True,0.07055700000000087,12,1061,6,6,6-2-3-2-2-3-4-5-6,4477,4459,335,235,17
descendant,0,d75,0x588cdbe30c37d9547410df815a02110fb,3,5,2,solved,True,0.2860580000000006,15,3466,6,6,6-2-3-2-2-3-4-5-6,14433,14403,438,289,20
descendant,1,d70,0x1f89dd540b9b75905ab799dfe0c123771,3,5,1,solved,True,0.26851899999999773,15,3466,6,6,6-2-3-2-2-3-4-5-6,14995,14965,452,301,20
descendant,1,d88,0x11c4791a0462daffe9cf91df98b522b83,3,5,4,solved,True,0.30149500000000273,15,3466,6,6,6-2-3-2-2-3-4-5-6,15073,15043,451,301,20
descendant,0,d69,0x49d06671fce2974f3f7c4b57ac263a037,3,4,2,solved,True,0.0774329999999992,12,1061,6,6,6-2-3-2-2-3-4-5-6,4469,4451,335,235,17
descendant,1,d182,0x33db101d94ca827f757e351001f0b87a6,3,5,4,solved,True,0.2556699999999985,15,3466,6,6,6-2-3-2-3-2-3-4-5-6,14394,14364,478,326,20
E0,,E0,0x1,3,5,34,solved,True,0.28456899999999763,15,3436,6,6,6-2-3-2-3-2-3-4-5-6,12938,12908,577,419,20
descendant,1,d107,0x1e1c60e485ca18e811e59d7a38ab556d3,3,5,1,solved,True,0.2929269999999988,15,3466,6,6,6-2-3-2-2-3-4-5-6,14381,14351,442,293,20
E0,,E0,0x1,3,4,34,solved,True,0.06873900000000077,12,1043,6,6,6-2-3-2-3-2-3-4-5-6,5101,5082,340,238,17
descendant,1,d34,0x4ccd3eb998bd563dec81902c927ba27b1,3,5,1,solved,True,0.27464200000000005,15,3466,6,6,6-2-3-2-2-3-4-5-6,13258,13228,433,283,20
descendant,0,d41,0x11254be458763df1497f7eceb9b73c56b,3,4,4,solved,True,0.07932399999999973,12,1061,6,6,6-2-3-2-2-3-4-5-6,5122,5104,348,248,17
E0,,E0,0x1,3,5,63,solved,True,0.28930099999999825,15,3436,6,6,6-2-3-2-3-2-3-4-5-6,12905,12875,581,419,20
random,,r32,0x13660c9d070543bce43b933f85c1a1816,3,4,4,solved,True,0.0721960000000017,12,1061,6,6,6-2-3-2-3-2-3-4-5-6,4454,4436,364,262,17
descendant,0,d205,0x35f1527fb1e374f3438b4a58a83be437,3,5,2,solved,True,0.263811000000004,15,3466,6,6,6-2-3-2-2-3-4-5-6,13502,13472,434,283,20
descendant,1,d120,0x2f9433432d037272266e032fffaaf89aa,3,4,3,solved,True,0.07272100000000137,12,1061,6,6,6-2-3-3-2-3-4-5-6,4485,4467,400,297,17
descendant,0,d256,0xbb969cbaa0877655284db88fa983010d,3,4,3,solved,True,0.07456099999999921,12,1061,6,6,6-2-3-3-2-3-4-5-6,4741,4723,398,294,17
descendant,0,d23,0x73d4550749610733989b4267b13ceb154,3,5,2,solved,True,0.2774380000000001,15,3466,6,6,6-2-3-2-3-4-5-6,14939,14909,451,301,20
descendant,0,d178,0x2c9787372de01833166562c539cbae02c,3,5,2,solved,True,0.27197000000000315,15,3466,6,6,6-2-3-3-2-3-4-5-6,14123,14093,585,425,20
descendant,1,d103,0x7daf41c59cc347af322f3eeb07d3de9ea,3,5,4,solved,True,0.2763420000000032,15,3466,6,6,6-2-3-2-3-4-5-6,15047,15017,450,301,20
descendant,1,d123,0x1ca05b9628bda070c6e1981acf88bdc35,3,5,1,solved,True,0.27097599999999744,15,3466,6,6,6-2-3-3-2-3-4-5-6,15535,15505,591,433,20
descendant,0,d235,0x48720f769953b071364d6cf5ee51d79d1,3,5,3,solved,True,0.2857040000000026,15,3466,6,6,6-2-3-2-3-2-3-4-5-6,13225,13195,522,369,20
descendant,0,d239,0x68905d439cade3be5a153f42f8766b01c,3,5,2,solved,True,0.2884129999999985,15,3466,6,6,6-2-3-2-2-3-4-5-6,13442,13412,432,283,20
random,,r0,0x820c33d3c516171b5f58d8c050c05c5b,3,5,3,solved,True,0.28556700000000035,15,3466,6,6,6-2-3-2-2-3-4-5-6,13538,13508,431,283,20
descendant,1,d259,0x6d46a1b88290e348d3116055c40d4b21e,3,4,1,solved,True,0.0812919999999977,12,1061,6,6,6-2-3-2-3-4-5-6,5028,5010,343,243,17
descendant,1,d199,0xf3be1caa95cb497917b9e131862e6fbd,3,5,4,solved,True,0.29000699999999924,15,3466,6,6,6-2-3-3-2-3-4-5-6,13256,13226,572,413,20
descendant,1,d96,0x2269b6d64e03765c0739b92bdbd1228ca,3,5,2,solved,True,0.2696709999999989,15,3466,6,6,6-2-3-2-3-2-3-4-5-6,16220,16190,534,382,20
random,,r30,0x180d79ef8ffbb8c736b044cd1f23e5147,3,4,2,solved,True,0.06909100000000024,12,1061,6,6,6-2-3-3-2-3-4-5-6,4188,4171,392,293,17
descendant,1,d54,0x63d8c46984cdd26391c524343b47e012c,3,5,1,solved,True,0.26725700000000074,15,3466,6,6,6-2-3-2-3-2-3-4-5-6,13768,13738,524,369,20
descendant,0,d35,0x346ea84d1619dcf1d9f0728023cea89de,3,4,4,solved,True,0.07626600000000394,12,1061,6,6,6-2-3-2-3-4-5-6,4622,4604,340,240,17
descendant,1,d127,0x69e71437e6d7cbd4e1fcdbc13bd0ec89,3,4,1,solved,True,0.06943700000000064,12,1061,6,6,6-2-3-3-2-3-4-5-6,4749,4731,399,294,17
descendant,0,d156,0x5d1252c137c628984d489db9419b53db9,3,5,1,solved,True,0.2713339999999995,15,3466,6,6,6-2-3-2-3-2-3-4-5-6,14517,14487,531,378,20
descendant,0,d23,0x73d4550749610733989b4267b13ceb154,3,5,1,solved,True,0.2849749999999993,15,3466,6,6,6-2-3-3-2-3-4-5-6,13256,13226,582,422,20
descendant,1,d203,0x4b0e2eee613b7872f3b562cc8bbbb2c5d,3,4,3,solved,True,0.08606800000000092,12,1061,6,6,6-2-3-3-2-3-4-5-6,4741,4723,399,294,17
descendant,1,d123,0x1ca05b9628bda070c6e1981acf88bdc35,3,4,4,solved,True,0.07034799999999919,12,1061,6,6,6-2-3-2-2-3-4-5-6,5122,5104,346,248,17
descendant,1,d233,0x765838b47f9f40f77070ab500719552ea,3,5,4,solved,True,0.274010999999998,15,3466,6,6,6-2-3-2-2-3-4-5-6,13498,13468,435,283,20
descendant,0,d144,0x3780d33c0316979e8c8eaf60a204c2906,3,4,3,solved,True,0.0667289999999987,12,1061,6,6,6-2-3-2-3-4-5-6,4462,4444,334,235,17
descendant,0,d46,0x4b2f5a6a9f200e2ac4fddf1fce4666629,3,4,3,solved,True,0.06708700000000078,12,1061,6,6,6-2-3-2-3-4-5-6,4622,4604,342,240,17
descendant,0,d197,0x283e0e7def2f755a62c475993b97cc610,3,5,1,solved,True,0.26789799999999886,15,3466,6,6,6-2-3-2-3-2-3-4-5-6,14512,14482,526,372,20
descendant,1,d73,0x6c207545189a4d6a1a9a36f6ef83e6e40,3,4,2,solved,True,0.08058499999999924,12,1061,6,6,6-2-3-3-2-3-4-5-6,4728,4710,396,294,17
descendant,1,d182,0x33db101d94ca827f757e351001f0b87a6,3,4,4,solved,True,0.06971900000000275,12,1061,6,6,6-2-3-2-3-4-5-6,4625,4607,340,240,17
descendant,0,d0,0x7a90344c571894684e176f4797bae946e,3,4,1,solved,True,0.07738200000000006,12,1061,6,6,6-2-3-2-2-3-4-5-6,4477,4459,335,235,17
random,,r4,0x5aed395528d9334d7b0db1091b2fccab3,3,4,1,solved,True,0.07807000000000386,12,1061,6,6,6-2-3-3-2-3-4-5-6,4215,4197,399,294,17
descendant,1,d19,0x2a911d75f664c9aa5ea884f6a43d404ea,3,4,2,solved,True,0.079345,12,1061,6,6,6-2-3-2-3-4-5-6,4198,4180,332,231,17
random,,r23,0x364aa93cd8344b4826835c30eea11ef03,3,5,1,solved,True,0.29649399999999915,15,3466,6,6,6-2-3-3-2-3-4-5-6,15566,15536,592,433,20
descendant,0,d90,0x1a6f6c03bac6dc9bda445ec557a88a30f,3,4,2,solved,True,0.07699200000000062,12,1061,6,6,6-2-3-3-2-3-4-5-6,4751,4733,395,294,17
descendant,1,d164,0x4f0c59bdf8c9054d7b84ff2224bf718eb,3,5,4,solved,True,0.30176799999999915,15,3466,6,6,6-2-3-3-2-3-4-5-6,13257,13227,572,413,20
descendant,0,d206,0xce1c9f7cab8afa7b83eb7a279f351fff,3,4,3,solved,True,0.07359399999999994,12,1061,6,6,6-2-3-2-3-4-5-6,4223,4205,332,231,17
descendant,1,d192,0x3e7b386a26013c81d84cea0f890897db8,3,4,4,solved,True,0.06679300000000055,12,1061,6,6,6-2-3-2-3-4-5-6,4642,4624,339,240,17
descendant,0,d59,0x1cec9f43ce245075b0ea308b7973cd86d,3,4,3,solved,True,0.06963700000000017,12,1061,6,6,6-2-3-2-2-3-4-5-6,4752,4734,339,238,17
descendant,0,d31,0x4b1b29aee3f459f4bcd186dc352d0372b,3,4,3,solved,True,0.0737749999999977,12,1061,6,6,6-2-3-3-2-3-4-5-6,4233,4215,397,294,17
descendant,1,d240,0x5438ba06e14c74e998373466a491bf47b,3,5,1,solved,True,0.3128469999999979,15,3466,6,6,6-2-3-2-2-3-4-5-6,13441,13411,433,283,20
descendant,1,d104,0x4df77d1a97b20dfb21192482f1cd7bd6d,3,4,2,solved,True,0.07364899999999963,12,1061,6,6,6-2-3-2-3-4-5-6,4217,4199,332,231,17
descendant,0,d41,0x11254be458763df1497f7eceb9b73c56b,3,4,2,solved,True,0.06971499999999864,12,1061,6,6,6-2-3-2-3-4-5-6,4633,4615,338,240,17
descendant,0,d77,0x35111962dbd84377113e28c969a80c3a4,3,5,1,solved,True,0.28399299999999883,15,3466,6,6,6-2-3-3-2-3-4-5-6,13221,13191,578,417,20
descendant,0,d234,0x25d7f81aeee3dbbbba7e1a86fe7b1cb46,3,4,3,solved,True,0.07876100000000008,12,1061,6,6,6-2-3-2-2-3-4-5-6,4212,4194,329,231,17
descendant,1,d71,0x112ac2dcb4366ab589479f8be934e6f93,3,5,2,solved,True,0.2943029999999993,15,3466,6,6,6-2-3-2-2-3-4-5-6,13295,13265,432,283,20
descendant,1,d58,0x5229515737573a5546f22f68949d2651d,3,5,2,solved,True,0.2770240000000008,15,3466,6,6,6-2-3-2-2-3-4-5-6,14359,14329,441,293,20
descendant,0,d4,0x38a1549552e8ad1cc78b1295a7f14eac4,3,4,2,solved,True,0.06944000000000017,12,1061,6,6,6-2-3-3-2-3-4-5-6,4202,4185,394,293,17
descendant,0,d205,0x35f1527fb1e374f3438b4a58a83be437,3,4,2,solved,True,0.07440599999999975,12,1061,6,6,6-2-3-2-3-4-5-6,4214,4196,332,231,17
descendant,1,d203,0x4b0e2eee613b7872f3b562cc8bbbb2c5d,3,5,2,solved,True,0.28787899999999667,15,3466,6,6,6-2-3-2-2-3-4-5-6,15513,15483,461,311,20
descendant,0,d66,0x710351313dbb97511f377b21f0b7e015c,3,5,1,solved,True,0.3053290000000004,15,3466,6,6,6-2-3-2-2-3-4-5-6,14442,14412,440,289,20
descendant,0,d211,0x1581f324b9e850f34ce478a3c6a23a449,3,5,1,solved,True,0.29502899999999954,15,3466,6,6,6-2-3-2-2-3-4-5-6,15064,15034,451,301,20
E0,,E0,0x1,3,4,19,solved,True,0.07015799999999928,12,1043,6,6,6-2-3-3-2-3-4-5-6,4210,4191,366,267,17
descendant,1,d17,0x5af8670acd2af76dce9608b01311d81af,3,4,1,solved,True,0.06853300000000218,12,1061,6,6,6-2-3-2-3-4-5-6,4630,4612,338,240,17
descendant,0,d49,0x73e8cc09e3496e8ad78bb3b46c1751126,3,5,2,solved,True,0.2858370000000008,15,3466,6,6,6-2-3-2-3-2-3-4-5-6,13213,13183,521,369,20
random,,r0,0x820c33d3c516171b5f58d8c050c05c5b,3,4,3,solved,True,0.07085400000000064,12,1061,6,6,6-2-3-2-2-3-4-5-6,4757,4739,336,238,17
descendant,1,d29,0x240891e374d1dfe93cc8455e3433948c0,3,5,4,solved,True,0.2892140000000012,15,3466,6,6,6-2-3-2-3-4-5-6,14914,14884,450,301,20
descendant,0,d90,0x1a6f6c03bac6dc9bda445ec557a88a30f,3,5,1,solved,True,0.30000900000000286,15,3466,6,6,6-2-3-3-2-3-4-5-6,13224,13194,576,417,20
descendant,0,d137,0xa9a6abd86871900d7522445f88eb3041,3,4,3,solved,True,0.06855699999999842,12,1061,6,6,6-2-3-2-3-4-5-6,4477,4459,334,235,17
descendant,1,d2,0x52dc359100c4cf6f6ff021f34d38a5abd,3,4,4,solved,True,0.0702580000000026,12,1061,6,6,6-2-3-2-2-3-4-5-6,5122,5104,348,248,17
descendant,1,d103,0x7daf41c59cc347af322f3eeb07d3de9ea,3,4,4,solved,True,0.07261899999999955,12,1061,6,6,6-2-3-2-2-3-4-5-6,4758,4740,339,238,17
descendant,1,d157,0x2a281bc876e2581b088fa834d83f0118a,3,4,1,solved,True,0.07203100000000262,12,1061,6,6,6-2-3-3-2-3-4-5-6,4206,4188,399,294,17
descendant,1,d124,0x15dbca5211d9ba2d338bb55c508f06c69,3,5,1,solved,True,0.28918799999999933,15,3466,6,6,6-2-3-2-3-2-3-4-5-6,13754,13724,524,369,20
descendant,0,d228,0x6d20a8996fe80a6e006d15d8384fb540c,3,4,4,solved,True,0.07195500000000266,12,1061,6,6,6-2-3-2-2-3-4-5-6,4311,4293,329,231,17
descendant,1,d93,0x2369c56cd97a340070a36bb606e2a62d8,3,5,1,solved,True,0.30004200000000125,15,3466,6,6,6-2-3-2-2-3-4-5-6,14386,14356,440,293,20
descendant,1,d140,0x7ab8ae4276ab4d0bd26cd9c54ce5c228a,3,4,4,solved,True,0.06758400000000009,12,1061,6,6,6-2-3-3-2-3-4-5-6,4719,4701,399,294,17
descendant,1,d246,0x351aae75214f94bf197cf8bb77c135d24,3,4,3,solved,True,0.06549400000000105,12,1061,6,6,6-2-3-2-3-4-5-6,5028,5010,341,243,17
descendant,1,d135,0x4b6f4aedf31a71f526b4308aeb2db1361,3,4,2,solved,True,0.07239500000000021,12,1061,6,6,6-2-3-2-3-2-3-4-5-6,4458,4440,363,262,17
descendant,0,d65,0x78b05fd79fa0a76be42333888ec90d7ca,3,5,4,solved,True,0.2987180000000009,15,3466,6,6,6-2-3-2-2-3-4-5-6,14952,14922,449,301,20
descendant,0,d109,0x2b24f66ea95ae86e2f6bf59345edf6bd6,3,4,3,solved,True,0.06893099999999919,12,1061,6,6,6-2-3-3-2-3-4-5-6,4476,4458,401,297,17
descendant,0,d77,0x35111962dbd84377113e28c969a80c3a4,3,4,1,solved,True,0.06735199999999608,12,1061,6,6,6-2-3-3-2-3-4-5-6,4206,4188,398,294,17
descendant,1,d158,0x6f514cabfdbec0ee57f5dcc4987dc83f0,3,4,1,solved,True,0.0721980000000002,12,1061,6,6,6-2-3-2-3-2-3-4-5-6,4484,4466,364,262,17
descendant,0,d250,0x8178f927f73e8a15ddf180e79fe764c9,3,5,1,solved,True,0.27078799999999603,15,3466,6,6,6-2-3-2-2-3-4-5-6,14714,14684,438,289,20
descendant,0,d250,0x8178f927f73e8a15ddf180e79fe764c9,3,4,3,solved,True,0.06852099999999695,12,1061,6,6,6-2-3-2-3-4-5-6,4205,4187,330,231,17
descendant,0,d23,0x73d4550749610733989b4267b13ceb154,3,5,4,solved,True,0.2769250000000021,15,3466,6,6,6-2-3-2-2-2-3-4-5-6,13228,13198,426,283,20
descendant,1,d21,0xadada875c148325bf5339de87d1af447,3,4,1,solved,True,0.06767000000000323,12,1061,6,6,6-2-3-2-2-3-4-5-6,4296,4278,329,231,17
descendant,1,d78,0x64de8b1ac1c7462bc6433bda1d43510c2,3,4,2,solved,True,0.06940400000000224,12,1061,6,6,6-2-3-2-2-3-4-5-6,4793,4775,337,238,17
descendant,1,d2,0x52dc359100c4cf6f6ff021f34d38a5abd,3,4,3,solved,True,0.0696179999999984,12,1061,6,6,6-2-3-2-2-3-4-5-6,5119,5101,348,248,17
descendant,1,d111,0x4d8262c03b2b0b4bd0e3de7f489167e1d,3,5,3,solved,True,0.2708590000000015,15,3466,6,6,6-2-3-2-2-3-4-5-6,14435,14405,440,289,20
descendant,1,d170,0xae83df036e8fb794a59398cb5e86a119,3,5,4,solved,True,0.28182100000000077,15,3466,6,6,6-2-3-2-3-2-3-4-5-6,14949,14919,498,346,20
descendant,0,d249,0x61aeef6ef85ff4a68818d4d0aa03567ea,3,4,2,solved,True,0.06590999999999525,12,1061,6,6,6-2-3-3-2-3-4-5-6,4726,4708,399,294,17
descendant,1,d111,0x4d8262c03b2b0b4bd0e3de7f489167e1d,3,4,4,solved,True,0.07704299999999975,12,1061,6,6,6-2-3-2-2-3-4-5-6,5122,5104,348,248,17
E0,,E0,0x1,3,4,60,solved,True,0.07084299999999999,12,1043,6,6,6-2-3-3-3-4-2-3-4-5-6,4221,4202,808,643,17
descendant,1,d147,0x3248ef31f25d6830126239dd3fd7c593a,3,4,2,solved,True,0.07493300000000147,12,1061,6,6,6-2-3-2-3-4-5-6,4217,4199,331,231,17
descendant,1,d214,0x501aa57af4679d98c4318041493aef709,3,4,2,solved,True,0.06778999999999513,12,1061,6,6,6-2-3-3-2-3-4-5-6,4751,4733,395,294,17
descendant,0,d256,0xbb969cbaa0877655284db88fa983010d,3,4,2,solved,True,0.06947499999999707,12,1061,6,6,6-2-3-2-2-3-4-5-6,4477,4459,335,235,17
random,,r11,0x6166d7f51a48315926f85cfc243b1340b,3,5,3,solved,True,0.2708890000000004,15,3466,6,6,6-2-3-3-2-3-4-5-6,14074,14044,586,425,20
descendant,1,d146,0x73f7535c6e0b5b5c9d0b24b2809486a0e,3,4,2,solved,True,0.06329900000000421,12,1061,6,6,6-2-3-3-2-3-4-5-6,4728,4710,395,294,17
descendant,0,d144,0x3780d33c0316979e8c8eaf60a204c2906,3,4,2,solved,True,0.08145899999999884,12,1061,6,6,6-2-3-2-2-3-4-5-6,5150,5132,348,248,17
descendant,1,d24,0x2d22cfd861ae9e73299a94b877a445f40,3,4,4,solved,True,0.07223199999999963,12,1061,6,6,6-2-3-2-3-4-5-6,4227,4209,330,231,17
random,,r8,0x534fd2b74bcd31e5ec9180f46977edf92,3,5,1,solved,True,0.30857199999999807,15,3466,6,6,6-2-3-2-2-3-4-5-6,14633,14603,439,289,20
random,,r28,0x35f7e77b334105b5e1948efc0c9e1b2b6,3,4,2,solved,True,0.0714010000000016,12,1061,6,6,6-2-3-2-2-3-4-5-6,5150,5132,348,248,17
descendant,0,d35,0x346ea84d1619dcf1d9f0728023cea89de,3,5,3,solved,True,0.2964759999999984,15,3466,6,6,6-2-3-3-2-3-4-5-6,14466,14436,583,423,20
random,,r29,0x1432bc8937487ee95232c92aec87eb936,3,4,2,solved,True,0.06794000000000011,12,1061,6,6,6-2-3-2-3-4-5-6,4463,4445,335,235,17
descendant,1,d33,0x344bf04093f8a908f2df7b012e6a1ff46,3,4,2,solved,True,0.06419500000000511,12,1061,6,6,6-2-3-2-2-3-4-5-6,4241,4223,330,231,17
descendant,1,d154,0x67e7ce47a6ab0a6952374decd34902208,3,4,4,solved,True,0.06543399999999977,12,1061,6,6,6-2-3-2-3-4-5-6,4633,4615,339,240,17
descendant,1,d79,0x1e188b2f3f04871f4b035dae5eb59feab,3,4,3,solved,True,0.06891999999999499,12,1061,6,6,6-2-3-3-2-3-4-5-6,4238,4220,398,294,17
descendant,0,d94,0x201948b922c9601f6abed0f30a801999c,3,4,1,solved,True,0.06638700000000242,12,1061,6,6,6-2-3-3-2-3-4-5-6,4719,4701,399,294,17
descendant,1,d184,0x2a50cae17267e4772e3b0132877996912,3,4,1,solved,True,0.07317000000000107,12,1061,6,6,6-2-3-3-2-3-4-5-6,4197,4179,399,294,17
random,,r3,0x12bffc766b5be2c3419af41fff7255cda,3,4,3,solved,True,0.06684199999999763,12,1061,6,6,6-2-3-2-2-3-4-5-6,4484,4466,335,235,17
random,,r29,0x1432bc8937487ee95232c92aec87eb936,3,4,3,solved,True,0.06508300000000133,12,1061,6,6,6-2-3-2-2-3-4-5-6,4241,4223,331,231,17
descendant,0,d200,0x42635959679c428526fef4c7fa45ed8d5,3,4,1,solved,True,0.06844700000000259,12,1061,6,6,6-2-3-2-2-3-4-5-6,4465,4447,336,235,17
descendant,1,d12,0x5c3fe6e2e934a8b041ddfe024314ef4f5,3,4,3,solved,True,0.06359199999999987,12,1061,6,6,6-2-3-3-2-3-4-5-6,4238,4220,397,294,17
descendant,1,d52,0x62ae49abea18c3bf2d4eb301cea6f5cc8,3,4,4,solved,True,0.06651199999999591,12,1061,6,6,6-2-3-2-3-4-5-6,4622,4604,343,240,17
descendant,1,d154,0x67e7ce47a6ab0a6952374decd34902208,3,5,4,solved,True,0.3053990000000013,15,3466,6,6,6-2-3-2-2-3-2-3-4-5-6,14394,14364,479,326,20
descendant,1,d106,0x16971f8c50d977ad1a9887c8ec15c1615,3,5,3,solved,True,0.2727049999999984,15,3466,6,6,6-2-3-2-2-3-4-5-6,13653,13623,440,288,20
descendant,0,d201,0x5be8944d433669e6e1d91f80af0203097,3,5,2,solved,True,0.2784949999999995,15,3466,6,6,6-2-3-2-2-3-4-5-6,14428,14398,442,293,20
descendant,0,d179,0x6de1658849e91ec7771f95239aa975018,3,5,2,solved,True,0.2526450000000011,15,3466,6,6,6-2-3-2-3-2-3-4-5-6,13678,13648,525,369,20
descendant,0,d87,0xd18ba4b0f46de0f1595b84056b3fcffb,3,5,3,solved,True,0.2921650000000007,15,3466,6,6,6-2-3-2-2-3-4-5-6,15168,15138,451,301,20
descendant,1,d92,0x4901868d3d3ffba413e1c8e2c6fd8f659,3,5,4,solved,True,0.29378499999999974,15,3466,6,6,6-2-3-2-2-3-4-5-6,13492,13462,431,283,20
descendant,1,d236,0x9581dc3d7b73f42601641f2d5d75927d,3,5,3,solved,True,0.317893999999999,15,3466,6,6,6-2-3-3-2-3-4-5-6,14453,14423,584,423,20
descendant,1,d32,0x6df517c2da1d083293a36a0c29450e6d8,3,5,2,solved,True,0.2662019999999998,15,3466,6,6,6-2-3-2-2-2-3-4-5-6,16553,16523,460,308,20
descendant,0,d1,0x53b2a15d2d4705b05b37fc29b03e5b64d,3,4,3,solved,True,0.07561399999999807,12,1061,6,6,6-2-3-3-2-3-4-5-6,4220,4202,398,294,17
descendant,1,d117,0xc3fba0ce2cceeb15eac58c76061f5329,3,4,1,solved,True,0.06668000000000163,12,1061,6,6,6-2-3-3-2-3-4-5-6,4173,4155,400,294,17
descendant,0,d257,0x28b1c177268e3c6110c268f0efdd3cece,3,5,4,solved,True,0.30066400000000115,15,3466,6,6,6-2-3-2-3-2-3-4-5-6,15026,14996,536,381,20
descendant,1,d153,0x346ba0b68f99e5ec6b9dafa57f0d311ba,3,4,3,solved,True,0.07863999999999649,12,1061,6,6,6-2-3-3-2-3-4-5-6,4233,4215,397,294,17
E0,,E0,0x1,3,5,53,solved,True,0.28456200000000464,15,3436,6,6,6-2-3-2-3-2-3-4-5-6,12938,12908,574,415,20
descendant,1,d157,0x2a281bc876e2581b088fa834d83f0118a,3,5,3,solved,True,0.2875659999999982,15,3466,6,6,6-2-3-2-3-2-3-4-5-6,13215,13185,523,369,20
descendant,1,d225,0x641725bc746169a468daa4939c4cadd22,3,4,3,solved,True,0.06883700000000204,12,1061,6,6,6-2-3-2-3-4-5-6,4214,4196,331,231,17
descendant,1,d213,0x15a18d2e9ecf8109f0f06bc557f80398f,3,4,4,solved,True,0.0673710000000014,12,1061,6,6,6-2-3-2-3-4-5-6,4615,4597,340,240,17
descendant,0,d232,0x56db1c7ced76f32ddbe5383de1a2b8f2f,3,4,4,solved,True,0.07066199999999867,12,1061,6,6,6-2-3-2-3-4-5-6,4613,4595,341,240,17
descendant,1,d236,0x9581dc3d7b73f42601641f2d5d75927d,3,5,2,solved,True,0.2932970000000026,15,3466,6,6,6-2-3-2-2-3-4-5-6,14411,14381,437,289,20
descendant,0,d262,0x604b34f08ba6232f19646f0a85306eaea,3,4,1,solved,True,0.07032500000000041,12,1061,6,6,6-2-3-3-2-3-4-5-6,4206,4188,399,294,17
descendant,1,d252,0xe43fb0fe777efe51039f44e71025f65f,3,5,2,solved,True,0.2824579999999983,15,3466,6,6,6-2-3-2-2-3-4-5-6,13442,13412,432,283,20
descendant,1,d246,0x351aae75214f94bf197cf8bb77c135d24,3,4,2,solved,True,0.07446899999999701,12,1061,6,6,6-2-3-3-2-3-4-5-6,4728,4710,397,294,17
descendant,0,d148,0x5c3f205e9443a84d910ad16f8c39be75,3,5,1,solved,True,0.28777200000000036,15,3466,6,6,6-2-3-2-2-3-4-5-6,13445,13415,434,283,20
descendant,0,d187,0x73e3352312fe23aa3df7bc1387bd0f90e,3,5,1,solved,True,0.2860939999999985,15,3466,6,6,6-2-3-2-2-3-4-5-6,13258,13228,431,283,20
random,,r12,0x2a6480a010e4cbacc6be41a6273edb5a,3,5,1,solved,True,0.29104600000000147,15,3466,6,6,6-2-3-2-2-3-4-5-6,13448,13418,433,283,20
descendant,1,d227,0x2e613bc8778a0d73245609465a031c716,3,5,3,solved,True,0.26099000000000316,15,3466,6,6,6-2-3-3-2-3-4-5-6,13270,13240,581,422,20
descendant,0,d7,0x5ce2bafcd949830ce62ec0235672883e9,3,4,3,solved,True,0.0689719999999987,12,1061,6,6,6-2-3-3-2-3-4-5-6,4238,4220,395,294,17
E0,,E0,0x1,3,5,76,solved,True,0.2696540000000027,15,3436,6,6,6-2-3-2-2-3-2-3-4-5-6,18813,18783,411,265,20
random,,r14,0x4fd5edbf8fc086ce28aa87a3ec776f49e,3,5,2,solved,True,0.2732099999999953,15,3466,6,6,6-2-3-2-2-3-4-5-6,13287,13257,434,283,20
descendant,1,d215,0x337578b65f444d299ae723bed169c1cf4,3,4,3,solved,True,0.07506799999999814,12,1061,6,6,6-2-3-2-3-4-5-6,4211,4193,330,231,17
descendant,1,d161,0x1d194974d8161ca780f827b909834aa53,3,4,4,solved,True,0.08469200000000043,12,1061,6,6,6-2-3-2-3-4-5-6,4633,4615,338,240,17
descendant,0,d100,0x5bfbcc3510ca0a9d591a1a066a729f6fd,3,5,1,solved,True,0.2849320000000013,15,3466,6,6,6-2-3-2-2-3-4-5-6,17086,17056,450,301,20
descendant,0,d126,0x2cacb70dc47e5b9a6349c787b5c32bcfa,3,4,3,solved,True,0.07116200000000106,12,1061,6,6,6-2-3-3-2-3-4-5-6,4756,4738,398,294,17
descendant,0,d244,0x359360a49691c8a9c4c16a28eccc13dda,3,4,1,solved,True,0.07235500000000172,12,1061,6,6,6-2-3-3-2-3-4-5-6,4756,4738,398,294,17
descendant,1,d203,0x4b0e2eee613b7872f3b562cc8bbbb2c5d,3,5,3,solved,True,0.2773299999999992,15,3466,6,6,6-2-3-2-3-4-5-6,13390,13360,434,283,20
random,,r31,0x40137030b0fd3ef8da5ea4ff481444876,3,4,3,solved,True,0.07446200000000047,12,1061,6,6,6-2-3-2-2-3-4-5-6,4292,4274,327,231,17
descendant,0,d232,0x56db1c7ced76f32ddbe5383de1a2b8f2f,3,5,4,solved,True,0.2839400000000012,15,3466,6,6,6-2-3-2-2-3-4-5-6,14918,14888,452,301,20
descendant,1,d18,0x289bcd46096a3b58450dd47e44342c9b,3,5,4,solved,True,0.2974830000000033,15,3466,6,6,6-2-3-2-2-3-4-5-6,15073,15043,449,301,20
descendant,0,d100,0x5bfbcc3510ca0a9d591a1a066a729f6fd,3,4,2,solved,True,0.07444800000000029,12,1061,6,6,6-2-3-2-2-3-4-5-6,5150,5132,348,248,17
descendant,0,d69,0x49d06671fce2974f3f7c4b57ac263a037,3,4,4,solved,True,0.0745679999999993,12,1061,6,6,6-2-3-2-3-4-5-6,4624,4607,337,239,17
descendant,1,d85,0x521634e1195c62fbebdbbc62e7e3de8df,3,5,3,solved,True,0.30203599999999753,15,3466,6,6,6-2-3-3-2-3-4-5-6,13288,13258,573,413,20
descendant,1,d195,0x4c19c43afe8b10ad1c4b9aa0c35f8fcc3,3,5,2,solved,True,0.3041629999999991,15,3466,6,6,6-2-3-3-2-3-4-5-6,14450,14420,583,423,20
descendant,1,d125,0x6f9ec285d8991601bad5803fdac48a14c,3,5,3,solved,True,0.2730530000000009,15,3466,6,6,6-2-3-3-2-3-4-5-6,14286,14256,574,420,20
descendant,1,d172,0x31ac4e23f32628817f72908e8f41db46e,3,5,2,solved,True,0.2956270000000032,15,3466,6,6,6-2-3-2-2-3-4-5-6,14290,14260,444,293,20
descendant,1,d9,0x1235e6bb63c0ae62d2ad06c66f0075dd1,3,4,1,solved,True,0.07145200000000074,12,1061,6,6,6-2-3-2-2-3-4-5-6,4759,4741,338,238,17
descendant,0,d167,0xd6388e419fb08df478217c6472aa9a03,3,4,1,solved,True,0.06509900000000357,12,1061,6,6,6-2-3-2-2-3-4-5-6,4476,4458,334,235,17
descendant,0,d4,0x38a1549552e8ad1cc78b1295a7f14eac4,3,5,4,solved,True,0.2802889999999998,15,3466,6,6,6-2-3-2-2-3-4-5-6,14952,14922,452,301,20
descendant,0,d53,0x3aad5ebb6187af0a2c53cbc9010d36552,3,5,4,solved,True,0.2729889999999955,15,3466,6,6,6-2-3-2-3-2-3-4-5-6,14388,14358,479,326,20
E0,,E0,0x1,3,4,69,solved,True,0.06741199999999736,12,1043,6,6,6-2-3-3-3-3-4-3-3-3-4-5-2-2-3-6,5293,5274,777,621,17
descendant,0,d179,0x6de1658849e91ec7771f95239aa975018,3,4,4,solved,True,0.06469000000000236,12,1061,6,6,6-2-3-2-3-4-5-6,4642,4624,341,240,17
descendant,1,d5,0x76315ddd75f560eb451bd6a21a52afe3a,3,4,2,solved,True,0.07587100000000291,12,1061,6,6,6-2-3-2-2-3-4-5-6,4231,4213,330,231,17
E0,,E0,0x1,3,5,19,solved,True,0.27077999999999847,15,3436,6,6,6-2-3-2-3-2-3-4-5-6,12905,12875,580,422,20
descendant,1,d85,0x521634e1195c62fbebdbbc62e7e3de8df,3,4,3,solved,True,0.06685500000000033,12,1061,6,6,6-2-3-3-2-3-4-5-6,4229,4211,399,294,17
random,,r9,0xbcbc4456bdb91df8d0c788266f072be3,3,5,4,solved,True,0.28524699999999825,15,3466,6,6,6-2-3-2-3-2-3-4-5-6,14934,14904,534,381,20
descendant,0,d205,0x35f1527fb1e374f3438b4a58a83be437,3,4,4,solved,True,0.06922899999999998,12,1061,6,6,6-2-3-2-3-4-5-6,4625,4607,340,240,17
descendant,1,d79,0x1e188b2f3f04871f4b035dae5eb59feab,3,5,3,solved,True,0.2573140000000045,15,3466,6,6,6-2-3-2-3-2-3-4-5-6,13227,13197,524,369,20
E0,,E0,0x1,3,5,9,solved,True,0.2738539999999965,15,3436,6,6,6-2-3-2-3-2-3-4-5-6,12863,12833,581,422,20
random,,r36,0x79a58d762514600707aabe58bb3c067e7,3,5,4,solved,True,0.28435200000000194,15,3466,6,6,6-2-3-2-3-2-3-4-5-6,14394,14364,475,326,20
descendant,0,d97,0x5f839b44fc3eb024c876bf2d4d24f0239,3,5,2,solved,True,0.3048039999999972,15,3466,6,6,6-2-3-2-3-2-3-4-5-6,16231,16201,533,382,20
descendant,1,d93,0x2369c56cd97a340070a36bb606e2a62d8,3,4,3,solved,True,0.06834300000000226,12,1061,6,6,6-2-3-2-2-3-4-5-6,4277,4259,330,231,17
descendant,1,d233,0x765838b47f9f40f77070ab500719552ea,3,4,4,solved,True,0.06889899999999827,12,1061,6,6,6-2-3-3-2-3-4-5-6,4726,4708,400,294,17
descendant,1,d199,0xf3be1caa95cb497917b9e131862e6fbd,3,4,4,solved,True,0.0631939999999993,12,1061,6,6,6-2-3-2-2-3-4-5-6,5122,5104,348,248,17
descendant,0,d137,0xa9a6abd86871900d7522445f88eb3041,3,5,3,solved,True,0.3280559999999966,15,3466,6,6,6-2-3-3-2-3-4-5-6,15570,15540,593,433,20
descendant,0,d222,0x1b9b6a54a2b4db0634c71eb2d65d3a5d5,3,5,3,solved,True,0.27641100000000307,15,3466,6,6,6-2-3-2-3-2-3-4-5-6,13227,13197,522,369,20
descendant,0,d130,0x473b886587d259f1598c51e253c2395b3,3,5,1,solved,True,0.27762899999999746,15,3466,6,6,6-2-3-3-2-3-4-5-6,14447,14417,583,423,20
descendant,1,d180,0x1e7d56fa1e94716a29fd4c6e079432427,3,4,1,solved,True,0.07006000000000157,12,1061,6,6,6-2-3-3-2-3-4-5-6,4760,4742,398,294,17
descendant,1,d159,0x7734d104e2ae353b2a9a15cc93e4e26e2,3,4,4,solved,True,0.06880100000000056,12,1061,6,6,6-2-3-2-3-2-3-4-5-6,4454,4436,364,262,17
descendant,1,d32,0x6df517c2da1d083293a36a0c29450e6d8,3,5,3,solved,True,0.2693960000000004,15,3466,6,6,6-2-3-3-2-3-4-5-6,15584,15554,594,433,20
random,,r3,0x12bffc766b5be2c3419af41fff7255cda,3,5,3,solved,True,0.2951470000000036,15,3466,6,6,6-2-3-3-2-3-4-5-6,14277,14247,578,420,20
descendant,0,d87,0xd18ba4b0f46de0f1595b84056b3fcffb,3,4,4,solved,True,0.06783999999999679,12,1061,6,6,6-2-3-2-2-3-4-5-6,5102,5084,348,248,17
descendant,1,d72,0x4d3b1d9ee79e96a369d10edd1823f9f05,3,5,1,solved,True,0.27198600000000184,15,3466,6,6,6-2-3-2-2-3-4-5-6,14386,14356,443,293,20
descendant,0,d142,0x34c30acadb5f75eef45c8fba19984a310,3,4,4,solved,True,0.07019899999999524,12,1061,6,6,6-2-3-2-3-4-5-6,4633,4615,337,240,17
descendant,1,d47,0x260f9f8f3f79f7086acab2a71f18a1e02,3,4,1,solved,True,0.06949600000000089,12,1061,6,6,6-2-3-3-2-3-4-5-6,4767,4749,398,294,17
descendant,0,d63,0x497ecc75314c41f72cd92399ce7c421ed,3,5,1,solved,True,0.29471799999999604,15,3466,6,6,6-2-3-2-2-3-4-5-6,13451,13421,432,283,20
descendant,1,d210,0x4629681bbd7f5f6d22f01b3d433bb361,3,4,1,solved,True,0.07157900000000339,12,1061,6,6,6-2-3-2-2-3-4-5-6,4272,4254,331,231,17
descendant,1,d203,0x4b0e2eee613b7872f3b562cc8bbbb2c5d,3,4,4,solved,True,0.06863400000000297,12,1061,6,6,6-2-3-2-2-3-4-5-6,5121,5103,347,248,17
random,,r23,0x364aa93cd8344b4826835c30eea11ef03,3,5,3,solved,True,0.3022109999999998,15,3466,6,6,6-2-3-2-2-3-4-5-6,15553,15523,459,311,20
descendant,1,d188,0x42bb69ba29abd1c6ec710ef684632de23,3,5,4,solved,True,0.2876519999999978,15,3466,6,6,6-2-3-2-2-3-4-5-6,16333,16303,447,295,20
random,,r33,0x4abaedb2c606a04f40b4a938c050fd5ee,3,5,4,solved,True,0.27403599999999884,15,3466,6,6,6-2-3-2-3-4-5-6,14920,14890,447,301,20
descendant,0,d94,0x201948b922c9601f6abed0f30a801999c,3,5,1,solved,True,0.287156999999997,15,3466,6,6,6-2-3-3-2-3-4-5-6,13224,13194,578,417,20
descendant,1,d150,0x3a134cd82c8690680bc849e9f981cba90,3,4,2,solved,True,0.07849399999999918,12,1061,6,6,6-2-3-2-3-4-5-6,4217,4199,331,231,17
descendant,0,d155,0x6a26ae33f796563d34a0d159f9b5dc012,3,5,1,solved,True,0.2885380000000026,15,3466,6,6,6-2-3-3-2-3-4-5-6,13224,13194,578,417,20
E0,,E0,0x1,3,5,40,solved,True,0.27044599999999974,15,3436,6,6,6-2-3-2-3-2-3-4-5-6,16536,16506,592,434,20
descendant,0,d245,0x16d04b90c7148e2cc402d6641bc2b904f,3,5,2,solved,True,0.29295199999999966,15,3466,6,6,6-2-3-2-2-3-4-5-6,15453,15423,462,311,20
descendant,1,d150,0x3a134cd82c8690680bc849e9f981cba90,3,4,1,solved,True,0.06535700000000233,12,1061,6,6,6-2-3-2-3-2-3-4-5-6,4489,4471,364,262,17
descendant,0,d20,0x70ee59e58bd87a0ac65827c10cbf6d4b4,3,5,4,solved,True,0.2760600000000011,15,3466,6,6,6-2-3-2-2-2-3-4-5-6,13222,13192,433,283,20
random,,r20,0x631526e649146dd8e894a9297744d40d3,3,5,2,solved,True,0.2627789999999983,15,3466,6,6,6-2-3-2-2-3-4-5-6,14272,14242,443,293,20
descendant,0,d216,0x106ff1a099860bdcc3b55b1e4da480799,3,4,4,solved,True,0.0754419999999989,12,1061,6,6,6-2-3-2-3-4-5-6,4625,4607,337,240,17
descendant,1,d231,0x4e242904c3aff1fb588689f9e72ecbd5f,3,5,1,solved,True,0.28176199999999696,15,3466,6,6,6-2-3-2-2-3-4-5-6,13258,13228,431,283,20
descendant,1,d203,0x4b0e2eee613b7872f3b562cc8bbbb2c5d,3,4,1,solved,True,0.07021099999999691,12,1061,6,6,6-2-3-2-3-4-5-6,4463,4445,335,235,17
descendant,1,d78,0x64de8b1ac1c7462bc6433bda1d43510c2,3,4,4,solved,True,0.06937900000000141,12,1061,6,6,6-2-3-2-2-3-4-5-6,4311,4293,327,231,17
descendant,0,d128,0x47a535820bff7b9046dfb62d0ecf7fd8b,3,4,2,solved,True,0.06635900000000206,12,1061,6,6,6-2-3-2-3-4-5-6,4630,4612,341,240,17
descendant,0,d25,0x67cc5b712def5cd3ed463983f4bbfd1fc,3,5,4,solved,True,0.29118000000000066,15,3466,6,6,6-2-3-2-2-3-4-5-6,14946,14916,448,301,20
random,,r11,0x6166d7f51a48315926f85cfc243b1340b,3,4,2,solved,True,0.06480699999999828,12,1061,6,6,6-2-3-2-3-4-5-6,4629,4611,339,240,17
descendant,0,d53,0x3aad5ebb6187af0a2c53cbc9010d36552,3,4,1,solved,True,0.06673200000000179,12,1061,6,6,6-2-3-3-2-3-4-5-6,4206,4188,397,294,17
descendant,1,d218,0x52455e82f4810c9381cc3e182bb9590cb,3,5,3,solved,True,0.2804259999999985,15,3466,6,6,6-2-3-2-3-2-3-4-5-6,14114,14084,527,372,20
descendant,1,d171,0x6160c4d7681e3872568b87486e0ac852a,3,5,1,solved,True,0.28573800000000205,15,3466,6,6,6-2-3-2-2-3-4-5-6,14366,14336,439,289,20
descendant,1,d104,0x4df77d1a97b20dfb21192482f1cd7bd6d,3,5,2,solved,True,0.2625379999999957,15,3466,6,6,6-2-3-2-2-3-4-5-6,14311,14281,437,293,20
descendant,1,d210,0x4629681bbd7f5f6d22f01b3d433bb361,3,5,1,solved,True,0.2684800000000003,15,3466,6,6,6-2-3-2-2-2-3-4-5-6,14482,14452,445,294,20
descendant,1,d151,0x3273222f340ba0d98c96a57fafdd64b08,3,5,2,solved,True,0.3013590000000015,15,3466,6,6,6-2-3-2-2-3-4-5-6,15520,15490,463,311,20
E0,,E0,0x1,3,4,8,solved,True,0.06633400000000123,12,1043,6,6,6-2-3-2-3-2-3-4-5-6,5101,5082,340,238,17
random,,r35,0x2b74588391ee3766abe909bc5e572f583,3,4,4,solved,True,0.07825900000000274,12,1061,6,6,6-2-3-2-2-3-4-5-6,4223,4205,330,231,17
descendant,1,d172,0x31ac4e23f32628817f72908e8f41db46e,3,5,1,solved,True,0.28037799999999535,15,3466,6,6,6-2-3-2-2-3-4-5-6,14364,14334,444,293,20
descendant,0,d1,0x53b2a15d2d4705b05b37fc29b03e5b64d,3,4,1,solved,True,0.07078399999999618,12,1061,6,6,6-2-3-2-2-3-4-5-6,4792,4774,339,238,17
descendant,0,d165,0x64fcdc81cc55310cd05c6a8d83db3faae,3,4,4,solved,True,0.06737899999999897,12,1061,6,6,6-2-3-2-3-4-5-6,4641,4623,338,240,17
descendant,0,d16,0x76e25cb26bddbb5a5c6117a0b88853294,3,5,1,solved,True,0.29241200000000234,15,3466,6,6,6-2-3-3-2-3-4-5-6,13258,13228,576,417,20
E0,,E0,0x1,3,5,24,solved,True,0.2823600000000006,15,3436,6,6,6-2-3-2-3-2-3-4-5-6,12296,12266,591,434,20
descendant,0,d183,0x39220c2fa0ef016238dfe3c8c43313928,3,4,2,solved,True,0.06966700000000614,12,1061,6,6,6-2-3-2-2-3-4-5-6,4239,4221,329,231,17
descendant,1,d259,0x6d46a1b88290e348d3116055c40d4b21e,3,5,4,solved,True,0.2708270000000006,15,3466,6,6,6-2-3-2-2-3-4-5-6,13520,13490,431,283,20
descendant,1,d43,0x3eac3e851da537c0d7da0938edc51d5ca,3,5,4,solved,True,0.2884530000000005,15,3466,6,6,6-2-3-2-3-2-3-4-5-6,14396,14366,477,326,20
descendant,1,d240,0x5438ba06e14c74e998373466a491bf47b,3,5,2,solved,True,0.29332099999999883,15,3466,6,6,6-2-3-2-2-3-4-5-6,14373,14343,442,293,20
descendant,0,d14,0x6d1293ed7a6e90cef0292851db18baa38,3,4,1,solved,True,0.07667200000000207,12,1061,6,6,6-2-3-2-2-3-4-5-6,4793,4775,334,238,17
descendant,1,d251,0x2ceb5a2074f07d9841d4fc365c56074f0,3,4,3,solved,True,0.06875199999999992,12,1061,6,6,6-2-3-2-3-2-3-4-5-6,4471,4453,363,262,17
descendant,0,d167,0xd6388e419fb08df478217c6472aa9a03,3,5,3,solved,True,0.3227080000000022,15,3466,6,6,6-2-3-2-3-2-3-4-5-6,14882,14852,539,384,20
descendant,0,d181,0x67a9cb278d47eca3db9edf1d62c3ea42a,3,4,1,solved,True,0.07710799999999551,12,1061,6,6,6-2-3-3-2-3-4-5-6,4728,4710,397,294,17
descendant,0,d196,0x23a62a12fdf9debbc917395443182a71e,3,5,4,solved,True,0.2996089999999967,15,3466,6,6,6-2-3-2-2-3-4-5-6,15511,15481,460,311,20
descendant,0,d160,0x6edf6cf25c3495625e3f83de43362a932,3,5,3,solved,True,0.25908099999999834,15,3466,6,6,6-2-3-2-2-3-4-5-6,14716,14686,438,289,20
descendant,1,d184,0x2a50cae17267e4772e3b0132877996912,3,5,4,solved,True,0.29221500000000233,15,3466,6,6,6-2-3-2-3-4-5-6,15047,15017,451,301,20
E0,,E0,0x1,3,4,53,solved,True,0.06788300000000191,12,1043,6,6,6-2-3-3-2-3-4-5-6,4211,4192,370,273,17
descendant,1,d91,0x77a59fa1ec12e7df8655dd995dec5bef2,3,4,2,solved,True,0.06734600000000412,12,1061,6,6,6-2-3-3-2-3-4-5-6,4711,4693,398,294,17
descendant,1,d9,0x1235e6bb63c0ae62d2ad06c66f0075dd1,3,5,3,solved,True,0.2903939999999956,15,3466,6,6,6-2-3-3-2-3-4-5-6,14286,14256,579,420,20
descendant,0,d0,0x7a90344c571894684e176f4797bae946e,3,5,3,solved,True,0.2805930000000032,15,3466,6,6,6-2-3-2-3-2-3-4-5-6,13217,13187,522,369,20
random,,r36,0x79a58d762514600707aabe58bb3c067e7,3,4,1,solved,True,0.06818000000000168,12,1061,6,6,6-2-3-3-2-3-4-5-6,4213,4195,398,294,17
descendant,0,d235,0x48720f769953b071364d6cf5ee51d79d1,3,4,3,solved,True,0.06544200000000089,12,1061,6,6,6-2-3-3-2-3-4-5-6,4232,4214,399,294,17
descendant,1,d6,0x9399e01e8799a5fdd6da3c246e32acd5,3,4,4,solved,True,0.07034799999999919,12,1061,6,6,6-2-3-2-2-3-4-5-6,5122,5104,344,248,17
descendant,0,d38,0x40fc2570132c44b84b8fe1e531eac5b1f,3,5,4,solved,True,0.2996830000000017,15,3466,6,6,6-2-3-2-3-2-3-4-5-6,14389,14359,476,326,20
descendant,0,d134,0x3ac6e24c614ec7d66d9b971c65619de54,3,4,3,solved,True,0.07067299999999932,12,1061,6,6,6-2-3-2-3-4-5-6,4209,4191,331,231,17
descendant,1,d208,0x690f9adc941f9084e345e3f18c06d5ed,3,4,2,solved,True,0.06449300000000235,12,1061,6,6,6-2-3-2-3-4-5-6,4217,4199,330,231,17
descendant,1,d54,0x63d8c46984cdd26391c524343b47e012c,3,4,1,solved,True,0.06454300000000046,12,1061,6,6,6-2-3-2-2-3-4-5-6,4229,4211,332,231,17
descendant,0,d126,0x2cacb70dc47e5b9a6349c787b5c32bcfa,3,5,3,solved,True,0.2908729999999977,15,3466,6,6,6-2-3-2-2-3-4-5-6,13507,13477,431,283,20
descendant,0,d10,0x21efbc6d26559ce29fb0fb16beed8bc74,3,4,4,solved,True,0.07089399999999912,12,1061,6,6,6-2-3-2-2-3-4-5-6,4310,4292,331,231,17
descendant,0,d234,0x25d7f81aeee3dbbbba7e1a86fe7b1cb46,3,4,2,solved,True,0.06693899999999786,12,1061,6,6,6-2-3-2-2-3-4-5-6,4299,4281,330,231,17
descendant,0,d31,0x4b1b29aee3f459f4bcd186dc352d0372b,3,5,2,solved,True,0.29610199999999764,15,3466,6,6,6-2-3-2-3-2-3-4-5-6,16227,16197,536,382,20
descendant,0,d143,0x629c3e04d9c9920d0562093e9e93e2892,3,4,4,solved,True,0.06642099999999829,12,1061,6,6,6-2-3-2-2-3-4-5-6,4292,4274,329,231,17
descendant,0,d232,0x56db1c7ced76f32ddbe5383de1a2b8f2f,3,4,2,solved,True,0.06474799999999803,12,1061,6,6,6-2-3-2-2-3-4-5-6,4465,4447,334,235,17
descendant,1,d119,0x15ce9d4d971bf063c018cb2ac172e1699,3,5,3,solved,True,0.2618940000000016,15,3466,6,6,6-2-3-3-2-3-4-5-6,14367,14337,584,424,20
descendant,1,d224,0xc4ac85375f72fc79e95084d34d4c31cd,3,4,1,solved,True,0.07219200000000114,12,1061,6,6,6-2-3-2-2-3-4-5-6,4476,4458,337,235,17
descendant,0,d40,0x1d91fad937e37dd0872eb5940e37f9123,3,5,3,solved,True,0.29001399999999933,15,3466,6,6,6-2-3-2-2-3-4-5-6,15006,14976,451,301,20
descendant,1,d169,0x481775947d9b40c5b2c73300165906ba1,3,5,4,solved,True,0.28876400000000046,15,3466,6,6,6-2-3-2-2-3-4-5-6,14322,14292,441,293,20
descendant,1,d194,0x77160635e989a07d009776db14fef7a7a,3,5,4,solved,True,0.2834280000000007,15,3466,6,6,6-2-3-2-3-4-5-6,14991,14961,453,301,20
descendant,0,d243,0xb41df04135dbd12d89cc1cd57e12d4f7,3,5,3,solved,True,0.27490999999999843,15,3466,6,6,6-2-3-2-3-2-3-4-5-6,13227,13197,523,369,20
descendant,0,d162,0x3094ecfe37acc53953a51556d0b08b87a,3,4,2,solved,True,0.07187500000000213,12,1061,6,6,6-2-3-2-2-3-4-5-6,4793,4775,337,238,17
descendant,0,d13,0x63ded55f267083bb775bb261b518421d6,3,5,3,solved,True,0.30898499999999984,15,3466,6,6,6-2-3-3-2-3-4-5-6,13306,13276,572,413,20
random,,r24,0x747d2357324667ee875d2604ed162987a,3,5,1,solved,True,0.29849300000000056,15,3466,6,6,6-2-3-2-3-2-3-4-5-6,13767,13737,522,369,20
descendant,1,d52,0x62ae49abea18c3bf2d4eb301cea6f5cc8,3,4,2,solved,True,0.06323100000000181,12,1061,6,6,6-2-3-2-3-4-5-6,4217,4199,330,231,17
descendant,1,d221,0x1c70789724f0da89c0a636792b2d9d101,3,4,3,solved,True,0.06623899999999949,12,1061,6,6,6-2-3-3-2-3-4-5-6,4755,4737,397,294,17
descendant,1,d117,0xc3fba0ce2cceeb15eac58c76061f5329,3,5,1,solved,True,0.26023199999999846,15,3466,6,6,6-2-3-2-3-2-3-4-5-6,14541,14511,533,378,20
descendant,0,d186,0x3dba68d2d1db144f20fe0652052ae0350,3,4,2,solved,True,0.06738900000000214,12,1061,6,6,6-2-3-3-2-3-4-5-6,4205,4187,398,294,17
descendant,0,d176,0x7b98285ee2943dc8682f5f529fd52c980,3,4,2,solved,True,0.0683959999999999,12,1061,6,6,6-2-3-3-2-3-4-5-6,4728,4710,399,294,17
descendant,1,d237,0x4e96d24e294b11bdfd4dff9e1fd7635c3,3,5,4,solved,True,0.29272499999999724,15,3466,6,6,6-2-3-2-2-3-4-5-6,15071,15041,452,301,20
descendant,0,d186,0x3dba68d2d1db144f20fe0652052ae0350,3,5,2,solved,True,0.3261959999999995,15,3466,6,6,6-2-3-2-2-3-4-5-6,13508,13478,434,283,20
descendant,1,d166,0x1759e17144a253114d8383811b000df63,3,5,1,solved,True,0.27423100000000034,15,3466,6,6,6-2-3-3-2-3-4-5-6,15566,15536,592,433,20
random,,r31,0x40137030b0fd3ef8da5ea4ff481444876,3,5,2,solved,True,0.27731899999999854,15,3466,6,6,6-2-3-2-2-3-4-5-6,13300,13270,432,283,20
descendant,0,d61,0x61dafffc801e3d12d932586bf313fc4fa,3,4,2,solved,True,0.07781599999999855,12,1061,6,6,6-2-3-3-2-3-4-5-6,4742,4724,397,294,17
random,,r39,0x17f6c1f4e6a18e32e97b46fcc519c19ca,3,4,4,solved,True,0.06710600000000255,12,1061,6,6,6-2-3-3-2-3-4-5-6,4452,4434,401,297,17
random,,r8,0x534fd2b74bcd31e5ec9180f46977edf92,3,4,4,solved,True,0.0668890000000033,12,1061,6,6,6-2-3-3-2-3-4-5-6,4470,4452,401,297,17
descendant,0,d255,0x7438ead7f6b216d711dd286006c31aa3e,3,5,3,solved,True,0.2835879999999982,15,3466,6,6,6-2-3-2-2-3-4-5-6,17097,17067,450,301,20
descendant,0,d130,0x473b886587d259f1598c51e253c2395b3,3,4,3,solved,True,0.06810399999999817,12,1061,6,6,6-2-3-3-2-3-4-5-6,4741,4723,397,294,17
random,,r24,0x747d2357324667ee875d2604ed162987a,3,5,3,solved,True,0.29725799999999936,15,3466,6,6,6-2-3-2-3-2-3-4-5-6,13483,13453,524,369,20
descendant,0,d14,0x6d1293ed7a6e90cef0292851db18baa38,3,5,4,solved,True,0.28792999999999935,15,3466,6,6,6-2-3-2-3-2-3-4-5-6,14964,14934,537,384,20
descendant,1,d154,0x67e7ce47a6ab0a6952374decd34902208,3,5,2,solved,True,0.2897029999999994,15,3466,6,6,6-2-3-2-3-2-3-4-5-6,14930,14900,538,384,20
random,,r35,0x2b74588391ee3766abe909bc5e572f583,3,5,1,solved,True,0.2837689999999995,15,3466,6,6,6-2-3-3-2-3-4-5-6,15513,15483,593,433,20
random,,r17,0x32b640c1bba37107df49617b5077ca29b,3,5,2,solved,True,0.284119000000004,15,3466,6,6,6-2-3-2-3-2-3-4-5-6,13207,13177,524,369,20
descendant,1,d214,0x501aa57af4679d98c4318041493aef709,3,5,3,solved,True,0.27260100000000165,15,3466,6,6,6-2-3-2-3-2-3-4-5-6,14469,14439,525,372,20
random,,r36,0x79a58d762514600707aabe58bb3c067e7,3,5,3,solved,True,0.30684199999999606,15,3466,6,6,6-2-3-3-2-3-4-5-6,13307,13277,570,413,20
descendant,0,d191,0x7a8fc7068fa065ddd29042d4bc728e400,3,4,2,solved,True,0.0712189999999957,12,1061,6,6,6-2-3-2-3-4-5-6,5023,5005,344,243,17
descendant,1,d208,0x690f9adc941f9084e345e3f18c06d5ed,3,5,2,solved,True,0.2757690000000004,15,3466,6,6,6-2-3-2-2-3-4-5-6,13520,13490,430,283,20
descendant,1,d34,0x4ccd3eb998bd563dec81902c927ba27b1,3,4,4,solved,True,0.07413299999999978,12,1061,6,6,6-2-3-2-3-4-5-6,4618,4600,339,240,17
E0,,E0,0x1,3,5,12,solved,True,0.2766540000000006,15,3436,6,6,6-2-3-3-2-3-4-5-6,14526,14496,514,342,20
descendant,1,d118,0x662a65f2587d8d4e1c80dd4bcbdffdba0,3,5,1,solved,True,0.27818200000000104,15,3466,6,6,6-2-3-2-2-3-4-5-6,14434,14404,440,289,20
descendant,0,d38,0x40fc2570132c44b84b8fe1e531eac5b1f,3,5,3,solved,True,0.30103799999999836,15,3466,6,6,6-2-3-3-2-3-4-5-6,15602,15572,595,433,20
descendant,1,d254,0x6737d2ee8492e7c8b943a0e1a26e6a046,3,4,1,solved,True,0.06923199999999952,12,1061,6,6,6-2-3-2-3-2-3-4-5-6,4489,4471,364,262,17
descendant,1,d88,0x11c4791a0462daffe9cf91df98b522b83,3,4,3,solved,True,0.06673100000000076,12,1061,6,6,6-2-3-3-2-3-4-5-6,4741,4723,397,294,17
descendant,1,d62,0x7c8857448d048353655694cc56d75363c,3,5,3,solved,True,0.27691299999999686,15,3466,6,6,6-2-3-2-2-3-4-5-6,14368,14338,443,293,20
descendant,1,d158,0x6f514cabfdbec0ee57f5dcc4987dc83f0,3,5,1,solved,True,0.29036299999999926,15,3466,6,6,6-2-3-2-3-2-3-4-5-6,14522,14492,527,372,20
descendant,0,d49,0x73e8cc09e3496e8ad78bb3b46c1751126,3,4,4,solved,True,0.06655800000000056,12,1061,6,6,6-2-3-2-3-4-5-6,4632,4614,340,240,17
random,,r39,0x17f6c1f4e6a18e32e97b46fcc519c19ca,3,4,1,solved,True,0.06699500000000214,12,1061,6,6,6-2-3-3-2-3-4-5-6,4217,4199,399,294,17
descendant,0,d57,0x7e692af8166d618f5dfcae83e865bcd56,3,5,3,solved,True,0.2635000000000005,15,3466,6,6,6-2-3-2-3-2-3-4-5-6,13227,13197,521,369,20
descendant,1,d125,0x6f9ec285d8991601bad5803fdac48a14c,3,4,4,solved,True,0.08121200000000073,12,1061,6,6,6-2-3-2-3-4-5-6,4649,4631,340,240,17
descendant,1,d129,0x142bc9983801d5399f9f7a19881c1f6d,3,4,2,solved,True,0.07685500000000545,12,1061,6,6,6-2-3-2-2-3-4-5-6,5150,5132,347,248,17
descendant,0,d14,0x6d1293ed7a6e90cef0292851db18baa38,3,4,4,solved,True,0.07053099999999901,12,1061,6,6,6-2-3-2-3-4-5-6,4627,4609,340,240,17
descendant,0,d193,0x3613dae75f27455877c5ff6325ef7002a,3,4,2,solved,True,0.07087899999999792,12,1061,6,6,6-2-3-3-2-3-4-5-6,4751,4733,397,294,17
descendant,0,d108,0x63d191066a33756500331f9bdec19981a,3,4,3,solved,True,0.06807300000000538,12,1061,6,6,6-2-3-2-3-4-5-6,4214,4196,329,231,17
descendant,1,d127,0x69e71437e6d7cbd4e1fcdbc13bd0ec89,3,5,1,solved,True,0.28135500000000135,15,3466,6,6,6-2-3-2-3-2-3-4-5-6,13768,13738,524,369,20
descendant,0,d41,0x11254be458763df1497f7eceb9b73c56b,3,4,3,solved,True,0.07371700000000203,12,1061,6,6,6-2-3-2-2-3-4-5-6,5122,5104,348,248,17
descendant,0,d142,0x34c30acadb5f75eef45c8fba19984a310,3,5,4,solved,True,0.30640400000000056,15,3466,6,6,6-2-3-2-3-2-3-4-5-6,14124,14094,526,372,20
descendant,1,d253,0x5145b780bee05e43a87a5392935996539,3,4,2,solved,True,0.06811400000000134,12,1061,6,6,6-2-3-2-3-4-5-6,4217,4199,330,231,17
random,,r1,0x663f611ae0458018c496d4a4d64951786,3,5,1,solved,True,0.29130300000000275,15,3466,6,6,6-2-3-2-2-3-4-5-6,13484,13454,432,283,20
descendant,0,d155,0x6a26ae33f796563d34a0d159f9b5dc012,3,4,1,solved,True,0.08071599999999535,12,1061,6,6,6-2-3-3-2-3-4-5-6,4206,4188,398,294,17
descendant,0,d186,0x3dba68d2d1db144f20fe0652052ae0350,3,5,3,solved,True,0.28906200000000126,15,3466,6,6,6-2-3-2-3-2-3-4-5-6,13218,13188,525,369,20
descendant,0,d137,0xa9a6abd86871900d7522445f88eb3041,3,4,2,solved,True,0.07331200000000138,12,1061,6,6,6-2-3-3-2-3-4-5-6,4755,4737,396,294,17
descendant,1,d115,0x1d26fc45a9f09b8d2f83e069e8549267f,3,4,2,solved,True,0.07461700000000349,12,1061,6,6,6-2-3-2-2-3-4-5-6,4758,4740,338,238,17
descendant,0,d99,0x5f3d085e99edc7c4a2d95fca485a75af1,3,5,1,solved,True,0.26740299999999806,15,3466,6,6,6-2-3-2-2-3-4-5-6,14714,14684,437,289,20
E0,,E0,0x1,3,4,73,solved,True,0.06777999999999906,12,1043,6,6,6-2-3-3-2-3-4-5-6,4210,4191,364,267,17
random,,r22,0x1c109605f1137a32b7e925fa3d122d73e,3,4,4,solved,True,0.07886299999999835,12,1061,6,6,6-2-3-2-2-3-4-5-6,4468,4450,336,235,17
descendant,1,d24,0x2d22cfd861ae9e73299a94b877a445f40,3,4,3,solved,True,0.07361299999999815,12,1061,6,6,6-2-3-2-2-3-4-5-6,4212,4194,327,231,17
descendant,0,d248,0xc756e1ddb5f119ccfbc736687ea9d9ad,3,5,4,solved,True,0.27250499999999533,15,3466,6,6,6-2-3-2-3-2-3-4-5-6,14392,14362,476,326,20
descendant,1,d184,0x2a50cae17267e4772e3b0132877996912,3,5,3,solved,True,0.281997999999998,15,3466,6,6,6-2-3-2-3-2-3-4-5-6,14106,14076,527,372,20
descendant,0,d179,0x6de1658849e91ec7771f95239aa975018,3,5,3,solved,True,0.31310299999999813,15,3466,6,6,6-2-3-3-2-3-4-5-6,13270,13240,583,422,20
descendant,0,d126,0x2cacb70dc47e5b9a6349c787b5c32bcfa,3,4,1,solved,True,0.06739700000000326,12,1061,6,6,6-2-3-3-2-3-4-5-6,4756,4738,398,294,17
descendant,0,d64,0x1c9be51908f70d585373c6ee768481d1f,3,5,3,solved,True,0.28945699999999874,15,3466,6,6,6-2-3-2-3-2-3-4-5-6,14382,14352,527,373,20
descendant,0,d162,0x3094ecfe37acc53953a51556d0b08b87a,3,4,1,solved,True,0.06883300000000503,12,1061,6,6,6-2-3-3-2-3-4-5-6,4238,4220,399,294,17
descendant,1,d2,0x52dc359100c4cf6f6ff021f34d38a5abd,3,5,2,solved,True,0.2782349999999987,15,3466,6,6,6-2-3-2-2-3-4-5-6,13413,13383,430,283,20
descendant,1,d33,0x344bf04093f8a908f2df7b012e6a1ff46,3,4,1,solved,True,0.07123599999999897,12,1061,6,6,6-2-3-2-3-2-3-4-5-6,4487,4469,364,262,17
descendant,0,d105,0x16757ef5aeaa0592f69ecd0e05d2727c1,3,5,1,solved,True,0.29381599999999963,15,3466,6,6,6-2-3-2-3-2-3-4-5-6,14418,14388,480,326,20
descendant,0,d148,0x5c3f205e9443a84d910ad16f8c39be75,3,5,2,solved,True,0.3021499999999975,15,3466,6,6,6-2-3-3-2-3-4-5-6,14222,14192,579,420,20
descendant,1,d125,0x6f9ec285d8991601bad5803fdac48a14c,3,5,1,solved,True,0.3055140000000023,15,3466,6,6,6-2-3-3-2-3-4-5-6,13258,13228,577,417,20
random,,r15,0x428b16566f49d70583495040a60feeb8b,3,4,4,solved,True,0.06610000000000227,12,1061,6,6,6-2-3-2-2-3-4-5-6,5081,5063,350,248,17
descendant,1,d251,0x2ceb5a2074f07d9841d4fc365c56074f0,3,4,2,solved,True,0.06978799999999907,12,1061,6,6,6-2-3-2-2-3-4-5-6,5149,5131,348,248,17
descendant,1,d213,0x15a18d2e9ecf8109f0f06bc557f80398f,3,5,3,solved,True,0.29527799999999615,15,3466,6,6,6-2-3-2-2-3-4-5-6,13521,13491,433,283,20
descendant,1,d231,0x4e242904c3aff1fb588689f9e72ecbd5f,3,5,2,solved,True,0.2893320000000017,15,3466,6,6,6-2-3-2-2-3-4-5-6,13559,13529,440,288,20
descendant,0,d41,0x11254be458763df1497f7eceb9b73c56b,3,5,1,solved,True,0.26188300000000453,15,3466,6,6,6-2-3-2-2-3-4-5-6,14438,14408,440,289,20
descendant,1,d184,0x2a50cae17267e4772e3b0132877996912,3,4,4,solved,True,0.07017000000000095,12,1061,6,6,6-2-3-2-3-2-3-4-5-6,5001,4983,373,272,17
descendant,0,d243,0xb41df04135dbd12d89cc1cd57e12d4f7,3,5,1,solved,True,0.2685600000000008,15,3466,6,6,6-2-3-2-3-2-3-4-5-6,14034,14004,528,372,20
descendant,0,d112,0x1994e3603f97ef024ee05440540a67bc7,3,4,2,solved,True,0.06571799999999683,12,1061,6,6,6-2-3-2-2-3-4-5-6,4758,4740,334,238,17
descendant,1,d214,0x501aa57af4679d98c4318041493aef709,3,5,4,solved,True,0.2740669999999952,15,3466,6,6,6-2-3-2-3-2-3-4-5-6,14909,14879,536,381,20
descendant,1,d119,0x15ce9d4d971bf063c018cb2ac172e1699,3,4,2,solved,True,0.06914399999999432,12,1061,6,6,6-2-3-2-3-2-3-4-5-6,4448,4430,365,262,17
descendant,0,d42,0x1729343319b55ebc3b3a82b1dc095d5b,3,4,4,solved,True,0.0684219999999982,12,1061,6,6,6-2-3-2-2-3-4-5-6,5118,5100,347,248,17
E0,,E0,0x1,3,4,45,solved,True,0.07278699999999816,12,1043,6,6,6-2-3-2-3-2-3-4-5-6,4664,4645,335,241,17
descendant,1,d190,0x5f45884e703f81e86996cccf0a8c14659,3,5,4,solved,True,0.28269399999999933,15,3466,6,6,6-2-3-2-3-2-3-4-5-6,14943,14913,498,346,20
descendant,1,d21,0xadada875c148325bf5339de87d1af447,3,5,3,solved,True,0.28241400000000283,15,3466,6,6,6-2-3-3-2-3-4-5-6,13303,13273,572,413,20
descendant,1,d124,0x15dbca5211d9ba2d338bb55c508f06c69,3,4,2,solved,True,0.07195100000000565,12,1061,6,6,6-2-3-3-2-3-4-5-6,4718,4700,397,294,17
descendant,1,d188,0x42bb69ba29abd1c6ec710ef684632de23,3,4,3,solved,True,0.06811799999999835,12,1061,6,6,6-2-3-3-2-3-4-5-6,4233,4215,399,294,17
descendant,0,d260,0x42574b08f9dc08ecd2e13d8090ad12b21,3,4,2,solved,True,0.06975200000000115,12,1061,6,6,6-2-3-3-2-3-4-5-6,4751,4733,397,294,17
E0,,E0,0x1,3,5,7,solved,True,0.29786800000000113,15,3436,6,6,6-2-3-2-3-2-3-4-5-6,13290,13260,599,440,20
descendant,1,d111,0x4d8262c03b2b0b4bd0e3de7f489167e1d,3,5,2,solved,True,0.25829399999999936,15,3466,6,6,6-2-3-2-2-3-4-5-6,14278,14248,445,293,20
descendant,1,d236,0x9581dc3d7b73f42601641f2d5d75927d,3,4,4,solved,True,0.07236400000000032,12,1061,6,6,6-2-3-2-2-3-4-5-6,5118,5100,347,248,17
descendant,0,d191,0x7a8fc7068fa065ddd29042d4bc728e400,3,5,1,solved,True,0.27054399999999745,15,3466,6,6,6-2-3-2-2-3-4-5-6,14386,14356,443,293,20
descendant,1,d28,0xb4952f009fc0edd12dbd419804e5f43d,3,4,2,solved,True,0.06378500000000287,12,1061,6,6,6-2-3-2-3-4-5-6,4215,4197,332,231,17
descendant,1,d223,0x7f59881f65b46784928483fc532a92ca2,3,4,2,solved,True,0.06758700000000317,12,1061,6,6,6-2-3-2-3-2-3-4-5-6,5023,5005,374,272,17
descendant,1,d198,0x5688660fa87d686a97e803aa88524ab9b,3,4,1,solved,True,0.07825400000000116,12,1061,6,6,6-2-3-2-2-3-4-5-6,4793,4775,336,238,17
descendant,0,d49,0x73e8cc09e3496e8ad78bb3b46c1751126,3,5,1,solved,True,0.263219000000003,15,3466,6,6,6-2-3-2-2-3-4-5-6,13451,13421,430,283,20
descendant,1,d48,0x469178f28f291f06dae284c0c8e07033b,3,5,1,solved,True,0.25967399999999685,15,3466,6,6,6-2-3-3-2-3-4-5-6,15514,15484,593,433,20
descendant,0,d217,0x4a61b1d6894bdf065f2e8452518ba7929,3,5,4,solved,True,0.2686069999999958,15,3466,6,6,6-2-3-2-3-2-3-4-5-6,14934,14904,534,381,20
descendant,1,d215,0x337578b65f444d299ae723bed169c1cf4,3,5,4,solved,True,0.270350999999998,15,3466,6,6,6-2-3-2-2-3-4-5-6,15060,15030,452,301,20
random,,r29,0x1432bc8937487ee95232c92aec87eb936,3,4,4,solved,True,0.07023199999999719,12,1061,6,6,6-2-3-2-3-4-5-6,4640,4622,340,240,17
descendant,0,d261,0x184c28af14000136d0051c59203a1e0f5,3,4,1,solved,True,0.07570100000000224,12,1061,6,6,6-2-3-2-2-3-4-5-6,4792,4774,338,238,17
descendant,1,d5,0x76315ddd75f560eb451bd6a21a52afe3a,3,5,1,solved,True,0.27265000000000583,15,3466,6,6,6-2-3-2-3-2-3-4-5-6,13515,13485,522,369,20
descendant,1,d135,0x4b6f4aedf31a71f526b4308aeb2db1361,3,4,1,solved,True,0.0669329999999988,12,1061,6,6,6-2-3-2-3-2-3-4-5-6,5018,5000,374,272,17
descendant,1,d39,0x3c78dedcf68e2e98f70c556392ccec84a,3,4,3,solved,True,0.07630900000000196,12,1061,6,6,6-2-3-2-2-3-4-5-6,4789,4771,339,238,17
descendant,0,d133,0x7d79e288bbf062c834da78d42e4a17ce0,3,4,4,solved,True,0.06812299999999993,12,1061,6,6,6-2-3-2-3-4-5-6,4225,4207,329,231,17
descendant,1,d92,0x4901868d3d3ffba413e1c8e2c6fd8f659,3,4,4,solved,True,0.07499800000000079,12,1061,6,6,6-2-3-2-3-4-5-6,4605,4587,340,240,17
E0,,E0,0x1,3,4,16,solved,True,0.06842900000000185,12,1043,6,6,6-2-3-2-2-3-3-4-5-6,5632,5613,310,218,17
descendant,0,d217,0x4a61b1d6894bdf065f2e8452518ba7929,3,4,3,solved,True,0.08246299999999707,12,1061,6,6,6-2-3-2-3-4-5-6,4633,4615,338,240,17
random,,r5,0x57d2f5a17fa44525671162d58f74a9fe6,3,5,3,solved,True,0.28005199999999775,15,3466,6,6,6-2-3-2-2-3-4-5-6,13502,13472,434,283,20
random,,r34,0x27183f6ce33848dde3948dcd3e643d623,3,4,4,solved,True,0.07605999999999824,12,1061,6,6,6-2-3-2-2-3-4-5-6,5129,5111,346,248,17
descendant,1,d210,0x4629681bbd7f5f6d22f01b3d433bb361,3,4,4,solved,True,0.07017799999999852,12,1061,6,6,6-2-3-2-3-4-5-6,4618,4600,340,240,17
descendant,1,d19,0x2a911d75f664c9aa5ea884f6a43d404ea,3,5,3,solved,True,0.2898929999999993,15,3466,6,6,6-2-3-2-3-2-3-4-5-6,13169,13139,525,369,20
E0,,E0,0x1,3,4,4,solved,True,0.06820300000000401,12,1043,6,6,6-2-3-2-3-2-3-4-5-6,4615,4596,333,241,17
descendant,0,d202,0x395581209ce2b0a65125651ee71539026,3,5,3,solved,True,0.2713639999999984,15,3466,6,6,6-2-3-2-2-3-4-5-6,13521,13491,433,283,20
descendant,1,d131,0x5aec3bd9f85ce0f5ba815deed00bd4299,3,4,4,solved,True,0.0684140000000042,12,1061,6,6,6-2-3-2-3-4-5-6,4625,4607,339,240,17
descendant,1,d15,0x3ebf8a5e492fd2ec12dc99e23299fe124,3,5,4,solved,True,0.25216100000000097,15,3466,6,6,6-2-3-2-2-3-4-5-6,14940,14910,450,301,20
descendant,0,d229,0x2439e5e8ce836a3b3b4c69b74af0a2938,3,4,2,solved,True,0.07468000000000075,12,1061,6,6,6-2-3-3-2-3-4-5-6,4728,4710,397,294,17
descendant,0,d25,0x67cc5b712def5cd3ed463983f4bbfd1fc,3,4,2,solved,True,0.06727599999999967,12,1061,6,6,6-2-3-3-2-3-4-5-6,4751,4733,397,294,17
descendant,1,d52,0x62ae49abea18c3bf2d4eb301cea6f5cc8,3,5,3,solved,True,0.28233800000000286,15,3466,6,6,6-2-3-2-2-3-4-5-6,15012,14982,451,301,20
descendant,0,d217,0x4a61b1d6894bdf065f2e8452518ba7929,3,4,4,solved,True,0.07423599999999908,12,1061,6,6,6-2-3-2-3-4-5-6,4625,4607,339,240,17
descendant,0,d162,0x3094ecfe37acc53953a51556d0b08b87a,3,4,4,solved,True,0.06525500000000051,12,1061,6,6,6-2-3-2-3-2-3-4-5-6,4454,4436,363,262,17
E0,,E0,0x1,3,5,1,solved,True,0.27250000000000085,15,3436,6,6,6-2-3-2-3-2-3-4-5-6,12943,12913,575,419,20
E0,,E0,0x1,3,5,6,solved,True,0.2624369999999985,15,3436,6,6,6-2-3-3-2-2-3-4-5-6,15672,15642,667,437,20
descendant,0,d249,0x61aeef6ef85ff4a68818d4d0aa03567ea,3,4,4,solved,True,0.0708929999999981,12,1061,6,6,6-2-3-3-2-3-4-5-6,4726,4708,399,294,17
descendant,0,d162,0x3094ecfe37acc53953a51556d0b08b87a,3,5,2,solved,True,0.2600129999999936,15,3466,6,6,6-2-3-2-3-2-3-4-5-6,13211,13181,524,369,20
descendant,0,d133,0x7d79e288bbf062c834da78d42e4a17ce0,3,5,3,solved,True,0.2735020000000006,15,3466,6,6,6-2-3-3-2-3-4-5-6,13283,13253,574,413,20
descendant,0,d155,0x6a26ae33f796563d34a0d159f9b5dc012,3,4,2,solved,True,0.06640999999999764,12,1061,6,6,6-2-3-2-3-2-3-4-5-6,4451,4433,364,262,17
descendant,0,d45,0x40bb9e1577a5e671bfd24982cff49b933,3,5,3,solved,True,0.2674069999999986,15,3466,6,6,6-2-3-2-2-3-4-5-6,13499,13469,433,283,20
descendant,1,d213,0x15a18d2e9ecf8109f0f06bc557f80398f,3,4,1,solved,True,0.0679190000000034,12,1061,6,6,6-2-3-2-3-2-3-4-5-6,5015,4997,374,272,17
descendant,1,d70,0x1f89dd540b9b75905ab799dfe0c123771,3,4,2,solved,True,0.06827700000000192,12,1061,6,6,6-2-3-3-2-3-4-5-6,4202,4184,397,294,17
descendant,0,d196,0x23a62a12fdf9debbc917395443182a71e,3,4,4,solved,True,0.06566600000000022,12,1061,6,6,6-2-3-2-3-4-5-6,4633,4615,340,240,17
E0,,E0,0x1,3,5,18,solved,True,0.27883399999999625,15,3436,6,6,6-2-3-3-3-3-4-2-2-3-2-3-4-5-6,13478,13448,1064,733,20
descendant,1,d139,0x3f3a3c2426b89e5f111720f26746debb6,3,5,1,solved,True,0.28394200000000325,15,3466,6,6,6-2-3-2-2-3-4-5-6,14385,14355,443,293,20
descendant,0,d59,0x1cec9f43ce245075b0ea308b7973cd86d,3,4,4,solved,True,0.0702360000000013,12,1061,6,6,6-2-3-2-2-3-4-5-6,5113,5095,348,248,17
random,,r21,0x4d4c870d513017a31a0bc4f966ea8965b,3,5,2,solved,True,0.2828810000000104,15,3466,6,6,6-2-3-2-2-3-4-5-6,14344,14314,445,293,20
descendant,0,d132,0x66be1b1e0c8ac87b7df12d81a076d24c8,3,5,2,solved,True,0.27717899999999673,15,3466,6,6,6-2-3-2-2-3-4-5-6,13419,13389,434,283,20
random,,r3,0x12bffc766b5be2c3419af41fff7255cda,3,5,1,solved,True,0.2691300000000041,15,3466,6,6,6-2-3-2-2-3-4-5-6,14386,14356,442,293,20
descendant,0,d249,0x61aeef6ef85ff4a68818d4d0aa03567ea,3,5,1,solved,True,0.2807809999999975,15,3466,6,6,6-2-3-3-2-3-4-5-6,14414,14384,584,423,20
descendant,1,d194,0x77160635e989a07d009776db14fef7a7a,3,5,1,solved,True,0.2791470000000018,15,3466,6,6,6-2-3-2-3-2-3-4-5-6,13768,13738,522,369,20
descendant,0,d66,0x710351313dbb97511f377b21f0b7e015c,3,5,2,solved,True,0.26317399999999935,15,3466,6,6,6-2-3-2-3-4-5-6,14949,14919,450,301,20
descendant,1,d141,0x1d905d916248f4d5b99bffb706fccae9f,3,5,2,solved,True,0.2704779999999971,15,3466,6,6,6-2-3-2-2-2-3-4-5-6,14550,14520,446,294,20
random,,r3,0x12bffc766b5be2c3419af41fff7255cda,3,4,4,solved,True,0.06818199999999308,12,1061,6,6,6-2-3-2-3-4-5-6,4634,4616,341,240,17
descendant,0,d38,0x40fc2570132c44b84b8fe1e531eac5b1f,3,4,2,solved,True,0.07206800000000158,12,1061,6,6,6-2-3-3-2-3-4-5-6,4728,4710,399,294,17
descendant,0,d36,0x451b962e8e37e5267349c9f6aae91ea13,3,4,3,solved,True,0.06954999999999956,12,1061,6,6,6-2-3-3-2-3-4-5-6,4233,4215,399,294,17
descendant,0,d75,0x588cdbe30c37d9547410df815a02110fb,3,4,4,solved,True,0.06903000000000503,12,1061,6,6,6-2-3-2-3-4-5-6,4626,4608,339,240,17
descendant,1,d27,0x2e670ee2b9b86c05d6a242148468dc3d6,3,4,3,solved,True,0.07607000000000141,12,1061,6,6,6-2-3-2-3-4-5-6,4622,4604,338,240,17
descendant,0,d228,0x6d20a8996fe80a6e006d15d8384fb540c,3,5,4,solved,True,0.25369099999999634,15,3466,6,6,6-2-3-2-2-2-3-4-5-6,13769,13739,432,283,20
descendant,0,d66,0x710351313dbb97511f377b21f0b7e015c,3,5,4,solved,True,0.2674469999999971,15,3466,6,6,6-2-3-2-2-3-4-5-6,14410,14380,439,289,20
descendant,1,d171,0x6160c4d7681e3872568b87486e0ac852a,3,4,2,solved,True,0.07326599999999672,12,1061,6,6,6-2-3-3-2-3-4-5-6,4728,4710,396,294,17
descendant,0,d10,0x21efbc6d26559ce29fb0fb16beed8bc74,3,5,2,solved,True,0.2896679999999989,15,3466,6,6,6-2-3-2-2-3-4-5-6,13295,13265,433,283,20
descendant,1,d85,0x521634e1195c62fbebdbbc62e7e3de8df,3,4,2,solved,True,0.08180799999999522,12,1061,6,6,6-2-3-2-2-3-4-5-6,4758,4740,338,238,17
descendant,0,d145,0x5c7d9e1810ff3dcb66944c37d53c3e765,3,4,1,solved,True,0.07984299999999678,12,1061,6,6,6-2-3-2-3-2-3-4-5-6,4476,4458,363,262,17
E0,,E0,0x1,3,4,18,solved,True,0.06458800000000053,12,1043,6,6,6-2-3-2-3-2-3-4-5-6,5103,5084,344,245,17
descendant,1,d190,0x5f45884e703f81e86996cccf0a8c14659,3,4,1,solved,True,0.06421500000000435,12,1061,6,6,6-2-3-2-3-4-5-6,4630,4612,338,240,17
descendant,1,d52,0x62ae49abea18c3bf2d4eb301cea6f5cc8,3,5,1,solved,True,0.2675389999999993,15,3466,6,6,6-2-3-2-3-2-3-4-5-6,14525,14495,526,372,20
descendant,1,d157,0x2a281bc876e2581b088fa834d83f0118a,3,5,2,solved,True,0.2565390000000036,15,3466,6,6,6-2-3-2-3-2-3-4-5-6,13211,13181,523,369,20
random,,r14,0x4fd5edbf8fc086ce28aa87a3ec776f49e,3,5,3,solved,True,0.285148999999997,15,3466,6,6,6-2-3-3-2-3-4-5-6,13234,13204,577,417,20
descendant,1,d158,0x6f514cabfdbec0ee57f5dcc4987dc83f0,3,5,2,solved,True,0.2610700000000037,15,3466,6,6,6-2-3-2-3-2-3-4-5-6,13784,13754,522,369,20
descendant,0,d31,0x4b1b29aee3f459f4bcd186dc352d0372b,3,5,4,solved,True,0.27253999999999934,15,3466,6,6,6-2-3-2-2-3-4-5-6,14929,14899,452,301,20
descendant,1,d9,0x1235e6bb63c0ae62d2ad06c66f0075dd1,3,4,3,solved,True,0.06686899999999696,12,1061,6,6,6-2-3-3-2-3-4-5-6,4233,4215,395,294,17
descendant,1,d188,0x42bb69ba29abd1c6ec710ef684632de23,3,5,3,solved,True,0.27566800000000313,15,3466,6,6,6-2-3-2-3-2-3-4-5-6,14338,14308,524,373,20
descendant,1,d252,0xe43fb0fe777efe51039f44e71025f65f,3,4,4,solved,True,0.07168500000000222,12,1061,6,6,6-2-3-2-3-4-5-6,4625,4607,339,240,17
random,,r9,0xbcbc4456bdb91df8d0c788266f072be3,3,5,3,solved,True,0.25561800000000545,15,3466,6,6,6-2-3-2-2-3-4-5-6,13521,13491,432,283,20
descendant,1,d170,0xae83df036e8fb794a59398cb5e86a119,3,4,1,solved,True,0.06412600000000168,12,1061,6,6,6-2-3-2-3-4-5-6,4627,4610,334,239,17
descendant,0,d167,0xd6388e419fb08df478217c6472aa9a03,3,5,2,solved,True,0.2680329999999955,15,3466,6,6,6-2-3-2-2-3-4-5-6,14278,14248,443,293,20
descendant,1,d208,0x690f9adc941f9084e345e3f18c06d5ed,3,4,3,solved,True,0.07133300000000276,12,1061,6,6,6-2-3-3-2-3-4-5-6,4736,4718,399,294,17
descendant,0,d108,0x63d191066a33756500331f9bdec19981a,3,4,1,solved,True,0.07368300000000261,12,1061,6,6,6-2-3-2-3-4-5-6,5029,5011,344,243,17
descendant,1,d242,0x54aae193ab4ce46cc2cfbeb7a32a56e7b,3,5,2,solved,True,0.26106800000000163,15,3466,6,6,6-2-3-2-3-2-3-4-5-6,13785,13755,521,369,20
descendant,0,d162,0x3094ecfe37acc53953a51556d0b08b87a,3,4,3,solved,True,0.0703099999999992,12,1061,6,6,6-2-3-3-2-3-4-5-6,4474,4456,401,297,17
descendant,1,d138,0x11e5a601d7acc53b58f3e174eaf2cc403,3,5,1,solved,True,0.28887900000000144,15,3466,6,6,6-2-3-2-2-3-4-5-6,13444,13414,433,283,20
descendant,0,d197,0x283e0e7def2f755a62c475993b97cc610,3,4,1,solved,True,0.06598000000000326,12,1061,6,6,6-2-3-2-3-4-5-6,5024,5006,343,243,17
descendant,0,d133,0x7d79e288bbf062c834da78d42e4a17ce0,3,4,3,solved,True,0.08176300000000225,12,1061,6,6,6-2-3-2-3-2-3-4-5-6,4486,4468,361,262,17
random,,r20,0x631526e649146dd8e894a9297744d40d3,3,4,3,solved,True,0.06682199999999483,12,1061,6,6,6-2-3-3-2-3-4-5-6,4738,4720,396,294,17
descendant,0,d53,0x3aad5ebb6187af0a2c53cbc9010d36552,3,4,4,solved,True,0.06964500000000129,12,1061,6,6,6-2-3-2-2-3-4-5-6,4287,4269,330,231,17
descendant,1,d194,0x77160635e989a07d009776db14fef7a7a,3,4,2,solved,True,0.06687699999999808,12,1061,6,6,6-2-3-2-2-3-4-5-6,4238,4220,331,231,17
descendant,0,d134,0x3ac6e24c614ec7d66d9b971c65619de54,3,4,2,solved,True,0.0685670000000016,12,1061,6,6,6-2-3-3-2-3-4-5-6,4228,4210,399,294,17
descendant,0,d133,0x7d79e288bbf062c834da78d42e4a17ce0,3,5,2,solved,True,0.2734960000000015,15,3466,6,6,6-2-3-2-2-3-4-5-6,15539,15509,456,311,20
descendant,0,d196,0x23a62a12fdf9debbc917395443182a71e,3,4,1,solved,True,0.07605100000000675,12,1061,6,6,6-2-3-2-3-4-5-6,5029,5011,343,243,17
E0,,E0,0x1,3,5,17,solved,True,0.28556599999999577,15,3436,6,6,6-2-3-2-3-3-2-3-3-4-5-6,14890,14863,588,411,35
descendant,1,d233,0x765838b47f9f40f77070ab500719552ea,3,5,2,solved,True,0.30251900000000376,15,3466,6,6,6-2-3-2-3-2-3-4-5-6,13179,13149,525,369,20
descendant,1,d240,0x5438ba06e14c74e998373466a491bf47b,3,5,3,solved,True,0.26471999999999696,15,3466,6,6,6-2-3-2-3-2-3-4-5-6,13227,13197,523,369,20
E0,,E0,0x1,3,4,43,solved,True,0.07253599999999949,12,1043,6,6,6-2-3-3-3-4-2-3-2-3-4-5-2-2-3-6,5199,5180,659,507,17
descendant,0,d142,0x34c30acadb5f75eef45c8fba19984a310,3,5,3,solved,True,0.2734089999999938,15,3466,6,6,6-2-3-2-3-2-3-4-5-6,14385,14355,526,373,20
descendant,1,d182,0x33db101d94ca827f757e351001f0b87a6,3,4,3,solved,True,0.07281699999999347,12,1061,6,6,6-2-3-2-2-3-4-5-6,4464,4446,335,235,17
random,,r25,0x1a67be1095d6dd2e0cfc9ce7df923cbbb,3,4,4,solved,True,0.06255899999999315,12,1061,6,6,6-2-3-2-2-3-4-5-6,5119,5101,347,248,17
descendant,1,d48,0x469178f28f291f06dae284c0c8e07033b,3,4,3,solved,True,0.07045699999999755,12,1061,6,6,6-2-3-3-2-3-4-5-6,4736,4718,399,294,17
descendant,0,d38,0x40fc2570132c44b84b8fe1e531eac5b1f,3,5,2,solved,True,0.28448500000000365,15,3466,6,6,6-2-3-2-2-3-4-5-6,13287,13257,433,283,20
descendant,0,d3,0x2970943988085c950a464102342c27420,3,4,3,solved,True,0.06946100000000399,12,1061,6,6,6-2-3-2-2-3-4-5-6,4243,4225,332,231,17
random,,r13,0x5f90bb86993867ddc983e693e8305dee,3,5,2,solved,True,0.2675259999999966,15,3466,6,6,6-2-3-2-2-3-4-5-6,13311,13281,433,283,20
descendant,1,d195,0x4c19c43afe8b10ad1c4b9aa0c35f8fcc3,3,4,4,solved,True,0.07687399999999656,12,1061,6,6,6-2-3-2-2-3-4-5-6,5120,5102,349,248,17
descendant,1,d171,0x6160c4d7681e3872568b87486e0ac852a,3,4,3,solved,True,0.07169300000000334,12,1061,6,6,6-2-3-2-2-3-4-5-6,4755,4737,338,238,17
random,,r4,0x5aed395528d9334d7b0db1091b2fccab3,3,5,1,solved,True,0.26816000000000173,15,3466,6,6,6-2-3-2-2-3-4-5-6,14383,14353,445,293,20
descendant,1,d102,0x7200cf2ff4d279ce096e5dba8b281d236,3,4,1,solved,True,0.0663330000000073,12,1061,6,6,6-2-3-2-2-3-4-5-6,4476,4458,333,235,17
descendant,0,d244,0x359360a49691c8a9c4c16a28eccc13dda,3,5,1,solved,True,0.26745900000000233,15,3466,6,6,6-2-3-2-3-2-3-4-5-6,13507,13477,522,369,20
E0,,E0,0x1,3,5,71,solved,True,0.3078750000000028,15,3436,6,6,6-2-3-2-3-2-3-4-5-6,13175,13145,479,319,20
descendant,1,d171,0x6160c4d7681e3872568b87486e0ac852a,3,5,4,solved,True,0.26962600000000236,15,3466,6,6,6-2-3-2-3-2-3-4-5-6,13712,13682,524,369,20
descendant,1,d242,0x54aae193ab4ce46cc2cfbeb7a32a56e7b,3,4,2,solved,True,0.0660389999999964,12,1061,6,6,6-2-3-2-2-3-4-5-6,4477,4459,335,235,17
descendant,0,d142,0x34c30acadb5f75eef45c8fba19984a310,3,4,3,solved,True,0.06746100000000155,12,1061,6,6,6-2-3-2-2-3-4-5-6,4212,4194,330,231,17
descendant,0,d99,0x5f3d085e99edc7c4a2d95fca485a75af1,3,5,4,solved,True,0.28761300000000034,15,3466,6,6,6-2-3-2-3-2-3-4-5-6,15022,14992,533,381,20
descendant,1,d149,0x6a29a1bba81a817f02b7940b0723de894,3,5,2,solved,True,0.2856999999999985,15,3466,6,6,6-2-3-2-2-3-4-5-6,15030,15000,452,301,20
descendant,1,d95,0x166016c7eb66b831db4d56e3a8b3b83e5,3,4,1,solved,True,0.07177500000000236,12,1061,6,6,6-2-3-2-3-4-5-6,4466,4448,336,235,17
descendant,0,d45,0x40bb9e1577a5e671bfd24982cff49b933,3,4,1,solved,True,0.0656009999999938,12,1061,6,6,6-2-3-2-3-2-3-4-5-6,4489,4471,363,262,17
descendant,0,d45,0x40bb9e1577a5e671bfd24982cff49b933,3,5,2,solved,True,0.28449900000000383,15,3466,6,6,6-2-3-2-2-3-4-5-6,13508,13478,430,283,20
descendant,0,d56,0x5d316d4b7afaec476c88d203d130e1c73,3,4,1,solved,True,0.08123999999999398,12,1061,6,6,6-2-3-2-3-2-3-4-5-6,4489,4471,364,262,17
descendant,0,d173,0x6c47616f1280f94adc981b2965d460068,3,4,4,solved,True,0.07021499999999747,12,1061,6,6,6-2-3-2-3-4-5-6,4626,4608,340,240,17
descendant,0,d177,0x7c141cdbe2d6a4df286f268ecc455da3e,3,5,1,solved,True,0.2916489999999996,15,3466,6,6,6-2-3-2-3-2-3-4-5-6,16207,16177,535,382,20
descendant,1,d138,0x11e5a601d7acc53b58f3e174eaf2cc403,3,4,3,solved,True,0.06963399999999353,12,1061,6,6,6-2-3-3-2-3-4-5-6,4741,4723,397,294,17
descendant,0,d61,0x61dafffc801e3d12d932586bf313fc4fa,3,4,1,solved,True,0.07122399999999374,12,1061,6,6,6-2-3-2-2-3-4-5-6,4213,4195,331,231,17
descendant,0,d255,0x7438ead7f6b216d711dd286006c31aa3e,3,4,1,solved,True,0.06868399999999752,12,1061,6,6,6-2-3-2-3-4-5-6,5028,5010,344,243,17
descendant,1,d33,0x344bf04093f8a908f2df7b012e6a1ff46,3,4,3,solved,True,0.07689900000000449,12,1061,6,6,6-2-3-3-2-3-4-5-6,4756,4738,398,294,17
random,,r21,0x4d4c870d513017a31a0bc4f966ea8965b,3,4,3,solved,True,0.07425900000001207,12,1061,6,6,6-2-3-2-2-3-4-5-6,5117,5099,350,248,17
descendant,0,d75,0x588cdbe30c37d9547410df815a02110fb,3,4,1,solved,True,0.06884000000000157,12,1061,6,6,6-2-3-2-2-3-4-5-6,4792,4774,338,238,17
descendant,0,d148,0x5c3f205e9443a84d910ad16f8c39be75,3,4,2,solved,True,0.07610300000000336,12,1061,6,6,6-2-3-2-2-3-4-5-6,5129,5111,346,248,17
descendant,1,d17,0x5af8670acd2af76dce9608b01311d81af,3,5,3,solved,True,0.2648049999999955,15,3466,6,6,6-2-3-2-3-4-5-6,14955,14925,448,301,20
random,,r1,0x663f611ae0458018c496d4a4d64951786,3,4,1,solved,True,0.07720099999999519,12,1061,6,6,6-2-3-2-3-2-3-4-5-6,4489,4471,364,262,17
random,,r19,0xf927f03ec08af50e561038de2624e156,3,5,1,solved,True,0.29128299999999996,15,3466,6,6,6-2-3-2-2-3-4-5-6,14386,14356,442,293,20
random,,r7,0x5735ec1b3e70ba8eb2af62099b904552a,3,5,1,solved,True,0.3017250000000047,15,3466,6,6,6-2-3-3-2-3-4-5-6,13224,13194,577,417,20
descendant,1,d118,0x662a65f2587d8d4e1c80dd4bcbdffdba0,3,5,3,solved,True,0.27825100000000447,15,3466,6,6,6-2-3-2-3-2-3-4-5-6,14172,14142,526,372,20
E0,,E0,0x1,3,5,15,solved,True,0.25865699999999947,15,3436,6,6,6-2-3-2-3-2-3-4-5-6,12917,12887,562,383,20
descendant,0,d143,0x629c3e04d9c9920d0562093e9e93e2892,3,5,1,solved,True,0.28016500000000377,15,3466,6,6,6-2-3-2-2-3-4-5-6,14360,14330,438,289,20
descendant,0,d132,0x66be1b1e0c8ac87b7df12d81a076d24c8,3,4,3,solved,True,0.0643270000000058,12,1061,6,6,6-2-3-2-2-3-4-5-6,4243,4225,329,231,17
descendant,1,d224,0xc4ac85375f72fc79e95084d34d4c31cd,3,4,2,solved,True,0.06897699999999674,12,1061,6,6,6-2-3-2-2-3-4-5-6,4476,4458,337,235,17
descendant,0,d152,0x208a2d7942206e50ac164b06555e88aa0,3,4,3,solved,True,0.06444000000000472,12,1061,6,6,6-2-3-2-2-3-4-5-6,4243,4225,330,231,17
descendant,1,d218,0x52455e82f4810c9381cc3e182bb9590cb,3,5,1,solved,True,0.2990169999999992,15,3466,6,6,6-2-3-2-2-3-4-5-6,14424,14394,440,289,20
descendant,1,d166,0x1759e17144a253114d8383811b000df63,3,4,2,solved,True,0.06681000000000381,12,1061,6,6,6-2-3-2-2-3-4-5-6,4477,4459,335,235,17
descendant,0,d87,0xd18ba4b0f46de0f1595b84056b3fcffb,3,4,3,solved,True,0.07259999999999422,12,1061,6,6,6-2-3-2-2-3-4-5-6,4460,4442,337,235,17
random,,r39,0x17f6c1f4e6a18e32e97b46fcc519c19ca,3,5,2,solved,True,0.280655000000003,15,3466,6,6,6-2-3-2-2-2-3-4-5-6,14640,14610,440,289,20
descendant,1,d138,0x11e5a601d7acc53b58f3e174eaf2cc403,3,5,4,solved,True,0.29459899999999806,15,3466,6,6,6-2-3-2-3-2-3-4-5-6,14934,14904,535,381,20
descendant,1,d47,0x260f9f8f3f79f7086acab2a71f18a1e02,3,4,3,solved,True,0.06876199999999244,12,1061,6,6,6-2-3-3-2-3-4-5-6,4233,4215,398,294,17
descendant,1,d113,0x57e3b39aea7b420456d85034025e6935f,3,4,1,solved,True,0.06542400000000015,12,1061,6,6,6-2-3-3-2-3-4-5-6,4206,4188,397,294,17
descendant,1,d150,0x3a134cd82c8690680bc849e9f981cba90,3,5,4,solved,True,0.2977739999999969,15,3466,6,6,6-2-3-2-3-2-3-4-5-6,14942,14912,536,381,20
descendant,0,d108,0x63d191066a33756500331f9bdec19981a,3,5,3,solved,True,0.2796430000000001,15,3466,6,6,6-2-3-2-3-2-3-4-5-6,13223,13193,523,369,20
descendant,1,d157,0x2a281bc876e2581b088fa834d83f0118a,3,4,2,solved,True,0.06534899999999766,12,1061,6,6,6-2-3-3-2-3-4-5-6,4726,4708,398,294,17
descendant,0,d226,0x784c5a04e4248b2f69d9fbad9c33498a8,3,4,1,solved,True,0.07301000000000357,12,1061,6,6,6-2-3-3-2-3-4-5-6,4238,4220,397,294,17
descendant,0,d38,0x40fc2570132c44b84b8fe1e531eac5b1f,3,4,3,solved,True,0.06905900000000287,12,1061,6,6,6-2-3-2-3-4-5-6,4225,4207,331,231,17
descendant,0,d206,0xce1c9f7cab8afa7b83eb7a279f351fff,3,5,2,solved,True,0.2952009999999987,15,3466,6,6,6-2-3-2-2-3-4-5-6,13316,13286,433,283,20
descendant,1,d213,0x15a18d2e9ecf8109f0f06bc557f80398f,3,4,2,solved,True,0.06769600000000509,12,1061,6,6,6-2-3-2-3-4-5-6,4217,4199,331,231,17
descendant,1,d150,0x3a134cd82c8690680bc849e9f981cba90,3,5,1,solved,True,0.27117199999999286,15,3466,6,6,6-2-3-2-3-2-3-4-5-6,13522,13492,523,369,20
descendant,0,d100,0x5bfbcc3510ca0a9d591a1a066a729f6fd,3,4,1,solved,True,0.06735700000000122,12,1061,6,6,6-2-3-2-2-3-4-5-6,4280,4262,332,231,17
random,,r29,0x1432bc8937487ee95232c92aec87eb936,3,5,3,solved,True,0.2727860000000035,15,3466,6,6,6-2-3-3-2-3-4-5-6,14153,14123,586,425,20
descendant,0,d98,0x64aa618e4d7cf361dd0ab74a21806f1f0,3,5,4,solved,True,0.2954379999999972,15,3466,6,6,6-2-3-2-2-3-4-5-6,14371,14341,443,293,20
descendant,0,d20,0x70ee59e58bd87a0ac65827c10cbf6d4b4,3,5,1,solved,True,0.2971240000000037,15,3466,6,6,6-2-3-3-2-3-4-5-6,13256,13226,582,422,20
descendant,1,d169,0x481775947d9b40c5b2c73300165906ba1,3,4,4,solved,True,0.07128499999999605,12,1061,6,6,6-2-3-2-3-4-5-6,4620,4602,340,240,17
descendant,0,d222,0x1b9b6a54a2b4db0634c71eb2d65d3a5d5,3,5,2,solved,True,0.28370999999999924,15,3466,6,6,6-2-3-3-2-3-4-5-6,14461,14431,583,423,20
descendant,1,d254,0x6737d2ee8492e7c8b943a0e1a26e6a046,3,5,4,solved,True,0.28784399999999266,15,3466,6,6,6-2-3-2-2-3-4-5-6,14911,14881,454,305,20
descendant,1,d131,0x5aec3bd9f85ce0f5ba815deed00bd4299,3,4,1,solved,True,0.06722999999999502,12,1061,6,6,6-2-3-2-2-3-4-5-6,4280,4262,331,231,17
E0,,E0,0x1,3,4,15,solved,True,0.07481700000000302,12,1043,6,6,6-2-3-2-3-2-3-4-5-6,5101,5082,340,238,17
descendant,1,d172,0x31ac4e23f32628817f72908e8f41db46e,3,5,4,solved,True,0.2802460000000053,15,3466,6,6,6-2-3-2-3-2-3-4-5-6,15030,15000,534,381,20
descendant,1,d44,0x17712105a1a917330c2e36631b0bf2477,3,4,1,solved,True,0.06461700000000548,12,1061,6,6,6-2-3-2-3-2-3-4-5-6,5017,4999,374,272,17
descendant,1,d85,0x521634e1195c62fbebdbbc62e7e3de8df,3,4,4,solved,True,0.07606399999999525,12,1061,6,6,6-2-3-2-3-4-5-6,4620,4602,339,240,17
descendant,1,d136,0x824921094879bc269f3074668ba97b8f,3,5,3,solved,True,0.2822189999999978,15,3466,6,6,6-2-3-2-2-3-4-5-6,13508,13478,433,283,20
descendant,0,d41,0x11254be458763df1497f7eceb9b73c56b,3,5,4,solved,True,0.28170300000000026,15,3466,6,6,6-2-3-2-3-2-3-4-5-6,16230,16200,536,382,20
descendant,1,d213,0x15a18d2e9ecf8109f0f06bc557f80398f,3,5,1,solved,True,0.2730460000000008,15,3466,6,6,6-2-3-2-2-2-3-4-5-6,14480,14450,445,294,20
descendant,1,d2,0x52dc359100c4cf6f6ff021f34d38a5abd,3,5,4,solved,True,0.2685910000000007,15,3466,6,6,6-2-3-2-3-2-3-4-5-6,16217,16187,537,382,20
descendant,1,d11,0x1f3826f848cff1f6c9657117ef4ddd139,3,5,1,solved,True,0.2901719999999983,15,3466,6,6,6-2-3-3-2-3-4-5-6,13219,13189,575,417,20
descendant,1,d33,0x344bf04093f8a908f2df7b012e6a1ff46,3,5,4,solved,True,0.2935929999999942,15,3466,6,6,6-2-3-2-3-2-3-4-5-6,15044,15014,534,381,20
descendant,0,d87,0xd18ba4b0f46de0f1595b84056b3fcffb,3,4,2,solved,True,0.06632600000000366,12,1061,6,6,6-2-3-2-2-3-4-5-6,4477,4459,332,235,17
random,,r13,0x5f90bb86993867ddc983e693e8305dee,3,5,1,solved,True,0.2820420000000041,15,3466,6,6,6-2-3-2-2-3-4-5-6,13253,13223,432,283,20
descendant,1,d54,0x63d8c46984cdd26391c524343b47e012c,3,4,2,solved,True,0.0655049999999946,12,1061,6,6,6-2-3-2-3-2-3-4-5-6,5023,5005,373,272,17
random,,r23,0x364aa93cd8344b4826835c30eea11ef03,3,4,2,solved,True,0.07135899999999396,12,1061,6,6,6-2-3-3-2-3-4-5-6,4234,4216,398,294,17
descendant,1,d139,0x3f3a3c2426b89e5f111720f26746debb6,3,5,2,solved,True,0.27253900000000186,15,3466,6,6,6-2-3-2-3-2-3-4-5-6,13197,13167,522,369,20
descendant,0,d168,0x38e96ec5419519eb1b1b583429e4a4574,3,4,2,solved,True,0.06870000000000687,12,1061,6,6,6-2-3-2-3-4-5-6,4217,4199,330,231,17
E0,,E0,0x1,3,5,62,solved,True,0.2770149999999987,15,3436,6,6,6-2-3-2-3-2-3-4-5-6,12315,12285,598,441,20
E0,,E0,0x1,3,4,21,solved,True,0.0628019999999978,12,1043,6,6,6-2-3-3-2-3-4-5-6,4184,4168,356,264,17
descendant,1,d164,0x4f0c59bdf8c9054d7b84ff2224bf718eb,3,5,3,solved,True,0.26544400000000934,15,3466,6,6,6-2-3-2-2-3-4-5-6,15445,15415,462,311,20
descendant,0,d116,0x522a0dc6e5a8a3a25617a4db3848460fd,3,5,2,solved,True,0.2829459999999955,15,3466,6,6,6-2-3-2-2-3-4-5-6,14285,14255,445,293,20
descendant,1,d72,0x4d3b1d9ee79e96a369d10edd1823f9f05,3,4,1,solved,True,0.07578200000000379,12,1061,6,6,6-2-3-2-3-4-5-6,4466,4448,337,235,17
descendant,0,d244,0x359360a49691c8a9c4c16a28eccc13dda,3,5,4,solved,True,0.2743639999999985,15,3466,6,6,6-2-3-2-2-3-4-5-6,15061,15031,452,301,20
descendant,1,d159,0x7734d104e2ae353b2a9a15cc93e4e26e2,3,4,1,solved,True,0.07822499999998911,12,1061,6,6,6-2-3-2-3-4-5-6,5031,5013,342,243,17
random,,r11,0x6166d7f51a48315926f85cfc243b1340b,3,5,4,solved,True,0.2890029999999939,15,3466,6,6,6-2-3-2-3-2-3-4-5-6,14960,14930,535,381,20
descendant,1,d157,0x2a281bc876e2581b088fa834d83f0118a,3,4,4,solved,True,0.06336999999999904,12,1061,6,6,6-2-3-2-2-3-4-5-6,4273,4256,324,230,17
descendant,0,d250,0x8178f927f73e8a15ddf180e79fe764c9,3,5,2,solved,True,0.2611449999999991,15,3466,6,6,6-2-3-2-2-3-4-5-6,14270,14240,443,293,20
descendant,1,d43,0x3eac3e851da537c0d7da0938edc51d5ca,3,4,1,solved,True,0.06969199999999631,12,1061,6,6,6-2-3-3-2-3-4-5-6,4200,4182,398,294,17
descendant,1,d161,0x1d194974d8161ca780f827b909834aa53,3,4,2,solved,True,0.07567400000000646,12,1061,6,6,6-2-3-2-2-3-4-5-6,4241,4223,331,231,17
descendant,1,d78,0x64de8b1ac1c7462bc6433bda1d43510c2,3,5,2,solved,True,0.2703769999999963,15,3466,6,6,6-2-3-2-3-2-3-4-5-6,13213,13183,521,369,20
descendant,0,d20,0x70ee59e58bd87a0ac65827c10cbf6d4b4,3,4,1,solved,True,0.07102499999999878,12,1061,6,6,6-2-3-3-2-3-4-5-6,4750,4732,399,294,17
descendant,0,d110,0x3a679fc181d676d23a785c044985269e8,3,4,2,solved,True,0.07340100000000405,12,1061,6,6,6-2-3-3-2-3-4-5-6,4459,4441,400,297,17
descendant,1,d242,0x54aae193ab4ce46cc2cfbeb7a32a56e7b,3,5,3,solved,True,0.28970700000000704,15,3466,6,6,6-2-3-2-2-3-4-5-6,13465,13435,432,283,20
descendant,1,d147,0x3248ef31f25d6830126239dd3fd7c593a,3,4,1,solved,True,0.07004099999999625,12,1061,6,6,6-2-3-3-2-3-4-5-6,4726,4708,398,294,17
descendant,0,d222,0x1b9b6a54a2b4db0634c71eb2d65d3a5d5,3,5,4,solved,True,0.29314399999999097,15,3466,6,6,6-2-3-2-3-2-3-4-5-6,14934,14904,533,381,20
descendant,0,d241,0x413b94cd1c2e83d2a5b45741dd6b3795f,3,5,2,solved,True,0.28110199999998997,15,3466,6,6,6-2-3-2-2-3-4-5-6,13645,13615,440,288,20
descendant,1,d194,0x77160635e989a07d009776db14fef7a7a,3,4,3,solved,True,0.07327800000000906,12,1061,6,6,6-2-3-3-2-3-4-5-6,4753,4735,399,294,17
descendant,1,d236,0x9581dc3d7b73f42601641f2d5d75927d,3,4,2,solved,True,0.06668899999999667,12,1061,6,6,6-2-3-2-2-3-4-5-6,4245,4227,330,231,17
E0,,E0,0x1,3,4,62,solved,True,0.06061000000000405,12,1043,6,6,6-2-3-3-2-3-4-5-6,4210,4191,362,267,17
descendant,1,d28,0xb4952f009fc0edd12dbd419804e5f43d,3,5,4,solved,True,0.29388200000000353,15,3466,6,6,6-2-3-2-3-2-3-4-5-6,15038,15008,535,381,20
descendant,1,d129,0x142bc9983801d5399f9f7a19881c1f6d,3,5,3,solved,True,0.29197599999999824,15,3466,6,6,6-2-3-2-2-3-4-5-6,14865,14835,457,305,20
descendant,1,d12,0x5c3fe6e2e934a8b041ddfe024314ef4f5,3,5,1,solved,True,0.26335300000000217,15,3466,6,6,6-2-3-3-2-3-4-5-6,14108,14078,587,425,20
descendant,0,d201,0x5be8944d433669e6e1d91f80af0203097,3,4,3,solved,True,0.06732499999999675,12,1061,6,6,6-2-3-2-3-4-5-6,4652,4634,338,240,17
descendant,1,d209,0x53d636e33f1f10e6597bfb1937eb25ad5,3,4,3,solved,True,0.06217900000000043,12,1061,6,6,6-2-3-3-2-3-4-5-6,4741,4723,397,294,17
descendant,1,d60,0x2f19d882161a586fe5dcf491ce6055114,3,4,4,solved,True,0.0729170000000039,12,1061,6,6,6-2-3-2-2-3-4-5-6,4307,4289,332,231,17
descendant,1,d9,0x1235e6bb63c0ae62d2ad06c66f0075dd1,3,5,2,solved,True,0.2702870000000033,15,3466,6,6,6-2-3-2-2-3-4-5-6,14443,14413,441,289,20
descendant,0,d183,0x39220c2fa0ef016238dfe3c8c43313928,3,5,3,solved,True,0.2880750000000063,15,3466,6,6,6-2-3-3-2-3-4-5-6,15574,15544,593,433,20
descendant,0,d196,0x23a62a12fdf9debbc917395443182a71e,3,5,2,solved,True,0.27174600000000027,15,3466,6,6,6-2-3-2-2-3-4-5-6,14359,14329,442,293,20
descendant,1,d101,0x7defc95597964352e85e6d26547e563f,3,5,2,solved,True,0.2713540000000023,15,3466,6,6,6-2-3-3-2-3-4-5-6,14122,14092,586,425,20
random,,r31,0x40137030b0fd3ef8da5ea4ff481444876,3,5,4,solved,True,0.2814790000000045,15,3466,6,6,6-2-3-2-3-2-3-4-5-6,14388,14358,478,326,20
descendant,0,d64,0x1c9be51908f70d585373c6ee768481d1f,3,5,1,solved,True,0.27417399999999503,15,3466,6,6,6-2-3-2-2-3-4-5-6,14714,14684,439,289,20
descendant,1,d12,0x5c3fe6e2e934a8b041ddfe024314ef4f5,3,4,1,solved,True,0.07830599999999777,12,1061,6,6,6-2-3-2-2-3-4-5-6,4469,4451,336,235,17
descendant,0,d31,0x4b1b29aee3f459f4bcd186dc352d0372b,3,4,4,solved,True,0.07363700000000506,12,1061,6,6,6-2-3-2-3-4-5-6,4629,4611,340,240,17
descendant,0,d193,0x3613dae75f27455877c5ff6325ef7002a,3,4,3,solved,True,0.06563499999999323,12,1061,6,6,6-2-3-2-3-4-5-6,4214,4196,332,231,17
descendant,1,d147,0x3248ef31f25d6830126239dd3fd7c593a,3,5,3,solved,True,0.2962519999999955,15,3466,6,6,6-2-3-2-2-3-4-5-6,14446,14416,438,289,20
descendant,1,d34,0x4ccd3eb998bd563dec81902c927ba27b1,3,5,4,solved,True,0.2759490000000042,15,3466,6,6,6-2-3-2-2-3-4-5-6,15060,15030,452,301,20
descendant,0,d67,0x5ad886fec50f02b8ab5fabfd00ecdb001,3,4,1,solved,True,0.0691449999999989,12,1061,6,6,6-2-3-2-3-2-3-4-5-6,5011,4993,375,272,17
descendant,0,d130,0x473b886587d259f1598c51e253c2395b3,3,4,1,solved,True,0.06566199999999611,12,1061,6,6,6-2-3-2-3-4-5-6,4469,4451,335,235,17
descendant,0,d97,0x5f839b44fc3eb024c876bf2d4d24f0239,3,4,1,solved,True,0.06857200000000319,12,1061,6,6,6-2-3-2-2-3-4-5-6,4271,4253,331,231,17
random,,r30,0x180d79ef8ffbb8c736b044cd1f23e5147,3,4,3,solved,True,0.06429400000001095,12,1061,6,6,6-2-3-2-2-3-4-5-6,4268,4250,331,231,17
descendant,0,d229,0x2439e5e8ce836a3b3b4c69b74af0a2938,3,5,4,solved,True,0.25118900000000366,15,3466,6,6,6-2-3-2-3-4-5-6,14907,14877,452,301,20
descendant,0,d216,0x106ff1a099860bdcc3b55b1e4da480799,3,4,1,solved,True,0.06828600000000051,12,1061,6,6,6-2-3-2-3-2-3-4-5-6,5007,4989,373,272,17
descendant,0,d55,0x1563f9161eef2c9011a70c492782a707b,3,5,1,solved,True,0.27197400000000727,15,3466,6,6,6-2-3-2-3-2-3-4-5-6,13203,13173,523,369,20
descendant,0,d204,0x41e5c9c12a84e81e5d2a9ea4246c36d67,3,5,3,solved,True,0.25720299999999696,15,3466,6,6,6-2-3-3-2-3-4-5-6,13307,13277,570,413,20
descendant,0,d243,0xb41df04135dbd12d89cc1cd57e12d4f7,3,4,3,solved,True,0.06714399999999898,12,1061,6,6,6-2-3-2-3-4-5-6,4652,4634,339,240,17
descendant,1,d95,0x166016c7eb66b831db4d56e3a8b3b83e5,3,5,1,solved,True,0.2811930000000018,15,3466,6,6,6-2-3-2-2-3-4-5-6,14384,14354,441,293,20
descendant,1,d89,0x367d8673783c2f4673a447a4ed5269516,3,5,1,solved,True,0.27118600000000015,15,3466,6,6,6-2-3-2-3-2-3-4-5-6,14965,14935,536,381,20
descendant,0,d20,0x70ee59e58bd87a0ac65827c10cbf6d4b4,3,4,4,solved,True,0.07503499999999264,12,1061,6,6,6-2-3-2-3-4-5-6,4650,4632,340,240,17
descendant,0,d26,0x4800e3f366f34256d3a0e9d83c733f723,3,4,3,solved,True,0.06789100000000303,12,1061,6,6,6-2-3-2-2-3-4-5-6,4463,4445,334,235,17
descendant,1,d58,0x5229515737573a5546f22f68949d2651d,3,4,1,solved,True,0.08025599999999855,12,1061,6,6,6-2-3-2-3-2-3-4-5-6,4478,4460,366,262,17
descendant,1,d91,0x77a59fa1ec12e7df8655dd995dec5bef2,3,5,1,solved,True,0.25867499999999666,15,3466,6,6,6-2-3-2-2-3-4-5-6,14352,14322,437,289,20
descendant,0,d206,0xce1c9f7cab8afa7b83eb7a279f351fff,3,5,3,solved,True,0.2614990000000006,15,3466,6,6,6-2-3-3-2-3-4-5-6,13307,13277,571,413,20
descendant,1,d19,0x2a911d75f664c9aa5ea884f6a43d404ea,3,4,1,solved,True,0.06836799999999954,12,1061,6,6,6-2-3-3-2-3-4-5-6,4205,4187,398,294,17
descendant,0,d238,0x60f7c8d9e19a06f553b0a1d1ed90b923c,3,5,4,solved,True,0.2658360000000002,15,3466,6,6,6-2-3-2-3-4-5-6,15042,15012,452,301,20
random,,r29,0x1432bc8937487ee95232c92aec87eb936,3,5,2,solved,True,0.27597399999999084,15,3466,6,6,6-2-3-2-3-2-3-4-5-6,15686,15656,531,377,20
descendant,1,d39,0x3c78dedcf68e2e98f70c556392ccec84a,3,5,2,solved,True,0.26644999999999897,15,3466,6,6,6-2-3-2-2-3-4-5-6,13512,13482,432,283,20
descendant,1,d24,0x2d22cfd861ae9e73299a94b877a445f40,3,5,1,solved,True,0.27415200000000084,15,3466,6,6,6-2-3-2-2-3-4-5-6,14436,14406,439,289,20
descendant,0,d105,0x16757ef5aeaa0592f69ecd0e05d2727c1,3,4,2,solved,True,0.0710639999999998,12,1061,6,6,6-2-3-3-2-3-4-5-6,4749,4731,399,294,17
random,,r6,0x8b4ac10d3930cd0ef2535de93352dee3,3,5,2,solved,True,0.26323999999999614,15,3466,6,6,6-2-3-2-2-3-4-5-6,14284,14254,443,293,20
random,,r18,0x30054085902972ca948229e2be0afae5a,3,4,4,solved,True,0.07580500000000967,12,1061,6,6,6-2-3-2-3-2-3-4-5-6,4454,4436,362,262,17
descendant,0,d114,0x1f68d35be6e1253263633db1508483125,3,5,1,solved,True,0.26786899999999747,15,3466,6,6,6-2-3-3-2-3-4-5-6,14462,14432,584,423,20
descendant,0,d174,0x5db654363927d10d6771bbfe235a4245d,3,4,3,solved,True,0.07211900000000071,12,1061,6,6,6-2-3-3-2-3-4-5-6,4741,4723,399,294,17
descendant,0,d156,0x5d1252c137c628984d489db9419b53db9,3,5,4,solved,True,0.27305199999999985,15,3466,6,6,6-2-3-2-3-2-3-4-5-6,14383,14353,479,326,20
descendant,1,d125,0x6f9ec285d8991601bad5803fdac48a14c,3,5,2,solved,True,0.27906599999999315,15,3466,6,6,6-2-3-2-2-3-4-5-6,14278,14248,441,293,20
random,,r21,0x4d4c870d513017a31a0bc4f966ea8965b,3,4,2,solved,True,0.07693500000000597,12,1061,6,6,6-2-3-2-2-3-4-5-6,5150,5132,348,248,17
descendant,1,d111,0x4d8262c03b2b0b4bd0e3de7f489167e1d,3,4,1,solved,True,0.07099399999999889,12,1061,6,6,6-2-3-2-2-3-4-5-6,4224,4206,331,231,17
descendant,0,d42,0x1729343319b55ebc3b3a82b1dc095d5b,3,4,3,solved,True,0.06910599999999789,12,1061,6,6,6-2-3-2-2-3-4-5-6,4757,4739,338,238,17
descendant,0,d94,0x201948b922c9601f6abed0f30a801999c,3,4,3,solved,True,0.06635299999999944,12,1061,6,6,6-2-3-3-2-3-4-5-6,4472,4454,400,297,17
descendant,1,d60,0x2f19d882161a586fe5dcf491ce6055114,3,5,2,solved,True,0.2754770000000022,15,3466,6,6,6-2-3-3-2-3-4-5-6,14122,14092,585,425,20
descendant,1,d180,0x1e7d56fa1e94716a29fd4c6e079432427,3,4,3,solved,True,0.07230100000000306,12,1061,6,6,6-2-3-2-3-4-5-6,4633,4615,336,240,17
descendant,0,d55,0x1563f9161eef2c9011a70c492782a707b,3,5,4,solved,True,0.26816699999999827,15,3466,6,6,6-2-3-2-3-2-3-4-5-6,14930,14900,535,381,20
descendant,0,d262,0x604b34f08ba6232f19646f0a85306eaea,3,5,3,solved,True,0.28681600000000174,15,3466,6,6,6-2-3-2-2-3-4-5-6,13459,13429,433,283,20
descendant,1,d218,0x52455e82f4810c9381cc3e182bb9590cb,3,5,2,solved,True,0.28165099999999654,15,3466,6,6,6-2-3-2-2-3-4-5-6,15522,15492,461,311,20
descendant,1,d88,0x11c4791a0462daffe9cf91df98b522b83,3,4,4,solved,True,0.07908799999999871,12,1061,6,6,6-2-3-2-2-3-4-5-6,5122,5104,347,248,17
descendant,0,d116,0x522a0dc6e5a8a3a25617a4db3848460fd,3,4,4,solved,True,0.06762999999999408,12,1061,6,6,6-2-3-2-2-3-4-5-6,5122,5104,348,248,17
descendant,0,d13,0x63ded55f267083bb775bb261b518421d6,3,4,1,solved,True,0.07143700000000308,12,1061,6,6,6-2-3-2-2-3-4-5-6,4793,4775,337,238,17
descendant,0,d0,0x7a90344c571894684e176f4797bae946e,3,4,3,solved,True,0.06340000000000146,12,1061,6,6,6-2-3-2-3-4-5-6,4208,4190,331,231,17
descendant,0,d3,0x2970943988085c950a464102342c27420,3,5,4,solved,True,0.27231999999999346,15,3466,6,6,6-2-3-2-3-2-3-4-5-6,14966,14936,538,384,20
descendant,1,d12,0x5c3fe6e2e934a8b041ddfe024314ef4f5,3,5,4,solved,True,0.2623339999999956,15,3466,6,6,6-2-3-2-2-3-4-5-6,15066,15036,451,301,20
descendant,1,d161,0x1d194974d8161ca780f827b909834aa53,3,5,1,solved,True,0.2995650000000012,15,3466,6,6,6-2-3-3-2-3-4-5-6,14459,14429,584,423,20
descendant,1,d29,0x240891e374d1dfe93cc8455e3433948c0,3,4,1,solved,True,0.06874800000000647,12,1061,6,6,6-2-3-2-2-3-4-5-6,4477,4459,336,235,17
E0,,E0,0x1,3,5,39,solved,True,0.2880930000000035,15,3436,6,6,6-2-3-4-3-2-2-3-2-3-4-5-6,15872,15842,934,644,20
descendant,0,d16,0x76e25cb26bddbb5a5c6117a0b88853294,3,4,1,solved,True,0.07881000000000427,12,1061,6,6,6-2-3-2-3-2-3-4-5-6,5016,4998,372,272,17
descendant,1,d54,0x63d8c46984cdd26391c524343b47e012c,3,5,4,solved,True,0.2877939999999981,15,3466,6,6,6-2-3-3-2-3-4-5-6,13255,13225,570,413,20
descendant,1,d141,0x1d905d916248f4d5b99bffb706fccae9f,3,5,1,solved,True,0.3011199999999974,15,3466,6,6,6-2-3-2-2-3-4-5-6,14697,14667,440,289,20
descendant,1,d136,0x824921094879bc269f3074668ba97b8f,3,5,2,solved,True,0.2848810000000057,15,3466,6,6,6-2-3-2-3-4-5-6,14945,14915,451,301,20
random,,r1,0x663f611ae0458018c496d4a4d64951786,3,5,2,solved,True,0.2846680000000035,15,3466,6,6,6-2-3-2-2-3-4-5-6,14309,14279,442,293,20
descendant,0,d128,0x47a535820bff7b9046dfb62d0ecf7fd8b,3,5,4,solved,True,0.28916300000000206,15,3466,6,6,6-2-3-2-2-3-4-5-6,14922,14892,451,301,20
descendant,1,d136,0x824921094879bc269f3074668ba97b8f,3,4,1,solved,True,0.07446099999999234,12,1061,6,6,6-2-3-2-3-2-3-4-5-6,5017,4999,376,272,17
descendant,0,d64,0x1c9be51908f70d585373c6ee768481d1f,3,4,3,solved,True,0.07070100000000679,12,1061,6,6,6-2-3-2-3-4-5-6,4463,4445,335,235,17
descendant,0,d80,0x12714bc33324078d5926b7cadb4f82a2b,3,5,1,solved,True,0.2939529999999948,15,3466,6,6,6-2-3-3-2-3-4-5-6,14447,14417,581,423,20
descendant,1,d184,0x2a50cae17267e4772e3b0132877996912,3,5,2,solved,True,0.2888420000000025,15,3466,6,6,6-2-3-3-2-3-4-5-6,14125,14095,584,425,20
descendant,1,d125,0x6f9ec285d8991601bad5803fdac48a14c,3,4,2,solved,True,0.07034600000000069,12,1061,6,6,6-2-3-2-2-3-4-5-6,4787,4769,338,238,17
descendant,0,d16,0x76e25cb26bddbb5a5c6117a0b88853294,3,4,4,solved,True,0.07158700000000806,12,1061,6,6,6-2-3-2-2-3-4-5-6,4311,4293,332,231,17
descendant,0,d37,0x5621482622ef68231a3a01496c65aee5d,3,4,4,solved,True,0.07691699999999457,12,1061,6,6,6-2-3-2-3-4-5-6,4633,4615,340,240,17
random,,r11,0x6166d7f51a48315926f85cfc243b1340b,3,4,4,solved,True,0.07183700000000215,12,1061,6,6,6-2-3-2-2-3-4-5-6,5129,5111,347,248,17
descendant,0,d226,0x784c5a04e4248b2f69d9fbad9c33498a8,3,4,3,solved,True,0.07123200000000196,12,1061,6,6,6-2-3-2-3-4-5-6,4613,4595,341,240,17
descendant,1,d151,0x3273222f340ba0d98c96a57fafdd64b08,3,5,4,solved,True,0.2947409999999948,15,3466,6,6,6-2-3-2-2-3-4-5-6,15520,15490,461,311,20
descendant,1,d111,0x4d8262c03b2b0b4bd0e3de7f489167e1d,3,4,2,solved,True,0.07369999999999521,12,1061,6,6,6-2-3-2-3-4-5-6,4614,4596,341,240,17
descendant,1,d192,0x3e7b386a26013c81d84cea0f890897db8,3,5,1,solved,True,0.2869409999999988,15,3466,6,6,6-2-3-2-2-3-4-5-6,14437,14407,440,289,20
descendant,0,d148,0x5c3f205e9443a84d910ad16f8c39be75,3,4,3,solved,True,0.08373999999999882,12,1061,6,6,6-2-3-3-2-3-4-5-6,4238,4220,398,294,17
descendant,0,d51,0x27e09a4aefd0a32b4edd5c9d3c2207c3a,3,5,3,solved,True,0.28263999999999356,15,3466,6,6,6-2-3-2-3-4-5-6,14946,14916,452,301,20
descendant,0,d162,0x3094ecfe37acc53953a51556d0b08b87a,3,5,3,solved,True,0.32163200000000103,15,3466,6,6,6-2-3-3-2-3-4-5-6,14282,14252,579,420,20
random,,r28,0x35f7e77b334105b5e1948efc0c9e1b2b6,3,4,1,solved,True,0.07434999999999548,12,1061,6,6,6-2-3-2-2-3-4-5-6,4477,4459,335,235,17
descendant,0,d250,0x8178f927f73e8a15ddf180e79fe764c9,3,4,2,solved,True,0.06827000000000538,12,1061,6,6,6-2-3-2-3-4-5-6,4204,4186,331,231,17
descendant,1,d48,0x469178f28f291f06dae284c0c8e07033b,3,4,1,solved,True,0.07740700000000089,12,1061,6,6,6-2-3-2-2-3-4-5-6,4476,4459,330,234,17
descendant,0,d51,0x27e09a4aefd0a32b4edd5c9d3c2207c3a,3,5,4,solved,True,0.2943289999999976,15,3466,6,6,6-2-3-3-2-3-4-5-6,14418,14388,583,423,20
descendant,0,d0,0x7a90344c571894684e176f4797bae946e,3,5,1,solved,True,0.2981879999999961,15,3466,6,6,6-2-3-2-2-3-4-5-6,14369,14339,442,293,20
descendant,1,d76,0x7fb7abef5d088e70bff2b2264ca09f8cc,3,5,4,solved,True,0.28159800000000246,15,3466,6,6,6-2-3-2-2-3-4-5-6,15049,15019,451,301,20
descendant,1,d19,0x2a911d75f664c9aa5ea884f6a43d404ea,3,5,1,solved,True,0.28117799999999704,15,3466,6,6,6-2-3-3-2-3-4-5-6,13290,13260,583,422,20
descendant,1,d242,0x54aae193ab4ce46cc2cfbeb7a32a56e7b,3,4,3,solved,True,0.07291400000000436,12,1061,6,6,6-2-3-3-2-3-4-5-6,4763,4745,398,294,17
random,,r30,0x180d79ef8ffbb8c736b044cd1f23e5147,3,5,1,solved,True,0.2825950000000006,15,3466,6,6,6-2-3-2-3-2-3-4-5-6,14540,14510,534,378,20
descendant,0,d167,0xd6388e419fb08df478217c6472aa9a03,3,4,2,solved,True,0.07127100000000297,12,1061,6,6,6-2-3-2-2-3-4-5-6,4476,4458,334,235,17
descendant,0,d0,0x7a90344c571894684e176f4797bae946e,3,4,4,solved,True,0.07219899999999768,12,1061,6,6,6-2-3-2-3-4-5-6,4642,4624,340,240,17
descendant,1,d221,0x1c70789724f0da89c0a636792b2d9d101,3,4,1,solved,True,0.07512799999999231,12,1061,6,6,6-2-3-2-3-4-5-6,4469,4451,334,235,17
random,,r28,0x35f7e77b334105b5e1948efc0c9e1b2b6,3,5,2,solved,True,0.2912469999999985,15,3466,6,6,6-2-3-2-3-2-3-4-5-6,13213,13183,522,369,20
descendant,0,d244,0x359360a49691c8a9c4c16a28eccc13dda,3,5,2,solved,True,0.2856570000000005,15,3466,6,6,6-2-3-2-3-4-5-6,14946,14916,449,301,20
descendant,0,d178,0x2c9787372de01833166562c539cbae02c,3,5,1,solved,True,0.28587399999999974,15,3466,6,6,6-2-3-3-2-3-4-5-6,13256,13226,576,417,20
descendant,0,d255,0x7438ead7f6b216d711dd286006c31aa3e,3,5,4,solved,True,0.297469999999997,15,3466,6,6,6-2-3-2-2-3-4-5-6,14899,14869,456,305,20
random,,r14,0x4fd5edbf8fc086ce28aa87a3ec776f49e,3,4,3,solved,True,0.08134000000000441,12,1061,6,6,6-2-3-2-2-3-4-5-6,4238,4220,329,231,17
descendant,1,d192,0x3e7b386a26013c81d84cea0f890897db8,3,4,1,solved,True,0.07046600000000325,12,1061,6,6,6-2-3-2-2-3-4-5-6,4477,4459,334,235,17
descendant,1,d52,0x62ae49abea18c3bf2d4eb301cea6f5cc8,3,5,2,solved,True,0.3044960000000074,15,3466,6,6,6-2-3-2-2-3-4-5-6,13333,13303,431,283,20
descendant,0,d59,0x1cec9f43ce245075b0ea308b7973cd86d,3,4,1,solved,True,0.0716950000000054,12,1061,6,6,6-2-3-2-2-3-4-5-6,4791,4773,338,238,17
descendant,1,d73,0x6c207545189a4d6a1a9a36f6ef83e6e40,3,4,4,solved,True,0.07632399999999961,12,1061,6,6,6-2-3-2-3-4-5-6,4624,4606,342,240,17
descendant,0,d14,0x6d1293ed7a6e90cef0292851db18baa38,3,4,2,solved,True,0.07510600000000522,12,1061,6,6,6-2-3-3-2-3-4-5-6,4726,4708,397,294,17
random,,r8,0x534fd2b74bcd31e5ec9180f46977edf92,3,5,4,solved,True,0.2986680000000064,15,3466,6,6,6-2-3-2-3-2-3-4-5-6,14390,14360,478,326,20
descendant,0,d152,0x208a2d7942206e50ac164b06555e88aa0,3,5,4,solved,True,0.325763000000002,15,3466,6,6,6-2-3-2-3-2-3-4-5-6,14954,14924,537,384,20
descendant,0,d133,0x7d79e288bbf062c834da78d42e4a17ce0,3,4,2,solved,True,0.07287200000000382,12,1061,6,6,6-2-3-3-2-3-4-5-6,4234,4216,394,294,17
descendant,0,d173,0x6c47616f1280f94adc981b2965d460068,3,5,2,solved,True,0.3012820000000005,15,3466,6,6,6-2-3-2-2-3-4-5-6,15534,15504,460,311,20
descendant,0,d86,0x2407f5a189084bee8284bcec49dc97dda,3,5,4,solved,True,0.28983000000000203,15,3466,6,6,6-2-3-2-3-2-3-4-5-6,14396,14366,476,326,20
descendant,0,d238,0x60f7c8d9e19a06f553b0a1d1ed90b923c,3,5,1,solved,True,0.29699500000000256,15,3466,6,6,6-2-3-2-2-3-2-3-4-5-6,15715,15685,491,340,20
descendant,0,d189,0x42a1f19b9bc836a1efec12c5c3d2c8e51,3,5,2,solved,True,0.2768289999999993,15,3466,6,6,6-2-3-2-2-3-4-5-6,13306,13276,433,283,20
descendant,0,d145,0x5c7d9e1810ff3dcb66944c37d53c3e765,3,4,3,solved,True,0.0721189999999936,12,1061,6,6,6-2-3-3-2-3-4-5-6,4723,4705,399,294,17
descendant,1,d50,0xfe8b818862e2a1f881b6755c04b53b3b,3,5,2,solved,True,0.275987999999991,15,3466,6,6,6-2-3-2-3-2-3-4-5-6,13782,13752,523,369,20
descendant,0,d176,0x7b98285ee2943dc8682f5f529fd52c980,3,5,1,solved,True,0.2822889999999987,15,3466,6,6,6-2-3-2-2-3-4-5-6,13241,13211,433,283,20
E0,,E0,0x1,3,4,63,solved,True,0.09218500000000063,12,1043,6,6,6-2-3-3-2-3-4-5-6,4852,4833,457,325,17
random,,r25,0x1a67be1095d6dd2e0cfc9ce7df923cbbb,3,4,3,solved,True,0.06994399999999956,12,1061,6,6,6-2-3-3-2-3-4-5-6,4741,4723,394,294,17
E0,,E0,0x1,3,5,67,solved,True,0.28519000000000005,15,3436,6,6,6-2-3-2-2-2-3-2-3-4-5-6,12784,12754,466,316,20
descendant,0,d211,0x1581f324b9e850f34ce478a3c6a23a449,3,4,2,solved,True,0.0848399999999998,12,1061,6,6,6-2-3-3-2-3-4-5-6,4720,4702,399,294,17
descendant,1,d39,0x3c78dedcf68e2e98f70c556392ccec84a,3,5,1,solved,True,0.2979569999999967,15,3466,6,6,6-2-3-2-3-2-3-4-5-6,13203,13173,523,369,20
random,,r15,0x428b16566f49d70583495040a60feeb8b,3,5,4,solved,True,0.29185300000000325,15,3466,6,6,6-2-3-2-2-3-4-5-6,17073,17043,450,301,20
descendant,0,d130,0x473b886587d259f1598c51e253c2395b3,3,5,4,solved,True,0.2958720000000028,15,3466,6,6,6-2-3-2-3-2-3-4-5-6,14386,14356,479,326,20
random,,r33,0x4abaedb2c606a04f40b4a938c050fd5ee,3,5,1,solved,True,0.30984300000000076,15,3466,6,6,6-2-3-2-2-3-4-5-6,14440,14410,437,289,20
descendant,1,d48,0x469178f28f291f06dae284c0c8e07033b,3,4,4,solved,True,0.07334399999999874,12,1061,6,6,6-2-3-2-3-4-5-6,4633,4615,340,240,17
random,,r19,0xf927f03ec08af50e561038de2624e156,3,4,2,solved,True,0.07543399999999423,12,1061,6,6,6-2-3-2-3-4-5-6,4198,4180,332,231,17
descendant,0,d262,0x604b34f08ba6232f19646f0a85306eaea,3,5,2,solved,True,0.2868920000000017,15,3466,6,6,6-2-3-2-2-3-4-5-6,14310,14280,443,293,20
descendant,1,d95,0x166016c7eb66b831db4d56e3a8b3b83e5,3,5,3,solved,True,0.2970579999999998,15,3466,6,6,6-2-3-2-2-3-4-5-6,15557,15527,461,311,20
descendant,0,d241,0x413b94cd1c2e83d2a5b45741dd6b3795f,3,5,3,solved,True,0.2993840000000034,15,3466,6,6,6-2-3-3-2-3-4-5-6,13265,13235,584,422,20
descendant,1,d198,0x5688660fa87d686a97e803aa88524ab9b,3,5,3,solved,True,0.32624699999999507,15,3466,6,6,6-2-3-3-2-3-4-5-6,13243,13213,576,417,20
descendant,0,d260,0x42574b08f9dc08ecd2e13d8090ad12b21,3,5,4,solved,True,0.2868570000000048,15,3466,6,6,6-2-3-2-2-3-4-5-6,15509,15479,462,311,20
descendant,0,d187,0x73e3352312fe23aa3df7bc1387bd0f90e,3,5,4,solved,True,0.3041769999999957,15,3466,6,6,6-2-3-2-2-3-4-5-6,13497,13467,433,283,20
descendant,1,d140,0x7ab8ae4276ab4d0bd26cd9c54ce5c228a,3,4,3,solved,True,0.07673499999999933,12,1061,6,6,6-2-3-2-3-4-5-6,4210,4192,331,231,17
descendant,0,d245,0x16d04b90c7148e2cc402d6641bc2b904f,3,4,1,solved,True,0.08091999999999899,12,1061,6,6,6-2-3-2-3-4-5-6,4626,4608,339,240,17
descendant,0,d16,0x76e25cb26bddbb5a5c6117a0b88853294,3,4,2,solved,True,0.07057600000000264,12,1061,6,6,6-2-3-3-2-3-4-5-6,4747,4729,397,294,17
random,,r25,0x1a67be1095d6dd2e0cfc9ce7df923cbbb,3,5,4,solved,True,0.3124910000000014,15,3466,6,6,6-2-3-2-2-3-4-5-6,15073,15043,449,301,20
E0,,E0,0x1,3,4,40,solved,True,0.07880699999999763,12,1043,6,6,6-2-3-3-2-3-4-5-6,4216,4197,366,267,17
descendant,0,d187,0x73e3352312fe23aa3df7bc1387bd0f90e,3,4,4,solved,True,0.07103599999999943,12,1061,6,6,6-2-3-2-3-4-5-6,4227,4209,331,231,17
descendant,1,d47,0x260f9f8f3f79f7086acab2a71f18a1e02,3,5,1,solved,True,0.30553799999999853,15,3466,6,6,6-2-3-2-2-3-4-5-6,14386,14356,443,293,20
E0,,E0,0x1,3,5,31,solved,True,0.3266740000000041,15,3436,6,6,6-2-3-3-3-4-2-3-4-5-6,12841,12811,1190,902,20
E0,,E0,0x1,3,5,16,solved,True,0.31906899999999183,15,3436,6,6,6-2-3-3-2-3-2-2-3-4-5-6,16483,16453,822,604,20
descendant,0,d204,0x41e5c9c12a84e81e5d2a9ea4246c36d67,3,5,1,solved,True,0.29728099999999813,15,3466,6,6,6-2-3-2-2-3-4-5-6,13242,13212,433,283,20
descendant,0,d196,0x23a62a12fdf9debbc917395443182a71e,3,5,3,solved,True,0.3026440000000008,15,3466,6,6,6-2-3-2-2-3-4-5-6,13521,13491,432,283,20
descendant,1,d6,0x9399e01e8799a5fdd6da3c246e32acd5,3,5,2,solved,True,0.3007479999999987,15,3466,6,6,6-2-3-2-3-2-3-4-5-6,13213,13183,522,369,20
random,,r7,0x5735ec1b3e70ba8eb2af62099b904552a,3,5,3,solved,True,0.30526500000000567,15,3466,6,6,6-2-3-3-2-3-4-5-6,13240,13210,576,417,20
descendant,1,d92,0x4901868d3d3ffba413e1c8e2c6fd8f659,3,5,2,solved,True,0.32800100000000043,15,3466,6,6,6-2-3-2-3-4-5-6,14949,14919,451,301,20
descendant,0,d132,0x66be1b1e0c8ac87b7df12d81a076d24c8,3,4,4,solved,True,0.07999499999999671,12,1061,6,6,6-2-3-2-3-4-5-6,4633,4615,341,240,17
descendant,1,d192,0x3e7b386a26013c81d84cea0f890897db8,3,5,3,solved,True,0.3130960000000016,15,3466,6,6,6-2-3-2-3-2-3-4-5-6,14474,14444,526,372,20
descendant,1,d169,0x481775947d9b40c5b2c73300165906ba1,3,5,2,solved,True,0.3047300000000064,15,3466,6,6,6-2-3-2-3-2-3-4-5-6,14502,14472,527,372,20
descendant,1,d166,0x1759e17144a253114d8383811b000df63,3,5,2,solved,True,0.3232149999999976,15,3466,6,6,6-2-3-2-3-2-3-4-5-6,13207,13177,522,369,20
E0,,E0,0x1,3,5,33,solved,True,0.32563499999999834,15,3436,6,6,6-2-3-2-2-3-2-3-4-5-6,12984,12954,518,364,20
descendant,1,d88,0x11c4791a0462daffe9cf91df98b522b83,3,4,2,solved,True,0.07217099999999732,12,1061,6,6,6-2-3-2-2-3-4-5-6,4454,4436,336,235,17
descendant,1,d135,0x4b6f4aedf31a71f526b4308aeb2db1361,3,4,4,solved,True,0.07855899999999849,12,1061,6,6,6-2-3-2-3-4-5-6,4625,4607,339,240,17
descendant,0,d74,0x2cf415e1766477ef5e5333ed06afc98d6,3,5,3,solved,True,0.31179199999999696,15,3466,6,6,6-2-3-3-2-3-4-5-6,13297,13267,572,413,20
descendant,1,d169,0x481775947d9b40c5b2c73300165906ba1,3,5,3,solved,True,0.3512880000000038,15,3466,6,6,6-2-3-3-2-3-4-5-6,14470,14440,584,423,20
descendant,1,d88,0x11c4791a0462daffe9cf91df98b522b83,3,4,1,solved,True,0.07748600000000039,12,1061,6,6,6-2-3-2-2-3-4-5-6,4454,4436,336,235,17
descendant,0,d183,0x39220c2fa0ef016238dfe3c8c43313928,3,4,3,solved,True,0.06980100000000533,12,1061,6,6,6-2-3-3-2-3-4-5-6,4235,4217,399,294,17
descendant,0,d202,0x395581209ce2b0a65125651ee71539026,3,4,1,solved,True,0.07601300000000322,12,1061,6,6,6-2-3-2-3-4-5-6,5029,5011,340,243,17
descendant,0,d193,0x3613dae75f27455877c5ff6325ef7002a,3,4,1,solved,True,0.07470200000000204,12,1061,6,6,6-2-3-3-2-3-4-5-6,4728,4710,399,294,17
descendant,1,d29,0x240891e374d1dfe93cc8455e3433948c0,3,5,2,solved,True,0.2717760000000027,15,3466,6,6,6-2-3-3-2-3-4-5-6,14419,14389,581,423,20
random,,r7,0x5735ec1b3e70ba8eb2af62099b904552a,3,5,4,solved,True,0.2924369999999996,15,3466,6,6,6-2-3-2-2-3-4-5-6,14403,14373,438,289,20
descendant,0,d46,0x4b2f5a6a9f200e2ac4fddf1fce4666629,3,5,1,solved,True,0.31805699999998893,15,3466,6,6,6-2-3-2-2-3-4-5-6,14714,14684,439,289,20
descendant,1,d158,0x6f514cabfdbec0ee57f5dcc4987dc83f0,3,5,3,solved,True,0.29842000000000013,15,3466,6,6,6-2-3-2-3-2-3-4-5-6,13223,13193,524,369,20
descendant,0,d128,0x47a535820bff7b9046dfb62d0ecf7fd8b,3,5,2,solved,True,0.31403999999999144,15,3466,6,6,6-2-3-2-2-3-4-5-6,13508,13478,429,283,20
descendant,0,d187,0x73e3352312fe23aa3df7bc1387bd0f90e,3,4,3,solved,True,0.0687859999999958,12,1061,6,6,6-2-3-2-3-4-5-6,4622,4604,340,240,17
descendant,0,d8,0x3b6646f40bb8585bd29898f087d04aaa2,3,4,2,solved,True,0.07328100000000148,12,1061,6,6,6-2-3-2-3-4-5-6,4654,4636,341,240,17
descendant,0,d168,0x38e96ec5419519eb1b1b583429e4a4574,3,5,1,solved,True,0.3072000000000017,15,3466,6,6,6-2-3-2-3-2-3-4-5-6,13764,13734,525,369,20
descendant,1,d231,0x4e242904c3aff1fb588689f9e72ecbd5f,3,5,3,solved,True,0.2965390000000028,15,3466,6,6,6-2-3-2-3-2-3-4-5-6,14156,14126,526,372,20
descendant,1,d121,0x93f2dda1165f5e8aacc5756cde1d20ed,3,5,2,solved,True,0.30846400000000074,15,3466,6,6,6-2-3-2-2-3-4-5-6,14304,14274,443,293,20
descendant,0,d197,0x283e0e7def2f755a62c475993b97cc610,3,5,2,solved,True,0.2869240000000062,15,3466,6,6,6-2-3-2-2-3-4-5-6,13497,13467,433,283,20
descendant,0,d66,0x710351313dbb97511f377b21f0b7e015c,3,5,3,solved,True,0.3210249999999988,15,3466,6,6,6-2-3-2-3-2-3-4-5-6,13227,13197,523,369,20
descendant,0,d177,0x7c141cdbe2d6a4df286f268ecc455da3e,3,4,3,solved,True,0.07344799999999907,12,1061,6,6,6-2-3-2-2-3-4-5-6,4243,4225,331,231,17
descendant,0,d234,0x25d7f81aeee3dbbbba7e1a86fe7b1cb46,3,5,2,solved,True,0.30843800000000243,15,3466,6,6,6-2-3-2-3-2-3-4-5-6,13785,13755,522,369,20
descendant,0,d249,0x61aeef6ef85ff4a68818d4d0aa03567ea,3,4,1,solved,True,0.09526000000000323,12,1061,6,6,6-2-3-3-2-3-4-5-6,4728,4710,394,294,17
descendant,0,d206,0xce1c9f7cab8afa7b83eb7a279f351fff,3,4,2,solved,True,0.07494000000000511,12,1061,6,6,6-2-3-2-3-4-5-6,4217,4199,330,231,17
descendant,0,d66,0x710351313dbb97511f377b21f0b7e015c,3,4,3,solved,True,0.08248500000000547,12,1061,6,6,6-2-3-2-3-4-5-6,4650,4632,342,240,17
descendant,1,d246,0x351aae75214f94bf197cf8bb77c135d24,3,5,1,solved,True,0.29272399999999976,15,3466,6,6,6-2-3-3-2-3-4-5-6,14142,14112,586,425,20
descendant,1,d203,0x4b0e2eee613b7872f3b562cc8bbbb2c5d,3,4,2,solved,True,0.0757459999999952,12,1061,6,6,6-2-3-3-2-3-4-5-6,4459,4441,401,297,17
random,,r11,0x6166d7f51a48315926f85cfc243b1340b,3,5,2,solved,True,0.2841499999999968,15,3466,6,6,6-2-3-2-2-3-4-5-6,13287,13257,433,283,20
descendant,0,d36,0x451b962e8e37e5267349c9f6aae91ea13,3,5,1,solved,True,0.2951479999999975,15,3466,6,6,6-2-3-3-2-3-4-5-6,14454,14424,581,423,20
descendant,0,d216,0x106ff1a099860bdcc3b55b1e4da480799,3,5,1,solved,True,0.2919939999999954,15,3466,6,6,6-2-3-2-2-3-4-5-6,15707,15677,451,299,20
random,,r14,0x4fd5edbf8fc086ce28aa87a3ec776f49e,3,4,4,solved,True,0.07750700000000421,12,1061,6,6,6-2-3-2-2-3-4-5-6,4246,4228,332,231,17
descendant,0,d238,0x60f7c8d9e19a06f553b0a1d1ed90b923c,3,5,3,solved,True,0.294202999999996,15,3466,6,6,6-2-3-2-3-2-3-4-5-6,13233,13203,522,369,20
descendant,0,d100,0x5bfbcc3510ca0a9d591a1a066a729f6fd,3,5,3,solved,True,0.2892190000000028,15,3466,6,6,6-2-3-2-3-2-3-4-5-6,13220,13190,522,369,20
descendant,1,d81,0x12ea4ec43439524172de0ad354a6c5941,3,4,2,solved,True,0.0740729999999985,12,1061,6,6,6-2-3-2-3-4-5-6,4205,4187,332,231,17
E0,,E0,0x1,3,4,33,solved,True,0.0742479999999972,12,1043,6,6,6-2-3-3-2-3-4-5-6,4209,4190,364,267,17
descendant,1,d159,0x7734d104e2ae353b2a9a15cc93e4e26e2,3,5,2,solved,True,0.3176029999999983,15,3466,6,6,6-2-3-2-3-4-5-6,13366,13336,432,283,20
descendant,1,d118,0x662a65f2587d8d4e1c80dd4bcbdffdba0,3,5,2,solved,True,0.3215710000000058,15,3466,6,6,6-2-3-2-2-3-4-5-6,15506,15476,462,311,20
descendant,0,d235,0x48720f769953b071364d6cf5ee51d79d1,3,5,2,solved,True,0.31734700000000515,15,3466,6,6,6-2-3-2-3-2-3-4-5-6,16223,16193,536,382,20
descendant,1,d190,0x5f45884e703f81e86996cccf0a8c14659,3,5,2,solved,True,0.31453900000000345,15,3466,6,6,6-2-3-2-3-2-3-4-5-6,14109,14079,527,372,20
descendant,0,d183,0x39220c2fa0ef016238dfe3c8c43313928,3,4,4,solved,True,0.0699289999999948,12,1061,6,6,6-2-3-2-3-4-5-6,4633,4615,339,240,17
descendant,0,d207,0x55eac751209601ca8754ed4089ed7c3bf,3,4,2,solved,True,0.07263300000000328,12,1061,6,6,6-2-3-2-3-4-5-6,5033,5015,344,243,17
descendant,1,d48,0x469178f28f291f06dae284c0c8e07033b,3,4,2,solved,True,0.07151999999999958,12,1061,6,6,6-2-3-2-2-3-4-5-6,5147,5129,349,248,17
descendant,1,d62,0x7c8857448d048353655694cc56d75363c,3,5,2,solved,True,0.3132130000000046,15,3466,6,6,6-2-3-2-2-2-3-4-5-6,13185,13155,435,283,20
descendant,1,d92,0x4901868d3d3ffba413e1c8e2c6fd8f659,3,5,1,solved,True,0.3205559999999963,15,3466,6,6,6-2-3-2-2-3-4-5-6,14416,14386,437,289,20
descendant,0,d67,0x5ad886fec50f02b8ab5fabfd00ecdb001,3,4,3,solved,True,0.06897800000000132,12,1061,6,6,6-2-3-3-2-3-4-5-6,4232,4214,398,294,17
descendant,1,d70,0x1f89dd540b9b75905ab799dfe0c123771,3,4,1,solved,True,0.07727599999999768,12,1061,6,6,6-2-3-3-2-3-4-5-6,4201,4183,399,294,17
descendant,1,d151,0x3273222f340ba0d98c96a57fafdd64b08,3,4,3,solved,True,0.07411199999999951,12,1061,6,6,6-2-3-3-2-3-4-5-6,4477,4459,401,297,17
descendant,1,d263,0x4f92b8d91d1a921ae5b2bc79ab620f75d,3,5,1,solved,True,0.28236399999999406,15,3466,6,6,6-2-3-3-2-3-4-5-6,14458,14428,583,423,20
random,,r27,0x4d9d1a3a0f43e414dce5cedbb4223bfe,3,4,1,solved,True,0.07566199999999412,12,1061,6,6,6-2-3-2-3-2-3-4-5-6,4439,4421,366,262,17
random,,r20,0x631526e649146dd8e894a9297744d40d3,3,5,1,solved,True,0.3135339999999971,15,3466,6,6,6-2-3-2-2-3-4-5-6,14380,14350,443,293,20
descendant,1,d18,0x289bcd46096a3b58450dd47e44342c9b,3,4,3,solved,True,0.07211299999999454,12,1061,6,6,6-2-3-3-2-3-4-5-6,4234,4216,399,294,17
descendant,1,d140,0x7ab8ae4276ab4d0bd26cd9c54ce5c228a,3,4,2,solved,True,0.07195000000000817,12,1061,6,6,6-2-3-3-2-3-4-5-6,4751,4733,399,294,17
descendant,1,d95,0x166016c7eb66b831db4d56e3a8b3b83e5,3,5,4,solved,True,0.2881129999999956,15,3466,6,6,6-2-3-2-3-2-3-4-5-6,15044,15014,535,381,20
descendant,0,d1,0x53b2a15d2d4705b05b37fc29b03e5b64d,3,5,1,solved,True,0.3042289999999994,15,3466,6,6,6-2-3-2-2-3-4-5-6,13451,13421,433,283,20
descendant,0,d229,0x2439e5e8ce836a3b3b4c69b74af0a2938,3,5,3,solved,True,0.2950039999999987,15,3466,6,6,6-2-3-3-2-3-4-5-6,13270,13240,580,422,20
random,,r6,0x8b4ac10d3930cd0ef2535de93352dee3,3,5,1,solved,True,0.322851,15,3466,6,6,6-2-3-3-2-3-4-5-6,15564,15534,594,433,20
descendant,0,d144,0x3780d33c0316979e8c8eaf60a204c2906,3,5,2,solved,True,0.305144999999996,15,3466,6,6,6-2-3-2-2-3-4-5-6,14349,14319,443,293,20
descendant,0,d82,0x455dcf9b6baf55904fcddf7add088312b,3,4,4,solved,True,0.07530799999999971,12,1061,6,6,6-2-3-2-2-3-4-5-6,5108,5090,349,248,17
descendant,0,d3,0x2970943988085c950a464102342c27420,3,5,1,solved,True,0.2906890000000075,15,3466,6,6,6-2-3-3-2-3-4-5-6,14462,14432,577,423,20
descendant,1,d9,0x1235e6bb63c0ae62d2ad06c66f0075dd1,3,5,4,solved,True,0.3048730000000006,15,3466,6,6,6-2-3-2-3-2-3-4-5-6,14934,14904,535,381,20
descendant,0,d168,0x38e96ec5419519eb1b1b583429e4a4574,3,5,3,solved,True,0.3116770000000031,15,3466,6,6,6-2-3-2-3-2-3-4-5-6,14931,14901,537,384,20
descendant,1,d92,0x4901868d3d3ffba413e1c8e2c6fd8f659,3,4,2,solved,True,0.07533200000000306,12,1061,6,6,6-2-3-2-3-4-5-6,4201,4183,331,231,17
random,,r24,0x747d2357324667ee875d2604ed162987a,3,4,2,solved,True,0.07764999999999844,12,1061,6,6,6-2-3-2-3-2-3-4-5-6,5023,5005,373,272,17
random,,r27,0x4d9d1a3a0f43e414dce5cedbb4223bfe,3,4,4,solved,True,0.07645300000000077,12,1061,6,6,6-2-3-2-2-3-4-5-6,4469,4451,334,235,17
descendant,0,d53,0x3aad5ebb6187af0a2c53cbc9010d36552,3,4,3,solved,True,0.07910199999999179,12,1061,6,6,6-2-3-3-2-3-4-5-6,4753,4735,398,294,17
random,,r2,0x490a6e586591c9fb91f8938a1e54b0b8a,3,5,4,solved,True,0.29895300000000447,15,3466,6,6,6-2-3-2-2-2-3-4-5-6,13227,13197,433,283,20
descendant,1,d164,0x4f0c59bdf8c9054d7b84ff2224bf718eb,3,4,4,solved,True,0.07623399999999947,12,1061,6,6,6-2-3-2-2-3-4-5-6,5110,5092,348,248,17
random,,r33,0x4abaedb2c606a04f40b4a938c050fd5ee,3,4,2,solved,True,0.07194799999999901,12,1061,6,6,6-2-3-2-2-3-4-5-6,4756,4738,338,238,17
descendant,1,d30,0x76380792d43b1dbb8f81b33d0279557ee,3,4,2,solved,True,0.08250600000000219,12,1061,6,6,6-2-3-2-2-3-4-5-6,4477,4459,336,235,17
descendant,1,d227,0x2e613bc8778a0d73245609465a031c716,3,4,2,solved,True,0.08025699999999603,12,1061,6,6,6-2-3-3-2-3-4-5-6,4727,4709,398,294,17
descendant,1,d151,0x3273222f340ba0d98c96a57fafdd64b08,3,5,3,solved,True,0.3082160000000016,15,3466,6,6,6-2-3-2-2-3-4-5-6,13631,13601,438,288,20
descendant,1,d71,0x112ac2dcb4366ab589479f8be934e6f93,3,5,4,solved,True,0.3048159999999953,15,3466,6,6,6-2-3-2-2-3-4-5-6,14929,14899,449,301,20
descendant,1,d83,0x62b4a3a40650f0529e2400d3eece5659a,3,5,3,solved,True,0.3100689999999986,15,3466,6,6,6-2-3-3-2-3-4-5-6,14273,14243,579,420,20
random,,r18,0x30054085902972ca948229e2be0afae5a,3,4,2,solved,True,0.08321700000000476,12,1061,6,6,6-2-3-3-2-3-4-5-6,4751,4733,396,294,17
descendant,0,d98,0x64aa618e4d7cf361dd0ab74a21806f1f0,3,4,3,solved,True,0.07708399999999926,12,1061,6,6,6-2-3-2-2-3-4-5-6,4212,4194,331,231,17
descendant,1,d113,0x57e3b39aea7b420456d85034025e6935f,3,4,4,solved,True,0.083036000000007,12,1061,6,6,6-2-3-2-3-4-5-6,4622,4605,336,239,17
E0,,E0,0x1,3,5,58,solved,True,0.31063100000000077,15,3436,6,6,6-2-3-2-3-2-3-4-5-6,12850,12820,581,422,20
descendant,0,d148,0x5c3f205e9443a84d910ad16f8c39be75,3,4,4,solved,True,0.07081099999999907,12,1061,6,6,6-2-3-2-3-4-5-6,4633,4615,339,240,17
random,,r14,0x4fd5edbf8fc086ce28aa87a3ec776f49e,3,4,2,solved,True,0.07330599999999521,12,1061,6,6,6-2-3-3-2-3-4-5-6,4227,4209,398,294,17
descendant,0,d258,0x370c6fa8b5d187828b6e9524b4ddd2bf,3,4,1,solved,True,0.0761099999999999,12,1061,6,6,6-2-3-3-2-3-4-5-6,4206,4188,398,294,17
random,,r4,0x5aed395528d9334d7b0db1091b2fccab3,3,5,2,solved,True,0.3129550000000023,15,3466,6,6,6-2-3-2-2-3-4-5-6,14931,14901,450,301,20
descendant,0,d23,0x73d4550749610733989b4267b13ceb154,3,4,1,solved,True,0.07119600000000048,12,1061,6,6,6-2-3-3-2-3-4-5-6,4238,4220,399,294,17
random,,r16,0x2ccdb1f2f7e0e0618f895376df6fc0f2f,3,5,3,solved,True,0.3081370000000021,15,3466,6,6,6-2-3-2-2-3-4-5-6,14442,14412,441,289,20
descendant,0,d16,0x76e25cb26bddbb5a5c6117a0b88853294,3,4,3,solved,True,0.07578300000000127,12,1061,6,6,6-2-3-3-2-3-4-5-6,4486,4468,402,297,17
descendant,0,d63,0x497ecc75314c41f72cd92399ce7c421ed,3,5,2,solved,True,0.32755000000000223,15,3466,6,6,6-2-3-2-2-3-4-5-6,13508,13478,433,283,20
descendant,0,d148,0x5c3f205e9443a84d910ad16f8c39be75,3,5,3,solved,True,0.2945309999999992,15,3466,6,6,6-2-3-2-3-2-3-4-5-6,13233,13203,521,369,20
descendant,1,d76,0x7fb7abef5d088e70bff2b2264ca09f8cc,3,4,4,solved,True,0.07261600000000357,12,1061,6,6,6-2-3-2-3-2-3-4-5-6,4439,4421,364,262,17
descendant,1,d194,0x77160635e989a07d009776db14fef7a7a,3,5,3,solved,True,0.31177999999999173,15,3466,6,6,6-2-3-2-3-4-5-6,13386,13356,433,283,20
descendant,1,d259,0x6d46a1b88290e348d3116055c40d4b21e,3,4,4,solved,True,0.07304500000000047,12,1061,6,6,6-2-3-2-3-4-5-6,4633,4615,340,240,17
descendant,1,d135,0x4b6f4aedf31a71f526b4308aeb2db1361,3,4,3,solved,True,0.07134200000000135,12,1061,6,6,6-2-3-3-2-3-4-5-6,4233,4215,396,294,17
descendant,1,d122,0x6e6d2f8eef1aeb976397ba9770acbf436,3,4,4,solved,True,0.07662100000000294,12,1061,6,6,6-2-3-2-3-4-5-6,4642,4624,339,240,17
descendant,1,d242,0x54aae193ab4ce46cc2cfbeb7a32a56e7b,3,5,1,solved,True,0.3083659999999995,15,3466,6,6,6-2-3-2-3-2-3-4-5-6,13202,13172,523,369,20
descendant,0,d193,0x3613dae75f27455877c5ff6325ef7002a,3,4,4,solved,True,0.07334099999999921,12,1061,6,6,6-2-3-2-2-3-4-5-6,4209,4191,330,231,17
E0,,E0,0x1,3,4,37,solved,True,0.07203800000000626,12,1043,6,6,6-2-3-2-3-2-3-4-5-6,5576,5557,340,246,17
descendant,0,d35,0x346ea84d1619dcf1d9f0728023cea89de,3,5,1,solved,True,0.3304679999999962,15,3466,6,6,6-2-3-2-3-2-3-4-5-6,14377,14347,527,373,20
descendant,1,d163,0x57cf20cccd0d555c5f95c58ccda8fc4a7,3,4,3,solved,True,0.07497500000000201,12,1061,6,6,6-2-3-2-3-4-5-6,4628,4610,340,240,17
descendant,1,d28,0xb4952f009fc0edd12dbd419804e5f43d,3,5,3,solved,True,0.31166100000000085,15,3466,6,6,6-2-3-2-3-2-3-4-5-6,14341,14311,526,373,20
descendant,0,d3,0x2970943988085c950a464102342c27420,3,5,3,solved,True,0.28671099999999683,15,3466,6,6,6-2-3-2-3-2-3-4-5-6,13226,13196,522,369,20
E0,,E0,0x1,3,5,78,solved,True,0.28417400000000015,15,3436,6,6,6-2-3-2-3-2-3-4-5-6,12840,12810,573,415,20
descendant,0,d4,0x38a1549552e8ad1cc78b1295a7f14eac4,3,5,2,solved,True,0.29136599999999646,15,3466,6,6,6-2-3-2-2-3-4-5-6,13630,13600,441,288,20
descendant,1,d24,0x2d22cfd861ae9e73299a94b877a445f40,3,4,1,solved,True,0.07615700000000203,12,1061,6,6,6-2-3-2-2-3-4-5-6,4785,4767,339,238,17
random,,r23,0x364aa93cd8344b4826835c30eea11ef03,3,5,2,solved,True,0.28590899999999664,15,3466,6,6,6-2-3-2-2-3-4-5-6,14277,14247,443,293,20
descendant,0,d40,0x1d91fad937e37dd0872eb5940e37f9123,3,5,2,solved,True,0.3081940000000003,15,3466,6,6,6-2-3-2-2-3-4-5-6,14331,14301,442,293,20
descendant,1,d209,0x53d636e33f1f10e6597bfb1937eb25ad5,3,5,4,solved,True,0.2918149999999926,15,3466,6,6,6-2-3-2-3-2-3-4-5-6,14923,14893,535,381,20
descendant,1,d104,0x4df77d1a97b20dfb21192482f1cd7bd6d,3,5,4,solved,True,0.31763200000000325,15,3466,6,6,6-2-3-2-3-2-3-4-5-6,14930,14900,533,381,20
descendant,0,d243,0xb41df04135dbd12d89cc1cd57e12d4f7,3,5,4,solved,True,0.3043970000000087,15,3466,6,6,6-2-3-2-2-3-4-5-6,14928,14898,452,301,20
descendant,0,d247,0x247cc923f8dba9dedcc08874b53bc07f8,3,4,4,solved,True,0.0758300000000034,12,1061,6,6,6-2-3-2-3-4-5-6,4642,4624,340,240,17
descendant,0,d191,0x7a8fc7068fa065ddd29042d4bc728e400,3,4,3,solved,True,0.07665699999999731,12,1061,6,6,6-2-3-2-3-4-5-6,4209,4191,332,231,17
descendant,1,d21,0xadada875c148325bf5339de87d1af447,3,4,3,solved,True,0.08164200000000932,12,1061,6,6,6-2-3-2-3-4-5-6,4628,4610,340,240,17
E0,,E0,0x1,3,5,2,solved,True,0.3002560000000045,15,3436,6,6,6-2-3-2-3-2-3-4-5-6,13104,13074,601,440,20
descendant,0,d128,0x47a535820bff7b9046dfb62d0ecf7fd8b,3,5,3,solved,True,0.30791599999999164,15,3466,6,6,6-2-3-2-3-2-3-4-5-6,13226,13196,522,369,20
E0,,E0,0x1,3,4,77,solved,True,0.06674599999999486,12,1043,6,6,6-2-3-2-3-2-3-4-5-6,4474,4455,406,303,17
descendant,1,d24,0x2d22cfd861ae9e73299a94b877a445f40,3,4,2,solved,True,0.06853699999999918,12,1061,6,6,6-2-3-2-3-4-5-6,5033,5015,341,243,17
descendant,1,d43,0x3eac3e851da537c0d7da0938edc51d5ca,3,5,3,solved,True,0.2998330000000067,15,3466,6,6,6-2-3-2-3-2-3-4-5-6,14114,14084,525,372,20
random,,r3,0x12bffc766b5be2c3419af41fff7255cda,3,4,1,solved,True,0.07438199999999995,12,1061,6,6,6-2-3-2-2-3-4-5-6,4435,4417,337,235,17
descendant,1,d139,0x3f3a3c2426b89e5f111720f26746debb6,3,4,1,solved,True,0.07357900000000228,12,1061,6,6,6-2-3-2-2-3-4-5-6,4477,4459,337,235,17
descendant,1,d34,0x4ccd3eb998bd563dec81902c927ba27b1,3,5,3,solved,True,0.28802799999999706,15,3466,6,6,6-2-3-3-2-3-4-5-6,13300,13270,571,413,20
descendant,0,d98,0x64aa618e4d7cf361dd0ab74a21806f1f0,3,4,4,solved,True,0.07040499999999383,12,1061,6,6,6-2-3-2-3-4-5-6,4633,4615,340,240,17
descendant,1,d231,0x4e242904c3aff1fb588689f9e72ecbd5f,3,5,4,solved,True,0.2967269999999971,15,3466,6,6,6-2-3-2-3-2-3-4-5-6,14934,14904,534,381,20
descendant,0,d244,0x359360a49691c8a9c4c16a28eccc13dda,3,4,3,solved,True,0.08238599999999963,12,1061,6,6,6-2-3-2-3-4-5-6,4633,4615,342,240,17
descendant,1,d117,0xc3fba0ce2cceeb15eac58c76061f5329,3,4,3,solved,True,0.08252399999999938,12,1061,6,6,6-2-3-2-2-3-4-5-6,4288,4270,330,231,17
descendant,0,d99,0x5f3d085e99edc7c4a2d95fca485a75af1,3,4,3,solved,True,0.07264399999998972,12,1061,6,6,6-2-3-2-3-4-5-6,4477,4459,335,235,17
descendant,1,d2,0x52dc359100c4cf6f6ff021f34d38a5abd,3,4,2,solved,True,0.07065100000000513,12,1061,6,6,6-2-3-2-3-4-5-6,4633,4615,340,240,17
descendant,1,d263,0x4f92b8d91d1a921ae5b2bc79ab620f75d,3,4,2,solved,True,0.08327700000000249,12,1061,6,6,6-2-3-2-3-4-5-6,4216,4198,330,231,17
descendant,0,d64,0x1c9be51908f70d585373c6ee768481d1f,3,4,2,solved,True,0.07271300000000025,12,1061,6,6,6-2-3-2-3-4-5-6,5033,5015,342,243,17
descendant,1,d83,0x62b4a3a40650f0529e2400d3eece5659a,3,4,3,solved,True,0.06998099999999852,12,1061,6,6,6-2-3-2-3-4-5-6,4214,4196,331,231,17
descendant,0,d167,0xd6388e419fb08df478217c6472aa9a03,3,4,3,solved,True,0.08080700000000718,12,1061,6,6,6-2-3-2-2-3-4-5-6,4757,4739,339,238,17
descendant,1,d192,0x3e7b386a26013c81d84cea0f890897db8,3,5,2,solved,True,0.31642200000000287,15,3466,6,6,6-2-3-2-2-3-4-5-6,14376,14346,442,293,20
random,,r4,0x5aed395528d9334d7b0db1091b2fccab3,3,4,3,solved,True,0.07279999999999376,12,1061,6,6,6-2-3-3-2-3-4-5-6,4741,4723,397,294,17
descendant,1,d184,0x2a50cae17267e4772e3b0132877996912,3,4,2,solved,True,0.08386099999999885,12,1061,6,6,6-2-3-2-3-4-5-6,4209,4191,332,231,17
random,,r27,0x4d9d1a3a0f43e414dce5cedbb4223bfe,3,4,3,solved,True,0.08791999999999689,12,1061,6,6,6-2-3-2-2-3-4-5-6,5125,5107,347,248,17
descendant,1,d102,0x7200cf2ff4d279ce096e5dba8b281d236,3,4,4,solved,True,0.07701400000000547,12,1061,6,6,6-2-3-2-3-4-5-6,4639,4621,340,240,17
descendant,0,d176,0x7b98285ee2943dc8682f5f529fd52c980,3,4,1,solved,True,0.07353599999999716,12,1061,6,6,6-2-3-2-2-3-4-5-6,4792,4774,339,238,17
descendant,1,d81,0x12ea4ec43439524172de0ad354a6c5941,3,4,1,solved,True,0.0721940000000032,12,1061,6,6,6-2-3-2-3-4-5-6,4625,4607,339,240,17
descendant,1,d122,0x6e6d2f8eef1aeb976397ba9770acbf436,3,5,4,solved,True,0.3250279999999961,15,3466,6,6,6-2-3-2-3-2-3-4-5-6,14964,14934,537,384,20
E0,,E0,0x1,3,4,10,solved,True,0.06978400000000562,12,1043,6,6,6-2-3-2-3-2-3-4-5-6,4661,4642,334,241,17
E0,,E0,0x1,3,4,59,solved,True,0.06826999999999828,12,1043,6,6,6-2-3-3-2-3-4-5-6,4194,4175,365,267,17
descendant,1,d199,0xf3be1caa95cb497917b9e131862e6fbd,3,4,3,solved,True,0.07269499999999596,12,1061,6,6,6-2-3-3-2-3-4-5-6,4703,4685,397,294,17
descendant,1,d146,0x73f7535c6e0b5b5c9d0b24b2809486a0e,3,5,1,solved,True,0.2950789999999941,15,3466,6,6,6-2-3-2-2-3-4-5-6,13258,13228,432,283,20
E0,,E0,0x1,3,4,14,solved,True,0.07037899999999553,12,1043,6,6,6-2-3-3-2-3-4-5-6,4451,4432,375,279,17
descendant,0,d200,0x42635959679c428526fef4c7fa45ed8d5,3,5,1,solved,True,0.28090700000000624,15,3466,6,6,6-2-3-3-2-3-4-5-6,15502,15472,591,433,20
E0,,E0,0x1,3,4,61,solved,True,0.06796800000000047,12,1043,6,6,6-2-3-3-2-3-4-5-6,4447,4428,370,273,17
descendant,0,d65,0x78b05fd79fa0a76be42333888ec90d7ca,3,5,1,solved,True,0.3075839999999985,15,3466,6,6,6-2-3-2-3-2-3-4-5-6,13178,13148,524,369,20
descendant,0,d66,0x710351313dbb97511f377b21f0b7e015c,3,4,2,solved,True,0.06631900000000712,12,1061,6,6,6-2-3-2-2-3-4-5-6,4793,4775,336,238,17
descendant,0,d114,0x1f68d35be6e1253263633db1508483125,3,4,3,solved,True,0.07245900000000205,12,1061,6,6,6-2-3-3-2-3-4-5-6,4227,4209,400,294,17
random,,r32,0x13660c9d070543bce43b933f85c1a1816,3,5,1,solved,True,0.2863919999999993,15,3466,6,6,6-2-3-3-2-3-4-5-6,14458,14428,584,423,20
descendant,1,d32,0x6df517c2da1d083293a36a0c29450e6d8,3,4,1,solved,True,0.06644900000000575,12,1061,6,6,6-2-3-2-2-3-4-5-6,4793,4775,336,238,17
random,,r37,0x4ce67bee4ade9092fcb54c378868d6f66,3,4,3,solved,True,0.06872999999999507,12,1061,6,6,6-2-3-2-2-3-4-5-6,4242,4224,329,231,17
descendant,0,d173,0x6c47616f1280f94adc981b2965d460068,3,4,3,solved,True,0.070217999999997,12,1061,6,6,6-2-3-2-3-4-5-6,4462,4444,332,235,17
descendant,0,d86,0x2407f5a189084bee8284bcec49dc97dda,3,5,3,solved,True,0.29263699999999915,15,3466,6,6,6-2-3-2-2-3-4-5-6,13500,13470,433,283,20
descendant,1,d84,0x6e0be5e9f6818112b00a4841f809a1d9e,3,5,1,solved,True,0.2756510000000034,15,3466,6,6,6-2-3-2-3-4-5-6,14477,14447,440,289,20
E0,,E0,0x1,3,4,1,solved,True,0.0652159999999995,12,1043,6,6,6-2-3-2-3-2-3-4-5-6,5569,5550,341,246,17
descendant,1,d19,0x2a911d75f664c9aa5ea884f6a43d404ea,3,4,4,solved,True,0.06420800000000071,12,1061,6,6,6-2-3-2-2-3-4-5-6,4758,4740,337,238,17
descendant,1,d70,0x1f89dd540b9b75905ab799dfe0c123771,3,5,2,solved,True,0.2627459999999999,15,3466,6,6,6-2-3-2-2-3-4-5-6,13615,13585,441,288,20
descendant,0,d137,0xa9a6abd86871900d7522445f88eb3041,3,5,1,solved,True,0.2807630000000003,15,3466,6,6,6-2-3-2-2-3-4-5-6,13397,13367,430,283,20
descendant,0,d13,0x63ded55f267083bb775bb261b518421d6,3,5,2,solved,True,0.2958989999999986,15,3466,6,6,6-2-3-2-3-2-3-4-5-6,14930,14900,535,384,20
descendant,0,d142,0x34c30acadb5f75eef45c8fba19984a310,3,4,2,solved,True,0.06890699999999583,12,1061,6,6,6-2-3-2-2-3-4-5-6,5150,5132,348,248,17
descendant,1,d221,0x1c70789724f0da89c0a636792b2d9d101,3,5,3,solved,True,0.2746000000000066,15,3466,6,6,6-2-3-3-2-3-4-5-6,13294,13264,569,413,20
descendant,0,d234,0x25d7f81aeee3dbbbba7e1a86fe7b1cb46,3,5,4,solved,True,0.30473100000000386,15,3466,6,6,6-2-3-3-2-3-4-5-6,14281,14251,579,420,20
descendant,0,d165,0x64fcdc81cc55310cd05c6a8d83db3faae,3,5,2,solved,True,0.2830670000000026,15,3466,6,6,6-2-3-3-2-3-4-5-6,15580,15550,591,433,20
descendant,1,d157,0x2a281bc876e2581b088fa834d83f0118a,3,5,4,solved,True,0.28116499999999434,15,3466,6,6,6-2-3-2-2-3-4-5-6,14934,14904,452,301,20
descendant,0,d247,0x247cc923f8dba9dedcc08874b53bc07f8,3,4,2,solved,True,0.06907999999999959,12,1061,6,6,6-2-3-3-2-3-4-5-6,4231,4213,398,294,17
descendant,1,d150,0x3a134cd82c8690680bc849e9f981cba90,3,4,3,solved,True,0.07658599999999893,12,1061,6,6,6-2-3-2-2-3-4-5-6,4243,4225,331,231,17
descendant,1,d28,0xb4952f009fc0edd12dbd419804e5f43d,3,4,4,solved,True,0.06817799999999608,12,1061,6,6,6-2-3-2-2-3-4-5-6,5122,5104,348,248,17
descendant,0,d46,0x4b2f5a6a9f200e2ac4fddf1fce4666629,3,4,2,solved,True,0.06844999999999857,12,1061,6,6,6-2-3-2-3-4-5-6,5009,4991,343,243,17
E0,,E0,0x1,3,5,48,solved,True,0.279085000000002,15,3436,6,6,6-2-3-2-3-2-3-4-5-6,12796,12766,583,422,20
descendant,0,d116,0x522a0dc6e5a8a3a25617a4db3848460fd,3,5,1,solved,True,0.24931800000000237,15,3466,6,6,6-2-3-2-2-3-4-5-6,14440,14410,439,289,20
descendant,1,d12,0x5c3fe6e2e934a8b041ddfe024314ef4f5,3,4,2,solved,True,0.07521599999999751,12,1061,6,6,6-2-3-2-2-3-4-5-6,5147,5129,348,248,17
descendant,1,d199,0xf3be1caa95cb497917b9e131862e6fbd,3,5,1,solved,True,0.26534300000000144,15,3466,6,6,6-2-3-2-2-3-4-5-6,14381,14351,443,293,20
random,,r26,0x513835c8bc81a770bc62c6fb3425b721e,3,5,4,solved,True,0.2831560000000053,15,3466,6,6,6-2-3-2-2-3-4-5-6,14879,14849,457,305,20
descendant,1,d115,0x1d26fc45a9f09b8d2f83e069e8549267f,3,5,1,solved,True,0.29664999999999964,15,3466,6,6,6-2-3-2-2-3-4-5-6,14714,14684,438,289,20
descendant,0,d87,0xd18ba4b0f46de0f1595b84056b3fcffb,3,5,2,solved,True,0.2786049999999918,15,3466,6,6,6-2-3-2-2-3-4-5-6,13508,13478,432,283,20
descendant,0,d144,0x3780d33c0316979e8c8eaf60a204c2906,3,4,4,solved,True,0.06900999999999868,12,1061,6,6,6-2-3-2-3-4-5-6,4633,4615,339,240,17
descendant,1,d227,0x2e613bc8778a0d73245609465a031c716,3,4,1,solved,True,0.07545700000000011,12,1061,6,6,6-2-3-2-2-3-4-5-6,4743,4725,339,238,17
descendant,1,d209,0x53d636e33f1f10e6597bfb1937eb25ad5,3,4,2,solved,True,0.0670159999999953,12,1061,6,6,6-2-3-2-2-3-4-5-6,5129,5111,349,248,17
descendant,1,d70,0x1f89dd540b9b75905ab799dfe0c123771,3,5,4,solved,True,0.31052700000000044,15,3466,6,6,6-2-3-2-3-2-3-4-5-6,15026,14996,534,381,20
descendant,0,d250,0x8178f927f73e8a15ddf180e79fe764c9,3,5,4,solved,True,0.28328000000000486,15,3466,6,6,6-2-3-2-3-2-3-4-5-6,14897,14867,537,381,20
E0,,E0,0x1,3,4,7,solved,True,0.06714399999999898,12,1043,6,6,6-2-3-3-2-2-3-2-3-4-5-6,4521,4502,415,301,17
descendant,0,d177,0x7c141cdbe2d6a4df286f268ecc455da3e,3,4,4,solved,True,0.06962200000000962,12,1061,6,6,6-2-3-2-3-4-5-6,4629,4611,338,240,17
descendant,0,d63,0x497ecc75314c41f72cd92399ce7c421ed,3,4,3,solved,True,0.072657999999997,12,1061,6,6,6-2-3-3-2-3-4-5-6,4738,4720,397,294,17
descendant,1,d117,0xc3fba0ce2cceeb15eac58c76061f5329,3,5,4,solved,True,0.2747659999999996,15,3466,6,6,6-2-3-2-3-2-3-4-5-6,14930,14900,536,381,20
descendant,0,d241,0x413b94cd1c2e83d2a5b45741dd6b3795f,3,5,4,solved,True,0.27760800000000074,15,3466,6,6,6-2-3-2-3-2-3-4-5-6,15027,14997,535,381,20
descendant,0,d46,0x4b2f5a6a9f200e2ac4fddf1fce4666629,3,5,3,solved,True,0.28401099999999246,15,3466,6,6,6-2-3-2-3-2-3-4-5-6,14468,14438,527,372,20
random,,r12,0x2a6480a010e4cbacc6be41a6273edb5a,3,4,4,solved,True,0.06558100000000167,12,1061,6,6,6-2-3-2-3-2-3-4-5-6,4451,4433,364,262,17
descendant,0,d116,0x522a0dc6e5a8a3a25617a4db3848460fd,3,4,3,solved,True,0.06492099999999823,12,1061,6,6,6-2-3-3-2-3-4-5-6,4233,4215,398,294,17
descendant,1,d227,0x2e613bc8778a0d73245609465a031c716,3,4,4,solved,True,0.0694300000000041,12,1061,6,6,6-2-3-2-3-4-5-6,4642,4624,339,240,17
descendant,1,d119,0x15ce9d4d971bf063c018cb2ac172e1699,3,4,1,solved,True,0.0674980000000005,12,1061,6,6,6-2-3-2-3-4-5-6,4627,4609,340,240,17
random,,r5,0x57d2f5a17fa44525671162d58f74a9fe6,3,4,3,solved,True,0.06516200000000083,12,1061,6,6,6-2-3-2-2-3-4-5-6,5153,5135,349,248,17
descendant,0,d56,0x5d316d4b7afaec476c88d203d130e1c73,3,5,2,solved,True,0.2534899999999993,15,3466,6,6,6-2-3-2-2-2-3-4-5-6,13438,13408,432,283,20
descendant,0,d26,0x4800e3f366f34256d3a0e9d83c733f723,3,5,4,solved,True,0.3140719999999888,15,3466,6,6,6-2-3-2-2-3-4-5-6,16338,16308,446,295,20
descendant,0,d152,0x208a2d7942206e50ac164b06555e88aa0,3,5,2,solved,True,0.2705580000000012,15,3466,6,6,6-2-3-3-2-3-4-5-6,13259,13229,572,413,20
descendant,1,d27,0x2e670ee2b9b86c05d6a242148468dc3d6,3,4,4,solved,True,0.06873300000000171,12,1061,6,6,6-2-3-2-3-4-5-6,4227,4209,329,231,17
random,,r1,0x663f611ae0458018c496d4a4d64951786,3,5,4,solved,True,0.266961000000002,15,3466,6,6,6-2-3-2-2-3-4-5-6,15523,15493,461,311,20
descendant,0,d0,0x7a90344c571894684e176f4797bae946e,3,5,2,solved,True,0.2752219999999994,15,3466,6,6,6-2-3-3-2-3-4-5-6,14129,14099,585,425,20
descendant,0,d61,0x61dafffc801e3d12d932586bf313fc4fa,3,4,4,solved,True,0.07162699999999944,12,1061,6,6,6-2-3-2-2-3-4-5-6,4309,4291,330,231,17
descendant,1,d83,0x62b4a3a40650f0529e2400d3eece5659a,3,5,2,solved,True,0.25786000000000797,15,3466,6,6,6-2-3-3-2-3-4-5-6,13256,13226,573,417,20
E0,,E0,0x1,3,4,51,solved,True,0.06329999999999814,12,1043,6,6,6-2-3-3-2-3-4-5-6,4211,4192,370,273,17
descendant,1,d138,0x11e5a601d7acc53b58f3e174eaf2cc403,3,4,1,solved,True,0.06549299999999647,12,1061,6,6,6-2-3-2-2-3-4-5-6,4791,4773,339,238,17
random,,r34,0x27183f6ce33848dde3948dcd3e643d623,3,5,2,solved,True,0.270817000000001,15,3466,6,6,6-2-3-2-2-3-4-5-6,13550,13520,431,283,20
descendant,0,d238,0x60f7c8d9e19a06f553b0a1d1ed90b923c,3,4,4,solved,True,0.06860500000000513,12,1061,6,6,6-2-3-2-2-3-4-5-6,5155,5137,346,248,17
random,,r36,0x79a58d762514600707aabe58bb3c067e7,3,4,4,solved,True,0.0645060000000015,12,1061,6,6,6-2-3-2-3-4-5-6,4624,4606,341,240,17
descendant,0,d1,0x53b2a15d2d4705b05b37fc29b03e5b64d,3,5,4,solved,True,0.260308000000002,15,3466,6,6,6-2-3-2-3-2-3-4-5-6,14928,14898,536,381,20
descendant,0,d234,0x25d7f81aeee3dbbbba7e1a86fe7b1cb46,3,5,1,solved,True,0.28244399999999814,15,3466,6,6,6-2-3-2-2-3-4-5-6,14453,14423,440,289,20
descendant,1,d127,0x69e71437e6d7cbd4e1fcdbc13bd0ec89,3,5,4,solved,True,0.29089000000000453,15,3466,6,6,6-2-3-2-3-2-3-4-5-6,14926,14896,536,381,20
E0,,E0,0x1,3,4,55,solved,True,0.07040899999999795,12,1043,6,6,6-2-3-3-2-3-4-5-6,4462,4443,377,279,17
descendant,0,d160,0x6edf6cf25c3495625e3f83de43362a932,3,4,1,solved,True,0.06827100000000286,12,1061,6,6,6-2-3-3-2-3-4-5-6,4726,4708,397,294,17
descendant,0,d56,0x5d316d4b7afaec476c88d203d130e1c73,3,5,4,solved,True,0.2883860000000027,15,3466,6,6,6-2-3-2-2-3-4-5-6,14927,14897,452,301,20
descendant,1,d18,0x289bcd46096a3b58450dd47e44342c9b,3,5,3,solved,True,0.2749629999999996,15,3466,6,6,6-2-3-2-3-4-5-6,13391,13361,434,283,20
descendant,1,d24,0x2d22cfd861ae9e73299a94b877a445f40,3,5,3,solved,True,0.3017939999999939,15,3466,6,6,6-2-3-2-3-2-3-4-5-6,14382,14352,525,373,20
descendant,1,d101,0x7defc95597964352e85e6d26547e563f,3,4,1,solved,True,0.07245499999999794,12,1061,6,6,6-2-3-2-2-3-4-5-6,4759,4741,337,238,17
descendant,1,d242,0x54aae193ab4ce46cc2cfbeb7a32a56e7b,3,5,4,solved,True,0.27816399999999675,15,3466,6,6,6-2-3-2-3-2-3-4-5-6,14934,14904,534,381,20
descendant,1,d141,0x1d905d916248f4d5b99bffb706fccae9f,3,5,4,solved,True,0.2792610000000053,15,3466,6,6,6-2-3-2-3-2-3-4-5-6,14918,14888,535,381,20
descendant,1,d111,0x4d8262c03b2b0b4bd0e3de7f489167e1d,3,5,4,solved,True,0.2642310000000023,15,3466,6,6,6-2-3-2-3-2-3-4-5-6,16204,16174,538,382,20
descendant,1,d146,0x73f7535c6e0b5b5c9d0b24b2809486a0e,3,4,4,solved,True,0.07071400000000239,12,1061,6,6,6-2-3-2-3-4-5-6,4642,4624,339,240,17
descendant,0,d143,0x629c3e04d9c9920d0562093e9e93e2892,3,4,1,solved,True,0.06818500000000682,12,1061,6,6,6-2-3-3-2-3-4-5-6,4206,4188,397,294,17
descendant,0,d40,0x1d91fad937e37dd0872eb5940e37f9123,3,4,2,solved,True,0.0641379999999998,12,1061,6,6,6-2-3-2-2-3-4-5-6,4475,4457,335,235,17
descendant,0,d179,0x6de1658849e91ec7771f95239aa975018,3,5,4,solved,True,0.3107159999999993,15,3466,6,6,6-2-3-2-3-2-3-4-5-6,14394,14364,477,326,20
descendant,0,d189,0x42a1f19b9bc836a1efec12c5c3d2c8e51,3,4,2,solved,True,0.06365099999999302,12,1061,6,6,6-2-3-2-2-3-4-5-6,4311,4293,330,231,17
descendant,1,d154,0x67e7ce47a6ab0a6952374decd34902208,3,4,2,solved,True,0.07070499999999669,12,1061,6,6,6-2-3-2-2-3-4-5-6,5150,5132,348,248,17
descendant,0,d201,0x5be8944d433669e6e1d91f80af0203097,3,5,1,solved,True,0.2719459999999927,15,3466,6,6,6-2-3-2-2-3-4-5-6,15705,15675,451,299,20
descendant,1,d78,0x64de8b1ac1c7462bc6433bda1d43510c2,3,5,3,solved,True,0.2724419999999981,15,3466,6,6,6-2-3-2-3-2-3-4-5-6,14109,14079,526,372,20
descendant,0,d185,0x5a4e7d16ce77472dec7477e78fbf9905b,3,4,1,solved,True,0.06923900000000316,12,1061,6,6,6-2-3-2-2-3-4-5-6,4793,4775,339,238,17
descendant,1,d140,0x7ab8ae4276ab4d0bd26cd9c54ce5c228a,3,5,3,solved,True,0.28473900000000185,15,3466,6,6,6-2-3-3-2-3-4-5-6,14482,14452,579,419,20
descendant,1,d84,0x6e0be5e9f6818112b00a4841f809a1d9e,3,4,2,solved,True,0.06983800000000429,12,1061,6,6,6-2-3-2-2-3-4-5-6,5150,5132,347,248,17
descendant,0,d26,0x4800e3f366f34256d3a0e9d83c733f723,3,5,1,solved,True,0.28172600000000614,15,3466,6,6,6-2-3-2-3-2-3-4-5-6,14986,14956,497,346,20
random,,r35,0x2b74588391ee3766abe909bc5e572f583,3,5,2,solved,True,0.2846630000000019,15,3466,6,6,6-2-3-2-2-3-4-5-6,14268,14238,441,293,20
descendant,0,d20,0x70ee59e58bd87a0ac65827c10cbf6d4b4,3,4,2,solved,True,0.07574299999999567,12,1061,6,6,6-2-3-2-2-3-4-5-6,4234,4216,329,231,17
descendant,0,d165,0x64fcdc81cc55310cd05c6a8d83db3faae,3,4,3,solved,True,0.06788299999999481,12,1061,6,6,6-2-3-2-3-4-5-6,4625,4607,340,240,17
random,,r17,0x32b640c1bba37107df49617b5077ca29b,3,5,4,solved,True,0.2883760000000066,15,3466,6,6,6-2-3-2-3-2-3-4-5-6,14914,14884,535,381,20
random,,r5,0x57d2f5a17fa44525671162d58f74a9fe6,3,5,1,solved,True,0.2935450000000017,15,3466,6,6,6-2-3-3-2-3-4-5-6,13205,13175,574,417,20
descendant,0,d243,0xb41df04135dbd12d89cc1cd57e12d4f7,3,5,2,solved,True,0.2823759999999993,15,3466,6,6,6-2-3-2-2-3-4-5-6,13316,13286,430,283,20
random,,r26,0x513835c8bc81a770bc62c6fb3425b721e,3,4,2,solved,True,0.07209700000000652,12,1061,6,6,6-2-3-2-3-2-3-4-5-6,4446,4428,365,262,17
descendant,1,d54,0x63d8c46984cdd26391c524343b47e012c,3,4,3,solved,True,0.06820799999999849,12,1061,6,6,6-2-3-2-2-3-4-5-6,4755,4737,338,238,17
descendant,1,d52,0x62ae49abea18c3bf2d4eb301cea6f5cc8,3,4,3,solved,True,0.07044700000000148,12,1061,6,6,6-2-3-2-3-4-5-6,4622,4604,340,240,17
descendant,0,d207,0x55eac751209601ca8754ed4089ed7c3bf,3,4,1,solved,True,0.07671300000000514,12,1061,6,6,6-2-3-2-2-3-4-5-6,4757,4739,339,238,17
descendant,0,d105,0x16757ef5aeaa0592f69ecd0e05d2727c1,3,5,3,solved,True,0.2748239999999953,15,3466,6,6,6-2-3-2-2-3-4-5-6,14697,14667,440,289,20
descendant,0,d8,0x3b6646f40bb8585bd29898f087d04aaa2,3,5,3,solved,True,0.2643800000000027,15,3466,6,6,6-2-3-2-3-4-5-6,13389,13359,431,283,20
descendant,0,d248,0xc756e1ddb5f119ccfbc736687ea9d9ad,3,4,1,solved,True,0.07021899999999448,12,1061,6,6,6-2-3-2-2-3-4-5-6,4474,4456,337,235,17
descendant,0,d174,0x5db654363927d10d6771bbfe235a4245d,3,5,3,solved,True,0.2874139999999983,15,3466,6,6,6-2-3-2-3-2-3-4-5-6,13472,13442,522,369,20
descendant,1,d84,0x6e0be5e9f6818112b00a4841f809a1d9e,3,4,4,solved,True,0.07005000000000194,12,1061,6,6,6-2-3-2-3-4-5-6,4633,4615,339,240,17
random,,r2,0x490a6e586591c9fb91f8938a1e54b0b8a,3,5,2,solved,True,0.28581299999999743,15,3466,6,6,6-2-3-2-3-2-3-4-5-6,13228,13198,522,369,20
descendant,0,d3,0x2970943988085c950a464102342c27420,3,4,2,solved,True,0.06909899999999425,12,1061,6,6,6-2-3-2-3-4-5-6,4205,4187,332,231,17
descendant,1,d43,0x3eac3e851da537c0d7da0938edc51d5ca,3,4,3,solved,True,0.07097000000000264,12,1061,6,6,6-2-3-2-3-4-5-6,5003,4985,345,243,17
descendant,0,d196,0x23a62a12fdf9debbc917395443182a71e,3,4,3,solved,True,0.07175799999999555,12,1061,6,6,6-2-3-2-3-4-5-6,4622,4604,340,240,17
descendant,1,d107,0x1e1c60e485ca18e811e59d7a38ab556d3,3,4,4,solved,True,0.06797199999999748,12,1061,6,6,6-2-3-2-3-4-5-6,4628,4610,340,240,17
descendant,0,d94,0x201948b922c9601f6abed0f30a801999c,3,5,4,solved,True,0.2816660000000013,15,3466,6,6,6-2-3-2-2-3-4-5-6,14401,14371,440,289,20
descendant,1,d180,0x1e7d56fa1e94716a29fd4c6e079432427,3,4,2,solved,True,0.07083700000000448,12,1061,6,6,6-2-3-3-2-3-4-5-6,4748,4730,399,294,17
descendant,1,d170,0xae83df036e8fb794a59398cb5e86a119,3,4,2,solved,True,0.0696709999999996,12,1061,6,6,6-2-3-2-3-2-3-4-5-6,4451,4433,364,262,17
descendant,1,d17,0x5af8670acd2af76dce9608b01311d81af,3,4,2,solved,True,0.07093600000001032,12,1061,6,6,6-2-3-2-2-3-4-5-6,4216,4198,332,231,17
descendant,0,d99,0x5f3d085e99edc7c4a2d95fca485a75af1,3,4,4,solved,True,0.06560400000000044,12,1061,6,6,6-2-3-2-3-4-5-6,4623,4605,341,240,17
descendant,1,d2,0x52dc359100c4cf6f6ff021f34d38a5abd,3,4,1,solved,True,0.07181999999999533,12,1061,6,6,6-2-3-2-2-3-4-5-6,4230,4212,330,231,17
descendant,0,d16,0x76e25cb26bddbb5a5c6117a0b88853294,3,5,3,solved,True,0.27433600000000524,15,3466,6,6,6-2-3-2-3-2-3-4-5-6,14111,14081,525,372,20
descendant,0,d216,0x106ff1a099860bdcc3b55b1e4da480799,3,5,2,solved,True,0.2876659999999944,15,3466,6,6,6-2-3-2-3-2-3-4-5-6,13213,13183,522,369,20
descendant,1,d103,0x7daf41c59cc347af322f3eeb07d3de9ea,3,4,3,solved,True,0.0715539999999919,12,1061,6,6,6-2-3-3-2-3-4-5-6,4756,4738,397,294,17
descendant,0,d74,0x2cf415e1766477ef5e5333ed06afc98d6,3,4,3,solved,True,0.07121800000000178,12,1061,6,6,6-2-3-2-3-4-5-6,4629,4611,341,240,17
descendant,0,d174,0x5db654363927d10d6771bbfe235a4245d,3,4,1,solved,True,0.0785979999999995,12,1061,6,6,6-2-3-2-3-2-3-4-5-6,4489,4471,362,262,17
descendant,0,d7,0x5ce2bafcd949830ce62ec0235672883e9,3,4,2,solved,True,0.06542199999999809,12,1061,6,6,6-2-3-3-2-3-4-5-6,4757,4739,398,294,17
descendant,0,d56,0x5d316d4b7afaec476c88d203d130e1c73,3,4,4,solved,True,0.06278700000000725,12,1061,6,6,6-2-3-2-3-4-5-6,4633,4615,340,240,17
descendant,0,d108,0x63d191066a33756500331f9bdec19981a,3,4,2,solved,True,0.0757639999999995,12,1061,6,6,6-2-3-3-2-3-4-5-6,4235,4217,396,294,17
random,,r15,0x428b16566f49d70583495040a60feeb8b,3,5,3,solved,True,0.28868200000000144,15,3466,6,6,6-2-3-2-3-2-3-4-5-6,14361,14331,527,373,20
descendant,0,d38,0x40fc2570132c44b84b8fe1e531eac5b1f,3,5,1,solved,True,0.2915839999999932,15,3466,6,6,6-2-3-2-3-2-3-4-5-6,14532,14502,534,378,20
descendant,0,d249,0x61aeef6ef85ff4a68818d4d0aa03567ea,3,5,4,solved,True,0.2777759999999958,15,3466,6,6,6-2-3-2-3-2-3-4-5-6,14702,14672,527,373,20
descendant,0,d137,0xa9a6abd86871900d7522445f88eb3041,3,5,2,solved,True,0.2777189999999976,15,3466,6,6,6-2-3-2-2-3-4-5-6,14931,14901,451,301,20
descendant,1,d149,0x6a29a1bba81a817f02b7940b0723de894,3,5,3,solved,True,0.3051929999999956,15,3466,6,6,6-2-3-2-2-3-4-5-6,14383,14353,441,293,20
descendant,1,d27,0x2e670ee2b9b86c05d6a242148468dc3d6,3,4,2,solved,True,0.07495900000000688,12,1061,6,6,6-2-3-2-2-3-4-5-6,4470,4452,333,235,17
descendant,0,d205,0x35f1527fb1e374f3438b4a58a83be437,3,4,1,solved,True,0.07350099999999316,12,1061,6,6,6-2-3-2-2-3-4-5-6,4280,4262,329,231,17
descendant,0,d130,0x473b886587d259f1598c51e253c2395b3,3,4,4,solved,True,0.06969499999999584,12,1061,6,6,6-2-3-2-2-3-4-5-6,5122,5104,349,248,17
descendant,1,d44,0x17712105a1a917330c2e36631b0bf2477,3,4,3,solved,True,0.06761000000000195,12,1061,6,6,6-2-3-2-3-4-5-6,4649,4631,340,240,17
descendant,0,d155,0x6a26ae33f796563d34a0d159f9b5dc012,3,4,3,solved,True,0.07058299999999917,12,1061,6,6,6-2-3-2-2-3-4-5-6,4787,4769,337,238,17
descendant,0,d206,0xce1c9f7cab8afa7b83eb7a279f351fff,3,5,1,solved,True,0.27394100000000066,15,3466,6,6,6-2-3-2-2-3-4-5-6,14979,14949,452,301,20
descendant,0,d206,0xce1c9f7cab8afa7b83eb7a279f351fff,3,4,4,solved,True,0.07318800000000181,12,1061,6,6,6-2-3-2-3-4-5-6,4612,4594,340,240,17
descendant,0,d100,0x5bfbcc3510ca0a9d591a1a066a729f6fd,3,4,4,solved,True,0.06761500000000353,12,1061,6,6,6-2-3-2-3-4-5-6,4629,4611,339,240,17
E0,,E0,0x1,3,4,67,solved,True,0.06705800000000295,12,1043,6,6,6-2-3-2-3-2-3-4-5-6,5576,5557,340,246,17
descendant,1,d259,0x6d46a1b88290e348d3116055c40d4b21e,3,4,3,solved,True,0.07004700000000241,12,1061,6,6,6-2-3-2-3-4-5-6,5028,5010,343,243,17
descendant,1,d230,0x33804ac2d6f98bb4947ddda6f5532523e,3,4,4,solved,True,0.06562699999999921,12,1061,6,6,6-2-3-2-3-4-5-6,4633,4615,340,240,17
descendant,1,d39,0x3c78dedcf68e2e98f70c556392ccec84a,3,5,4,solved,True,0.3012819999999934,15,3466,6,6,6-2-3-2-2-3-4-5-6,14906,14876,453,301,20
descendant,0,d175,0x692a771f8f3fa6b2d0fa10aa1f61f4334,3,4,4,solved,True,0.06489000000000544,12,1061,6,6,6-2-3-2-3-2-3-4-5-6,5014,4996,373,272,17
descendant,1,d95,0x166016c7eb66b831db4d56e3a8b3b83e5,3,5,2,solved,True,0.283768000000002,15,3466,6,6,6-2-3-2-2-3-4-5-6,14280,14250,445,293,20
descendant,0,d247,0x247cc923f8dba9dedcc08874b53bc07f8,3,5,3,solved,True,0.28954500000000394,15,3466,6,6,6-2-3-2-3-2-3-4-5-6,14163,14133,527,372,20
random,,r28,0x35f7e77b334105b5e1948efc0c9e1b2b6,3,5,3,solved,True,0.286055999999995,15,3466,6,6,6-2-3-3-2-3-4-5-6,15612,15582,589,433,20
descendant,0,d99,0x5f3d085e99edc7c4a2d95fca485a75af1,3,4,1,solved,True,0.07339999999999947,12,1061,6,6,6-2-3-3-2-3-4-5-6,4206,4188,398,294,17
descendant,0,d65,0x78b05fd79fa0a76be42333888ec90d7ca,3,4,2,solved,True,0.07837299999999203,12,1061,6,6,6-2-3-3-2-3-4-5-6,4707,4689,399,294,17
random,,r32,0x13660c9d070543bce43b933f85c1a1816,3,5,4,solved,True,0.2759889999999956,15,3466,6,6,6-2-3-2-2-2-3-4-5-6,13228,13198,430,283,20
descendant,0,d1,0x53b2a15d2d4705b05b37fc29b03e5b64d,3,5,2,solved,True,0.3131210000000024,15,3466,6,6,6-2-3-2-2-3-4-5-6,14359,14329,441,293,20
descendant,0,d261,0x184c28af14000136d0051c59203a1e0f5,3,5,1,solved,True,0.27700300000000055,15,3466,6,6,6-2-3-2-3-2-3-4-5-6,14984,14954,497,346,20
descendant,1,d263,0x4f92b8d91d1a921ae5b2bc79ab620f75d,3,4,4,solved,True,0.068751000000006,12,1061,6,6,6-2-3-2-2-3-4-5-6,5122,5104,349,248,17
descendant,1,d24,0x2d22cfd861ae9e73299a94b877a445f40,3,5,4,solved,True,0.2923189999999991,15,3466,6,6,6-2-3-2-3-4-5-6,14920,14890,451,301,20
descendant,0,d201,0x5be8944d433669e6e1d91f80af0203097,3,4,2,solved,True,0.06953899999999891,12,1061,6,6,6-2-3-2-3-2-3-4-5-6,4468,4450,363,262,17
descendant,1,d223,0x7f59881f65b46784928483fc532a92ca2,3,4,1,solved,True,0.07211199999999707,12,1061,6,6,6-2-3-2-3-4-5-6,5028,5010,343,243,17
descendant,1,d88,0x11c4791a0462daffe9cf91df98b522b83,3,5,2,solved,True,0.27447100000000546,15,3466,6,6,6-2-3-2-2-3-4-5-6,14356,14326,443,293,20
E0,,E0,0x1,3,5,41,solved,True,0.2884740000000008,15,3436,6,6,6-2-3-2-3-2-3-4-5-6,12266,12236,601,441,20
descendant,1,d163,0x57cf20cccd0d555c5f95c58ccda8fc4a7,3,5,2,solved,True,0.28040699999999674,15,3466,6,6,6-2-3-2-3-2-3-4-5-6,14505,14475,523,372,20
random,,r0,0x820c33d3c516171b5f58d8c050c05c5b,3,4,1,solved,True,0.06771899999999675,12,1061,6,6,6-2-3-2-2-3-4-5-6,4793,4775,337,238,17
descendant,0,d63,0x497ecc75314c41f72cd92399ce7c421ed,3,4,1,solved,True,0.06759600000000177,12,1061,6,6,6-2-3-2-2-3-4-5-6,4793,4775,336,238,17
descendant,1,d19,0x2a911d75f664c9aa5ea884f6a43d404ea,3,4,3,solved,True,0.06813000000000358,12,1061,6,6,6-2-3-3-2-3-4-5-6,4750,4732,399,294,17
descendant,0,d196,0x23a62a12fdf9debbc917395443182a71e,3,5,1,solved,True,0.2546570000000017,15,3466,6,6,6-2-3-2-2-3-4-5-6,14447,14417,438,289,20
descendant,0,d134,0x3ac6e24c614ec7d66d9b971c65619de54,3,4,1,solved,True,0.07564800000000105,12,1061,6,6,6-2-3-2-3-4-5-6,5031,5013,342,243,17
descendant,0,d114,0x1f68d35be6e1253263633db1508483125,3,4,2,solved,True,0.06449699999999581,12,1061,6,6,6-2-3-2-2-3-4-5-6,4247,4229,332,231,17
descendant,1,d72,0x4d3b1d9ee79e96a369d10edd1823f9f05,3,4,4,solved,True,0.06966699999999548,12,1061,6,6,6-2-3-2-2-3-4-5-6,5122,5104,348,248,17
descendant,1,d263,0x4f92b8d91d1a921ae5b2bc79ab620f75d,3,5,4,solved,True,0.26173299999999244,15,3466,6,6,6-2-3-2-3-2-3-4-5-6,14396,14366,477,326,20
descendant,1,d253,0x5145b780bee05e43a87a5392935996539,3,5,3,solved,True,0.3023769999999999,15,3466,6,6,6-2-3-3-2-3-4-5-6,15563,15533,592,433,20
descendant,0,d51,0x27e09a4aefd0a32b4edd5c9d3c2207c3a,3,4,3,solved,True,0.06670199999999937,12,1061,6,6,6-2-3-2-3-2-3-4-5-6,5023,5005,374,272,17
descendant,1,d212,0x7bb07582e4bc549f5d1ef63096b31b622,3,5,3,solved,True,0.28523899999999713,15,3466,6,6,6-2-3-3-2-3-4-5-6,14278,14248,580,420,20
descendant,1,d157,0x2a281bc876e2581b088fa834d83f0118a,3,5,1,solved,True,0.26610500000000314,15,3466,6,6,6-2-3-2-3-2-3-4-5-6,15014,14984,532,381,20
descendant,0,d13,0x63ded55f267083bb775bb261b518421d6,3,4,4,solved,True,0.06652500000000572,12,1061,6,6,6-2-3-2-3-4-5-6,4627,4609,339,240,17
descendant,0,d248,0xc756e1ddb5f119ccfbc736687ea9d9ad,3,4,2,solved,True,0.06823099999999727,12,1061,6,6,6-2-3-2-2-3-4-5-6,4474,4456,337,235,17
descendant,1,d172,0x31ac4e23f32628817f72908e8f41db46e,3,4,1,solved,True,0.07524599999999992,12,1061,6,6,6-2-3-2-2-3-4-5-6,4474,4456,336,235,17
descendant,0,d174,0x5db654363927d10d6771bbfe235a4245d,3,4,4,solved,True,0.07177899999999937,12,1061,6,6,6-2-3-2-2-3-4-5-6,5122,5104,348,248,17
descendant,1,d169,0x481775947d9b40c5b2c73300165906ba1,3,4,2,solved,True,0.06618100000000737,12,1061,6,6,6-2-3-3-2-3-4-5-6,4743,4725,399,294,17
random,,r15,0x428b16566f49d70583495040a60feeb8b,3,4,2,solved,True,0.0789529999999985,12,1061,6,6,6-2-3-2-2-3-4-5-6,5121,5103,349,248,17
descendant,0,d193,0x3613dae75f27455877c5ff6325ef7002a,3,5,2,solved,True,0.2678720000000041,15,3466,6,6,6-2-3-2-2-3-4-5-6,14287,14257,444,293,20
descendant,0,d229,0x2439e5e8ce836a3b3b4c69b74af0a2938,3,4,4,solved,True,0.07641499999999724,12,1061,6,6,6-2-3-2-3-4-5-6,4642,4624,341,240,17
descendant,0,d59,0x1cec9f43ce245075b0ea308b7973cd86d,3,5,3,solved,True,0.27202700000000135,15,3466,6,6,6-2-3-2-2-3-4-5-6,14716,14686,437,289,20
descendant,0,d74,0x2cf415e1766477ef5e5333ed06afc98d6,3,4,4,solved,True,0.0640769999999975,12,1061,6,6,6-2-3-2-3-4-5-6,4227,4209,331,231,17
descendant,0,d249,0x61aeef6ef85ff4a68818d4d0aa03567ea,3,5,2,solved,True,0.27611900000000844,15,3466,6,6,6-2-3-2-2-3-4-5-6,13393,13363,435,283,20
random,,r12,0x2a6480a010e4cbacc6be41a6273edb5a,3,4,3,solved,True,0.07556100000000043,12,1061,6,6,6-2-3-2-3-4-5-6,4460,4442,336,235,17
descendant,1,d120,0x2f9433432d037272266e032fffaaf89aa,3,5,2,solved,True,0.30948500000000934,15,3466,6,6,6-2-3-2-3-2-3-4-5-6,16231,16201,537,382,20
descendant,1,d146,0x73f7535c6e0b5b5c9d0b24b2809486a0e,3,5,4,solved,True,0.2810270000000088,15,3466,6,6,6-2-3-2-2-2-3-4-5-6,13215,13185,432,283,20
random,,r6,0x8b4ac10d3930cd0ef2535de93352dee3,3,5,3,solved,True,0.27855900000000133,15,3466,6,6,6-2-3-2-2-3-4-5-6,13413,13383,434,283,20
descendant,0,d189,0x42a1f19b9bc836a1efec12c5c3d2c8e51,3,4,1,solved,True,0.06942699999999746,12,1061,6,6,6-2-3-3-2-3-4-5-6,4206,4188,397,294,17
descendant,0,d114,0x1f68d35be6e1253263633db1508483125,3,5,3,solved,True,0.28106799999999765,15,3466,6,6,6-2-3-3-2-3-4-5-6,14455,14425,581,423,20
descendant,0,d261,0x184c28af14000136d0051c59203a1e0f5,3,5,3,solved,True,0.27627999999999986,15,3466,6,6,6-2-3-2-2-3-4-5-6,13415,13385,435,283,20
descendant,0,d108,0x63d191066a33756500331f9bdec19981a,3,4,4,solved,True,0.0685709999999986,12,1061,6,6,6-2-3-2-3-2-3-4-5-6,4454,4436,364,262,17
E0,,E0,0x1,3,5,11,solved,True,0.29400300000000357,15,3436,6,6,6-2-3-2-3-2-3-4-5-6,12913,12883,588,426,20
random,,r16,0x2ccdb1f2f7e0e0618f895376df6fc0f2f,3,4,1,solved,True,0.07159699999999702,12,1061,6,6,6-2-3-2-3-4-5-6,4477,4459,336,235,17
E0,,E0,0x1,3,5,75,solved,True,0.2742839999999944,15,3436,6,6,6-2-3-2-3-2-3-4-5-6,12793,12763,579,422,20
descendant,1,d92,0x4901868d3d3ffba413e1c8e2c6fd8f659,3,4,3,solved,True,0.07078500000000076,12,1061,6,6,6-2-3-3-2-3-4-5-6,4233,4215,397,294,17
descendant,0,d219,0x2bb98e98beee47dc4dac5c21dde510d9,3,5,2,solved,True,0.31216500000000735,15,3466,6,6,6-2-3-2-2-3-4-5-6,14940,14910,455,305,20
random,,r26,0x513835c8bc81a770bc62c6fb3425b721e,3,4,3,solved,True,0.06860800000000467,12,1061,6,6,6-2-3-2-3-2-3-4-5-6,4474,4456,365,262,17
random,,r13,0x5f90bb86993867ddc983e693e8305dee,3,5,3,solved,True,0.2901059999999944,15,3466,6,6,6-2-3-2-3-2-3-4-5-6,14935,14905,539,384,20
descendant,0,d63,0x497ecc75314c41f72cd92399ce7c421ed,3,4,2,solved,True,0.06614999999999327,12,1061,6,6,6-2-3-2-3-4-5-6,4217,4199,331,231,17
descendant,0,d74,0x2cf415e1766477ef5e5333ed06afc98d6,3,4,2,solved,True,0.06713500000000039,12,1061,6,6,6-2-3-2-2-3-4-5-6,5150,5132,347,248,17
descendant,0,d53,0x3aad5ebb6187af0a2c53cbc9010d36552,3,5,1,solved,True,0.2905709999999999,15,3466,6,6,6-2-3-3-2-3-4-5-6,15623,15593,593,433,20
descendant,1,d224,0xc4ac85375f72fc79e95084d34d4c31cd,3,5,2,solved,True,0.2850830000000002,15,3466,6,6,6-2-3-3-2-3-4-5-6,13198,13168,574,413,20
descendant,1,d212,0x7bb07582e4bc549f5d1ef63096b31b622,3,5,2,solved,True,0.282400999999993,15,3466,6,6,6-2-3-3-2-3-4-5-6,14129,14099,583,425,20
descendant,0,d219,0x2bb98e98beee47dc4dac5c21dde510d9,3,5,3,solved,True,0.2955399999999955,15,3466,6,6,6-2-3-2-2-3-4-5-6,13461,13431,433,283,20
descendant,0,d126,0x2cacb70dc47e5b9a6349c787b5c32bcfa,3,4,4,solved,True,0.0703449999999961,12,1061,6,6,6-2-3-2-3-2-3-4-5-6,5023,5005,374,272,17
E0,,E0,0x1,3,5,23,solved,True,0.2830470000000034,15,3436,6,6,6-2-3-2-3-2-2-3-4-5-6,16863,16833,557,355,20
descendant,0,d226,0x784c5a04e4248b2f69d9fbad9c33498a8,3,4,2,solved,True,0.06754399999999805,12,1061,6,6,6-2-3-3-2-3-4-5-6,4459,4441,401,297,17
descendant,0,d179,0x6de1658849e91ec7771f95239aa975018,3,5,1,solved,True,0.2768510000000006,15,3466,6,6,6-2-3-3-2-3-4-5-6,14462,14432,582,423,20
descendant,1,d208,0x690f9adc941f9084e345e3f18c06d5ed,3,4,1,solved,True,0.07065400000000466,12,1061,6,6,6-2-3-2-2-3-4-5-6,4792,4774,338,238,17
descendant,0,d45,0x40bb9e1577a5e671bfd24982cff49b933,3,4,2,solved,True,0.06970300000000407,12,1061,6,6,6-2-3-2-3-4-5-6,4629,4611,337,240,17
descendant,0,d176,0x7b98285ee2943dc8682f5f529fd52c980,3,4,3,solved,True,0.06519000000000119,12,1061,6,6,6-2-3-2-2-3-4-5-6,4229,4211,328,231,17
descendant,1,d231,0x4e242904c3aff1fb588689f9e72ecbd5f,3,4,4,solved,True,0.06721300000000241,12,1061,6,6,6-2-3-2-3-4-5-6,4625,4607,339,240,17
descendant,1,d117,0xc3fba0ce2cceeb15eac58c76061f5329,3,5,3,solved,True,0.2860859999999974,15,3466,6,6,6-2-3-3-2-3-4-5-6,14153,14123,585,425,20
descendant,1,d215,0x337578b65f444d299ae723bed169c1cf4,3,5,1,solved,True,0.26844000000000534,15,3466,6,6,6-2-3-3-2-3-4-5-6,13247,13217,578,417,20
E0,,E0,0x1,3,5,45,solved,True,0.28954499999999683,15,3436,6,6,6-2-3-2-3-2-3-4-5-6,13038,13008,541,370,20
E0,,E0,0x1,3,4,5,solved,True,0.07173300000000182,12,1043,6,6,6-2-3-3-2-3-4-5-6,4194,4175,365,267,17
descendant,1,d76,0x7fb7abef5d088e70bff2b2264ca09f8cc,3,4,3,solved,True,0.06468100000000021,12,1061,6,6,6-2-3-3-2-3-4-5-6,4477,4459,400,297,17
descendant,0,d241,0x413b94cd1c2e83d2a5b45741dd6b3795f,3,5,1,solved,True,0.2977160000000083,15,3466,6,6,6-2-3-2-2-3-4-5-6,14383,14353,443,293,20
descendant,1,d164,0x4f0c59bdf8c9054d7b84ff2224bf718eb,3,5,2,solved,True,0.2867869999999897,15,3466,6,6,6-2-3-2-2-3-4-5-6,13501,13471,434,283,20
descendant,1,d44,0x17712105a1a917330c2e36631b0bf2477,3,4,4,solved,True,0.0685579999999959,12,1061,6,6,6-2-3-2-3-4-5-6,4625,4607,338,240,17
descendant,0,d160,0x6edf6cf25c3495625e3f83de43362a932,3,5,1,solved,True,0.2826000000000022,15,3466,6,6,6-2-3-3-2-3-4-5-6,14197,14167,587,425,20
descendant,0,d248,0xc756e1ddb5f119ccfbc736687ea9d9ad,3,4,3,solved,True,0.07743500000000125,12,1061,6,6,6-2-3-3-2-3-4-5-6,4224,4206,398,294,17
E0,,E0,0x1,3,4,58,solved,True,0.0685709999999986,12,1043,6,6,6-2-3-3-2-3-4-5-6,4210,4191,367,267,17
E0,,E0,0x1,3,5,77,solved,True,0.2902569999999969,15,3436,6,6,6-2-3-2-3-2-3-4-5-6,12350,12320,593,434,20
descendant,0,d67,0x5ad886fec50f02b8ab5fabfd00ecdb001,3,5,2,solved,True,0.28158600000000433,15,3466,6,6,6-2-3-2-2-3-2-3-4-5-6,14352,14322,478,326,20
descendant,1,d221,0x1c70789724f0da89c0a636792b2d9d101,3,5,4,solved,True,0.2934529999999995,15,3466,6,6,6-2-3-2-2-3-4-5-6,13487,13457,434,283,20
descendant,1,d190,0x5f45884e703f81e86996cccf0a8c14659,3,4,2,solved,True,0.07066300000000325,12,1061,6,6,6-2-3-2-2-3-4-5-6,4469,4451,333,235,17
E0,,E0,0x1,3,5,8,solved,True,0.2635920000000027,15,3436,6,6,6-2-3-2-2-3-2-3-4-5-6,18813,18783,411,265,20
descendant,1,d84,0x6e0be5e9f6818112b00a4841f809a1d9e,3,4,1,solved,True,0.06879299999999944,12,1061,6,6,6-2-3-2-3-4-5-6,5023,5005,343,243,17
descendant,0,d112,0x1994e3603f97ef024ee05440540a67bc7,3,5,2,solved,True,0.30015000000000214,15,3466,6,6,6-2-3-2-2-3-4-5-6,14286,14256,444,293,20
descendant,1,d192,0x3e7b386a26013c81d84cea0f890897db8,3,5,4,solved,True,0.2740829999999974,15,3466,6,6,6-2-3-2-3-2-3-4-5-6,14967,14937,536,384,20
random,,r21,0x4d4c870d513017a31a0bc4f966ea8965b,3,5,3,solved,True,0.3009799999999956,15,3466,6,6,6-2-3-2-2-3-4-5-6,13633,13603,441,288,20
random,,r22,0x1c109605f1137a32b7e925fa3d122d73e,3,5,3,solved,True,0.2787840000000017,15,3466,6,6,6-2-3-3-2-3-4-5-6,15578,15548,593,433,20
descendant,1,d225,0x641725bc746169a468daa4939c4cadd22,3,5,4,solved,True,0.2767389999999992,15,3466,6,6,6-2-3-3-2-3-4-5-6,14138,14108,582,425,20
descendant,0,d56,0x5d316d4b7afaec476c88d203d130e1c73,3,4,3,solved,True,0.0667399999999958,12,1061,6,6,6-2-3-3-2-3-4-5-6,4235,4217,397,294,17
descendant,0,d20,0x70ee59e58bd87a0ac65827c10cbf6d4b4,3,5,2,solved,True,0.28688599999999553,15,3466,6,6,6-2-3-2-2-3-4-5-6,14455,14425,439,289,20
descendant,0,d82,0x455dcf9b6baf55904fcddf7add088312b,3,4,1,solved,True,0.06500199999999978,12,1061,6,6,6-2-3-2-3-2-3-4-5-6,4488,4470,366,262,17
random,,r35,0x2b74588391ee3766abe909bc5e572f583,3,4,3,solved,True,0.06930599999999743,12,1061,6,6,6-2-3-3-2-3-4-5-6,4738,4720,397,294,17
descendant,1,d131,0x5aec3bd9f85ce0f5ba815deed00bd4299,3,4,2,solved,True,0.07237300000000602,12,1061,6,6,6-2-3-3-2-3-4-5-6,4223,4205,399,294,17
descendant,0,d238,0x60f7c8d9e19a06f553b0a1d1ed90b923c,3,4,3,solved,True,0.0710290000000029,12,1061,6,6,6-2-3-2-3-4-5-6,5023,5005,342,243,17
descendant,0,d142,0x34c30acadb5f75eef45c8fba19984a310,3,5,2,solved,True,0.2707109999999986,15,3466,6,6,6-2-3-3-2-3-4-5-6,14410,14380,584,423,20
descendant,1,d147,0x3248ef31f25d6830126239dd3fd7c593a,3,5,2,solved,True,0.26947700000000196,15,3466,6,6,6-2-3-2-2-3-4-5-6,13333,13303,430,283,20
descendant,1,d78,0x64de8b1ac1c7462bc6433bda1d43510c2,3,4,1,solved,True,0.06821499999999503,12,1061,6,6,6-2-3-3-2-3-4-5-6,4755,4738,394,293,17
descendant,0,d204,0x41e5c9c12a84e81e5d2a9ea4246c36d67,3,5,2,solved,True,0.280887000000007,15,3466,6,6,6-2-3-2-3-2-3-4-5-6,13751,13721,523,369,20
random,,r6,0x8b4ac10d3930cd0ef2535de93352dee3,3,4,3,solved,True,0.06815199999999777,12,1061,6,6,6-2-3-3-2-3-4-5-6,4740,4723,392,293,17
descendant,1,d123,0x1ca05b9628bda070c6e1981acf88bdc35,3,4,3,solved,True,0.0748439999999988,12,1061,6,6,6-2-3-3-2-3-4-5-6,4732,4714,398,294,17
descendant,1,d124,0x15dbca5211d9ba2d338bb55c508f06c69,3,4,1,solved,True,0.07654699999999792,12,1061,6,6,6-2-3-3-2-3-4-5-6,4765,4747,397,294,17
E0,,E0,0x1,3,5,65,solved,True,0.2705060000000046,15,3436,6,6,6-2-3-2-3-2-3-4-5-6,12836,12806,587,426,20
descendant,0,d204,0x41e5c9c12a84e81e5d2a9ea4246c36d67,3,4,3,solved,True,0.07011099999999715,12,1061,6,6,6-2-3-3-2-3-4-5-6,4228,4210,398,294,17
random,,r28,0x35f7e77b334105b5e1948efc0c9e1b2b6,3,4,3,solved,True,0.07270499999999203,12,1061,6,6,6-2-3-2-2-3-4-5-6,4275,4257,332,231,17
random,,r29,0x1432bc8937487ee95232c92aec87eb936,3,5,1,solved,True,0.29554200000000463,15,3466,6,6,6-2-3-2-2-3-4-5-6,14374,14344,442,293,20
descendant,1,d103,0x7daf41c59cc347af322f3eeb07d3de9ea,3,5,3,solved,True,0.27447199999999583,15,3466,6,6,6-2-3-2-2-3-4-5-6,15549,15519,463,311,20
descendant,0,d247,0x247cc923f8dba9dedcc08874b53bc07f8,3,4,1,solved,True,0.06277199999999539,12,1061,6,6,6-2-3-2-2-3-4-5-6,4792,4774,339,238,17
descendant,0,d257,0x28b1c177268e3c6110c268f0efdd3cece,3,5,2,solved,True,0.2736969999999985,15,3466,6,6,6-2-3-2-3-2-3-4-5-6,13785,13755,523,369,20
random,,r12,0x2a6480a010e4cbacc6be41a6273edb5a,3,5,2,solved,True,0.2831210000000013,15,3466,6,6,6-2-3-2-2-3-4-5-6,14286,14256,444,293,20
descendant,1,d21,0xadada875c148325bf5339de87d1af447,3,4,2,solved,True,0.07705700000000348,12,1061,6,6,6-2-3-3-2-3-4-5-6,4751,4733,398,294,17
descendant,0,d175,0x692a771f8f3fa6b2d0fa10aa1f61f4334,3,5,4,solved,True,0.28484400000000676,15,3466,6,6,6-2-3-2-3-2-3-4-5-6,14396,14366,477,326,20
descendant,1,d147,0x3248ef31f25d6830126239dd3fd7c593a,3,5,1,solved,True,0.27993400000000435,15,3466,6,6,6-2-3-2-2-3-4-5-6,14386,14356,443,293,20
descendant,1,d73,0x6c207545189a4d6a1a9a36f6ef83e6e40,3,5,3,solved,True,0.289318999999999,15,3466,6,6,6-2-3-3-2-3-4-5-6,13266,13236,583,422,20
descendant,0,d25,0x67cc5b712def5cd3ed463983f4bbfd1fc,3,5,3,solved,True,0.2578320000000005,15,3466,6,6,6-2-3-2-2-2-3-4-5-6,13434,13404,433,283,20
descendant,1,d233,0x765838b47f9f40f77070ab500719552ea,3,5,1,solved,True,0.27473500000000683,15,3466,6,6,6-2-3-2-3-2-3-4-5-6,14971,14941,539,384,20
descendant,0,d53,0x3aad5ebb6187af0a2c53cbc9010d36552,3,5,2,solved,True,0.2533420000000035,15,3466,6,6,6-2-3-2-3-2-3-4-5-6,13535,13505,517,369,20
descendant,1,d182,0x33db101d94ca827f757e351001f0b87a6,3,5,3,solved,True,0.2674379999999914,15,3466,6,6,6-2-3-3-2-3-4-5-6,14366,14336,585,424,20
descendant,1,d89,0x367d8673783c2f4673a447a4ed5269516,3,5,3,solved,True,0.2733360000000076,15,3466,6,6,6-2-3-2-3-2-3-4-5-6,14172,14142,519,372,20
descendant,0,d156,0x5d1252c137c628984d489db9419b53db9,3,5,3,solved,True,0.27505500000000893,15,3466,6,6,6-2-3-2-2-3-4-5-6,13481,13451,434,283,20
