proposal_id,profile_id,actual_factor_base_points,effective_columns,pdp_method,pdp_budget_ms,collection_policy,relation_la,isogeny_route_ref,base_receipt,base_sample_receipt,base_estimate,base_estimate_low95,base_estimate_high95,geometry_receipt,pdp_receipt,geometry_supported,geometry_total,matched_pdp_attempts,matched_pdp_verified,matched_pdp_timeouts,matched_pdp_wall_seconds,single_target_online_ms,paired_rho_online_ms,online_speedup,complete_dlp_status,related_complete_candidate_id,activation_blockers
Q1,n13_same_d3_m4,6,2,sat,50,first,gauss,none,,,,,,geometry.json,n13_sat_50ms.json,84,2002,32,0,32,2.169378000020515,,,,not_run_blocked,IC1N13Ckb1fb6PDP4satRCsampleLAgaussTDdescentISO0h6adc50caf2cb,pipeline_combination_unverified
Q2,n13_same_d3_m4,6,2,sat,1000,first,gauss,none,,,,,,geometry.json,n13_sat_1000ms.json,84,2002,31,0,31,45.610709412867436,,,,not_run_blocked,,pipeline_combination_unverified
Q3,n13_same_d3_m4,6,2,sat,50,first,bw,none,,,,,,geometry.json,n13_sat_50ms.json,84,2002,32,0,32,2.169378000020515,,,,not_run_blocked,,pipeline_combination_unverified;relation_matrix_bw_adapter_unverified;relation_matrix_bw_unwired
Q4,n13_same_d3_m4,6,2,sat,1000,first,bw,none,,,,,,geometry.json,n13_sat_1000ms.json,84,2002,31,0,31,45.610709412867436,,,,not_run_blocked,,pipeline_combination_unverified;relation_matrix_bw_adapter_unverified;relation_matrix_bw_unwired
Q5,n13_same_d3_m4,6,2,sat,50,uniform,gauss,none,,,,,,geometry.json,,84,2002,,,,,,,,not_run_blocked,,collection_witness_policy_unwired;multi_witness_adapter_unverified;pipeline_combination_unverified
Q6,n13_same_d3_m4,6,2,sat,1000,uniform,gauss,none,,,,,,geometry.json,,84,2002,,,,,,,,not_run_blocked,,collection_witness_policy_unwired;multi_witness_adapter_unverified;pipeline_combination_unverified
Q7,n13_same_d3_m4,6,2,sat,50,uniform,bw,none,,,,,,geometry.json,,84,2002,,,,,,,,not_run_blocked,,collection_witness_policy_unwired;multi_witness_adapter_unverified;pipeline_combination_unverified;relation_matrix_bw_adapter_unverified;relation_matrix_bw_unwired
Q8,n13_same_d3_m4,6,2,sat,1000,uniform,bw,none,,,,,,geometry.json,,84,2002,,,,,,,,not_run_blocked,,collection_witness_policy_unwired;multi_witness_adapter_unverified;pipeline_combination_unverified;relation_matrix_bw_adapter_unverified;relation_matrix_bw_unwired
Q9,n13_same_d3_m4,6,2,sat,50,rankscan,gauss,none,,,,,,geometry.json,,84,2002,,,,,,,,not_run_blocked,,collection_witness_policy_unwired;multi_witness_adapter_unverified;pipeline_combination_unverified
Q10,n13_same_d3_m4,6,2,sat,1000,rankscan,gauss,none,,,,,,geometry.json,,84,2002,,,,,,,,not_run_blocked,,collection_witness_policy_unwired;multi_witness_adapter_unverified;pipeline_combination_unverified
Q11,n13_same_d3_m4,6,2,sat,50,rankscan,bw,none,,,,,,geometry.json,,84,2002,,,,,,,,not_run_blocked,,collection_witness_policy_unwired;multi_witness_adapter_unverified;pipeline_combination_unverified;relation_matrix_bw_adapter_unverified;relation_matrix_bw_unwired
Q12,n13_same_d3_m4,6,2,sat,1000,rankscan,bw,none,,,,,,geometry.json,,84,2002,,,,,,,,not_run_blocked,,collection_witness_policy_unwired;multi_witness_adapter_unverified;pipeline_combination_unverified;relation_matrix_bw_adapter_unverified;relation_matrix_bw_unwired
Q13,n13_same_d3_m4,6,2,sat,50,rankscan16,gauss,none,,,,,,geometry.json,,84,2002,,,,,,,,not_run_blocked,,collection_witness_policy_unwired;multi_witness_adapter_unverified;pipeline_combination_unverified
Q14,n13_same_d3_m4,6,2,sat,1000,rankscan16,gauss,none,,,,,,geometry.json,,84,2002,,,,,,,,not_run_blocked,,collection_witness_policy_unwired;multi_witness_adapter_unverified;pipeline_combination_unverified
Q15,n13_same_d3_m4,6,2,sat,50,rankscan16,bw,none,,,,,,geometry.json,,84,2002,,,,,,,,not_run_blocked,,collection_witness_policy_unwired;multi_witness_adapter_unverified;pipeline_combination_unverified;relation_matrix_bw_adapter_unverified;relation_matrix_bw_unwired
Q16,n13_same_d3_m4,6,2,sat,1000,rankscan16,bw,none,,,,,,geometry.json,,84,2002,,,,,,,,not_run_blocked,,collection_witness_policy_unwired;multi_witness_adapter_unverified;pipeline_combination_unverified;relation_matrix_bw_adapter_unverified;relation_matrix_bw_unwired
Q17,n13_same_d3_m4,6,2,sat,50,allnovel,gauss,none,,,,,,geometry.json,,84,2002,,,,,,,,not_run_blocked,,collection_witness_policy_unwired;multi_witness_adapter_unverified;pipeline_combination_unverified
Q18,n13_same_d3_m4,6,2,sat,1000,allnovel,gauss,none,,,,,,geometry.json,,84,2002,,,,,,,,not_run_blocked,,collection_witness_policy_unwired;multi_witness_adapter_unverified;pipeline_combination_unverified
Q19,n13_same_d3_m4,6,2,sat,50,allnovel,bw,none,,,,,,geometry.json,,84,2002,,,,,,,,not_run_blocked,,collection_witness_policy_unwired;multi_witness_adapter_unverified;pipeline_combination_unverified;relation_matrix_bw_adapter_unverified;relation_matrix_bw_unwired
Q20,n13_same_d3_m4,6,2,sat,1000,allnovel,bw,none,,,,,,geometry.json,,84,2002,,,,,,,,not_run_blocked,,collection_witness_policy_unwired;multi_witness_adapter_unverified;pipeline_combination_unverified;relation_matrix_bw_adapter_unverified;relation_matrix_bw_unwired
Q21,n13_same_d3_m4,6,2,f4,50,first,gauss,none,,,,,,geometry.json,,84,2002,,,,,,,,not_run_blocked,,pipeline_combination_unverified
Q22,n13_same_d3_m4,6,2,f4,1000,first,gauss,none,,,,,,geometry.json,,84,2002,,,,,,,,not_run_blocked,,pipeline_combination_unverified
Q23,n13_same_d3_m4,6,2,f4,50,first,bw,none,,,,,,geometry.json,,84,2002,,,,,,,,not_run_blocked,,pipeline_combination_unverified;relation_matrix_bw_adapter_unverified;relation_matrix_bw_unwired
Q24,n13_same_d3_m4,6,2,f4,1000,first,bw,none,,,,,,geometry.json,,84,2002,,,,,,,,not_run_blocked,,pipeline_combination_unverified;relation_matrix_bw_adapter_unverified;relation_matrix_bw_unwired
Q25,n13_same_d3_m4,6,2,f4,50,uniform,gauss,none,,,,,,geometry.json,,84,2002,,,,,,,,not_run_blocked,,collection_witness_policy_unwired;multi_witness_adapter_unverified;pipeline_combination_unverified
Q26,n13_same_d3_m4,6,2,f4,1000,uniform,gauss,none,,,,,,geometry.json,,84,2002,,,,,,,,not_run_blocked,,collection_witness_policy_unwired;multi_witness_adapter_unverified;pipeline_combination_unverified
Q27,n13_same_d3_m4,6,2,f4,50,uniform,bw,none,,,,,,geometry.json,,84,2002,,,,,,,,not_run_blocked,,collection_witness_policy_unwired;multi_witness_adapter_unverified;pipeline_combination_unverified;relation_matrix_bw_adapter_unverified;relation_matrix_bw_unwired
Q28,n13_same_d3_m4,6,2,f4,1000,uniform,bw,none,,,,,,geometry.json,,84,2002,,,,,,,,not_run_blocked,,collection_witness_policy_unwired;multi_witness_adapter_unverified;pipeline_combination_unverified;relation_matrix_bw_adapter_unverified;relation_matrix_bw_unwired
Q29,n13_same_d3_m4,6,2,f4,50,rankscan,gauss,none,,,,,,geometry.json,,84,2002,,,,,,,,not_run_blocked,,collection_witness_policy_unwired;multi_witness_adapter_unverified;pipeline_combination_unverified
Q30,n13_same_d3_m4,6,2,f4,1000,rankscan,gauss,none,,,,,,geometry.json,,84,2002,,,,,,,,not_run_blocked,,collection_witness_policy_unwired;multi_witness_adapter_unverified;pipeline_combination_unverified
Q31,n13_same_d3_m4,6,2,f4,50,rankscan,bw,none,,,,,,geometry.json,,84,2002,,,,,,,,not_run_blocked,,collection_witness_policy_unwired;multi_witness_adapter_unverified;pipeline_combination_unverified;relation_matrix_bw_adapter_unverified;relation_matrix_bw_unwired
Q32,n13_same_d3_m4,6,2,f4,1000,rankscan,bw,none,,,,,,geometry.json,,84,2002,,,,,,,,not_run_blocked,,collection_witness_policy_unwired;multi_witness_adapter_unverified;pipeline_combination_unverified;relation_matrix_bw_adapter_unverified;relation_matrix_bw_unwired
Q33,n13_same_d3_m4,6,2,f4,50,rankscan16,gauss,none,,,,,,geometry.json,,84,2002,,,,,,,,not_run_blocked,,collection_witness_policy_unwired;multi_witness_adapter_unverified;pipeline_combination_unverified
Q34,n13_same_d3_m4,6,2,f4,1000,rankscan16,gauss,none,,,,,,geometry.json,,84,2002,,,,,,,,not_run_blocked,,collection_witness_policy_unwired;multi_witness_adapter_unverified;pipeline_combination_unverified
Q35,n13_same_d3_m4,6,2,f4,50,rankscan16,bw,none,,,,,,geometry.json,,84,2002,,,,,,,,not_run_blocked,,collection_witness_policy_unwired;multi_witness_adapter_unverified;pipeline_combination_unverified;relation_matrix_bw_adapter_unverified;relation_matrix_bw_unwired
Q36,n13_same_d3_m4,6,2,f4,1000,rankscan16,bw,none,,,,,,geometry.json,,84,2002,,,,,,,,not_run_blocked,,collection_witness_policy_unwired;multi_witness_adapter_unverified;pipeline_combination_unverified;relation_matrix_bw_adapter_unverified;relation_matrix_bw_unwired
Q37,n13_same_d3_m4,6,2,f4,50,allnovel,gauss,none,,,,,,geometry.json,,84,2002,,,,,,,,not_run_blocked,,collection_witness_policy_unwired;multi_witness_adapter_unverified;pipeline_combination_unverified
Q38,n13_same_d3_m4,6,2,f4,1000,allnovel,gauss,none,,,,,,geometry.json,,84,2002,,,,,,,,not_run_blocked,,collection_witness_policy_unwired;multi_witness_adapter_unverified;pipeline_combination_unverified
Q39,n13_same_d3_m4,6,2,f4,50,allnovel,bw,none,,,,,,geometry.json,,84,2002,,,,,,,,not_run_blocked,,collection_witness_policy_unwired;multi_witness_adapter_unverified;pipeline_combination_unverified;relation_matrix_bw_adapter_unverified;relation_matrix_bw_unwired
Q40,n13_same_d3_m4,6,2,f4,1000,allnovel,bw,none,,,,,,geometry.json,,84,2002,,,,,,,,not_run_blocked,,collection_witness_policy_unwired;multi_witness_adapter_unverified;pipeline_combination_unverified;relation_matrix_bw_adapter_unverified;relation_matrix_bw_unwired
Q41,n13_same_d3_m4,6,2,f5b,50,first,gauss,none,,,,,,geometry.json,,84,2002,,,,,,,,not_run_blocked,,pipeline_combination_unverified
Q42,n13_same_d3_m4,6,2,f5b,1000,first,gauss,none,,,,,,geometry.json,,84,2002,,,,,,,,not_run_blocked,,pipeline_combination_unverified
Q43,n13_same_d3_m4,6,2,f5b,50,first,bw,none,,,,,,geometry.json,,84,2002,,,,,,,,not_run_blocked,,pipeline_combination_unverified;relation_matrix_bw_adapter_unverified;relation_matrix_bw_unwired
Q44,n13_same_d3_m4,6,2,f5b,1000,first,bw,none,,,,,,geometry.json,,84,2002,,,,,,,,not_run_blocked,,pipeline_combination_unverified;relation_matrix_bw_adapter_unverified;relation_matrix_bw_unwired
Q45,n13_same_d3_m4,6,2,f5b,50,uniform,gauss,none,,,,,,geometry.json,,84,2002,,,,,,,,not_run_blocked,,collection_witness_policy_unwired;multi_witness_adapter_unverified;pipeline_combination_unverified
Q46,n13_same_d3_m4,6,2,f5b,1000,uniform,gauss,none,,,,,,geometry.json,,84,2002,,,,,,,,not_run_blocked,,collection_witness_policy_unwired;multi_witness_adapter_unverified;pipeline_combination_unverified
Q47,n13_same_d3_m4,6,2,f5b,50,uniform,bw,none,,,,,,geometry.json,,84,2002,,,,,,,,not_run_blocked,,collection_witness_policy_unwired;multi_witness_adapter_unverified;pipeline_combination_unverified;relation_matrix_bw_adapter_unverified;relation_matrix_bw_unwired
Q48,n13_same_d3_m4,6,2,f5b,1000,uniform,bw,none,,,,,,geometry.json,,84,2002,,,,,,,,not_run_blocked,,collection_witness_policy_unwired;multi_witness_adapter_unverified;pipeline_combination_unverified;relation_matrix_bw_adapter_unverified;relation_matrix_bw_unwired
Q49,n13_same_d3_m4,6,2,f5b,50,rankscan,gauss,none,,,,,,geometry.json,,84,2002,,,,,,,,not_run_blocked,,collection_witness_policy_unwired;multi_witness_adapter_unverified;pipeline_combination_unverified
Q50,n13_same_d3_m4,6,2,f5b,1000,rankscan,gauss,none,,,,,,geometry.json,,84,2002,,,,,,,,not_run_blocked,,collection_witness_policy_unwired;multi_witness_adapter_unverified;pipeline_combination_unverified
Q51,n13_same_d3_m4,6,2,f5b,50,rankscan,bw,none,,,,,,geometry.json,,84,2002,,,,,,,,not_run_blocked,,collection_witness_policy_unwired;multi_witness_adapter_unverified;pipeline_combination_unverified;relation_matrix_bw_adapter_unverified;relation_matrix_bw_unwired
Q52,n13_same_d3_m4,6,2,f5b,1000,rankscan,bw,none,,,,,,geometry.json,,84,2002,,,,,,,,not_run_blocked,,collection_witness_policy_unwired;multi_witness_adapter_unverified;pipeline_combination_unverified;relation_matrix_bw_adapter_unverified;relation_matrix_bw_unwired
Q53,n13_same_d3_m4,6,2,f5b,50,rankscan16,gauss,none,,,,,,geometry.json,,84,2002,,,,,,,,not_run_blocked,,collection_witness_policy_unwired;multi_witness_adapter_unverified;pipeline_combination_unverified
Q54,n13_same_d3_m4,6,2,f5b,1000,rankscan16,gauss,none,,,,,,geometry.json,,84,2002,,,,,,,,not_run_blocked,,collection_witness_policy_unwired;multi_witness_adapter_unverified;pipeline_combination_unverified
Q55,n13_same_d3_m4,6,2,f5b,50,rankscan16,bw,none,,,,,,geometry.json,,84,2002,,,,,,,,not_run_blocked,,collection_witness_policy_unwired;multi_witness_adapter_unverified;pipeline_combination_unverified;relation_matrix_bw_adapter_unverified;relation_matrix_bw_unwired
Q56,n13_same_d3_m4,6,2,f5b,1000,rankscan16,bw,none,,,,,,geometry.json,,84,2002,,,,,,,,not_run_blocked,,collection_witness_policy_unwired;multi_witness_adapter_unverified;pipeline_combination_unverified;relation_matrix_bw_adapter_unverified;relation_matrix_bw_unwired
Q57,n13_same_d3_m4,6,2,f5b,50,allnovel,gauss,none,,,,,,geometry.json,,84,2002,,,,,,,,not_run_blocked,,collection_witness_policy_unwired;multi_witness_adapter_unverified;pipeline_combination_unverified
Q58,n13_same_d3_m4,6,2,f5b,1000,allnovel,gauss,none,,,,,,geometry.json,,84,2002,,,,,,,,not_run_blocked,,collection_witness_policy_unwired;multi_witness_adapter_unverified;pipeline_combination_unverified
Q59,n13_same_d3_m4,6,2,f5b,50,allnovel,bw,none,,,,,,geometry.json,,84,2002,,,,,,,,not_run_blocked,,collection_witness_policy_unwired;multi_witness_adapter_unverified;pipeline_combination_unverified;relation_matrix_bw_adapter_unverified;relation_matrix_bw_unwired
Q60,n13_same_d3_m4,6,2,f5b,1000,allnovel,bw,none,,,,,,geometry.json,,84,2002,,,,,,,,not_run_blocked,,collection_witness_policy_unwired;multi_witness_adapter_unverified;pipeline_combination_unverified;relation_matrix_bw_adapter_unverified;relation_matrix_bw_unwired
Q61,n13_same_d3_m4,6,2,f5m4ri,50,first,gauss,none,,,,,,geometry.json,,84,2002,,,,,,,,not_run_blocked,,pipeline_combination_unverified
Q62,n13_same_d3_m4,6,2,f5m4ri,1000,first,gauss,none,,,,,,geometry.json,,84,2002,,,,,,,,not_run_blocked,,pipeline_combination_unverified
Q63,n13_same_d3_m4,6,2,f5m4ri,50,first,bw,none,,,,,,geometry.json,,84,2002,,,,,,,,not_run_blocked,,pipeline_combination_unverified;relation_matrix_bw_adapter_unverified;relation_matrix_bw_unwired
Q64,n13_same_d3_m4,6,2,f5m4ri,1000,first,bw,none,,,,,,geometry.json,,84,2002,,,,,,,,not_run_blocked,,pipeline_combination_unverified;relation_matrix_bw_adapter_unverified;relation_matrix_bw_unwired
Q65,n13_same_d3_m4,6,2,f5m4ri,50,uniform,gauss,none,,,,,,geometry.json,,84,2002,,,,,,,,not_run_blocked,,collection_witness_policy_unwired;multi_witness_adapter_unverified;pipeline_combination_unverified
Q66,n13_same_d3_m4,6,2,f5m4ri,1000,uniform,gauss,none,,,,,,geometry.json,,84,2002,,,,,,,,not_run_blocked,,collection_witness_policy_unwired;multi_witness_adapter_unverified;pipeline_combination_unverified
Q67,n13_same_d3_m4,6,2,f5m4ri,50,uniform,bw,none,,,,,,geometry.json,,84,2002,,,,,,,,not_run_blocked,,collection_witness_policy_unwired;multi_witness_adapter_unverified;pipeline_combination_unverified;relation_matrix_bw_adapter_unverified;relation_matrix_bw_unwired
Q68,n13_same_d3_m4,6,2,f5m4ri,1000,uniform,bw,none,,,,,,geometry.json,,84,2002,,,,,,,,not_run_blocked,,collection_witness_policy_unwired;multi_witness_adapter_unverified;pipeline_combination_unverified;relation_matrix_bw_adapter_unverified;relation_matrix_bw_unwired
Q69,n13_same_d3_m4,6,2,f5m4ri,50,rankscan,gauss,none,,,,,,geometry.json,,84,2002,,,,,,,,not_run_blocked,,collection_witness_policy_unwired;multi_witness_adapter_unverified;pipeline_combination_unverified
Q70,n13_same_d3_m4,6,2,f5m4ri,1000,rankscan,gauss,none,,,,,,geometry.json,,84,2002,,,,,,,,not_run_blocked,,collection_witness_policy_unwired;multi_witness_adapter_unverified;pipeline_combination_unverified
Q71,n13_same_d3_m4,6,2,f5m4ri,50,rankscan,bw,none,,,,,,geometry.json,,84,2002,,,,,,,,not_run_blocked,,collection_witness_policy_unwired;multi_witness_adapter_unverified;pipeline_combination_unverified;relation_matrix_bw_adapter_unverified;relation_matrix_bw_unwired
Q72,n13_same_d3_m4,6,2,f5m4ri,1000,rankscan,bw,none,,,,,,geometry.json,,84,2002,,,,,,,,not_run_blocked,,collection_witness_policy_unwired;multi_witness_adapter_unverified;pipeline_combination_unverified;relation_matrix_bw_adapter_unverified;relation_matrix_bw_unwired
Q73,n13_same_d3_m4,6,2,f5m4ri,50,rankscan16,gauss,none,,,,,,geometry.json,,84,2002,,,,,,,,not_run_blocked,,collection_witness_policy_unwired;multi_witness_adapter_unverified;pipeline_combination_unverified
Q74,n13_same_d3_m4,6,2,f5m4ri,1000,rankscan16,gauss,none,,,,,,geometry.json,,84,2002,,,,,,,,not_run_blocked,,collection_witness_policy_unwired;multi_witness_adapter_unverified;pipeline_combination_unverified
Q75,n13_same_d3_m4,6,2,f5m4ri,50,rankscan16,bw,none,,,,,,geometry.json,,84,2002,,,,,,,,not_run_blocked,,collection_witness_policy_unwired;multi_witness_adapter_unverified;pipeline_combination_unverified;relation_matrix_bw_adapter_unverified;relation_matrix_bw_unwired
Q76,n13_same_d3_m4,6,2,f5m4ri,1000,rankscan16,bw,none,,,,,,geometry.json,,84,2002,,,,,,,,not_run_blocked,,collection_witness_policy_unwired;multi_witness_adapter_unverified;pipeline_combination_unverified;relation_matrix_bw_adapter_unverified;relation_matrix_bw_unwired
Q77,n13_same_d3_m4,6,2,f5m4ri,50,allnovel,gauss,none,,,,,,geometry.json,,84,2002,,,,,,,,not_run_blocked,,collection_witness_policy_unwired;multi_witness_adapter_unverified;pipeline_combination_unverified
Q78,n13_same_d3_m4,6,2,f5m4ri,1000,allnovel,gauss,none,,,,,,geometry.json,,84,2002,,,,,,,,not_run_blocked,,collection_witness_policy_unwired;multi_witness_adapter_unverified;pipeline_combination_unverified
Q79,n13_same_d3_m4,6,2,f5m4ri,50,allnovel,bw,none,,,,,,geometry.json,,84,2002,,,,,,,,not_run_blocked,,collection_witness_policy_unwired;multi_witness_adapter_unverified;pipeline_combination_unverified;relation_matrix_bw_adapter_unverified;relation_matrix_bw_unwired
Q80,n13_same_d3_m4,6,2,f5m4ri,1000,allnovel,bw,none,,,,,,geometry.json,,84,2002,,,,,,,,not_run_blocked,,collection_witness_policy_unwired;multi_witness_adapter_unverified;pipeline_combination_unverified;relation_matrix_bw_adapter_unverified;relation_matrix_bw_unwired
Q81,n13_same_d3_m4,6,2,polybori,50,first,gauss,none,,,,,,geometry.json,,84,2002,,,,,,,,not_run_blocked,,pipeline_combination_unverified
Q82,n13_same_d3_m4,6,2,polybori,1000,first,gauss,none,,,,,,geometry.json,,84,2002,,,,,,,,not_run_blocked,,pipeline_combination_unverified
Q83,n13_same_d3_m4,6,2,polybori,50,first,bw,none,,,,,,geometry.json,,84,2002,,,,,,,,not_run_blocked,,pipeline_combination_unverified;relation_matrix_bw_adapter_unverified;relation_matrix_bw_unwired
Q84,n13_same_d3_m4,6,2,polybori,1000,first,bw,none,,,,,,geometry.json,,84,2002,,,,,,,,not_run_blocked,,pipeline_combination_unverified;relation_matrix_bw_adapter_unverified;relation_matrix_bw_unwired
Q85,n13_same_d3_m4,6,2,polybori,50,uniform,gauss,none,,,,,,geometry.json,,84,2002,,,,,,,,not_run_blocked,,collection_witness_policy_unwired;multi_witness_adapter_unverified;pipeline_combination_unverified
Q86,n13_same_d3_m4,6,2,polybori,1000,uniform,gauss,none,,,,,,geometry.json,,84,2002,,,,,,,,not_run_blocked,,collection_witness_policy_unwired;multi_witness_adapter_unverified;pipeline_combination_unverified
Q87,n13_same_d3_m4,6,2,polybori,50,uniform,bw,none,,,,,,geometry.json,,84,2002,,,,,,,,not_run_blocked,,collection_witness_policy_unwired;multi_witness_adapter_unverified;pipeline_combination_unverified;relation_matrix_bw_adapter_unverified;relation_matrix_bw_unwired
Q88,n13_same_d3_m4,6,2,polybori,1000,uniform,bw,none,,,,,,geometry.json,,84,2002,,,,,,,,not_run_blocked,,collection_witness_policy_unwired;multi_witness_adapter_unverified;pipeline_combination_unverified;relation_matrix_bw_adapter_unverified;relation_matrix_bw_unwired
Q89,n13_same_d3_m4,6,2,polybori,50,rankscan,gauss,none,,,,,,geometry.json,,84,2002,,,,,,,,not_run_blocked,,collection_witness_policy_unwired;multi_witness_adapter_unverified;pipeline_combination_unverified
Q90,n13_same_d3_m4,6,2,polybori,1000,rankscan,gauss,none,,,,,,geometry.json,,84,2002,,,,,,,,not_run_blocked,,collection_witness_policy_unwired;multi_witness_adapter_unverified;pipeline_combination_unverified
Q91,n13_same_d3_m4,6,2,polybori,50,rankscan,bw,none,,,,,,geometry.json,,84,2002,,,,,,,,not_run_blocked,,collection_witness_policy_unwired;multi_witness_adapter_unverified;pipeline_combination_unverified;relation_matrix_bw_adapter_unverified;relation_matrix_bw_unwired
Q92,n13_same_d3_m4,6,2,polybori,1000,rankscan,bw,none,,,,,,geometry.json,,84,2002,,,,,,,,not_run_blocked,,collection_witness_policy_unwired;multi_witness_adapter_unverified;pipeline_combination_unverified;relation_matrix_bw_adapter_unverified;relation_matrix_bw_unwired
Q93,n13_same_d3_m4,6,2,polybori,50,rankscan16,gauss,none,,,,,,geometry.json,,84,2002,,,,,,,,not_run_blocked,,collection_witness_policy_unwired;multi_witness_adapter_unverified;pipeline_combination_unverified
Q94,n13_same_d3_m4,6,2,polybori,1000,rankscan16,gauss,none,,,,,,geometry.json,,84,2002,,,,,,,,not_run_blocked,,collection_witness_policy_unwired;multi_witness_adapter_unverified;pipeline_combination_unverified
Q95,n13_same_d3_m4,6,2,polybori,50,rankscan16,bw,none,,,,,,geometry.json,,84,2002,,,,,,,,not_run_blocked,,collection_witness_policy_unwired;multi_witness_adapter_unverified;pipeline_combination_unverified;relation_matrix_bw_adapter_unverified;relation_matrix_bw_unwired
Q96,n13_same_d3_m4,6,2,polybori,1000,rankscan16,bw,none,,,,,,geometry.json,,84,2002,,,,,,,,not_run_blocked,,collection_witness_policy_unwired;multi_witness_adapter_unverified;pipeline_combination_unverified;relation_matrix_bw_adapter_unverified;relation_matrix_bw_unwired
Q97,n13_same_d3_m4,6,2,polybori,50,allnovel,gauss,none,,,,,,geometry.json,,84,2002,,,,,,,,not_run_blocked,,collection_witness_policy_unwired;multi_witness_adapter_unverified;pipeline_combination_unverified
Q98,n13_same_d3_m4,6,2,polybori,1000,allnovel,gauss,none,,,,,,geometry.json,,84,2002,,,,,,,,not_run_blocked,,collection_witness_policy_unwired;multi_witness_adapter_unverified;pipeline_combination_unverified
Q99,n13_same_d3_m4,6,2,polybori,50,allnovel,bw,none,,,,,,geometry.json,,84,2002,,,,,,,,not_run_blocked,,collection_witness_policy_unwired;multi_witness_adapter_unverified;pipeline_combination_unverified;relation_matrix_bw_adapter_unverified;relation_matrix_bw_unwired
Q100,n13_same_d3_m4,6,2,polybori,1000,allnovel,bw,none,,,,,,geometry.json,,84,2002,,,,,,,,not_run_blocked,,collection_witness_policy_unwired;multi_witness_adapter_unverified;pipeline_combination_unverified;relation_matrix_bw_adapter_unverified;relation_matrix_bw_unwired
Q101,n19_shifted_d3_m5,30,2,sat,50,first,gauss,none,,,,,,geometry.json,,7560,130872,,,,,,,,not_run_blocked,,pipeline_combination_unverified
Q102,n19_shifted_d3_m5,30,2,sat,1000,first,gauss,none,,,,,,geometry.json,,7560,130872,,,,,,,,not_run_blocked,,pipeline_combination_unverified
Q103,n19_shifted_d3_m5,30,2,sat,50,first,bw,none,,,,,,geometry.json,,7560,130872,,,,,,,,not_run_blocked,,pipeline_combination_unverified;relation_matrix_bw_adapter_unverified;relation_matrix_bw_unwired
Q104,n19_shifted_d3_m5,30,2,sat,1000,first,bw,none,,,,,,geometry.json,,7560,130872,,,,,,,,not_run_blocked,,pipeline_combination_unverified;relation_matrix_bw_adapter_unverified;relation_matrix_bw_unwired
Q105,n19_shifted_d3_m5,30,2,sat,50,uniform,gauss,none,,,,,,geometry.json,,7560,130872,,,,,,,,not_run_blocked,,collection_witness_policy_unwired;multi_witness_adapter_unverified;pipeline_combination_unverified
Q106,n19_shifted_d3_m5,30,2,sat,1000,uniform,gauss,none,,,,,,geometry.json,,7560,130872,,,,,,,,not_run_blocked,,collection_witness_policy_unwired;multi_witness_adapter_unverified;pipeline_combination_unverified
Q107,n19_shifted_d3_m5,30,2,sat,50,uniform,bw,none,,,,,,geometry.json,,7560,130872,,,,,,,,not_run_blocked,,collection_witness_policy_unwired;multi_witness_adapter_unverified;pipeline_combination_unverified;relation_matrix_bw_adapter_unverified;relation_matrix_bw_unwired
Q108,n19_shifted_d3_m5,30,2,sat,1000,uniform,bw,none,,,,,,geometry.json,,7560,130872,,,,,,,,not_run_blocked,,collection_witness_policy_unwired;multi_witness_adapter_unverified;pipeline_combination_unverified;relation_matrix_bw_adapter_unverified;relation_matrix_bw_unwired
Q109,n19_shifted_d3_m5,30,2,sat,50,rankscan,gauss,none,,,,,,geometry.json,,7560,130872,,,,,,,,not_run_blocked,,collection_witness_policy_unwired;multi_witness_adapter_unverified;pipeline_combination_unverified
Q110,n19_shifted_d3_m5,30,2,sat,1000,rankscan,gauss,none,,,,,,geometry.json,,7560,130872,,,,,,,,not_run_blocked,,collection_witness_policy_unwired;multi_witness_adapter_unverified;pipeline_combination_unverified
Q111,n19_shifted_d3_m5,30,2,sat,50,rankscan,bw,none,,,,,,geometry.json,,7560,130872,,,,,,,,not_run_blocked,,collection_witness_policy_unwired;multi_witness_adapter_unverified;pipeline_combination_unverified;relation_matrix_bw_adapter_unverified;relation_matrix_bw_unwired
Q112,n19_shifted_d3_m5,30,2,sat,1000,rankscan,bw,none,,,,,,geometry.json,,7560,130872,,,,,,,,not_run_blocked,,collection_witness_policy_unwired;multi_witness_adapter_unverified;pipeline_combination_unverified;relation_matrix_bw_adapter_unverified;relation_matrix_bw_unwired
Q113,n19_shifted_d3_m5,30,2,sat,50,rankscan16,gauss,none,,,,,,geometry.json,,7560,130872,,,,,,,,not_run_blocked,,collection_witness_policy_unwired;multi_witness_adapter_unverified;pipeline_combination_unverified
Q114,n19_shifted_d3_m5,30,2,sat,1000,rankscan16,gauss,none,,,,,,geometry.json,,7560,130872,,,,,,,,not_run_blocked,,collection_witness_policy_unwired;multi_witness_adapter_unverified;pipeline_combination_unverified
Q115,n19_shifted_d3_m5,30,2,sat,50,rankscan16,bw,none,,,,,,geometry.json,,7560,130872,,,,,,,,not_run_blocked,,collection_witness_policy_unwired;multi_witness_adapter_unverified;pipeline_combination_unverified;relation_matrix_bw_adapter_unverified;relation_matrix_bw_unwired
Q116,n19_shifted_d3_m5,30,2,sat,1000,rankscan16,bw,none,,,,,,geometry.json,,7560,130872,,,,,,,,not_run_blocked,,collection_witness_policy_unwired;multi_witness_adapter_unverified;pipeline_combination_unverified;relation_matrix_bw_adapter_unverified;relation_matrix_bw_unwired
Q117,n19_shifted_d3_m5,30,2,sat,50,allnovel,gauss,none,,,,,,geometry.json,,7560,130872,,,,,,,,not_run_blocked,,collection_witness_policy_unwired;multi_witness_adapter_unverified;pipeline_combination_unverified
Q118,n19_shifted_d3_m5,30,2,sat,1000,allnovel,gauss,none,,,,,,geometry.json,,7560,130872,,,,,,,,not_run_blocked,,collection_witness_policy_unwired;multi_witness_adapter_unverified;pipeline_combination_unverified
Q119,n19_shifted_d3_m5,30,2,sat,50,allnovel,bw,none,,,,,,geometry.json,,7560,130872,,,,,,,,not_run_blocked,,collection_witness_policy_unwired;multi_witness_adapter_unverified;pipeline_combination_unverified;relation_matrix_bw_adapter_unverified;relation_matrix_bw_unwired
Q120,n19_shifted_d3_m5,30,2,sat,1000,allnovel,bw,none,,,,,,geometry.json,,7560,130872,,,,,,,,not_run_blocked,,collection_witness_policy_unwired;multi_witness_adapter_unverified;pipeline_combination_unverified;relation_matrix_bw_adapter_unverified;relation_matrix_bw_unwired
Q121,n19_shifted_d3_m5,30,2,f4,50,first,gauss,none,,,,,,geometry.json,,7560,130872,,,,,,,,not_run_blocked,,pipeline_combination_unverified
Q122,n19_shifted_d3_m5,30,2,f4,1000,first,gauss,none,,,,,,geometry.json,,7560,130872,,,,,,,,not_run_blocked,,pipeline_combination_unverified
Q123,n19_shifted_d3_m5,30,2,f4,50,first,bw,none,,,,,,geometry.json,,7560,130872,,,,,,,,not_run_blocked,,pipeline_combination_unverified;relation_matrix_bw_adapter_unverified;relation_matrix_bw_unwired
Q124,n19_shifted_d3_m5,30,2,f4,1000,first,bw,none,,,,,,geometry.json,,7560,130872,,,,,,,,not_run_blocked,,pipeline_combination_unverified;relation_matrix_bw_adapter_unverified;relation_matrix_bw_unwired
Q125,n19_shifted_d3_m5,30,2,f4,50,uniform,gauss,none,,,,,,geometry.json,,7560,130872,,,,,,,,not_run_blocked,,collection_witness_policy_unwired;multi_witness_adapter_unverified;pipeline_combination_unverified
Q126,n19_shifted_d3_m5,30,2,f4,1000,uniform,gauss,none,,,,,,geometry.json,,7560,130872,,,,,,,,not_run_blocked,,collection_witness_policy_unwired;multi_witness_adapter_unverified;pipeline_combination_unverified
Q127,n19_shifted_d3_m5,30,2,f4,50,uniform,bw,none,,,,,,geometry.json,,7560,130872,,,,,,,,not_run_blocked,,collection_witness_policy_unwired;multi_witness_adapter_unverified;pipeline_combination_unverified;relation_matrix_bw_adapter_unverified;relation_matrix_bw_unwired
Q128,n19_shifted_d3_m5,30,2,f4,1000,uniform,bw,none,,,,,,geometry.json,,7560,130872,,,,,,,,not_run_blocked,,collection_witness_policy_unwired;multi_witness_adapter_unverified;pipeline_combination_unverified;relation_matrix_bw_adapter_unverified;relation_matrix_bw_unwired
Q129,n19_shifted_d3_m5,30,2,f4,50,rankscan,gauss,none,,,,,,geometry.json,,7560,130872,,,,,,,,not_run_blocked,,collection_witness_policy_unwired;multi_witness_adapter_unverified;pipeline_combination_unverified
Q130,n19_shifted_d3_m5,30,2,f4,1000,rankscan,gauss,none,,,,,,geometry.json,,7560,130872,,,,,,,,not_run_blocked,,collection_witness_policy_unwired;multi_witness_adapter_unverified;pipeline_combination_unverified
Q131,n19_shifted_d3_m5,30,2,f4,50,rankscan,bw,none,,,,,,geometry.json,,7560,130872,,,,,,,,not_run_blocked,,collection_witness_policy_unwired;multi_witness_adapter_unverified;pipeline_combination_unverified;relation_matrix_bw_adapter_unverified;relation_matrix_bw_unwired
Q132,n19_shifted_d3_m5,30,2,f4,1000,rankscan,bw,none,,,,,,geometry.json,,7560,130872,,,,,,,,not_run_blocked,,collection_witness_policy_unwired;multi_witness_adapter_unverified;pipeline_combination_unverified;relation_matrix_bw_adapter_unverified;relation_matrix_bw_unwired
Q133,n19_shifted_d3_m5,30,2,f4,50,rankscan16,gauss,none,,,,,,geometry.json,,7560,130872,,,,,,,,not_run_blocked,,collection_witness_policy_unwired;multi_witness_adapter_unverified;pipeline_combination_unverified
Q134,n19_shifted_d3_m5,30,2,f4,1000,rankscan16,gauss,none,,,,,,geometry.json,,7560,130872,,,,,,,,not_run_blocked,,collection_witness_policy_unwired;multi_witness_adapter_unverified;pipeline_combination_unverified
Q135,n19_shifted_d3_m5,30,2,f4,50,rankscan16,bw,none,,,,,,geometry.json,,7560,130872,,,,,,,,not_run_blocked,,collection_witness_policy_unwired;multi_witness_adapter_unverified;pipeline_combination_unverified;relation_matrix_bw_adapter_unverified;relation_matrix_bw_unwired
Q136,n19_shifted_d3_m5,30,2,f4,1000,rankscan16,bw,none,,,,,,geometry.json,,7560,130872,,,,,,,,not_run_blocked,,collection_witness_policy_unwired;multi_witness_adapter_unverified;pipeline_combination_unverified;relation_matrix_bw_adapter_unverified;relation_matrix_bw_unwired
Q137,n19_shifted_d3_m5,30,2,f4,50,allnovel,gauss,none,,,,,,geometry.json,,7560,130872,,,,,,,,not_run_blocked,,collection_witness_policy_unwired;multi_witness_adapter_unverified;pipeline_combination_unverified
Q138,n19_shifted_d3_m5,30,2,f4,1000,allnovel,gauss,none,,,,,,geometry.json,,7560,130872,,,,,,,,not_run_blocked,,collection_witness_policy_unwired;multi_witness_adapter_unverified;pipeline_combination_unverified
Q139,n19_shifted_d3_m5,30,2,f4,50,allnovel,bw,none,,,,,,geometry.json,,7560,130872,,,,,,,,not_run_blocked,,collection_witness_policy_unwired;multi_witness_adapter_unverified;pipeline_combination_unverified;relation_matrix_bw_adapter_unverified;relation_matrix_bw_unwired
Q140,n19_shifted_d3_m5,30,2,f4,1000,allnovel,bw,none,,,,,,geometry.json,,7560,130872,,,,,,,,not_run_blocked,,collection_witness_policy_unwired;multi_witness_adapter_unverified;pipeline_combination_unverified;relation_matrix_bw_adapter_unverified;relation_matrix_bw_unwired
Q141,n19_shifted_d3_m5,30,2,f5b,50,first,gauss,none,,,,,,geometry.json,,7560,130872,,,,,,,,not_run_blocked,,pipeline_combination_unverified
Q142,n19_shifted_d3_m5,30,2,f5b,1000,first,gauss,none,,,,,,geometry.json,,7560,130872,,,,,,,,not_run_blocked,,pipeline_combination_unverified
Q143,n19_shifted_d3_m5,30,2,f5b,50,first,bw,none,,,,,,geometry.json,,7560,130872,,,,,,,,not_run_blocked,,pipeline_combination_unverified;relation_matrix_bw_adapter_unverified;relation_matrix_bw_unwired
Q144,n19_shifted_d3_m5,30,2,f5b,1000,first,bw,none,,,,,,geometry.json,,7560,130872,,,,,,,,not_run_blocked,,pipeline_combination_unverified;relation_matrix_bw_adapter_unverified;relation_matrix_bw_unwired
Q145,n19_shifted_d3_m5,30,2,f5b,50,uniform,gauss,none,,,,,,geometry.json,,7560,130872,,,,,,,,not_run_blocked,,collection_witness_policy_unwired;multi_witness_adapter_unverified;pipeline_combination_unverified
Q146,n19_shifted_d3_m5,30,2,f5b,1000,uniform,gauss,none,,,,,,geometry.json,,7560,130872,,,,,,,,not_run_blocked,,collection_witness_policy_unwired;multi_witness_adapter_unverified;pipeline_combination_unverified
Q147,n19_shifted_d3_m5,30,2,f5b,50,uniform,bw,none,,,,,,geometry.json,,7560,130872,,,,,,,,not_run_blocked,,collection_witness_policy_unwired;multi_witness_adapter_unverified;pipeline_combination_unverified;relation_matrix_bw_adapter_unverified;relation_matrix_bw_unwired
Q148,n19_shifted_d3_m5,30,2,f5b,1000,uniform,bw,none,,,,,,geometry.json,,7560,130872,,,,,,,,not_run_blocked,,collection_witness_policy_unwired;multi_witness_adapter_unverified;pipeline_combination_unverified;relation_matrix_bw_adapter_unverified;relation_matrix_bw_unwired
Q149,n19_shifted_d3_m5,30,2,f5b,50,rankscan,gauss,none,,,,,,geometry.json,,7560,130872,,,,,,,,not_run_blocked,,collection_witness_policy_unwired;multi_witness_adapter_unverified;pipeline_combination_unverified
Q150,n19_shifted_d3_m5,30,2,f5b,1000,rankscan,gauss,none,,,,,,geometry.json,,7560,130872,,,,,,,,not_run_blocked,,collection_witness_policy_unwired;multi_witness_adapter_unverified;pipeline_combination_unverified
Q151,n19_shifted_d3_m5,30,2,f5b,50,rankscan,bw,none,,,,,,geometry.json,,7560,130872,,,,,,,,not_run_blocked,,collection_witness_policy_unwired;multi_witness_adapter_unverified;pipeline_combination_unverified;relation_matrix_bw_adapter_unverified;relation_matrix_bw_unwired
Q152,n19_shifted_d3_m5,30,2,f5b,1000,rankscan,bw,none,,,,,,geometry.json,,7560,130872,,,,,,,,not_run_blocked,,collection_witness_policy_unwired;multi_witness_adapter_unverified;pipeline_combination_unverified;relation_matrix_bw_adapter_unverified;relation_matrix_bw_unwired
Q153,n19_shifted_d3_m5,30,2,f5b,50,rankscan16,gauss,none,,,,,,geometry.json,,7560,130872,,,,,,,,not_run_blocked,,collection_witness_policy_unwired;multi_witness_adapter_unverified;pipeline_combination_unverified
Q154,n19_shifted_d3_m5,30,2,f5b,1000,rankscan16,gauss,none,,,,,,geometry.json,,7560,130872,,,,,,,,not_run_blocked,,collection_witness_policy_unwired;multi_witness_adapter_unverified;pipeline_combination_unverified
Q155,n19_shifted_d3_m5,30,2,f5b,50,rankscan16,bw,none,,,,,,geometry.json,,7560,130872,,,,,,,,not_run_blocked,,collection_witness_policy_unwired;multi_witness_adapter_unverified;pipeline_combination_unverified;relation_matrix_bw_adapter_unverified;relation_matrix_bw_unwired
Q156,n19_shifted_d3_m5,30,2,f5b,1000,rankscan16,bw,none,,,,,,geometry.json,,7560,130872,,,,,,,,not_run_blocked,,collection_witness_policy_unwired;multi_witness_adapter_unverified;pipeline_combination_unverified;relation_matrix_bw_adapter_unverified;relation_matrix_bw_unwired
Q157,n19_shifted_d3_m5,30,2,f5b,50,allnovel,gauss,none,,,,,,geometry.json,,7560,130872,,,,,,,,not_run_blocked,,collection_witness_policy_unwired;multi_witness_adapter_unverified;pipeline_combination_unverified
Q158,n19_shifted_d3_m5,30,2,f5b,1000,allnovel,gauss,none,,,,,,geometry.json,,7560,130872,,,,,,,,not_run_blocked,,collection_witness_policy_unwired;multi_witness_adapter_unverified;pipeline_combination_unverified
Q159,n19_shifted_d3_m5,30,2,f5b,50,allnovel,bw,none,,,,,,geometry.json,,7560,130872,,,,,,,,not_run_blocked,,collection_witness_policy_unwired;multi_witness_adapter_unverified;pipeline_combination_unverified;relation_matrix_bw_adapter_unverified;relation_matrix_bw_unwired
Q160,n19_shifted_d3_m5,30,2,f5b,1000,allnovel,bw,none,,,,,,geometry.json,,7560,130872,,,,,,,,not_run_blocked,,collection_witness_policy_unwired;multi_witness_adapter_unverified;pipeline_combination_unverified;relation_matrix_bw_adapter_unverified;relation_matrix_bw_unwired
Q161,n19_shifted_d3_m5,30,2,f5m4ri,50,first,gauss,none,,,,,,geometry.json,,7560,130872,,,,,,,,not_run_blocked,,pipeline_combination_unverified
Q162,n19_shifted_d3_m5,30,2,f5m4ri,1000,first,gauss,none,,,,,,geometry.json,,7560,130872,,,,,,,,not_run_blocked,,pipeline_combination_unverified
Q163,n19_shifted_d3_m5,30,2,f5m4ri,50,first,bw,none,,,,,,geometry.json,,7560,130872,,,,,,,,not_run_blocked,,pipeline_combination_unverified;relation_matrix_bw_adapter_unverified;relation_matrix_bw_unwired
Q164,n19_shifted_d3_m5,30,2,f5m4ri,1000,first,bw,none,,,,,,geometry.json,,7560,130872,,,,,,,,not_run_blocked,,pipeline_combination_unverified;relation_matrix_bw_adapter_unverified;relation_matrix_bw_unwired
Q165,n19_shifted_d3_m5,30,2,f5m4ri,50,uniform,gauss,none,,,,,,geometry.json,,7560,130872,,,,,,,,not_run_blocked,,collection_witness_policy_unwired;multi_witness_adapter_unverified;pipeline_combination_unverified
Q166,n19_shifted_d3_m5,30,2,f5m4ri,1000,uniform,gauss,none,,,,,,geometry.json,,7560,130872,,,,,,,,not_run_blocked,,collection_witness_policy_unwired;multi_witness_adapter_unverified;pipeline_combination_unverified
Q167,n19_shifted_d3_m5,30,2,f5m4ri,50,uniform,bw,none,,,,,,geometry.json,,7560,130872,,,,,,,,not_run_blocked,,collection_witness_policy_unwired;multi_witness_adapter_unverified;pipeline_combination_unverified;relation_matrix_bw_adapter_unverified;relation_matrix_bw_unwired
Q168,n19_shifted_d3_m5,30,2,f5m4ri,1000,uniform,bw,none,,,,,,geometry.json,,7560,130872,,,,,,,,not_run_blocked,,collection_witness_policy_unwired;multi_witness_adapter_unverified;pipeline_combination_unverified;relation_matrix_bw_adapter_unverified;relation_matrix_bw_unwired
Q169,n19_shifted_d3_m5,30,2,f5m4ri,50,rankscan,gauss,none,,,,,,geometry.json,,7560,130872,,,,,,,,not_run_blocked,,collection_witness_policy_unwired;multi_witness_adapter_unverified;pipeline_combination_unverified
Q170,n19_shifted_d3_m5,30,2,f5m4ri,1000,rankscan,gauss,none,,,,,,geometry.json,,7560,130872,,,,,,,,not_run_blocked,,collection_witness_policy_unwired;multi_witness_adapter_unverified;pipeline_combination_unverified
Q171,n19_shifted_d3_m5,30,2,f5m4ri,50,rankscan,bw,none,,,,,,geometry.json,,7560,130872,,,,,,,,not_run_blocked,,collection_witness_policy_unwired;multi_witness_adapter_unverified;pipeline_combination_unverified;relation_matrix_bw_adapter_unverified;relation_matrix_bw_unwired
Q172,n19_shifted_d3_m5,30,2,f5m4ri,1000,rankscan,bw,none,,,,,,geometry.json,,7560,130872,,,,,,,,not_run_blocked,,collection_witness_policy_unwired;multi_witness_adapter_unverified;pipeline_combination_unverified;relation_matrix_bw_adapter_unverified;relation_matrix_bw_unwired
Q173,n19_shifted_d3_m5,30,2,f5m4ri,50,rankscan16,gauss,none,,,,,,geometry.json,,7560,130872,,,,,,,,not_run_blocked,,collection_witness_policy_unwired;multi_witness_adapter_unverified;pipeline_combination_unverified
Q174,n19_shifted_d3_m5,30,2,f5m4ri,1000,rankscan16,gauss,none,,,,,,geometry.json,,7560,130872,,,,,,,,not_run_blocked,,collection_witness_policy_unwired;multi_witness_adapter_unverified;pipeline_combination_unverified
Q175,n19_shifted_d3_m5,30,2,f5m4ri,50,rankscan16,bw,none,,,,,,geometry.json,,7560,130872,,,,,,,,not_run_blocked,,collection_witness_policy_unwired;multi_witness_adapter_unverified;pipeline_combination_unverified;relation_matrix_bw_adapter_unverified;relation_matrix_bw_unwired
Q176,n19_shifted_d3_m5,30,2,f5m4ri,1000,rankscan16,bw,none,,,,,,geometry.json,,7560,130872,,,,,,,,not_run_blocked,,collection_witness_policy_unwired;multi_witness_adapter_unverified;pipeline_combination_unverified;relation_matrix_bw_adapter_unverified;relation_matrix_bw_unwired
Q177,n19_shifted_d3_m5,30,2,f5m4ri,50,allnovel,gauss,none,,,,,,geometry.json,,7560,130872,,,,,,,,not_run_blocked,,collection_witness_policy_unwired;multi_witness_adapter_unverified;pipeline_combination_unverified
Q178,n19_shifted_d3_m5,30,2,f5m4ri,1000,allnovel,gauss,none,,,,,,geometry.json,,7560,130872,,,,,,,,not_run_blocked,,collection_witness_policy_unwired;multi_witness_adapter_unverified;pipeline_combination_unverified
Q179,n19_shifted_d3_m5,30,2,f5m4ri,50,allnovel,bw,none,,,,,,geometry.json,,7560,130872,,,,,,,,not_run_blocked,,collection_witness_policy_unwired;multi_witness_adapter_unverified;pipeline_combination_unverified;relation_matrix_bw_adapter_unverified;relation_matrix_bw_unwired
Q180,n19_shifted_d3_m5,30,2,f5m4ri,1000,allnovel,bw,none,,,,,,geometry.json,,7560,130872,,,,,,,,not_run_blocked,,collection_witness_policy_unwired;multi_witness_adapter_unverified;pipeline_combination_unverified;relation_matrix_bw_adapter_unverified;relation_matrix_bw_unwired
Q181,n19_shifted_d3_m5,30,2,polybori,50,first,gauss,none,,,,,,geometry.json,,7560,130872,,,,,,,,not_run_blocked,,pipeline_combination_unverified
Q182,n19_shifted_d3_m5,30,2,polybori,1000,first,gauss,none,,,,,,geometry.json,,7560,130872,,,,,,,,not_run_blocked,,pipeline_combination_unverified
Q183,n19_shifted_d3_m5,30,2,polybori,50,first,bw,none,,,,,,geometry.json,,7560,130872,,,,,,,,not_run_blocked,,pipeline_combination_unverified;relation_matrix_bw_adapter_unverified;relation_matrix_bw_unwired
Q184,n19_shifted_d3_m5,30,2,polybori,1000,first,bw,none,,,,,,geometry.json,,7560,130872,,,,,,,,not_run_blocked,,pipeline_combination_unverified;relation_matrix_bw_adapter_unverified;relation_matrix_bw_unwired
Q185,n19_shifted_d3_m5,30,2,polybori,50,uniform,gauss,none,,,,,,geometry.json,,7560,130872,,,,,,,,not_run_blocked,,collection_witness_policy_unwired;multi_witness_adapter_unverified;pipeline_combination_unverified
Q186,n19_shifted_d3_m5,30,2,polybori,1000,uniform,gauss,none,,,,,,geometry.json,,7560,130872,,,,,,,,not_run_blocked,,collection_witness_policy_unwired;multi_witness_adapter_unverified;pipeline_combination_unverified
Q187,n19_shifted_d3_m5,30,2,polybori,50,uniform,bw,none,,,,,,geometry.json,,7560,130872,,,,,,,,not_run_blocked,,collection_witness_policy_unwired;multi_witness_adapter_unverified;pipeline_combination_unverified;relation_matrix_bw_adapter_unverified;relation_matrix_bw_unwired
Q188,n19_shifted_d3_m5,30,2,polybori,1000,uniform,bw,none,,,,,,geometry.json,,7560,130872,,,,,,,,not_run_blocked,,collection_witness_policy_unwired;multi_witness_adapter_unverified;pipeline_combination_unverified;relation_matrix_bw_adapter_unverified;relation_matrix_bw_unwired
Q189,n19_shifted_d3_m5,30,2,polybori,50,rankscan,gauss,none,,,,,,geometry.json,,7560,130872,,,,,,,,not_run_blocked,,collection_witness_policy_unwired;multi_witness_adapter_unverified;pipeline_combination_unverified
Q190,n19_shifted_d3_m5,30,2,polybori,1000,rankscan,gauss,none,,,,,,geometry.json,,7560,130872,,,,,,,,not_run_blocked,,collection_witness_policy_unwired;multi_witness_adapter_unverified;pipeline_combination_unverified
Q191,n19_shifted_d3_m5,30,2,polybori,50,rankscan,bw,none,,,,,,geometry.json,,7560,130872,,,,,,,,not_run_blocked,,collection_witness_policy_unwired;multi_witness_adapter_unverified;pipeline_combination_unverified;relation_matrix_bw_adapter_unverified;relation_matrix_bw_unwired
Q192,n19_shifted_d3_m5,30,2,polybori,1000,rankscan,bw,none,,,,,,geometry.json,,7560,130872,,,,,,,,not_run_blocked,,collection_witness_policy_unwired;multi_witness_adapter_unverified;pipeline_combination_unverified;relation_matrix_bw_adapter_unverified;relation_matrix_bw_unwired
Q193,n19_shifted_d3_m5,30,2,polybori,50,rankscan16,gauss,none,,,,,,geometry.json,,7560,130872,,,,,,,,not_run_blocked,,collection_witness_policy_unwired;multi_witness_adapter_unverified;pipeline_combination_unverified
Q194,n19_shifted_d3_m5,30,2,polybori,1000,rankscan16,gauss,none,,,,,,geometry.json,,7560,130872,,,,,,,,not_run_blocked,,collection_witness_policy_unwired;multi_witness_adapter_unverified;pipeline_combination_unverified
Q195,n19_shifted_d3_m5,30,2,polybori,50,rankscan16,bw,none,,,,,,geometry.json,,7560,130872,,,,,,,,not_run_blocked,,collection_witness_policy_unwired;multi_witness_adapter_unverified;pipeline_combination_unverified;relation_matrix_bw_adapter_unverified;relation_matrix_bw_unwired
Q196,n19_shifted_d3_m5,30,2,polybori,1000,rankscan16,bw,none,,,,,,geometry.json,,7560,130872,,,,,,,,not_run_blocked,,collection_witness_policy_unwired;multi_witness_adapter_unverified;pipeline_combination_unverified;relation_matrix_bw_adapter_unverified;relation_matrix_bw_unwired
Q197,n19_shifted_d3_m5,30,2,polybori,50,allnovel,gauss,none,,,,,,geometry.json,,7560,130872,,,,,,,,not_run_blocked,,collection_witness_policy_unwired;multi_witness_adapter_unverified;pipeline_combination_unverified
Q198,n19_shifted_d3_m5,30,2,polybori,1000,allnovel,gauss,none,,,,,,geometry.json,,7560,130872,,,,,,,,not_run_blocked,,collection_witness_policy_unwired;multi_witness_adapter_unverified;pipeline_combination_unverified
Q199,n19_shifted_d3_m5,30,2,polybori,50,allnovel,bw,none,,,,,,geometry.json,,7560,130872,,,,,,,,not_run_blocked,,collection_witness_policy_unwired;multi_witness_adapter_unverified;pipeline_combination_unverified;relation_matrix_bw_adapter_unverified;relation_matrix_bw_unwired
Q200,n19_shifted_d3_m5,30,2,polybori,1000,allnovel,bw,none,,,,,,geometry.json,,7560,130872,,,,,,,,not_run_blocked,,collection_witness_policy_unwired;multi_witness_adapter_unverified;pipeline_combination_unverified;relation_matrix_bw_adapter_unverified;relation_matrix_bw_unwired
Q201,n53_retained_m5,23320,220,sat,50,first,gauss,none,n53_prior_receipt.json,,,,,,,,,,,,,,,,not_run_blocked,,pipeline_combination_unverified
Q202,n53_retained_m5,23320,220,sat,1000,first,gauss,none,n53_prior_receipt.json,,,,,,,,,,,,,,,,not_run_blocked,,pipeline_combination_unverified
Q203,n53_retained_m5,23320,220,sat,50,first,bw,none,n53_prior_receipt.json,,,,,,,,,,,,,,,,not_run_blocked,,pipeline_combination_unverified;relation_matrix_bw_adapter_unverified;relation_matrix_bw_unwired
Q204,n53_retained_m5,23320,220,sat,1000,first,bw,none,n53_prior_receipt.json,,,,,,,,,,,,,,,,not_run_blocked,,pipeline_combination_unverified;relation_matrix_bw_adapter_unverified;relation_matrix_bw_unwired
Q205,n53_retained_m5,23320,220,sat,50,uniform,gauss,none,n53_prior_receipt.json,,,,,,,,,,,,,,,,not_run_blocked,,collection_witness_policy_unwired;multi_witness_adapter_unverified;pipeline_combination_unverified
Q206,n53_retained_m5,23320,220,sat,1000,uniform,gauss,none,n53_prior_receipt.json,,,,,,,,,,,,,,,,not_run_blocked,,collection_witness_policy_unwired;multi_witness_adapter_unverified;pipeline_combination_unverified
Q207,n53_retained_m5,23320,220,sat,50,uniform,bw,none,n53_prior_receipt.json,,,,,,,,,,,,,,,,not_run_blocked,,collection_witness_policy_unwired;multi_witness_adapter_unverified;pipeline_combination_unverified;relation_matrix_bw_adapter_unverified;relation_matrix_bw_unwired
Q208,n53_retained_m5,23320,220,sat,1000,uniform,bw,none,n53_prior_receipt.json,,,,,,,,,,,,,,,,not_run_blocked,,collection_witness_policy_unwired;multi_witness_adapter_unverified;pipeline_combination_unverified;relation_matrix_bw_adapter_unverified;relation_matrix_bw_unwired
Q209,n53_retained_m5,23320,220,sat,50,rankscan,gauss,none,n53_prior_receipt.json,,,,,,,,,,,,,,,,not_run_blocked,,collection_witness_policy_unwired;multi_witness_adapter_unverified;pipeline_combination_unverified
Q210,n53_retained_m5,23320,220,sat,1000,rankscan,gauss,none,n53_prior_receipt.json,,,,,,,,,,,,,,,,not_run_blocked,,collection_witness_policy_unwired;multi_witness_adapter_unverified;pipeline_combination_unverified
Q211,n53_retained_m5,23320,220,sat,50,rankscan,bw,none,n53_prior_receipt.json,,,,,,,,,,,,,,,,not_run_blocked,,collection_witness_policy_unwired;multi_witness_adapter_unverified;pipeline_combination_unverified;relation_matrix_bw_adapter_unverified;relation_matrix_bw_unwired
Q212,n53_retained_m5,23320,220,sat,1000,rankscan,bw,none,n53_prior_receipt.json,,,,,,,,,,,,,,,,not_run_blocked,,collection_witness_policy_unwired;multi_witness_adapter_unverified;pipeline_combination_unverified;relation_matrix_bw_adapter_unverified;relation_matrix_bw_unwired
Q213,n53_retained_m5,23320,220,sat,50,rankscan16,gauss,none,n53_prior_receipt.json,,,,,,,,,,,,,,,,not_run_blocked,,collection_witness_policy_unwired;multi_witness_adapter_unverified;pipeline_combination_unverified
Q214,n53_retained_m5,23320,220,sat,1000,rankscan16,gauss,none,n53_prior_receipt.json,,,,,,,,,,,,,,,,not_run_blocked,,collection_witness_policy_unwired;multi_witness_adapter_unverified;pipeline_combination_unverified
Q215,n53_retained_m5,23320,220,sat,50,rankscan16,bw,none,n53_prior_receipt.json,,,,,,,,,,,,,,,,not_run_blocked,,collection_witness_policy_unwired;multi_witness_adapter_unverified;pipeline_combination_unverified;relation_matrix_bw_adapter_unverified;relation_matrix_bw_unwired
Q216,n53_retained_m5,23320,220,sat,1000,rankscan16,bw,none,n53_prior_receipt.json,,,,,,,,,,,,,,,,not_run_blocked,,collection_witness_policy_unwired;multi_witness_adapter_unverified;pipeline_combination_unverified;relation_matrix_bw_adapter_unverified;relation_matrix_bw_unwired
Q217,n53_retained_m5,23320,220,sat,50,allnovel,gauss,none,n53_prior_receipt.json,,,,,,,,,,,,,,,,not_run_blocked,,collection_witness_policy_unwired;multi_witness_adapter_unverified;pipeline_combination_unverified
Q218,n53_retained_m5,23320,220,sat,1000,allnovel,gauss,none,n53_prior_receipt.json,,,,,,,,,,,,,,,,not_run_blocked,,collection_witness_policy_unwired;multi_witness_adapter_unverified;pipeline_combination_unverified
Q219,n53_retained_m5,23320,220,sat,50,allnovel,bw,none,n53_prior_receipt.json,,,,,,,,,,,,,,,,not_run_blocked,,collection_witness_policy_unwired;multi_witness_adapter_unverified;pipeline_combination_unverified;relation_matrix_bw_adapter_unverified;relation_matrix_bw_unwired
Q220,n53_retained_m5,23320,220,sat,1000,allnovel,bw,none,n53_prior_receipt.json,,,,,,,,,,,,,,,,not_run_blocked,,collection_witness_policy_unwired;multi_witness_adapter_unverified;pipeline_combination_unverified;relation_matrix_bw_adapter_unverified;relation_matrix_bw_unwired
Q221,n53_retained_m5,23320,220,f4,50,first,gauss,none,n53_prior_receipt.json,,,,,,,,,,,,,,,,not_run_blocked,,pipeline_combination_unverified
Q222,n53_retained_m5,23320,220,f4,1000,first,gauss,none,n53_prior_receipt.json,,,,,,,,,,,,,,,,not_run_blocked,,pipeline_combination_unverified
Q223,n53_retained_m5,23320,220,f4,50,first,bw,none,n53_prior_receipt.json,,,,,,,,,,,,,,,,not_run_blocked,,pipeline_combination_unverified;relation_matrix_bw_adapter_unverified;relation_matrix_bw_unwired
Q224,n53_retained_m5,23320,220,f4,1000,first,bw,none,n53_prior_receipt.json,,,,,,,,,,,,,,,,not_run_blocked,,pipeline_combination_unverified;relation_matrix_bw_adapter_unverified;relation_matrix_bw_unwired
Q225,n53_retained_m5,23320,220,f4,50,uniform,gauss,none,n53_prior_receipt.json,,,,,,,,,,,,,,,,not_run_blocked,,collection_witness_policy_unwired;multi_witness_adapter_unverified;pipeline_combination_unverified
Q226,n53_retained_m5,23320,220,f4,1000,uniform,gauss,none,n53_prior_receipt.json,,,,,,,,,,,,,,,,not_run_blocked,,collection_witness_policy_unwired;multi_witness_adapter_unverified;pipeline_combination_unverified
Q227,n53_retained_m5,23320,220,f4,50,uniform,bw,none,n53_prior_receipt.json,,,,,,,,,,,,,,,,not_run_blocked,,collection_witness_policy_unwired;multi_witness_adapter_unverified;pipeline_combination_unverified;relation_matrix_bw_adapter_unverified;relation_matrix_bw_unwired
Q228,n53_retained_m5,23320,220,f4,1000,uniform,bw,none,n53_prior_receipt.json,,,,,,,,,,,,,,,,not_run_blocked,,collection_witness_policy_unwired;multi_witness_adapter_unverified;pipeline_combination_unverified;relation_matrix_bw_adapter_unverified;relation_matrix_bw_unwired
Q229,n53_retained_m5,23320,220,f4,50,rankscan,gauss,none,n53_prior_receipt.json,,,,,,,,,,,,,,,,not_run_blocked,,collection_witness_policy_unwired;multi_witness_adapter_unverified;pipeline_combination_unverified
Q230,n53_retained_m5,23320,220,f4,1000,rankscan,gauss,none,n53_prior_receipt.json,,,,,,,,,,,,,,,,not_run_blocked,,collection_witness_policy_unwired;multi_witness_adapter_unverified;pipeline_combination_unverified
Q231,n53_retained_m5,23320,220,f4,50,rankscan,bw,none,n53_prior_receipt.json,,,,,,,,,,,,,,,,not_run_blocked,,collection_witness_policy_unwired;multi_witness_adapter_unverified;pipeline_combination_unverified;relation_matrix_bw_adapter_unverified;relation_matrix_bw_unwired
Q232,n53_retained_m5,23320,220,f4,1000,rankscan,bw,none,n53_prior_receipt.json,,,,,,,,,,,,,,,,not_run_blocked,,collection_witness_policy_unwired;multi_witness_adapter_unverified;pipeline_combination_unverified;relation_matrix_bw_adapter_unverified;relation_matrix_bw_unwired
Q233,n53_retained_m5,23320,220,f4,50,rankscan16,gauss,none,n53_prior_receipt.json,,,,,,,,,,,,,,,,not_run_blocked,,collection_witness_policy_unwired;multi_witness_adapter_unverified;pipeline_combination_unverified
Q234,n53_retained_m5,23320,220,f4,1000,rankscan16,gauss,none,n53_prior_receipt.json,,,,,,,,,,,,,,,,not_run_blocked,,collection_witness_policy_unwired;multi_witness_adapter_unverified;pipeline_combination_unverified
Q235,n53_retained_m5,23320,220,f4,50,rankscan16,bw,none,n53_prior_receipt.json,,,,,,,,,,,,,,,,not_run_blocked,,collection_witness_policy_unwired;multi_witness_adapter_unverified;pipeline_combination_unverified;relation_matrix_bw_adapter_unverified;relation_matrix_bw_unwired
Q236,n53_retained_m5,23320,220,f4,1000,rankscan16,bw,none,n53_prior_receipt.json,,,,,,,,,,,,,,,,not_run_blocked,,collection_witness_policy_unwired;multi_witness_adapter_unverified;pipeline_combination_unverified;relation_matrix_bw_adapter_unverified;relation_matrix_bw_unwired
Q237,n53_retained_m5,23320,220,f4,50,allnovel,gauss,none,n53_prior_receipt.json,,,,,,,,,,,,,,,,not_run_blocked,,collection_witness_policy_unwired;multi_witness_adapter_unverified;pipeline_combination_unverified
Q238,n53_retained_m5,23320,220,f4,1000,allnovel,gauss,none,n53_prior_receipt.json,,,,,,,,,,,,,,,,not_run_blocked,,collection_witness_policy_unwired;multi_witness_adapter_unverified;pipeline_combination_unverified
Q239,n53_retained_m5,23320,220,f4,50,allnovel,bw,none,n53_prior_receipt.json,,,,,,,,,,,,,,,,not_run_blocked,,collection_witness_policy_unwired;multi_witness_adapter_unverified;pipeline_combination_unverified;relation_matrix_bw_adapter_unverified;relation_matrix_bw_unwired
Q240,n53_retained_m5,23320,220,f4,1000,allnovel,bw,none,n53_prior_receipt.json,,,,,,,,,,,,,,,,not_run_blocked,,collection_witness_policy_unwired;multi_witness_adapter_unverified;pipeline_combination_unverified;relation_matrix_bw_adapter_unverified;relation_matrix_bw_unwired
Q241,n53_retained_m5,23320,220,f5b,50,first,gauss,none,n53_prior_receipt.json,,,,,,,,,,,,,,,,not_run_blocked,,pipeline_combination_unverified
Q242,n53_retained_m5,23320,220,f5b,1000,first,gauss,none,n53_prior_receipt.json,,,,,,,,,,,,,,,,not_run_blocked,,pipeline_combination_unverified
Q243,n53_retained_m5,23320,220,f5b,50,first,bw,none,n53_prior_receipt.json,,,,,,,,,,,,,,,,not_run_blocked,,pipeline_combination_unverified;relation_matrix_bw_adapter_unverified;relation_matrix_bw_unwired
Q244,n53_retained_m5,23320,220,f5b,1000,first,bw,none,n53_prior_receipt.json,,,,,,,,,,,,,,,,not_run_blocked,,pipeline_combination_unverified;relation_matrix_bw_adapter_unverified;relation_matrix_bw_unwired
Q245,n53_retained_m5,23320,220,f5b,50,uniform,gauss,none,n53_prior_receipt.json,,,,,,,,,,,,,,,,not_run_blocked,,collection_witness_policy_unwired;multi_witness_adapter_unverified;pipeline_combination_unverified
Q246,n53_retained_m5,23320,220,f5b,1000,uniform,gauss,none,n53_prior_receipt.json,,,,,,,,,,,,,,,,not_run_blocked,,collection_witness_policy_unwired;multi_witness_adapter_unverified;pipeline_combination_unverified
Q247,n53_retained_m5,23320,220,f5b,50,uniform,bw,none,n53_prior_receipt.json,,,,,,,,,,,,,,,,not_run_blocked,,collection_witness_policy_unwired;multi_witness_adapter_unverified;pipeline_combination_unverified;relation_matrix_bw_adapter_unverified;relation_matrix_bw_unwired
Q248,n53_retained_m5,23320,220,f5b,1000,uniform,bw,none,n53_prior_receipt.json,,,,,,,,,,,,,,,,not_run_blocked,,collection_witness_policy_unwired;multi_witness_adapter_unverified;pipeline_combination_unverified;relation_matrix_bw_adapter_unverified;relation_matrix_bw_unwired
Q249,n53_retained_m5,23320,220,f5b,50,rankscan,gauss,none,n53_prior_receipt.json,,,,,,,,,,,,,,,,not_run_blocked,,collection_witness_policy_unwired;multi_witness_adapter_unverified;pipeline_combination_unverified
Q250,n53_retained_m5,23320,220,f5b,1000,rankscan,gauss,none,n53_prior_receipt.json,,,,,,,,,,,,,,,,not_run_blocked,,collection_witness_policy_unwired;multi_witness_adapter_unverified;pipeline_combination_unverified
Q251,n53_retained_m5,23320,220,f5b,50,rankscan,bw,none,n53_prior_receipt.json,,,,,,,,,,,,,,,,not_run_blocked,,collection_witness_policy_unwired;multi_witness_adapter_unverified;pipeline_combination_unverified;relation_matrix_bw_adapter_unverified;relation_matrix_bw_unwired
Q252,n53_retained_m5,23320,220,f5b,1000,rankscan,bw,none,n53_prior_receipt.json,,,,,,,,,,,,,,,,not_run_blocked,,collection_witness_policy_unwired;multi_witness_adapter_unverified;pipeline_combination_unverified;relation_matrix_bw_adapter_unverified;relation_matrix_bw_unwired
Q253,n53_retained_m5,23320,220,f5b,50,rankscan16,gauss,none,n53_prior_receipt.json,,,,,,,,,,,,,,,,not_run_blocked,,collection_witness_policy_unwired;multi_witness_adapter_unverified;pipeline_combination_unverified
Q254,n53_retained_m5,23320,220,f5b,1000,rankscan16,gauss,none,n53_prior_receipt.json,,,,,,,,,,,,,,,,not_run_blocked,,collection_witness_policy_unwired;multi_witness_adapter_unverified;pipeline_combination_unverified
Q255,n53_retained_m5,23320,220,f5b,50,rankscan16,bw,none,n53_prior_receipt.json,,,,,,,,,,,,,,,,not_run_blocked,,collection_witness_policy_unwired;multi_witness_adapter_unverified;pipeline_combination_unverified;relation_matrix_bw_adapter_unverified;relation_matrix_bw_unwired
Q256,n53_retained_m5,23320,220,f5b,1000,rankscan16,bw,none,n53_prior_receipt.json,,,,,,,,,,,,,,,,not_run_blocked,,collection_witness_policy_unwired;multi_witness_adapter_unverified;pipeline_combination_unverified;relation_matrix_bw_adapter_unverified;relation_matrix_bw_unwired
Q257,n53_retained_m5,23320,220,f5b,50,allnovel,gauss,none,n53_prior_receipt.json,,,,,,,,,,,,,,,,not_run_blocked,,collection_witness_policy_unwired;multi_witness_adapter_unverified;pipeline_combination_unverified
Q258,n53_retained_m5,23320,220,f5b,1000,allnovel,gauss,none,n53_prior_receipt.json,,,,,,,,,,,,,,,,not_run_blocked,,collection_witness_policy_unwired;multi_witness_adapter_unverified;pipeline_combination_unverified
Q259,n53_retained_m5,23320,220,f5b,50,allnovel,bw,none,n53_prior_receipt.json,,,,,,,,,,,,,,,,not_run_blocked,,collection_witness_policy_unwired;multi_witness_adapter_unverified;pipeline_combination_unverified;relation_matrix_bw_adapter_unverified;relation_matrix_bw_unwired
Q260,n53_retained_m5,23320,220,f5b,1000,allnovel,bw,none,n53_prior_receipt.json,,,,,,,,,,,,,,,,not_run_blocked,,collection_witness_policy_unwired;multi_witness_adapter_unverified;pipeline_combination_unverified;relation_matrix_bw_adapter_unverified;relation_matrix_bw_unwired
Q261,n53_retained_m5,23320,220,f5m4ri,50,first,gauss,none,n53_prior_receipt.json,,,,,,,,,,,,,,,,not_run_blocked,,pipeline_combination_unverified
Q262,n53_retained_m5,23320,220,f5m4ri,1000,first,gauss,none,n53_prior_receipt.json,,,,,,,,,,,,,,,,not_run_blocked,,pipeline_combination_unverified
Q263,n53_retained_m5,23320,220,f5m4ri,50,first,bw,none,n53_prior_receipt.json,,,,,,,,,,,,,,,,not_run_blocked,,pipeline_combination_unverified;relation_matrix_bw_adapter_unverified;relation_matrix_bw_unwired
Q264,n53_retained_m5,23320,220,f5m4ri,1000,first,bw,none,n53_prior_receipt.json,,,,,,,,,,,,,,,,not_run_blocked,,pipeline_combination_unverified;relation_matrix_bw_adapter_unverified;relation_matrix_bw_unwired
Q265,n53_retained_m5,23320,220,f5m4ri,50,uniform,gauss,none,n53_prior_receipt.json,,,,,,,,,,,,,,,,not_run_blocked,,collection_witness_policy_unwired;multi_witness_adapter_unverified;pipeline_combination_unverified
Q266,n53_retained_m5,23320,220,f5m4ri,1000,uniform,gauss,none,n53_prior_receipt.json,,,,,,,,,,,,,,,,not_run_blocked,,collection_witness_policy_unwired;multi_witness_adapter_unverified;pipeline_combination_unverified
Q267,n53_retained_m5,23320,220,f5m4ri,50,uniform,bw,none,n53_prior_receipt.json,,,,,,,,,,,,,,,,not_run_blocked,,collection_witness_policy_unwired;multi_witness_adapter_unverified;pipeline_combination_unverified;relation_matrix_bw_adapter_unverified;relation_matrix_bw_unwired
Q268,n53_retained_m5,23320,220,f5m4ri,1000,uniform,bw,none,n53_prior_receipt.json,,,,,,,,,,,,,,,,not_run_blocked,,collection_witness_policy_unwired;multi_witness_adapter_unverified;pipeline_combination_unverified;relation_matrix_bw_adapter_unverified;relation_matrix_bw_unwired
Q269,n53_retained_m5,23320,220,f5m4ri,50,rankscan,gauss,none,n53_prior_receipt.json,,,,,,,,,,,,,,,,not_run_blocked,,collection_witness_policy_unwired;multi_witness_adapter_unverified;pipeline_combination_unverified
Q270,n53_retained_m5,23320,220,f5m4ri,1000,rankscan,gauss,none,n53_prior_receipt.json,,,,,,,,,,,,,,,,not_run_blocked,,collection_witness_policy_unwired;multi_witness_adapter_unverified;pipeline_combination_unverified
Q271,n53_retained_m5,23320,220,f5m4ri,50,rankscan,bw,none,n53_prior_receipt.json,,,,,,,,,,,,,,,,not_run_blocked,,collection_witness_policy_unwired;multi_witness_adapter_unverified;pipeline_combination_unverified;relation_matrix_bw_adapter_unverified;relation_matrix_bw_unwired
Q272,n53_retained_m5,23320,220,f5m4ri,1000,rankscan,bw,none,n53_prior_receipt.json,,,,,,,,,,,,,,,,not_run_blocked,,collection_witness_policy_unwired;multi_witness_adapter_unverified;pipeline_combination_unverified;relation_matrix_bw_adapter_unverified;relation_matrix_bw_unwired
Q273,n53_retained_m5,23320,220,f5m4ri,50,rankscan16,gauss,none,n53_prior_receipt.json,,,,,,,,,,,,,,,,not_run_blocked,,collection_witness_policy_unwired;multi_witness_adapter_unverified;pipeline_combination_unverified
Q274,n53_retained_m5,23320,220,f5m4ri,1000,rankscan16,gauss,none,n53_prior_receipt.json,,,,,,,,,,,,,,,,not_run_blocked,,collection_witness_policy_unwired;multi_witness_adapter_unverified;pipeline_combination_unverified
Q275,n53_retained_m5,23320,220,f5m4ri,50,rankscan16,bw,none,n53_prior_receipt.json,,,,,,,,,,,,,,,,not_run_blocked,,collection_witness_policy_unwired;multi_witness_adapter_unverified;pipeline_combination_unverified;relation_matrix_bw_adapter_unverified;relation_matrix_bw_unwired
Q276,n53_retained_m5,23320,220,f5m4ri,1000,rankscan16,bw,none,n53_prior_receipt.json,,,,,,,,,,,,,,,,not_run_blocked,,collection_witness_policy_unwired;multi_witness_adapter_unverified;pipeline_combination_unverified;relation_matrix_bw_adapter_unverified;relation_matrix_bw_unwired
Q277,n53_retained_m5,23320,220,f5m4ri,50,allnovel,gauss,none,n53_prior_receipt.json,,,,,,,,,,,,,,,,not_run_blocked,,collection_witness_policy_unwired;multi_witness_adapter_unverified;pipeline_combination_unverified
Q278,n53_retained_m5,23320,220,f5m4ri,1000,allnovel,gauss,none,n53_prior_receipt.json,,,,,,,,,,,,,,,,not_run_blocked,,collection_witness_policy_unwired;multi_witness_adapter_unverified;pipeline_combination_unverified
Q279,n53_retained_m5,23320,220,f5m4ri,50,allnovel,bw,none,n53_prior_receipt.json,,,,,,,,,,,,,,,,not_run_blocked,,collection_witness_policy_unwired;multi_witness_adapter_unverified;pipeline_combination_unverified;relation_matrix_bw_adapter_unverified;relation_matrix_bw_unwired
Q280,n53_retained_m5,23320,220,f5m4ri,1000,allnovel,bw,none,n53_prior_receipt.json,,,,,,,,,,,,,,,,not_run_blocked,,collection_witness_policy_unwired;multi_witness_adapter_unverified;pipeline_combination_unverified;relation_matrix_bw_adapter_unverified;relation_matrix_bw_unwired
Q281,n53_retained_m5,23320,220,polybori,50,first,gauss,none,n53_prior_receipt.json,,,,,,,,,,,,,,,,not_run_blocked,,pipeline_combination_unverified
Q282,n53_retained_m5,23320,220,polybori,1000,first,gauss,none,n53_prior_receipt.json,,,,,,,,,,,,,,,,not_run_blocked,,pipeline_combination_unverified
Q283,n53_retained_m5,23320,220,polybori,50,first,bw,none,n53_prior_receipt.json,,,,,,,,,,,,,,,,not_run_blocked,,pipeline_combination_unverified;relation_matrix_bw_adapter_unverified;relation_matrix_bw_unwired
Q284,n53_retained_m5,23320,220,polybori,1000,first,bw,none,n53_prior_receipt.json,,,,,,,,,,,,,,,,not_run_blocked,,pipeline_combination_unverified;relation_matrix_bw_adapter_unverified;relation_matrix_bw_unwired
Q285,n53_retained_m5,23320,220,polybori,50,uniform,gauss,none,n53_prior_receipt.json,,,,,,,,,,,,,,,,not_run_blocked,,collection_witness_policy_unwired;multi_witness_adapter_unverified;pipeline_combination_unverified
Q286,n53_retained_m5,23320,220,polybori,1000,uniform,gauss,none,n53_prior_receipt.json,,,,,,,,,,,,,,,,not_run_blocked,,collection_witness_policy_unwired;multi_witness_adapter_unverified;pipeline_combination_unverified
Q287,n53_retained_m5,23320,220,polybori,50,uniform,bw,none,n53_prior_receipt.json,,,,,,,,,,,,,,,,not_run_blocked,,collection_witness_policy_unwired;multi_witness_adapter_unverified;pipeline_combination_unverified;relation_matrix_bw_adapter_unverified;relation_matrix_bw_unwired
Q288,n53_retained_m5,23320,220,polybori,1000,uniform,bw,none,n53_prior_receipt.json,,,,,,,,,,,,,,,,not_run_blocked,,collection_witness_policy_unwired;multi_witness_adapter_unverified;pipeline_combination_unverified;relation_matrix_bw_adapter_unverified;relation_matrix_bw_unwired
Q289,n53_retained_m5,23320,220,polybori,50,rankscan,gauss,none,n53_prior_receipt.json,,,,,,,,,,,,,,,,not_run_blocked,,collection_witness_policy_unwired;multi_witness_adapter_unverified;pipeline_combination_unverified
Q290,n53_retained_m5,23320,220,polybori,1000,rankscan,gauss,none,n53_prior_receipt.json,,,,,,,,,,,,,,,,not_run_blocked,,collection_witness_policy_unwired;multi_witness_adapter_unverified;pipeline_combination_unverified
Q291,n53_retained_m5,23320,220,polybori,50,rankscan,bw,none,n53_prior_receipt.json,,,,,,,,,,,,,,,,not_run_blocked,,collection_witness_policy_unwired;multi_witness_adapter_unverified;pipeline_combination_unverified;relation_matrix_bw_adapter_unverified;relation_matrix_bw_unwired
Q292,n53_retained_m5,23320,220,polybori,1000,rankscan,bw,none,n53_prior_receipt.json,,,,,,,,,,,,,,,,not_run_blocked,,collection_witness_policy_unwired;multi_witness_adapter_unverified;pipeline_combination_unverified;relation_matrix_bw_adapter_unverified;relation_matrix_bw_unwired
Q293,n53_retained_m5,23320,220,polybori,50,rankscan16,gauss,none,n53_prior_receipt.json,,,,,,,,,,,,,,,,not_run_blocked,,collection_witness_policy_unwired;multi_witness_adapter_unverified;pipeline_combination_unverified
Q294,n53_retained_m5,23320,220,polybori,1000,rankscan16,gauss,none,n53_prior_receipt.json,,,,,,,,,,,,,,,,not_run_blocked,,collection_witness_policy_unwired;multi_witness_adapter_unverified;pipeline_combination_unverified
Q295,n53_retained_m5,23320,220,polybori,50,rankscan16,bw,none,n53_prior_receipt.json,,,,,,,,,,,,,,,,not_run_blocked,,collection_witness_policy_unwired;multi_witness_adapter_unverified;pipeline_combination_unverified;relation_matrix_bw_adapter_unverified;relation_matrix_bw_unwired
Q296,n53_retained_m5,23320,220,polybori,1000,rankscan16,bw,none,n53_prior_receipt.json,,,,,,,,,,,,,,,,not_run_blocked,,collection_witness_policy_unwired;multi_witness_adapter_unverified;pipeline_combination_unverified;relation_matrix_bw_adapter_unverified;relation_matrix_bw_unwired
Q297,n53_retained_m5,23320,220,polybori,50,allnovel,gauss,none,n53_prior_receipt.json,,,,,,,,,,,,,,,,not_run_blocked,,collection_witness_policy_unwired;multi_witness_adapter_unverified;pipeline_combination_unverified
Q298,n53_retained_m5,23320,220,polybori,1000,allnovel,gauss,none,n53_prior_receipt.json,,,,,,,,,,,,,,,,not_run_blocked,,collection_witness_policy_unwired;multi_witness_adapter_unverified;pipeline_combination_unverified
Q299,n53_retained_m5,23320,220,polybori,50,allnovel,bw,none,n53_prior_receipt.json,,,,,,,,,,,,,,,,not_run_blocked,,collection_witness_policy_unwired;multi_witness_adapter_unverified;pipeline_combination_unverified;relation_matrix_bw_adapter_unverified;relation_matrix_bw_unwired
Q300,n53_retained_m5,23320,220,polybori,1000,allnovel,bw,none,n53_prior_receipt.json,,,,,,,,,,,,,,,,not_run_blocked,,collection_witness_policy_unwired;multi_witness_adapter_unverified;pipeline_combination_unverified;relation_matrix_bw_adapter_unverified;relation_matrix_bw_unwired
Q301,n131_poly_d7_m4,26,26,sat,50,first,gauss,none,,,,,,n131_poly_d7_exact_support.json,,19604,680564733841876926932320129493409985128,,,,,,,,not_run_blocked,,pipeline_combination_unverified
Q302,n131_poly_d7_m4,26,26,sat,1000,first,gauss,none,,,,,,n131_poly_d7_exact_support.json,,19604,680564733841876926932320129493409985128,,,,,,,,not_run_blocked,,pipeline_combination_unverified
Q303,n131_poly_d7_m4,26,26,sat,50,first,bw,none,,,,,,n131_poly_d7_exact_support.json,,19604,680564733841876926932320129493409985128,,,,,,,,not_run_blocked,,pipeline_combination_unverified;relation_matrix_bw_adapter_unverified;relation_matrix_bw_unwired
Q304,n131_poly_d7_m4,26,26,sat,1000,first,bw,none,,,,,,n131_poly_d7_exact_support.json,,19604,680564733841876926932320129493409985128,,,,,,,,not_run_blocked,,pipeline_combination_unverified;relation_matrix_bw_adapter_unverified;relation_matrix_bw_unwired
Q305,n131_poly_d7_m4,26,26,sat,50,uniform,gauss,none,,,,,,n131_poly_d7_exact_support.json,,19604,680564733841876926932320129493409985128,,,,,,,,not_run_blocked,,collection_witness_policy_unwired;multi_witness_adapter_unverified;pipeline_combination_unverified
Q306,n131_poly_d7_m4,26,26,sat,1000,uniform,gauss,none,,,,,,n131_poly_d7_exact_support.json,,19604,680564733841876926932320129493409985128,,,,,,,,not_run_blocked,,collection_witness_policy_unwired;multi_witness_adapter_unverified;pipeline_combination_unverified
Q307,n131_poly_d7_m4,26,26,sat,50,uniform,bw,none,,,,,,n131_poly_d7_exact_support.json,,19604,680564733841876926932320129493409985128,,,,,,,,not_run_blocked,,collection_witness_policy_unwired;multi_witness_adapter_unverified;pipeline_combination_unverified;relation_matrix_bw_adapter_unverified;relation_matrix_bw_unwired
Q308,n131_poly_d7_m4,26,26,sat,1000,uniform,bw,none,,,,,,n131_poly_d7_exact_support.json,,19604,680564733841876926932320129493409985128,,,,,,,,not_run_blocked,,collection_witness_policy_unwired;multi_witness_adapter_unverified;pipeline_combination_unverified;relation_matrix_bw_adapter_unverified;relation_matrix_bw_unwired
Q309,n131_poly_d7_m4,26,26,sat,50,rankscan,gauss,none,,,,,,n131_poly_d7_exact_support.json,,19604,680564733841876926932320129493409985128,,,,,,,,not_run_blocked,,collection_witness_policy_unwired;multi_witness_adapter_unverified;pipeline_combination_unverified
Q310,n131_poly_d7_m4,26,26,sat,1000,rankscan,gauss,none,,,,,,n131_poly_d7_exact_support.json,,19604,680564733841876926932320129493409985128,,,,,,,,not_run_blocked,,collection_witness_policy_unwired;multi_witness_adapter_unverified;pipeline_combination_unverified
Q311,n131_poly_d7_m4,26,26,sat,50,rankscan,bw,none,,,,,,n131_poly_d7_exact_support.json,,19604,680564733841876926932320129493409985128,,,,,,,,not_run_blocked,,collection_witness_policy_unwired;multi_witness_adapter_unverified;pipeline_combination_unverified;relation_matrix_bw_adapter_unverified;relation_matrix_bw_unwired
Q312,n131_poly_d7_m4,26,26,sat,1000,rankscan,bw,none,,,,,,n131_poly_d7_exact_support.json,,19604,680564733841876926932320129493409985128,,,,,,,,not_run_blocked,,collection_witness_policy_unwired;multi_witness_adapter_unverified;pipeline_combination_unverified;relation_matrix_bw_adapter_unverified;relation_matrix_bw_unwired
Q313,n131_poly_d7_m4,26,26,sat,50,rankscan16,gauss,none,,,,,,n131_poly_d7_exact_support.json,,19604,680564733841876926932320129493409985128,,,,,,,,not_run_blocked,,collection_witness_policy_unwired;multi_witness_adapter_unverified;pipeline_combination_unverified
Q314,n131_poly_d7_m4,26,26,sat,1000,rankscan16,gauss,none,,,,,,n131_poly_d7_exact_support.json,,19604,680564733841876926932320129493409985128,,,,,,,,not_run_blocked,,collection_witness_policy_unwired;multi_witness_adapter_unverified;pipeline_combination_unverified
Q315,n131_poly_d7_m4,26,26,sat,50,rankscan16,bw,none,,,,,,n131_poly_d7_exact_support.json,,19604,680564733841876926932320129493409985128,,,,,,,,not_run_blocked,,collection_witness_policy_unwired;multi_witness_adapter_unverified;pipeline_combination_unverified;relation_matrix_bw_adapter_unverified;relation_matrix_bw_unwired
Q316,n131_poly_d7_m4,26,26,sat,1000,rankscan16,bw,none,,,,,,n131_poly_d7_exact_support.json,,19604,680564733841876926932320129493409985128,,,,,,,,not_run_blocked,,collection_witness_policy_unwired;multi_witness_adapter_unverified;pipeline_combination_unverified;relation_matrix_bw_adapter_unverified;relation_matrix_bw_unwired
Q317,n131_poly_d7_m4,26,26,sat,50,allnovel,gauss,none,,,,,,n131_poly_d7_exact_support.json,,19604,680564733841876926932320129493409985128,,,,,,,,not_run_blocked,,collection_witness_policy_unwired;multi_witness_adapter_unverified;pipeline_combination_unverified
Q318,n131_poly_d7_m4,26,26,sat,1000,allnovel,gauss,none,,,,,,n131_poly_d7_exact_support.json,,19604,680564733841876926932320129493409985128,,,,,,,,not_run_blocked,,collection_witness_policy_unwired;multi_witness_adapter_unverified;pipeline_combination_unverified
Q319,n131_poly_d7_m4,26,26,sat,50,allnovel,bw,none,,,,,,n131_poly_d7_exact_support.json,,19604,680564733841876926932320129493409985128,,,,,,,,not_run_blocked,,collection_witness_policy_unwired;multi_witness_adapter_unverified;pipeline_combination_unverified;relation_matrix_bw_adapter_unverified;relation_matrix_bw_unwired
Q320,n131_poly_d7_m4,26,26,sat,1000,allnovel,bw,none,,,,,,n131_poly_d7_exact_support.json,,19604,680564733841876926932320129493409985128,,,,,,,,not_run_blocked,,collection_witness_policy_unwired;multi_witness_adapter_unverified;pipeline_combination_unverified;relation_matrix_bw_adapter_unverified;relation_matrix_bw_unwired
Q321,n131_poly_d7_m4,26,26,f4,50,first,gauss,none,,,,,,n131_poly_d7_exact_support.json,,19604,680564733841876926932320129493409985128,,,,,,,,not_run_blocked,,pipeline_combination_unverified
Q322,n131_poly_d7_m4,26,26,f4,1000,first,gauss,none,,,,,,n131_poly_d7_exact_support.json,,19604,680564733841876926932320129493409985128,,,,,,,,not_run_blocked,,pipeline_combination_unverified
Q323,n131_poly_d7_m4,26,26,f4,50,first,bw,none,,,,,,n131_poly_d7_exact_support.json,,19604,680564733841876926932320129493409985128,,,,,,,,not_run_blocked,,pipeline_combination_unverified;relation_matrix_bw_adapter_unverified;relation_matrix_bw_unwired
Q324,n131_poly_d7_m4,26,26,f4,1000,first,bw,none,,,,,,n131_poly_d7_exact_support.json,,19604,680564733841876926932320129493409985128,,,,,,,,not_run_blocked,,pipeline_combination_unverified;relation_matrix_bw_adapter_unverified;relation_matrix_bw_unwired
Q325,n131_poly_d7_m4,26,26,f4,50,uniform,gauss,none,,,,,,n131_poly_d7_exact_support.json,,19604,680564733841876926932320129493409985128,,,,,,,,not_run_blocked,,collection_witness_policy_unwired;multi_witness_adapter_unverified;pipeline_combination_unverified
Q326,n131_poly_d7_m4,26,26,f4,1000,uniform,gauss,none,,,,,,n131_poly_d7_exact_support.json,,19604,680564733841876926932320129493409985128,,,,,,,,not_run_blocked,,collection_witness_policy_unwired;multi_witness_adapter_unverified;pipeline_combination_unverified
Q327,n131_poly_d7_m4,26,26,f4,50,uniform,bw,none,,,,,,n131_poly_d7_exact_support.json,,19604,680564733841876926932320129493409985128,,,,,,,,not_run_blocked,,collection_witness_policy_unwired;multi_witness_adapter_unverified;pipeline_combination_unverified;relation_matrix_bw_adapter_unverified;relation_matrix_bw_unwired
Q328,n131_poly_d7_m4,26,26,f4,1000,uniform,bw,none,,,,,,n131_poly_d7_exact_support.json,,19604,680564733841876926932320129493409985128,,,,,,,,not_run_blocked,,collection_witness_policy_unwired;multi_witness_adapter_unverified;pipeline_combination_unverified;relation_matrix_bw_adapter_unverified;relation_matrix_bw_unwired
Q329,n131_poly_d7_m4,26,26,f4,50,rankscan,gauss,none,,,,,,n131_poly_d7_exact_support.json,,19604,680564733841876926932320129493409985128,,,,,,,,not_run_blocked,,collection_witness_policy_unwired;multi_witness_adapter_unverified;pipeline_combination_unverified
Q330,n131_poly_d7_m4,26,26,f4,1000,rankscan,gauss,none,,,,,,n131_poly_d7_exact_support.json,,19604,680564733841876926932320129493409985128,,,,,,,,not_run_blocked,,collection_witness_policy_unwired;multi_witness_adapter_unverified;pipeline_combination_unverified
Q331,n131_poly_d7_m4,26,26,f4,50,rankscan,bw,none,,,,,,n131_poly_d7_exact_support.json,,19604,680564733841876926932320129493409985128,,,,,,,,not_run_blocked,,collection_witness_policy_unwired;multi_witness_adapter_unverified;pipeline_combination_unverified;relation_matrix_bw_adapter_unverified;relation_matrix_bw_unwired
Q332,n131_poly_d7_m4,26,26,f4,1000,rankscan,bw,none,,,,,,n131_poly_d7_exact_support.json,,19604,680564733841876926932320129493409985128,,,,,,,,not_run_blocked,,collection_witness_policy_unwired;multi_witness_adapter_unverified;pipeline_combination_unverified;relation_matrix_bw_adapter_unverified;relation_matrix_bw_unwired
Q333,n131_poly_d7_m4,26,26,f4,50,rankscan16,gauss,none,,,,,,n131_poly_d7_exact_support.json,,19604,680564733841876926932320129493409985128,,,,,,,,not_run_blocked,,collection_witness_policy_unwired;multi_witness_adapter_unverified;pipeline_combination_unverified
Q334,n131_poly_d7_m4,26,26,f4,1000,rankscan16,gauss,none,,,,,,n131_poly_d7_exact_support.json,,19604,680564733841876926932320129493409985128,,,,,,,,not_run_blocked,,collection_witness_policy_unwired;multi_witness_adapter_unverified;pipeline_combination_unverified
Q335,n131_poly_d7_m4,26,26,f4,50,rankscan16,bw,none,,,,,,n131_poly_d7_exact_support.json,,19604,680564733841876926932320129493409985128,,,,,,,,not_run_blocked,,collection_witness_policy_unwired;multi_witness_adapter_unverified;pipeline_combination_unverified;relation_matrix_bw_adapter_unverified;relation_matrix_bw_unwired
Q336,n131_poly_d7_m4,26,26,f4,1000,rankscan16,bw,none,,,,,,n131_poly_d7_exact_support.json,,19604,680564733841876926932320129493409985128,,,,,,,,not_run_blocked,,collection_witness_policy_unwired;multi_witness_adapter_unverified;pipeline_combination_unverified;relation_matrix_bw_adapter_unverified;relation_matrix_bw_unwired
Q337,n131_poly_d7_m4,26,26,f4,50,allnovel,gauss,none,,,,,,n131_poly_d7_exact_support.json,,19604,680564733841876926932320129493409985128,,,,,,,,not_run_blocked,,collection_witness_policy_unwired;multi_witness_adapter_unverified;pipeline_combination_unverified
Q338,n131_poly_d7_m4,26,26,f4,1000,allnovel,gauss,none,,,,,,n131_poly_d7_exact_support.json,,19604,680564733841876926932320129493409985128,,,,,,,,not_run_blocked,,collection_witness_policy_unwired;multi_witness_adapter_unverified;pipeline_combination_unverified
Q339,n131_poly_d7_m4,26,26,f4,50,allnovel,bw,none,,,,,,n131_poly_d7_exact_support.json,,19604,680564733841876926932320129493409985128,,,,,,,,not_run_blocked,,collection_witness_policy_unwired;multi_witness_adapter_unverified;pipeline_combination_unverified;relation_matrix_bw_adapter_unverified;relation_matrix_bw_unwired
Q340,n131_poly_d7_m4,26,26,f4,1000,allnovel,bw,none,,,,,,n131_poly_d7_exact_support.json,,19604,680564733841876926932320129493409985128,,,,,,,,not_run_blocked,,collection_witness_policy_unwired;multi_witness_adapter_unverified;pipeline_combination_unverified;relation_matrix_bw_adapter_unverified;relation_matrix_bw_unwired
Q341,n131_poly_d7_m4,26,26,f5b,50,first,gauss,none,,,,,,n131_poly_d7_exact_support.json,,19604,680564733841876926932320129493409985128,,,,,,,,not_run_blocked,,pipeline_combination_unverified
Q342,n131_poly_d7_m4,26,26,f5b,1000,first,gauss,none,,,,,,n131_poly_d7_exact_support.json,,19604,680564733841876926932320129493409985128,,,,,,,,not_run_blocked,,pipeline_combination_unverified
Q343,n131_poly_d7_m4,26,26,f5b,50,first,bw,none,,,,,,n131_poly_d7_exact_support.json,,19604,680564733841876926932320129493409985128,,,,,,,,not_run_blocked,,pipeline_combination_unverified;relation_matrix_bw_adapter_unverified;relation_matrix_bw_unwired
Q344,n131_poly_d7_m4,26,26,f5b,1000,first,bw,none,,,,,,n131_poly_d7_exact_support.json,,19604,680564733841876926932320129493409985128,,,,,,,,not_run_blocked,,pipeline_combination_unverified;relation_matrix_bw_adapter_unverified;relation_matrix_bw_unwired
Q345,n131_poly_d7_m4,26,26,f5b,50,uniform,gauss,none,,,,,,n131_poly_d7_exact_support.json,,19604,680564733841876926932320129493409985128,,,,,,,,not_run_blocked,,collection_witness_policy_unwired;multi_witness_adapter_unverified;pipeline_combination_unverified
Q346,n131_poly_d7_m4,26,26,f5b,1000,uniform,gauss,none,,,,,,n131_poly_d7_exact_support.json,,19604,680564733841876926932320129493409985128,,,,,,,,not_run_blocked,,collection_witness_policy_unwired;multi_witness_adapter_unverified;pipeline_combination_unverified
Q347,n131_poly_d7_m4,26,26,f5b,50,uniform,bw,none,,,,,,n131_poly_d7_exact_support.json,,19604,680564733841876926932320129493409985128,,,,,,,,not_run_blocked,,collection_witness_policy_unwired;multi_witness_adapter_unverified;pipeline_combination_unverified;relation_matrix_bw_adapter_unverified;relation_matrix_bw_unwired
Q348,n131_poly_d7_m4,26,26,f5b,1000,uniform,bw,none,,,,,,n131_poly_d7_exact_support.json,,19604,680564733841876926932320129493409985128,,,,,,,,not_run_blocked,,collection_witness_policy_unwired;multi_witness_adapter_unverified;pipeline_combination_unverified;relation_matrix_bw_adapter_unverified;relation_matrix_bw_unwired
Q349,n131_poly_d7_m4,26,26,f5b,50,rankscan,gauss,none,,,,,,n131_poly_d7_exact_support.json,,19604,680564733841876926932320129493409985128,,,,,,,,not_run_blocked,,collection_witness_policy_unwired;multi_witness_adapter_unverified;pipeline_combination_unverified
Q350,n131_poly_d7_m4,26,26,f5b,1000,rankscan,gauss,none,,,,,,n131_poly_d7_exact_support.json,,19604,680564733841876926932320129493409985128,,,,,,,,not_run_blocked,,collection_witness_policy_unwired;multi_witness_adapter_unverified;pipeline_combination_unverified
Q351,n131_poly_d7_m4,26,26,f5b,50,rankscan,bw,none,,,,,,n131_poly_d7_exact_support.json,,19604,680564733841876926932320129493409985128,,,,,,,,not_run_blocked,,collection_witness_policy_unwired;multi_witness_adapter_unverified;pipeline_combination_unverified;relation_matrix_bw_adapter_unverified;relation_matrix_bw_unwired
Q352,n131_poly_d7_m4,26,26,f5b,1000,rankscan,bw,none,,,,,,n131_poly_d7_exact_support.json,,19604,680564733841876926932320129493409985128,,,,,,,,not_run_blocked,,collection_witness_policy_unwired;multi_witness_adapter_unverified;pipeline_combination_unverified;relation_matrix_bw_adapter_unverified;relation_matrix_bw_unwired
Q353,n131_poly_d7_m4,26,26,f5b,50,rankscan16,gauss,none,,,,,,n131_poly_d7_exact_support.json,,19604,680564733841876926932320129493409985128,,,,,,,,not_run_blocked,,collection_witness_policy_unwired;multi_witness_adapter_unverified;pipeline_combination_unverified
Q354,n131_poly_d7_m4,26,26,f5b,1000,rankscan16,gauss,none,,,,,,n131_poly_d7_exact_support.json,,19604,680564733841876926932320129493409985128,,,,,,,,not_run_blocked,,collection_witness_policy_unwired;multi_witness_adapter_unverified;pipeline_combination_unverified
Q355,n131_poly_d7_m4,26,26,f5b,50,rankscan16,bw,none,,,,,,n131_poly_d7_exact_support.json,,19604,680564733841876926932320129493409985128,,,,,,,,not_run_blocked,,collection_witness_policy_unwired;multi_witness_adapter_unverified;pipeline_combination_unverified;relation_matrix_bw_adapter_unverified;relation_matrix_bw_unwired
Q356,n131_poly_d7_m4,26,26,f5b,1000,rankscan16,bw,none,,,,,,n131_poly_d7_exact_support.json,,19604,680564733841876926932320129493409985128,,,,,,,,not_run_blocked,,collection_witness_policy_unwired;multi_witness_adapter_unverified;pipeline_combination_unverified;relation_matrix_bw_adapter_unverified;relation_matrix_bw_unwired
Q357,n131_poly_d7_m4,26,26,f5b,50,allnovel,gauss,none,,,,,,n131_poly_d7_exact_support.json,,19604,680564733841876926932320129493409985128,,,,,,,,not_run_blocked,,collection_witness_policy_unwired;multi_witness_adapter_unverified;pipeline_combination_unverified
Q358,n131_poly_d7_m4,26,26,f5b,1000,allnovel,gauss,none,,,,,,n131_poly_d7_exact_support.json,,19604,680564733841876926932320129493409985128,,,,,,,,not_run_blocked,,collection_witness_policy_unwired;multi_witness_adapter_unverified;pipeline_combination_unverified
Q359,n131_poly_d7_m4,26,26,f5b,50,allnovel,bw,none,,,,,,n131_poly_d7_exact_support.json,,19604,680564733841876926932320129493409985128,,,,,,,,not_run_blocked,,collection_witness_policy_unwired;multi_witness_adapter_unverified;pipeline_combination_unverified;relation_matrix_bw_adapter_unverified;relation_matrix_bw_unwired
Q360,n131_poly_d7_m4,26,26,f5b,1000,allnovel,bw,none,,,,,,n131_poly_d7_exact_support.json,,19604,680564733841876926932320129493409985128,,,,,,,,not_run_blocked,,collection_witness_policy_unwired;multi_witness_adapter_unverified;pipeline_combination_unverified;relation_matrix_bw_adapter_unverified;relation_matrix_bw_unwired
Q361,n131_poly_d7_m4,26,26,f5m4ri,50,first,gauss,none,,,,,,n131_poly_d7_exact_support.json,,19604,680564733841876926932320129493409985128,,,,,,,,not_run_blocked,,pipeline_combination_unverified
Q362,n131_poly_d7_m4,26,26,f5m4ri,1000,first,gauss,none,,,,,,n131_poly_d7_exact_support.json,,19604,680564733841876926932320129493409985128,,,,,,,,not_run_blocked,,pipeline_combination_unverified
Q363,n131_poly_d7_m4,26,26,f5m4ri,50,first,bw,none,,,,,,n131_poly_d7_exact_support.json,,19604,680564733841876926932320129493409985128,,,,,,,,not_run_blocked,,pipeline_combination_unverified;relation_matrix_bw_adapter_unverified;relation_matrix_bw_unwired
Q364,n131_poly_d7_m4,26,26,f5m4ri,1000,first,bw,none,,,,,,n131_poly_d7_exact_support.json,,19604,680564733841876926932320129493409985128,,,,,,,,not_run_blocked,,pipeline_combination_unverified;relation_matrix_bw_adapter_unverified;relation_matrix_bw_unwired
Q365,n131_poly_d7_m4,26,26,f5m4ri,50,uniform,gauss,none,,,,,,n131_poly_d7_exact_support.json,,19604,680564733841876926932320129493409985128,,,,,,,,not_run_blocked,,collection_witness_policy_unwired;multi_witness_adapter_unverified;pipeline_combination_unverified
Q366,n131_poly_d7_m4,26,26,f5m4ri,1000,uniform,gauss,none,,,,,,n131_poly_d7_exact_support.json,,19604,680564733841876926932320129493409985128,,,,,,,,not_run_blocked,,collection_witness_policy_unwired;multi_witness_adapter_unverified;pipeline_combination_unverified
Q367,n131_poly_d7_m4,26,26,f5m4ri,50,uniform,bw,none,,,,,,n131_poly_d7_exact_support.json,,19604,680564733841876926932320129493409985128,,,,,,,,not_run_blocked,,collection_witness_policy_unwired;multi_witness_adapter_unverified;pipeline_combination_unverified;relation_matrix_bw_adapter_unverified;relation_matrix_bw_unwired
Q368,n131_poly_d7_m4,26,26,f5m4ri,1000,uniform,bw,none,,,,,,n131_poly_d7_exact_support.json,,19604,680564733841876926932320129493409985128,,,,,,,,not_run_blocked,,collection_witness_policy_unwired;multi_witness_adapter_unverified;pipeline_combination_unverified;relation_matrix_bw_adapter_unverified;relation_matrix_bw_unwired
Q369,n131_poly_d7_m4,26,26,f5m4ri,50,rankscan,gauss,none,,,,,,n131_poly_d7_exact_support.json,,19604,680564733841876926932320129493409985128,,,,,,,,not_run_blocked,,collection_witness_policy_unwired;multi_witness_adapter_unverified;pipeline_combination_unverified
Q370,n131_poly_d7_m4,26,26,f5m4ri,1000,rankscan,gauss,none,,,,,,n131_poly_d7_exact_support.json,,19604,680564733841876926932320129493409985128,,,,,,,,not_run_blocked,,collection_witness_policy_unwired;multi_witness_adapter_unverified;pipeline_combination_unverified
Q371,n131_poly_d7_m4,26,26,f5m4ri,50,rankscan,bw,none,,,,,,n131_poly_d7_exact_support.json,,19604,680564733841876926932320129493409985128,,,,,,,,not_run_blocked,,collection_witness_policy_unwired;multi_witness_adapter_unverified;pipeline_combination_unverified;relation_matrix_bw_adapter_unverified;relation_matrix_bw_unwired
Q372,n131_poly_d7_m4,26,26,f5m4ri,1000,rankscan,bw,none,,,,,,n131_poly_d7_exact_support.json,,19604,680564733841876926932320129493409985128,,,,,,,,not_run_blocked,,collection_witness_policy_unwired;multi_witness_adapter_unverified;pipeline_combination_unverified;relation_matrix_bw_adapter_unverified;relation_matrix_bw_unwired
Q373,n131_poly_d7_m4,26,26,f5m4ri,50,rankscan16,gauss,none,,,,,,n131_poly_d7_exact_support.json,,19604,680564733841876926932320129493409985128,,,,,,,,not_run_blocked,,collection_witness_policy_unwired;multi_witness_adapter_unverified;pipeline_combination_unverified
Q374,n131_poly_d7_m4,26,26,f5m4ri,1000,rankscan16,gauss,none,,,,,,n131_poly_d7_exact_support.json,,19604,680564733841876926932320129493409985128,,,,,,,,not_run_blocked,,collection_witness_policy_unwired;multi_witness_adapter_unverified;pipeline_combination_unverified
Q375,n131_poly_d7_m4,26,26,f5m4ri,50,rankscan16,bw,none,,,,,,n131_poly_d7_exact_support.json,,19604,680564733841876926932320129493409985128,,,,,,,,not_run_blocked,,collection_witness_policy_unwired;multi_witness_adapter_unverified;pipeline_combination_unverified;relation_matrix_bw_adapter_unverified;relation_matrix_bw_unwired
Q376,n131_poly_d7_m4,26,26,f5m4ri,1000,rankscan16,bw,none,,,,,,n131_poly_d7_exact_support.json,,19604,680564733841876926932320129493409985128,,,,,,,,not_run_blocked,,collection_witness_policy_unwired;multi_witness_adapter_unverified;pipeline_combination_unverified;relation_matrix_bw_adapter_unverified;relation_matrix_bw_unwired
Q377,n131_poly_d7_m4,26,26,f5m4ri,50,allnovel,gauss,none,,,,,,n131_poly_d7_exact_support.json,,19604,680564733841876926932320129493409985128,,,,,,,,not_run_blocked,,collection_witness_policy_unwired;multi_witness_adapter_unverified;pipeline_combination_unverified
Q378,n131_poly_d7_m4,26,26,f5m4ri,1000,allnovel,gauss,none,,,,,,n131_poly_d7_exact_support.json,,19604,680564733841876926932320129493409985128,,,,,,,,not_run_blocked,,collection_witness_policy_unwired;multi_witness_adapter_unverified;pipeline_combination_unverified
Q379,n131_poly_d7_m4,26,26,f5m4ri,50,allnovel,bw,none,,,,,,n131_poly_d7_exact_support.json,,19604,680564733841876926932320129493409985128,,,,,,,,not_run_blocked,,collection_witness_policy_unwired;multi_witness_adapter_unverified;pipeline_combination_unverified;relation_matrix_bw_adapter_unverified;relation_matrix_bw_unwired
Q380,n131_poly_d7_m4,26,26,f5m4ri,1000,allnovel,bw,none,,,,,,n131_poly_d7_exact_support.json,,19604,680564733841876926932320129493409985128,,,,,,,,not_run_blocked,,collection_witness_policy_unwired;multi_witness_adapter_unverified;pipeline_combination_unverified;relation_matrix_bw_adapter_unverified;relation_matrix_bw_unwired
Q381,n131_poly_d7_m4,26,26,polybori,50,first,gauss,none,,,,,,n131_poly_d7_exact_support.json,,19604,680564733841876926932320129493409985128,,,,,,,,not_run_blocked,,pipeline_combination_unverified
Q382,n131_poly_d7_m4,26,26,polybori,1000,first,gauss,none,,,,,,n131_poly_d7_exact_support.json,,19604,680564733841876926932320129493409985128,,,,,,,,not_run_blocked,,pipeline_combination_unverified
Q383,n131_poly_d7_m4,26,26,polybori,50,first,bw,none,,,,,,n131_poly_d7_exact_support.json,,19604,680564733841876926932320129493409985128,,,,,,,,not_run_blocked,,pipeline_combination_unverified;relation_matrix_bw_adapter_unverified;relation_matrix_bw_unwired
Q384,n131_poly_d7_m4,26,26,polybori,1000,first,bw,none,,,,,,n131_poly_d7_exact_support.json,,19604,680564733841876926932320129493409985128,,,,,,,,not_run_blocked,,pipeline_combination_unverified;relation_matrix_bw_adapter_unverified;relation_matrix_bw_unwired
Q385,n131_poly_d7_m4,26,26,polybori,50,uniform,gauss,none,,,,,,n131_poly_d7_exact_support.json,,19604,680564733841876926932320129493409985128,,,,,,,,not_run_blocked,,collection_witness_policy_unwired;multi_witness_adapter_unverified;pipeline_combination_unverified
Q386,n131_poly_d7_m4,26,26,polybori,1000,uniform,gauss,none,,,,,,n131_poly_d7_exact_support.json,,19604,680564733841876926932320129493409985128,,,,,,,,not_run_blocked,,collection_witness_policy_unwired;multi_witness_adapter_unverified;pipeline_combination_unverified
Q387,n131_poly_d7_m4,26,26,polybori,50,uniform,bw,none,,,,,,n131_poly_d7_exact_support.json,,19604,680564733841876926932320129493409985128,,,,,,,,not_run_blocked,,collection_witness_policy_unwired;multi_witness_adapter_unverified;pipeline_combination_unverified;relation_matrix_bw_adapter_unverified;relation_matrix_bw_unwired
Q388,n131_poly_d7_m4,26,26,polybori,1000,uniform,bw,none,,,,,,n131_poly_d7_exact_support.json,,19604,680564733841876926932320129493409985128,,,,,,,,not_run_blocked,,collection_witness_policy_unwired;multi_witness_adapter_unverified;pipeline_combination_unverified;relation_matrix_bw_adapter_unverified;relation_matrix_bw_unwired
Q389,n131_poly_d7_m4,26,26,polybori,50,rankscan,gauss,none,,,,,,n131_poly_d7_exact_support.json,,19604,680564733841876926932320129493409985128,,,,,,,,not_run_blocked,,collection_witness_policy_unwired;multi_witness_adapter_unverified;pipeline_combination_unverified
Q390,n131_poly_d7_m4,26,26,polybori,1000,rankscan,gauss,none,,,,,,n131_poly_d7_exact_support.json,,19604,680564733841876926932320129493409985128,,,,,,,,not_run_blocked,,collection_witness_policy_unwired;multi_witness_adapter_unverified;pipeline_combination_unverified
Q391,n131_poly_d7_m4,26,26,polybori,50,rankscan,bw,none,,,,,,n131_poly_d7_exact_support.json,,19604,680564733841876926932320129493409985128,,,,,,,,not_run_blocked,,collection_witness_policy_unwired;multi_witness_adapter_unverified;pipeline_combination_unverified;relation_matrix_bw_adapter_unverified;relation_matrix_bw_unwired
Q392,n131_poly_d7_m4,26,26,polybori,1000,rankscan,bw,none,,,,,,n131_poly_d7_exact_support.json,,19604,680564733841876926932320129493409985128,,,,,,,,not_run_blocked,,collection_witness_policy_unwired;multi_witness_adapter_unverified;pipeline_combination_unverified;relation_matrix_bw_adapter_unverified;relation_matrix_bw_unwired
Q393,n131_poly_d7_m4,26,26,polybori,50,rankscan16,gauss,none,,,,,,n131_poly_d7_exact_support.json,,19604,680564733841876926932320129493409985128,,,,,,,,not_run_blocked,,collection_witness_policy_unwired;multi_witness_adapter_unverified;pipeline_combination_unverified
Q394,n131_poly_d7_m4,26,26,polybori,1000,rankscan16,gauss,none,,,,,,n131_poly_d7_exact_support.json,,19604,680564733841876926932320129493409985128,,,,,,,,not_run_blocked,,collection_witness_policy_unwired;multi_witness_adapter_unverified;pipeline_combination_unverified
Q395,n131_poly_d7_m4,26,26,polybori,50,rankscan16,bw,none,,,,,,n131_poly_d7_exact_support.json,,19604,680564733841876926932320129493409985128,,,,,,,,not_run_blocked,,collection_witness_policy_unwired;multi_witness_adapter_unverified;pipeline_combination_unverified;relation_matrix_bw_adapter_unverified;relation_matrix_bw_unwired
Q396,n131_poly_d7_m4,26,26,polybori,1000,rankscan16,bw,none,,,,,,n131_poly_d7_exact_support.json,,19604,680564733841876926932320129493409985128,,,,,,,,not_run_blocked,,collection_witness_policy_unwired;multi_witness_adapter_unverified;pipeline_combination_unverified;relation_matrix_bw_adapter_unverified;relation_matrix_bw_unwired
Q397,n131_poly_d7_m4,26,26,polybori,50,allnovel,gauss,none,,,,,,n131_poly_d7_exact_support.json,,19604,680564733841876926932320129493409985128,,,,,,,,not_run_blocked,,collection_witness_policy_unwired;multi_witness_adapter_unverified;pipeline_combination_unverified
Q398,n131_poly_d7_m4,26,26,polybori,1000,allnovel,gauss,none,,,,,,n131_poly_d7_exact_support.json,,19604,680564733841876926932320129493409985128,,,,,,,,not_run_blocked,,collection_witness_policy_unwired;multi_witness_adapter_unverified;pipeline_combination_unverified
Q399,n131_poly_d7_m4,26,26,polybori,50,allnovel,bw,none,,,,,,n131_poly_d7_exact_support.json,,19604,680564733841876926932320129493409985128,,,,,,,,not_run_blocked,,collection_witness_policy_unwired;multi_witness_adapter_unverified;pipeline_combination_unverified;relation_matrix_bw_adapter_unverified;relation_matrix_bw_unwired
Q400,n131_poly_d7_m4,26,26,polybori,1000,allnovel,bw,none,,,,,,n131_poly_d7_exact_support.json,,19604,680564733841876926932320129493409985128,,,,,,,,not_run_blocked,,collection_witness_policy_unwired;multi_witness_adapter_unverified;pipeline_combination_unverified;relation_matrix_bw_adapter_unverified;relation_matrix_bw_unwired
Q401,n131_onb_hw2_m4,3668,14,sat,50,first,gauss,none,n131_onb_hw2_base.json,,,,,,,,,,,,,,,,not_run_blocked,,pipeline_combination_unverified
Q402,n131_onb_hw2_m4,3668,14,sat,1000,first,gauss,none,n131_onb_hw2_base.json,,,,,,,,,,,,,,,,not_run_blocked,,pipeline_combination_unverified
Q403,n131_onb_hw2_m4,3668,14,sat,50,first,bw,none,n131_onb_hw2_base.json,,,,,,,,,,,,,,,,not_run_blocked,,pipeline_combination_unverified;relation_matrix_bw_adapter_unverified;relation_matrix_bw_unwired
Q404,n131_onb_hw2_m4,3668,14,sat,1000,first,bw,none,n131_onb_hw2_base.json,,,,,,,,,,,,,,,,not_run_blocked,,pipeline_combination_unverified;relation_matrix_bw_adapter_unverified;relation_matrix_bw_unwired
Q405,n131_onb_hw2_m4,3668,14,sat,50,uniform,gauss,none,n131_onb_hw2_base.json,,,,,,,,,,,,,,,,not_run_blocked,,collection_witness_policy_unwired;multi_witness_adapter_unverified;pipeline_combination_unverified
Q406,n131_onb_hw2_m4,3668,14,sat,1000,uniform,gauss,none,n131_onb_hw2_base.json,,,,,,,,,,,,,,,,not_run_blocked,,collection_witness_policy_unwired;multi_witness_adapter_unverified;pipeline_combination_unverified
Q407,n131_onb_hw2_m4,3668,14,sat,50,uniform,bw,none,n131_onb_hw2_base.json,,,,,,,,,,,,,,,,not_run_blocked,,collection_witness_policy_unwired;multi_witness_adapter_unverified;pipeline_combination_unverified;relation_matrix_bw_adapter_unverified;relation_matrix_bw_unwired
Q408,n131_onb_hw2_m4,3668,14,sat,1000,uniform,bw,none,n131_onb_hw2_base.json,,,,,,,,,,,,,,,,not_run_blocked,,collection_witness_policy_unwired;multi_witness_adapter_unverified;pipeline_combination_unverified;relation_matrix_bw_adapter_unverified;relation_matrix_bw_unwired
Q409,n131_onb_hw2_m4,3668,14,sat,50,rankscan,gauss,none,n131_onb_hw2_base.json,,,,,,,,,,,,,,,,not_run_blocked,,collection_witness_policy_unwired;multi_witness_adapter_unverified;pipeline_combination_unverified
Q410,n131_onb_hw2_m4,3668,14,sat,1000,rankscan,gauss,none,n131_onb_hw2_base.json,,,,,,,,,,,,,,,,not_run_blocked,,collection_witness_policy_unwired;multi_witness_adapter_unverified;pipeline_combination_unverified
Q411,n131_onb_hw2_m4,3668,14,sat,50,rankscan,bw,none,n131_onb_hw2_base.json,,,,,,,,,,,,,,,,not_run_blocked,,collection_witness_policy_unwired;multi_witness_adapter_unverified;pipeline_combination_unverified;relation_matrix_bw_adapter_unverified;relation_matrix_bw_unwired
Q412,n131_onb_hw2_m4,3668,14,sat,1000,rankscan,bw,none,n131_onb_hw2_base.json,,,,,,,,,,,,,,,,not_run_blocked,,collection_witness_policy_unwired;multi_witness_adapter_unverified;pipeline_combination_unverified;relation_matrix_bw_adapter_unverified;relation_matrix_bw_unwired
Q413,n131_onb_hw2_m4,3668,14,sat,50,rankscan16,gauss,none,n131_onb_hw2_base.json,,,,,,,,,,,,,,,,not_run_blocked,,collection_witness_policy_unwired;multi_witness_adapter_unverified;pipeline_combination_unverified
Q414,n131_onb_hw2_m4,3668,14,sat,1000,rankscan16,gauss,none,n131_onb_hw2_base.json,,,,,,,,,,,,,,,,not_run_blocked,,collection_witness_policy_unwired;multi_witness_adapter_unverified;pipeline_combination_unverified
Q415,n131_onb_hw2_m4,3668,14,sat,50,rankscan16,bw,none,n131_onb_hw2_base.json,,,,,,,,,,,,,,,,not_run_blocked,,collection_witness_policy_unwired;multi_witness_adapter_unverified;pipeline_combination_unverified;relation_matrix_bw_adapter_unverified;relation_matrix_bw_unwired
Q416,n131_onb_hw2_m4,3668,14,sat,1000,rankscan16,bw,none,n131_onb_hw2_base.json,,,,,,,,,,,,,,,,not_run_blocked,,collection_witness_policy_unwired;multi_witness_adapter_unverified;pipeline_combination_unverified;relation_matrix_bw_adapter_unverified;relation_matrix_bw_unwired
Q417,n131_onb_hw2_m4,3668,14,sat,50,allnovel,gauss,none,n131_onb_hw2_base.json,,,,,,,,,,,,,,,,not_run_blocked,,collection_witness_policy_unwired;multi_witness_adapter_unverified;pipeline_combination_unverified
Q418,n131_onb_hw2_m4,3668,14,sat,1000,allnovel,gauss,none,n131_onb_hw2_base.json,,,,,,,,,,,,,,,,not_run_blocked,,collection_witness_policy_unwired;multi_witness_adapter_unverified;pipeline_combination_unverified
Q419,n131_onb_hw2_m4,3668,14,sat,50,allnovel,bw,none,n131_onb_hw2_base.json,,,,,,,,,,,,,,,,not_run_blocked,,collection_witness_policy_unwired;multi_witness_adapter_unverified;pipeline_combination_unverified;relation_matrix_bw_adapter_unverified;relation_matrix_bw_unwired
Q420,n131_onb_hw2_m4,3668,14,sat,1000,allnovel,bw,none,n131_onb_hw2_base.json,,,,,,,,,,,,,,,,not_run_blocked,,collection_witness_policy_unwired;multi_witness_adapter_unverified;pipeline_combination_unverified;relation_matrix_bw_adapter_unverified;relation_matrix_bw_unwired
Q421,n131_onb_hw2_m4,3668,14,f4,50,first,gauss,none,n131_onb_hw2_base.json,,,,,,,,,,,,,,,,not_run_blocked,,pipeline_combination_unverified
Q422,n131_onb_hw2_m4,3668,14,f4,1000,first,gauss,none,n131_onb_hw2_base.json,,,,,,,,,,,,,,,,not_run_blocked,,pipeline_combination_unverified
Q423,n131_onb_hw2_m4,3668,14,f4,50,first,bw,none,n131_onb_hw2_base.json,,,,,,,,,,,,,,,,not_run_blocked,,pipeline_combination_unverified;relation_matrix_bw_adapter_unverified;relation_matrix_bw_unwired
Q424,n131_onb_hw2_m4,3668,14,f4,1000,first,bw,none,n131_onb_hw2_base.json,,,,,,,,,,,,,,,,not_run_blocked,,pipeline_combination_unverified;relation_matrix_bw_adapter_unverified;relation_matrix_bw_unwired
Q425,n131_onb_hw2_m4,3668,14,f4,50,uniform,gauss,none,n131_onb_hw2_base.json,,,,,,,,,,,,,,,,not_run_blocked,,collection_witness_policy_unwired;multi_witness_adapter_unverified;pipeline_combination_unverified
Q426,n131_onb_hw2_m4,3668,14,f4,1000,uniform,gauss,none,n131_onb_hw2_base.json,,,,,,,,,,,,,,,,not_run_blocked,,collection_witness_policy_unwired;multi_witness_adapter_unverified;pipeline_combination_unverified
Q427,n131_onb_hw2_m4,3668,14,f4,50,uniform,bw,none,n131_onb_hw2_base.json,,,,,,,,,,,,,,,,not_run_blocked,,collection_witness_policy_unwired;multi_witness_adapter_unverified;pipeline_combination_unverified;relation_matrix_bw_adapter_unverified;relation_matrix_bw_unwired
Q428,n131_onb_hw2_m4,3668,14,f4,1000,uniform,bw,none,n131_onb_hw2_base.json,,,,,,,,,,,,,,,,not_run_blocked,,collection_witness_policy_unwired;multi_witness_adapter_unverified;pipeline_combination_unverified;relation_matrix_bw_adapter_unverified;relation_matrix_bw_unwired
Q429,n131_onb_hw2_m4,3668,14,f4,50,rankscan,gauss,none,n131_onb_hw2_base.json,,,,,,,,,,,,,,,,not_run_blocked,,collection_witness_policy_unwired;multi_witness_adapter_unverified;pipeline_combination_unverified
Q430,n131_onb_hw2_m4,3668,14,f4,1000,rankscan,gauss,none,n131_onb_hw2_base.json,,,,,,,,,,,,,,,,not_run_blocked,,collection_witness_policy_unwired;multi_witness_adapter_unverified;pipeline_combination_unverified
Q431,n131_onb_hw2_m4,3668,14,f4,50,rankscan,bw,none,n131_onb_hw2_base.json,,,,,,,,,,,,,,,,not_run_blocked,,collection_witness_policy_unwired;multi_witness_adapter_unverified;pipeline_combination_unverified;relation_matrix_bw_adapter_unverified;relation_matrix_bw_unwired
Q432,n131_onb_hw2_m4,3668,14,f4,1000,rankscan,bw,none,n131_onb_hw2_base.json,,,,,,,,,,,,,,,,not_run_blocked,,collection_witness_policy_unwired;multi_witness_adapter_unverified;pipeline_combination_unverified;relation_matrix_bw_adapter_unverified;relation_matrix_bw_unwired
Q433,n131_onb_hw2_m4,3668,14,f4,50,rankscan16,gauss,none,n131_onb_hw2_base.json,,,,,,,,,,,,,,,,not_run_blocked,,collection_witness_policy_unwired;multi_witness_adapter_unverified;pipeline_combination_unverified
Q434,n131_onb_hw2_m4,3668,14,f4,1000,rankscan16,gauss,none,n131_onb_hw2_base.json,,,,,,,,,,,,,,,,not_run_blocked,,collection_witness_policy_unwired;multi_witness_adapter_unverified;pipeline_combination_unverified
Q435,n131_onb_hw2_m4,3668,14,f4,50,rankscan16,bw,none,n131_onb_hw2_base.json,,,,,,,,,,,,,,,,not_run_blocked,,collection_witness_policy_unwired;multi_witness_adapter_unverified;pipeline_combination_unverified;relation_matrix_bw_adapter_unverified;relation_matrix_bw_unwired
Q436,n131_onb_hw2_m4,3668,14,f4,1000,rankscan16,bw,none,n131_onb_hw2_base.json,,,,,,,,,,,,,,,,not_run_blocked,,collection_witness_policy_unwired;multi_witness_adapter_unverified;pipeline_combination_unverified;relation_matrix_bw_adapter_unverified;relation_matrix_bw_unwired
Q437,n131_onb_hw2_m4,3668,14,f4,50,allnovel,gauss,none,n131_onb_hw2_base.json,,,,,,,,,,,,,,,,not_run_blocked,,collection_witness_policy_unwired;multi_witness_adapter_unverified;pipeline_combination_unverified
Q438,n131_onb_hw2_m4,3668,14,f4,1000,allnovel,gauss,none,n131_onb_hw2_base.json,,,,,,,,,,,,,,,,not_run_blocked,,collection_witness_policy_unwired;multi_witness_adapter_unverified;pipeline_combination_unverified
Q439,n131_onb_hw2_m4,3668,14,f4,50,allnovel,bw,none,n131_onb_hw2_base.json,,,,,,,,,,,,,,,,not_run_blocked,,collection_witness_policy_unwired;multi_witness_adapter_unverified;pipeline_combination_unverified;relation_matrix_bw_adapter_unverified;relation_matrix_bw_unwired
Q440,n131_onb_hw2_m4,3668,14,f4,1000,allnovel,bw,none,n131_onb_hw2_base.json,,,,,,,,,,,,,,,,not_run_blocked,,collection_witness_policy_unwired;multi_witness_adapter_unverified;pipeline_combination_unverified;relation_matrix_bw_adapter_unverified;relation_matrix_bw_unwired
Q441,n131_onb_hw2_m4,3668,14,f5b,50,first,gauss,none,n131_onb_hw2_base.json,,,,,,,,,,,,,,,,not_run_blocked,,pipeline_combination_unverified
Q442,n131_onb_hw2_m4,3668,14,f5b,1000,first,gauss,none,n131_onb_hw2_base.json,,,,,,,,,,,,,,,,not_run_blocked,,pipeline_combination_unverified
Q443,n131_onb_hw2_m4,3668,14,f5b,50,first,bw,none,n131_onb_hw2_base.json,,,,,,,,,,,,,,,,not_run_blocked,,pipeline_combination_unverified;relation_matrix_bw_adapter_unverified;relation_matrix_bw_unwired
Q444,n131_onb_hw2_m4,3668,14,f5b,1000,first,bw,none,n131_onb_hw2_base.json,,,,,,,,,,,,,,,,not_run_blocked,,pipeline_combination_unverified;relation_matrix_bw_adapter_unverified;relation_matrix_bw_unwired
Q445,n131_onb_hw2_m4,3668,14,f5b,50,uniform,gauss,none,n131_onb_hw2_base.json,,,,,,,,,,,,,,,,not_run_blocked,,collection_witness_policy_unwired;multi_witness_adapter_unverified;pipeline_combination_unverified
Q446,n131_onb_hw2_m4,3668,14,f5b,1000,uniform,gauss,none,n131_onb_hw2_base.json,,,,,,,,,,,,,,,,not_run_blocked,,collection_witness_policy_unwired;multi_witness_adapter_unverified;pipeline_combination_unverified
Q447,n131_onb_hw2_m4,3668,14,f5b,50,uniform,bw,none,n131_onb_hw2_base.json,,,,,,,,,,,,,,,,not_run_blocked,,collection_witness_policy_unwired;multi_witness_adapter_unverified;pipeline_combination_unverified;relation_matrix_bw_adapter_unverified;relation_matrix_bw_unwired
Q448,n131_onb_hw2_m4,3668,14,f5b,1000,uniform,bw,none,n131_onb_hw2_base.json,,,,,,,,,,,,,,,,not_run_blocked,,collection_witness_policy_unwired;multi_witness_adapter_unverified;pipeline_combination_unverified;relation_matrix_bw_adapter_unverified;relation_matrix_bw_unwired
Q449,n131_onb_hw2_m4,3668,14,f5b,50,rankscan,gauss,none,n131_onb_hw2_base.json,,,,,,,,,,,,,,,,not_run_blocked,,collection_witness_policy_unwired;multi_witness_adapter_unverified;pipeline_combination_unverified
Q450,n131_onb_hw2_m4,3668,14,f5b,1000,rankscan,gauss,none,n131_onb_hw2_base.json,,,,,,,,,,,,,,,,not_run_blocked,,collection_witness_policy_unwired;multi_witness_adapter_unverified;pipeline_combination_unverified
Q451,n131_onb_hw2_m4,3668,14,f5b,50,rankscan,bw,none,n131_onb_hw2_base.json,,,,,,,,,,,,,,,,not_run_blocked,,collection_witness_policy_unwired;multi_witness_adapter_unverified;pipeline_combination_unverified;relation_matrix_bw_adapter_unverified;relation_matrix_bw_unwired
Q452,n131_onb_hw2_m4,3668,14,f5b,1000,rankscan,bw,none,n131_onb_hw2_base.json,,,,,,,,,,,,,,,,not_run_blocked,,collection_witness_policy_unwired;multi_witness_adapter_unverified;pipeline_combination_unverified;relation_matrix_bw_adapter_unverified;relation_matrix_bw_unwired
Q453,n131_onb_hw2_m4,3668,14,f5b,50,rankscan16,gauss,none,n131_onb_hw2_base.json,,,,,,,,,,,,,,,,not_run_blocked,,collection_witness_policy_unwired;multi_witness_adapter_unverified;pipeline_combination_unverified
Q454,n131_onb_hw2_m4,3668,14,f5b,1000,rankscan16,gauss,none,n131_onb_hw2_base.json,,,,,,,,,,,,,,,,not_run_blocked,,collection_witness_policy_unwired;multi_witness_adapter_unverified;pipeline_combination_unverified
Q455,n131_onb_hw2_m4,3668,14,f5b,50,rankscan16,bw,none,n131_onb_hw2_base.json,,,,,,,,,,,,,,,,not_run_blocked,,collection_witness_policy_unwired;multi_witness_adapter_unverified;pipeline_combination_unverified;relation_matrix_bw_adapter_unverified;relation_matrix_bw_unwired
Q456,n131_onb_hw2_m4,3668,14,f5b,1000,rankscan16,bw,none,n131_onb_hw2_base.json,,,,,,,,,,,,,,,,not_run_blocked,,collection_witness_policy_unwired;multi_witness_adapter_unverified;pipeline_combination_unverified;relation_matrix_bw_adapter_unverified;relation_matrix_bw_unwired
Q457,n131_onb_hw2_m4,3668,14,f5b,50,allnovel,gauss,none,n131_onb_hw2_base.json,,,,,,,,,,,,,,,,not_run_blocked,,collection_witness_policy_unwired;multi_witness_adapter_unverified;pipeline_combination_unverified
Q458,n131_onb_hw2_m4,3668,14,f5b,1000,allnovel,gauss,none,n131_onb_hw2_base.json,,,,,,,,,,,,,,,,not_run_blocked,,collection_witness_policy_unwired;multi_witness_adapter_unverified;pipeline_combination_unverified
Q459,n131_onb_hw2_m4,3668,14,f5b,50,allnovel,bw,none,n131_onb_hw2_base.json,,,,,,,,,,,,,,,,not_run_blocked,,collection_witness_policy_unwired;multi_witness_adapter_unverified;pipeline_combination_unverified;relation_matrix_bw_adapter_unverified;relation_matrix_bw_unwired
Q460,n131_onb_hw2_m4,3668,14,f5b,1000,allnovel,bw,none,n131_onb_hw2_base.json,,,,,,,,,,,,,,,,not_run_blocked,,collection_witness_policy_unwired;multi_witness_adapter_unverified;pipeline_combination_unverified;relation_matrix_bw_adapter_unverified;relation_matrix_bw_unwired
Q461,n131_onb_hw2_m4,3668,14,f5m4ri,50,first,gauss,none,n131_onb_hw2_base.json,,,,,,,,,,,,,,,,not_run_blocked,,pipeline_combination_unverified
Q462,n131_onb_hw2_m4,3668,14,f5m4ri,1000,first,gauss,none,n131_onb_hw2_base.json,,,,,,,,,,,,,,,,not_run_blocked,,pipeline_combination_unverified
Q463,n131_onb_hw2_m4,3668,14,f5m4ri,50,first,bw,none,n131_onb_hw2_base.json,,,,,,,,,,,,,,,,not_run_blocked,,pipeline_combination_unverified;relation_matrix_bw_adapter_unverified;relation_matrix_bw_unwired
Q464,n131_onb_hw2_m4,3668,14,f5m4ri,1000,first,bw,none,n131_onb_hw2_base.json,,,,,,,,,,,,,,,,not_run_blocked,,pipeline_combination_unverified;relation_matrix_bw_adapter_unverified;relation_matrix_bw_unwired
Q465,n131_onb_hw2_m4,3668,14,f5m4ri,50,uniform,gauss,none,n131_onb_hw2_base.json,,,,,,,,,,,,,,,,not_run_blocked,,collection_witness_policy_unwired;multi_witness_adapter_unverified;pipeline_combination_unverified
Q466,n131_onb_hw2_m4,3668,14,f5m4ri,1000,uniform,gauss,none,n131_onb_hw2_base.json,,,,,,,,,,,,,,,,not_run_blocked,,collection_witness_policy_unwired;multi_witness_adapter_unverified;pipeline_combination_unverified
Q467,n131_onb_hw2_m4,3668,14,f5m4ri,50,uniform,bw,none,n131_onb_hw2_base.json,,,,,,,,,,,,,,,,not_run_blocked,,collection_witness_policy_unwired;multi_witness_adapter_unverified;pipeline_combination_unverified;relation_matrix_bw_adapter_unverified;relation_matrix_bw_unwired
Q468,n131_onb_hw2_m4,3668,14,f5m4ri,1000,uniform,bw,none,n131_onb_hw2_base.json,,,,,,,,,,,,,,,,not_run_blocked,,collection_witness_policy_unwired;multi_witness_adapter_unverified;pipeline_combination_unverified;relation_matrix_bw_adapter_unverified;relation_matrix_bw_unwired
Q469,n131_onb_hw2_m4,3668,14,f5m4ri,50,rankscan,gauss,none,n131_onb_hw2_base.json,,,,,,,,,,,,,,,,not_run_blocked,,collection_witness_policy_unwired;multi_witness_adapter_unverified;pipeline_combination_unverified
Q470,n131_onb_hw2_m4,3668,14,f5m4ri,1000,rankscan,gauss,none,n131_onb_hw2_base.json,,,,,,,,,,,,,,,,not_run_blocked,,collection_witness_policy_unwired;multi_witness_adapter_unverified;pipeline_combination_unverified
Q471,n131_onb_hw2_m4,3668,14,f5m4ri,50,rankscan,bw,none,n131_onb_hw2_base.json,,,,,,,,,,,,,,,,not_run_blocked,,collection_witness_policy_unwired;multi_witness_adapter_unverified;pipeline_combination_unverified;relation_matrix_bw_adapter_unverified;relation_matrix_bw_unwired
Q472,n131_onb_hw2_m4,3668,14,f5m4ri,1000,rankscan,bw,none,n131_onb_hw2_base.json,,,,,,,,,,,,,,,,not_run_blocked,,collection_witness_policy_unwired;multi_witness_adapter_unverified;pipeline_combination_unverified;relation_matrix_bw_adapter_unverified;relation_matrix_bw_unwired
Q473,n131_onb_hw2_m4,3668,14,f5m4ri,50,rankscan16,gauss,none,n131_onb_hw2_base.json,,,,,,,,,,,,,,,,not_run_blocked,,collection_witness_policy_unwired;multi_witness_adapter_unverified;pipeline_combination_unverified
Q474,n131_onb_hw2_m4,3668,14,f5m4ri,1000,rankscan16,gauss,none,n131_onb_hw2_base.json,,,,,,,,,,,,,,,,not_run_blocked,,collection_witness_policy_unwired;multi_witness_adapter_unverified;pipeline_combination_unverified
Q475,n131_onb_hw2_m4,3668,14,f5m4ri,50,rankscan16,bw,none,n131_onb_hw2_base.json,,,,,,,,,,,,,,,,not_run_blocked,,collection_witness_policy_unwired;multi_witness_adapter_unverified;pipeline_combination_unverified;relation_matrix_bw_adapter_unverified;relation_matrix_bw_unwired
Q476,n131_onb_hw2_m4,3668,14,f5m4ri,1000,rankscan16,bw,none,n131_onb_hw2_base.json,,,,,,,,,,,,,,,,not_run_blocked,,collection_witness_policy_unwired;multi_witness_adapter_unverified;pipeline_combination_unverified;relation_matrix_bw_adapter_unverified;relation_matrix_bw_unwired
Q477,n131_onb_hw2_m4,3668,14,f5m4ri,50,allnovel,gauss,none,n131_onb_hw2_base.json,,,,,,,,,,,,,,,,not_run_blocked,,collection_witness_policy_unwired;multi_witness_adapter_unverified;pipeline_combination_unverified
Q478,n131_onb_hw2_m4,3668,14,f5m4ri,1000,allnovel,gauss,none,n131_onb_hw2_base.json,,,,,,,,,,,,,,,,not_run_blocked,,collection_witness_policy_unwired;multi_witness_adapter_unverified;pipeline_combination_unverified
Q479,n131_onb_hw2_m4,3668,14,f5m4ri,50,allnovel,bw,none,n131_onb_hw2_base.json,,,,,,,,,,,,,,,,not_run_blocked,,collection_witness_policy_unwired;multi_witness_adapter_unverified;pipeline_combination_unverified;relation_matrix_bw_adapter_unverified;relation_matrix_bw_unwired
Q480,n131_onb_hw2_m4,3668,14,f5m4ri,1000,allnovel,bw,none,n131_onb_hw2_base.json,,,,,,,,,,,,,,,,not_run_blocked,,collection_witness_policy_unwired;multi_witness_adapter_unverified;pipeline_combination_unverified;relation_matrix_bw_adapter_unverified;relation_matrix_bw_unwired
Q481,n131_onb_hw2_m4,3668,14,polybori,50,first,gauss,none,n131_onb_hw2_base.json,,,,,,,,,,,,,,,,not_run_blocked,,pipeline_combination_unverified
Q482,n131_onb_hw2_m4,3668,14,polybori,1000,first,gauss,none,n131_onb_hw2_base.json,,,,,,,,,,,,,,,,not_run_blocked,,pipeline_combination_unverified
Q483,n131_onb_hw2_m4,3668,14,polybori,50,first,bw,none,n131_onb_hw2_base.json,,,,,,,,,,,,,,,,not_run_blocked,,pipeline_combination_unverified;relation_matrix_bw_adapter_unverified;relation_matrix_bw_unwired
Q484,n131_onb_hw2_m4,3668,14,polybori,1000,first,bw,none,n131_onb_hw2_base.json,,,,,,,,,,,,,,,,not_run_blocked,,pipeline_combination_unverified;relation_matrix_bw_adapter_unverified;relation_matrix_bw_unwired
Q485,n131_onb_hw2_m4,3668,14,polybori,50,uniform,gauss,none,n131_onb_hw2_base.json,,,,,,,,,,,,,,,,not_run_blocked,,collection_witness_policy_unwired;multi_witness_adapter_unverified;pipeline_combination_unverified
Q486,n131_onb_hw2_m4,3668,14,polybori,1000,uniform,gauss,none,n131_onb_hw2_base.json,,,,,,,,,,,,,,,,not_run_blocked,,collection_witness_policy_unwired;multi_witness_adapter_unverified;pipeline_combination_unverified
Q487,n131_onb_hw2_m4,3668,14,polybori,50,uniform,bw,none,n131_onb_hw2_base.json,,,,,,,,,,,,,,,,not_run_blocked,,collection_witness_policy_unwired;multi_witness_adapter_unverified;pipeline_combination_unverified;relation_matrix_bw_adapter_unverified;relation_matrix_bw_unwired
Q488,n131_onb_hw2_m4,3668,14,polybori,1000,uniform,bw,none,n131_onb_hw2_base.json,,,,,,,,,,,,,,,,not_run_blocked,,collection_witness_policy_unwired;multi_witness_adapter_unverified;pipeline_combination_unverified;relation_matrix_bw_adapter_unverified;relation_matrix_bw_unwired
Q489,n131_onb_hw2_m4,3668,14,polybori,50,rankscan,gauss,none,n131_onb_hw2_base.json,,,,,,,,,,,,,,,,not_run_blocked,,collection_witness_policy_unwired;multi_witness_adapter_unverified;pipeline_combination_unverified
Q490,n131_onb_hw2_m4,3668,14,polybori,1000,rankscan,gauss,none,n131_onb_hw2_base.json,,,,,,,,,,,,,,,,not_run_blocked,,collection_witness_policy_unwired;multi_witness_adapter_unverified;pipeline_combination_unverified
Q491,n131_onb_hw2_m4,3668,14,polybori,50,rankscan,bw,none,n131_onb_hw2_base.json,,,,,,,,,,,,,,,,not_run_blocked,,collection_witness_policy_unwired;multi_witness_adapter_unverified;pipeline_combination_unverified;relation_matrix_bw_adapter_unverified;relation_matrix_bw_unwired
Q492,n131_onb_hw2_m4,3668,14,polybori,1000,rankscan,bw,none,n131_onb_hw2_base.json,,,,,,,,,,,,,,,,not_run_blocked,,collection_witness_policy_unwired;multi_witness_adapter_unverified;pipeline_combination_unverified;relation_matrix_bw_adapter_unverified;relation_matrix_bw_unwired
Q493,n131_onb_hw2_m4,3668,14,polybori,50,rankscan16,gauss,none,n131_onb_hw2_base.json,,,,,,,,,,,,,,,,not_run_blocked,,collection_witness_policy_unwired;multi_witness_adapter_unverified;pipeline_combination_unverified
Q494,n131_onb_hw2_m4,3668,14,polybori,1000,rankscan16,gauss,none,n131_onb_hw2_base.json,,,,,,,,,,,,,,,,not_run_blocked,,collection_witness_policy_unwired;multi_witness_adapter_unverified;pipeline_combination_unverified
Q495,n131_onb_hw2_m4,3668,14,polybori,50,rankscan16,bw,none,n131_onb_hw2_base.json,,,,,,,,,,,,,,,,not_run_blocked,,collection_witness_policy_unwired;multi_witness_adapter_unverified;pipeline_combination_unverified;relation_matrix_bw_adapter_unverified;relation_matrix_bw_unwired
Q496,n131_onb_hw2_m4,3668,14,polybori,1000,rankscan16,bw,none,n131_onb_hw2_base.json,,,,,,,,,,,,,,,,not_run_blocked,,collection_witness_policy_unwired;multi_witness_adapter_unverified;pipeline_combination_unverified;relation_matrix_bw_adapter_unverified;relation_matrix_bw_unwired
Q497,n131_onb_hw2_m4,3668,14,polybori,50,allnovel,gauss,none,n131_onb_hw2_base.json,,,,,,,,,,,,,,,,not_run_blocked,,collection_witness_policy_unwired;multi_witness_adapter_unverified;pipeline_combination_unverified
Q498,n131_onb_hw2_m4,3668,14,polybori,1000,allnovel,gauss,none,n131_onb_hw2_base.json,,,,,,,,,,,,,,,,not_run_blocked,,collection_witness_policy_unwired;multi_witness_adapter_unverified;pipeline_combination_unverified
Q499,n131_onb_hw2_m4,3668,14,polybori,50,allnovel,bw,none,n131_onb_hw2_base.json,,,,,,,,,,,,,,,,not_run_blocked,,collection_witness_policy_unwired;multi_witness_adapter_unverified;pipeline_combination_unverified;relation_matrix_bw_adapter_unverified;relation_matrix_bw_unwired
Q500,n131_onb_hw2_m4,3668,14,polybori,1000,allnovel,bw,none,n131_onb_hw2_base.json,,,,,,,,,,,,,,,,not_run_blocked,,collection_witness_policy_unwired;multi_witness_adapter_unverified;pipeline_combination_unverified;relation_matrix_bw_adapter_unverified;relation_matrix_bw_unwired
Q501,n131_onb_hw3_m5,3668,14,sat,50,first,gauss,none,n131_onb_hw3_base.json,,,,,,,,,,,,,,,,not_run_blocked,,pipeline_combination_unverified
Q502,n131_onb_hw3_m5,3668,14,sat,1000,first,gauss,none,n131_onb_hw3_base.json,,,,,,,,,,,,,,,,not_run_blocked,,pipeline_combination_unverified
Q503,n131_onb_hw3_m5,3668,14,sat,50,first,bw,none,n131_onb_hw3_base.json,,,,,,,,,,,,,,,,not_run_blocked,,pipeline_combination_unverified;relation_matrix_bw_adapter_unverified;relation_matrix_bw_unwired
Q504,n131_onb_hw3_m5,3668,14,sat,1000,first,bw,none,n131_onb_hw3_base.json,,,,,,,,,,,,,,,,not_run_blocked,,pipeline_combination_unverified;relation_matrix_bw_adapter_unverified;relation_matrix_bw_unwired
Q505,n131_onb_hw3_m5,3668,14,sat,50,uniform,gauss,none,n131_onb_hw3_base.json,,,,,,,,,,,,,,,,not_run_blocked,,collection_witness_policy_unwired;multi_witness_adapter_unverified;pipeline_combination_unverified
Q506,n131_onb_hw3_m5,3668,14,sat,1000,uniform,gauss,none,n131_onb_hw3_base.json,,,,,,,,,,,,,,,,not_run_blocked,,collection_witness_policy_unwired;multi_witness_adapter_unverified;pipeline_combination_unverified
Q507,n131_onb_hw3_m5,3668,14,sat,50,uniform,bw,none,n131_onb_hw3_base.json,,,,,,,,,,,,,,,,not_run_blocked,,collection_witness_policy_unwired;multi_witness_adapter_unverified;pipeline_combination_unverified;relation_matrix_bw_adapter_unverified;relation_matrix_bw_unwired
Q508,n131_onb_hw3_m5,3668,14,sat,1000,uniform,bw,none,n131_onb_hw3_base.json,,,,,,,,,,,,,,,,not_run_blocked,,collection_witness_policy_unwired;multi_witness_adapter_unverified;pipeline_combination_unverified;relation_matrix_bw_adapter_unverified;relation_matrix_bw_unwired
Q509,n131_onb_hw3_m5,3668,14,sat,50,rankscan,gauss,none,n131_onb_hw3_base.json,,,,,,,,,,,,,,,,not_run_blocked,,collection_witness_policy_unwired;multi_witness_adapter_unverified;pipeline_combination_unverified
Q510,n131_onb_hw3_m5,3668,14,sat,1000,rankscan,gauss,none,n131_onb_hw3_base.json,,,,,,,,,,,,,,,,not_run_blocked,,collection_witness_policy_unwired;multi_witness_adapter_unverified;pipeline_combination_unverified
Q511,n131_onb_hw3_m5,3668,14,sat,50,rankscan,bw,none,n131_onb_hw3_base.json,,,,,,,,,,,,,,,,not_run_blocked,,collection_witness_policy_unwired;multi_witness_adapter_unverified;pipeline_combination_unverified;relation_matrix_bw_adapter_unverified;relation_matrix_bw_unwired
Q512,n131_onb_hw3_m5,3668,14,sat,1000,rankscan,bw,none,n131_onb_hw3_base.json,,,,,,,,,,,,,,,,not_run_blocked,,collection_witness_policy_unwired;multi_witness_adapter_unverified;pipeline_combination_unverified;relation_matrix_bw_adapter_unverified;relation_matrix_bw_unwired
Q513,n131_onb_hw3_m5,3668,14,sat,50,rankscan16,gauss,none,n131_onb_hw3_base.json,,,,,,,,,,,,,,,,not_run_blocked,,collection_witness_policy_unwired;multi_witness_adapter_unverified;pipeline_combination_unverified
Q514,n131_onb_hw3_m5,3668,14,sat,1000,rankscan16,gauss,none,n131_onb_hw3_base.json,,,,,,,,,,,,,,,,not_run_blocked,,collection_witness_policy_unwired;multi_witness_adapter_unverified;pipeline_combination_unverified
Q515,n131_onb_hw3_m5,3668,14,sat,50,rankscan16,bw,none,n131_onb_hw3_base.json,,,,,,,,,,,,,,,,not_run_blocked,,collection_witness_policy_unwired;multi_witness_adapter_unverified;pipeline_combination_unverified;relation_matrix_bw_adapter_unverified;relation_matrix_bw_unwired
Q516,n131_onb_hw3_m5,3668,14,sat,1000,rankscan16,bw,none,n131_onb_hw3_base.json,,,,,,,,,,,,,,,,not_run_blocked,,collection_witness_policy_unwired;multi_witness_adapter_unverified;pipeline_combination_unverified;relation_matrix_bw_adapter_unverified;relation_matrix_bw_unwired
Q517,n131_onb_hw3_m5,3668,14,sat,50,allnovel,gauss,none,n131_onb_hw3_base.json,,,,,,,,,,,,,,,,not_run_blocked,,collection_witness_policy_unwired;multi_witness_adapter_unverified;pipeline_combination_unverified
Q518,n131_onb_hw3_m5,3668,14,sat,1000,allnovel,gauss,none,n131_onb_hw3_base.json,,,,,,,,,,,,,,,,not_run_blocked,,collection_witness_policy_unwired;multi_witness_adapter_unverified;pipeline_combination_unverified
Q519,n131_onb_hw3_m5,3668,14,sat,50,allnovel,bw,none,n131_onb_hw3_base.json,,,,,,,,,,,,,,,,not_run_blocked,,collection_witness_policy_unwired;multi_witness_adapter_unverified;pipeline_combination_unverified;relation_matrix_bw_adapter_unverified;relation_matrix_bw_unwired
Q520,n131_onb_hw3_m5,3668,14,sat,1000,allnovel,bw,none,n131_onb_hw3_base.json,,,,,,,,,,,,,,,,not_run_blocked,,collection_witness_policy_unwired;multi_witness_adapter_unverified;pipeline_combination_unverified;relation_matrix_bw_adapter_unverified;relation_matrix_bw_unwired
Q521,n131_onb_hw3_m5,3668,14,f4,50,first,gauss,none,n131_onb_hw3_base.json,,,,,,,,,,,,,,,,not_run_blocked,,pipeline_combination_unverified
Q522,n131_onb_hw3_m5,3668,14,f4,1000,first,gauss,none,n131_onb_hw3_base.json,,,,,,,,,,,,,,,,not_run_blocked,,pipeline_combination_unverified
Q523,n131_onb_hw3_m5,3668,14,f4,50,first,bw,none,n131_onb_hw3_base.json,,,,,,,,,,,,,,,,not_run_blocked,,pipeline_combination_unverified;relation_matrix_bw_adapter_unverified;relation_matrix_bw_unwired
Q524,n131_onb_hw3_m5,3668,14,f4,1000,first,bw,none,n131_onb_hw3_base.json,,,,,,,,,,,,,,,,not_run_blocked,,pipeline_combination_unverified;relation_matrix_bw_adapter_unverified;relation_matrix_bw_unwired
Q525,n131_onb_hw3_m5,3668,14,f4,50,uniform,gauss,none,n131_onb_hw3_base.json,,,,,,,,,,,,,,,,not_run_blocked,,collection_witness_policy_unwired;multi_witness_adapter_unverified;pipeline_combination_unverified
Q526,n131_onb_hw3_m5,3668,14,f4,1000,uniform,gauss,none,n131_onb_hw3_base.json,,,,,,,,,,,,,,,,not_run_blocked,,collection_witness_policy_unwired;multi_witness_adapter_unverified;pipeline_combination_unverified
Q527,n131_onb_hw3_m5,3668,14,f4,50,uniform,bw,none,n131_onb_hw3_base.json,,,,,,,,,,,,,,,,not_run_blocked,,collection_witness_policy_unwired;multi_witness_adapter_unverified;pipeline_combination_unverified;relation_matrix_bw_adapter_unverified;relation_matrix_bw_unwired
Q528,n131_onb_hw3_m5,3668,14,f4,1000,uniform,bw,none,n131_onb_hw3_base.json,,,,,,,,,,,,,,,,not_run_blocked,,collection_witness_policy_unwired;multi_witness_adapter_unverified;pipeline_combination_unverified;relation_matrix_bw_adapter_unverified;relation_matrix_bw_unwired
Q529,n131_onb_hw3_m5,3668,14,f4,50,rankscan,gauss,none,n131_onb_hw3_base.json,,,,,,,,,,,,,,,,not_run_blocked,,collection_witness_policy_unwired;multi_witness_adapter_unverified;pipeline_combination_unverified
Q530,n131_onb_hw3_m5,3668,14,f4,1000,rankscan,gauss,none,n131_onb_hw3_base.json,,,,,,,,,,,,,,,,not_run_blocked,,collection_witness_policy_unwired;multi_witness_adapter_unverified;pipeline_combination_unverified
Q531,n131_onb_hw3_m5,3668,14,f4,50,rankscan,bw,none,n131_onb_hw3_base.json,,,,,,,,,,,,,,,,not_run_blocked,,collection_witness_policy_unwired;multi_witness_adapter_unverified;pipeline_combination_unverified;relation_matrix_bw_adapter_unverified;relation_matrix_bw_unwired
Q532,n131_onb_hw3_m5,3668,14,f4,1000,rankscan,bw,none,n131_onb_hw3_base.json,,,,,,,,,,,,,,,,not_run_blocked,,collection_witness_policy_unwired;multi_witness_adapter_unverified;pipeline_combination_unverified;relation_matrix_bw_adapter_unverified;relation_matrix_bw_unwired
Q533,n131_onb_hw3_m5,3668,14,f4,50,rankscan16,gauss,none,n131_onb_hw3_base.json,,,,,,,,,,,,,,,,not_run_blocked,,collection_witness_policy_unwired;multi_witness_adapter_unverified;pipeline_combination_unverified
Q534,n131_onb_hw3_m5,3668,14,f4,1000,rankscan16,gauss,none,n131_onb_hw3_base.json,,,,,,,,,,,,,,,,not_run_blocked,,collection_witness_policy_unwired;multi_witness_adapter_unverified;pipeline_combination_unverified
Q535,n131_onb_hw3_m5,3668,14,f4,50,rankscan16,bw,none,n131_onb_hw3_base.json,,,,,,,,,,,,,,,,not_run_blocked,,collection_witness_policy_unwired;multi_witness_adapter_unverified;pipeline_combination_unverified;relation_matrix_bw_adapter_unverified;relation_matrix_bw_unwired
Q536,n131_onb_hw3_m5,3668,14,f4,1000,rankscan16,bw,none,n131_onb_hw3_base.json,,,,,,,,,,,,,,,,not_run_blocked,,collection_witness_policy_unwired;multi_witness_adapter_unverified;pipeline_combination_unverified;relation_matrix_bw_adapter_unverified;relation_matrix_bw_unwired
Q537,n131_onb_hw3_m5,3668,14,f4,50,allnovel,gauss,none,n131_onb_hw3_base.json,,,,,,,,,,,,,,,,not_run_blocked,,collection_witness_policy_unwired;multi_witness_adapter_unverified;pipeline_combination_unverified
Q538,n131_onb_hw3_m5,3668,14,f4,1000,allnovel,gauss,none,n131_onb_hw3_base.json,,,,,,,,,,,,,,,,not_run_blocked,,collection_witness_policy_unwired;multi_witness_adapter_unverified;pipeline_combination_unverified
Q539,n131_onb_hw3_m5,3668,14,f4,50,allnovel,bw,none,n131_onb_hw3_base.json,,,,,,,,,,,,,,,,not_run_blocked,,collection_witness_policy_unwired;multi_witness_adapter_unverified;pipeline_combination_unverified;relation_matrix_bw_adapter_unverified;relation_matrix_bw_unwired
Q540,n131_onb_hw3_m5,3668,14,f4,1000,allnovel,bw,none,n131_onb_hw3_base.json,,,,,,,,,,,,,,,,not_run_blocked,,collection_witness_policy_unwired;multi_witness_adapter_unverified;pipeline_combination_unverified;relation_matrix_bw_adapter_unverified;relation_matrix_bw_unwired
Q541,n131_onb_hw3_m5,3668,14,f5b,50,first,gauss,none,n131_onb_hw3_base.json,,,,,,,,,,,,,,,,not_run_blocked,,pipeline_combination_unverified
Q542,n131_onb_hw3_m5,3668,14,f5b,1000,first,gauss,none,n131_onb_hw3_base.json,,,,,,,,,,,,,,,,not_run_blocked,,pipeline_combination_unverified
Q543,n131_onb_hw3_m5,3668,14,f5b,50,first,bw,none,n131_onb_hw3_base.json,,,,,,,,,,,,,,,,not_run_blocked,,pipeline_combination_unverified;relation_matrix_bw_adapter_unverified;relation_matrix_bw_unwired
Q544,n131_onb_hw3_m5,3668,14,f5b,1000,first,bw,none,n131_onb_hw3_base.json,,,,,,,,,,,,,,,,not_run_blocked,,pipeline_combination_unverified;relation_matrix_bw_adapter_unverified;relation_matrix_bw_unwired
Q545,n131_onb_hw3_m5,3668,14,f5b,50,uniform,gauss,none,n131_onb_hw3_base.json,,,,,,,,,,,,,,,,not_run_blocked,,collection_witness_policy_unwired;multi_witness_adapter_unverified;pipeline_combination_unverified
Q546,n131_onb_hw3_m5,3668,14,f5b,1000,uniform,gauss,none,n131_onb_hw3_base.json,,,,,,,,,,,,,,,,not_run_blocked,,collection_witness_policy_unwired;multi_witness_adapter_unverified;pipeline_combination_unverified
Q547,n131_onb_hw3_m5,3668,14,f5b,50,uniform,bw,none,n131_onb_hw3_base.json,,,,,,,,,,,,,,,,not_run_blocked,,collection_witness_policy_unwired;multi_witness_adapter_unverified;pipeline_combination_unverified;relation_matrix_bw_adapter_unverified;relation_matrix_bw_unwired
Q548,n131_onb_hw3_m5,3668,14,f5b,1000,uniform,bw,none,n131_onb_hw3_base.json,,,,,,,,,,,,,,,,not_run_blocked,,collection_witness_policy_unwired;multi_witness_adapter_unverified;pipeline_combination_unverified;relation_matrix_bw_adapter_unverified;relation_matrix_bw_unwired
Q549,n131_onb_hw3_m5,3668,14,f5b,50,rankscan,gauss,none,n131_onb_hw3_base.json,,,,,,,,,,,,,,,,not_run_blocked,,collection_witness_policy_unwired;multi_witness_adapter_unverified;pipeline_combination_unverified
Q550,n131_onb_hw3_m5,3668,14,f5b,1000,rankscan,gauss,none,n131_onb_hw3_base.json,,,,,,,,,,,,,,,,not_run_blocked,,collection_witness_policy_unwired;multi_witness_adapter_unverified;pipeline_combination_unverified
Q551,n131_onb_hw3_m5,3668,14,f5b,50,rankscan,bw,none,n131_onb_hw3_base.json,,,,,,,,,,,,,,,,not_run_blocked,,collection_witness_policy_unwired;multi_witness_adapter_unverified;pipeline_combination_unverified;relation_matrix_bw_adapter_unverified;relation_matrix_bw_unwired
Q552,n131_onb_hw3_m5,3668,14,f5b,1000,rankscan,bw,none,n131_onb_hw3_base.json,,,,,,,,,,,,,,,,not_run_blocked,,collection_witness_policy_unwired;multi_witness_adapter_unverified;pipeline_combination_unverified;relation_matrix_bw_adapter_unverified;relation_matrix_bw_unwired
Q553,n131_onb_hw3_m5,3668,14,f5b,50,rankscan16,gauss,none,n131_onb_hw3_base.json,,,,,,,,,,,,,,,,not_run_blocked,,collection_witness_policy_unwired;multi_witness_adapter_unverified;pipeline_combination_unverified
Q554,n131_onb_hw3_m5,3668,14,f5b,1000,rankscan16,gauss,none,n131_onb_hw3_base.json,,,,,,,,,,,,,,,,not_run_blocked,,collection_witness_policy_unwired;multi_witness_adapter_unverified;pipeline_combination_unverified
Q555,n131_onb_hw3_m5,3668,14,f5b,50,rankscan16,bw,none,n131_onb_hw3_base.json,,,,,,,,,,,,,,,,not_run_blocked,,collection_witness_policy_unwired;multi_witness_adapter_unverified;pipeline_combination_unverified;relation_matrix_bw_adapter_unverified;relation_matrix_bw_unwired
Q556,n131_onb_hw3_m5,3668,14,f5b,1000,rankscan16,bw,none,n131_onb_hw3_base.json,,,,,,,,,,,,,,,,not_run_blocked,,collection_witness_policy_unwired;multi_witness_adapter_unverified;pipeline_combination_unverified;relation_matrix_bw_adapter_unverified;relation_matrix_bw_unwired
Q557,n131_onb_hw3_m5,3668,14,f5b,50,allnovel,gauss,none,n131_onb_hw3_base.json,,,,,,,,,,,,,,,,not_run_blocked,,collection_witness_policy_unwired;multi_witness_adapter_unverified;pipeline_combination_unverified
Q558,n131_onb_hw3_m5,3668,14,f5b,1000,allnovel,gauss,none,n131_onb_hw3_base.json,,,,,,,,,,,,,,,,not_run_blocked,,collection_witness_policy_unwired;multi_witness_adapter_unverified;pipeline_combination_unverified
Q559,n131_onb_hw3_m5,3668,14,f5b,50,allnovel,bw,none,n131_onb_hw3_base.json,,,,,,,,,,,,,,,,not_run_blocked,,collection_witness_policy_unwired;multi_witness_adapter_unverified;pipeline_combination_unverified;relation_matrix_bw_adapter_unverified;relation_matrix_bw_unwired
Q560,n131_onb_hw3_m5,3668,14,f5b,1000,allnovel,bw,none,n131_onb_hw3_base.json,,,,,,,,,,,,,,,,not_run_blocked,,collection_witness_policy_unwired;multi_witness_adapter_unverified;pipeline_combination_unverified;relation_matrix_bw_adapter_unverified;relation_matrix_bw_unwired
Q561,n131_onb_hw3_m5,3668,14,f5m4ri,50,first,gauss,none,n131_onb_hw3_base.json,,,,,,,,,,,,,,,,not_run_blocked,,pipeline_combination_unverified
Q562,n131_onb_hw3_m5,3668,14,f5m4ri,1000,first,gauss,none,n131_onb_hw3_base.json,,,,,,,,,,,,,,,,not_run_blocked,,pipeline_combination_unverified
Q563,n131_onb_hw3_m5,3668,14,f5m4ri,50,first,bw,none,n131_onb_hw3_base.json,,,,,,,,,,,,,,,,not_run_blocked,,pipeline_combination_unverified;relation_matrix_bw_adapter_unverified;relation_matrix_bw_unwired
Q564,n131_onb_hw3_m5,3668,14,f5m4ri,1000,first,bw,none,n131_onb_hw3_base.json,,,,,,,,,,,,,,,,not_run_blocked,,pipeline_combination_unverified;relation_matrix_bw_adapter_unverified;relation_matrix_bw_unwired
Q565,n131_onb_hw3_m5,3668,14,f5m4ri,50,uniform,gauss,none,n131_onb_hw3_base.json,,,,,,,,,,,,,,,,not_run_blocked,,collection_witness_policy_unwired;multi_witness_adapter_unverified;pipeline_combination_unverified
Q566,n131_onb_hw3_m5,3668,14,f5m4ri,1000,uniform,gauss,none,n131_onb_hw3_base.json,,,,,,,,,,,,,,,,not_run_blocked,,collection_witness_policy_unwired;multi_witness_adapter_unverified;pipeline_combination_unverified
Q567,n131_onb_hw3_m5,3668,14,f5m4ri,50,uniform,bw,none,n131_onb_hw3_base.json,,,,,,,,,,,,,,,,not_run_blocked,,collection_witness_policy_unwired;multi_witness_adapter_unverified;pipeline_combination_unverified;relation_matrix_bw_adapter_unverified;relation_matrix_bw_unwired
Q568,n131_onb_hw3_m5,3668,14,f5m4ri,1000,uniform,bw,none,n131_onb_hw3_base.json,,,,,,,,,,,,,,,,not_run_blocked,,collection_witness_policy_unwired;multi_witness_adapter_unverified;pipeline_combination_unverified;relation_matrix_bw_adapter_unverified;relation_matrix_bw_unwired
Q569,n131_onb_hw3_m5,3668,14,f5m4ri,50,rankscan,gauss,none,n131_onb_hw3_base.json,,,,,,,,,,,,,,,,not_run_blocked,,collection_witness_policy_unwired;multi_witness_adapter_unverified;pipeline_combination_unverified
Q570,n131_onb_hw3_m5,3668,14,f5m4ri,1000,rankscan,gauss,none,n131_onb_hw3_base.json,,,,,,,,,,,,,,,,not_run_blocked,,collection_witness_policy_unwired;multi_witness_adapter_unverified;pipeline_combination_unverified
Q571,n131_onb_hw3_m5,3668,14,f5m4ri,50,rankscan,bw,none,n131_onb_hw3_base.json,,,,,,,,,,,,,,,,not_run_blocked,,collection_witness_policy_unwired;multi_witness_adapter_unverified;pipeline_combination_unverified;relation_matrix_bw_adapter_unverified;relation_matrix_bw_unwired
Q572,n131_onb_hw3_m5,3668,14,f5m4ri,1000,rankscan,bw,none,n131_onb_hw3_base.json,,,,,,,,,,,,,,,,not_run_blocked,,collection_witness_policy_unwired;multi_witness_adapter_unverified;pipeline_combination_unverified;relation_matrix_bw_adapter_unverified;relation_matrix_bw_unwired
Q573,n131_onb_hw3_m5,3668,14,f5m4ri,50,rankscan16,gauss,none,n131_onb_hw3_base.json,,,,,,,,,,,,,,,,not_run_blocked,,collection_witness_policy_unwired;multi_witness_adapter_unverified;pipeline_combination_unverified
Q574,n131_onb_hw3_m5,3668,14,f5m4ri,1000,rankscan16,gauss,none,n131_onb_hw3_base.json,,,,,,,,,,,,,,,,not_run_blocked,,collection_witness_policy_unwired;multi_witness_adapter_unverified;pipeline_combination_unverified
Q575,n131_onb_hw3_m5,3668,14,f5m4ri,50,rankscan16,bw,none,n131_onb_hw3_base.json,,,,,,,,,,,,,,,,not_run_blocked,,collection_witness_policy_unwired;multi_witness_adapter_unverified;pipeline_combination_unverified;relation_matrix_bw_adapter_unverified;relation_matrix_bw_unwired
Q576,n131_onb_hw3_m5,3668,14,f5m4ri,1000,rankscan16,bw,none,n131_onb_hw3_base.json,,,,,,,,,,,,,,,,not_run_blocked,,collection_witness_policy_unwired;multi_witness_adapter_unverified;pipeline_combination_unverified;relation_matrix_bw_adapter_unverified;relation_matrix_bw_unwired
Q577,n131_onb_hw3_m5,3668,14,f5m4ri,50,allnovel,gauss,none,n131_onb_hw3_base.json,,,,,,,,,,,,,,,,not_run_blocked,,collection_witness_policy_unwired;multi_witness_adapter_unverified;pipeline_combination_unverified
Q578,n131_onb_hw3_m5,3668,14,f5m4ri,1000,allnovel,gauss,none,n131_onb_hw3_base.json,,,,,,,,,,,,,,,,not_run_blocked,,collection_witness_policy_unwired;multi_witness_adapter_unverified;pipeline_combination_unverified
Q579,n131_onb_hw3_m5,3668,14,f5m4ri,50,allnovel,bw,none,n131_onb_hw3_base.json,,,,,,,,,,,,,,,,not_run_blocked,,collection_witness_policy_unwired;multi_witness_adapter_unverified;pipeline_combination_unverified;relation_matrix_bw_adapter_unverified;relation_matrix_bw_unwired
Q580,n131_onb_hw3_m5,3668,14,f5m4ri,1000,allnovel,bw,none,n131_onb_hw3_base.json,,,,,,,,,,,,,,,,not_run_blocked,,collection_witness_policy_unwired;multi_witness_adapter_unverified;pipeline_combination_unverified;relation_matrix_bw_adapter_unverified;relation_matrix_bw_unwired
Q581,n131_onb_hw3_m5,3668,14,polybori,50,first,gauss,none,n131_onb_hw3_base.json,,,,,,,,,,,,,,,,not_run_blocked,,pipeline_combination_unverified
Q582,n131_onb_hw3_m5,3668,14,polybori,1000,first,gauss,none,n131_onb_hw3_base.json,,,,,,,,,,,,,,,,not_run_blocked,,pipeline_combination_unverified
Q583,n131_onb_hw3_m5,3668,14,polybori,50,first,bw,none,n131_onb_hw3_base.json,,,,,,,,,,,,,,,,not_run_blocked,,pipeline_combination_unverified;relation_matrix_bw_adapter_unverified;relation_matrix_bw_unwired
Q584,n131_onb_hw3_m5,3668,14,polybori,1000,first,bw,none,n131_onb_hw3_base.json,,,,,,,,,,,,,,,,not_run_blocked,,pipeline_combination_unverified;relation_matrix_bw_adapter_unverified;relation_matrix_bw_unwired
Q585,n131_onb_hw3_m5,3668,14,polybori,50,uniform,gauss,none,n131_onb_hw3_base.json,,,,,,,,,,,,,,,,not_run_blocked,,collection_witness_policy_unwired;multi_witness_adapter_unverified;pipeline_combination_unverified
Q586,n131_onb_hw3_m5,3668,14,polybori,1000,uniform,gauss,none,n131_onb_hw3_base.json,,,,,,,,,,,,,,,,not_run_blocked,,collection_witness_policy_unwired;multi_witness_adapter_unverified;pipeline_combination_unverified
Q587,n131_onb_hw3_m5,3668,14,polybori,50,uniform,bw,none,n131_onb_hw3_base.json,,,,,,,,,,,,,,,,not_run_blocked,,collection_witness_policy_unwired;multi_witness_adapter_unverified;pipeline_combination_unverified;relation_matrix_bw_adapter_unverified;relation_matrix_bw_unwired
Q588,n131_onb_hw3_m5,3668,14,polybori,1000,uniform,bw,none,n131_onb_hw3_base.json,,,,,,,,,,,,,,,,not_run_blocked,,collection_witness_policy_unwired;multi_witness_adapter_unverified;pipeline_combination_unverified;relation_matrix_bw_adapter_unverified;relation_matrix_bw_unwired
Q589,n131_onb_hw3_m5,3668,14,polybori,50,rankscan,gauss,none,n131_onb_hw3_base.json,,,,,,,,,,,,,,,,not_run_blocked,,collection_witness_policy_unwired;multi_witness_adapter_unverified;pipeline_combination_unverified
Q590,n131_onb_hw3_m5,3668,14,polybori,1000,rankscan,gauss,none,n131_onb_hw3_base.json,,,,,,,,,,,,,,,,not_run_blocked,,collection_witness_policy_unwired;multi_witness_adapter_unverified;pipeline_combination_unverified
Q591,n131_onb_hw3_m5,3668,14,polybori,50,rankscan,bw,none,n131_onb_hw3_base.json,,,,,,,,,,,,,,,,not_run_blocked,,collection_witness_policy_unwired;multi_witness_adapter_unverified;pipeline_combination_unverified;relation_matrix_bw_adapter_unverified;relation_matrix_bw_unwired
Q592,n131_onb_hw3_m5,3668,14,polybori,1000,rankscan,bw,none,n131_onb_hw3_base.json,,,,,,,,,,,,,,,,not_run_blocked,,collection_witness_policy_unwired;multi_witness_adapter_unverified;pipeline_combination_unverified;relation_matrix_bw_adapter_unverified;relation_matrix_bw_unwired
Q593,n131_onb_hw3_m5,3668,14,polybori,50,rankscan16,gauss,none,n131_onb_hw3_base.json,,,,,,,,,,,,,,,,not_run_blocked,,collection_witness_policy_unwired;multi_witness_adapter_unverified;pipeline_combination_unverified
Q594,n131_onb_hw3_m5,3668,14,polybori,1000,rankscan16,gauss,none,n131_onb_hw3_base.json,,,,,,,,,,,,,,,,not_run_blocked,,collection_witness_policy_unwired;multi_witness_adapter_unverified;pipeline_combination_unverified
Q595,n131_onb_hw3_m5,3668,14,polybori,50,rankscan16,bw,none,n131_onb_hw3_base.json,,,,,,,,,,,,,,,,not_run_blocked,,collection_witness_policy_unwired;multi_witness_adapter_unverified;pipeline_combination_unverified;relation_matrix_bw_adapter_unverified;relation_matrix_bw_unwired
Q596,n131_onb_hw3_m5,3668,14,polybori,1000,rankscan16,bw,none,n131_onb_hw3_base.json,,,,,,,,,,,,,,,,not_run_blocked,,collection_witness_policy_unwired;multi_witness_adapter_unverified;pipeline_combination_unverified;relation_matrix_bw_adapter_unverified;relation_matrix_bw_unwired
Q597,n131_onb_hw3_m5,3668,14,polybori,50,allnovel,gauss,none,n131_onb_hw3_base.json,,,,,,,,,,,,,,,,not_run_blocked,,collection_witness_policy_unwired;multi_witness_adapter_unverified;pipeline_combination_unverified
Q598,n131_onb_hw3_m5,3668,14,polybori,1000,allnovel,gauss,none,n131_onb_hw3_base.json,,,,,,,,,,,,,,,,not_run_blocked,,collection_witness_policy_unwired;multi_witness_adapter_unverified;pipeline_combination_unverified
Q599,n131_onb_hw3_m5,3668,14,polybori,50,allnovel,bw,none,n131_onb_hw3_base.json,,,,,,,,,,,,,,,,not_run_blocked,,collection_witness_policy_unwired;multi_witness_adapter_unverified;pipeline_combination_unverified;relation_matrix_bw_adapter_unverified;relation_matrix_bw_unwired
Q600,n131_onb_hw3_m5,3668,14,polybori,1000,allnovel,bw,none,n131_onb_hw3_base.json,,,,,,,,,,,,,,,,not_run_blocked,,collection_witness_policy_unwired;multi_witness_adapter_unverified;pipeline_combination_unverified;relation_matrix_bw_adapter_unverified;relation_matrix_bw_unwired
Q601,n131_poly_d28_m5,,,sat,50,first,gauss,none,,n131_poly_d28_sample.json,66060288.0,56008667.73207111,77624623.80889383,,,,,,,,,,,,not_run_blocked,,exact_usable_factor_base_unmaterialized;factor_base_not_materialized;pipeline_combination_unverified
Q602,n131_poly_d28_m5,,,sat,1000,first,gauss,none,,n131_poly_d28_sample.json,66060288.0,56008667.73207111,77624623.80889383,,,,,,,,,,,,not_run_blocked,,exact_usable_factor_base_unmaterialized;factor_base_not_materialized;pipeline_combination_unverified
Q603,n131_poly_d28_m5,,,sat,50,first,bw,none,,n131_poly_d28_sample.json,66060288.0,56008667.73207111,77624623.80889383,,,,,,,,,,,,not_run_blocked,,exact_usable_factor_base_unmaterialized;factor_base_not_materialized;pipeline_combination_unverified;relation_matrix_bw_adapter_unverified;relation_matrix_bw_unwired
Q604,n131_poly_d28_m5,,,sat,1000,first,bw,none,,n131_poly_d28_sample.json,66060288.0,56008667.73207111,77624623.80889383,,,,,,,,,,,,not_run_blocked,,exact_usable_factor_base_unmaterialized;factor_base_not_materialized;pipeline_combination_unverified;relation_matrix_bw_adapter_unverified;relation_matrix_bw_unwired
Q605,n131_poly_d28_m5,,,sat,50,uniform,gauss,none,,n131_poly_d28_sample.json,66060288.0,56008667.73207111,77624623.80889383,,,,,,,,,,,,not_run_blocked,,collection_witness_policy_unwired;exact_usable_factor_base_unmaterialized;factor_base_not_materialized;multi_witness_adapter_unverified;pipeline_combination_unverified
Q606,n131_poly_d28_m5,,,sat,1000,uniform,gauss,none,,n131_poly_d28_sample.json,66060288.0,56008667.73207111,77624623.80889383,,,,,,,,,,,,not_run_blocked,,collection_witness_policy_unwired;exact_usable_factor_base_unmaterialized;factor_base_not_materialized;multi_witness_adapter_unverified;pipeline_combination_unverified
Q607,n131_poly_d28_m5,,,sat,50,uniform,bw,none,,n131_poly_d28_sample.json,66060288.0,56008667.73207111,77624623.80889383,,,,,,,,,,,,not_run_blocked,,collection_witness_policy_unwired;exact_usable_factor_base_unmaterialized;factor_base_not_materialized;multi_witness_adapter_unverified;pipeline_combination_unverified;relation_matrix_bw_adapter_unverified;relation_matrix_bw_unwired
Q608,n131_poly_d28_m5,,,sat,1000,uniform,bw,none,,n131_poly_d28_sample.json,66060288.0,56008667.73207111,77624623.80889383,,,,,,,,,,,,not_run_blocked,,collection_witness_policy_unwired;exact_usable_factor_base_unmaterialized;factor_base_not_materialized;multi_witness_adapter_unverified;pipeline_combination_unverified;relation_matrix_bw_adapter_unverified;relation_matrix_bw_unwired
Q609,n131_poly_d28_m5,,,sat,50,rankscan,gauss,none,,n131_poly_d28_sample.json,66060288.0,56008667.73207111,77624623.80889383,,,,,,,,,,,,not_run_blocked,,collection_witness_policy_unwired;exact_usable_factor_base_unmaterialized;factor_base_not_materialized;multi_witness_adapter_unverified;pipeline_combination_unverified
Q610,n131_poly_d28_m5,,,sat,1000,rankscan,gauss,none,,n131_poly_d28_sample.json,66060288.0,56008667.73207111,77624623.80889383,,,,,,,,,,,,not_run_blocked,,collection_witness_policy_unwired;exact_usable_factor_base_unmaterialized;factor_base_not_materialized;multi_witness_adapter_unverified;pipeline_combination_unverified
Q611,n131_poly_d28_m5,,,sat,50,rankscan,bw,none,,n131_poly_d28_sample.json,66060288.0,56008667.73207111,77624623.80889383,,,,,,,,,,,,not_run_blocked,,collection_witness_policy_unwired;exact_usable_factor_base_unmaterialized;factor_base_not_materialized;multi_witness_adapter_unverified;pipeline_combination_unverified;relation_matrix_bw_adapter_unverified;relation_matrix_bw_unwired
Q612,n131_poly_d28_m5,,,sat,1000,rankscan,bw,none,,n131_poly_d28_sample.json,66060288.0,56008667.73207111,77624623.80889383,,,,,,,,,,,,not_run_blocked,,collection_witness_policy_unwired;exact_usable_factor_base_unmaterialized;factor_base_not_materialized;multi_witness_adapter_unverified;pipeline_combination_unverified;relation_matrix_bw_adapter_unverified;relation_matrix_bw_unwired
Q613,n131_poly_d28_m5,,,sat,50,rankscan16,gauss,none,,n131_poly_d28_sample.json,66060288.0,56008667.73207111,77624623.80889383,,,,,,,,,,,,not_run_blocked,,collection_witness_policy_unwired;exact_usable_factor_base_unmaterialized;factor_base_not_materialized;multi_witness_adapter_unverified;pipeline_combination_unverified
Q614,n131_poly_d28_m5,,,sat,1000,rankscan16,gauss,none,,n131_poly_d28_sample.json,66060288.0,56008667.73207111,77624623.80889383,,,,,,,,,,,,not_run_blocked,,collection_witness_policy_unwired;exact_usable_factor_base_unmaterialized;factor_base_not_materialized;multi_witness_adapter_unverified;pipeline_combination_unverified
Q615,n131_poly_d28_m5,,,sat,50,rankscan16,bw,none,,n131_poly_d28_sample.json,66060288.0,56008667.73207111,77624623.80889383,,,,,,,,,,,,not_run_blocked,,collection_witness_policy_unwired;exact_usable_factor_base_unmaterialized;factor_base_not_materialized;multi_witness_adapter_unverified;pipeline_combination_unverified;relation_matrix_bw_adapter_unverified;relation_matrix_bw_unwired
Q616,n131_poly_d28_m5,,,sat,1000,rankscan16,bw,none,,n131_poly_d28_sample.json,66060288.0,56008667.73207111,77624623.80889383,,,,,,,,,,,,not_run_blocked,,collection_witness_policy_unwired;exact_usable_factor_base_unmaterialized;factor_base_not_materialized;multi_witness_adapter_unverified;pipeline_combination_unverified;relation_matrix_bw_adapter_unverified;relation_matrix_bw_unwired
Q617,n131_poly_d28_m5,,,sat,50,allnovel,gauss,none,,n131_poly_d28_sample.json,66060288.0,56008667.73207111,77624623.80889383,,,,,,,,,,,,not_run_blocked,,collection_witness_policy_unwired;exact_usable_factor_base_unmaterialized;factor_base_not_materialized;multi_witness_adapter_unverified;pipeline_combination_unverified
Q618,n131_poly_d28_m5,,,sat,1000,allnovel,gauss,none,,n131_poly_d28_sample.json,66060288.0,56008667.73207111,77624623.80889383,,,,,,,,,,,,not_run_blocked,,collection_witness_policy_unwired;exact_usable_factor_base_unmaterialized;factor_base_not_materialized;multi_witness_adapter_unverified;pipeline_combination_unverified
Q619,n131_poly_d28_m5,,,sat,50,allnovel,bw,none,,n131_poly_d28_sample.json,66060288.0,56008667.73207111,77624623.80889383,,,,,,,,,,,,not_run_blocked,,collection_witness_policy_unwired;exact_usable_factor_base_unmaterialized;factor_base_not_materialized;multi_witness_adapter_unverified;pipeline_combination_unverified;relation_matrix_bw_adapter_unverified;relation_matrix_bw_unwired
Q620,n131_poly_d28_m5,,,sat,1000,allnovel,bw,none,,n131_poly_d28_sample.json,66060288.0,56008667.73207111,77624623.80889383,,,,,,,,,,,,not_run_blocked,,collection_witness_policy_unwired;exact_usable_factor_base_unmaterialized;factor_base_not_materialized;multi_witness_adapter_unverified;pipeline_combination_unverified;relation_matrix_bw_adapter_unverified;relation_matrix_bw_unwired
Q621,n131_poly_d28_m5,,,f4,50,first,gauss,none,,n131_poly_d28_sample.json,66060288.0,56008667.73207111,77624623.80889383,,,,,,,,,,,,not_run_blocked,,exact_usable_factor_base_unmaterialized;factor_base_not_materialized;pipeline_combination_unverified
Q622,n131_poly_d28_m5,,,f4,1000,first,gauss,none,,n131_poly_d28_sample.json,66060288.0,56008667.73207111,77624623.80889383,,,,,,,,,,,,not_run_blocked,,exact_usable_factor_base_unmaterialized;factor_base_not_materialized;pipeline_combination_unverified
Q623,n131_poly_d28_m5,,,f4,50,first,bw,none,,n131_poly_d28_sample.json,66060288.0,56008667.73207111,77624623.80889383,,,,,,,,,,,,not_run_blocked,,exact_usable_factor_base_unmaterialized;factor_base_not_materialized;pipeline_combination_unverified;relation_matrix_bw_adapter_unverified;relation_matrix_bw_unwired
Q624,n131_poly_d28_m5,,,f4,1000,first,bw,none,,n131_poly_d28_sample.json,66060288.0,56008667.73207111,77624623.80889383,,,,,,,,,,,,not_run_blocked,,exact_usable_factor_base_unmaterialized;factor_base_not_materialized;pipeline_combination_unverified;relation_matrix_bw_adapter_unverified;relation_matrix_bw_unwired
Q625,n131_poly_d28_m5,,,f4,50,uniform,gauss,none,,n131_poly_d28_sample.json,66060288.0,56008667.73207111,77624623.80889383,,,,,,,,,,,,not_run_blocked,,collection_witness_policy_unwired;exact_usable_factor_base_unmaterialized;factor_base_not_materialized;multi_witness_adapter_unverified;pipeline_combination_unverified
Q626,n131_poly_d28_m5,,,f4,1000,uniform,gauss,none,,n131_poly_d28_sample.json,66060288.0,56008667.73207111,77624623.80889383,,,,,,,,,,,,not_run_blocked,,collection_witness_policy_unwired;exact_usable_factor_base_unmaterialized;factor_base_not_materialized;multi_witness_adapter_unverified;pipeline_combination_unverified
Q627,n131_poly_d28_m5,,,f4,50,uniform,bw,none,,n131_poly_d28_sample.json,66060288.0,56008667.73207111,77624623.80889383,,,,,,,,,,,,not_run_blocked,,collection_witness_policy_unwired;exact_usable_factor_base_unmaterialized;factor_base_not_materialized;multi_witness_adapter_unverified;pipeline_combination_unverified;relation_matrix_bw_adapter_unverified;relation_matrix_bw_unwired
Q628,n131_poly_d28_m5,,,f4,1000,uniform,bw,none,,n131_poly_d28_sample.json,66060288.0,56008667.73207111,77624623.80889383,,,,,,,,,,,,not_run_blocked,,collection_witness_policy_unwired;exact_usable_factor_base_unmaterialized;factor_base_not_materialized;multi_witness_adapter_unverified;pipeline_combination_unverified;relation_matrix_bw_adapter_unverified;relation_matrix_bw_unwired
Q629,n131_poly_d28_m5,,,f4,50,rankscan,gauss,none,,n131_poly_d28_sample.json,66060288.0,56008667.73207111,77624623.80889383,,,,,,,,,,,,not_run_blocked,,collection_witness_policy_unwired;exact_usable_factor_base_unmaterialized;factor_base_not_materialized;multi_witness_adapter_unverified;pipeline_combination_unverified
Q630,n131_poly_d28_m5,,,f4,1000,rankscan,gauss,none,,n131_poly_d28_sample.json,66060288.0,56008667.73207111,77624623.80889383,,,,,,,,,,,,not_run_blocked,,collection_witness_policy_unwired;exact_usable_factor_base_unmaterialized;factor_base_not_materialized;multi_witness_adapter_unverified;pipeline_combination_unverified
Q631,n131_poly_d28_m5,,,f4,50,rankscan,bw,none,,n131_poly_d28_sample.json,66060288.0,56008667.73207111,77624623.80889383,,,,,,,,,,,,not_run_blocked,,collection_witness_policy_unwired;exact_usable_factor_base_unmaterialized;factor_base_not_materialized;multi_witness_adapter_unverified;pipeline_combination_unverified;relation_matrix_bw_adapter_unverified;relation_matrix_bw_unwired
Q632,n131_poly_d28_m5,,,f4,1000,rankscan,bw,none,,n131_poly_d28_sample.json,66060288.0,56008667.73207111,77624623.80889383,,,,,,,,,,,,not_run_blocked,,collection_witness_policy_unwired;exact_usable_factor_base_unmaterialized;factor_base_not_materialized;multi_witness_adapter_unverified;pipeline_combination_unverified;relation_matrix_bw_adapter_unverified;relation_matrix_bw_unwired
Q633,n131_poly_d28_m5,,,f4,50,rankscan16,gauss,none,,n131_poly_d28_sample.json,66060288.0,56008667.73207111,77624623.80889383,,,,,,,,,,,,not_run_blocked,,collection_witness_policy_unwired;exact_usable_factor_base_unmaterialized;factor_base_not_materialized;multi_witness_adapter_unverified;pipeline_combination_unverified
Q634,n131_poly_d28_m5,,,f4,1000,rankscan16,gauss,none,,n131_poly_d28_sample.json,66060288.0,56008667.73207111,77624623.80889383,,,,,,,,,,,,not_run_blocked,,collection_witness_policy_unwired;exact_usable_factor_base_unmaterialized;factor_base_not_materialized;multi_witness_adapter_unverified;pipeline_combination_unverified
Q635,n131_poly_d28_m5,,,f4,50,rankscan16,bw,none,,n131_poly_d28_sample.json,66060288.0,56008667.73207111,77624623.80889383,,,,,,,,,,,,not_run_blocked,,collection_witness_policy_unwired;exact_usable_factor_base_unmaterialized;factor_base_not_materialized;multi_witness_adapter_unverified;pipeline_combination_unverified;relation_matrix_bw_adapter_unverified;relation_matrix_bw_unwired
Q636,n131_poly_d28_m5,,,f4,1000,rankscan16,bw,none,,n131_poly_d28_sample.json,66060288.0,56008667.73207111,77624623.80889383,,,,,,,,,,,,not_run_blocked,,collection_witness_policy_unwired;exact_usable_factor_base_unmaterialized;factor_base_not_materialized;multi_witness_adapter_unverified;pipeline_combination_unverified;relation_matrix_bw_adapter_unverified;relation_matrix_bw_unwired
Q637,n131_poly_d28_m5,,,f4,50,allnovel,gauss,none,,n131_poly_d28_sample.json,66060288.0,56008667.73207111,77624623.80889383,,,,,,,,,,,,not_run_blocked,,collection_witness_policy_unwired;exact_usable_factor_base_unmaterialized;factor_base_not_materialized;multi_witness_adapter_unverified;pipeline_combination_unverified
Q638,n131_poly_d28_m5,,,f4,1000,allnovel,gauss,none,,n131_poly_d28_sample.json,66060288.0,56008667.73207111,77624623.80889383,,,,,,,,,,,,not_run_blocked,,collection_witness_policy_unwired;exact_usable_factor_base_unmaterialized;factor_base_not_materialized;multi_witness_adapter_unverified;pipeline_combination_unverified
Q639,n131_poly_d28_m5,,,f4,50,allnovel,bw,none,,n131_poly_d28_sample.json,66060288.0,56008667.73207111,77624623.80889383,,,,,,,,,,,,not_run_blocked,,collection_witness_policy_unwired;exact_usable_factor_base_unmaterialized;factor_base_not_materialized;multi_witness_adapter_unverified;pipeline_combination_unverified;relation_matrix_bw_adapter_unverified;relation_matrix_bw_unwired
Q640,n131_poly_d28_m5,,,f4,1000,allnovel,bw,none,,n131_poly_d28_sample.json,66060288.0,56008667.73207111,77624623.80889383,,,,,,,,,,,,not_run_blocked,,collection_witness_policy_unwired;exact_usable_factor_base_unmaterialized;factor_base_not_materialized;multi_witness_adapter_unverified;pipeline_combination_unverified;relation_matrix_bw_adapter_unverified;relation_matrix_bw_unwired
Q641,n131_poly_d28_m5,,,f5b,50,first,gauss,none,,n131_poly_d28_sample.json,66060288.0,56008667.73207111,77624623.80889383,,,,,,,,,,,,not_run_blocked,,exact_usable_factor_base_unmaterialized;factor_base_not_materialized;pipeline_combination_unverified
Q642,n131_poly_d28_m5,,,f5b,1000,first,gauss,none,,n131_poly_d28_sample.json,66060288.0,56008667.73207111,77624623.80889383,,,,,,,,,,,,not_run_blocked,,exact_usable_factor_base_unmaterialized;factor_base_not_materialized;pipeline_combination_unverified
Q643,n131_poly_d28_m5,,,f5b,50,first,bw,none,,n131_poly_d28_sample.json,66060288.0,56008667.73207111,77624623.80889383,,,,,,,,,,,,not_run_blocked,,exact_usable_factor_base_unmaterialized;factor_base_not_materialized;pipeline_combination_unverified;relation_matrix_bw_adapter_unverified;relation_matrix_bw_unwired
Q644,n131_poly_d28_m5,,,f5b,1000,first,bw,none,,n131_poly_d28_sample.json,66060288.0,56008667.73207111,77624623.80889383,,,,,,,,,,,,not_run_blocked,,exact_usable_factor_base_unmaterialized;factor_base_not_materialized;pipeline_combination_unverified;relation_matrix_bw_adapter_unverified;relation_matrix_bw_unwired
Q645,n131_poly_d28_m5,,,f5b,50,uniform,gauss,none,,n131_poly_d28_sample.json,66060288.0,56008667.73207111,77624623.80889383,,,,,,,,,,,,not_run_blocked,,collection_witness_policy_unwired;exact_usable_factor_base_unmaterialized;factor_base_not_materialized;multi_witness_adapter_unverified;pipeline_combination_unverified
Q646,n131_poly_d28_m5,,,f5b,1000,uniform,gauss,none,,n131_poly_d28_sample.json,66060288.0,56008667.73207111,77624623.80889383,,,,,,,,,,,,not_run_blocked,,collection_witness_policy_unwired;exact_usable_factor_base_unmaterialized;factor_base_not_materialized;multi_witness_adapter_unverified;pipeline_combination_unverified
Q647,n131_poly_d28_m5,,,f5b,50,uniform,bw,none,,n131_poly_d28_sample.json,66060288.0,56008667.73207111,77624623.80889383,,,,,,,,,,,,not_run_blocked,,collection_witness_policy_unwired;exact_usable_factor_base_unmaterialized;factor_base_not_materialized;multi_witness_adapter_unverified;pipeline_combination_unverified;relation_matrix_bw_adapter_unverified;relation_matrix_bw_unwired
Q648,n131_poly_d28_m5,,,f5b,1000,uniform,bw,none,,n131_poly_d28_sample.json,66060288.0,56008667.73207111,77624623.80889383,,,,,,,,,,,,not_run_blocked,,collection_witness_policy_unwired;exact_usable_factor_base_unmaterialized;factor_base_not_materialized;multi_witness_adapter_unverified;pipeline_combination_unverified;relation_matrix_bw_adapter_unverified;relation_matrix_bw_unwired
Q649,n131_poly_d28_m5,,,f5b,50,rankscan,gauss,none,,n131_poly_d28_sample.json,66060288.0,56008667.73207111,77624623.80889383,,,,,,,,,,,,not_run_blocked,,collection_witness_policy_unwired;exact_usable_factor_base_unmaterialized;factor_base_not_materialized;multi_witness_adapter_unverified;pipeline_combination_unverified
Q650,n131_poly_d28_m5,,,f5b,1000,rankscan,gauss,none,,n131_poly_d28_sample.json,66060288.0,56008667.73207111,77624623.80889383,,,,,,,,,,,,not_run_blocked,,collection_witness_policy_unwired;exact_usable_factor_base_unmaterialized;factor_base_not_materialized;multi_witness_adapter_unverified;pipeline_combination_unverified
Q651,n131_poly_d28_m5,,,f5b,50,rankscan,bw,none,,n131_poly_d28_sample.json,66060288.0,56008667.73207111,77624623.80889383,,,,,,,,,,,,not_run_blocked,,collection_witness_policy_unwired;exact_usable_factor_base_unmaterialized;factor_base_not_materialized;multi_witness_adapter_unverified;pipeline_combination_unverified;relation_matrix_bw_adapter_unverified;relation_matrix_bw_unwired
Q652,n131_poly_d28_m5,,,f5b,1000,rankscan,bw,none,,n131_poly_d28_sample.json,66060288.0,56008667.73207111,77624623.80889383,,,,,,,,,,,,not_run_blocked,,collection_witness_policy_unwired;exact_usable_factor_base_unmaterialized;factor_base_not_materialized;multi_witness_adapter_unverified;pipeline_combination_unverified;relation_matrix_bw_adapter_unverified;relation_matrix_bw_unwired
Q653,n131_poly_d28_m5,,,f5b,50,rankscan16,gauss,none,,n131_poly_d28_sample.json,66060288.0,56008667.73207111,77624623.80889383,,,,,,,,,,,,not_run_blocked,,collection_witness_policy_unwired;exact_usable_factor_base_unmaterialized;factor_base_not_materialized;multi_witness_adapter_unverified;pipeline_combination_unverified
Q654,n131_poly_d28_m5,,,f5b,1000,rankscan16,gauss,none,,n131_poly_d28_sample.json,66060288.0,56008667.73207111,77624623.80889383,,,,,,,,,,,,not_run_blocked,,collection_witness_policy_unwired;exact_usable_factor_base_unmaterialized;factor_base_not_materialized;multi_witness_adapter_unverified;pipeline_combination_unverified
Q655,n131_poly_d28_m5,,,f5b,50,rankscan16,bw,none,,n131_poly_d28_sample.json,66060288.0,56008667.73207111,77624623.80889383,,,,,,,,,,,,not_run_blocked,,collection_witness_policy_unwired;exact_usable_factor_base_unmaterialized;factor_base_not_materialized;multi_witness_adapter_unverified;pipeline_combination_unverified;relation_matrix_bw_adapter_unverified;relation_matrix_bw_unwired
Q656,n131_poly_d28_m5,,,f5b,1000,rankscan16,bw,none,,n131_poly_d28_sample.json,66060288.0,56008667.73207111,77624623.80889383,,,,,,,,,,,,not_run_blocked,,collection_witness_policy_unwired;exact_usable_factor_base_unmaterialized;factor_base_not_materialized;multi_witness_adapter_unverified;pipeline_combination_unverified;relation_matrix_bw_adapter_unverified;relation_matrix_bw_unwired
Q657,n131_poly_d28_m5,,,f5b,50,allnovel,gauss,none,,n131_poly_d28_sample.json,66060288.0,56008667.73207111,77624623.80889383,,,,,,,,,,,,not_run_blocked,,collection_witness_policy_unwired;exact_usable_factor_base_unmaterialized;factor_base_not_materialized;multi_witness_adapter_unverified;pipeline_combination_unverified
Q658,n131_poly_d28_m5,,,f5b,1000,allnovel,gauss,none,,n131_poly_d28_sample.json,66060288.0,56008667.73207111,77624623.80889383,,,,,,,,,,,,not_run_blocked,,collection_witness_policy_unwired;exact_usable_factor_base_unmaterialized;factor_base_not_materialized;multi_witness_adapter_unverified;pipeline_combination_unverified
Q659,n131_poly_d28_m5,,,f5b,50,allnovel,bw,none,,n131_poly_d28_sample.json,66060288.0,56008667.73207111,77624623.80889383,,,,,,,,,,,,not_run_blocked,,collection_witness_policy_unwired;exact_usable_factor_base_unmaterialized;factor_base_not_materialized;multi_witness_adapter_unverified;pipeline_combination_unverified;relation_matrix_bw_adapter_unverified;relation_matrix_bw_unwired
Q660,n131_poly_d28_m5,,,f5b,1000,allnovel,bw,none,,n131_poly_d28_sample.json,66060288.0,56008667.73207111,77624623.80889383,,,,,,,,,,,,not_run_blocked,,collection_witness_policy_unwired;exact_usable_factor_base_unmaterialized;factor_base_not_materialized;multi_witness_adapter_unverified;pipeline_combination_unverified;relation_matrix_bw_adapter_unverified;relation_matrix_bw_unwired
Q661,n131_poly_d28_m5,,,f5m4ri,50,first,gauss,none,,n131_poly_d28_sample.json,66060288.0,56008667.73207111,77624623.80889383,,,,,,,,,,,,not_run_blocked,,exact_usable_factor_base_unmaterialized;factor_base_not_materialized;pipeline_combination_unverified
Q662,n131_poly_d28_m5,,,f5m4ri,1000,first,gauss,none,,n131_poly_d28_sample.json,66060288.0,56008667.73207111,77624623.80889383,,,,,,,,,,,,not_run_blocked,,exact_usable_factor_base_unmaterialized;factor_base_not_materialized;pipeline_combination_unverified
Q663,n131_poly_d28_m5,,,f5m4ri,50,first,bw,none,,n131_poly_d28_sample.json,66060288.0,56008667.73207111,77624623.80889383,,,,,,,,,,,,not_run_blocked,,exact_usable_factor_base_unmaterialized;factor_base_not_materialized;pipeline_combination_unverified;relation_matrix_bw_adapter_unverified;relation_matrix_bw_unwired
Q664,n131_poly_d28_m5,,,f5m4ri,1000,first,bw,none,,n131_poly_d28_sample.json,66060288.0,56008667.73207111,77624623.80889383,,,,,,,,,,,,not_run_blocked,,exact_usable_factor_base_unmaterialized;factor_base_not_materialized;pipeline_combination_unverified;relation_matrix_bw_adapter_unverified;relation_matrix_bw_unwired
Q665,n131_poly_d28_m5,,,f5m4ri,50,uniform,gauss,none,,n131_poly_d28_sample.json,66060288.0,56008667.73207111,77624623.80889383,,,,,,,,,,,,not_run_blocked,,collection_witness_policy_unwired;exact_usable_factor_base_unmaterialized;factor_base_not_materialized;multi_witness_adapter_unverified;pipeline_combination_unverified
Q666,n131_poly_d28_m5,,,f5m4ri,1000,uniform,gauss,none,,n131_poly_d28_sample.json,66060288.0,56008667.73207111,77624623.80889383,,,,,,,,,,,,not_run_blocked,,collection_witness_policy_unwired;exact_usable_factor_base_unmaterialized;factor_base_not_materialized;multi_witness_adapter_unverified;pipeline_combination_unverified
Q667,n131_poly_d28_m5,,,f5m4ri,50,uniform,bw,none,,n131_poly_d28_sample.json,66060288.0,56008667.73207111,77624623.80889383,,,,,,,,,,,,not_run_blocked,,collection_witness_policy_unwired;exact_usable_factor_base_unmaterialized;factor_base_not_materialized;multi_witness_adapter_unverified;pipeline_combination_unverified;relation_matrix_bw_adapter_unverified;relation_matrix_bw_unwired
Q668,n131_poly_d28_m5,,,f5m4ri,1000,uniform,bw,none,,n131_poly_d28_sample.json,66060288.0,56008667.73207111,77624623.80889383,,,,,,,,,,,,not_run_blocked,,collection_witness_policy_unwired;exact_usable_factor_base_unmaterialized;factor_base_not_materialized;multi_witness_adapter_unverified;pipeline_combination_unverified;relation_matrix_bw_adapter_unverified;relation_matrix_bw_unwired
Q669,n131_poly_d28_m5,,,f5m4ri,50,rankscan,gauss,none,,n131_poly_d28_sample.json,66060288.0,56008667.73207111,77624623.80889383,,,,,,,,,,,,not_run_blocked,,collection_witness_policy_unwired;exact_usable_factor_base_unmaterialized;factor_base_not_materialized;multi_witness_adapter_unverified;pipeline_combination_unverified
Q670,n131_poly_d28_m5,,,f5m4ri,1000,rankscan,gauss,none,,n131_poly_d28_sample.json,66060288.0,56008667.73207111,77624623.80889383,,,,,,,,,,,,not_run_blocked,,collection_witness_policy_unwired;exact_usable_factor_base_unmaterialized;factor_base_not_materialized;multi_witness_adapter_unverified;pipeline_combination_unverified
Q671,n131_poly_d28_m5,,,f5m4ri,50,rankscan,bw,none,,n131_poly_d28_sample.json,66060288.0,56008667.73207111,77624623.80889383,,,,,,,,,,,,not_run_blocked,,collection_witness_policy_unwired;exact_usable_factor_base_unmaterialized;factor_base_not_materialized;multi_witness_adapter_unverified;pipeline_combination_unverified;relation_matrix_bw_adapter_unverified;relation_matrix_bw_unwired
Q672,n131_poly_d28_m5,,,f5m4ri,1000,rankscan,bw,none,,n131_poly_d28_sample.json,66060288.0,56008667.73207111,77624623.80889383,,,,,,,,,,,,not_run_blocked,,collection_witness_policy_unwired;exact_usable_factor_base_unmaterialized;factor_base_not_materialized;multi_witness_adapter_unverified;pipeline_combination_unverified;relation_matrix_bw_adapter_unverified;relation_matrix_bw_unwired
Q673,n131_poly_d28_m5,,,f5m4ri,50,rankscan16,gauss,none,,n131_poly_d28_sample.json,66060288.0,56008667.73207111,77624623.80889383,,,,,,,,,,,,not_run_blocked,,collection_witness_policy_unwired;exact_usable_factor_base_unmaterialized;factor_base_not_materialized;multi_witness_adapter_unverified;pipeline_combination_unverified
Q674,n131_poly_d28_m5,,,f5m4ri,1000,rankscan16,gauss,none,,n131_poly_d28_sample.json,66060288.0,56008667.73207111,77624623.80889383,,,,,,,,,,,,not_run_blocked,,collection_witness_policy_unwired;exact_usable_factor_base_unmaterialized;factor_base_not_materialized;multi_witness_adapter_unverified;pipeline_combination_unverified
Q675,n131_poly_d28_m5,,,f5m4ri,50,rankscan16,bw,none,,n131_poly_d28_sample.json,66060288.0,56008667.73207111,77624623.80889383,,,,,,,,,,,,not_run_blocked,,collection_witness_policy_unwired;exact_usable_factor_base_unmaterialized;factor_base_not_materialized;multi_witness_adapter_unverified;pipeline_combination_unverified;relation_matrix_bw_adapter_unverified;relation_matrix_bw_unwired
Q676,n131_poly_d28_m5,,,f5m4ri,1000,rankscan16,bw,none,,n131_poly_d28_sample.json,66060288.0,56008667.73207111,77624623.80889383,,,,,,,,,,,,not_run_blocked,,collection_witness_policy_unwired;exact_usable_factor_base_unmaterialized;factor_base_not_materialized;multi_witness_adapter_unverified;pipeline_combination_unverified;relation_matrix_bw_adapter_unverified;relation_matrix_bw_unwired
Q677,n131_poly_d28_m5,,,f5m4ri,50,allnovel,gauss,none,,n131_poly_d28_sample.json,66060288.0,56008667.73207111,77624623.80889383,,,,,,,,,,,,not_run_blocked,,collection_witness_policy_unwired;exact_usable_factor_base_unmaterialized;factor_base_not_materialized;multi_witness_adapter_unverified;pipeline_combination_unverified
Q678,n131_poly_d28_m5,,,f5m4ri,1000,allnovel,gauss,none,,n131_poly_d28_sample.json,66060288.0,56008667.73207111,77624623.80889383,,,,,,,,,,,,not_run_blocked,,collection_witness_policy_unwired;exact_usable_factor_base_unmaterialized;factor_base_not_materialized;multi_witness_adapter_unverified;pipeline_combination_unverified
Q679,n131_poly_d28_m5,,,f5m4ri,50,allnovel,bw,none,,n131_poly_d28_sample.json,66060288.0,56008667.73207111,77624623.80889383,,,,,,,,,,,,not_run_blocked,,collection_witness_policy_unwired;exact_usable_factor_base_unmaterialized;factor_base_not_materialized;multi_witness_adapter_unverified;pipeline_combination_unverified;relation_matrix_bw_adapter_unverified;relation_matrix_bw_unwired
Q680,n131_poly_d28_m5,,,f5m4ri,1000,allnovel,bw,none,,n131_poly_d28_sample.json,66060288.0,56008667.73207111,77624623.80889383,,,,,,,,,,,,not_run_blocked,,collection_witness_policy_unwired;exact_usable_factor_base_unmaterialized;factor_base_not_materialized;multi_witness_adapter_unverified;pipeline_combination_unverified;relation_matrix_bw_adapter_unverified;relation_matrix_bw_unwired
Q681,n131_poly_d28_m5,,,polybori,50,first,gauss,none,,n131_poly_d28_sample.json,66060288.0,56008667.73207111,77624623.80889383,,,,,,,,,,,,not_run_blocked,,exact_usable_factor_base_unmaterialized;factor_base_not_materialized;pipeline_combination_unverified
Q682,n131_poly_d28_m5,,,polybori,1000,first,gauss,none,,n131_poly_d28_sample.json,66060288.0,56008667.73207111,77624623.80889383,,,,,,,,,,,,not_run_blocked,,exact_usable_factor_base_unmaterialized;factor_base_not_materialized;pipeline_combination_unverified
Q683,n131_poly_d28_m5,,,polybori,50,first,bw,none,,n131_poly_d28_sample.json,66060288.0,56008667.73207111,77624623.80889383,,,,,,,,,,,,not_run_blocked,,exact_usable_factor_base_unmaterialized;factor_base_not_materialized;pipeline_combination_unverified;relation_matrix_bw_adapter_unverified;relation_matrix_bw_unwired
Q684,n131_poly_d28_m5,,,polybori,1000,first,bw,none,,n131_poly_d28_sample.json,66060288.0,56008667.73207111,77624623.80889383,,,,,,,,,,,,not_run_blocked,,exact_usable_factor_base_unmaterialized;factor_base_not_materialized;pipeline_combination_unverified;relation_matrix_bw_adapter_unverified;relation_matrix_bw_unwired
Q685,n131_poly_d28_m5,,,polybori,50,uniform,gauss,none,,n131_poly_d28_sample.json,66060288.0,56008667.73207111,77624623.80889383,,,,,,,,,,,,not_run_blocked,,collection_witness_policy_unwired;exact_usable_factor_base_unmaterialized;factor_base_not_materialized;multi_witness_adapter_unverified;pipeline_combination_unverified
Q686,n131_poly_d28_m5,,,polybori,1000,uniform,gauss,none,,n131_poly_d28_sample.json,66060288.0,56008667.73207111,77624623.80889383,,,,,,,,,,,,not_run_blocked,,collection_witness_policy_unwired;exact_usable_factor_base_unmaterialized;factor_base_not_materialized;multi_witness_adapter_unverified;pipeline_combination_unverified
Q687,n131_poly_d28_m5,,,polybori,50,uniform,bw,none,,n131_poly_d28_sample.json,66060288.0,56008667.73207111,77624623.80889383,,,,,,,,,,,,not_run_blocked,,collection_witness_policy_unwired;exact_usable_factor_base_unmaterialized;factor_base_not_materialized;multi_witness_adapter_unverified;pipeline_combination_unverified;relation_matrix_bw_adapter_unverified;relation_matrix_bw_unwired
Q688,n131_poly_d28_m5,,,polybori,1000,uniform,bw,none,,n131_poly_d28_sample.json,66060288.0,56008667.73207111,77624623.80889383,,,,,,,,,,,,not_run_blocked,,collection_witness_policy_unwired;exact_usable_factor_base_unmaterialized;factor_base_not_materialized;multi_witness_adapter_unverified;pipeline_combination_unverified;relation_matrix_bw_adapter_unverified;relation_matrix_bw_unwired
Q689,n131_poly_d28_m5,,,polybori,50,rankscan,gauss,none,,n131_poly_d28_sample.json,66060288.0,56008667.73207111,77624623.80889383,,,,,,,,,,,,not_run_blocked,,collection_witness_policy_unwired;exact_usable_factor_base_unmaterialized;factor_base_not_materialized;multi_witness_adapter_unverified;pipeline_combination_unverified
Q690,n131_poly_d28_m5,,,polybori,1000,rankscan,gauss,none,,n131_poly_d28_sample.json,66060288.0,56008667.73207111,77624623.80889383,,,,,,,,,,,,not_run_blocked,,collection_witness_policy_unwired;exact_usable_factor_base_unmaterialized;factor_base_not_materialized;multi_witness_adapter_unverified;pipeline_combination_unverified
Q691,n131_poly_d28_m5,,,polybori,50,rankscan,bw,none,,n131_poly_d28_sample.json,66060288.0,56008667.73207111,77624623.80889383,,,,,,,,,,,,not_run_blocked,,collection_witness_policy_unwired;exact_usable_factor_base_unmaterialized;factor_base_not_materialized;multi_witness_adapter_unverified;pipeline_combination_unverified;relation_matrix_bw_adapter_unverified;relation_matrix_bw_unwired
Q692,n131_poly_d28_m5,,,polybori,1000,rankscan,bw,none,,n131_poly_d28_sample.json,66060288.0,56008667.73207111,77624623.80889383,,,,,,,,,,,,not_run_blocked,,collection_witness_policy_unwired;exact_usable_factor_base_unmaterialized;factor_base_not_materialized;multi_witness_adapter_unverified;pipeline_combination_unverified;relation_matrix_bw_adapter_unverified;relation_matrix_bw_unwired
Q693,n131_poly_d28_m5,,,polybori,50,rankscan16,gauss,none,,n131_poly_d28_sample.json,66060288.0,56008667.73207111,77624623.80889383,,,,,,,,,,,,not_run_blocked,,collection_witness_policy_unwired;exact_usable_factor_base_unmaterialized;factor_base_not_materialized;multi_witness_adapter_unverified;pipeline_combination_unverified
Q694,n131_poly_d28_m5,,,polybori,1000,rankscan16,gauss,none,,n131_poly_d28_sample.json,66060288.0,56008667.73207111,77624623.80889383,,,,,,,,,,,,not_run_blocked,,collection_witness_policy_unwired;exact_usable_factor_base_unmaterialized;factor_base_not_materialized;multi_witness_adapter_unverified;pipeline_combination_unverified
Q695,n131_poly_d28_m5,,,polybori,50,rankscan16,bw,none,,n131_poly_d28_sample.json,66060288.0,56008667.73207111,77624623.80889383,,,,,,,,,,,,not_run_blocked,,collection_witness_policy_unwired;exact_usable_factor_base_unmaterialized;factor_base_not_materialized;multi_witness_adapter_unverified;pipeline_combination_unverified;relation_matrix_bw_adapter_unverified;relation_matrix_bw_unwired
Q696,n131_poly_d28_m5,,,polybori,1000,rankscan16,bw,none,,n131_poly_d28_sample.json,66060288.0,56008667.73207111,77624623.80889383,,,,,,,,,,,,not_run_blocked,,collection_witness_policy_unwired;exact_usable_factor_base_unmaterialized;factor_base_not_materialized;multi_witness_adapter_unverified;pipeline_combination_unverified;relation_matrix_bw_adapter_unverified;relation_matrix_bw_unwired
Q697,n131_poly_d28_m5,,,polybori,50,allnovel,gauss,none,,n131_poly_d28_sample.json,66060288.0,56008667.73207111,77624623.80889383,,,,,,,,,,,,not_run_blocked,,collection_witness_policy_unwired;exact_usable_factor_base_unmaterialized;factor_base_not_materialized;multi_witness_adapter_unverified;pipeline_combination_unverified
Q698,n131_poly_d28_m5,,,polybori,1000,allnovel,gauss,none,,n131_poly_d28_sample.json,66060288.0,56008667.73207111,77624623.80889383,,,,,,,,,,,,not_run_blocked,,collection_witness_policy_unwired;exact_usable_factor_base_unmaterialized;factor_base_not_materialized;multi_witness_adapter_unverified;pipeline_combination_unverified
Q699,n131_poly_d28_m5,,,polybori,50,allnovel,bw,none,,n131_poly_d28_sample.json,66060288.0,56008667.73207111,77624623.80889383,,,,,,,,,,,,not_run_blocked,,collection_witness_policy_unwired;exact_usable_factor_base_unmaterialized;factor_base_not_materialized;multi_witness_adapter_unverified;pipeline_combination_unverified;relation_matrix_bw_adapter_unverified;relation_matrix_bw_unwired
Q700,n131_poly_d28_m5,,,polybori,1000,allnovel,bw,none,,n131_poly_d28_sample.json,66060288.0,56008667.73207111,77624623.80889383,,,,,,,,,,,,not_run_blocked,,collection_witness_policy_unwired;exact_usable_factor_base_unmaterialized;factor_base_not_materialized;multi_witness_adapter_unverified;pipeline_combination_unverified;relation_matrix_bw_adapter_unverified;relation_matrix_bw_unwired
Q701,n131_poly_d24_m6,,,sat,50,first,gauss,none,,n131_poly_d24_sample.json,3899392.0,3288357.574762215,4606685.6881262595,,,,,,,,,,,,not_run_blocked,,exact_usable_factor_base_unmaterialized;factor_base_not_materialized;pipeline_combination_unverified
Q702,n131_poly_d24_m6,,,sat,1000,first,gauss,none,,n131_poly_d24_sample.json,3899392.0,3288357.574762215,4606685.6881262595,,,,,,,,,,,,not_run_blocked,,exact_usable_factor_base_unmaterialized;factor_base_not_materialized;pipeline_combination_unverified
Q703,n131_poly_d24_m6,,,sat,50,first,bw,none,,n131_poly_d24_sample.json,3899392.0,3288357.574762215,4606685.6881262595,,,,,,,,,,,,not_run_blocked,,exact_usable_factor_base_unmaterialized;factor_base_not_materialized;pipeline_combination_unverified;relation_matrix_bw_adapter_unverified;relation_matrix_bw_unwired
Q704,n131_poly_d24_m6,,,sat,1000,first,bw,none,,n131_poly_d24_sample.json,3899392.0,3288357.574762215,4606685.6881262595,,,,,,,,,,,,not_run_blocked,,exact_usable_factor_base_unmaterialized;factor_base_not_materialized;pipeline_combination_unverified;relation_matrix_bw_adapter_unverified;relation_matrix_bw_unwired
Q705,n131_poly_d24_m6,,,sat,50,uniform,gauss,none,,n131_poly_d24_sample.json,3899392.0,3288357.574762215,4606685.6881262595,,,,,,,,,,,,not_run_blocked,,collection_witness_policy_unwired;exact_usable_factor_base_unmaterialized;factor_base_not_materialized;multi_witness_adapter_unverified;pipeline_combination_unverified
Q706,n131_poly_d24_m6,,,sat,1000,uniform,gauss,none,,n131_poly_d24_sample.json,3899392.0,3288357.574762215,4606685.6881262595,,,,,,,,,,,,not_run_blocked,,collection_witness_policy_unwired;exact_usable_factor_base_unmaterialized;factor_base_not_materialized;multi_witness_adapter_unverified;pipeline_combination_unverified
Q707,n131_poly_d24_m6,,,sat,50,uniform,bw,none,,n131_poly_d24_sample.json,3899392.0,3288357.574762215,4606685.6881262595,,,,,,,,,,,,not_run_blocked,,collection_witness_policy_unwired;exact_usable_factor_base_unmaterialized;factor_base_not_materialized;multi_witness_adapter_unverified;pipeline_combination_unverified;relation_matrix_bw_adapter_unverified;relation_matrix_bw_unwired
Q708,n131_poly_d24_m6,,,sat,1000,uniform,bw,none,,n131_poly_d24_sample.json,3899392.0,3288357.574762215,4606685.6881262595,,,,,,,,,,,,not_run_blocked,,collection_witness_policy_unwired;exact_usable_factor_base_unmaterialized;factor_base_not_materialized;multi_witness_adapter_unverified;pipeline_combination_unverified;relation_matrix_bw_adapter_unverified;relation_matrix_bw_unwired
Q709,n131_poly_d24_m6,,,sat,50,rankscan,gauss,none,,n131_poly_d24_sample.json,3899392.0,3288357.574762215,4606685.6881262595,,,,,,,,,,,,not_run_blocked,,collection_witness_policy_unwired;exact_usable_factor_base_unmaterialized;factor_base_not_materialized;multi_witness_adapter_unverified;pipeline_combination_unverified
Q710,n131_poly_d24_m6,,,sat,1000,rankscan,gauss,none,,n131_poly_d24_sample.json,3899392.0,3288357.574762215,4606685.6881262595,,,,,,,,,,,,not_run_blocked,,collection_witness_policy_unwired;exact_usable_factor_base_unmaterialized;factor_base_not_materialized;multi_witness_adapter_unverified;pipeline_combination_unverified
Q711,n131_poly_d24_m6,,,sat,50,rankscan,bw,none,,n131_poly_d24_sample.json,3899392.0,3288357.574762215,4606685.6881262595,,,,,,,,,,,,not_run_blocked,,collection_witness_policy_unwired;exact_usable_factor_base_unmaterialized;factor_base_not_materialized;multi_witness_adapter_unverified;pipeline_combination_unverified;relation_matrix_bw_adapter_unverified;relation_matrix_bw_unwired
Q712,n131_poly_d24_m6,,,sat,1000,rankscan,bw,none,,n131_poly_d24_sample.json,3899392.0,3288357.574762215,4606685.6881262595,,,,,,,,,,,,not_run_blocked,,collection_witness_policy_unwired;exact_usable_factor_base_unmaterialized;factor_base_not_materialized;multi_witness_adapter_unverified;pipeline_combination_unverified;relation_matrix_bw_adapter_unverified;relation_matrix_bw_unwired
Q713,n131_poly_d24_m6,,,sat,50,rankscan16,gauss,none,,n131_poly_d24_sample.json,3899392.0,3288357.574762215,4606685.6881262595,,,,,,,,,,,,not_run_blocked,,collection_witness_policy_unwired;exact_usable_factor_base_unmaterialized;factor_base_not_materialized;multi_witness_adapter_unverified;pipeline_combination_unverified
Q714,n131_poly_d24_m6,,,sat,1000,rankscan16,gauss,none,,n131_poly_d24_sample.json,3899392.0,3288357.574762215,4606685.6881262595,,,,,,,,,,,,not_run_blocked,,collection_witness_policy_unwired;exact_usable_factor_base_unmaterialized;factor_base_not_materialized;multi_witness_adapter_unverified;pipeline_combination_unverified
Q715,n131_poly_d24_m6,,,sat,50,rankscan16,bw,none,,n131_poly_d24_sample.json,3899392.0,3288357.574762215,4606685.6881262595,,,,,,,,,,,,not_run_blocked,,collection_witness_policy_unwired;exact_usable_factor_base_unmaterialized;factor_base_not_materialized;multi_witness_adapter_unverified;pipeline_combination_unverified;relation_matrix_bw_adapter_unverified;relation_matrix_bw_unwired
Q716,n131_poly_d24_m6,,,sat,1000,rankscan16,bw,none,,n131_poly_d24_sample.json,3899392.0,3288357.574762215,4606685.6881262595,,,,,,,,,,,,not_run_blocked,,collection_witness_policy_unwired;exact_usable_factor_base_unmaterialized;factor_base_not_materialized;multi_witness_adapter_unverified;pipeline_combination_unverified;relation_matrix_bw_adapter_unverified;relation_matrix_bw_unwired
Q717,n131_poly_d24_m6,,,sat,50,allnovel,gauss,none,,n131_poly_d24_sample.json,3899392.0,3288357.574762215,4606685.6881262595,,,,,,,,,,,,not_run_blocked,,collection_witness_policy_unwired;exact_usable_factor_base_unmaterialized;factor_base_not_materialized;multi_witness_adapter_unverified;pipeline_combination_unverified
Q718,n131_poly_d24_m6,,,sat,1000,allnovel,gauss,none,,n131_poly_d24_sample.json,3899392.0,3288357.574762215,4606685.6881262595,,,,,,,,,,,,not_run_blocked,,collection_witness_policy_unwired;exact_usable_factor_base_unmaterialized;factor_base_not_materialized;multi_witness_adapter_unverified;pipeline_combination_unverified
Q719,n131_poly_d24_m6,,,sat,50,allnovel,bw,none,,n131_poly_d24_sample.json,3899392.0,3288357.574762215,4606685.6881262595,,,,,,,,,,,,not_run_blocked,,collection_witness_policy_unwired;exact_usable_factor_base_unmaterialized;factor_base_not_materialized;multi_witness_adapter_unverified;pipeline_combination_unverified;relation_matrix_bw_adapter_unverified;relation_matrix_bw_unwired
Q720,n131_poly_d24_m6,,,sat,1000,allnovel,bw,none,,n131_poly_d24_sample.json,3899392.0,3288357.574762215,4606685.6881262595,,,,,,,,,,,,not_run_blocked,,collection_witness_policy_unwired;exact_usable_factor_base_unmaterialized;factor_base_not_materialized;multi_witness_adapter_unverified;pipeline_combination_unverified;relation_matrix_bw_adapter_unverified;relation_matrix_bw_unwired
Q721,n131_poly_d24_m6,,,f4,50,first,gauss,none,,n131_poly_d24_sample.json,3899392.0,3288357.574762215,4606685.6881262595,,,,,,,,,,,,not_run_blocked,,exact_usable_factor_base_unmaterialized;factor_base_not_materialized;pipeline_combination_unverified
Q722,n131_poly_d24_m6,,,f4,1000,first,gauss,none,,n131_poly_d24_sample.json,3899392.0,3288357.574762215,4606685.6881262595,,,,,,,,,,,,not_run_blocked,,exact_usable_factor_base_unmaterialized;factor_base_not_materialized;pipeline_combination_unverified
Q723,n131_poly_d24_m6,,,f4,50,first,bw,none,,n131_poly_d24_sample.json,3899392.0,3288357.574762215,4606685.6881262595,,,,,,,,,,,,not_run_blocked,,exact_usable_factor_base_unmaterialized;factor_base_not_materialized;pipeline_combination_unverified;relation_matrix_bw_adapter_unverified;relation_matrix_bw_unwired
Q724,n131_poly_d24_m6,,,f4,1000,first,bw,none,,n131_poly_d24_sample.json,3899392.0,3288357.574762215,4606685.6881262595,,,,,,,,,,,,not_run_blocked,,exact_usable_factor_base_unmaterialized;factor_base_not_materialized;pipeline_combination_unverified;relation_matrix_bw_adapter_unverified;relation_matrix_bw_unwired
Q725,n131_poly_d24_m6,,,f4,50,uniform,gauss,none,,n131_poly_d24_sample.json,3899392.0,3288357.574762215,4606685.6881262595,,,,,,,,,,,,not_run_blocked,,collection_witness_policy_unwired;exact_usable_factor_base_unmaterialized;factor_base_not_materialized;multi_witness_adapter_unverified;pipeline_combination_unverified
Q726,n131_poly_d24_m6,,,f4,1000,uniform,gauss,none,,n131_poly_d24_sample.json,3899392.0,3288357.574762215,4606685.6881262595,,,,,,,,,,,,not_run_blocked,,collection_witness_policy_unwired;exact_usable_factor_base_unmaterialized;factor_base_not_materialized;multi_witness_adapter_unverified;pipeline_combination_unverified
Q727,n131_poly_d24_m6,,,f4,50,uniform,bw,none,,n131_poly_d24_sample.json,3899392.0,3288357.574762215,4606685.6881262595,,,,,,,,,,,,not_run_blocked,,collection_witness_policy_unwired;exact_usable_factor_base_unmaterialized;factor_base_not_materialized;multi_witness_adapter_unverified;pipeline_combination_unverified;relation_matrix_bw_adapter_unverified;relation_matrix_bw_unwired
Q728,n131_poly_d24_m6,,,f4,1000,uniform,bw,none,,n131_poly_d24_sample.json,3899392.0,3288357.574762215,4606685.6881262595,,,,,,,,,,,,not_run_blocked,,collection_witness_policy_unwired;exact_usable_factor_base_unmaterialized;factor_base_not_materialized;multi_witness_adapter_unverified;pipeline_combination_unverified;relation_matrix_bw_adapter_unverified;relation_matrix_bw_unwired
Q729,n131_poly_d24_m6,,,f4,50,rankscan,gauss,none,,n131_poly_d24_sample.json,3899392.0,3288357.574762215,4606685.6881262595,,,,,,,,,,,,not_run_blocked,,collection_witness_policy_unwired;exact_usable_factor_base_unmaterialized;factor_base_not_materialized;multi_witness_adapter_unverified;pipeline_combination_unverified
Q730,n131_poly_d24_m6,,,f4,1000,rankscan,gauss,none,,n131_poly_d24_sample.json,3899392.0,3288357.574762215,4606685.6881262595,,,,,,,,,,,,not_run_blocked,,collection_witness_policy_unwired;exact_usable_factor_base_unmaterialized;factor_base_not_materialized;multi_witness_adapter_unverified;pipeline_combination_unverified
Q731,n131_poly_d24_m6,,,f4,50,rankscan,bw,none,,n131_poly_d24_sample.json,3899392.0,3288357.574762215,4606685.6881262595,,,,,,,,,,,,not_run_blocked,,collection_witness_policy_unwired;exact_usable_factor_base_unmaterialized;factor_base_not_materialized;multi_witness_adapter_unverified;pipeline_combination_unverified;relation_matrix_bw_adapter_unverified;relation_matrix_bw_unwired
Q732,n131_poly_d24_m6,,,f4,1000,rankscan,bw,none,,n131_poly_d24_sample.json,3899392.0,3288357.574762215,4606685.6881262595,,,,,,,,,,,,not_run_blocked,,collection_witness_policy_unwired;exact_usable_factor_base_unmaterialized;factor_base_not_materialized;multi_witness_adapter_unverified;pipeline_combination_unverified;relation_matrix_bw_adapter_unverified;relation_matrix_bw_unwired
Q733,n131_poly_d24_m6,,,f4,50,rankscan16,gauss,none,,n131_poly_d24_sample.json,3899392.0,3288357.574762215,4606685.6881262595,,,,,,,,,,,,not_run_blocked,,collection_witness_policy_unwired;exact_usable_factor_base_unmaterialized;factor_base_not_materialized;multi_witness_adapter_unverified;pipeline_combination_unverified
Q734,n131_poly_d24_m6,,,f4,1000,rankscan16,gauss,none,,n131_poly_d24_sample.json,3899392.0,3288357.574762215,4606685.6881262595,,,,,,,,,,,,not_run_blocked,,collection_witness_policy_unwired;exact_usable_factor_base_unmaterialized;factor_base_not_materialized;multi_witness_adapter_unverified;pipeline_combination_unverified
Q735,n131_poly_d24_m6,,,f4,50,rankscan16,bw,none,,n131_poly_d24_sample.json,3899392.0,3288357.574762215,4606685.6881262595,,,,,,,,,,,,not_run_blocked,,collection_witness_policy_unwired;exact_usable_factor_base_unmaterialized;factor_base_not_materialized;multi_witness_adapter_unverified;pipeline_combination_unverified;relation_matrix_bw_adapter_unverified;relation_matrix_bw_unwired
Q736,n131_poly_d24_m6,,,f4,1000,rankscan16,bw,none,,n131_poly_d24_sample.json,3899392.0,3288357.574762215,4606685.6881262595,,,,,,,,,,,,not_run_blocked,,collection_witness_policy_unwired;exact_usable_factor_base_unmaterialized;factor_base_not_materialized;multi_witness_adapter_unverified;pipeline_combination_unverified;relation_matrix_bw_adapter_unverified;relation_matrix_bw_unwired
Q737,n131_poly_d24_m6,,,f4,50,allnovel,gauss,none,,n131_poly_d24_sample.json,3899392.0,3288357.574762215,4606685.6881262595,,,,,,,,,,,,not_run_blocked,,collection_witness_policy_unwired;exact_usable_factor_base_unmaterialized;factor_base_not_materialized;multi_witness_adapter_unverified;pipeline_combination_unverified
Q738,n131_poly_d24_m6,,,f4,1000,allnovel,gauss,none,,n131_poly_d24_sample.json,3899392.0,3288357.574762215,4606685.6881262595,,,,,,,,,,,,not_run_blocked,,collection_witness_policy_unwired;exact_usable_factor_base_unmaterialized;factor_base_not_materialized;multi_witness_adapter_unverified;pipeline_combination_unverified
Q739,n131_poly_d24_m6,,,f4,50,allnovel,bw,none,,n131_poly_d24_sample.json,3899392.0,3288357.574762215,4606685.6881262595,,,,,,,,,,,,not_run_blocked,,collection_witness_policy_unwired;exact_usable_factor_base_unmaterialized;factor_base_not_materialized;multi_witness_adapter_unverified;pipeline_combination_unverified;relation_matrix_bw_adapter_unverified;relation_matrix_bw_unwired
Q740,n131_poly_d24_m6,,,f4,1000,allnovel,bw,none,,n131_poly_d24_sample.json,3899392.0,3288357.574762215,4606685.6881262595,,,,,,,,,,,,not_run_blocked,,collection_witness_policy_unwired;exact_usable_factor_base_unmaterialized;factor_base_not_materialized;multi_witness_adapter_unverified;pipeline_combination_unverified;relation_matrix_bw_adapter_unverified;relation_matrix_bw_unwired
Q741,n131_poly_d24_m6,,,f5b,50,first,gauss,none,,n131_poly_d24_sample.json,3899392.0,3288357.574762215,4606685.6881262595,,,,,,,,,,,,not_run_blocked,,exact_usable_factor_base_unmaterialized;factor_base_not_materialized;pipeline_combination_unverified
Q742,n131_poly_d24_m6,,,f5b,1000,first,gauss,none,,n131_poly_d24_sample.json,3899392.0,3288357.574762215,4606685.6881262595,,,,,,,,,,,,not_run_blocked,,exact_usable_factor_base_unmaterialized;factor_base_not_materialized;pipeline_combination_unverified
Q743,n131_poly_d24_m6,,,f5b,50,first,bw,none,,n131_poly_d24_sample.json,3899392.0,3288357.574762215,4606685.6881262595,,,,,,,,,,,,not_run_blocked,,exact_usable_factor_base_unmaterialized;factor_base_not_materialized;pipeline_combination_unverified;relation_matrix_bw_adapter_unverified;relation_matrix_bw_unwired
Q744,n131_poly_d24_m6,,,f5b,1000,first,bw,none,,n131_poly_d24_sample.json,3899392.0,3288357.574762215,4606685.6881262595,,,,,,,,,,,,not_run_blocked,,exact_usable_factor_base_unmaterialized;factor_base_not_materialized;pipeline_combination_unverified;relation_matrix_bw_adapter_unverified;relation_matrix_bw_unwired
Q745,n131_poly_d24_m6,,,f5b,50,uniform,gauss,none,,n131_poly_d24_sample.json,3899392.0,3288357.574762215,4606685.6881262595,,,,,,,,,,,,not_run_blocked,,collection_witness_policy_unwired;exact_usable_factor_base_unmaterialized;factor_base_not_materialized;multi_witness_adapter_unverified;pipeline_combination_unverified
Q746,n131_poly_d24_m6,,,f5b,1000,uniform,gauss,none,,n131_poly_d24_sample.json,3899392.0,3288357.574762215,4606685.6881262595,,,,,,,,,,,,not_run_blocked,,collection_witness_policy_unwired;exact_usable_factor_base_unmaterialized;factor_base_not_materialized;multi_witness_adapter_unverified;pipeline_combination_unverified
Q747,n131_poly_d24_m6,,,f5b,50,uniform,bw,none,,n131_poly_d24_sample.json,3899392.0,3288357.574762215,4606685.6881262595,,,,,,,,,,,,not_run_blocked,,collection_witness_policy_unwired;exact_usable_factor_base_unmaterialized;factor_base_not_materialized;multi_witness_adapter_unverified;pipeline_combination_unverified;relation_matrix_bw_adapter_unverified;relation_matrix_bw_unwired
Q748,n131_poly_d24_m6,,,f5b,1000,uniform,bw,none,,n131_poly_d24_sample.json,3899392.0,3288357.574762215,4606685.6881262595,,,,,,,,,,,,not_run_blocked,,collection_witness_policy_unwired;exact_usable_factor_base_unmaterialized;factor_base_not_materialized;multi_witness_adapter_unverified;pipeline_combination_unverified;relation_matrix_bw_adapter_unverified;relation_matrix_bw_unwired
Q749,n131_poly_d24_m6,,,f5b,50,rankscan,gauss,none,,n131_poly_d24_sample.json,3899392.0,3288357.574762215,4606685.6881262595,,,,,,,,,,,,not_run_blocked,,collection_witness_policy_unwired;exact_usable_factor_base_unmaterialized;factor_base_not_materialized;multi_witness_adapter_unverified;pipeline_combination_unverified
Q750,n131_poly_d24_m6,,,f5b,1000,rankscan,gauss,none,,n131_poly_d24_sample.json,3899392.0,3288357.574762215,4606685.6881262595,,,,,,,,,,,,not_run_blocked,,collection_witness_policy_unwired;exact_usable_factor_base_unmaterialized;factor_base_not_materialized;multi_witness_adapter_unverified;pipeline_combination_unverified
Q751,n131_poly_d24_m6,,,f5b,50,rankscan,bw,none,,n131_poly_d24_sample.json,3899392.0,3288357.574762215,4606685.6881262595,,,,,,,,,,,,not_run_blocked,,collection_witness_policy_unwired;exact_usable_factor_base_unmaterialized;factor_base_not_materialized;multi_witness_adapter_unverified;pipeline_combination_unverified;relation_matrix_bw_adapter_unverified;relation_matrix_bw_unwired
Q752,n131_poly_d24_m6,,,f5b,1000,rankscan,bw,none,,n131_poly_d24_sample.json,3899392.0,3288357.574762215,4606685.6881262595,,,,,,,,,,,,not_run_blocked,,collection_witness_policy_unwired;exact_usable_factor_base_unmaterialized;factor_base_not_materialized;multi_witness_adapter_unverified;pipeline_combination_unverified;relation_matrix_bw_adapter_unverified;relation_matrix_bw_unwired
Q753,n131_poly_d24_m6,,,f5b,50,rankscan16,gauss,none,,n131_poly_d24_sample.json,3899392.0,3288357.574762215,4606685.6881262595,,,,,,,,,,,,not_run_blocked,,collection_witness_policy_unwired;exact_usable_factor_base_unmaterialized;factor_base_not_materialized;multi_witness_adapter_unverified;pipeline_combination_unverified
Q754,n131_poly_d24_m6,,,f5b,1000,rankscan16,gauss,none,,n131_poly_d24_sample.json,3899392.0,3288357.574762215,4606685.6881262595,,,,,,,,,,,,not_run_blocked,,collection_witness_policy_unwired;exact_usable_factor_base_unmaterialized;factor_base_not_materialized;multi_witness_adapter_unverified;pipeline_combination_unverified
Q755,n131_poly_d24_m6,,,f5b,50,rankscan16,bw,none,,n131_poly_d24_sample.json,3899392.0,3288357.574762215,4606685.6881262595,,,,,,,,,,,,not_run_blocked,,collection_witness_policy_unwired;exact_usable_factor_base_unmaterialized;factor_base_not_materialized;multi_witness_adapter_unverified;pipeline_combination_unverified;relation_matrix_bw_adapter_unverified;relation_matrix_bw_unwired
Q756,n131_poly_d24_m6,,,f5b,1000,rankscan16,bw,none,,n131_poly_d24_sample.json,3899392.0,3288357.574762215,4606685.6881262595,,,,,,,,,,,,not_run_blocked,,collection_witness_policy_unwired;exact_usable_factor_base_unmaterialized;factor_base_not_materialized;multi_witness_adapter_unverified;pipeline_combination_unverified;relation_matrix_bw_adapter_unverified;relation_matrix_bw_unwired
Q757,n131_poly_d24_m6,,,f5b,50,allnovel,gauss,none,,n131_poly_d24_sample.json,3899392.0,3288357.574762215,4606685.6881262595,,,,,,,,,,,,not_run_blocked,,collection_witness_policy_unwired;exact_usable_factor_base_unmaterialized;factor_base_not_materialized;multi_witness_adapter_unverified;pipeline_combination_unverified
Q758,n131_poly_d24_m6,,,f5b,1000,allnovel,gauss,none,,n131_poly_d24_sample.json,3899392.0,3288357.574762215,4606685.6881262595,,,,,,,,,,,,not_run_blocked,,collection_witness_policy_unwired;exact_usable_factor_base_unmaterialized;factor_base_not_materialized;multi_witness_adapter_unverified;pipeline_combination_unverified
Q759,n131_poly_d24_m6,,,f5b,50,allnovel,bw,none,,n131_poly_d24_sample.json,3899392.0,3288357.574762215,4606685.6881262595,,,,,,,,,,,,not_run_blocked,,collection_witness_policy_unwired;exact_usable_factor_base_unmaterialized;factor_base_not_materialized;multi_witness_adapter_unverified;pipeline_combination_unverified;relation_matrix_bw_adapter_unverified;relation_matrix_bw_unwired
Q760,n131_poly_d24_m6,,,f5b,1000,allnovel,bw,none,,n131_poly_d24_sample.json,3899392.0,3288357.574762215,4606685.6881262595,,,,,,,,,,,,not_run_blocked,,collection_witness_policy_unwired;exact_usable_factor_base_unmaterialized;factor_base_not_materialized;multi_witness_adapter_unverified;pipeline_combination_unverified;relation_matrix_bw_adapter_unverified;relation_matrix_bw_unwired
Q761,n131_poly_d24_m6,,,f5m4ri,50,first,gauss,none,,n131_poly_d24_sample.json,3899392.0,3288357.574762215,4606685.6881262595,,,,,,,,,,,,not_run_blocked,,exact_usable_factor_base_unmaterialized;factor_base_not_materialized;pipeline_combination_unverified
Q762,n131_poly_d24_m6,,,f5m4ri,1000,first,gauss,none,,n131_poly_d24_sample.json,3899392.0,3288357.574762215,4606685.6881262595,,,,,,,,,,,,not_run_blocked,,exact_usable_factor_base_unmaterialized;factor_base_not_materialized;pipeline_combination_unverified
Q763,n131_poly_d24_m6,,,f5m4ri,50,first,bw,none,,n131_poly_d24_sample.json,3899392.0,3288357.574762215,4606685.6881262595,,,,,,,,,,,,not_run_blocked,,exact_usable_factor_base_unmaterialized;factor_base_not_materialized;pipeline_combination_unverified;relation_matrix_bw_adapter_unverified;relation_matrix_bw_unwired
Q764,n131_poly_d24_m6,,,f5m4ri,1000,first,bw,none,,n131_poly_d24_sample.json,3899392.0,3288357.574762215,4606685.6881262595,,,,,,,,,,,,not_run_blocked,,exact_usable_factor_base_unmaterialized;factor_base_not_materialized;pipeline_combination_unverified;relation_matrix_bw_adapter_unverified;relation_matrix_bw_unwired
Q765,n131_poly_d24_m6,,,f5m4ri,50,uniform,gauss,none,,n131_poly_d24_sample.json,3899392.0,3288357.574762215,4606685.6881262595,,,,,,,,,,,,not_run_blocked,,collection_witness_policy_unwired;exact_usable_factor_base_unmaterialized;factor_base_not_materialized;multi_witness_adapter_unverified;pipeline_combination_unverified
Q766,n131_poly_d24_m6,,,f5m4ri,1000,uniform,gauss,none,,n131_poly_d24_sample.json,3899392.0,3288357.574762215,4606685.6881262595,,,,,,,,,,,,not_run_blocked,,collection_witness_policy_unwired;exact_usable_factor_base_unmaterialized;factor_base_not_materialized;multi_witness_adapter_unverified;pipeline_combination_unverified
Q767,n131_poly_d24_m6,,,f5m4ri,50,uniform,bw,none,,n131_poly_d24_sample.json,3899392.0,3288357.574762215,4606685.6881262595,,,,,,,,,,,,not_run_blocked,,collection_witness_policy_unwired;exact_usable_factor_base_unmaterialized;factor_base_not_materialized;multi_witness_adapter_unverified;pipeline_combination_unverified;relation_matrix_bw_adapter_unverified;relation_matrix_bw_unwired
Q768,n131_poly_d24_m6,,,f5m4ri,1000,uniform,bw,none,,n131_poly_d24_sample.json,3899392.0,3288357.574762215,4606685.6881262595,,,,,,,,,,,,not_run_blocked,,collection_witness_policy_unwired;exact_usable_factor_base_unmaterialized;factor_base_not_materialized;multi_witness_adapter_unverified;pipeline_combination_unverified;relation_matrix_bw_adapter_unverified;relation_matrix_bw_unwired
Q769,n131_poly_d24_m6,,,f5m4ri,50,rankscan,gauss,none,,n131_poly_d24_sample.json,3899392.0,3288357.574762215,4606685.6881262595,,,,,,,,,,,,not_run_blocked,,collection_witness_policy_unwired;exact_usable_factor_base_unmaterialized;factor_base_not_materialized;multi_witness_adapter_unverified;pipeline_combination_unverified
Q770,n131_poly_d24_m6,,,f5m4ri,1000,rankscan,gauss,none,,n131_poly_d24_sample.json,3899392.0,3288357.574762215,4606685.6881262595,,,,,,,,,,,,not_run_blocked,,collection_witness_policy_unwired;exact_usable_factor_base_unmaterialized;factor_base_not_materialized;multi_witness_adapter_unverified;pipeline_combination_unverified
Q771,n131_poly_d24_m6,,,f5m4ri,50,rankscan,bw,none,,n131_poly_d24_sample.json,3899392.0,3288357.574762215,4606685.6881262595,,,,,,,,,,,,not_run_blocked,,collection_witness_policy_unwired;exact_usable_factor_base_unmaterialized;factor_base_not_materialized;multi_witness_adapter_unverified;pipeline_combination_unverified;relation_matrix_bw_adapter_unverified;relation_matrix_bw_unwired
Q772,n131_poly_d24_m6,,,f5m4ri,1000,rankscan,bw,none,,n131_poly_d24_sample.json,3899392.0,3288357.574762215,4606685.6881262595,,,,,,,,,,,,not_run_blocked,,collection_witness_policy_unwired;exact_usable_factor_base_unmaterialized;factor_base_not_materialized;multi_witness_adapter_unverified;pipeline_combination_unverified;relation_matrix_bw_adapter_unverified;relation_matrix_bw_unwired
Q773,n131_poly_d24_m6,,,f5m4ri,50,rankscan16,gauss,none,,n131_poly_d24_sample.json,3899392.0,3288357.574762215,4606685.6881262595,,,,,,,,,,,,not_run_blocked,,collection_witness_policy_unwired;exact_usable_factor_base_unmaterialized;factor_base_not_materialized;multi_witness_adapter_unverified;pipeline_combination_unverified
Q774,n131_poly_d24_m6,,,f5m4ri,1000,rankscan16,gauss,none,,n131_poly_d24_sample.json,3899392.0,3288357.574762215,4606685.6881262595,,,,,,,,,,,,not_run_blocked,,collection_witness_policy_unwired;exact_usable_factor_base_unmaterialized;factor_base_not_materialized;multi_witness_adapter_unverified;pipeline_combination_unverified
Q775,n131_poly_d24_m6,,,f5m4ri,50,rankscan16,bw,none,,n131_poly_d24_sample.json,3899392.0,3288357.574762215,4606685.6881262595,,,,,,,,,,,,not_run_blocked,,collection_witness_policy_unwired;exact_usable_factor_base_unmaterialized;factor_base_not_materialized;multi_witness_adapter_unverified;pipeline_combination_unverified;relation_matrix_bw_adapter_unverified;relation_matrix_bw_unwired
Q776,n131_poly_d24_m6,,,f5m4ri,1000,rankscan16,bw,none,,n131_poly_d24_sample.json,3899392.0,3288357.574762215,4606685.6881262595,,,,,,,,,,,,not_run_blocked,,collection_witness_policy_unwired;exact_usable_factor_base_unmaterialized;factor_base_not_materialized;multi_witness_adapter_unverified;pipeline_combination_unverified;relation_matrix_bw_adapter_unverified;relation_matrix_bw_unwired
Q777,n131_poly_d24_m6,,,f5m4ri,50,allnovel,gauss,none,,n131_poly_d24_sample.json,3899392.0,3288357.574762215,4606685.6881262595,,,,,,,,,,,,not_run_blocked,,collection_witness_policy_unwired;exact_usable_factor_base_unmaterialized;factor_base_not_materialized;multi_witness_adapter_unverified;pipeline_combination_unverified
Q778,n131_poly_d24_m6,,,f5m4ri,1000,allnovel,gauss,none,,n131_poly_d24_sample.json,3899392.0,3288357.574762215,4606685.6881262595,,,,,,,,,,,,not_run_blocked,,collection_witness_policy_unwired;exact_usable_factor_base_unmaterialized;factor_base_not_materialized;multi_witness_adapter_unverified;pipeline_combination_unverified
Q779,n131_poly_d24_m6,,,f5m4ri,50,allnovel,bw,none,,n131_poly_d24_sample.json,3899392.0,3288357.574762215,4606685.6881262595,,,,,,,,,,,,not_run_blocked,,collection_witness_policy_unwired;exact_usable_factor_base_unmaterialized;factor_base_not_materialized;multi_witness_adapter_unverified;pipeline_combination_unverified;relation_matrix_bw_adapter_unverified;relation_matrix_bw_unwired
Q780,n131_poly_d24_m6,,,f5m4ri,1000,allnovel,bw,none,,n131_poly_d24_sample.json,3899392.0,3288357.574762215,4606685.6881262595,,,,,,,,,,,,not_run_blocked,,collection_witness_policy_unwired;exact_usable_factor_base_unmaterialized;factor_base_not_materialized;multi_witness_adapter_unverified;pipeline_combination_unverified;relation_matrix_bw_adapter_unverified;relation_matrix_bw_unwired
Q781,n131_poly_d24_m6,,,polybori,50,first,gauss,none,,n131_poly_d24_sample.json,3899392.0,3288357.574762215,4606685.6881262595,,,,,,,,,,,,not_run_blocked,,exact_usable_factor_base_unmaterialized;factor_base_not_materialized;pipeline_combination_unverified
Q782,n131_poly_d24_m6,,,polybori,1000,first,gauss,none,,n131_poly_d24_sample.json,3899392.0,3288357.574762215,4606685.6881262595,,,,,,,,,,,,not_run_blocked,,exact_usable_factor_base_unmaterialized;factor_base_not_materialized;pipeline_combination_unverified
Q783,n131_poly_d24_m6,,,polybori,50,first,bw,none,,n131_poly_d24_sample.json,3899392.0,3288357.574762215,4606685.6881262595,,,,,,,,,,,,not_run_blocked,,exact_usable_factor_base_unmaterialized;factor_base_not_materialized;pipeline_combination_unverified;relation_matrix_bw_adapter_unverified;relation_matrix_bw_unwired
Q784,n131_poly_d24_m6,,,polybori,1000,first,bw,none,,n131_poly_d24_sample.json,3899392.0,3288357.574762215,4606685.6881262595,,,,,,,,,,,,not_run_blocked,,exact_usable_factor_base_unmaterialized;factor_base_not_materialized;pipeline_combination_unverified;relation_matrix_bw_adapter_unverified;relation_matrix_bw_unwired
Q785,n131_poly_d24_m6,,,polybori,50,uniform,gauss,none,,n131_poly_d24_sample.json,3899392.0,3288357.574762215,4606685.6881262595,,,,,,,,,,,,not_run_blocked,,collection_witness_policy_unwired;exact_usable_factor_base_unmaterialized;factor_base_not_materialized;multi_witness_adapter_unverified;pipeline_combination_unverified
Q786,n131_poly_d24_m6,,,polybori,1000,uniform,gauss,none,,n131_poly_d24_sample.json,3899392.0,3288357.574762215,4606685.6881262595,,,,,,,,,,,,not_run_blocked,,collection_witness_policy_unwired;exact_usable_factor_base_unmaterialized;factor_base_not_materialized;multi_witness_adapter_unverified;pipeline_combination_unverified
Q787,n131_poly_d24_m6,,,polybori,50,uniform,bw,none,,n131_poly_d24_sample.json,3899392.0,3288357.574762215,4606685.6881262595,,,,,,,,,,,,not_run_blocked,,collection_witness_policy_unwired;exact_usable_factor_base_unmaterialized;factor_base_not_materialized;multi_witness_adapter_unverified;pipeline_combination_unverified;relation_matrix_bw_adapter_unverified;relation_matrix_bw_unwired
Q788,n131_poly_d24_m6,,,polybori,1000,uniform,bw,none,,n131_poly_d24_sample.json,3899392.0,3288357.574762215,4606685.6881262595,,,,,,,,,,,,not_run_blocked,,collection_witness_policy_unwired;exact_usable_factor_base_unmaterialized;factor_base_not_materialized;multi_witness_adapter_unverified;pipeline_combination_unverified;relation_matrix_bw_adapter_unverified;relation_matrix_bw_unwired
Q789,n131_poly_d24_m6,,,polybori,50,rankscan,gauss,none,,n131_poly_d24_sample.json,3899392.0,3288357.574762215,4606685.6881262595,,,,,,,,,,,,not_run_blocked,,collection_witness_policy_unwired;exact_usable_factor_base_unmaterialized;factor_base_not_materialized;multi_witness_adapter_unverified;pipeline_combination_unverified
Q790,n131_poly_d24_m6,,,polybori,1000,rankscan,gauss,none,,n131_poly_d24_sample.json,3899392.0,3288357.574762215,4606685.6881262595,,,,,,,,,,,,not_run_blocked,,collection_witness_policy_unwired;exact_usable_factor_base_unmaterialized;factor_base_not_materialized;multi_witness_adapter_unverified;pipeline_combination_unverified
Q791,n131_poly_d24_m6,,,polybori,50,rankscan,bw,none,,n131_poly_d24_sample.json,3899392.0,3288357.574762215,4606685.6881262595,,,,,,,,,,,,not_run_blocked,,collection_witness_policy_unwired;exact_usable_factor_base_unmaterialized;factor_base_not_materialized;multi_witness_adapter_unverified;pipeline_combination_unverified;relation_matrix_bw_adapter_unverified;relation_matrix_bw_unwired
Q792,n131_poly_d24_m6,,,polybori,1000,rankscan,bw,none,,n131_poly_d24_sample.json,3899392.0,3288357.574762215,4606685.6881262595,,,,,,,,,,,,not_run_blocked,,collection_witness_policy_unwired;exact_usable_factor_base_unmaterialized;factor_base_not_materialized;multi_witness_adapter_unverified;pipeline_combination_unverified;relation_matrix_bw_adapter_unverified;relation_matrix_bw_unwired
Q793,n131_poly_d24_m6,,,polybori,50,rankscan16,gauss,none,,n131_poly_d24_sample.json,3899392.0,3288357.574762215,4606685.6881262595,,,,,,,,,,,,not_run_blocked,,collection_witness_policy_unwired;exact_usable_factor_base_unmaterialized;factor_base_not_materialized;multi_witness_adapter_unverified;pipeline_combination_unverified
Q794,n131_poly_d24_m6,,,polybori,1000,rankscan16,gauss,none,,n131_poly_d24_sample.json,3899392.0,3288357.574762215,4606685.6881262595,,,,,,,,,,,,not_run_blocked,,collection_witness_policy_unwired;exact_usable_factor_base_unmaterialized;factor_base_not_materialized;multi_witness_adapter_unverified;pipeline_combination_unverified
Q795,n131_poly_d24_m6,,,polybori,50,rankscan16,bw,none,,n131_poly_d24_sample.json,3899392.0,3288357.574762215,4606685.6881262595,,,,,,,,,,,,not_run_blocked,,collection_witness_policy_unwired;exact_usable_factor_base_unmaterialized;factor_base_not_materialized;multi_witness_adapter_unverified;pipeline_combination_unverified;relation_matrix_bw_adapter_unverified;relation_matrix_bw_unwired
Q796,n131_poly_d24_m6,,,polybori,1000,rankscan16,bw,none,,n131_poly_d24_sample.json,3899392.0,3288357.574762215,4606685.6881262595,,,,,,,,,,,,not_run_blocked,,collection_witness_policy_unwired;exact_usable_factor_base_unmaterialized;factor_base_not_materialized;multi_witness_adapter_unverified;pipeline_combination_unverified;relation_matrix_bw_adapter_unverified;relation_matrix_bw_unwired
Q797,n131_poly_d24_m6,,,polybori,50,allnovel,gauss,none,,n131_poly_d24_sample.json,3899392.0,3288357.574762215,4606685.6881262595,,,,,,,,,,,,not_run_blocked,,collection_witness_policy_unwired;exact_usable_factor_base_unmaterialized;factor_base_not_materialized;multi_witness_adapter_unverified;pipeline_combination_unverified
Q798,n131_poly_d24_m6,,,polybori,1000,allnovel,gauss,none,,n131_poly_d24_sample.json,3899392.0,3288357.574762215,4606685.6881262595,,,,,,,,,,,,not_run_blocked,,collection_witness_policy_unwired;exact_usable_factor_base_unmaterialized;factor_base_not_materialized;multi_witness_adapter_unverified;pipeline_combination_unverified
Q799,n131_poly_d24_m6,,,polybori,50,allnovel,bw,none,,n131_poly_d24_sample.json,3899392.0,3288357.574762215,4606685.6881262595,,,,,,,,,,,,not_run_blocked,,collection_witness_policy_unwired;exact_usable_factor_base_unmaterialized;factor_base_not_materialized;multi_witness_adapter_unverified;pipeline_combination_unverified;relation_matrix_bw_adapter_unverified;relation_matrix_bw_unwired
Q800,n131_poly_d24_m6,,,polybori,1000,allnovel,bw,none,,n131_poly_d24_sample.json,3899392.0,3288357.574762215,4606685.6881262595,,,,,,,,,,,,not_run_blocked,,collection_witness_policy_unwired;exact_usable_factor_base_unmaterialized;factor_base_not_materialized;multi_witness_adapter_unverified;pipeline_combination_unverified;relation_matrix_bw_adapter_unverified;relation_matrix_bw_unwired
Q801,n131_iso2_d28_m5,,,sat,50,first,gauss,search_l2_ecc2k130,,,,,,,,,,,,,,,,,not_run_blocked,,exact_usable_factor_base_unmaterialized;explicit_isogeny_map_missing;factor_base_not_materialized;isogeny_route_search_only;pipeline_combination_unverified
Q802,n131_iso2_d28_m5,,,sat,1000,first,gauss,search_l2_ecc2k130,,,,,,,,,,,,,,,,,not_run_blocked,,exact_usable_factor_base_unmaterialized;explicit_isogeny_map_missing;factor_base_not_materialized;isogeny_route_search_only;pipeline_combination_unverified
Q803,n131_iso2_d28_m5,,,sat,50,first,bw,search_l2_ecc2k130,,,,,,,,,,,,,,,,,not_run_blocked,,exact_usable_factor_base_unmaterialized;explicit_isogeny_map_missing;factor_base_not_materialized;isogeny_route_search_only;pipeline_combination_unverified;relation_matrix_bw_adapter_unverified;relation_matrix_bw_unwired
Q804,n131_iso2_d28_m5,,,sat,1000,first,bw,search_l2_ecc2k130,,,,,,,,,,,,,,,,,not_run_blocked,,exact_usable_factor_base_unmaterialized;explicit_isogeny_map_missing;factor_base_not_materialized;isogeny_route_search_only;pipeline_combination_unverified;relation_matrix_bw_adapter_unverified;relation_matrix_bw_unwired
Q805,n131_iso2_d28_m5,,,sat,50,uniform,gauss,search_l2_ecc2k130,,,,,,,,,,,,,,,,,not_run_blocked,,collection_witness_policy_unwired;exact_usable_factor_base_unmaterialized;explicit_isogeny_map_missing;factor_base_not_materialized;isogeny_route_search_only;multi_witness_adapter_unverified;pipeline_combination_unverified
Q806,n131_iso2_d28_m5,,,sat,1000,uniform,gauss,search_l2_ecc2k130,,,,,,,,,,,,,,,,,not_run_blocked,,collection_witness_policy_unwired;exact_usable_factor_base_unmaterialized;explicit_isogeny_map_missing;factor_base_not_materialized;isogeny_route_search_only;multi_witness_adapter_unverified;pipeline_combination_unverified
Q807,n131_iso2_d28_m5,,,sat,50,uniform,bw,search_l2_ecc2k130,,,,,,,,,,,,,,,,,not_run_blocked,,collection_witness_policy_unwired;exact_usable_factor_base_unmaterialized;explicit_isogeny_map_missing;factor_base_not_materialized;isogeny_route_search_only;multi_witness_adapter_unverified;pipeline_combination_unverified;relation_matrix_bw_adapter_unverified;relation_matrix_bw_unwired
Q808,n131_iso2_d28_m5,,,sat,1000,uniform,bw,search_l2_ecc2k130,,,,,,,,,,,,,,,,,not_run_blocked,,collection_witness_policy_unwired;exact_usable_factor_base_unmaterialized;explicit_isogeny_map_missing;factor_base_not_materialized;isogeny_route_search_only;multi_witness_adapter_unverified;pipeline_combination_unverified;relation_matrix_bw_adapter_unverified;relation_matrix_bw_unwired
Q809,n131_iso2_d28_m5,,,sat,50,rankscan,gauss,search_l2_ecc2k130,,,,,,,,,,,,,,,,,not_run_blocked,,collection_witness_policy_unwired;exact_usable_factor_base_unmaterialized;explicit_isogeny_map_missing;factor_base_not_materialized;isogeny_route_search_only;multi_witness_adapter_unverified;pipeline_combination_unverified
Q810,n131_iso2_d28_m5,,,sat,1000,rankscan,gauss,search_l2_ecc2k130,,,,,,,,,,,,,,,,,not_run_blocked,,collection_witness_policy_unwired;exact_usable_factor_base_unmaterialized;explicit_isogeny_map_missing;factor_base_not_materialized;isogeny_route_search_only;multi_witness_adapter_unverified;pipeline_combination_unverified
Q811,n131_iso2_d28_m5,,,sat,50,rankscan,bw,search_l2_ecc2k130,,,,,,,,,,,,,,,,,not_run_blocked,,collection_witness_policy_unwired;exact_usable_factor_base_unmaterialized;explicit_isogeny_map_missing;factor_base_not_materialized;isogeny_route_search_only;multi_witness_adapter_unverified;pipeline_combination_unverified;relation_matrix_bw_adapter_unverified;relation_matrix_bw_unwired
Q812,n131_iso2_d28_m5,,,sat,1000,rankscan,bw,search_l2_ecc2k130,,,,,,,,,,,,,,,,,not_run_blocked,,collection_witness_policy_unwired;exact_usable_factor_base_unmaterialized;explicit_isogeny_map_missing;factor_base_not_materialized;isogeny_route_search_only;multi_witness_adapter_unverified;pipeline_combination_unverified;relation_matrix_bw_adapter_unverified;relation_matrix_bw_unwired
Q813,n131_iso2_d28_m5,,,sat,50,rankscan16,gauss,search_l2_ecc2k130,,,,,,,,,,,,,,,,,not_run_blocked,,collection_witness_policy_unwired;exact_usable_factor_base_unmaterialized;explicit_isogeny_map_missing;factor_base_not_materialized;isogeny_route_search_only;multi_witness_adapter_unverified;pipeline_combination_unverified
Q814,n131_iso2_d28_m5,,,sat,1000,rankscan16,gauss,search_l2_ecc2k130,,,,,,,,,,,,,,,,,not_run_blocked,,collection_witness_policy_unwired;exact_usable_factor_base_unmaterialized;explicit_isogeny_map_missing;factor_base_not_materialized;isogeny_route_search_only;multi_witness_adapter_unverified;pipeline_combination_unverified
Q815,n131_iso2_d28_m5,,,sat,50,rankscan16,bw,search_l2_ecc2k130,,,,,,,,,,,,,,,,,not_run_blocked,,collection_witness_policy_unwired;exact_usable_factor_base_unmaterialized;explicit_isogeny_map_missing;factor_base_not_materialized;isogeny_route_search_only;multi_witness_adapter_unverified;pipeline_combination_unverified;relation_matrix_bw_adapter_unverified;relation_matrix_bw_unwired
Q816,n131_iso2_d28_m5,,,sat,1000,rankscan16,bw,search_l2_ecc2k130,,,,,,,,,,,,,,,,,not_run_blocked,,collection_witness_policy_unwired;exact_usable_factor_base_unmaterialized;explicit_isogeny_map_missing;factor_base_not_materialized;isogeny_route_search_only;multi_witness_adapter_unverified;pipeline_combination_unverified;relation_matrix_bw_adapter_unverified;relation_matrix_bw_unwired
Q817,n131_iso2_d28_m5,,,sat,50,allnovel,gauss,search_l2_ecc2k130,,,,,,,,,,,,,,,,,not_run_blocked,,collection_witness_policy_unwired;exact_usable_factor_base_unmaterialized;explicit_isogeny_map_missing;factor_base_not_materialized;isogeny_route_search_only;multi_witness_adapter_unverified;pipeline_combination_unverified
Q818,n131_iso2_d28_m5,,,sat,1000,allnovel,gauss,search_l2_ecc2k130,,,,,,,,,,,,,,,,,not_run_blocked,,collection_witness_policy_unwired;exact_usable_factor_base_unmaterialized;explicit_isogeny_map_missing;factor_base_not_materialized;isogeny_route_search_only;multi_witness_adapter_unverified;pipeline_combination_unverified
Q819,n131_iso2_d28_m5,,,sat,50,allnovel,bw,search_l2_ecc2k130,,,,,,,,,,,,,,,,,not_run_blocked,,collection_witness_policy_unwired;exact_usable_factor_base_unmaterialized;explicit_isogeny_map_missing;factor_base_not_materialized;isogeny_route_search_only;multi_witness_adapter_unverified;pipeline_combination_unverified;relation_matrix_bw_adapter_unverified;relation_matrix_bw_unwired
Q820,n131_iso2_d28_m5,,,sat,1000,allnovel,bw,search_l2_ecc2k130,,,,,,,,,,,,,,,,,not_run_blocked,,collection_witness_policy_unwired;exact_usable_factor_base_unmaterialized;explicit_isogeny_map_missing;factor_base_not_materialized;isogeny_route_search_only;multi_witness_adapter_unverified;pipeline_combination_unverified;relation_matrix_bw_adapter_unverified;relation_matrix_bw_unwired
Q821,n131_iso2_d28_m5,,,f4,50,first,gauss,search_l2_ecc2k130,,,,,,,,,,,,,,,,,not_run_blocked,,exact_usable_factor_base_unmaterialized;explicit_isogeny_map_missing;factor_base_not_materialized;isogeny_route_search_only;pipeline_combination_unverified
Q822,n131_iso2_d28_m5,,,f4,1000,first,gauss,search_l2_ecc2k130,,,,,,,,,,,,,,,,,not_run_blocked,,exact_usable_factor_base_unmaterialized;explicit_isogeny_map_missing;factor_base_not_materialized;isogeny_route_search_only;pipeline_combination_unverified
Q823,n131_iso2_d28_m5,,,f4,50,first,bw,search_l2_ecc2k130,,,,,,,,,,,,,,,,,not_run_blocked,,exact_usable_factor_base_unmaterialized;explicit_isogeny_map_missing;factor_base_not_materialized;isogeny_route_search_only;pipeline_combination_unverified;relation_matrix_bw_adapter_unverified;relation_matrix_bw_unwired
Q824,n131_iso2_d28_m5,,,f4,1000,first,bw,search_l2_ecc2k130,,,,,,,,,,,,,,,,,not_run_blocked,,exact_usable_factor_base_unmaterialized;explicit_isogeny_map_missing;factor_base_not_materialized;isogeny_route_search_only;pipeline_combination_unverified;relation_matrix_bw_adapter_unverified;relation_matrix_bw_unwired
Q825,n131_iso2_d28_m5,,,f4,50,uniform,gauss,search_l2_ecc2k130,,,,,,,,,,,,,,,,,not_run_blocked,,collection_witness_policy_unwired;exact_usable_factor_base_unmaterialized;explicit_isogeny_map_missing;factor_base_not_materialized;isogeny_route_search_only;multi_witness_adapter_unverified;pipeline_combination_unverified
Q826,n131_iso2_d28_m5,,,f4,1000,uniform,gauss,search_l2_ecc2k130,,,,,,,,,,,,,,,,,not_run_blocked,,collection_witness_policy_unwired;exact_usable_factor_base_unmaterialized;explicit_isogeny_map_missing;factor_base_not_materialized;isogeny_route_search_only;multi_witness_adapter_unverified;pipeline_combination_unverified
Q827,n131_iso2_d28_m5,,,f4,50,uniform,bw,search_l2_ecc2k130,,,,,,,,,,,,,,,,,not_run_blocked,,collection_witness_policy_unwired;exact_usable_factor_base_unmaterialized;explicit_isogeny_map_missing;factor_base_not_materialized;isogeny_route_search_only;multi_witness_adapter_unverified;pipeline_combination_unverified;relation_matrix_bw_adapter_unverified;relation_matrix_bw_unwired
Q828,n131_iso2_d28_m5,,,f4,1000,uniform,bw,search_l2_ecc2k130,,,,,,,,,,,,,,,,,not_run_blocked,,collection_witness_policy_unwired;exact_usable_factor_base_unmaterialized;explicit_isogeny_map_missing;factor_base_not_materialized;isogeny_route_search_only;multi_witness_adapter_unverified;pipeline_combination_unverified;relation_matrix_bw_adapter_unverified;relation_matrix_bw_unwired
Q829,n131_iso2_d28_m5,,,f4,50,rankscan,gauss,search_l2_ecc2k130,,,,,,,,,,,,,,,,,not_run_blocked,,collection_witness_policy_unwired;exact_usable_factor_base_unmaterialized;explicit_isogeny_map_missing;factor_base_not_materialized;isogeny_route_search_only;multi_witness_adapter_unverified;pipeline_combination_unverified
Q830,n131_iso2_d28_m5,,,f4,1000,rankscan,gauss,search_l2_ecc2k130,,,,,,,,,,,,,,,,,not_run_blocked,,collection_witness_policy_unwired;exact_usable_factor_base_unmaterialized;explicit_isogeny_map_missing;factor_base_not_materialized;isogeny_route_search_only;multi_witness_adapter_unverified;pipeline_combination_unverified
Q831,n131_iso2_d28_m5,,,f4,50,rankscan,bw,search_l2_ecc2k130,,,,,,,,,,,,,,,,,not_run_blocked,,collection_witness_policy_unwired;exact_usable_factor_base_unmaterialized;explicit_isogeny_map_missing;factor_base_not_materialized;isogeny_route_search_only;multi_witness_adapter_unverified;pipeline_combination_unverified;relation_matrix_bw_adapter_unverified;relation_matrix_bw_unwired
Q832,n131_iso2_d28_m5,,,f4,1000,rankscan,bw,search_l2_ecc2k130,,,,,,,,,,,,,,,,,not_run_blocked,,collection_witness_policy_unwired;exact_usable_factor_base_unmaterialized;explicit_isogeny_map_missing;factor_base_not_materialized;isogeny_route_search_only;multi_witness_adapter_unverified;pipeline_combination_unverified;relation_matrix_bw_adapter_unverified;relation_matrix_bw_unwired
Q833,n131_iso2_d28_m5,,,f4,50,rankscan16,gauss,search_l2_ecc2k130,,,,,,,,,,,,,,,,,not_run_blocked,,collection_witness_policy_unwired;exact_usable_factor_base_unmaterialized;explicit_isogeny_map_missing;factor_base_not_materialized;isogeny_route_search_only;multi_witness_adapter_unverified;pipeline_combination_unverified
Q834,n131_iso2_d28_m5,,,f4,1000,rankscan16,gauss,search_l2_ecc2k130,,,,,,,,,,,,,,,,,not_run_blocked,,collection_witness_policy_unwired;exact_usable_factor_base_unmaterialized;explicit_isogeny_map_missing;factor_base_not_materialized;isogeny_route_search_only;multi_witness_adapter_unverified;pipeline_combination_unverified
Q835,n131_iso2_d28_m5,,,f4,50,rankscan16,bw,search_l2_ecc2k130,,,,,,,,,,,,,,,,,not_run_blocked,,collection_witness_policy_unwired;exact_usable_factor_base_unmaterialized;explicit_isogeny_map_missing;factor_base_not_materialized;isogeny_route_search_only;multi_witness_adapter_unverified;pipeline_combination_unverified;relation_matrix_bw_adapter_unverified;relation_matrix_bw_unwired
Q836,n131_iso2_d28_m5,,,f4,1000,rankscan16,bw,search_l2_ecc2k130,,,,,,,,,,,,,,,,,not_run_blocked,,collection_witness_policy_unwired;exact_usable_factor_base_unmaterialized;explicit_isogeny_map_missing;factor_base_not_materialized;isogeny_route_search_only;multi_witness_adapter_unverified;pipeline_combination_unverified;relation_matrix_bw_adapter_unverified;relation_matrix_bw_unwired
Q837,n131_iso2_d28_m5,,,f4,50,allnovel,gauss,search_l2_ecc2k130,,,,,,,,,,,,,,,,,not_run_blocked,,collection_witness_policy_unwired;exact_usable_factor_base_unmaterialized;explicit_isogeny_map_missing;factor_base_not_materialized;isogeny_route_search_only;multi_witness_adapter_unverified;pipeline_combination_unverified
Q838,n131_iso2_d28_m5,,,f4,1000,allnovel,gauss,search_l2_ecc2k130,,,,,,,,,,,,,,,,,not_run_blocked,,collection_witness_policy_unwired;exact_usable_factor_base_unmaterialized;explicit_isogeny_map_missing;factor_base_not_materialized;isogeny_route_search_only;multi_witness_adapter_unverified;pipeline_combination_unverified
Q839,n131_iso2_d28_m5,,,f4,50,allnovel,bw,search_l2_ecc2k130,,,,,,,,,,,,,,,,,not_run_blocked,,collection_witness_policy_unwired;exact_usable_factor_base_unmaterialized;explicit_isogeny_map_missing;factor_base_not_materialized;isogeny_route_search_only;multi_witness_adapter_unverified;pipeline_combination_unverified;relation_matrix_bw_adapter_unverified;relation_matrix_bw_unwired
Q840,n131_iso2_d28_m5,,,f4,1000,allnovel,bw,search_l2_ecc2k130,,,,,,,,,,,,,,,,,not_run_blocked,,collection_witness_policy_unwired;exact_usable_factor_base_unmaterialized;explicit_isogeny_map_missing;factor_base_not_materialized;isogeny_route_search_only;multi_witness_adapter_unverified;pipeline_combination_unverified;relation_matrix_bw_adapter_unverified;relation_matrix_bw_unwired
Q841,n131_iso2_d28_m5,,,f5b,50,first,gauss,search_l2_ecc2k130,,,,,,,,,,,,,,,,,not_run_blocked,,exact_usable_factor_base_unmaterialized;explicit_isogeny_map_missing;factor_base_not_materialized;isogeny_route_search_only;pipeline_combination_unverified
Q842,n131_iso2_d28_m5,,,f5b,1000,first,gauss,search_l2_ecc2k130,,,,,,,,,,,,,,,,,not_run_blocked,,exact_usable_factor_base_unmaterialized;explicit_isogeny_map_missing;factor_base_not_materialized;isogeny_route_search_only;pipeline_combination_unverified
Q843,n131_iso2_d28_m5,,,f5b,50,first,bw,search_l2_ecc2k130,,,,,,,,,,,,,,,,,not_run_blocked,,exact_usable_factor_base_unmaterialized;explicit_isogeny_map_missing;factor_base_not_materialized;isogeny_route_search_only;pipeline_combination_unverified;relation_matrix_bw_adapter_unverified;relation_matrix_bw_unwired
Q844,n131_iso2_d28_m5,,,f5b,1000,first,bw,search_l2_ecc2k130,,,,,,,,,,,,,,,,,not_run_blocked,,exact_usable_factor_base_unmaterialized;explicit_isogeny_map_missing;factor_base_not_materialized;isogeny_route_search_only;pipeline_combination_unverified;relation_matrix_bw_adapter_unverified;relation_matrix_bw_unwired
Q845,n131_iso2_d28_m5,,,f5b,50,uniform,gauss,search_l2_ecc2k130,,,,,,,,,,,,,,,,,not_run_blocked,,collection_witness_policy_unwired;exact_usable_factor_base_unmaterialized;explicit_isogeny_map_missing;factor_base_not_materialized;isogeny_route_search_only;multi_witness_adapter_unverified;pipeline_combination_unverified
Q846,n131_iso2_d28_m5,,,f5b,1000,uniform,gauss,search_l2_ecc2k130,,,,,,,,,,,,,,,,,not_run_blocked,,collection_witness_policy_unwired;exact_usable_factor_base_unmaterialized;explicit_isogeny_map_missing;factor_base_not_materialized;isogeny_route_search_only;multi_witness_adapter_unverified;pipeline_combination_unverified
Q847,n131_iso2_d28_m5,,,f5b,50,uniform,bw,search_l2_ecc2k130,,,,,,,,,,,,,,,,,not_run_blocked,,collection_witness_policy_unwired;exact_usable_factor_base_unmaterialized;explicit_isogeny_map_missing;factor_base_not_materialized;isogeny_route_search_only;multi_witness_adapter_unverified;pipeline_combination_unverified;relation_matrix_bw_adapter_unverified;relation_matrix_bw_unwired
Q848,n131_iso2_d28_m5,,,f5b,1000,uniform,bw,search_l2_ecc2k130,,,,,,,,,,,,,,,,,not_run_blocked,,collection_witness_policy_unwired;exact_usable_factor_base_unmaterialized;explicit_isogeny_map_missing;factor_base_not_materialized;isogeny_route_search_only;multi_witness_adapter_unverified;pipeline_combination_unverified;relation_matrix_bw_adapter_unverified;relation_matrix_bw_unwired
Q849,n131_iso2_d28_m5,,,f5b,50,rankscan,gauss,search_l2_ecc2k130,,,,,,,,,,,,,,,,,not_run_blocked,,collection_witness_policy_unwired;exact_usable_factor_base_unmaterialized;explicit_isogeny_map_missing;factor_base_not_materialized;isogeny_route_search_only;multi_witness_adapter_unverified;pipeline_combination_unverified
Q850,n131_iso2_d28_m5,,,f5b,1000,rankscan,gauss,search_l2_ecc2k130,,,,,,,,,,,,,,,,,not_run_blocked,,collection_witness_policy_unwired;exact_usable_factor_base_unmaterialized;explicit_isogeny_map_missing;factor_base_not_materialized;isogeny_route_search_only;multi_witness_adapter_unverified;pipeline_combination_unverified
Q851,n131_iso2_d28_m5,,,f5b,50,rankscan,bw,search_l2_ecc2k130,,,,,,,,,,,,,,,,,not_run_blocked,,collection_witness_policy_unwired;exact_usable_factor_base_unmaterialized;explicit_isogeny_map_missing;factor_base_not_materialized;isogeny_route_search_only;multi_witness_adapter_unverified;pipeline_combination_unverified;relation_matrix_bw_adapter_unverified;relation_matrix_bw_unwired
Q852,n131_iso2_d28_m5,,,f5b,1000,rankscan,bw,search_l2_ecc2k130,,,,,,,,,,,,,,,,,not_run_blocked,,collection_witness_policy_unwired;exact_usable_factor_base_unmaterialized;explicit_isogeny_map_missing;factor_base_not_materialized;isogeny_route_search_only;multi_witness_adapter_unverified;pipeline_combination_unverified;relation_matrix_bw_adapter_unverified;relation_matrix_bw_unwired
Q853,n131_iso2_d28_m5,,,f5b,50,rankscan16,gauss,search_l2_ecc2k130,,,,,,,,,,,,,,,,,not_run_blocked,,collection_witness_policy_unwired;exact_usable_factor_base_unmaterialized;explicit_isogeny_map_missing;factor_base_not_materialized;isogeny_route_search_only;multi_witness_adapter_unverified;pipeline_combination_unverified
Q854,n131_iso2_d28_m5,,,f5b,1000,rankscan16,gauss,search_l2_ecc2k130,,,,,,,,,,,,,,,,,not_run_blocked,,collection_witness_policy_unwired;exact_usable_factor_base_unmaterialized;explicit_isogeny_map_missing;factor_base_not_materialized;isogeny_route_search_only;multi_witness_adapter_unverified;pipeline_combination_unverified
Q855,n131_iso2_d28_m5,,,f5b,50,rankscan16,bw,search_l2_ecc2k130,,,,,,,,,,,,,,,,,not_run_blocked,,collection_witness_policy_unwired;exact_usable_factor_base_unmaterialized;explicit_isogeny_map_missing;factor_base_not_materialized;isogeny_route_search_only;multi_witness_adapter_unverified;pipeline_combination_unverified;relation_matrix_bw_adapter_unverified;relation_matrix_bw_unwired
Q856,n131_iso2_d28_m5,,,f5b,1000,rankscan16,bw,search_l2_ecc2k130,,,,,,,,,,,,,,,,,not_run_blocked,,collection_witness_policy_unwired;exact_usable_factor_base_unmaterialized;explicit_isogeny_map_missing;factor_base_not_materialized;isogeny_route_search_only;multi_witness_adapter_unverified;pipeline_combination_unverified;relation_matrix_bw_adapter_unverified;relation_matrix_bw_unwired
Q857,n131_iso2_d28_m5,,,f5b,50,allnovel,gauss,search_l2_ecc2k130,,,,,,,,,,,,,,,,,not_run_blocked,,collection_witness_policy_unwired;exact_usable_factor_base_unmaterialized;explicit_isogeny_map_missing;factor_base_not_materialized;isogeny_route_search_only;multi_witness_adapter_unverified;pipeline_combination_unverified
Q858,n131_iso2_d28_m5,,,f5b,1000,allnovel,gauss,search_l2_ecc2k130,,,,,,,,,,,,,,,,,not_run_blocked,,collection_witness_policy_unwired;exact_usable_factor_base_unmaterialized;explicit_isogeny_map_missing;factor_base_not_materialized;isogeny_route_search_only;multi_witness_adapter_unverified;pipeline_combination_unverified
Q859,n131_iso2_d28_m5,,,f5b,50,allnovel,bw,search_l2_ecc2k130,,,,,,,,,,,,,,,,,not_run_blocked,,collection_witness_policy_unwired;exact_usable_factor_base_unmaterialized;explicit_isogeny_map_missing;factor_base_not_materialized;isogeny_route_search_only;multi_witness_adapter_unverified;pipeline_combination_unverified;relation_matrix_bw_adapter_unverified;relation_matrix_bw_unwired
Q860,n131_iso2_d28_m5,,,f5b,1000,allnovel,bw,search_l2_ecc2k130,,,,,,,,,,,,,,,,,not_run_blocked,,collection_witness_policy_unwired;exact_usable_factor_base_unmaterialized;explicit_isogeny_map_missing;factor_base_not_materialized;isogeny_route_search_only;multi_witness_adapter_unverified;pipeline_combination_unverified;relation_matrix_bw_adapter_unverified;relation_matrix_bw_unwired
Q861,n131_iso2_d28_m5,,,f5m4ri,50,first,gauss,search_l2_ecc2k130,,,,,,,,,,,,,,,,,not_run_blocked,,exact_usable_factor_base_unmaterialized;explicit_isogeny_map_missing;factor_base_not_materialized;isogeny_route_search_only;pipeline_combination_unverified
Q862,n131_iso2_d28_m5,,,f5m4ri,1000,first,gauss,search_l2_ecc2k130,,,,,,,,,,,,,,,,,not_run_blocked,,exact_usable_factor_base_unmaterialized;explicit_isogeny_map_missing;factor_base_not_materialized;isogeny_route_search_only;pipeline_combination_unverified
Q863,n131_iso2_d28_m5,,,f5m4ri,50,first,bw,search_l2_ecc2k130,,,,,,,,,,,,,,,,,not_run_blocked,,exact_usable_factor_base_unmaterialized;explicit_isogeny_map_missing;factor_base_not_materialized;isogeny_route_search_only;pipeline_combination_unverified;relation_matrix_bw_adapter_unverified;relation_matrix_bw_unwired
Q864,n131_iso2_d28_m5,,,f5m4ri,1000,first,bw,search_l2_ecc2k130,,,,,,,,,,,,,,,,,not_run_blocked,,exact_usable_factor_base_unmaterialized;explicit_isogeny_map_missing;factor_base_not_materialized;isogeny_route_search_only;pipeline_combination_unverified;relation_matrix_bw_adapter_unverified;relation_matrix_bw_unwired
Q865,n131_iso2_d28_m5,,,f5m4ri,50,uniform,gauss,search_l2_ecc2k130,,,,,,,,,,,,,,,,,not_run_blocked,,collection_witness_policy_unwired;exact_usable_factor_base_unmaterialized;explicit_isogeny_map_missing;factor_base_not_materialized;isogeny_route_search_only;multi_witness_adapter_unverified;pipeline_combination_unverified
Q866,n131_iso2_d28_m5,,,f5m4ri,1000,uniform,gauss,search_l2_ecc2k130,,,,,,,,,,,,,,,,,not_run_blocked,,collection_witness_policy_unwired;exact_usable_factor_base_unmaterialized;explicit_isogeny_map_missing;factor_base_not_materialized;isogeny_route_search_only;multi_witness_adapter_unverified;pipeline_combination_unverified
Q867,n131_iso2_d28_m5,,,f5m4ri,50,uniform,bw,search_l2_ecc2k130,,,,,,,,,,,,,,,,,not_run_blocked,,collection_witness_policy_unwired;exact_usable_factor_base_unmaterialized;explicit_isogeny_map_missing;factor_base_not_materialized;isogeny_route_search_only;multi_witness_adapter_unverified;pipeline_combination_unverified;relation_matrix_bw_adapter_unverified;relation_matrix_bw_unwired
Q868,n131_iso2_d28_m5,,,f5m4ri,1000,uniform,bw,search_l2_ecc2k130,,,,,,,,,,,,,,,,,not_run_blocked,,collection_witness_policy_unwired;exact_usable_factor_base_unmaterialized;explicit_isogeny_map_missing;factor_base_not_materialized;isogeny_route_search_only;multi_witness_adapter_unverified;pipeline_combination_unverified;relation_matrix_bw_adapter_unverified;relation_matrix_bw_unwired
Q869,n131_iso2_d28_m5,,,f5m4ri,50,rankscan,gauss,search_l2_ecc2k130,,,,,,,,,,,,,,,,,not_run_blocked,,collection_witness_policy_unwired;exact_usable_factor_base_unmaterialized;explicit_isogeny_map_missing;factor_base_not_materialized;isogeny_route_search_only;multi_witness_adapter_unverified;pipeline_combination_unverified
Q870,n131_iso2_d28_m5,,,f5m4ri,1000,rankscan,gauss,search_l2_ecc2k130,,,,,,,,,,,,,,,,,not_run_blocked,,collection_witness_policy_unwired;exact_usable_factor_base_unmaterialized;explicit_isogeny_map_missing;factor_base_not_materialized;isogeny_route_search_only;multi_witness_adapter_unverified;pipeline_combination_unverified
Q871,n131_iso2_d28_m5,,,f5m4ri,50,rankscan,bw,search_l2_ecc2k130,,,,,,,,,,,,,,,,,not_run_blocked,,collection_witness_policy_unwired;exact_usable_factor_base_unmaterialized;explicit_isogeny_map_missing;factor_base_not_materialized;isogeny_route_search_only;multi_witness_adapter_unverified;pipeline_combination_unverified;relation_matrix_bw_adapter_unverified;relation_matrix_bw_unwired
Q872,n131_iso2_d28_m5,,,f5m4ri,1000,rankscan,bw,search_l2_ecc2k130,,,,,,,,,,,,,,,,,not_run_blocked,,collection_witness_policy_unwired;exact_usable_factor_base_unmaterialized;explicit_isogeny_map_missing;factor_base_not_materialized;isogeny_route_search_only;multi_witness_adapter_unverified;pipeline_combination_unverified;relation_matrix_bw_adapter_unverified;relation_matrix_bw_unwired
Q873,n131_iso2_d28_m5,,,f5m4ri,50,rankscan16,gauss,search_l2_ecc2k130,,,,,,,,,,,,,,,,,not_run_blocked,,collection_witness_policy_unwired;exact_usable_factor_base_unmaterialized;explicit_isogeny_map_missing;factor_base_not_materialized;isogeny_route_search_only;multi_witness_adapter_unverified;pipeline_combination_unverified
Q874,n131_iso2_d28_m5,,,f5m4ri,1000,rankscan16,gauss,search_l2_ecc2k130,,,,,,,,,,,,,,,,,not_run_blocked,,collection_witness_policy_unwired;exact_usable_factor_base_unmaterialized;explicit_isogeny_map_missing;factor_base_not_materialized;isogeny_route_search_only;multi_witness_adapter_unverified;pipeline_combination_unverified
Q875,n131_iso2_d28_m5,,,f5m4ri,50,rankscan16,bw,search_l2_ecc2k130,,,,,,,,,,,,,,,,,not_run_blocked,,collection_witness_policy_unwired;exact_usable_factor_base_unmaterialized;explicit_isogeny_map_missing;factor_base_not_materialized;isogeny_route_search_only;multi_witness_adapter_unverified;pipeline_combination_unverified;relation_matrix_bw_adapter_unverified;relation_matrix_bw_unwired
Q876,n131_iso2_d28_m5,,,f5m4ri,1000,rankscan16,bw,search_l2_ecc2k130,,,,,,,,,,,,,,,,,not_run_blocked,,collection_witness_policy_unwired;exact_usable_factor_base_unmaterialized;explicit_isogeny_map_missing;factor_base_not_materialized;isogeny_route_search_only;multi_witness_adapter_unverified;pipeline_combination_unverified;relation_matrix_bw_adapter_unverified;relation_matrix_bw_unwired
Q877,n131_iso2_d28_m5,,,f5m4ri,50,allnovel,gauss,search_l2_ecc2k130,,,,,,,,,,,,,,,,,not_run_blocked,,collection_witness_policy_unwired;exact_usable_factor_base_unmaterialized;explicit_isogeny_map_missing;factor_base_not_materialized;isogeny_route_search_only;multi_witness_adapter_unverified;pipeline_combination_unverified
Q878,n131_iso2_d28_m5,,,f5m4ri,1000,allnovel,gauss,search_l2_ecc2k130,,,,,,,,,,,,,,,,,not_run_blocked,,collection_witness_policy_unwired;exact_usable_factor_base_unmaterialized;explicit_isogeny_map_missing;factor_base_not_materialized;isogeny_route_search_only;multi_witness_adapter_unverified;pipeline_combination_unverified
Q879,n131_iso2_d28_m5,,,f5m4ri,50,allnovel,bw,search_l2_ecc2k130,,,,,,,,,,,,,,,,,not_run_blocked,,collection_witness_policy_unwired;exact_usable_factor_base_unmaterialized;explicit_isogeny_map_missing;factor_base_not_materialized;isogeny_route_search_only;multi_witness_adapter_unverified;pipeline_combination_unverified;relation_matrix_bw_adapter_unverified;relation_matrix_bw_unwired
Q880,n131_iso2_d28_m5,,,f5m4ri,1000,allnovel,bw,search_l2_ecc2k130,,,,,,,,,,,,,,,,,not_run_blocked,,collection_witness_policy_unwired;exact_usable_factor_base_unmaterialized;explicit_isogeny_map_missing;factor_base_not_materialized;isogeny_route_search_only;multi_witness_adapter_unverified;pipeline_combination_unverified;relation_matrix_bw_adapter_unverified;relation_matrix_bw_unwired
Q881,n131_iso2_d28_m5,,,polybori,50,first,gauss,search_l2_ecc2k130,,,,,,,,,,,,,,,,,not_run_blocked,,exact_usable_factor_base_unmaterialized;explicit_isogeny_map_missing;factor_base_not_materialized;isogeny_route_search_only;pipeline_combination_unverified
Q882,n131_iso2_d28_m5,,,polybori,1000,first,gauss,search_l2_ecc2k130,,,,,,,,,,,,,,,,,not_run_blocked,,exact_usable_factor_base_unmaterialized;explicit_isogeny_map_missing;factor_base_not_materialized;isogeny_route_search_only;pipeline_combination_unverified
Q883,n131_iso2_d28_m5,,,polybori,50,first,bw,search_l2_ecc2k130,,,,,,,,,,,,,,,,,not_run_blocked,,exact_usable_factor_base_unmaterialized;explicit_isogeny_map_missing;factor_base_not_materialized;isogeny_route_search_only;pipeline_combination_unverified;relation_matrix_bw_adapter_unverified;relation_matrix_bw_unwired
Q884,n131_iso2_d28_m5,,,polybori,1000,first,bw,search_l2_ecc2k130,,,,,,,,,,,,,,,,,not_run_blocked,,exact_usable_factor_base_unmaterialized;explicit_isogeny_map_missing;factor_base_not_materialized;isogeny_route_search_only;pipeline_combination_unverified;relation_matrix_bw_adapter_unverified;relation_matrix_bw_unwired
Q885,n131_iso2_d28_m5,,,polybori,50,uniform,gauss,search_l2_ecc2k130,,,,,,,,,,,,,,,,,not_run_blocked,,collection_witness_policy_unwired;exact_usable_factor_base_unmaterialized;explicit_isogeny_map_missing;factor_base_not_materialized;isogeny_route_search_only;multi_witness_adapter_unverified;pipeline_combination_unverified
Q886,n131_iso2_d28_m5,,,polybori,1000,uniform,gauss,search_l2_ecc2k130,,,,,,,,,,,,,,,,,not_run_blocked,,collection_witness_policy_unwired;exact_usable_factor_base_unmaterialized;explicit_isogeny_map_missing;factor_base_not_materialized;isogeny_route_search_only;multi_witness_adapter_unverified;pipeline_combination_unverified
Q887,n131_iso2_d28_m5,,,polybori,50,uniform,bw,search_l2_ecc2k130,,,,,,,,,,,,,,,,,not_run_blocked,,collection_witness_policy_unwired;exact_usable_factor_base_unmaterialized;explicit_isogeny_map_missing;factor_base_not_materialized;isogeny_route_search_only;multi_witness_adapter_unverified;pipeline_combination_unverified;relation_matrix_bw_adapter_unverified;relation_matrix_bw_unwired
Q888,n131_iso2_d28_m5,,,polybori,1000,uniform,bw,search_l2_ecc2k130,,,,,,,,,,,,,,,,,not_run_blocked,,collection_witness_policy_unwired;exact_usable_factor_base_unmaterialized;explicit_isogeny_map_missing;factor_base_not_materialized;isogeny_route_search_only;multi_witness_adapter_unverified;pipeline_combination_unverified;relation_matrix_bw_adapter_unverified;relation_matrix_bw_unwired
Q889,n131_iso2_d28_m5,,,polybori,50,rankscan,gauss,search_l2_ecc2k130,,,,,,,,,,,,,,,,,not_run_blocked,,collection_witness_policy_unwired;exact_usable_factor_base_unmaterialized;explicit_isogeny_map_missing;factor_base_not_materialized;isogeny_route_search_only;multi_witness_adapter_unverified;pipeline_combination_unverified
Q890,n131_iso2_d28_m5,,,polybori,1000,rankscan,gauss,search_l2_ecc2k130,,,,,,,,,,,,,,,,,not_run_blocked,,collection_witness_policy_unwired;exact_usable_factor_base_unmaterialized;explicit_isogeny_map_missing;factor_base_not_materialized;isogeny_route_search_only;multi_witness_adapter_unverified;pipeline_combination_unverified
Q891,n131_iso2_d28_m5,,,polybori,50,rankscan,bw,search_l2_ecc2k130,,,,,,,,,,,,,,,,,not_run_blocked,,collection_witness_policy_unwired;exact_usable_factor_base_unmaterialized;explicit_isogeny_map_missing;factor_base_not_materialized;isogeny_route_search_only;multi_witness_adapter_unverified;pipeline_combination_unverified;relation_matrix_bw_adapter_unverified;relation_matrix_bw_unwired
Q892,n131_iso2_d28_m5,,,polybori,1000,rankscan,bw,search_l2_ecc2k130,,,,,,,,,,,,,,,,,not_run_blocked,,collection_witness_policy_unwired;exact_usable_factor_base_unmaterialized;explicit_isogeny_map_missing;factor_base_not_materialized;isogeny_route_search_only;multi_witness_adapter_unverified;pipeline_combination_unverified;relation_matrix_bw_adapter_unverified;relation_matrix_bw_unwired
Q893,n131_iso2_d28_m5,,,polybori,50,rankscan16,gauss,search_l2_ecc2k130,,,,,,,,,,,,,,,,,not_run_blocked,,collection_witness_policy_unwired;exact_usable_factor_base_unmaterialized;explicit_isogeny_map_missing;factor_base_not_materialized;isogeny_route_search_only;multi_witness_adapter_unverified;pipeline_combination_unverified
Q894,n131_iso2_d28_m5,,,polybori,1000,rankscan16,gauss,search_l2_ecc2k130,,,,,,,,,,,,,,,,,not_run_blocked,,collection_witness_policy_unwired;exact_usable_factor_base_unmaterialized;explicit_isogeny_map_missing;factor_base_not_materialized;isogeny_route_search_only;multi_witness_adapter_unverified;pipeline_combination_unverified
Q895,n131_iso2_d28_m5,,,polybori,50,rankscan16,bw,search_l2_ecc2k130,,,,,,,,,,,,,,,,,not_run_blocked,,collection_witness_policy_unwired;exact_usable_factor_base_unmaterialized;explicit_isogeny_map_missing;factor_base_not_materialized;isogeny_route_search_only;multi_witness_adapter_unverified;pipeline_combination_unverified;relation_matrix_bw_adapter_unverified;relation_matrix_bw_unwired
Q896,n131_iso2_d28_m5,,,polybori,1000,rankscan16,bw,search_l2_ecc2k130,,,,,,,,,,,,,,,,,not_run_blocked,,collection_witness_policy_unwired;exact_usable_factor_base_unmaterialized;explicit_isogeny_map_missing;factor_base_not_materialized;isogeny_route_search_only;multi_witness_adapter_unverified;pipeline_combination_unverified;relation_matrix_bw_adapter_unverified;relation_matrix_bw_unwired
Q897,n131_iso2_d28_m5,,,polybori,50,allnovel,gauss,search_l2_ecc2k130,,,,,,,,,,,,,,,,,not_run_blocked,,collection_witness_policy_unwired;exact_usable_factor_base_unmaterialized;explicit_isogeny_map_missing;factor_base_not_materialized;isogeny_route_search_only;multi_witness_adapter_unverified;pipeline_combination_unverified
Q898,n131_iso2_d28_m5,,,polybori,1000,allnovel,gauss,search_l2_ecc2k130,,,,,,,,,,,,,,,,,not_run_blocked,,collection_witness_policy_unwired;exact_usable_factor_base_unmaterialized;explicit_isogeny_map_missing;factor_base_not_materialized;isogeny_route_search_only;multi_witness_adapter_unverified;pipeline_combination_unverified
Q899,n131_iso2_d28_m5,,,polybori,50,allnovel,bw,search_l2_ecc2k130,,,,,,,,,,,,,,,,,not_run_blocked,,collection_witness_policy_unwired;exact_usable_factor_base_unmaterialized;explicit_isogeny_map_missing;factor_base_not_materialized;isogeny_route_search_only;multi_witness_adapter_unverified;pipeline_combination_unverified;relation_matrix_bw_adapter_unverified;relation_matrix_bw_unwired
Q900,n131_iso2_d28_m5,,,polybori,1000,allnovel,bw,search_l2_ecc2k130,,,,,,,,,,,,,,,,,not_run_blocked,,collection_witness_policy_unwired;exact_usable_factor_base_unmaterialized;explicit_isogeny_map_missing;factor_base_not_materialized;isogeny_route_search_only;multi_witness_adapter_unverified;pipeline_combination_unverified;relation_matrix_bw_adapter_unverified;relation_matrix_bw_unwired
Q901,n131_iso3_d28_m5,,,sat,50,first,gauss,search_l3_ecc2k130,,,,,,,,,,,,,,,,,not_run_blocked,,exact_usable_factor_base_unmaterialized;explicit_isogeny_map_missing;factor_base_not_materialized;isogeny_route_search_only;pipeline_combination_unverified
Q902,n131_iso3_d28_m5,,,sat,1000,first,gauss,search_l3_ecc2k130,,,,,,,,,,,,,,,,,not_run_blocked,,exact_usable_factor_base_unmaterialized;explicit_isogeny_map_missing;factor_base_not_materialized;isogeny_route_search_only;pipeline_combination_unverified
Q903,n131_iso3_d28_m5,,,sat,50,first,bw,search_l3_ecc2k130,,,,,,,,,,,,,,,,,not_run_blocked,,exact_usable_factor_base_unmaterialized;explicit_isogeny_map_missing;factor_base_not_materialized;isogeny_route_search_only;pipeline_combination_unverified;relation_matrix_bw_adapter_unverified;relation_matrix_bw_unwired
Q904,n131_iso3_d28_m5,,,sat,1000,first,bw,search_l3_ecc2k130,,,,,,,,,,,,,,,,,not_run_blocked,,exact_usable_factor_base_unmaterialized;explicit_isogeny_map_missing;factor_base_not_materialized;isogeny_route_search_only;pipeline_combination_unverified;relation_matrix_bw_adapter_unverified;relation_matrix_bw_unwired
Q905,n131_iso3_d28_m5,,,sat,50,uniform,gauss,search_l3_ecc2k130,,,,,,,,,,,,,,,,,not_run_blocked,,collection_witness_policy_unwired;exact_usable_factor_base_unmaterialized;explicit_isogeny_map_missing;factor_base_not_materialized;isogeny_route_search_only;multi_witness_adapter_unverified;pipeline_combination_unverified
Q906,n131_iso3_d28_m5,,,sat,1000,uniform,gauss,search_l3_ecc2k130,,,,,,,,,,,,,,,,,not_run_blocked,,collection_witness_policy_unwired;exact_usable_factor_base_unmaterialized;explicit_isogeny_map_missing;factor_base_not_materialized;isogeny_route_search_only;multi_witness_adapter_unverified;pipeline_combination_unverified
Q907,n131_iso3_d28_m5,,,sat,50,uniform,bw,search_l3_ecc2k130,,,,,,,,,,,,,,,,,not_run_blocked,,collection_witness_policy_unwired;exact_usable_factor_base_unmaterialized;explicit_isogeny_map_missing;factor_base_not_materialized;isogeny_route_search_only;multi_witness_adapter_unverified;pipeline_combination_unverified;relation_matrix_bw_adapter_unverified;relation_matrix_bw_unwired
Q908,n131_iso3_d28_m5,,,sat,1000,uniform,bw,search_l3_ecc2k130,,,,,,,,,,,,,,,,,not_run_blocked,,collection_witness_policy_unwired;exact_usable_factor_base_unmaterialized;explicit_isogeny_map_missing;factor_base_not_materialized;isogeny_route_search_only;multi_witness_adapter_unverified;pipeline_combination_unverified;relation_matrix_bw_adapter_unverified;relation_matrix_bw_unwired
Q909,n131_iso3_d28_m5,,,sat,50,rankscan,gauss,search_l3_ecc2k130,,,,,,,,,,,,,,,,,not_run_blocked,,collection_witness_policy_unwired;exact_usable_factor_base_unmaterialized;explicit_isogeny_map_missing;factor_base_not_materialized;isogeny_route_search_only;multi_witness_adapter_unverified;pipeline_combination_unverified
Q910,n131_iso3_d28_m5,,,sat,1000,rankscan,gauss,search_l3_ecc2k130,,,,,,,,,,,,,,,,,not_run_blocked,,collection_witness_policy_unwired;exact_usable_factor_base_unmaterialized;explicit_isogeny_map_missing;factor_base_not_materialized;isogeny_route_search_only;multi_witness_adapter_unverified;pipeline_combination_unverified
Q911,n131_iso3_d28_m5,,,sat,50,rankscan,bw,search_l3_ecc2k130,,,,,,,,,,,,,,,,,not_run_blocked,,collection_witness_policy_unwired;exact_usable_factor_base_unmaterialized;explicit_isogeny_map_missing;factor_base_not_materialized;isogeny_route_search_only;multi_witness_adapter_unverified;pipeline_combination_unverified;relation_matrix_bw_adapter_unverified;relation_matrix_bw_unwired
Q912,n131_iso3_d28_m5,,,sat,1000,rankscan,bw,search_l3_ecc2k130,,,,,,,,,,,,,,,,,not_run_blocked,,collection_witness_policy_unwired;exact_usable_factor_base_unmaterialized;explicit_isogeny_map_missing;factor_base_not_materialized;isogeny_route_search_only;multi_witness_adapter_unverified;pipeline_combination_unverified;relation_matrix_bw_adapter_unverified;relation_matrix_bw_unwired
Q913,n131_iso3_d28_m5,,,sat,50,rankscan16,gauss,search_l3_ecc2k130,,,,,,,,,,,,,,,,,not_run_blocked,,collection_witness_policy_unwired;exact_usable_factor_base_unmaterialized;explicit_isogeny_map_missing;factor_base_not_materialized;isogeny_route_search_only;multi_witness_adapter_unverified;pipeline_combination_unverified
Q914,n131_iso3_d28_m5,,,sat,1000,rankscan16,gauss,search_l3_ecc2k130,,,,,,,,,,,,,,,,,not_run_blocked,,collection_witness_policy_unwired;exact_usable_factor_base_unmaterialized;explicit_isogeny_map_missing;factor_base_not_materialized;isogeny_route_search_only;multi_witness_adapter_unverified;pipeline_combination_unverified
Q915,n131_iso3_d28_m5,,,sat,50,rankscan16,bw,search_l3_ecc2k130,,,,,,,,,,,,,,,,,not_run_blocked,,collection_witness_policy_unwired;exact_usable_factor_base_unmaterialized;explicit_isogeny_map_missing;factor_base_not_materialized;isogeny_route_search_only;multi_witness_adapter_unverified;pipeline_combination_unverified;relation_matrix_bw_adapter_unverified;relation_matrix_bw_unwired
Q916,n131_iso3_d28_m5,,,sat,1000,rankscan16,bw,search_l3_ecc2k130,,,,,,,,,,,,,,,,,not_run_blocked,,collection_witness_policy_unwired;exact_usable_factor_base_unmaterialized;explicit_isogeny_map_missing;factor_base_not_materialized;isogeny_route_search_only;multi_witness_adapter_unverified;pipeline_combination_unverified;relation_matrix_bw_adapter_unverified;relation_matrix_bw_unwired
Q917,n131_iso3_d28_m5,,,sat,50,allnovel,gauss,search_l3_ecc2k130,,,,,,,,,,,,,,,,,not_run_blocked,,collection_witness_policy_unwired;exact_usable_factor_base_unmaterialized;explicit_isogeny_map_missing;factor_base_not_materialized;isogeny_route_search_only;multi_witness_adapter_unverified;pipeline_combination_unverified
Q918,n131_iso3_d28_m5,,,sat,1000,allnovel,gauss,search_l3_ecc2k130,,,,,,,,,,,,,,,,,not_run_blocked,,collection_witness_policy_unwired;exact_usable_factor_base_unmaterialized;explicit_isogeny_map_missing;factor_base_not_materialized;isogeny_route_search_only;multi_witness_adapter_unverified;pipeline_combination_unverified
Q919,n131_iso3_d28_m5,,,sat,50,allnovel,bw,search_l3_ecc2k130,,,,,,,,,,,,,,,,,not_run_blocked,,collection_witness_policy_unwired;exact_usable_factor_base_unmaterialized;explicit_isogeny_map_missing;factor_base_not_materialized;isogeny_route_search_only;multi_witness_adapter_unverified;pipeline_combination_unverified;relation_matrix_bw_adapter_unverified;relation_matrix_bw_unwired
Q920,n131_iso3_d28_m5,,,sat,1000,allnovel,bw,search_l3_ecc2k130,,,,,,,,,,,,,,,,,not_run_blocked,,collection_witness_policy_unwired;exact_usable_factor_base_unmaterialized;explicit_isogeny_map_missing;factor_base_not_materialized;isogeny_route_search_only;multi_witness_adapter_unverified;pipeline_combination_unverified;relation_matrix_bw_adapter_unverified;relation_matrix_bw_unwired
Q921,n131_iso3_d28_m5,,,f4,50,first,gauss,search_l3_ecc2k130,,,,,,,,,,,,,,,,,not_run_blocked,,exact_usable_factor_base_unmaterialized;explicit_isogeny_map_missing;factor_base_not_materialized;isogeny_route_search_only;pipeline_combination_unverified
Q922,n131_iso3_d28_m5,,,f4,1000,first,gauss,search_l3_ecc2k130,,,,,,,,,,,,,,,,,not_run_blocked,,exact_usable_factor_base_unmaterialized;explicit_isogeny_map_missing;factor_base_not_materialized;isogeny_route_search_only;pipeline_combination_unverified
Q923,n131_iso3_d28_m5,,,f4,50,first,bw,search_l3_ecc2k130,,,,,,,,,,,,,,,,,not_run_blocked,,exact_usable_factor_base_unmaterialized;explicit_isogeny_map_missing;factor_base_not_materialized;isogeny_route_search_only;pipeline_combination_unverified;relation_matrix_bw_adapter_unverified;relation_matrix_bw_unwired
Q924,n131_iso3_d28_m5,,,f4,1000,first,bw,search_l3_ecc2k130,,,,,,,,,,,,,,,,,not_run_blocked,,exact_usable_factor_base_unmaterialized;explicit_isogeny_map_missing;factor_base_not_materialized;isogeny_route_search_only;pipeline_combination_unverified;relation_matrix_bw_adapter_unverified;relation_matrix_bw_unwired
Q925,n131_iso3_d28_m5,,,f4,50,uniform,gauss,search_l3_ecc2k130,,,,,,,,,,,,,,,,,not_run_blocked,,collection_witness_policy_unwired;exact_usable_factor_base_unmaterialized;explicit_isogeny_map_missing;factor_base_not_materialized;isogeny_route_search_only;multi_witness_adapter_unverified;pipeline_combination_unverified
Q926,n131_iso3_d28_m5,,,f4,1000,uniform,gauss,search_l3_ecc2k130,,,,,,,,,,,,,,,,,not_run_blocked,,collection_witness_policy_unwired;exact_usable_factor_base_unmaterialized;explicit_isogeny_map_missing;factor_base_not_materialized;isogeny_route_search_only;multi_witness_adapter_unverified;pipeline_combination_unverified
Q927,n131_iso3_d28_m5,,,f4,50,uniform,bw,search_l3_ecc2k130,,,,,,,,,,,,,,,,,not_run_blocked,,collection_witness_policy_unwired;exact_usable_factor_base_unmaterialized;explicit_isogeny_map_missing;factor_base_not_materialized;isogeny_route_search_only;multi_witness_adapter_unverified;pipeline_combination_unverified;relation_matrix_bw_adapter_unverified;relation_matrix_bw_unwired
Q928,n131_iso3_d28_m5,,,f4,1000,uniform,bw,search_l3_ecc2k130,,,,,,,,,,,,,,,,,not_run_blocked,,collection_witness_policy_unwired;exact_usable_factor_base_unmaterialized;explicit_isogeny_map_missing;factor_base_not_materialized;isogeny_route_search_only;multi_witness_adapter_unverified;pipeline_combination_unverified;relation_matrix_bw_adapter_unverified;relation_matrix_bw_unwired
Q929,n131_iso3_d28_m5,,,f4,50,rankscan,gauss,search_l3_ecc2k130,,,,,,,,,,,,,,,,,not_run_blocked,,collection_witness_policy_unwired;exact_usable_factor_base_unmaterialized;explicit_isogeny_map_missing;factor_base_not_materialized;isogeny_route_search_only;multi_witness_adapter_unverified;pipeline_combination_unverified
Q930,n131_iso3_d28_m5,,,f4,1000,rankscan,gauss,search_l3_ecc2k130,,,,,,,,,,,,,,,,,not_run_blocked,,collection_witness_policy_unwired;exact_usable_factor_base_unmaterialized;explicit_isogeny_map_missing;factor_base_not_materialized;isogeny_route_search_only;multi_witness_adapter_unverified;pipeline_combination_unverified
Q931,n131_iso3_d28_m5,,,f4,50,rankscan,bw,search_l3_ecc2k130,,,,,,,,,,,,,,,,,not_run_blocked,,collection_witness_policy_unwired;exact_usable_factor_base_unmaterialized;explicit_isogeny_map_missing;factor_base_not_materialized;isogeny_route_search_only;multi_witness_adapter_unverified;pipeline_combination_unverified;relation_matrix_bw_adapter_unverified;relation_matrix_bw_unwired
Q932,n131_iso3_d28_m5,,,f4,1000,rankscan,bw,search_l3_ecc2k130,,,,,,,,,,,,,,,,,not_run_blocked,,collection_witness_policy_unwired;exact_usable_factor_base_unmaterialized;explicit_isogeny_map_missing;factor_base_not_materialized;isogeny_route_search_only;multi_witness_adapter_unverified;pipeline_combination_unverified;relation_matrix_bw_adapter_unverified;relation_matrix_bw_unwired
Q933,n131_iso3_d28_m5,,,f4,50,rankscan16,gauss,search_l3_ecc2k130,,,,,,,,,,,,,,,,,not_run_blocked,,collection_witness_policy_unwired;exact_usable_factor_base_unmaterialized;explicit_isogeny_map_missing;factor_base_not_materialized;isogeny_route_search_only;multi_witness_adapter_unverified;pipeline_combination_unverified
Q934,n131_iso3_d28_m5,,,f4,1000,rankscan16,gauss,search_l3_ecc2k130,,,,,,,,,,,,,,,,,not_run_blocked,,collection_witness_policy_unwired;exact_usable_factor_base_unmaterialized;explicit_isogeny_map_missing;factor_base_not_materialized;isogeny_route_search_only;multi_witness_adapter_unverified;pipeline_combination_unverified
Q935,n131_iso3_d28_m5,,,f4,50,rankscan16,bw,search_l3_ecc2k130,,,,,,,,,,,,,,,,,not_run_blocked,,collection_witness_policy_unwired;exact_usable_factor_base_unmaterialized;explicit_isogeny_map_missing;factor_base_not_materialized;isogeny_route_search_only;multi_witness_adapter_unverified;pipeline_combination_unverified;relation_matrix_bw_adapter_unverified;relation_matrix_bw_unwired
Q936,n131_iso3_d28_m5,,,f4,1000,rankscan16,bw,search_l3_ecc2k130,,,,,,,,,,,,,,,,,not_run_blocked,,collection_witness_policy_unwired;exact_usable_factor_base_unmaterialized;explicit_isogeny_map_missing;factor_base_not_materialized;isogeny_route_search_only;multi_witness_adapter_unverified;pipeline_combination_unverified;relation_matrix_bw_adapter_unverified;relation_matrix_bw_unwired
Q937,n131_iso3_d28_m5,,,f4,50,allnovel,gauss,search_l3_ecc2k130,,,,,,,,,,,,,,,,,not_run_blocked,,collection_witness_policy_unwired;exact_usable_factor_base_unmaterialized;explicit_isogeny_map_missing;factor_base_not_materialized;isogeny_route_search_only;multi_witness_adapter_unverified;pipeline_combination_unverified
Q938,n131_iso3_d28_m5,,,f4,1000,allnovel,gauss,search_l3_ecc2k130,,,,,,,,,,,,,,,,,not_run_blocked,,collection_witness_policy_unwired;exact_usable_factor_base_unmaterialized;explicit_isogeny_map_missing;factor_base_not_materialized;isogeny_route_search_only;multi_witness_adapter_unverified;pipeline_combination_unverified
Q939,n131_iso3_d28_m5,,,f4,50,allnovel,bw,search_l3_ecc2k130,,,,,,,,,,,,,,,,,not_run_blocked,,collection_witness_policy_unwired;exact_usable_factor_base_unmaterialized;explicit_isogeny_map_missing;factor_base_not_materialized;isogeny_route_search_only;multi_witness_adapter_unverified;pipeline_combination_unverified;relation_matrix_bw_adapter_unverified;relation_matrix_bw_unwired
Q940,n131_iso3_d28_m5,,,f4,1000,allnovel,bw,search_l3_ecc2k130,,,,,,,,,,,,,,,,,not_run_blocked,,collection_witness_policy_unwired;exact_usable_factor_base_unmaterialized;explicit_isogeny_map_missing;factor_base_not_materialized;isogeny_route_search_only;multi_witness_adapter_unverified;pipeline_combination_unverified;relation_matrix_bw_adapter_unverified;relation_matrix_bw_unwired
Q941,n131_iso3_d28_m5,,,f5b,50,first,gauss,search_l3_ecc2k130,,,,,,,,,,,,,,,,,not_run_blocked,,exact_usable_factor_base_unmaterialized;explicit_isogeny_map_missing;factor_base_not_materialized;isogeny_route_search_only;pipeline_combination_unverified
Q942,n131_iso3_d28_m5,,,f5b,1000,first,gauss,search_l3_ecc2k130,,,,,,,,,,,,,,,,,not_run_blocked,,exact_usable_factor_base_unmaterialized;explicit_isogeny_map_missing;factor_base_not_materialized;isogeny_route_search_only;pipeline_combination_unverified
Q943,n131_iso3_d28_m5,,,f5b,50,first,bw,search_l3_ecc2k130,,,,,,,,,,,,,,,,,not_run_blocked,,exact_usable_factor_base_unmaterialized;explicit_isogeny_map_missing;factor_base_not_materialized;isogeny_route_search_only;pipeline_combination_unverified;relation_matrix_bw_adapter_unverified;relation_matrix_bw_unwired
Q944,n131_iso3_d28_m5,,,f5b,1000,first,bw,search_l3_ecc2k130,,,,,,,,,,,,,,,,,not_run_blocked,,exact_usable_factor_base_unmaterialized;explicit_isogeny_map_missing;factor_base_not_materialized;isogeny_route_search_only;pipeline_combination_unverified;relation_matrix_bw_adapter_unverified;relation_matrix_bw_unwired
Q945,n131_iso3_d28_m5,,,f5b,50,uniform,gauss,search_l3_ecc2k130,,,,,,,,,,,,,,,,,not_run_blocked,,collection_witness_policy_unwired;exact_usable_factor_base_unmaterialized;explicit_isogeny_map_missing;factor_base_not_materialized;isogeny_route_search_only;multi_witness_adapter_unverified;pipeline_combination_unverified
Q946,n131_iso3_d28_m5,,,f5b,1000,uniform,gauss,search_l3_ecc2k130,,,,,,,,,,,,,,,,,not_run_blocked,,collection_witness_policy_unwired;exact_usable_factor_base_unmaterialized;explicit_isogeny_map_missing;factor_base_not_materialized;isogeny_route_search_only;multi_witness_adapter_unverified;pipeline_combination_unverified
Q947,n131_iso3_d28_m5,,,f5b,50,uniform,bw,search_l3_ecc2k130,,,,,,,,,,,,,,,,,not_run_blocked,,collection_witness_policy_unwired;exact_usable_factor_base_unmaterialized;explicit_isogeny_map_missing;factor_base_not_materialized;isogeny_route_search_only;multi_witness_adapter_unverified;pipeline_combination_unverified;relation_matrix_bw_adapter_unverified;relation_matrix_bw_unwired
Q948,n131_iso3_d28_m5,,,f5b,1000,uniform,bw,search_l3_ecc2k130,,,,,,,,,,,,,,,,,not_run_blocked,,collection_witness_policy_unwired;exact_usable_factor_base_unmaterialized;explicit_isogeny_map_missing;factor_base_not_materialized;isogeny_route_search_only;multi_witness_adapter_unverified;pipeline_combination_unverified;relation_matrix_bw_adapter_unverified;relation_matrix_bw_unwired
Q949,n131_iso3_d28_m5,,,f5b,50,rankscan,gauss,search_l3_ecc2k130,,,,,,,,,,,,,,,,,not_run_blocked,,collection_witness_policy_unwired;exact_usable_factor_base_unmaterialized;explicit_isogeny_map_missing;factor_base_not_materialized;isogeny_route_search_only;multi_witness_adapter_unverified;pipeline_combination_unverified
Q950,n131_iso3_d28_m5,,,f5b,1000,rankscan,gauss,search_l3_ecc2k130,,,,,,,,,,,,,,,,,not_run_blocked,,collection_witness_policy_unwired;exact_usable_factor_base_unmaterialized;explicit_isogeny_map_missing;factor_base_not_materialized;isogeny_route_search_only;multi_witness_adapter_unverified;pipeline_combination_unverified
Q951,n131_iso3_d28_m5,,,f5b,50,rankscan,bw,search_l3_ecc2k130,,,,,,,,,,,,,,,,,not_run_blocked,,collection_witness_policy_unwired;exact_usable_factor_base_unmaterialized;explicit_isogeny_map_missing;factor_base_not_materialized;isogeny_route_search_only;multi_witness_adapter_unverified;pipeline_combination_unverified;relation_matrix_bw_adapter_unverified;relation_matrix_bw_unwired
Q952,n131_iso3_d28_m5,,,f5b,1000,rankscan,bw,search_l3_ecc2k130,,,,,,,,,,,,,,,,,not_run_blocked,,collection_witness_policy_unwired;exact_usable_factor_base_unmaterialized;explicit_isogeny_map_missing;factor_base_not_materialized;isogeny_route_search_only;multi_witness_adapter_unverified;pipeline_combination_unverified;relation_matrix_bw_adapter_unverified;relation_matrix_bw_unwired
Q953,n131_iso3_d28_m5,,,f5b,50,rankscan16,gauss,search_l3_ecc2k130,,,,,,,,,,,,,,,,,not_run_blocked,,collection_witness_policy_unwired;exact_usable_factor_base_unmaterialized;explicit_isogeny_map_missing;factor_base_not_materialized;isogeny_route_search_only;multi_witness_adapter_unverified;pipeline_combination_unverified
Q954,n131_iso3_d28_m5,,,f5b,1000,rankscan16,gauss,search_l3_ecc2k130,,,,,,,,,,,,,,,,,not_run_blocked,,collection_witness_policy_unwired;exact_usable_factor_base_unmaterialized;explicit_isogeny_map_missing;factor_base_not_materialized;isogeny_route_search_only;multi_witness_adapter_unverified;pipeline_combination_unverified
Q955,n131_iso3_d28_m5,,,f5b,50,rankscan16,bw,search_l3_ecc2k130,,,,,,,,,,,,,,,,,not_run_blocked,,collection_witness_policy_unwired;exact_usable_factor_base_unmaterialized;explicit_isogeny_map_missing;factor_base_not_materialized;isogeny_route_search_only;multi_witness_adapter_unverified;pipeline_combination_unverified;relation_matrix_bw_adapter_unverified;relation_matrix_bw_unwired
Q956,n131_iso3_d28_m5,,,f5b,1000,rankscan16,bw,search_l3_ecc2k130,,,,,,,,,,,,,,,,,not_run_blocked,,collection_witness_policy_unwired;exact_usable_factor_base_unmaterialized;explicit_isogeny_map_missing;factor_base_not_materialized;isogeny_route_search_only;multi_witness_adapter_unverified;pipeline_combination_unverified;relation_matrix_bw_adapter_unverified;relation_matrix_bw_unwired
Q957,n131_iso3_d28_m5,,,f5b,50,allnovel,gauss,search_l3_ecc2k130,,,,,,,,,,,,,,,,,not_run_blocked,,collection_witness_policy_unwired;exact_usable_factor_base_unmaterialized;explicit_isogeny_map_missing;factor_base_not_materialized;isogeny_route_search_only;multi_witness_adapter_unverified;pipeline_combination_unverified
Q958,n131_iso3_d28_m5,,,f5b,1000,allnovel,gauss,search_l3_ecc2k130,,,,,,,,,,,,,,,,,not_run_blocked,,collection_witness_policy_unwired;exact_usable_factor_base_unmaterialized;explicit_isogeny_map_missing;factor_base_not_materialized;isogeny_route_search_only;multi_witness_adapter_unverified;pipeline_combination_unverified
Q959,n131_iso3_d28_m5,,,f5b,50,allnovel,bw,search_l3_ecc2k130,,,,,,,,,,,,,,,,,not_run_blocked,,collection_witness_policy_unwired;exact_usable_factor_base_unmaterialized;explicit_isogeny_map_missing;factor_base_not_materialized;isogeny_route_search_only;multi_witness_adapter_unverified;pipeline_combination_unverified;relation_matrix_bw_adapter_unverified;relation_matrix_bw_unwired
Q960,n131_iso3_d28_m5,,,f5b,1000,allnovel,bw,search_l3_ecc2k130,,,,,,,,,,,,,,,,,not_run_blocked,,collection_witness_policy_unwired;exact_usable_factor_base_unmaterialized;explicit_isogeny_map_missing;factor_base_not_materialized;isogeny_route_search_only;multi_witness_adapter_unverified;pipeline_combination_unverified;relation_matrix_bw_adapter_unverified;relation_matrix_bw_unwired
Q961,n131_iso3_d28_m5,,,f5m4ri,50,first,gauss,search_l3_ecc2k130,,,,,,,,,,,,,,,,,not_run_blocked,,exact_usable_factor_base_unmaterialized;explicit_isogeny_map_missing;factor_base_not_materialized;isogeny_route_search_only;pipeline_combination_unverified
Q962,n131_iso3_d28_m5,,,f5m4ri,1000,first,gauss,search_l3_ecc2k130,,,,,,,,,,,,,,,,,not_run_blocked,,exact_usable_factor_base_unmaterialized;explicit_isogeny_map_missing;factor_base_not_materialized;isogeny_route_search_only;pipeline_combination_unverified
Q963,n131_iso3_d28_m5,,,f5m4ri,50,first,bw,search_l3_ecc2k130,,,,,,,,,,,,,,,,,not_run_blocked,,exact_usable_factor_base_unmaterialized;explicit_isogeny_map_missing;factor_base_not_materialized;isogeny_route_search_only;pipeline_combination_unverified;relation_matrix_bw_adapter_unverified;relation_matrix_bw_unwired
Q964,n131_iso3_d28_m5,,,f5m4ri,1000,first,bw,search_l3_ecc2k130,,,,,,,,,,,,,,,,,not_run_blocked,,exact_usable_factor_base_unmaterialized;explicit_isogeny_map_missing;factor_base_not_materialized;isogeny_route_search_only;pipeline_combination_unverified;relation_matrix_bw_adapter_unverified;relation_matrix_bw_unwired
Q965,n131_iso3_d28_m5,,,f5m4ri,50,uniform,gauss,search_l3_ecc2k130,,,,,,,,,,,,,,,,,not_run_blocked,,collection_witness_policy_unwired;exact_usable_factor_base_unmaterialized;explicit_isogeny_map_missing;factor_base_not_materialized;isogeny_route_search_only;multi_witness_adapter_unverified;pipeline_combination_unverified
Q966,n131_iso3_d28_m5,,,f5m4ri,1000,uniform,gauss,search_l3_ecc2k130,,,,,,,,,,,,,,,,,not_run_blocked,,collection_witness_policy_unwired;exact_usable_factor_base_unmaterialized;explicit_isogeny_map_missing;factor_base_not_materialized;isogeny_route_search_only;multi_witness_adapter_unverified;pipeline_combination_unverified
Q967,n131_iso3_d28_m5,,,f5m4ri,50,uniform,bw,search_l3_ecc2k130,,,,,,,,,,,,,,,,,not_run_blocked,,collection_witness_policy_unwired;exact_usable_factor_base_unmaterialized;explicit_isogeny_map_missing;factor_base_not_materialized;isogeny_route_search_only;multi_witness_adapter_unverified;pipeline_combination_unverified;relation_matrix_bw_adapter_unverified;relation_matrix_bw_unwired
Q968,n131_iso3_d28_m5,,,f5m4ri,1000,uniform,bw,search_l3_ecc2k130,,,,,,,,,,,,,,,,,not_run_blocked,,collection_witness_policy_unwired;exact_usable_factor_base_unmaterialized;explicit_isogeny_map_missing;factor_base_not_materialized;isogeny_route_search_only;multi_witness_adapter_unverified;pipeline_combination_unverified;relation_matrix_bw_adapter_unverified;relation_matrix_bw_unwired
Q969,n131_iso3_d28_m5,,,f5m4ri,50,rankscan,gauss,search_l3_ecc2k130,,,,,,,,,,,,,,,,,not_run_blocked,,collection_witness_policy_unwired;exact_usable_factor_base_unmaterialized;explicit_isogeny_map_missing;factor_base_not_materialized;isogeny_route_search_only;multi_witness_adapter_unverified;pipeline_combination_unverified
Q970,n131_iso3_d28_m5,,,f5m4ri,1000,rankscan,gauss,search_l3_ecc2k130,,,,,,,,,,,,,,,,,not_run_blocked,,collection_witness_policy_unwired;exact_usable_factor_base_unmaterialized;explicit_isogeny_map_missing;factor_base_not_materialized;isogeny_route_search_only;multi_witness_adapter_unverified;pipeline_combination_unverified
Q971,n131_iso3_d28_m5,,,f5m4ri,50,rankscan,bw,search_l3_ecc2k130,,,,,,,,,,,,,,,,,not_run_blocked,,collection_witness_policy_unwired;exact_usable_factor_base_unmaterialized;explicit_isogeny_map_missing;factor_base_not_materialized;isogeny_route_search_only;multi_witness_adapter_unverified;pipeline_combination_unverified;relation_matrix_bw_adapter_unverified;relation_matrix_bw_unwired
Q972,n131_iso3_d28_m5,,,f5m4ri,1000,rankscan,bw,search_l3_ecc2k130,,,,,,,,,,,,,,,,,not_run_blocked,,collection_witness_policy_unwired;exact_usable_factor_base_unmaterialized;explicit_isogeny_map_missing;factor_base_not_materialized;isogeny_route_search_only;multi_witness_adapter_unverified;pipeline_combination_unverified;relation_matrix_bw_adapter_unverified;relation_matrix_bw_unwired
Q973,n131_iso3_d28_m5,,,f5m4ri,50,rankscan16,gauss,search_l3_ecc2k130,,,,,,,,,,,,,,,,,not_run_blocked,,collection_witness_policy_unwired;exact_usable_factor_base_unmaterialized;explicit_isogeny_map_missing;factor_base_not_materialized;isogeny_route_search_only;multi_witness_adapter_unverified;pipeline_combination_unverified
Q974,n131_iso3_d28_m5,,,f5m4ri,1000,rankscan16,gauss,search_l3_ecc2k130,,,,,,,,,,,,,,,,,not_run_blocked,,collection_witness_policy_unwired;exact_usable_factor_base_unmaterialized;explicit_isogeny_map_missing;factor_base_not_materialized;isogeny_route_search_only;multi_witness_adapter_unverified;pipeline_combination_unverified
Q975,n131_iso3_d28_m5,,,f5m4ri,50,rankscan16,bw,search_l3_ecc2k130,,,,,,,,,,,,,,,,,not_run_blocked,,collection_witness_policy_unwired;exact_usable_factor_base_unmaterialized;explicit_isogeny_map_missing;factor_base_not_materialized;isogeny_route_search_only;multi_witness_adapter_unverified;pipeline_combination_unverified;relation_matrix_bw_adapter_unverified;relation_matrix_bw_unwired
Q976,n131_iso3_d28_m5,,,f5m4ri,1000,rankscan16,bw,search_l3_ecc2k130,,,,,,,,,,,,,,,,,not_run_blocked,,collection_witness_policy_unwired;exact_usable_factor_base_unmaterialized;explicit_isogeny_map_missing;factor_base_not_materialized;isogeny_route_search_only;multi_witness_adapter_unverified;pipeline_combination_unverified;relation_matrix_bw_adapter_unverified;relation_matrix_bw_unwired
Q977,n131_iso3_d28_m5,,,f5m4ri,50,allnovel,gauss,search_l3_ecc2k130,,,,,,,,,,,,,,,,,not_run_blocked,,collection_witness_policy_unwired;exact_usable_factor_base_unmaterialized;explicit_isogeny_map_missing;factor_base_not_materialized;isogeny_route_search_only;multi_witness_adapter_unverified;pipeline_combination_unverified
Q978,n131_iso3_d28_m5,,,f5m4ri,1000,allnovel,gauss,search_l3_ecc2k130,,,,,,,,,,,,,,,,,not_run_blocked,,collection_witness_policy_unwired;exact_usable_factor_base_unmaterialized;explicit_isogeny_map_missing;factor_base_not_materialized;isogeny_route_search_only;multi_witness_adapter_unverified;pipeline_combination_unverified
Q979,n131_iso3_d28_m5,,,f5m4ri,50,allnovel,bw,search_l3_ecc2k130,,,,,,,,,,,,,,,,,not_run_blocked,,collection_witness_policy_unwired;exact_usable_factor_base_unmaterialized;explicit_isogeny_map_missing;factor_base_not_materialized;isogeny_route_search_only;multi_witness_adapter_unverified;pipeline_combination_unverified;relation_matrix_bw_adapter_unverified;relation_matrix_bw_unwired
Q980,n131_iso3_d28_m5,,,f5m4ri,1000,allnovel,bw,search_l3_ecc2k130,,,,,,,,,,,,,,,,,not_run_blocked,,collection_witness_policy_unwired;exact_usable_factor_base_unmaterialized;explicit_isogeny_map_missing;factor_base_not_materialized;isogeny_route_search_only;multi_witness_adapter_unverified;pipeline_combination_unverified;relation_matrix_bw_adapter_unverified;relation_matrix_bw_unwired
Q981,n131_iso3_d28_m5,,,polybori,50,first,gauss,search_l3_ecc2k130,,,,,,,,,,,,,,,,,not_run_blocked,,exact_usable_factor_base_unmaterialized;explicit_isogeny_map_missing;factor_base_not_materialized;isogeny_route_search_only;pipeline_combination_unverified
Q982,n131_iso3_d28_m5,,,polybori,1000,first,gauss,search_l3_ecc2k130,,,,,,,,,,,,,,,,,not_run_blocked,,exact_usable_factor_base_unmaterialized;explicit_isogeny_map_missing;factor_base_not_materialized;isogeny_route_search_only;pipeline_combination_unverified
Q983,n131_iso3_d28_m5,,,polybori,50,first,bw,search_l3_ecc2k130,,,,,,,,,,,,,,,,,not_run_blocked,,exact_usable_factor_base_unmaterialized;explicit_isogeny_map_missing;factor_base_not_materialized;isogeny_route_search_only;pipeline_combination_unverified;relation_matrix_bw_adapter_unverified;relation_matrix_bw_unwired
Q984,n131_iso3_d28_m5,,,polybori,1000,first,bw,search_l3_ecc2k130,,,,,,,,,,,,,,,,,not_run_blocked,,exact_usable_factor_base_unmaterialized;explicit_isogeny_map_missing;factor_base_not_materialized;isogeny_route_search_only;pipeline_combination_unverified;relation_matrix_bw_adapter_unverified;relation_matrix_bw_unwired
Q985,n131_iso3_d28_m5,,,polybori,50,uniform,gauss,search_l3_ecc2k130,,,,,,,,,,,,,,,,,not_run_blocked,,collection_witness_policy_unwired;exact_usable_factor_base_unmaterialized;explicit_isogeny_map_missing;factor_base_not_materialized;isogeny_route_search_only;multi_witness_adapter_unverified;pipeline_combination_unverified
Q986,n131_iso3_d28_m5,,,polybori,1000,uniform,gauss,search_l3_ecc2k130,,,,,,,,,,,,,,,,,not_run_blocked,,collection_witness_policy_unwired;exact_usable_factor_base_unmaterialized;explicit_isogeny_map_missing;factor_base_not_materialized;isogeny_route_search_only;multi_witness_adapter_unverified;pipeline_combination_unverified
Q987,n131_iso3_d28_m5,,,polybori,50,uniform,bw,search_l3_ecc2k130,,,,,,,,,,,,,,,,,not_run_blocked,,collection_witness_policy_unwired;exact_usable_factor_base_unmaterialized;explicit_isogeny_map_missing;factor_base_not_materialized;isogeny_route_search_only;multi_witness_adapter_unverified;pipeline_combination_unverified;relation_matrix_bw_adapter_unverified;relation_matrix_bw_unwired
Q988,n131_iso3_d28_m5,,,polybori,1000,uniform,bw,search_l3_ecc2k130,,,,,,,,,,,,,,,,,not_run_blocked,,collection_witness_policy_unwired;exact_usable_factor_base_unmaterialized;explicit_isogeny_map_missing;factor_base_not_materialized;isogeny_route_search_only;multi_witness_adapter_unverified;pipeline_combination_unverified;relation_matrix_bw_adapter_unverified;relation_matrix_bw_unwired
Q989,n131_iso3_d28_m5,,,polybori,50,rankscan,gauss,search_l3_ecc2k130,,,,,,,,,,,,,,,,,not_run_blocked,,collection_witness_policy_unwired;exact_usable_factor_base_unmaterialized;explicit_isogeny_map_missing;factor_base_not_materialized;isogeny_route_search_only;multi_witness_adapter_unverified;pipeline_combination_unverified
Q990,n131_iso3_d28_m5,,,polybori,1000,rankscan,gauss,search_l3_ecc2k130,,,,,,,,,,,,,,,,,not_run_blocked,,collection_witness_policy_unwired;exact_usable_factor_base_unmaterialized;explicit_isogeny_map_missing;factor_base_not_materialized;isogeny_route_search_only;multi_witness_adapter_unverified;pipeline_combination_unverified
Q991,n131_iso3_d28_m5,,,polybori,50,rankscan,bw,search_l3_ecc2k130,,,,,,,,,,,,,,,,,not_run_blocked,,collection_witness_policy_unwired;exact_usable_factor_base_unmaterialized;explicit_isogeny_map_missing;factor_base_not_materialized;isogeny_route_search_only;multi_witness_adapter_unverified;pipeline_combination_unverified;relation_matrix_bw_adapter_unverified;relation_matrix_bw_unwired
Q992,n131_iso3_d28_m5,,,polybori,1000,rankscan,bw,search_l3_ecc2k130,,,,,,,,,,,,,,,,,not_run_blocked,,collection_witness_policy_unwired;exact_usable_factor_base_unmaterialized;explicit_isogeny_map_missing;factor_base_not_materialized;isogeny_route_search_only;multi_witness_adapter_unverified;pipeline_combination_unverified;relation_matrix_bw_adapter_unverified;relation_matrix_bw_unwired
Q993,n131_iso3_d28_m5,,,polybori,50,rankscan16,gauss,search_l3_ecc2k130,,,,,,,,,,,,,,,,,not_run_blocked,,collection_witness_policy_unwired;exact_usable_factor_base_unmaterialized;explicit_isogeny_map_missing;factor_base_not_materialized;isogeny_route_search_only;multi_witness_adapter_unverified;pipeline_combination_unverified
Q994,n131_iso3_d28_m5,,,polybori,1000,rankscan16,gauss,search_l3_ecc2k130,,,,,,,,,,,,,,,,,not_run_blocked,,collection_witness_policy_unwired;exact_usable_factor_base_unmaterialized;explicit_isogeny_map_missing;factor_base_not_materialized;isogeny_route_search_only;multi_witness_adapter_unverified;pipeline_combination_unverified
Q995,n131_iso3_d28_m5,,,polybori,50,rankscan16,bw,search_l3_ecc2k130,,,,,,,,,,,,,,,,,not_run_blocked,,collection_witness_policy_unwired;exact_usable_factor_base_unmaterialized;explicit_isogeny_map_missing;factor_base_not_materialized;isogeny_route_search_only;multi_witness_adapter_unverified;pipeline_combination_unverified;relation_matrix_bw_adapter_unverified;relation_matrix_bw_unwired
Q996,n131_iso3_d28_m5,,,polybori,1000,rankscan16,bw,search_l3_ecc2k130,,,,,,,,,,,,,,,,,not_run_blocked,,collection_witness_policy_unwired;exact_usable_factor_base_unmaterialized;explicit_isogeny_map_missing;factor_base_not_materialized;isogeny_route_search_only;multi_witness_adapter_unverified;pipeline_combination_unverified;relation_matrix_bw_adapter_unverified;relation_matrix_bw_unwired
Q997,n131_iso3_d28_m5,,,polybori,50,allnovel,gauss,search_l3_ecc2k130,,,,,,,,,,,,,,,,,not_run_blocked,,collection_witness_policy_unwired;exact_usable_factor_base_unmaterialized;explicit_isogeny_map_missing;factor_base_not_materialized;isogeny_route_search_only;multi_witness_adapter_unverified;pipeline_combination_unverified
Q998,n131_iso3_d28_m5,,,polybori,1000,allnovel,gauss,search_l3_ecc2k130,,,,,,,,,,,,,,,,,not_run_blocked,,collection_witness_policy_unwired;exact_usable_factor_base_unmaterialized;explicit_isogeny_map_missing;factor_base_not_materialized;isogeny_route_search_only;multi_witness_adapter_unverified;pipeline_combination_unverified
Q999,n131_iso3_d28_m5,,,polybori,50,allnovel,bw,search_l3_ecc2k130,,,,,,,,,,,,,,,,,not_run_blocked,,collection_witness_policy_unwired;exact_usable_factor_base_unmaterialized;explicit_isogeny_map_missing;factor_base_not_materialized;isogeny_route_search_only;multi_witness_adapter_unverified;pipeline_combination_unverified;relation_matrix_bw_adapter_unverified;relation_matrix_bw_unwired
Q1000,n131_iso3_d28_m5,,,polybori,1000,allnovel,bw,search_l3_ecc2k130,,,,,,,,,,,,,,,,,not_run_blocked,,collection_witness_policy_unwired;exact_usable_factor_base_unmaterialized;explicit_isogeny_map_missing;factor_base_not_materialized;isogeny_route_search_only;multi_witness_adapter_unverified;pipeline_combination_unverified;relation_matrix_bw_adapter_unverified;relation_matrix_bw_unwired
