label,orbit,frob_index,level,j_hex,b_hex,a2,order_ok,two_part_structure,end_ring_certified,embedding_degree_bits,ghs_magic_number,aut_class_size,intrinsic_rho_log2,transport_to_E0_ok,transport_cost,effective_hardness_log2,ic_density_z_k16,notes
E0,crater,0,1,0x1,0x1,0,true,Z/4,O_K (conductor 1; 4 independent criteria),118,1,262,60.8090,identity,0.000,60.8090,0.1953,"crater; Koblitz curve; tau acts as s of order 131 on the N-subgroup; GHS m=1 cover is E0/F_2 (order 4), kills the N-subgroup; twist Z/263 x Z/(2*263*P114): x-only oracle only, 2^53.27; n=131 Semaev PDP: d_reg 8 vs 10-11 on the polynomial basis only; every class curve gets 7 on span{(b+1)^j} -> 0-bit difference (G5)"
A000,A,0,263,0x1e21822785c5ff89ee7db2942f20ee0,0x1581f324b9e850f34ce478a3c6a23a449,0,true,Z/4,O_263 (conductor 263; 3 independent criteria),118,131,2,64.3257,true,15.538,60.8090,-0.0859,"floor: j of degree 131 over F_2, no tau; unique F_q-rational 263-isogeny goes up to E0; l=11 nbrs A115/A016; l=29 nbrs B006/B065; transport build+2 evals <= 2^15.54 F_q-mult; rho-endomorphisms transfer demo; endomorphism-ring transfer demo; ground_truth_check explicit Kohel isogeny + order transfer; Phi_263(j,Y) cofactor of degree 263 shown irreducible (explicit; others by Frobenius conjugacy); 263-division polynomial has exactly 131 F_q-roots (uniqueness of the rational 263-line, transport C3 audit); n=131 Semaev PDP measured (G5): indistinguishable from random dense-b curves; errata ERR-01 (eval add count 787 vs 788) and ERR-08 (gGHS pair label) apply; no hardness effect"
A001,A,1,263,0x44049193d18d17979d191b975bd40158,0x5be8944d433669e6e1d91f80af0203097,0,true,Z/4,O_263 (conductor 263; 3 independent criteria),118,131,2,64.3257,true,15.538,60.8090,1.3672,"floor: j of degree 131 over F_2, no tau; unique F_q-rational 263-isogeny goes up to E0; l=11 nbrs A017/A116; l=29 nbrs B007/B066; transport build+2 evals <= 2^15.54 F_q-mult; IC density max|z|=3.6947 (rand3 k8, z=3.6947); not significant after multiplicity (IC C1); ground_truth_check explicit Kohel isogeny + order transfer; Phi_263(j,Y) cofactor of degree 263 shown irreducible (explicit; others by Frobenius conjugacy); sweep's order_4N_preserved flag was vacuous in replay; re-proved with a chosen order-4N point (transport C2 audit); errata ERR-01 (eval add count 787 vs 788) and ERR-08 (gGHS pair label) apply; no hardness effect"
A002,A,2,263,0x50f5f404b3ca18cb242a4cd22b5e90996,0x78b05fd79fa0a76be42333888ec90d7ca,0,true,Z/4,O_263 (conductor 263; 3 independent criteria),118,131,2,64.3257,true,15.538,60.8090,-0.1094,"floor: j of degree 131 over F_2, no tau; unique F_q-rational 263-isogeny goes up to E0; l=11 nbrs A018/A117; l=29 nbrs B067/B008; transport build+2 evals <= 2^15.54 F_q-mult; errata ERR-01 (eval add count 787 vs 788) and ERR-08 (gGHS pair label) apply; no hardness effect"
A003,A,3,263,0x3a4747e853e101e2a67576ac0987361f3,0x5c3f205e9443a84d910ad16f8c39be75,0,true,Z/4,O_263 (conductor 263; 3 independent criteria),118,131,2,64.3257,true,15.538,60.8090,0.0547,"floor: j of degree 131 over F_2, no tau; unique F_q-rational 263-isogeny goes up to E0; l=11 nbrs A019/A118; l=29 nbrs B009/B068; transport build+2 evals <= 2^15.54 F_q-mult; errata ERR-01 (eval add count 787 vs 788) and ERR-08 (gGHS pair label) apply; no hardness effect"
A004,A,4,263,0x70fcf5c2e4811ac1bf21195e044919bd3,0x40fc2570132c44b84b8fe1e531eac5b1f,0,true,Z/4,O_263 (conductor 263; 3 independent criteria),118,131,2,64.3257,true,15.538,60.8090,1.0860,"floor: j of degree 131 over F_2, no tau; unique F_q-rational 263-isogeny goes up to E0; l=11 nbrs A020/A119; l=29 nbrs B010/B069; transport build+2 evals <= 2^15.54 F_q-mult; IC density max|z|=3.0953 (rand2 k10, z=-3.0953); not significant after multiplicity (IC C1); errata ERR-01 (eval add count 787 vs 788) and ERR-08 (gGHS pair label) apply; no hardness effect"
A005,A,5,263,0x1607003716fd607f49e2c44f0dba6445a,0x710351313dbb97511f377b21f0b7e015c,0,true,Z/4,O_263 (conductor 263; 3 independent criteria),118,131,2,64.3257,true,15.546,60.8090,-0.9922,"floor: j of degree 131 over F_2, no tau; unique F_q-rational 263-isogeny goes up to E0; l=11 nbrs A120/A021; l=29 nbrs B070/B011; transport build+2 evals <= 2^15.55 F_q-mult; errata ERR-01 (eval add count 787 vs 788) and ERR-08 (gGHS pair label) apply; no hardness effect"
A006,A,6,263,0xac80093004473c31e9b442f9c558479c,0x35f1527fb1e374f3438b4a58a83be437,0,true,Z/4,O_263 (conductor 263; 3 independent criteria),118,131,2,64.3257,true,15.538,60.8090,0.7734,"floor: j of degree 131 over F_2, no tau; unique F_q-rational 263-isogeny goes up to E0; l=11 nbrs A022/A121; l=29 nbrs B071/B012; transport build+2 evals <= 2^15.54 F_q-mult; errata ERR-01 (eval add count 787 vs 788) and ERR-08 (gGHS pair label) apply; no hardness effect"
A007,A,7,263,0x2ef77d111428b621105f4b58335302de,0x1563f9161eef2c9011a70c492782a707b,0,true,Z/4,O_263 (conductor 263; 3 independent criteria),118,131,2,64.3257,true,15.554,60.8090,0.8672,"floor: j of degree 131 over F_2, no tau; unique F_q-rational 263-isogeny goes up to E0; l=11 nbrs A023/A122; l=29 nbrs B013/B072; transport build+2 evals <= 2^15.55 F_q-mult; errata ERR-01 (eval add count 787 vs 788) and ERR-08 (gGHS pair label) apply; no hardness effect"
A008,A,8,263,0x53e1f06d3917f5a4a5fa13a96b7992da,0x5bfbcc3510ca0a9d591a1a066a729f6fd,0,true,Z/4,O_263 (conductor 263; 3 independent criteria),118,131,2,64.3257,true,15.546,60.8090,1.0625,"floor: j of degree 131 over F_2, no tau; unique F_q-rational 263-isogeny goes up to E0; l=11 nbrs A024/A123; l=29 nbrs B073/B014; transport build+2 evals <= 2^15.55 F_q-mult; errata ERR-01 (eval add count 787 vs 788) and ERR-08 (gGHS pair label) apply; no hardness effect"
A009,A,9,263,0x45fa20590d4340de2f319a0f8517bcaf2,0x2cf415e1766477ef5e5333ed06afc98d6,0,true,Z/4,O_263 (conductor 263; 3 independent criteria),118,131,2,64.3257,true,15.538,60.8090,-1.3985,"floor: j of degree 131 over F_2, no tau; unique F_q-rational 263-isogeny goes up to E0; l=11 nbrs A124/A025; l=29 nbrs B015/B074; transport build+2 evals <= 2^15.54 F_q-mult; IC density max|z|=3.2267 (rand1 k14, z=-3.2267); not significant after multiplicity (IC C1); errata ERR-01 (eval add count 787 vs 788) and ERR-08 (gGHS pair label) apply; no hardness effect"
A010,A,10,263,0x70ec04ac2810a8ce467fb562a142398bb,0x3b6646f40bb8585bd29898f087d04aaa2,0,true,Z/4,O_263 (conductor 263; 3 independent criteria),118,131,2,64.3257,true,15.586,60.8090,0.4531,"floor: j of degree 131 over F_2, no tau; unique F_q-rational 263-isogeny goes up to E0; l=11 nbrs A125/A026; l=29 nbrs B016/B075; transport build+2 evals <= 2^15.59 F_q-mult; Codex 'best same-size descendant at k=4' is one of 30 tied at 80 targets; ground_truth_check explicit Kohel isogeny + order transfer; sweep's order_4N_preserved flag was vacuous in replay; re-proved with a chosen order-4N point (transport C2 audit); n=131 Semaev PDP measured (G5): indistinguishable from random dense-b curves; errata ERR-01 (eval add count 787 vs 788) and ERR-08 (gGHS pair label) apply; no hardness effect"
A011,A,11,263,0x42560e3040e6fa347bd11f53fb976254c,0x60f7c8d9e19a06f553b0a1d1ed90b923c,0,true,Z/4,O_263 (conductor 263; 3 independent criteria),118,131,2,64.3257,true,15.538,60.8090,0.0000,"floor: j of degree 131 over F_2, no tau; unique F_q-rational 263-isogeny goes up to E0; l=11 nbrs A126/A027; l=29 nbrs B076/B017; transport build+2 evals <= 2^15.54 F_q-mult; errata ERR-01 (eval add count 787 vs 788) and ERR-08 (gGHS pair label) apply; no hardness effect"
A012,A,12,263,0x3028fedd17492255a1525cdb14ad26657,0x5d1252c137c628984d489db9419b53db9,0,true,Z/4,O_263 (conductor 263; 3 independent criteria),118,131,2,64.3257,true,15.554,60.8090,0.6406,"floor: j of degree 131 over F_2, no tau; unique F_q-rational 263-isogeny goes up to E0; l=11 nbrs A127/A028; l=29 nbrs B077/B018; transport build+2 evals <= 2^15.55 F_q-mult; errata ERR-01 (eval add count 787 vs 788) and ERR-08 (gGHS pair label) apply; no hardness effect"
A013,A,13,263,0x77013e97540a397b5bc2e79f7d38ff24d,0x283e0e7def2f755a62c475993b97cc610,0,true,Z/4,O_263 (conductor 263; 3 independent criteria),118,131,2,64.3257,true,15.538,60.8090,2.0782,"floor: j of degree 131 over F_2, no tau; unique F_q-rational 263-isogeny goes up to E0; l=11 nbrs A128/A029; l=29 nbrs B019/B078; transport build+2 evals <= 2^15.54 F_q-mult; errata ERR-01 (eval add count 787 vs 788) and ERR-08 (gGHS pair label) apply; no hardness effect"
A014,A,14,263,0x283411e644adfc3bbe156ed259ac5e8e,0x7a90344c571894684e176f4797bae946e,0,true,Z/4,O_263 (conductor 263; 3 independent criteria),118,131,2,64.3257,true,15.538,60.8090,-1.4063,"floor: j of degree 131 over F_2, no tau; unique F_q-rational 263-isogeny goes up to E0; l=11 nbrs A129/A030; l=29 nbrs B020/B079; transport build+2 evals <= 2^15.54 F_q-mult; errata ERR-01 (eval add count 787 vs 788) and ERR-08 (gGHS pair label) apply; no hardness effect"
A015,A,15,263,0x446f8427b11e4d4c9de5e3ab384170302,0x40bb9e1577a5e671bfd24982cff49b933,0,true,Z/4,O_263 (conductor 263; 3 independent criteria),118,131,2,64.3257,true,15.538,60.8090,-0.7500,"floor: j of degree 131 over F_2, no tau; unique F_q-rational 263-isogeny goes up to E0; l=11 nbrs A031/A130; l=29 nbrs B021/B080; transport build+2 evals <= 2^15.54 F_q-mult; errata ERR-01 (eval add count 787 vs 788) and ERR-08 (gGHS pair label) apply; no hardness effect"
A016,A,16,263,0x70e0ca44c1b12dc5a25a095df76ab2e03,0x2407f5a189084bee8284bcec49dc97dda,0,true,Z/4,O_263 (conductor 263; 3 independent criteria),118,131,2,64.3257,true,15.538,60.8090,1.1719,"floor: j of degree 131 over F_2, no tau; unique F_q-rational 263-isogeny goes up to E0; l=11 nbrs A000/A032; l=29 nbrs B081/B022; transport build+2 evals <= 2^15.54 F_q-mult; errata ERR-01 (eval add count 787 vs 788) and ERR-08 (gGHS pair label) apply; no hardness effect"
A017,A,17,263,0x342585263ade1f6601cb35e3f3971b5a,0x38a1549552e8ad1cc78b1295a7f14eac4,0,true,Z/4,O_263 (conductor 263; 3 independent criteria),118,131,2,64.3257,true,15.562,60.8090,-3.2266,"floor: j of degree 131 over F_2, no tau; unique F_q-rational 263-isogeny goes up to E0; l=11 nbrs A001/A033; l=29 nbrs B082/B023; transport build+2 evals <= 2^15.56 F_q-mult; IC density max|z|=3.2266 (canon k16, z=-3.2266); not significant after multiplicity (IC C1); errata ERR-01 (eval add count 787 vs 788) and ERR-08 (gGHS pair label) apply; no hardness effect"
A018,A,18,263,0x437f16cb990fe79dc71ba7c5d5c07cc4,0x25d7f81aeee3dbbbba7e1a86fe7b1cb46,0,true,Z/4,O_263 (conductor 263; 3 independent criteria),118,131,2,64.3257,true,15.546,60.8090,-0.0469,"floor: j of degree 131 over F_2, no tau; unique F_q-rational 263-isogeny goes up to E0; l=11 nbrs A034/A002; l=29 nbrs B083/B024; transport build+2 evals <= 2^15.55 F_q-mult; errata ERR-01 (eval add count 787 vs 788) and ERR-08 (gGHS pair label) apply; no hardness effect"
A019,A,19,263,0x14a43381475b9f32f0dc8e56515d948fe,0x38e96ec5419519eb1b1b583429e4a4574,0,true,Z/4,O_263 (conductor 263; 3 independent criteria),118,131,2,64.3257,true,15.546,60.8090,0.1016,"floor: j of degree 131 over F_2, no tau; unique F_q-rational 263-isogeny goes up to E0; l=11 nbrs A035/A003; l=29 nbrs B084/B025; transport build+2 evals <= 2^15.55 F_q-mult; errata ERR-01 (eval add count 787 vs 788) and ERR-08 (gGHS pair label) apply; no hardness effect"
A020,A,20,263,0x4fe2aca56374d54ab496a8f4dd123755a,0x34c30acadb5f75eef45c8fba19984a310,0,true,Z/4,O_263 (conductor 263; 3 independent criteria),118,131,2,64.3257,true,15.554,60.8090,-1.3906,"floor: j of degree 131 over F_2, no tau; unique F_q-rational 263-isogeny goes up to E0; l=11 nbrs A036/A004; l=29 nbrs B026/B085; transport build+2 evals <= 2^15.55 F_q-mult; errata ERR-01 (eval add count 787 vs 788) and ERR-08 (gGHS pair label) apply; no hardness effect"
A021,A,21,263,0x6750586bee62acea8862d2e77bbeb722d,0x73e3352312fe23aa3df7bc1387bd0f90e,0,true,Z/4,O_263 (conductor 263; 3 independent criteria),118,131,2,64.3257,true,15.578,60.8090,-1.5235,"floor: j of degree 131 over F_2, no tau; unique F_q-rational 263-isogeny goes up to E0; l=11 nbrs A005/A037; l=29 nbrs B027/B086; transport build+2 evals <= 2^15.58 F_q-mult; errata ERR-01 (eval add count 787 vs 788) and ERR-08 (gGHS pair label) apply; no hardness effect"
A022,A,22,263,0x1897aa15f8d4cff10a0d9c6bff361e9d8,0x5621482622ef68231a3a01496c65aee5d,0,true,Z/4,O_263 (conductor 263; 3 independent criteria),118,131,2,64.3257,true,15.538,60.8090,0.3750,"floor: j of degree 131 over F_2, no tau; unique F_q-rational 263-isogeny goes up to E0; l=11 nbrs A006/A038; l=29 nbrs B087/B028; transport build+2 evals <= 2^15.54 F_q-mult; errata ERR-01 (eval add count 787 vs 788) and ERR-08 (gGHS pair label) apply; no hardness effect"
A023,A,23,263,0x1986dad0aefd1fe814972bb62350432c0,0x7b98285ee2943dc8682f5f529fd52c980,0,true,Z/4,O_263 (conductor 263; 3 independent criteria),118,131,2,64.3257,true,15.546,60.8090,0.6250,"floor: j of degree 131 over F_2, no tau; unique F_q-rational 263-isogeny goes up to E0; l=11 nbrs A007/A039; l=29 nbrs B088/B029; transport build+2 evals <= 2^15.55 F_q-mult; errata ERR-01 (eval add count 787 vs 788) and ERR-08 (gGHS pair label) apply; no hardness effect"
A024,A,24,263,0x4c8c85da3daf2e56ee5e053a58145eb60,0x41e5c9c12a84e81e5d2a9ea4246c36d67,0,true,Z/4,O_263 (conductor 263; 3 independent criteria),118,131,2,64.3257,true,15.554,60.8090,-0.6719,"floor: j of degree 131 over F_2, no tau; unique F_q-rational 263-isogeny goes up to E0; l=11 nbrs A008/A040; l=29 nbrs B089/B030; transport build+2 evals <= 2^15.55 F_q-mult; errata ERR-01 (eval add count 787 vs 788) and ERR-08 (gGHS pair label) apply; no hardness effect"
A025,A,25,263,0x36368627d5ac38ad7078eb422a49fa169,0x201948b922c9601f6abed0f30a801999c,0,true,Z/4,O_263 (conductor 263; 3 independent criteria),118,131,2,64.3257,true,15.538,60.8090,0.3281,"floor: j of degree 131 over F_2, no tau; unique F_q-rational 263-isogeny goes up to E0; l=11 nbrs A009/A041; l=29 nbrs B090/B031; transport build+2 evals <= 2^15.54 F_q-mult; errata ERR-01 (eval add count 787 vs 788) and ERR-08 (gGHS pair label) apply; no hardness effect"
A026,A,26,263,0x679c72dbc58c6cd17bb8be2570d2faf19,0x7c141cdbe2d6a4df286f268ecc455da3e,0,true,Z/4,O_263 (conductor 263; 3 independent criteria),118,131,2,64.3257,true,15.538,60.8090,-0.4688,"floor: j of degree 131 over F_2, no tau; unique F_q-rational 263-isogeny goes up to E0; l=11 nbrs A042/A010; l=29 nbrs B091/B032; transport build+2 evals <= 2^15.54 F_q-mult; errata ERR-01 (eval add count 787 vs 788) and ERR-08 (gGHS pair label) apply; no hardness effect"
A027,A,27,263,0x5cd5dc25972a78a060fc96319b726f79e,0x11254be458763df1497f7eceb9b73c56b,0,true,Z/4,O_263 (conductor 263; 3 independent criteria),118,131,2,64.3257,true,15.538,60.8090,-1.6953,"floor: j of degree 131 over F_2, no tau; unique F_q-rational 263-isogeny goes up to E0; l=11 nbrs A043/A011; l=29 nbrs B033/B092; transport build+2 evals <= 2^15.54 F_q-mult; errata ERR-01 (eval add count 787 vs 788) and ERR-08 (gGHS pair label) apply; no hardness effect"
A028,A,28,263,0x39226fbd7d2438bcdb966ea981c3b9a05,0x4b1b29aee3f459f4bcd186dc352d0372b,0,true,Z/4,O_263 (conductor 263; 3 independent criteria),118,131,2,64.3257,true,15.538,60.8090,1.6485,"floor: j of degree 131 over F_2, no tau; unique F_q-rational 263-isogeny goes up to E0; l=11 nbrs A044/A012; l=29 nbrs B034/B093; transport build+2 evals <= 2^15.54 F_q-mult; errata ERR-01 (eval add count 787 vs 788) and ERR-08 (gGHS pair label) apply; no hardness effect"
A029,A,29,263,0x60db2c6ccf45b42e947f39e470c6a1b47,0x76e25cb26bddbb5a5c6117a0b88853294,0,true,Z/4,O_263 (conductor 263; 3 independent criteria),118,131,2,64.3257,true,15.538,60.8090,-0.4609,"floor: j of degree 131 over F_2, no tau; unique F_q-rational 263-isogeny goes up to E0; l=11 nbrs A045/A013; l=29 nbrs B035/B094; transport build+2 evals <= 2^15.54 F_q-mult; errata ERR-01 (eval add count 787 vs 788) and ERR-08 (gGHS pair label) apply; no hardness effect"
A030,A,30,263,0x5d5379f26a618e777757b0edf7f57b3aa,0x56db1c7ced76f32ddbe5383de1a2b8f2f,0,true,Z/4,O_263 (conductor 263; 3 independent criteria),118,131,2,64.3257,true,15.538,60.8090,-0.9688,"floor: j of degree 131 over F_2, no tau; unique F_q-rational 263-isogeny goes up to E0; l=11 nbrs A014/A046; l=29 nbrs B095/B036; transport build+2 evals <= 2^15.54 F_q-mult; errata ERR-01 (eval add count 787 vs 788) and ERR-08 (gGHS pair label) apply; no hardness effect"
A031,A,31,263,0x787eba32d0c9163c8fedd909d25c97275,0x6edf6cf25c3495625e3f83de43362a932,0,true,Z/4,O_263 (conductor 263; 3 independent criteria),118,131,2,64.3257,true,15.546,60.8090,-0.3984,"floor: j of degree 131 over F_2, no tau; unique F_q-rational 263-isogeny goes up to E0; l=11 nbrs A047/A015; l=29 nbrs B037/B096; transport build+2 evals <= 2^15.55 F_q-mult; errata ERR-01 (eval add count 787 vs 788) and ERR-08 (gGHS pair label) apply; no hardness effect"
A032,A,32,263,0x5580811fa0e9266e6a5236cf1ec92564e,0x5a4e7d16ce77472dec7477e78fbf9905b,0,true,Z/4,O_263 (conductor 263; 3 independent criteria),118,131,2,64.3257,true,15.538,60.8090,-0.7578,"floor: j of degree 131 over F_2, no tau; unique F_q-rational 263-isogeny goes up to E0; l=11 nbrs A016/A048; l=29 nbrs B097/B038; transport build+2 evals <= 2^15.54 F_q-mult; errata ERR-01 (eval add count 787 vs 788) and ERR-08 (gGHS pair label) apply; no hardness effect"
A033,A,33,263,0x7aac8043911e5905b8561e9b7ccd8fe65,0x2cacb70dc47e5b9a6349c787b5c32bcfa,0,true,Z/4,O_263 (conductor 263; 3 independent criteria),118,131,2,64.3257,true,15.554,60.8090,1.1641,"floor: j of degree 131 over F_2, no tau; unique F_q-rational 263-isogeny goes up to E0; l=11 nbrs A017/A049; l=29 nbrs B098/B039; transport build+2 evals <= 2^15.55 F_q-mult; errata ERR-01 (eval add count 787 vs 788) and ERR-08 (gGHS pair label) apply; no hardness effect"
A034,A,34,263,0x10aeba239145a4249b5e0c1ca8ca54fa0,0x6a26ae33f796563d34a0d159f9b5dc012,0,true,Z/4,O_263 (conductor 263; 3 independent criteria),118,131,2,64.3257,true,15.546,60.8090,2.3516,"floor: j of degree 131 over F_2, no tau; unique F_q-rational 263-isogeny goes up to E0; l=11 nbrs A018/A050; l=29 nbrs B099/B040; transport build+2 evals <= 2^15.55 F_q-mult; errata ERR-01 (eval add count 787 vs 788) and ERR-08 (gGHS pair label) apply; no hardness effect"
A035,A,35,263,0xb47bf4ab1b97d718e0fb5a8a8e07c9b8,0xbb969cbaa0877655284db88fa983010d,0,true,Z/4,O_263 (conductor 263; 3 independent criteria),118,131,2,64.3257,true,15.546,60.8090,1.1797,"floor: j of degree 131 over F_2, no tau; unique F_q-rational 263-isogeny goes up to E0; l=11 nbrs A019/A051; l=29 nbrs B041/B100; transport build+2 evals <= 2^15.55 F_q-mult; errata ERR-01 (eval add count 787 vs 788) and ERR-08 (gGHS pair label) apply; no hardness effect"
A036,A,36,263,0x42f3b4d4a053b6ffa358b0dbc52ad6576,0x42a1f19b9bc836a1efec12c5c3d2c8e51,0,true,Z/4,O_263 (conductor 263; 3 independent criteria),118,131,2,64.3257,true,15.538,60.8090,-0.7188,"floor: j of degree 131 over F_2, no tau; unique F_q-rational 263-isogeny goes up to E0; l=11 nbrs A052/A020; l=29 nbrs B101/B042; transport build+2 evals <= 2^15.54 F_q-mult; errata ERR-01 (eval add count 787 vs 788) and ERR-08 (gGHS pair label) apply; no hardness effect"
A037,A,37,263,0x352b1375f2a26bb6bd51fb35b2df11845,0x346ea84d1619dcf1d9f0728023cea89de,0,true,Z/4,O_263 (conductor 263; 3 independent criteria),118,131,2,64.3257,true,15.538,60.8090,-0.6875,"floor: j of degree 131 over F_2, no tau; unique F_q-rational 263-isogeny goes up to E0; l=11 nbrs A053/A021; l=29 nbrs B043/B102; transport build+2 evals <= 2^15.54 F_q-mult; errata ERR-01 (eval add count 787 vs 788) and ERR-08 (gGHS pair label) apply; no hardness effect"
A038,A,38,263,0x22ee6be21f22d2b8177fa8799ae1b7011,0x27e09a4aefd0a32b4edd5c9d3c2207c3a,0,true,Z/4,O_263 (conductor 263; 3 independent criteria),118,131,2,64.3257,true,15.554,60.8090,0.9297,"floor: j of degree 131 over F_2, no tau; unique F_q-rational 263-isogeny goes up to E0; l=11 nbrs A022/A054; l=29 nbrs B044/B103; transport build+2 evals <= 2^15.55 F_q-mult; errata ERR-01 (eval add count 787 vs 788) and ERR-08 (gGHS pair label) apply; no hardness effect"
A039,A,39,263,0x3c7f0b1dcab50c7958126c6e2e3fb170f,0x68905d439cade3be5a153f42f8766b01c,0,true,Z/4,O_263 (conductor 263; 3 independent criteria),118,131,2,64.3257,true,15.578,60.8090,-0.3750,"floor: j of degree 131 over F_2, no tau; unique F_q-rational 263-isogeny goes up to E0; l=11 nbrs A023/A055; l=29 nbrs B104/B045; transport build+2 evals <= 2^15.58 F_q-mult; errata ERR-01 (eval add count 787 vs 788) and ERR-08 (gGHS pair label) apply; no hardness effect"
A040,A,40,263,0x2435850606e31c3c37bfa3ae5624915e3,0x5f839b44fc3eb024c876bf2d4d24f0239,0,true,Z/4,O_263 (conductor 263; 3 independent criteria),118,131,2,64.3257,true,15.570,60.8090,1.3985,"floor: j of degree 131 over F_2, no tau; unique F_q-rational 263-isogeny goes up to E0; l=11 nbrs A056/A024; l=29 nbrs B105/B046; transport build+2 evals <= 2^15.57 F_q-mult; errata ERR-01 (eval add count 787 vs 788) and ERR-08 (gGHS pair label) apply; no hardness effect"
A041,A,41,263,0x68f033bd80bf459c049a59661c2130c3d,0x395581209ce2b0a65125651ee71539026,0,true,Z/4,O_263 (conductor 263; 3 independent criteria),118,131,2,64.3257,true,15.538,60.8090,0.3516,"floor: j of degree 131 over F_2, no tau; unique F_q-rational 263-isogeny goes up to E0; l=11 nbrs A025/A057; l=29 nbrs B106/B047; transport build+2 evals <= 2^15.54 F_q-mult; errata ERR-01 (eval add count 787 vs 788) and ERR-08 (gGHS pair label) apply; no hardness effect"
A042,A,42,263,0x4fc743007370a42d8456b142e0a8cc5b6,0x61dafffc801e3d12d932586bf313fc4fa,0,true,Z/4,O_263 (conductor 263; 3 independent criteria),118,131,2,64.3257,true,15.546,60.8090,0.5156,"floor: j of degree 131 over F_2, no tau; unique F_q-rational 263-isogeny goes up to E0; l=11 nbrs A058/A026; l=29 nbrs B048/B107; transport build+2 evals <= 2^15.55 F_q-mult; errata ERR-01 (eval add count 787 vs 788) and ERR-08 (gGHS pair label) apply; no hardness effect"
A043,A,43,263,0x36513593f0270504d3728302bce52ab1d,0x184c28af14000136d0051c59203a1e0f5,0,true,Z/4,O_263 (conductor 263; 3 independent criteria),118,131,2,64.3257,true,15.538,60.8090,-0.2891,"floor: j of degree 131 over F_2, no tau; unique F_q-rational 263-isogeny goes up to E0; l=11 nbrs A059/A027; l=29 nbrs B108/B049; transport build+2 evals <= 2^15.54 F_q-mult; errata ERR-01 (eval add count 787 vs 788) and ERR-08 (gGHS pair label) apply; no hardness effect"
A044,A,44,263,0x22c9ff0e66fcdb31020039c204ab502d1,0x1994e3603f97ef024ee05440540a67bc7,0,true,Z/4,O_263 (conductor 263; 3 independent criteria),118,131,2,64.3257,true,15.546,60.8090,-0.2578,"floor: j of degree 131 over F_2, no tau; unique F_q-rational 263-isogeny goes up to E0; l=11 nbrs A060/A028; l=29 nbrs B050/B109; transport build+2 evals <= 2^15.55 F_q-mult; errata ERR-01 (eval add count 787 vs 788) and ERR-08 (gGHS pair label) apply; no hardness effect"
A045,A,45,263,0x2c6b36d84156061dcc8b05633cf237fef,0x588cdbe30c37d9547410df815a02110fb,0,true,Z/4,O_263 (conductor 263; 3 independent criteria),118,131,2,64.3257,true,15.538,60.8090,-0.0625,"floor: j of degree 131 over F_2, no tau; unique F_q-rational 263-isogeny goes up to E0; l=11 nbrs A061/A029; l=29 nbrs B051/B110; transport build+2 evals <= 2^15.54 F_q-mult; errata ERR-01 (eval add count 787 vs 788) and ERR-08 (gGHS pair label) apply; no hardness effect"
A046,A,46,263,0x3b759ea3239a29d0f14ebe9d51dd5cc5b,0x2c9787372de01833166562c539cbae02c,0,true,Z/4,O_263 (conductor 263; 3 independent criteria),118,131,2,64.3257,true,15.538,60.8090,-1.2188,"floor: j of degree 131 over F_2, no tau; unique F_q-rational 263-isogeny goes up to E0; l=11 nbrs A062/A030; l=29 nbrs B052/B111; transport build+2 evals <= 2^15.54 F_q-mult; errata ERR-01 (eval add count 787 vs 788) and ERR-08 (gGHS pair label) apply; no hardness effect"
A047,A,47,263,0x20e383fcc91eec26787199b97acd3fc1d,0x3a679fc181d676d23a785c044985269e8,0,true,Z/4,O_263 (conductor 263; 3 independent criteria),118,131,2,64.3257,true,15.554,60.8090,-1.3438,"floor: j of degree 131 over F_2, no tau; unique F_q-rational 263-isogeny goes up to E0; l=11 nbrs A063/A031; l=29 nbrs B112/B053; transport build+2 evals <= 2^15.55 F_q-mult; errata ERR-01 (eval add count 787 vs 788) and ERR-08 (gGHS pair label) apply; no hardness effect"
A048,A,48,263,0x79035820c1751562779e1d5f0f343c2df,0x64fcdc81cc55310cd05c6a8d83db3faae,0,true,Z/4,O_263 (conductor 263; 3 independent criteria),118,131,2,64.3257,true,15.538,60.8090,0.2422,"floor: j of degree 131 over F_2, no tau; unique F_q-rational 263-isogeny goes up to E0; l=11 nbrs A064/A032; l=29 nbrs B113/B054; transport build+2 evals <= 2^15.54 F_q-mult; errata ERR-01 (eval add count 787 vs 788) and ERR-08 (gGHS pair label) apply; no hardness effect"
A049,A,49,263,0x44db5126f9913953201ac7aa1efad87bc,0x5db654363927d10d6771bbfe235a4245d,0,true,Z/4,O_263 (conductor 263; 3 independent criteria),118,131,2,64.3257,true,15.554,60.8090,-0.4063,"floor: j of degree 131 over F_2, no tau; unique F_q-rational 263-isogeny goes up to E0; l=11 nbrs A065/A033; l=29 nbrs B055/B114; transport build+2 evals <= 2^15.55 F_q-mult; errata ERR-01 (eval add count 787 vs 788) and ERR-08 (gGHS pair label) apply; no hardness effect"
A050,A,50,263,0x34b23db3ae5f69cb10889b1b65deebe0f,0x7d79e288bbf062c834da78d42e4a17ce0,0,true,Z/4,O_263 (conductor 263; 3 independent criteria),118,131,2,64.3257,true,15.554,60.8090,-0.5000,"floor: j of degree 131 over F_2, no tau; unique F_q-rational 263-isogeny goes up to E0; l=11 nbrs A066/A034; l=29 nbrs B115/B056; transport build+2 evals <= 2^15.55 F_q-mult; errata ERR-01 (eval add count 787 vs 788) and ERR-08 (gGHS pair label) apply; no hardness effect"
A051,A,51,263,0x37a6b368707cf371fe18bd03cbcc7368d,0x413b94cd1c2e83d2a5b45741dd6b3795f,0,true,Z/4,O_263 (conductor 263; 3 independent criteria),118,131,2,64.3257,true,15.546,60.8090,-0.2500,"floor: j of degree 131 over F_2, no tau; unique F_q-rational 263-isogeny goes up to E0; l=11 nbrs A035/A067; l=29 nbrs B116/B057; transport build+2 evals <= 2^15.55 F_q-mult; IC density max|z|=3.1906 (canon k10, z=-3.1906); not significant after multiplicity (IC C1); errata ERR-01 (eval add count 787 vs 788) and ERR-08 (gGHS pair label) apply; no hardness effect"
A052,A,52,263,0x3290bd9ea636de95d701c5234322d2d31,0x604b34f08ba6232f19646f0a85306eaea,0,true,Z/4,O_263 (conductor 263; 3 independent criteria),118,131,2,64.3257,true,15.546,60.8090,1.1797,"floor: j of degree 131 over F_2, no tau; unique F_q-rational 263-isogeny goes up to E0; l=11 nbrs A068/A036; l=29 nbrs B058/B117; transport build+2 evals <= 2^15.55 F_q-mult; IC density max|z|=3.5473 (rand1 k12, z=3.5473); not significant after multiplicity (IC C1); errata ERR-01 (eval add count 787 vs 788) and ERR-08 (gGHS pair label) apply; no hardness effect"
A053,A,53,263,0x372b9f42e428dc0fb9cd62cb6d5fce659,0x4800e3f366f34256d3a0e9d83c733f723,0,true,Z/4,O_263 (conductor 263; 3 independent criteria),118,131,2,64.3257,true,15.546,60.8090,0.6953,"floor: j of degree 131 over F_2, no tau; unique F_q-rational 263-isogeny goes up to E0; l=11 nbrs A037/A069; l=29 nbrs B118/B059; transport build+2 evals <= 2^15.55 F_q-mult; errata ERR-01 (eval add count 787 vs 788) and ERR-08 (gGHS pair label) apply; no hardness effect"
A054,A,54,263,0x23d26ef18912f16e1ce13a826831069af,0x73d4550749610733989b4267b13ceb154,0,true,Z/4,O_263 (conductor 263; 3 independent criteria),118,131,2,64.3257,true,15.538,60.8090,0.8281,"floor: j of degree 131 over F_2, no tau; unique F_q-rational 263-isogeny goes up to E0; l=11 nbrs A038/A070; l=29 nbrs B060/B119; transport build+2 evals <= 2^15.54 F_q-mult; errata ERR-01 (eval add count 787 vs 788) and ERR-08 (gGHS pair label) apply; no hardness effect"
A055,A,55,263,0x79712b3d9a5f065c87cf4b6b125bcbfdb,0x16757ef5aeaa0592f69ecd0e05d2727c1,0,true,Z/4,O_263 (conductor 263; 3 independent criteria),118,131,2,64.3257,true,15.570,60.8090,1.8750,"floor: j of degree 131 over F_2, no tau; unique F_q-rational 263-isogeny goes up to E0; l=11 nbrs A039/A071; l=29 nbrs B120/B061; transport build+2 evals <= 2^15.57 F_q-mult; IC density max|z|=3.0079 (rand1 k14, z=-3.0079); not significant after multiplicity (IC C1); errata ERR-01 (eval add count 787 vs 788) and ERR-08 (gGHS pair label) apply; no hardness effect"
A056,A,56,263,0x119b924e7eb3216c99acb90600cce921a,0x5ad886fec50f02b8ab5fabfd00ecdb001,0,true,Z/4,O_263 (conductor 263; 3 independent criteria),118,131,2,64.3257,true,15.538,60.8090,2.7891,"floor: j of degree 131 over F_2, no tau; unique F_q-rational 263-isogeny goes up to E0; l=11 nbrs A040/A072; l=29 nbrs B121/B062; transport build+2 evals <= 2^15.54 F_q-mult; errata ERR-01 (eval add count 787 vs 788) and ERR-08 (gGHS pair label) apply; no hardness effect"
A057,A,57,263,0x4a4898f0de3de74dc41ff233390b8b4fc,0x3dba68d2d1db144f20fe0652052ae0350,0,true,Z/4,O_263 (conductor 263; 3 independent criteria),118,131,2,64.3257,true,15.538,60.8090,-0.8828,"floor: j of degree 131 over F_2, no tau; unique F_q-rational 263-isogeny goes up to E0; l=11 nbrs A073/A041; l=29 nbrs B122/B063; transport build+2 evals <= 2^15.54 F_q-mult; errata ERR-01 (eval add count 787 vs 788) and ERR-08 (gGHS pair label) apply; no hardness effect"
A058,A,58,263,0x66a8e686c8831206381c643c1883f7b6f,0x2439e5e8ce836a3b3b4c69b74af0a2938,0,true,Z/4,O_263 (conductor 263; 3 independent criteria),118,131,2,64.3257,true,15.538,60.8090,0.7109,"floor: j of degree 131 over F_2, no tau; unique F_q-rational 263-isogeny goes up to E0; l=11 nbrs A074/A042; l=29 nbrs B064/B123; transport build+2 evals <= 2^15.54 F_q-mult; errata ERR-01 (eval add count 787 vs 788) and ERR-08 (gGHS pair label) apply; no hardness effect"
A059,A,59,263,0x1dcbbb8709dec1cb6786c0225f7d44fe4,0x6de1658849e91ec7771f95239aa975018,0,true,Z/4,O_263 (conductor 263; 3 independent criteria),118,131,2,64.3257,true,15.538,60.8090,-0.1563,"floor: j of degree 131 over F_2, no tau; unique F_q-rational 263-isogeny goes up to E0; l=11 nbrs A043/A075; l=29 nbrs B065/B124; transport build+2 evals <= 2^15.54 F_q-mult; errata ERR-01 (eval add count 787 vs 788) and ERR-08 (gGHS pair label) apply; no hardness effect"
A060,A,60,263,0x182833a1e5b0808742892c4a351822c26,0x5f3d085e99edc7c4a2d95fca485a75af1,0,true,Z/4,O_263 (conductor 263; 3 independent criteria),118,131,2,64.3257,true,15.538,60.8090,1.1016,"floor: j of degree 131 over F_2, no tau; unique F_q-rational 263-isogeny goes up to E0; l=11 nbrs A044/A076; l=29 nbrs B125/B066; transport build+2 evals <= 2^15.54 F_q-mult; IC density max|z|=3.6017 (rand3 k14, z=3.6017); not significant after multiplicity (IC C1); errata ERR-01 (eval add count 787 vs 788) and ERR-08 (gGHS pair label) apply; no hardness effect"
A061,A,61,263,0xcd43ed12234e94958bdb203d04284a1a,0x6c47616f1280f94adc981b2965d460068,0,true,Z/4,O_263 (conductor 263; 3 independent criteria),118,131,2,64.3257,true,15.562,60.8090,0.4766,"floor: j of degree 131 over F_2, no tau; unique F_q-rational 263-isogeny goes up to E0; l=11 nbrs A045/A077; l=29 nbrs B067/B126; transport build+2 evals <= 2^15.56 F_q-mult; errata ERR-01 (eval add count 787 vs 788) and ERR-08 (gGHS pair label) apply; no hardness effect"
A062,A,62,263,0x3233aa1715b2f5a297d23b71e9ab7972,0x4a61b1d6894bdf065f2e8452518ba7929,0,true,Z/4,O_263 (conductor 263; 3 independent criteria),118,131,2,64.3257,true,15.538,60.8090,-0.6094,"floor: j of degree 131 over F_2, no tau; unique F_q-rational 263-isogeny goes up to E0; l=11 nbrs A078/A046; l=29 nbrs B068/B127; transport build+2 evals <= 2^15.54 F_q-mult; errata ERR-01 (eval add count 787 vs 788) and ERR-08 (gGHS pair label) apply; no hardness effect"
A063,A,63,263,0x5262c7764efac1e871bb8e72e53f8e8a,0x73e8cc09e3496e8ad78bb3b46c1751126,0,true,Z/4,O_263 (conductor 263; 3 independent criteria),118,131,2,64.3257,true,15.538,60.8090,-0.5234,"floor: j of degree 131 over F_2, no tau; unique F_q-rational 263-isogeny goes up to E0; l=11 nbrs A047/A079; l=29 nbrs B128/B069; transport build+2 evals <= 2^15.54 F_q-mult; errata ERR-01 (eval add count 787 vs 788) and ERR-08 (gGHS pair label) apply; no hardness effect"
A064,A,64,263,0x40bb2d986a20d28288b71a14ef30495c4,0x12714bc33324078d5926b7cadb4f82a2b,0,true,Z/4,O_263 (conductor 263; 3 independent criteria),118,131,2,64.3257,true,15.538,60.8090,-0.1797,"floor: j of degree 131 over F_2, no tau; unique F_q-rational 263-isogeny goes up to E0; l=11 nbrs A080/A048; l=29 nbrs B129/B070; transport build+2 evals <= 2^15.54 F_q-mult; rho-endomorphisms transfer demo; ground_truth_check explicit Kohel isogeny + order transfer; Phi_263(j,Y) cofactor of degree 263 shown irreducible (explicit; others by Frobenius conjugacy); errata ERR-01 (eval add count 787 vs 788) and ERR-08 (gGHS pair label) apply; no hardness effect"
A065,A,65,263,0x7556a5f27f7d99949fe87c437a3b84baf,0x1f68d35be6e1253263633db1508483125,0,true,Z/4,O_263 (conductor 263; 3 independent criteria),118,131,2,64.3257,true,15.538,60.8090,0.3125,"floor: j of degree 131 over F_2, no tau; unique F_q-rational 263-isogeny goes up to E0; l=11 nbrs A049/A081; l=29 nbrs B071/B130; transport build+2 evals <= 2^15.54 F_q-mult; Phi_263(j,Y) cofactor of degree 263 shown irreducible (explicit; others by Frobenius conjugacy); errata ERR-01 (eval add count 787 vs 788) and ERR-08 (gGHS pair label) apply; no hardness effect"
A066,A,66,263,0x7febbdeb8ad533cc442d169dcd8dbfd2,0x8178f927f73e8a15ddf180e79fe764c9,0,true,Z/4,O_263 (conductor 263; 3 independent criteria),118,131,2,64.3257,true,15.546,60.8090,0.8516,"floor: j of degree 131 over F_2, no tau; unique F_q-rational 263-isogeny goes up to E0; l=11 nbrs A082/A050; l=29 nbrs B000/B072; transport build+2 evals <= 2^15.55 F_q-mult; errata ERR-01 (eval add count 787 vs 788) and ERR-08 (gGHS pair label) apply; no hardness effect"
A067,A,67,263,0x5481444ff1f1381eb192eb2abb3760704,0x16d04b90c7148e2cc402d6641bc2b904f,0,true,Z/4,O_263 (conductor 263; 3 independent criteria),118,131,2,64.3257,true,15.546,60.8090,2.2969,"floor: j of degree 131 over F_2, no tau; unique F_q-rational 263-isogeny goes up to E0; l=11 nbrs A083/A051; l=29 nbrs B073/B001; transport build+2 evals <= 2^15.55 F_q-mult; errata ERR-01 (eval add count 787 vs 788) and ERR-08 (gGHS pair label) apply; no hardness effect"
A068,A,68,263,0x2ef7d44fa0a5f251571d460f75c55ce17,0x1b9b6a54a2b4db0634c71eb2d65d3a5d5,0,true,Z/4,O_263 (conductor 263; 3 independent criteria),118,131,2,64.3257,true,15.538,60.8090,0.7422,"floor: j of degree 131 over F_2, no tau; unique F_q-rational 263-isogeny goes up to E0; l=11 nbrs A084/A052; l=29 nbrs B002/B074; transport build+2 evals <= 2^15.54 F_q-mult; errata ERR-01 (eval add count 787 vs 788) and ERR-08 (gGHS pair label) apply; no hardness effect"
A069,A,69,263,0x3f4e17806bb5b704f812ecbd4779bef2d,0xce1c9f7cab8afa7b83eb7a279f351fff,0,true,Z/4,O_263 (conductor 263; 3 independent criteria),118,131,2,64.3257,true,15.546,60.8090,1.0000,"floor: j of degree 131 over F_2, no tau; unique F_q-rational 263-isogeny goes up to E0; l=11 nbrs A085/A053; l=29 nbrs B075/B003; transport build+2 evals <= 2^15.55 F_q-mult; errata ERR-01 (eval add count 787 vs 788) and ERR-08 (gGHS pair label) apply; no hardness effect"
A070,A,70,263,0x2543f3581bd1d0008ba0b3bca39210731,0x42635959679c428526fef4c7fa45ed8d5,0,true,Z/4,O_263 (conductor 263; 3 independent criteria),118,131,2,64.3257,true,15.546,60.8090,-0.6484,"floor: j of degree 131 over F_2, no tau; unique F_q-rational 263-isogeny goes up to E0; l=11 nbrs A054/A086; l=29 nbrs B076/B004; transport build+2 evals <= 2^15.55 F_q-mult; errata ERR-01 (eval add count 787 vs 788) and ERR-08 (gGHS pair label) apply; no hardness effect"
A071,A,71,263,0x78bbf5704232b8d519a12a0d7e0550b01,0x247cc923f8dba9dedcc08874b53bc07f8,0,true,Z/4,O_263 (conductor 263; 3 independent criteria),118,131,2,64.3257,true,15.546,60.8090,-0.8438,"floor: j of degree 131 over F_2, no tau; unique F_q-rational 263-isogeny goes up to E0; l=11 nbrs A087/A055; l=29 nbrs B077/B005; transport build+2 evals <= 2^15.55 F_q-mult; errata ERR-01 (eval add count 787 vs 788) and ERR-08 (gGHS pair label) apply; no hardness effect"
A072,A,72,263,0x50c6a0e157eed710b439267ab1d63fb86,0x28b1c177268e3c6110c268f0efdd3cece,0,true,Z/4,O_263 (conductor 263; 3 independent criteria),118,131,2,64.3257,true,15.538,60.8090,0.0469,"floor: j of degree 131 over F_2, no tau; unique F_q-rational 263-isogeny goes up to E0; l=11 nbrs A056/A088; l=29 nbrs B006/B078; transport build+2 evals <= 2^15.54 F_q-mult; errata ERR-01 (eval add count 787 vs 788) and ERR-08 (gGHS pair label) apply; no hardness effect"
A073,A,73,263,0x2b0625cbec42480febd55e5e7bd34bbab,0x3ac6e24c614ec7d66d9b971c65619de54,0,true,Z/4,O_263 (conductor 263; 3 independent criteria),118,131,2,64.3257,true,15.538,60.8090,0.1016,"floor: j of degree 131 over F_2, no tau; unique F_q-rational 263-isogeny goes up to E0; l=11 nbrs A057/A089; l=29 nbrs B007/B079; transport build+2 evals <= 2^15.54 F_q-mult; canonical best ratio at k=8 (0.599), winner's-curse range; errata ERR-01 (eval add count 787 vs 788) and ERR-08 (gGHS pair label) apply; no hardness effect"
A074,A,74,263,0x3fe610cd79bd23e00b34f479e7c547ffd,0x64aa618e4d7cf361dd0ab74a21806f1f0,0,true,Z/4,O_263 (conductor 263; 3 independent criteria),118,131,2,64.3257,true,15.554,60.8090,-1.5469,"floor: j of degree 131 over F_2, no tau; unique F_q-rational 263-isogeny goes up to E0; l=11 nbrs A090/A058; l=29 nbrs B008/B080; transport build+2 evals <= 2^15.55 F_q-mult; errata ERR-01 (eval add count 787 vs 788) and ERR-08 (gGHS pair label) apply; no hardness effect"
A075,A,75,263,0x6400099d4b16722bc58cf57e6c6559807,0x5ce2bafcd949830ce62ec0235672883e9,0,true,Z/4,O_263 (conductor 263; 3 independent criteria),118,131,2,64.3257,true,15.554,60.8090,0.8594,"floor: j of degree 131 over F_2, no tau; unique F_q-rational 263-isogeny goes up to E0; l=11 nbrs A059/A091; l=29 nbrs B081/B009; transport build+2 evals <= 2^15.55 F_q-mult; errata ERR-01 (eval add count 787 vs 788) and ERR-08 (gGHS pair label) apply; no hardness effect"
A076,A,76,263,0x59f4051502c89c3ee6f24a88c3297ed7c,0x39220c2fa0ef016238dfe3c8c43313928,0,true,Z/4,O_263 (conductor 263; 3 independent criteria),118,131,2,64.3257,true,15.562,60.8090,-0.1953,"floor: j of degree 131 over F_2, no tau; unique F_q-rational 263-isogeny goes up to E0; l=11 nbrs A060/A092; l=29 nbrs B082/B010; transport build+2 evals <= 2^15.56 F_q-mult; errata ERR-01 (eval add count 787 vs 788) and ERR-08 (gGHS pair label) apply; no hardness effect"
A077,A,77,263,0x798c06a544ee4aea147b37c6d96171b81,0x208a2d7942206e50ac164b06555e88aa0,0,true,Z/4,O_263 (conductor 263; 3 independent criteria),118,131,2,64.3257,true,15.538,60.8090,0.3750,"floor: j of degree 131 over F_2, no tau; unique F_q-rational 263-isogeny goes up to E0; l=11 nbrs A093/A061; l=29 nbrs B083/B011; transport build+2 evals <= 2^15.54 F_q-mult; errata ERR-01 (eval add count 787 vs 788) and ERR-08 (gGHS pair label) apply; no hardness effect"
A078,A,78,263,0x1498d735408afdafe1e71f58a6ab4eee6,0x6d1293ed7a6e90cef0292851db18baa38,0,true,Z/4,O_263 (conductor 263; 3 independent criteria),118,131,2,64.3257,true,15.546,60.8090,-1.0703,"floor: j of degree 131 over F_2, no tau; unique F_q-rational 263-isogeny goes up to E0; l=11 nbrs A062/A094; l=29 nbrs B084/B012; transport build+2 evals <= 2^15.55 F_q-mult; errata ERR-01 (eval add count 787 vs 788) and ERR-08 (gGHS pair label) apply; no hardness effect"
A079,A,79,263,0x5ea6d8963ac366eab156d2be013cba2fa,0x4b2f5a6a9f200e2ac4fddf1fce4666629,0,true,Z/4,O_263 (conductor 263; 3 independent criteria),118,131,2,64.3257,true,15.538,60.8090,1.1172,"floor: j of degree 131 over F_2, no tau; unique F_q-rational 263-isogeny goes up to E0; l=11 nbrs A063/A095; l=29 nbrs B013/B085; transport build+2 evals <= 2^15.54 F_q-mult; errata ERR-01 (eval add count 787 vs 788) and ERR-08 (gGHS pair label) apply; no hardness effect"
A080,A,80,263,0x2c4fbdce6d82dac921aa7037999b5b5ad,0x23a62a12fdf9debbc917395443182a71e,0,true,Z/4,O_263 (conductor 263; 3 independent criteria),118,131,2,64.3257,true,15.538,60.8090,-0.3828,"floor: j of degree 131 over F_2, no tau; unique F_q-rational 263-isogeny goes up to E0; l=11 nbrs A064/A096; l=29 nbrs B014/B086; transport build+2 evals <= 2^15.54 F_q-mult; errata ERR-01 (eval add count 787 vs 788) and ERR-08 (gGHS pair label) apply; no hardness effect"
A081,A,81,263,0x7f61f640b17837189f78803b6dfe67269,0x6d20a8996fe80a6e006d15d8384fb540c,0,true,Z/4,O_263 (conductor 263; 3 independent criteria),118,131,2,64.3257,true,15.538,60.8090,0.0234,"floor: j of degree 131 over F_2, no tau; unique F_q-rational 263-isogeny goes up to E0; l=11 nbrs A097/A065; l=29 nbrs B087/B015; transport build+2 evals <= 2^15.54 F_q-mult; errata ERR-01 (eval add count 787 vs 788) and ERR-08 (gGHS pair label) apply; no hardness effect"
A082,A,82,263,0x507d94c52d8a512b64b818437c309928,0x1a6f6c03bac6dc9bda445ec557a88a30f,0,true,Z/4,O_263 (conductor 263; 3 independent criteria),118,131,2,64.3257,true,15.538,60.8090,0.0938,"floor: j of degree 131 over F_2, no tau; unique F_q-rational 263-isogeny goes up to E0; l=11 nbrs A066/A098; l=29 nbrs B016/B088; transport build+2 evals <= 2^15.54 F_q-mult; errata ERR-01 (eval add count 787 vs 788) and ERR-08 (gGHS pair label) apply; no hardness effect"
A083,A,83,263,0x11aa50d1298ee621ab3e7cd7fcbb1e7c0,0x1cec9f43ce245075b0ea308b7973cd86d,0,true,Z/4,O_263 (conductor 263; 3 independent criteria),118,131,2,64.3257,true,15.546,60.8090,-1.7500,"floor: j of degree 131 over F_2, no tau; unique F_q-rational 263-isogeny goes up to E0; l=11 nbrs A099/A067; l=29 nbrs B089/B017; transport build+2 evals <= 2^15.55 F_q-mult; errata ERR-01 (eval add count 787 vs 788) and ERR-08 (gGHS pair label) apply; no hardness effect"
A084,A,84,263,0x1b4ceab9af463e4b3e9cc20e4c983d358,0x48720f769953b071364d6cf5ee51d79d1,0,true,Z/4,O_263 (conductor 263; 3 independent criteria),118,131,2,64.3257,true,15.538,60.8090,-0.7109,"floor: j of degree 131 over F_2, no tau; unique F_q-rational 263-isogeny goes up to E0; l=11 nbrs A068/A100; l=29 nbrs B090/B018; transport build+2 evals <= 2^15.54 F_q-mult; errata ERR-01 (eval add count 787 vs 788) and ERR-08 (gGHS pair label) apply; no hardness effect"
A085,A,85,263,0x1ce6e3774aabe1d9fa57f58d6458b694e,0x3780d33c0316979e8c8eaf60a204c2906,0,true,Z/4,O_263 (conductor 263; 3 independent criteria),118,131,2,64.3257,true,15.546,60.8090,0.5859,"floor: j of degree 131 over F_2, no tau; unique F_q-rational 263-isogeny goes up to E0; l=11 nbrs A101/A069; l=29 nbrs B091/B019; transport build+2 evals <= 2^15.55 F_q-mult; IC density max|z|=3.0953 (rand1 k10, z=-3.0953); not significant after multiplicity (IC C1); errata ERR-01 (eval add count 787 vs 788) and ERR-08 (gGHS pair label) apply; no hardness effect"
A086,A,86,263,0x4c275c8f4c6797d6b3abfab15d1878bda,0x63d191066a33756500331f9bdec19981a,0,true,Z/4,O_263 (conductor 263; 3 independent criteria),118,131,2,64.3257,true,15.546,60.8090,-0.0859,"floor: j of degree 131 over F_2, no tau; unique F_q-rational 263-isogeny goes up to E0; l=11 nbrs A070/A102; l=29 nbrs B020/B092; transport build+2 evals <= 2^15.55 F_q-mult; errata ERR-01 (eval add count 787 vs 788) and ERR-08 (gGHS pair label) apply; no hardness effect"
A087,A,87,263,0x323138d7a9329753f3759c918e847a423,0xc756e1ddb5f119ccfbc736687ea9d9ad,0,true,Z/4,O_263 (conductor 263; 3 independent criteria),118,131,2,64.3257,true,15.538,60.8090,0.1328,"floor: j of degree 131 over F_2, no tau; unique F_q-rational 263-isogeny goes up to E0; l=11 nbrs A103/A071; l=29 nbrs B021/B093; transport build+2 evals <= 2^15.54 F_q-mult; errata ERR-01 (eval add count 787 vs 788) and ERR-08 (gGHS pair label) apply; no hardness effect"
A088,A,88,263,0x6729264a34c22fd1ff8b277f9ed3beadd,0x370c6fa8b5d187828b6e9524b4ddd2bf,0,true,Z/4,O_263 (conductor 263; 3 independent criteria),118,131,2,64.3257,true,15.538,60.8090,0.6641,"floor: j of degree 131 over F_2, no tau; unique F_q-rational 263-isogeny goes up to E0; l=11 nbrs A104/A072; l=29 nbrs B094/B022; transport build+2 evals <= 2^15.54 F_q-mult; errata ERR-01 (eval add count 787 vs 788) and ERR-08 (gGHS pair label) apply; no hardness effect"
A089,A,89,263,0x4c927edb7d98b7a837a771793a456a7b6,0x1729343319b55ebc3b3a82b1dc095d5b,0,true,Z/4,O_263 (conductor 263; 3 independent criteria),118,131,2,64.3257,true,15.546,60.8090,-0.0313,"floor: j of degree 131 over F_2, no tau; unique F_q-rational 263-isogeny goes up to E0; l=11 nbrs A105/A073; l=29 nbrs B095/B023; transport build+2 evals <= 2^15.55 F_q-mult; errata ERR-01 (eval add count 787 vs 788) and ERR-08 (gGHS pair label) apply; no hardness effect"
A090,A,90,263,0x2276ca3c911b7cf2d17c9dd7a394be5cb,0x451b962e8e37e5267349c9f6aae91ea13,0,true,Z/4,O_263 (conductor 263; 3 independent criteria),118,131,2,64.3257,true,15.538,60.8090,-0.3125,"floor: j of degree 131 over F_2, no tau; unique F_q-rational 263-isogeny goes up to E0; l=11 nbrs A106/A074; l=29 nbrs B096/B024; transport build+2 evals <= 2^15.54 F_q-mult; ground_truth_check explicit Kohel isogeny + order transfer; Codex run-04 explicit 263-map (reproduced by codex-crosscheck C4); Phi_263(j,Y) cofactor of degree 263 shown irreducible (explicit; others by Frobenius conjugacy); errata ERR-01 (eval add count 787 vs 788) and ERR-08 (gGHS pair label) apply; no hardness effect"
A091,A,91,263,0x2d6c97ce77f934778e0b59e6956753dfd,0x70ee59e58bd87a0ac65827c10cbf6d4b4,0,true,Z/4,O_263 (conductor 263; 3 independent criteria),118,131,2,64.3257,true,15.546,60.8090,0.3281,"floor: j of degree 131 over F_2, no tau; unique F_q-rational 263-isogeny goes up to E0; l=11 nbrs A107/A075; l=29 nbrs B097/B025; transport build+2 evals <= 2^15.55 F_q-mult; errata ERR-01 (eval add count 787 vs 788) and ERR-08 (gGHS pair label) apply; no hardness effect"
A092,A,92,263,0x7b3acf77ced527599294559b23f4c36d1,0x42574b08f9dc08ecd2e13d8090ad12b21,0,true,Z/4,O_263 (conductor 263; 3 independent criteria),118,131,2,64.3257,true,15.538,60.8090,-0.7344,"floor: j of degree 131 over F_2, no tau; unique F_q-rational 263-isogeny goes up to E0; l=11 nbrs A108/A076; l=29 nbrs B098/B026; transport build+2 evals <= 2^15.54 F_q-mult; Codex: +2.17% coverage at k=6 (finite constant on a tiny factor base); errata ERR-01 (eval add count 787 vs 788) and ERR-08 (gGHS pair label) apply; no hardness effect"
A093,A,93,263,0x4a330af37079690374a7eee7cc2bdcb0,0x7438ead7f6b216d711dd286006c31aa3e,0,true,Z/4,O_263 (conductor 263; 3 independent criteria),118,131,2,64.3257,true,15.546,60.8090,0.1875,"floor: j of degree 131 over F_2, no tau; unique F_q-rational 263-isogeny goes up to E0; l=11 nbrs A109/A077; l=29 nbrs B099/B027; transport build+2 evals <= 2^15.55 F_q-mult; errata ERR-01 (eval add count 787 vs 788) and ERR-08 (gGHS pair label) apply; no hardness effect"
A094,A,94,263,0x40b3fd377253bf5223d650d4cb8e9a538,0x47a535820bff7b9046dfb62d0ecf7fd8b,0,true,Z/4,O_263 (conductor 263; 3 independent criteria),118,131,2,64.3257,true,15.538,60.8090,0.3828,"floor: j of degree 131 over F_2, no tau; unique F_q-rational 263-isogeny goes up to E0; l=11 nbrs A078/A110; l=29 nbrs B028/B100; transport build+2 evals <= 2^15.54 F_q-mult; errata ERR-01 (eval add count 787 vs 788) and ERR-08 (gGHS pair label) apply; no hardness effect"
A095,A,95,263,0x3117f220042e6292d62dba24e546ffec7,0x3094ecfe37acc53953a51556d0b08b87a,0,true,Z/4,O_263 (conductor 263; 3 independent criteria),118,131,2,64.3257,true,15.578,60.8090,-1.0781,"floor: j of degree 131 over F_2, no tau; unique F_q-rational 263-isogeny goes up to E0; l=11 nbrs A111/A079; l=29 nbrs B101/B029; transport build+2 evals <= 2^15.58 F_q-mult; errata ERR-01 (eval add count 787 vs 788) and ERR-08 (gGHS pair label) apply; no hardness effect"
A096,A,96,263,0x670b1e800378790140e43f1c9d2adfe23,0x3613dae75f27455877c5ff6325ef7002a,0,true,Z/4,O_263 (conductor 263; 3 independent criteria),118,131,2,64.3257,true,15.538,60.8090,0.5313,"floor: j of degree 131 over F_2, no tau; unique F_q-rational 263-isogeny goes up to E0; l=11 nbrs A080/A112; l=29 nbrs B030/B102; transport build+2 evals <= 2^15.54 F_q-mult; errata ERR-01 (eval add count 787 vs 788) and ERR-08 (gGHS pair label) apply; no hardness effect"
A097,A,97,263,0x18c202e3480b95055076949580cf112da,0x67cc5b712def5cd3ed463983f4bbfd1fc,0,true,Z/4,O_263 (conductor 263; 3 independent criteria),118,131,2,64.3257,true,15.538,60.8090,-0.5000,"floor: j of degree 131 over F_2, no tau; unique F_q-rational 263-isogeny goes up to E0; l=11 nbrs A113/A081; l=29 nbrs B031/B103; transport build+2 evals <= 2^15.54 F_q-mult; errata ERR-01 (eval add count 787 vs 788) and ERR-08 (gGHS pair label) apply; no hardness effect"
A098,A,98,263,0x983317d043e0d32e39456a1defb41cca,0x49d06671fce2974f3f7c4b57ac263a037,0,true,Z/4,O_263 (conductor 263; 3 independent criteria),118,131,2,64.3257,true,15.546,60.8090,-0.3438,"floor: j of degree 131 over F_2, no tau; unique F_q-rational 263-isogeny goes up to E0; l=11 nbrs A082/A114; l=29 nbrs B104/B032; transport build+2 evals <= 2^15.55 F_q-mult; errata ERR-01 (eval add count 787 vs 788) and ERR-08 (gGHS pair label) apply; no hardness effect"
A099,A,99,263,0x13d8d077621ed57f14f0611d423a67312,0x629c3e04d9c9920d0562093e9e93e2892,0,true,Z/4,O_263 (conductor 263; 3 independent criteria),118,131,2,64.3257,true,15.562,60.8090,0.4688,"floor: j of degree 131 over F_2, no tau; unique F_q-rational 263-isogeny goes up to E0; l=11 nbrs A115/A083; l=29 nbrs B033/B105; transport build+2 evals <= 2^15.56 F_q-mult; errata ERR-01 (eval add count 787 vs 788) and ERR-08 (gGHS pair label) apply; no hardness effect"
A100,A,100,263,0x4b6029c22b5586c6d82d4d5e6aeac17ea,0x497ecc75314c41f72cd92399ce7c421ed,0,true,Z/4,O_263 (conductor 263; 3 independent criteria),118,131,2,64.3257,true,15.554,60.8090,-0.8672,"floor: j of degree 131 over F_2, no tau; unique F_q-rational 263-isogeny goes up to E0; l=11 nbrs A084/A116; l=29 nbrs B034/B106; transport build+2 evals <= 2^15.55 F_q-mult; errata ERR-01 (eval add count 787 vs 788) and ERR-08 (gGHS pair label) apply; no hardness effect"
A101,A,101,263,0x32b69c016a9d74683bb7faad94df6411b,0x63ded55f267083bb775bb261b518421d6,0,true,Z/4,O_263 (conductor 263; 3 independent criteria),118,131,2,64.3257,true,15.538,60.8090,-0.7188,"floor: j of degree 131 over F_2, no tau; unique F_q-rational 263-isogeny goes up to E0; l=11 nbrs A085/A117; l=29 nbrs B035/B107; transport build+2 evals <= 2^15.54 F_q-mult; errata ERR-01 (eval add count 787 vs 788) and ERR-08 (gGHS pair label) apply; no hardness effect"
A102,A,102,263,0x732af7dad924000bdaeadd7b92f5cf4cb,0x5d316d4b7afaec476c88d203d130e1c73,0,true,Z/4,O_263 (conductor 263; 3 independent criteria),118,131,2,64.3257,true,15.554,60.8090,1.4610,"floor: j of degree 131 over F_2, no tau; unique F_q-rational 263-isogeny goes up to E0; l=11 nbrs A118/A086; l=29 nbrs B108/B036; transport build+2 evals <= 2^15.55 F_q-mult; errata ERR-01 (eval add count 787 vs 788) and ERR-08 (gGHS pair label) apply; no hardness effect"
A103,A,103,263,0x3626abb17952dbf3ccf69f5055557e9a,0x692a771f8f3fa6b2d0fa10aa1f61f4334,0,true,Z/4,O_263 (conductor 263; 3 independent criteria),118,131,2,64.3257,true,15.554,60.8090,0.1641,"floor: j of degree 131 over F_2, no tau; unique F_q-rational 263-isogeny goes up to E0; l=11 nbrs A087/A119; l=29 nbrs B037/B109; transport build+2 evals <= 2^15.55 F_q-mult; errata ERR-01 (eval add count 787 vs 788) and ERR-08 (gGHS pair label) apply; no hardness effect"
A104,A,104,263,0x1032d8788effa4e35f80deeb7b6db542a,0xa9a6abd86871900d7522445f88eb3041,0,true,Z/4,O_263 (conductor 263; 3 independent criteria),118,131,2,64.3257,true,15.562,60.8090,2.0078,"floor: j of degree 131 over F_2, no tau; unique F_q-rational 263-isogeny goes up to E0; l=11 nbrs A120/A088; l=29 nbrs B038/B110; transport build+2 evals <= 2^15.56 F_q-mult; errata ERR-01 (eval add count 787 vs 788) and ERR-08 (gGHS pair label) apply; no hardness effect"
A105,A,105,263,0x1a15226e7d9581c7c25f4145fcf21c4aa,0x2bb98e98beee47dc4dac5c21dde510d9,0,true,Z/4,O_263 (conductor 263; 3 independent criteria),118,131,2,64.3257,true,15.538,60.8090,1.3672,"floor: j of degree 131 over F_2, no tau; unique F_q-rational 263-isogeny goes up to E0; l=11 nbrs A089/A121; l=29 nbrs B111/B039; transport build+2 evals <= 2^15.54 F_q-mult; errata ERR-01 (eval add count 787 vs 788) and ERR-08 (gGHS pair label) apply; no hardness effect"
A106,A,106,263,0xdbd5abe3d3cdf19d02c8eadc10874a7c,0x106ff1a099860bdcc3b55b1e4da480799,0,true,Z/4,O_263 (conductor 263; 3 independent criteria),118,131,2,64.3257,true,15.538,60.8090,0.9844,"floor: j of degree 131 over F_2, no tau; unique F_q-rational 263-isogeny goes up to E0; l=11 nbrs A090/A122; l=29 nbrs B112/B040; transport build+2 evals <= 2^15.54 F_q-mult; IC density max|z|=3.2579 (rand3 k14, z=3.2579); not significant after multiplicity (IC C1); errata ERR-01 (eval add count 787 vs 788) and ERR-08 (gGHS pair label) apply; no hardness effect"
A107,A,107,263,0x4239b43bf9aaf119742a25377c0248d5e,0xb41df04135dbd12d89cc1cd57e12d4f7,0,true,Z/4,O_263 (conductor 263; 3 independent criteria),118,131,2,64.3257,true,15.538,60.8090,0.9531,"floor: j of degree 131 over F_2, no tau; unique F_q-rational 263-isogeny goes up to E0; l=11 nbrs A091/A123; l=29 nbrs B113/B041; transport build+2 evals <= 2^15.54 F_q-mult; errata ERR-01 (eval add count 787 vs 788) and ERR-08 (gGHS pair label) apply; no hardness effect"
A108,A,108,263,0x30682089f6a131b4519caeba124b5d1b3,0x53b2a15d2d4705b05b37fc29b03e5b64d,0,true,Z/4,O_263 (conductor 263; 3 independent criteria),118,131,2,64.3257,true,15.554,60.8090,-0.5391,"floor: j of degree 131 over F_2, no tau; unique F_q-rational 263-isogeny goes up to E0; l=11 nbrs A124/A092; l=29 nbrs B114/B042; transport build+2 evals <= 2^15.55 F_q-mult; errata ERR-01 (eval add count 787 vs 788) and ERR-08 (gGHS pair label) apply; no hardness effect"
A109,A,109,263,0x2304cf846d578288579afd1f725ca668b,0x2b24f66ea95ae86e2f6bf59345edf6bd6,0,true,Z/4,O_263 (conductor 263; 3 independent criteria),118,131,2,64.3257,true,15.538,60.8090,0.2188,"floor: j of degree 131 over F_2, no tau; unique F_q-rational 263-isogeny goes up to E0; l=11 nbrs A093/A125; l=29 nbrs B115/B043; transport build+2 evals <= 2^15.54 F_q-mult; errata ERR-01 (eval add count 787 vs 788) and ERR-08 (gGHS pair label) apply; no hardness effect"
A110,A,110,263,0x696600b3664190a5cf6aabd0d16ec7645,0x3fe369f302d9da1afecabdbe0fd5caa7a,0,true,Z/4,O_263 (conductor 263; 3 independent criteria),118,131,2,64.3257,true,15.538,60.8090,0.6719,"floor: j of degree 131 over F_2, no tau; unique F_q-rational 263-isogeny goes up to E0; l=11 nbrs A126/A094; l=29 nbrs B044/B116; transport build+2 evals <= 2^15.54 F_q-mult; errata ERR-01 (eval add count 787 vs 788) and ERR-08 (gGHS pair label) apply; no hardness effect"
A111,A,111,263,0x1bda9c9c5517e336ccc9f5089e42ec820,0x35111962dbd84377113e28c969a80c3a4,0,true,Z/4,O_263 (conductor 263; 3 independent criteria),118,131,2,64.3257,true,15.538,60.8090,2.0782,"floor: j of degree 131 over F_2, no tau; unique F_q-rational 263-isogeny goes up to E0; l=11 nbrs A095/A127; l=29 nbrs B045/B117; transport build+2 evals <= 2^15.54 F_q-mult; errata ERR-01 (eval add count 787 vs 788) and ERR-08 (gGHS pair label) apply; no hardness effect"
A112,A,112,263,0x5ce179facc278d20bbea5b915c7666ad8,0x66be1b1e0c8ac87b7df12d81a076d24c8,0,true,Z/4,O_263 (conductor 263; 3 independent criteria),118,131,2,64.3257,true,15.570,60.8090,-0.5156,"floor: j of degree 131 over F_2, no tau; unique F_q-rational 263-isogeny goes up to E0; l=11 nbrs A128/A096; l=29 nbrs B118/B046; transport build+2 evals <= 2^15.57 F_q-mult; ground_truth_check explicit Kohel isogeny + order transfer; n=131 Semaev PDP measured (G5): indistinguishable from random dense-b curves; errata ERR-01 (eval add count 787 vs 788) and ERR-08 (gGHS pair label) apply; no hardness effect"
A113,A,113,263,0x2c36591f948851be77643980833b3ca27,0x1c9be51908f70d585373c6ee768481d1f,0,true,Z/4,O_263 (conductor 263; 3 independent criteria),118,131,2,64.3257,true,15.538,60.8090,-0.3906,"floor: j of degree 131 over F_2, no tau; unique F_q-rational 263-isogeny goes up to E0; l=11 nbrs A097/A129; l=29 nbrs B119/B047; transport build+2 evals <= 2^15.54 F_q-mult; errata ERR-01 (eval add count 787 vs 788) and ERR-08 (gGHS pair label) apply; no hardness effect"
A114,A,114,263,0x6b747388f9cf5d159ea3d390ea58a1f43,0xd6388e419fb08df478217c6472aa9a03,0,true,Z/4,O_263 (conductor 263; 3 independent criteria),118,131,2,64.3257,true,15.562,60.8090,-1.1563,"floor: j of degree 131 over F_2, no tau; unique F_q-rational 263-isogeny goes up to E0; l=11 nbrs A098/A130; l=29 nbrs B048/B120; transport build+2 evals <= 2^15.56 F_q-mult; IC density max|z|=3.3454 (rand2 k10, z=3.3454); not significant after multiplicity (IC C1); errata ERR-01 (eval add count 787 vs 788) and ERR-08 (gGHS pair label) apply; no hardness effect"
A115,A,115,263,0xbb693f4967186d645d93306ed2b4a834,0x473b886587d259f1598c51e253c2395b3,0,true,Z/4,O_263 (conductor 263; 3 independent criteria),118,131,2,64.3257,true,15.562,60.8090,-0.9766,"floor: j of degree 131 over F_2, no tau; unique F_q-rational 263-isogeny goes up to E0; l=11 nbrs A000/A099; l=29 nbrs B121/B049; transport build+2 evals <= 2^15.56 F_q-mult; errata ERR-01 (eval add count 787 vs 788) and ERR-08 (gGHS pair label) apply; no hardness effect"
A116,A,116,263,0x53e5b28a8b2147e3ce88c25990da2e870,0x359360a49691c8a9c4c16a28eccc13dda,0,true,Z/4,O_263 (conductor 263; 3 independent criteria),118,131,2,64.3257,true,15.546,60.8090,0.6172,"floor: j of degree 131 over F_2, no tau; unique F_q-rational 263-isogeny goes up to E0; l=11 nbrs A001/A100; l=29 nbrs B122/B050; transport build+2 evals <= 2^15.55 F_q-mult; errata ERR-01 (eval add count 787 vs 788) and ERR-08 (gGHS pair label) apply; no hardness effect"
A117,A,117,263,0x3e750da9a66b87bed2b3684bf08108ddf,0x67a9cb278d47eca3db9edf1d62c3ea42a,0,true,Z/4,O_263 (conductor 263; 3 independent criteria),118,131,2,64.3257,true,15.554,60.8090,-0.7109,"floor: j of degree 131 over F_2, no tau; unique F_q-rational 263-isogeny goes up to E0; l=11 nbrs A101/A002; l=29 nbrs B123/B051; transport build+2 evals <= 2^15.55 F_q-mult; errata ERR-01 (eval add count 787 vs 788) and ERR-08 (gGHS pair label) apply; no hardness effect"
A118,A,118,263,0x2058c6ab167ceeddedcd8ba0d580e09b5,0x1d91fad937e37dd0872eb5940e37f9123,0,true,Z/4,O_263 (conductor 263; 3 independent criteria),118,131,2,64.3257,true,15.538,60.8090,-0.2969,"floor: j of degree 131 over F_2, no tau; unique F_q-rational 263-isogeny goes up to E0; l=11 nbrs A003/A102; l=29 nbrs B052/B124; transport build+2 evals <= 2^15.54 F_q-mult; errata ERR-01 (eval add count 787 vs 788) and ERR-08 (gGHS pair label) apply; no hardness effect"
A119,A,119,263,0x7945fc92759ebbf61a98c0730f0f2ddc7,0x5c7d9e1810ff3dcb66944c37d53c3e765,0,true,Z/4,O_263 (conductor 263; 3 independent criteria),118,131,2,64.3257,true,15.538,60.8090,0.2344,"floor: j of degree 131 over F_2, no tau; unique F_q-rational 263-isogeny goes up to E0; l=11 nbrs A103/A004; l=29 nbrs B125/B053; transport build+2 evals <= 2^15.54 F_q-mult; errata ERR-01 (eval add count 787 vs 788) and ERR-08 (gGHS pair label) apply; no hardness effect"
A120,A,120,263,0x5cea1bc4523db2c83e8995aa5f0028f2,0x2970943988085c950a464102342c27420,0,true,Z/4,O_263 (conductor 263; 3 independent criteria),118,131,2,64.3257,true,15.538,60.8090,1.5156,"floor: j of degree 131 over F_2, no tau; unique F_q-rational 263-isogeny goes up to E0; l=11 nbrs A104/A005; l=29 nbrs B126/B054; transport build+2 evals <= 2^15.54 F_q-mult; errata ERR-01 (eval add count 787 vs 788) and ERR-08 (gGHS pair label) apply; no hardness effect"
A121,A,121,263,0x54ad365ffd48a520e0fa3c642ce63e304,0x7a8fc7068fa065ddd29042d4bc728e400,0,true,Z/4,O_263 (conductor 263; 3 independent criteria),118,131,2,64.3257,true,15.562,60.8090,0.4844,"floor: j of degree 131 over F_2, no tau; unique F_q-rational 263-isogeny goes up to E0; l=11 nbrs A006/A105; l=29 nbrs B055/B127; transport build+2 evals <= 2^15.56 F_q-mult; errata ERR-01 (eval add count 787 vs 788) and ERR-08 (gGHS pair label) apply; no hardness effect"
A122,A,122,263,0x3ff2ae6b678cf901547bb3c7acbf6db99,0x55eac751209601ca8754ed4089ed7c3bf,0,true,Z/4,O_263 (conductor 263; 3 independent criteria),118,131,2,64.3257,true,15.538,60.8090,0.0547,"floor: j of degree 131 over F_2, no tau; unique F_q-rational 263-isogeny goes up to E0; l=11 nbrs A007/A106; l=29 nbrs B056/B128; transport build+2 evals <= 2^15.54 F_q-mult; errata ERR-01 (eval add count 787 vs 788) and ERR-08 (gGHS pair label) apply; no hardness effect"
A123,A,123,263,0x7115137aee1c9fe7cdc5c362509f44cf9,0x3aad5ebb6187af0a2c53cbc9010d36552,0,true,Z/4,O_263 (conductor 263; 3 independent criteria),118,131,2,64.3257,true,15.538,60.8090,-0.8516,"floor: j of degree 131 over F_2, no tau; unique F_q-rational 263-isogeny goes up to E0; l=11 nbrs A008/A107; l=29 nbrs B129/B057; transport build+2 evals <= 2^15.54 F_q-mult; errata ERR-01 (eval add count 787 vs 788) and ERR-08 (gGHS pair label) apply; no hardness effect"
A124,A,124,263,0x135f4fba4b3680ef4b080867d94008d90,0x61aeef6ef85ff4a68818d4d0aa03567ea,0,true,Z/4,O_263 (conductor 263; 3 independent criteria),118,131,2,64.3257,true,15.554,60.8090,0.0781,"floor: j of degree 131 over F_2, no tau; unique F_q-rational 263-isogeny goes up to E0; l=11 nbrs A108/A009; l=29 nbrs B058/B130; transport build+2 evals <= 2^15.55 F_q-mult; errata ERR-01 (eval add count 787 vs 788) and ERR-08 (gGHS pair label) apply; no hardness effect"
A125,A,125,263,0x4e33ad43b605f0fcb6e226db91120f7e0,0xd18ba4b0f46de0f1595b84056b3fcffb,0,true,Z/4,O_263 (conductor 263; 3 independent criteria),118,131,2,64.3257,true,15.546,60.8090,-0.7578,"floor: j of degree 131 over F_2, no tau; unique F_q-rational 263-isogeny goes up to E0; l=11 nbrs A109/A010; l=29 nbrs B000/B059; transport build+2 evals <= 2^15.55 F_q-mult; errata ERR-01 (eval add count 787 vs 788) and ERR-08 (gGHS pair label) apply; no hardness effect"
A126,A,126,263,0x335c2761be2aa524a6cc45ed461645ae9,0x522a0dc6e5a8a3a25617a4db3848460fd,0,true,Z/4,O_263 (conductor 263; 3 independent criteria),118,131,2,64.3257,true,15.546,60.8090,0.2500,"floor: j of degree 131 over F_2, no tau; unique F_q-rational 263-isogeny goes up to E0; l=11 nbrs A011/A110; l=29 nbrs B060/B001; transport build+2 evals <= 2^15.55 F_q-mult; IC density max|z|=3.5352 (rand2 k16, z=3.5352); not significant after multiplicity (IC C1); errata ERR-01 (eval add count 787 vs 788) and ERR-08 (gGHS pair label) apply; no hardness effect"
A127,A,127,263,0x3327e9647cc3cc49b5093bfef8fb697f7,0x7e692af8166d618f5dfcae83e865bcd56,0,true,Z/4,O_263 (conductor 263; 3 independent criteria),118,131,2,64.3257,true,15.554,60.8090,1.9922,"floor: j of degree 131 over F_2, no tau; unique F_q-rational 263-isogeny goes up to E0; l=11 nbrs A111/A012; l=29 nbrs B002/B061; transport build+2 evals <= 2^15.55 F_q-mult; ground_truth_check explicit Kohel isogeny + order transfer; n=131 Semaev PDP measured (G5): indistinguishable from random dense-b curves; errata ERR-01 (eval add count 787 vs 788) and ERR-08 (gGHS pair label) apply; no hardness effect"
A128,A,128,263,0x262369d54adf88f1956760702364e2043,0x455dcf9b6baf55904fcddf7add088312b,0,true,Z/4,O_263 (conductor 263; 3 independent criteria),118,131,2,64.3257,true,15.562,60.8090,-0.7500,"floor: j of degree 131 over F_2, no tau; unique F_q-rational 263-isogeny goes up to E0; l=11 nbrs A112/A013; l=29 nbrs B062/B003; transport build+2 evals <= 2^15.56 F_q-mult; errata ERR-01 (eval add count 787 vs 788) and ERR-08 (gGHS pair label) apply; no hardness effect"
A129,A,129,263,0x28c83c77cfc87affb7bf7c40d68713eeb,0x21efbc6d26559ce29fb0fb16beed8bc74,0,true,Z/4,O_263 (conductor 263; 3 independent criteria),118,131,2,64.3257,true,15.538,60.8090,0.0391,"floor: j of degree 131 over F_2, no tau; unique F_q-rational 263-isogeny goes up to E0; l=11 nbrs A014/A113; l=29 nbrs B004/B063; transport build+2 evals <= 2^15.54 F_q-mult; errata ERR-01 (eval add count 787 vs 788) and ERR-08 (gGHS pair label) apply; no hardness effect"
A130,A,130,263,0x7ec73785652482c526016781d0bf00ffd,0x784c5a04e4248b2f69d9fbad9c33498a8,0,true,Z/4,O_263 (conductor 263; 3 independent criteria),118,131,2,64.3257,true,15.554,60.8090,-0.3594,"floor: j of degree 131 over F_2, no tau; unique F_q-rational 263-isogeny goes up to E0; l=11 nbrs A015/A114; l=29 nbrs B064/B005; transport build+2 evals <= 2^15.55 F_q-mult; sweep's order_4N_preserved flag was vacuous in replay; re-proved with a chosen order-4N point (transport C2 audit); errata ERR-01 (eval add count 787 vs 788) and ERR-08 (gGHS pair label) apply; no hardness effect"
B000,B,0,263,0xb0e0455e0f58166e08e8e6f43c15655,0x15dbca5211d9ba2d338bb55c508f06c69,0,true,Z/4,O_263 (conductor 263; 3 independent criteria),118,131,2,64.3257,true,15.546,60.8090,0.0234,"floor: j of degree 131 over F_2, no tau; unique F_q-rational 263-isogeny goes up to E0; l=11 nbrs B115/B016; l=29 nbrs A066/A125; transport build+2 evals <= 2^15.55 F_q-mult; rho-endomorphisms transfer demo; ground_truth_check explicit Kohel isogeny + order transfer; Phi_263(j,Y) cofactor of degree 263 shown irreducible (explicit; others by Frobenius conjugacy); 263-division polynomial has exactly 131 F_q-roots (uniqueness of the rational 263-line, transport C3 audit); n=131 Semaev PDP measured (G5): indistinguishable from random dense-b curves; errata ERR-01 (eval add count 787 vs 788) and ERR-08 (gGHS pair label) apply; no hardness effect"
B001,B,1,263,0x5403a7061801e5febc4d1206fcd44bc9f,0xae83df036e8fb794a59398cb5e86a119,0,true,Z/4,O_263 (conductor 263; 3 independent criteria),118,131,2,64.3257,true,15.562,60.8090,0.3516,"floor: j of degree 131 over F_2, no tau; unique F_q-rational 263-isogeny goes up to E0; l=11 nbrs B116/B017; l=29 nbrs A126/A067; transport build+2 evals <= 2^15.56 F_q-mult; errata ERR-01 (eval add count 787 vs 788) and ERR-08 (gGHS pair label) apply; no hardness effect"
B002,B,2,263,0x3be05420e89301cd5885440809fc50f52,0x12ea4ec43439524172de0ad354a6c5941,0,true,Z/4,O_263 (conductor 263; 3 independent criteria),118,131,2,64.3257,true,15.538,60.8090,-0.2266,"floor: j of degree 131 over F_2, no tau; unique F_q-rational 263-isogeny goes up to E0; l=11 nbrs B018/B117; l=29 nbrs A068/A127; transport build+2 evals <= 2^15.54 F_q-mult; errata ERR-01 (eval add count 787 vs 788) and ERR-08 (gGHS pair label) apply; no hardness effect"
B003,B,3,263,0x74b15d55eee029134fd79b37441932a84,0x4b6f4aedf31a71f526b4308aeb2db1361,0,true,Z/4,O_263 (conductor 263; 3 independent criteria),118,131,2,64.3257,true,15.546,60.8090,0.9141,"floor: j of degree 131 over F_2, no tau; unique F_q-rational 263-isogeny goes up to E0; l=11 nbrs B118/B019; l=29 nbrs A128/A069; transport build+2 evals <= 2^15.55 F_q-mult; errata ERR-01 (eval add count 787 vs 788) and ERR-08 (gGHS pair label) apply; no hardness effect"
B004,B,4,263,0x42f6e30ebd7aeaa94f5b4d002b9e1f6c1,0x67e7ce47a6ab0a6952374decd34902208,0,true,Z/4,O_263 (conductor 263; 3 independent criteria),118,131,2,64.3257,true,15.578,60.8090,0.7266,"floor: j of degree 131 over F_2, no tau; unique F_q-rational 263-isogeny goes up to E0; l=11 nbrs B020/B119; l=29 nbrs A070/A129; transport build+2 evals <= 2^15.58 F_q-mult; errata ERR-01 (eval add count 787 vs 788) and ERR-08 (gGHS pair label) apply; no hardness effect"
B005,B,5,263,0x702f578b1d33120fb46bd5ea5feabf0e6,0x1d905d916248f4d5b99bffb706fccae9f,0,true,Z/4,O_263 (conductor 263; 3 independent criteria),118,131,2,64.3257,true,15.554,60.8090,0.0078,"floor: j of degree 131 over F_2, no tau; unique F_q-rational 263-isogeny goes up to E0; l=11 nbrs B021/B120; l=29 nbrs A071/A130; transport build+2 evals <= 2^15.55 F_q-mult; errata ERR-01 (eval add count 787 vs 788) and ERR-08 (gGHS pair label) apply; no hardness effect"
B006,B,6,263,0x6143b46afd187a3597a32335b68574cb,0x9399e01e8799a5fdd6da3c246e32acd5,0,true,Z/4,O_263 (conductor 263; 3 independent criteria),118,131,2,64.3257,true,15.546,60.8090,1.7657,"floor: j of degree 131 over F_2, no tau; unique F_q-rational 263-isogeny goes up to E0; l=11 nbrs B121/B022; l=29 nbrs A000/A072; transport build+2 evals <= 2^15.55 F_q-mult; errata ERR-01 (eval add count 787 vs 788) and ERR-08 (gGHS pair label) apply; no hardness effect"
B007,B,7,263,0x148d5bf121f3a19ffb447a09c085ed31d,0x57cf20cccd0d555c5f95c58ccda8fc4a7,0,true,Z/4,O_263 (conductor 263; 3 independent criteria),118,131,2,64.3257,true,15.538,60.8090,1.0391,"floor: j of degree 131 over F_2, no tau; unique F_q-rational 263-isogeny goes up to E0; l=11 nbrs B122/B023; l=29 nbrs A001/A073; transport build+2 evals <= 2^15.54 F_q-mult; errata ERR-01 (eval add count 787 vs 788) and ERR-08 (gGHS pair label) apply; no hardness effect"
B008,B,8,263,0x4aa6c63eecb5131b6d480620ad49997bf,0x2f9433432d037272266e032fffaaf89aa,0,true,Z/4,O_263 (conductor 263; 3 independent criteria),118,131,2,64.3257,true,15.538,60.8090,-0.5469,"floor: j of degree 131 over F_2, no tau; unique F_q-rational 263-isogeny goes up to E0; l=11 nbrs B123/B024; l=29 nbrs A074/A002; transport build+2 evals <= 2^15.54 F_q-mult; errata ERR-01 (eval add count 787 vs 788) and ERR-08 (gGHS pair label) apply; no hardness effect"
B009,B,9,263,0x37afa8de60cd604b0f36f2bb5a66586d2,0x2a50cae17267e4772e3b0132877996912,0,true,Z/4,O_263 (conductor 263; 3 independent criteria),118,131,2,64.3257,true,15.546,60.8090,0.3438,"floor: j of degree 131 over F_2, no tau; unique F_q-rational 263-isogeny goes up to E0; l=11 nbrs B025/B124; l=29 nbrs A003/A075; transport build+2 evals <= 2^15.55 F_q-mult; errata ERR-01 (eval add count 787 vs 788) and ERR-08 (gGHS pair label) apply; no hardness effect"
B010,B,10,263,0x6290bb00ff923c09d856672fc815f27d2,0x7ab8ae4276ab4d0bd26cd9c54ce5c228a,0,true,Z/4,O_263 (conductor 263; 3 independent criteria),118,131,2,64.3257,true,15.538,60.8090,-0.6563,"floor: j of degree 131 over F_2, no tau; unique F_q-rational 263-isogeny goes up to E0; l=11 nbrs B125/B026; l=29 nbrs A076/A004; transport build+2 evals <= 2^15.54 F_q-mult; errata ERR-01 (eval add count 787 vs 788) and ERR-08 (gGHS pair label) apply; no hardness effect"
B011,B,11,263,0x5c7a8e13b4e6500301149e79652507fdb,0x54aae193ab4ce46cc2cfbeb7a32a56e7b,0,true,Z/4,O_263 (conductor 263; 3 independent criteria),118,131,2,64.3257,true,15.554,60.8090,0.6016,"floor: j of degree 131 over F_2, no tau; unique F_q-rational 263-isogeny goes up to E0; l=11 nbrs B126/B027; l=29 nbrs A005/A077; transport build+2 evals <= 2^15.55 F_q-mult; errata ERR-01 (eval add count 787 vs 788) and ERR-08 (gGHS pair label) apply; no hardness effect"
B012,B,12,263,0x6821d4aa96580b60e2f61d88ef454497a,0x7fb7abef5d088e70bff2b2264ca09f8cc,0,true,Z/4,O_263 (conductor 263; 3 independent criteria),118,131,2,64.3257,true,15.538,60.8090,1.6094,"floor: j of degree 131 over F_2, no tau; unique F_q-rational 263-isogeny goes up to E0; l=11 nbrs B028/B127; l=29 nbrs A006/A078; transport build+2 evals <= 2^15.54 F_q-mult; errata ERR-01 (eval add count 787 vs 788) and ERR-08 (gGHS pair label) apply; no hardness effect"
B013,B,13,263,0x1ac53d096ae6affbcfd9ec8047a69c395,0x5145b780bee05e43a87a5392935996539,0,true,Z/4,O_263 (conductor 263; 3 independent criteria),118,131,2,64.3257,true,15.546,60.8090,0.7891,"floor: j of degree 131 over F_2, no tau; unique F_q-rational 263-isogeny goes up to E0; l=11 nbrs B128/B029; l=29 nbrs A007/A079; transport build+2 evals <= 2^15.55 F_q-mult; errata ERR-01 (eval add count 787 vs 788) and ERR-08 (gGHS pair label) apply; no hardness effect"
B014,B,14,263,0x1cea35af307a469ecfea088afb0511929,0x6e0be5e9f6818112b00a4841f809a1d9e,0,true,Z/4,O_263 (conductor 263; 3 independent criteria),118,131,2,64.3257,true,15.570,60.8090,0.2578,"floor: j of degree 131 over F_2, no tau; unique F_q-rational 263-isogeny goes up to E0; l=11 nbrs B129/B030; l=29 nbrs A008/A080; transport build+2 evals <= 2^15.57 F_q-mult; IC density max|z|=3.3454 (rand3 k10, z=-3.3454); not significant after multiplicity (IC C1); errata ERR-01 (eval add count 787 vs 788) and ERR-08 (gGHS pair label) apply; no hardness effect"
B015,B,15,263,0x1d271ebc63fcfe536701d0ade09bd92af,0xb4952f009fc0edd12dbd419804e5f43d,0,true,Z/4,O_263 (conductor 263; 3 independent criteria),118,131,2,64.3257,true,15.546,60.8090,0.7500,"floor: j of degree 131 over F_2, no tau; unique F_q-rational 263-isogeny goes up to E0; l=11 nbrs B031/B130; l=29 nbrs A009/A081; transport build+2 evals <= 2^15.55 F_q-mult; errata ERR-01 (eval add count 787 vs 788) and ERR-08 (gGHS pair label) apply; no hardness effect"
B016,B,16,263,0xd3b78960c0bf574cd6554634508be463,0x57e3b39aea7b420456d85034025e6935f,0,true,Z/4,O_263 (conductor 263; 3 independent criteria),118,131,2,64.3257,true,15.546,60.8090,0.1953,"floor: j of degree 131 over F_2, no tau; unique F_q-rational 263-isogeny goes up to E0; l=11 nbrs B000/B032; l=29 nbrs A082/A010; transport build+2 evals <= 2^15.55 F_q-mult; errata ERR-01 (eval add count 787 vs 788) and ERR-08 (gGHS pair label) apply; no hardness effect"
B017,B,17,263,0x472e31f7d4c7ce9d026152f546eb93aeb,0x2a911d75f664c9aa5ea884f6a43d404ea,0,true,Z/4,O_263 (conductor 263; 3 independent criteria),118,131,2,64.3257,true,15.554,60.8090,-0.2500,"floor: j of degree 131 over F_2, no tau; unique F_q-rational 263-isogeny goes up to E0; l=11 nbrs B033/B001; l=29 nbrs A083/A011; transport build+2 evals <= 2^15.55 F_q-mult; errata ERR-01 (eval add count 787 vs 788) and ERR-08 (gGHS pair label) apply; no hardness effect"
B018,B,18,263,0x21827a09730d53807ba37094634b9da94,0x3ebf8a5e492fd2ec12dc99e23299fe124,0,true,Z/4,O_263 (conductor 263; 3 independent criteria),118,131,2,64.3257,true,15.546,60.8090,-1.0703,"floor: j of degree 131 over F_2, no tau; unique F_q-rational 263-isogeny goes up to E0; l=11 nbrs B034/B002; l=29 nbrs A084/A012; transport build+2 evals <= 2^15.55 F_q-mult; errata ERR-01 (eval add count 787 vs 788) and ERR-08 (gGHS pair label) apply; no hardness effect"
B019,B,19,263,0x3c58c53885ac57ced673437bab25c0f1e,0x344bf04093f8a908f2df7b012e6a1ff46,0,true,Z/4,O_263 (conductor 263; 3 independent criteria),118,131,2,64.3257,true,15.546,60.8090,-2.0703,"floor: j of degree 131 over F_2, no tau; unique F_q-rational 263-isogeny goes up to E0; l=11 nbrs B035/B003; l=29 nbrs A085/A013; transport build+2 evals <= 2^15.55 F_q-mult; IC density max|z|=4.1573 (canon k12, z=-4.1573); not significant after multiplicity (IC C1); lowest canonical z of the class (-4.16 at k=12, nested -3.36 at k=14); P(min<=obs)=0.017, not significant family-wise; errata ERR-01 (eval add count 787 vs 788) and ERR-08 (gGHS pair label) apply; no hardness effect"
B020,B,20,263,0x2071a9d621ef71d395a9fe30bac0779ba,0x62b4a3a40650f0529e2400d3eece5659a,0,true,Z/4,O_263 (conductor 263; 3 independent criteria),118,131,2,64.3257,true,15.546,60.8090,1.5938,"floor: j of degree 131 over F_2, no tau; unique F_q-rational 263-isogeny goes up to E0; l=11 nbrs B004/B036; l=29 nbrs A014/A086; transport build+2 evals <= 2^15.55 F_q-mult; errata ERR-01 (eval add count 787 vs 788) and ERR-08 (gGHS pair label) apply; no hardness effect"
B021,B,21,263,0x2c54c308ba883fdc395d1e17d31c2a81c,0x5c3fe6e2e934a8b041ddfe024314ef4f5,0,true,Z/4,O_263 (conductor 263; 3 independent criteria),118,131,2,64.3257,true,15.546,60.8090,-0.1719,"floor: j of degree 131 over F_2, no tau; unique F_q-rational 263-isogeny goes up to E0; l=11 nbrs B037/B005; l=29 nbrs A087/A015; transport build+2 evals <= 2^15.55 F_q-mult; ground_truth_check explicit Kohel isogeny + order transfer; Codex run-04 explicit 263-map (reproduced by codex-crosscheck C4); Phi_263(j,Y) cofactor of degree 263 shown irreducible (explicit; others by Frobenius conjugacy); errata ERR-01 (eval add count 787 vs 788) and ERR-08 (gGHS pair label) apply; no hardness effect"
B022,B,22,263,0x6b35eff235660387b5fb97d525413d988,0x6c207545189a4d6a1a9a36f6ef83e6e40,0,true,Z/4,O_263 (conductor 263; 3 independent criteria),118,131,2,64.3257,true,15.546,60.8090,0.3828,"floor: j of degree 131 over F_2, no tau; unique F_q-rational 263-isogeny goes up to E0; l=11 nbrs B006/B038; l=29 nbrs A088/A016; transport build+2 evals <= 2^15.55 F_q-mult; errata ERR-01 (eval add count 787 vs 788) and ERR-08 (gGHS pair label) apply; no hardness effect"
B023,B,23,263,0x4be737ac1f41466c32fad8c9053081bf1,0x4e242904c3aff1fb588689f9e72ecbd5f,0,true,Z/4,O_263 (conductor 263; 3 independent criteria),118,131,2,64.3257,true,15.538,60.8090,-1.4531,"floor: j of degree 131 over F_2, no tau; unique F_q-rational 263-isogeny goes up to E0; l=11 nbrs B007/B039; l=29 nbrs A017/A089; transport build+2 evals <= 2^15.54 F_q-mult; Codex: +4.17% coverage at k=4 random (finite constant on a tiny factor base); errata ERR-01 (eval add count 787 vs 788) and ERR-08 (gGHS pair label) apply; no hardness effect"
B024,B,24,263,0x66f54dd673c4bf254846f40fe5c8cbbe8,0x765838b47f9f40f77070ab500719552ea,0,true,Z/4,O_263 (conductor 263; 3 independent criteria),118,131,2,64.3257,true,15.578,60.8090,1.9063,"floor: j of degree 131 over F_2, no tau; unique F_q-rational 263-isogeny goes up to E0; l=11 nbrs B008/B040; l=29 nbrs A018/A090; transport build+2 evals <= 2^15.58 F_q-mult; errata ERR-01 (eval add count 787 vs 788) and ERR-08 (gGHS pair label) apply; no hardness effect"
B025,B,25,263,0x499e13bfe6286eccc32475b3f0123cc9f,0x289bcd46096a3b58450dd47e44342c9b,0,true,Z/4,O_263 (conductor 263; 3 independent criteria),118,131,2,64.3257,true,15.538,60.8090,0.5156,"floor: j of degree 131 over F_2, no tau; unique F_q-rational 263-isogeny goes up to E0; l=11 nbrs B009/B041; l=29 nbrs A019/A091; transport build+2 evals <= 2^15.54 F_q-mult; errata ERR-01 (eval add count 787 vs 788) and ERR-08 (gGHS pair label) apply; no hardness effect"
B026,B,26,263,0x3388cc180e74b00509c82ed59a5a32f84,0x112ac2dcb4366ab589479f8be934e6f93,0,true,Z/4,O_263 (conductor 263; 3 independent criteria),118,131,2,64.3257,true,15.554,60.8090,0.0469,"floor: j of degree 131 over F_2, no tau; unique F_q-rational 263-isogeny goes up to E0; l=11 nbrs B042/B010; l=29 nbrs A020/A092; transport build+2 evals <= 2^15.55 F_q-mult; errata ERR-01 (eval add count 787 vs 788) and ERR-08 (gGHS pair label) apply; no hardness effect"
B027,B,27,263,0x6230939726751c81125dd3e3e6441037e,0x4b0e2eee613b7872f3b562cc8bbbb2c5d,0,true,Z/4,O_263 (conductor 263; 3 independent criteria),118,131,2,64.3257,true,15.546,60.8090,1.9688,"floor: j of degree 131 over F_2, no tau; unique F_q-rational 263-isogeny goes up to E0; l=11 nbrs B011/B043; l=29 nbrs A093/A021; transport build+2 evals <= 2^15.55 F_q-mult; errata ERR-01 (eval add count 787 vs 788) and ERR-08 (gGHS pair label) apply; no hardness effect"
B028,B,28,263,0x49393357ce258f867cdd97ba0d77943bd,0x73f7535c6e0b5b5c9d0b24b2809486a0e,0,true,Z/4,O_263 (conductor 263; 3 independent criteria),118,131,2,64.3257,true,15.538,60.8090,-1.5860,"floor: j of degree 131 over F_2, no tau; unique F_q-rational 263-isogeny goes up to E0; l=11 nbrs B044/B012; l=29 nbrs A022/A094; transport build+2 evals <= 2^15.54 F_q-mult; errata ERR-01 (eval add count 787 vs 788) and ERR-08 (gGHS pair label) apply; no hardness effect"
B029,B,29,263,0x77db61db6327ee80674d39acc24091038,0x166016c7eb66b831db4d56e3a8b3b83e5,0,true,Z/4,O_263 (conductor 263; 3 independent criteria),118,131,2,64.3257,true,15.554,60.8090,1.0313,"floor: j of degree 131 over F_2, no tau; unique F_q-rational 263-isogeny goes up to E0; l=11 nbrs B013/B045; l=29 nbrs A023/A095; transport build+2 evals <= 2^15.55 F_q-mult; errata ERR-01 (eval add count 787 vs 788) and ERR-08 (gGHS pair label) apply; no hardness effect"
B030,B,30,263,0x43d52da6d8486db299726dc45b5e910ff,0x1f89dd540b9b75905ab799dfe0c123771,0,true,Z/4,O_263 (conductor 263; 3 independent criteria),118,131,2,64.3257,true,15.546,60.8090,0.3281,"floor: j of degree 131 over F_2, no tau; unique F_q-rational 263-isogeny goes up to E0; l=11 nbrs B014/B046; l=29 nbrs A024/A096; transport build+2 evals <= 2^15.55 F_q-mult; errata ERR-01 (eval add count 787 vs 788) and ERR-08 (gGHS pair label) apply; no hardness effect"
B031,B,31,263,0x20607fbb2f7dad8a7dc1f3d09a2ca6ee4,0x4901868d3d3ffba413e1c8e2c6fd8f659,0,true,Z/4,O_263 (conductor 263; 3 independent criteria),118,131,2,64.3257,true,15.546,60.8090,0.4375,"floor: j of degree 131 over F_2, no tau; unique F_q-rational 263-isogeny goes up to E0; l=11 nbrs B015/B047; l=29 nbrs A097/A025; transport build+2 evals <= 2^15.55 F_q-mult; errata ERR-01 (eval add count 787 vs 788) and ERR-08 (gGHS pair label) apply; no hardness effect"
B032,B,32,263,0x6815dd40d451e4a76a42c17daa3dc219e,0x33db101d94ca827f757e351001f0b87a6,0,true,Z/4,O_263 (conductor 263; 3 independent criteria),118,131,2,64.3257,true,15.538,60.8090,-0.5547,"floor: j of degree 131 over F_2, no tau; unique F_q-rational 263-isogeny goes up to E0; l=11 nbrs B016/B048; l=29 nbrs A098/A026; transport build+2 evals <= 2^15.54 F_q-mult; errata ERR-01 (eval add count 787 vs 788) and ERR-08 (gGHS pair label) apply; no hardness effect"
B033,B,33,263,0x1f855afc297fa1532ee0ee1c49b2a9add,0x337578b65f444d299ae723bed169c1cf4,0,true,Z/4,O_263 (conductor 263; 3 independent criteria),118,131,2,64.3257,true,15.554,60.8090,-0.4219,"floor: j of degree 131 over F_2, no tau; unique F_q-rational 263-isogeny goes up to E0; l=11 nbrs B017/B049; l=29 nbrs A099/A027; transport build+2 evals <= 2^15.55 F_q-mult; errata ERR-01 (eval add count 787 vs 788) and ERR-08 (gGHS pair label) apply; no hardness effect"
B034,B,34,263,0x181484babdaf41717acfd411b85abf167,0x6737d2ee8492e7c8b943a0e1a26e6a046,0,true,Z/4,O_263 (conductor 263; 3 independent criteria),118,131,2,64.3257,true,15.546,60.8090,-0.8672,"floor: j of degree 131 over F_2, no tau; unique F_q-rational 263-isogeny goes up to E0; l=11 nbrs B018/B050; l=29 nbrs A028/A100; transport build+2 evals <= 2^15.55 F_q-mult; errata ERR-01 (eval add count 787 vs 788) and ERR-08 (gGHS pair label) apply; no hardness effect"
B035,B,35,263,0x59811bb280b2b4fbb079eb12f01fc379b,0x4d8262c03b2b0b4bd0e3de7f489167e1d,0,true,Z/4,O_263 (conductor 263; 3 independent criteria),118,131,2,64.3257,true,15.538,60.8090,0.5547,"floor: j of degree 131 over F_2, no tau; unique F_q-rational 263-isogeny goes up to E0; l=11 nbrs B019/B051; l=29 nbrs A101/A029; transport build+2 evals <= 2^15.54 F_q-mult; errata ERR-01 (eval add count 787 vs 788) and ERR-08 (gGHS pair label) apply; no hardness effect"
B036,B,36,263,0x6d8c944a18a4b67ec142b22aa3f21017a,0x2369c56cd97a340070a36bb606e2a62d8,0,true,Z/4,O_263 (conductor 263; 3 independent criteria),118,131,2,64.3257,true,15.562,60.8090,-1.6250,"floor: j of degree 131 over F_2, no tau; unique F_q-rational 263-isogeny goes up to E0; l=11 nbrs B052/B020; l=29 nbrs A030/A102; transport build+2 evals <= 2^15.56 F_q-mult; errata ERR-01 (eval add count 787 vs 788) and ERR-08 (gGHS pair label) apply; no hardness effect"
B037,B,37,263,0xb689363dab1a7ac5cd2f9e6a3998162d,0x2d22cfd861ae9e73299a94b877a445f40,0,true,Z/4,O_263 (conductor 263; 3 independent criteria),118,131,2,64.3257,true,15.538,60.8090,-0.4297,"floor: j of degree 131 over F_2, no tau; unique F_q-rational 263-isogeny goes up to E0; l=11 nbrs B021/B053; l=29 nbrs A103/A031; transport build+2 evals <= 2^15.54 F_q-mult; errata ERR-01 (eval add count 787 vs 788) and ERR-08 (gGHS pair label) apply; no hardness effect"
B038,B,38,263,0x53a3db879f22cd203caff31ce9d0bb2b1,0x3e7b386a26013c81d84cea0f890897db8,0,true,Z/4,O_263 (conductor 263; 3 independent criteria),118,131,2,64.3257,true,15.538,60.8090,1.5156,"floor: j of degree 131 over F_2, no tau; unique F_q-rational 263-isogeny goes up to E0; l=11 nbrs B054/B022; l=29 nbrs A104/A032; transport build+2 evals <= 2^15.54 F_q-mult; errata ERR-01 (eval add count 787 vs 788) and ERR-08 (gGHS pair label) apply; no hardness effect"
B039,B,39,263,0x6a30a9316de0c58588423c2b762f79e88,0x240891e374d1dfe93cc8455e3433948c0,0,true,Z/4,O_263 (conductor 263; 3 independent criteria),118,131,2,64.3257,true,15.546,60.8090,-0.2344,"floor: j of degree 131 over F_2, no tau; unique F_q-rational 263-isogeny goes up to E0; l=11 nbrs B055/B023; l=29 nbrs A105/A033; transport build+2 evals <= 2^15.55 F_q-mult; IC density max|z|=3.0548 (rand3 k14, z=-3.0548); not significant after multiplicity (IC C1); errata ERR-01 (eval add count 787 vs 788) and ERR-08 (gGHS pair label) apply; no hardness effect"
B040,B,40,263,0x5ef92753afce374bdf2d095664e8d1871,0x6df517c2da1d083293a36a0c29450e6d8,0,true,Z/4,O_263 (conductor 263; 3 independent criteria),118,131,2,64.3257,true,15.554,60.8090,-1.1641,"floor: j of degree 131 over F_2, no tau; unique F_q-rational 263-isogeny goes up to E0; l=11 nbrs B056/B024; l=29 nbrs A106/A034; transport build+2 evals <= 2^15.55 F_q-mult; errata ERR-01 (eval add count 787 vs 788) and ERR-08 (gGHS pair label) apply; no hardness effect"
B041,B,41,263,0x6d5b519b7886ae61ae45261862c2e3506,0x1e7d56fa1e94716a29fd4c6e079432427,0,true,Z/4,O_263 (conductor 263; 3 independent criteria),118,131,2,64.3257,true,15.538,60.8090,0.0469,"floor: j of degree 131 over F_2, no tau; unique F_q-rational 263-isogeny goes up to E0; l=11 nbrs B025/B057; l=29 nbrs A035/A107; transport build+2 evals <= 2^15.54 F_q-mult; IC density max|z|=3.1055 (rand2 k16, z=-3.1055); not significant after multiplicity (IC C1); errata ERR-01 (eval add count 787 vs 788) and ERR-08 (gGHS pair label) apply; no hardness effect"
B042,B,42,263,0x5a7ea8e6ff1cdce785c3918bfe1dc9613,0x4c19c43afe8b10ad1c4b9aa0c35f8fcc3,0,true,Z/4,O_263 (conductor 263; 3 independent criteria),118,131,2,64.3257,true,15.538,60.8090,0.2656,"floor: j of degree 131 over F_2, no tau; unique F_q-rational 263-isogeny goes up to E0; l=11 nbrs B026/B058; l=29 nbrs A108/A036; transport build+2 evals <= 2^15.54 F_q-mult; errata ERR-01 (eval add count 787 vs 788) and ERR-08 (gGHS pair label) apply; no hardness effect"
B043,B,43,263,0x69f8c41fbe9249db40420c227c660d734,0x76315ddd75f560eb451bd6a21a52afe3a,0,true,Z/4,O_263 (conductor 263; 3 independent criteria),118,131,2,64.3257,true,15.554,60.8090,0.1875,"floor: j of degree 131 over F_2, no tau; unique F_q-rational 263-isogeny goes up to E0; l=11 nbrs B059/B027; l=29 nbrs A109/A037; transport build+2 evals <= 2^15.55 F_q-mult; errata ERR-01 (eval add count 787 vs 788) and ERR-08 (gGHS pair label) apply; no hardness effect"
B044,B,44,263,0xedc41c765b51c41f01bcb68b2d938899,0x5688660fa87d686a97e803aa88524ab9b,0,true,Z/4,O_263 (conductor 263; 3 independent criteria),118,131,2,64.3257,true,15.570,60.8090,-0.7266,"floor: j of degree 131 over F_2, no tau; unique F_q-rational 263-isogeny goes up to E0; l=11 nbrs B060/B028; l=29 nbrs A038/A110; transport build+2 evals <= 2^15.57 F_q-mult; errata ERR-01 (eval add count 787 vs 788) and ERR-08 (gGHS pair label) apply; no hardness effect"
B045,B,45,263,0x470f7d35b05961d6d9ece2aa5d64e4141,0x6f9ec285d8991601bad5803fdac48a14c,0,true,Z/4,O_263 (conductor 263; 3 independent criteria),118,131,2,64.3257,true,15.538,60.8090,1.3438,"floor: j of degree 131 over F_2, no tau; unique F_q-rational 263-isogeny goes up to E0; l=11 nbrs B061/B029; l=29 nbrs A111/A039; transport build+2 evals <= 2^15.54 F_q-mult; errata ERR-01 (eval add count 787 vs 788) and ERR-08 (gGHS pair label) apply; no hardness effect"
B046,B,46,263,0x34d60307d46e23eca741e98bcd587e586,0x5f45884e703f81e86996cccf0a8c14659,0,true,Z/4,O_263 (conductor 263; 3 independent criteria),118,131,2,64.3257,true,15.562,60.8090,-0.6563,"floor: j of degree 131 over F_2, no tau; unique F_q-rational 263-isogeny goes up to E0; l=11 nbrs B030/B062; l=29 nbrs A040/A112; transport build+2 evals <= 2^15.56 F_q-mult; errata ERR-01 (eval add count 787 vs 788) and ERR-08 (gGHS pair label) apply; no hardness effect"
B047,B,47,263,0x63f76ecc042750c46ee4ce5838654fb94,0x6d46a1b88290e348d3116055c40d4b21e,0,true,Z/4,O_263 (conductor 263; 3 independent criteria),118,131,2,64.3257,true,15.546,60.8090,-0.6016,"floor: j of degree 131 over F_2, no tau; unique F_q-rational 263-isogeny goes up to E0; l=11 nbrs B031/B063; l=29 nbrs A113/A041; transport build+2 evals <= 2^15.55 F_q-mult; errata ERR-01 (eval add count 787 vs 788) and ERR-08 (gGHS pair label) apply; no hardness effect"
B048,B,48,263,0x483552c6ca0e776455e43d87ff4735917,0xf3be1caa95cb497917b9e131862e6fbd,0,true,Z/4,O_263 (conductor 263; 3 independent criteria),118,131,2,64.3257,true,15.570,60.8090,1.1719,"floor: j of degree 131 over F_2, no tau; unique F_q-rational 263-isogeny goes up to E0; l=11 nbrs B064/B032; l=29 nbrs A042/A114; transport build+2 evals <= 2^15.57 F_q-mult; errata ERR-01 (eval add count 787 vs 788) and ERR-08 (gGHS pair label) apply; no hardness effect"
B049,B,49,263,0x73d133afaf2a759f36fc074dc2d68d7fc,0x521634e1195c62fbebdbbc62e7e3de8df,0,true,Z/4,O_263 (conductor 263; 3 independent criteria),118,131,2,64.3257,true,15.538,60.8090,-0.0156,"floor: j of degree 131 over F_2, no tau; unique F_q-rational 263-isogeny goes up to E0; l=11 nbrs B033/B065; l=29 nbrs A115/A043; transport build+2 evals <= 2^15.54 F_q-mult; errata ERR-01 (eval add count 787 vs 788) and ERR-08 (gGHS pair label) apply; no hardness effect"
B050,B,50,263,0x53307a4f6671ef55fa022fb883bc9d5b9,0x2a281bc876e2581b088fa834d83f0118a,0,true,Z/4,O_263 (conductor 263; 3 independent criteria),118,131,2,64.3257,true,15.538,60.8090,-0.4531,"floor: j of degree 131 over F_2, no tau; unique F_q-rational 263-isogeny goes up to E0; l=11 nbrs B034/B066; l=29 nbrs A044/A116; transport build+2 evals <= 2^15.54 F_q-mult; errata ERR-01 (eval add count 787 vs 788) and ERR-08 (gGHS pair label) apply; no hardness effect"
B051,B,51,263,0x7b36331194f9f257ddccd61c0a12ab01e,0x3eac3e851da537c0d7da0938edc51d5ca,0,true,Z/4,O_263 (conductor 263; 3 independent criteria),118,131,2,64.3257,true,15.538,60.8090,-1.6094,"floor: j of degree 131 over F_2, no tau; unique F_q-rational 263-isogeny goes up to E0; l=11 nbrs B067/B035; l=29 nbrs A045/A117; transport build+2 evals <= 2^15.54 F_q-mult; errata ERR-01 (eval add count 787 vs 788) and ERR-08 (gGHS pair label) apply; no hardness effect"
B052,B,52,263,0x1e6329c67364b499ff310881638ff96b,0x351aae75214f94bf197cf8bb77c135d24,0,true,Z/4,O_263 (conductor 263; 3 independent criteria),118,131,2,64.3257,true,15.554,60.8090,-0.2109,"floor: j of degree 131 over F_2, no tau; unique F_q-rational 263-isogeny goes up to E0; l=11 nbrs B068/B036; l=29 nbrs A118/A046; transport build+2 evals <= 2^15.55 F_q-mult; errata ERR-01 (eval add count 787 vs 788) and ERR-08 (gGHS pair label) apply; no hardness effect"
B053,B,53,263,0x405d09c9366b8c6588d366ccf2f2a2c9d,0x62ae49abea18c3bf2d4eb301cea6f5cc8,0,true,Z/4,O_263 (conductor 263; 3 independent criteria),118,131,2,64.3257,true,15.554,60.8090,-0.0313,"floor: j of degree 131 over F_2, no tau; unique F_q-rational 263-isogeny goes up to E0; l=11 nbrs B037/B069; l=29 nbrs A047/A119; transport build+2 evals <= 2^15.55 F_q-mult; errata ERR-01 (eval add count 787 vs 788) and ERR-08 (gGHS pair label) apply; no hardness effect"
B054,B,54,263,0x6051bd2f16d827ce638cdbe5c6318d78e,0xc3fba0ce2cceeb15eac58c76061f5329,0,true,Z/4,O_263 (conductor 263; 3 independent criteria),118,131,2,64.3257,true,15.546,60.8090,-0.1094,"floor: j of degree 131 over F_2, no tau; unique F_q-rational 263-isogeny goes up to E0; l=11 nbrs B070/B038; l=29 nbrs A120/A048; transport build+2 evals <= 2^15.55 F_q-mult; errata ERR-01 (eval add count 787 vs 788) and ERR-08 (gGHS pair label) apply; no hardness effect"
B055,B,55,263,0x1c14ba5ce02e3a061bcb3c9169c5323dd,0x17712105a1a917330c2e36631b0bf2477,0,true,Z/4,O_263 (conductor 263; 3 independent criteria),118,131,2,64.3257,true,15.554,60.8090,0.9922,"floor: j of degree 131 over F_2, no tau; unique F_q-rational 263-isogeny goes up to E0; l=11 nbrs B071/B039; l=29 nbrs A049/A121; transport build+2 evals <= 2^15.55 F_q-mult; errata ERR-01 (eval add count 787 vs 788) and ERR-08 (gGHS pair label) apply; no hardness effect"
B056,B,56,263,0x19711be2e4e8e8721d003b1965fc05f89,0x4e96d24e294b11bdfd4dff9e1fd7635c3,0,true,Z/4,O_263 (conductor 263; 3 independent criteria),118,131,2,64.3257,true,15.546,60.8090,-0.1250,"floor: j of degree 131 over F_2, no tau; unique F_q-rational 263-isogeny goes up to E0; l=11 nbrs B040/B072; l=29 nbrs A050/A122; transport build+2 evals <= 2^15.55 F_q-mult; errata ERR-01 (eval add count 787 vs 788) and ERR-08 (gGHS pair label) apply; no hardness effect"
B057,B,57,263,0x5dde965f0ce4592e0ce61b935fd5c20a1,0x260f9f8f3f79f7086acab2a71f18a1e02,0,true,Z/4,O_263 (conductor 263; 3 independent criteria),118,131,2,64.3257,true,15.538,60.8090,2.0157,"floor: j of degree 131 over F_2, no tau; unique F_q-rational 263-isogeny goes up to E0; l=11 nbrs B073/B041; l=29 nbrs A051/A123; transport build+2 evals <= 2^15.54 F_q-mult; errata ERR-01 (eval add count 787 vs 788) and ERR-08 (gGHS pair label) apply; no hardness effect"
B058,B,58,263,0x3c3d3c5e9ed9bd1303324da5acca6eade,0x7c8857448d048353655694cc56d75363c,0,true,Z/4,O_263 (conductor 263; 3 independent criteria),118,131,2,64.3257,true,15.538,60.8090,-1.2578,"floor: j of degree 131 over F_2, no tau; unique F_q-rational 263-isogeny goes up to E0; l=11 nbrs B074/B042; l=29 nbrs A124/A052; transport build+2 evals <= 2^15.54 F_q-mult; errata ERR-01 (eval add count 787 vs 788) and ERR-08 (gGHS pair label) apply; no hardness effect"
B059,B,59,263,0x3464247b3421bc1adc0e3898b06e5bf6c,0x4629681bbd7f5f6d22f01b3d433bb361,0,true,Z/4,O_263 (conductor 263; 3 independent criteria),118,131,2,64.3257,true,15.554,60.8090,-0.5234,"floor: j of degree 131 over F_2, no tau; unique F_q-rational 263-isogeny goes up to E0; l=11 nbrs B043/B075; l=29 nbrs A053/A125; transport build+2 evals <= 2^15.55 F_q-mult; errata ERR-01 (eval add count 787 vs 788) and ERR-08 (gGHS pair label) apply; no hardness effect"
B060,B,60,263,0x26e4dca469b580f667e12c18a1615825e,0x15a18d2e9ecf8109f0f06bc557f80398f,0,true,Z/4,O_263 (conductor 263; 3 independent criteria),118,131,2,64.3257,true,15.546,60.8090,0.3828,"floor: j of degree 131 over F_2, no tau; unique F_q-rational 263-isogeny goes up to E0; l=11 nbrs B076/B044; l=29 nbrs A054/A126; transport build+2 evals <= 2^15.55 F_q-mult; errata ERR-01 (eval add count 787 vs 788) and ERR-08 (gGHS pair label) apply; no hardness effect"
B061,B,61,263,0x6c8a0ca73967a9f4cad8a6fc8142072ec,0xfe8b818862e2a1f881b6755c04b53b3b,0,true,Z/4,O_263 (conductor 263; 3 independent criteria),118,131,2,64.3257,true,15.554,60.8090,0.7813,"floor: j of degree 131 over F_2, no tau; unique F_q-rational 263-isogeny goes up to E0; l=11 nbrs B077/B045; l=29 nbrs A127/A055; transport build+2 evals <= 2^15.55 F_q-mult; errata ERR-01 (eval add count 787 vs 788) and ERR-08 (gGHS pair label) apply; no hardness effect"
B062,B,62,263,0x4f3797a85323ac82709a8985ef8d56cb9,0x52455e82f4810c9381cc3e182bb9590cb,0,true,Z/4,O_263 (conductor 263; 3 independent criteria),118,131,2,64.3257,true,15.546,60.8090,0.6328,"floor: j of degree 131 over F_2, no tau; unique F_q-rational 263-isogeny goes up to E0; l=11 nbrs B046/B078; l=29 nbrs A056/A128; transport build+2 evals <= 2^15.55 F_q-mult; errata ERR-01 (eval add count 787 vs 788) and ERR-08 (gGHS pair label) apply; no hardness effect"
B063,B,63,263,0x721772d4dbd1bed4ea636c30ba37d5e1e,0x6a29a1bba81a817f02b7940b0723de894,0,true,Z/4,O_263 (conductor 263; 3 independent criteria),118,131,2,64.3257,true,15.538,60.8090,3.3282,"floor: j of degree 131 over F_2, no tau; unique F_q-rational 263-isogeny goes up to E0; l=11 nbrs B079/B047; l=29 nbrs A129/A057; transport build+2 evals <= 2^15.54 F_q-mult; IC density max|z|=3.3282 (canon k16, z=3.3282); not significant after multiplicity (IC C1); canonical best ratio at k=15,16 (0.964 at k=16), also a Codex k=13-16 winner via its 'poly' candidate; errata ERR-01 (eval add count 787 vs 788) and ERR-08 (gGHS pair label) apply; no hardness effect"
B064,B,64,263,0x123c0bc6877f2ab66db56e0db01f3faeb,0x5aec3bd9f85ce0f5ba815deed00bd4299,0,true,Z/4,O_263 (conductor 263; 3 independent criteria),118,131,2,64.3257,true,15.538,60.8090,-0.6406,"floor: j of degree 131 over F_2, no tau; unique F_q-rational 263-isogeny goes up to E0; l=11 nbrs B048/B080; l=29 nbrs A058/A130; transport build+2 evals <= 2^15.54 F_q-mult; ground_truth_check explicit Kohel isogeny + order transfer; errata ERR-01 (eval add count 787 vs 788) and ERR-08 (gGHS pair label) apply; no hardness effect"
B065,B,65,263,0x4a78646012f075ca958381177fabf3a45,0x2ceb5a2074f07d9841d4fc365c56074f0,0,true,Z/4,O_263 (conductor 263; 3 independent criteria),118,131,2,64.3257,true,15.554,60.8090,0.5391,"floor: j of degree 131 over F_2, no tau; unique F_q-rational 263-isogeny goes up to E0; l=11 nbrs B081/B049; l=29 nbrs A000/A059; transport build+2 evals <= 2^15.55 F_q-mult; errata ERR-01 (eval add count 787 vs 788) and ERR-08 (gGHS pair label) apply; no hardness effect"
B066,B,66,263,0x77fcd0d0ddf0c9104e2f1711d2b877340,0x2e670ee2b9b86c05d6a242148468dc3d6,0,true,Z/4,O_263 (conductor 263; 3 independent criteria),118,131,2,64.3257,true,15.538,60.8090,-0.4609,"floor: j of degree 131 over F_2, no tau; unique F_q-rational 263-isogeny goes up to E0; l=11 nbrs B082/B050; l=29 nbrs A001/A060; transport build+2 evals <= 2^15.54 F_q-mult; errata ERR-01 (eval add count 787 vs 788) and ERR-08 (gGHS pair label) apply; no hardness effect"
B067,B,67,263,0x6c104736b136a4228691612728b4e5bf,0x2f19d882161a586fe5dcf491ce6055114,0,true,Z/4,O_263 (conductor 263; 3 independent criteria),118,131,2,64.3257,true,15.538,60.8090,-2.0938,"floor: j of degree 131 over F_2, no tau; unique F_q-rational 263-isogeny goes up to E0; l=11 nbrs B083/B051; l=29 nbrs A061/A002; transport build+2 evals <= 2^15.54 F_q-mult; IC density max|z|=3.6259 (canon k12, z=-3.6259); not significant after multiplicity (IC C1); Codex EXPLOITABILITY: +20.67% relation coverage at k=5 = selection effect (codex-review, codex-crosscheck); Codex run-04 explicit 263-map (reproduced by codex-crosscheck C4); Phi_263(j,Y) cofactor of degree 263 shown irreducible (explicit; others by Frobenius conjugacy); errata ERR-01 (eval add count 787 vs 788) and ERR-08 (gGHS pair label) apply; no hardness effect"
B068,B,68,263,0x50da641a14e18366cbb34f76daf8e06e3,0x3a134cd82c8690680bc849e9f981cba90,0,true,Z/4,O_263 (conductor 263; 3 independent criteria),118,131,2,64.3257,true,15.538,60.8090,1.3047,"floor: j of degree 131 over F_2, no tau; unique F_q-rational 263-isogeny goes up to E0; l=11 nbrs B052/B084; l=29 nbrs A062/A003; transport build+2 evals <= 2^15.54 F_q-mult; errata ERR-01 (eval add count 787 vs 788) and ERR-08 (gGHS pair label) apply; no hardness effect"
B069,B,69,263,0x7e0638eddde05cb90fa65c09852388234,0x31ac4e23f32628817f72908e8f41db46e,0,true,Z/4,O_263 (conductor 263; 3 independent criteria),118,131,2,64.3257,true,15.538,60.8090,-1.0078,"floor: j of degree 131 over F_2, no tau; unique F_q-rational 263-isogeny goes up to E0; l=11 nbrs B085/B053; l=29 nbrs A063/A004; transport build+2 evals <= 2^15.54 F_q-mult; errata ERR-01 (eval add count 787 vs 788) and ERR-08 (gGHS pair label) apply; no hardness effect"
B070,B,70,263,0x500940c935970b2d397d1c00f826e08a1,0x3248ef31f25d6830126239dd3fd7c593a,0,true,Z/4,O_263 (conductor 263; 3 independent criteria),118,131,2,64.3257,true,15.538,60.8090,-0.7031,"floor: j of degree 131 over F_2, no tau; unique F_q-rational 263-isogeny goes up to E0; l=11 nbrs B054/B086; l=29 nbrs A005/A064; transport build+2 evals <= 2^15.54 F_q-mult; errata ERR-01 (eval add count 787 vs 788) and ERR-08 (gGHS pair label) apply; no hardness effect"
B071,B,71,263,0x3a01129ee11322cf32a88f8202b77e966,0x2269b6d64e03765c0739b92bdbd1228ca,0,true,Z/4,O_263 (conductor 263; 3 independent criteria),118,131,2,64.3257,true,15.546,60.8090,-0.1016,"floor: j of degree 131 over F_2, no tau; unique F_q-rational 263-isogeny goes up to E0; l=11 nbrs B087/B055; l=29 nbrs A006/A065; transport build+2 evals <= 2^15.55 F_q-mult; errata ERR-01 (eval add count 787 vs 788) and ERR-08 (gGHS pair label) apply; no hardness effect"
B072,B,72,263,0x65fc044b1b3a981b180b1e66796f76c1a,0x3c78dedcf68e2e98f70c556392ccec84a,0,true,Z/4,O_263 (conductor 263; 3 independent criteria),118,131,2,64.3257,true,15.554,60.8090,1.4922,"floor: j of degree 131 over F_2, no tau; unique F_q-rational 263-isogeny goes up to E0; l=11 nbrs B088/B056; l=29 nbrs A007/A066; transport build+2 evals <= 2^15.55 F_q-mult; errata ERR-01 (eval add count 787 vs 788) and ERR-08 (gGHS pair label) apply; no hardness effect"
B073,B,73,263,0x19b9513411b0e2a618f660badc805cc1b,0x6160c4d7681e3872568b87486e0ac852a,0,true,Z/4,O_263 (conductor 263; 3 independent criteria),118,131,2,64.3257,true,15.546,60.8090,-1.9453,"floor: j of degree 131 over F_2, no tau; unique F_q-rational 263-isogeny goes up to E0; l=11 nbrs B089/B057; l=29 nbrs A008/A067; transport build+2 evals <= 2^15.55 F_q-mult; errata ERR-01 (eval add count 787 vs 788) and ERR-08 (gGHS pair label) apply; no hardness effect"
B074,B,74,263,0x48d8a08fef4e62e54a49a3035c3af8fa5,0xc4ac85375f72fc79e95084d34d4c31cd,0,true,Z/4,O_263 (conductor 263; 3 independent criteria),118,131,2,64.3257,true,15.578,60.8090,-0.1328,"floor: j of degree 131 over F_2, no tau; unique F_q-rational 263-isogeny goes up to E0; l=11 nbrs B090/B058; l=29 nbrs A068/A009; transport build+2 evals <= 2^15.58 F_q-mult; errata ERR-01 (eval add count 787 vs 788) and ERR-08 (gGHS pair label) apply; no hardness effect"
B075,B,75,263,0x73927897e846d6110a43b21c992a09218,0x1235e6bb63c0ae62d2ad06c66f0075dd1,0,true,Z/4,O_263 (conductor 263; 3 independent criteria),118,131,2,64.3257,true,15.546,60.8090,-0.3672,"floor: j of degree 131 over F_2, no tau; unique F_q-rational 263-isogeny goes up to E0; l=11 nbrs B091/B059; l=29 nbrs A069/A010; transport build+2 evals <= 2^15.55 F_q-mult; errata ERR-01 (eval add count 787 vs 788) and ERR-08 (gGHS pair label) apply; no hardness effect"
B076,B,76,263,0x2358b3c9586cec14b95b0de6a9d0b429,0x1f3826f848cff1f6c9657117ef4ddd139,0,true,Z/4,O_263 (conductor 263; 3 independent criteria),118,131,2,64.3257,true,15.562,60.8090,-1.0625,"floor: j of degree 131 over F_2, no tau; unique F_q-rational 263-isogeny goes up to E0; l=11 nbrs B060/B092; l=29 nbrs A070/A011; transport build+2 evals <= 2^15.56 F_q-mult; errata ERR-01 (eval add count 787 vs 788) and ERR-08 (gGHS pair label) apply; no hardness effect"
B077,B,77,263,0x52877e892e730669aac81de730a204a1,0x481775947d9b40c5b2c73300165906ba1,0,true,Z/4,O_263 (conductor 263; 3 independent criteria),118,131,2,64.3257,true,15.538,60.8090,0.5469,"floor: j of degree 131 over F_2, no tau; unique F_q-rational 263-isogeny goes up to E0; l=11 nbrs B093/B061; l=29 nbrs A012/A071; transport build+2 evals <= 2^15.54 F_q-mult; 263-division polynomial has exactly 131 F_q-roots (uniqueness of the rational 263-line, transport C3 audit); errata ERR-01 (eval add count 787 vs 788) and ERR-08 (gGHS pair label) apply; no hardness effect"
B078,B,78,263,0x55ba7bc183d05e83cb6e1dd67304dc981,0x33804ac2d6f98bb4947ddda6f5532523e,0,true,Z/4,O_263 (conductor 263; 3 independent criteria),118,131,2,64.3257,true,15.538,60.8090,-0.1875,"floor: j of degree 131 over F_2, no tau; unique F_q-rational 263-isogeny goes up to E0; l=11 nbrs B062/B094; l=29 nbrs A072/A013; transport build+2 evals <= 2^15.54 F_q-mult; errata ERR-01 (eval add count 787 vs 788) and ERR-08 (gGHS pair label) apply; no hardness effect"
B079,B,79,263,0x3bedf5a994a0214d84256b50e84fd18e8,0x7734d104e2ae353b2a9a15cc93e4e26e2,0,true,Z/4,O_263 (conductor 263; 3 independent criteria),118,131,2,64.3257,true,15.538,60.8090,-0.3516,"floor: j of degree 131 over F_2, no tau; unique F_q-rational 263-isogeny goes up to E0; l=11 nbrs B095/B063; l=29 nbrs A014/A073; transport build+2 evals <= 2^15.54 F_q-mult; errata ERR-01 (eval add count 787 vs 788) and ERR-08 (gGHS pair label) apply; no hardness effect"
B080,B,80,263,0x61a14f3843acfbccdbe2bc556c0bf2ff6,0x53d636e33f1f10e6597bfb1937eb25ad5,0,true,Z/4,O_263 (conductor 263; 3 independent criteria),118,131,2,64.3257,true,15.538,60.8090,-0.3594,"floor: j of degree 131 over F_2, no tau; unique F_q-rational 263-isogeny goes up to E0; l=11 nbrs B064/B096; l=29 nbrs A074/A015; transport build+2 evals <= 2^15.54 F_q-mult; errata ERR-01 (eval add count 787 vs 788) and ERR-08 (gGHS pair label) apply; no hardness effect"
B081,B,81,263,0x1d58bc5ff7072090f421aa6751f023525,0x2e613bc8778a0d73245609465a031c716,0,true,Z/4,O_263 (conductor 263; 3 independent criteria),118,131,2,64.3257,true,15.538,60.8090,-0.3516,"floor: j of degree 131 over F_2, no tau; unique F_q-rational 263-isogeny goes up to E0; l=11 nbrs B097/B065; l=29 nbrs A075/A016; transport build+2 evals <= 2^15.54 F_q-mult; errata ERR-01 (eval add count 787 vs 788) and ERR-08 (gGHS pair label) apply; no hardness effect"
B082,B,82,263,0x183ebcc3f574f94106c611d66813da77f,0x7f59881f65b46784928483fc532a92ca2,0,true,Z/4,O_263 (conductor 263; 3 independent criteria),118,131,2,64.3257,true,15.554,60.8090,0.4219,"floor: j of degree 131 over F_2, no tau; unique F_q-rational 263-isogeny goes up to E0; l=11 nbrs B098/B066; l=29 nbrs A017/A076; transport build+2 evals <= 2^15.55 F_q-mult; errata ERR-01 (eval add count 787 vs 788) and ERR-08 (gGHS pair label) apply; no hardness effect"
B083,B,83,263,0xd90254fb177243057aad3e605ceb16d5,0x142bc9983801d5399f9f7a19881c1f6d,0,true,Z/4,O_263 (conductor 263; 3 independent criteria),118,131,2,64.3257,true,15.570,60.8090,0.3516,"floor: j of degree 131 over F_2, no tau; unique F_q-rational 263-isogeny goes up to E0; l=11 nbrs B067/B099; l=29 nbrs A018/A077; transport build+2 evals <= 2^15.57 F_q-mult; errata ERR-01 (eval add count 787 vs 788) and ERR-08 (gGHS pair label) apply; no hardness effect"
B084,B,84,263,0x4279cb416caef355f25e929669b1271c7,0x501aa57af4679d98c4318041493aef709,0,true,Z/4,O_263 (conductor 263; 3 independent criteria),118,131,2,64.3257,true,15.546,60.8090,0.3516,"floor: j of degree 131 over F_2, no tau; unique F_q-rational 263-isogeny goes up to E0; l=11 nbrs B068/B100; l=29 nbrs A078/A019; transport build+2 evals <= 2^15.55 F_q-mult; errata ERR-01 (eval add count 787 vs 788) and ERR-08 (gGHS pair label) apply; no hardness effect"
B085,B,85,263,0x352994d837f2b45b8e62fe0a5332aa6ca,0x6f514cabfdbec0ee57f5dcc4987dc83f0,0,true,Z/4,O_263 (conductor 263; 3 independent criteria),118,131,2,64.3257,true,15.538,60.8090,0.2500,"floor: j of degree 131 over F_2, no tau; unique F_q-rational 263-isogeny goes up to E0; l=11 nbrs B101/B069; l=29 nbrs A020/A079; transport build+2 evals <= 2^15.54 F_q-mult; errata ERR-01 (eval add count 787 vs 788) and ERR-08 (gGHS pair label) apply; no hardness effect"
B086,B,86,263,0x72bf2b8ccff3688473c4173bf6f5e86a4,0xe43fb0fe777efe51039f44e71025f65f,0,true,Z/4,O_263 (conductor 263; 3 independent criteria),118,131,2,64.3257,true,15.562,60.8090,0.8281,"floor: j of degree 131 over F_2, no tau; unique F_q-rational 263-isogeny goes up to E0; l=11 nbrs B070/B102; l=29 nbrs A080/A021; transport build+2 evals <= 2^15.56 F_q-mult; errata ERR-01 (eval add count 787 vs 788) and ERR-08 (gGHS pair label) apply; no hardness effect"
B087,B,87,263,0x173bf5477af1c323675142338f93c5f97,0x1759e17144a253114d8383811b000df63,0,true,Z/4,O_263 (conductor 263; 3 independent criteria),118,131,2,64.3257,true,15.538,60.8090,0.3906,"floor: j of degree 131 over F_2, no tau; unique F_q-rational 263-isogeny goes up to E0; l=11 nbrs B071/B103; l=29 nbrs A022/A081; transport build+2 evals <= 2^15.54 F_q-mult; IC density max|z|=3.0586 (rand1 k16, z=3.0586); not significant after multiplicity (IC C1); errata ERR-01 (eval add count 787 vs 788) and ERR-08 (gGHS pair label) apply; no hardness effect"
B088,B,88,263,0xed670e012abf5d3c5af125920233c1cd,0x4f92b8d91d1a921ae5b2bc79ab620f75d,0,true,Z/4,O_263 (conductor 263; 3 independent criteria),118,131,2,64.3257,true,15.546,60.8090,-1.0078,"floor: j of degree 131 over F_2, no tau; unique F_q-rational 263-isogeny goes up to E0; l=11 nbrs B104/B072; l=29 nbrs A082/A023; transport build+2 evals <= 2^15.55 F_q-mult; errata ERR-01 (eval add count 787 vs 788) and ERR-08 (gGHS pair label) apply; no hardness effect"
B089,B,89,263,0x160a2ec8d3424c515f2aaea157ac7b3d1,0x7200cf2ff4d279ce096e5dba8b281d236,0,true,Z/4,O_263 (conductor 263; 3 independent criteria),118,131,2,64.3257,true,15.538,60.8090,0.2656,"floor: j of degree 131 over F_2, no tau; unique F_q-rational 263-isogeny goes up to E0; l=11 nbrs B073/B105; l=29 nbrs A083/A024; transport build+2 evals <= 2^15.54 F_q-mult; errata ERR-01 (eval add count 787 vs 788) and ERR-08 (gGHS pair label) apply; no hardness effect"
B090,B,90,263,0x1b9946e96a0f37d33b63a12db371eb259,0x5229515737573a5546f22f68949d2651d,0,true,Z/4,O_263 (conductor 263; 3 independent criteria),118,131,2,64.3257,true,15.546,60.8090,0.8828,"floor: j of degree 131 over F_2, no tau; unique F_q-rational 263-isogeny goes up to E0; l=11 nbrs B106/B074; l=29 nbrs A084/A025; transport build+2 evals <= 2^15.55 F_q-mult; errata ERR-01 (eval add count 787 vs 788) and ERR-08 (gGHS pair label) apply; no hardness effect"
B091,B,91,263,0x9b489dfb5db5b8b8bfc120626c52b14f,0x6e6d2f8eef1aeb976397ba9770acbf436,0,true,Z/4,O_263 (conductor 263; 3 independent criteria),118,131,2,64.3257,true,15.546,60.8090,-0.3516,"floor: j of degree 131 over F_2, no tau; unique F_q-rational 263-isogeny goes up to E0; l=11 nbrs B107/B075; l=29 nbrs A085/A026; transport build+2 evals <= 2^15.55 F_q-mult; errata ERR-01 (eval add count 787 vs 788) and ERR-08 (gGHS pair label) apply; no hardness effect"
B092,B,92,263,0x569cf3f3c7983d51a3f928f7f9f482bed,0x1e188b2f3f04871f4b035dae5eb59feab,0,true,Z/4,O_263 (conductor 263; 3 independent criteria),118,131,2,64.3257,true,15.538,60.8090,0.3906,"floor: j of degree 131 over F_2, no tau; unique F_q-rational 263-isogeny goes up to E0; l=11 nbrs B076/B108; l=29 nbrs A086/A027; transport build+2 evals <= 2^15.54 F_q-mult; errata ERR-01 (eval add count 787 vs 788) and ERR-08 (gGHS pair label) apply; no hardness effect"
B093,B,93,263,0x3edacc32477153656490ddd0717bfef38,0x9581dc3d7b73f42601641f2d5d75927d,0,true,Z/4,O_263 (conductor 263; 3 independent criteria),118,131,2,64.3257,true,15.538,60.8090,1.0235,"floor: j of degree 131 over F_2, no tau; unique F_q-rational 263-isogeny goes up to E0; l=11 nbrs B077/B109; l=29 nbrs A087/A028; transport build+2 evals <= 2^15.54 F_q-mult; errata ERR-01 (eval add count 787 vs 788) and ERR-08 (gGHS pair label) apply; no hardness effect"
B094,B,94,263,0x600e69aa7734223cf587c61afe72986f8,0x7defc95597964352e85e6d26547e563f,0,true,Z/4,O_263 (conductor 263; 3 independent criteria),118,131,2,64.3257,true,15.546,60.8090,0.2500,"floor: j of degree 131 over F_2, no tau; unique F_q-rational 263-isogeny goes up to E0; l=11 nbrs B078/B110; l=29 nbrs A029/A088; transport build+2 evals <= 2^15.55 F_q-mult; IC density max|z|=3.1017 (rand1 k14, z=3.1017); not significant after multiplicity (IC C1); errata ERR-01 (eval add count 787 vs 788) and ERR-08 (gGHS pair label) apply; no hardness effect"
B095,B,95,263,0x901071d8bdcaab8c2d367a52d7965571,0x11c4791a0462daffe9cf91df98b522b83,0,true,Z/4,O_263 (conductor 263; 3 independent criteria),118,131,2,64.3257,true,15.538,60.8090,1.0781,"floor: j of degree 131 over F_2, no tau; unique F_q-rational 263-isogeny goes up to E0; l=11 nbrs B111/B079; l=29 nbrs A089/A030; transport build+2 evals <= 2^15.54 F_q-mult; endomorphism-ring transfer demo; ground_truth_check explicit Kohel isogeny + order transfer; n=131 Semaev PDP measured (G5): indistinguishable from random dense-b curves; errata ERR-01 (eval add count 787 vs 788) and ERR-08 (gGHS pair label) apply; no hardness effect"
B096,B,96,263,0x43cb505a01d61c6c92f02863ebfaf0dd7,0x1e1c60e485ca18e811e59d7a38ab556d3,0,true,Z/4,O_263 (conductor 263; 3 independent criteria),118,131,2,64.3257,true,15.546,60.8090,0.0938,"floor: j of degree 131 over F_2, no tau; unique F_q-rational 263-isogeny goes up to E0; l=11 nbrs B112/B080; l=29 nbrs A090/A031; transport build+2 evals <= 2^15.55 F_q-mult; errata ERR-01 (eval add count 787 vs 788) and ERR-08 (gGHS pair label) apply; no hardness effect"
B097,B,97,263,0x246177f6ae50aded101d3ac95861dbf24,0x1d194974d8161ca780f827b909834aa53,0,true,Z/4,O_263 (conductor 263; 3 independent criteria),118,131,2,64.3257,true,15.538,60.8090,-0.6250,"floor: j of degree 131 over F_2, no tau; unique F_q-rational 263-isogeny goes up to E0; l=11 nbrs B113/B081; l=29 nbrs A091/A032; transport build+2 evals <= 2^15.54 F_q-mult; IC density max|z|=3.5786 (rand3 k12, z=-3.5786); not significant after multiplicity (IC C1); rho-endomorphisms transfer demo; errata ERR-01 (eval add count 787 vs 788) and ERR-08 (gGHS pair label) apply; no hardness effect"
B098,B,98,263,0x2de0885bd7d543dfab19bf02fa285bcc8,0x4d3b1d9ee79e96a369d10edd1823f9f05,0,true,Z/4,O_263 (conductor 263; 3 independent criteria),118,131,2,64.3257,true,15.538,60.8090,-1.5938,"floor: j of degree 131 over F_2, no tau; unique F_q-rational 263-isogeny goes up to E0; l=11 nbrs B082/B114; l=29 nbrs A033/A092; transport build+2 evals <= 2^15.54 F_q-mult; errata ERR-01 (eval add count 787 vs 788) and ERR-08 (gGHS pair label) apply; no hardness effect"
B099,B,99,263,0x2a3d5c07d281b9b56ed16eeea03168bc0,0x662a65f2587d8d4e1c80dd4bcbdffdba0,0,true,Z/4,O_263 (conductor 263; 3 independent criteria),118,131,2,64.3257,true,15.546,60.8090,-0.4375,"floor: j of degree 131 over F_2, no tau; unique F_q-rational 263-isogeny goes up to E0; l=11 nbrs B115/B083; l=29 nbrs A093/A034; transport build+2 evals <= 2^15.55 F_q-mult; errata ERR-01 (eval add count 787 vs 788) and ERR-08 (gGHS pair label) apply; no hardness effect"
B100,B,100,263,0x7fa9612ba82011d03e3b814ca0c9e3000,0x4ccd3eb998bd563dec81902c927ba27b1,0,true,Z/4,O_263 (conductor 263; 3 independent criteria),118,131,2,64.3257,true,15.562,60.8090,0.1641,"floor: j of degree 131 over F_2, no tau; unique F_q-rational 263-isogeny goes up to E0; l=11 nbrs B084/B116; l=29 nbrs A035/A094; transport build+2 evals <= 2^15.56 F_q-mult; errata ERR-01 (eval add count 787 vs 788) and ERR-08 (gGHS pair label) apply; no hardness effect"
B101,B,101,263,0x5105aada990e6fa1fa853c551a083b551,0x3273222f340ba0d98c96a57fafdd64b08,0,true,Z/4,O_263 (conductor 263; 3 independent criteria),118,131,2,64.3257,true,15.538,60.8090,0.7969,"floor: j of degree 131 over F_2, no tau; unique F_q-rational 263-isogeny goes up to E0; l=11 nbrs B085/B117; l=29 nbrs A095/A036; transport build+2 evals <= 2^15.54 F_q-mult; errata ERR-01 (eval add count 787 vs 788) and ERR-08 (gGHS pair label) apply; no hardness effect"
B102,B,102,263,0x7a4e50ecfaeb6cfbd9db024dde15fca50,0x367d8673783c2f4673a447a4ed5269516,0,true,Z/4,O_263 (conductor 263; 3 independent criteria),118,131,2,64.3257,true,15.538,60.8090,-2.1094,"floor: j of degree 131 over F_2, no tau; unique F_q-rational 263-isogeny goes up to E0; l=11 nbrs B118/B086; l=29 nbrs A037/A096; transport build+2 evals <= 2^15.54 F_q-mult; errata ERR-01 (eval add count 787 vs 788) and ERR-08 (gGHS pair label) apply; no hardness effect"
B103,B,103,263,0x45b8f348fb564b2755ea0fb79b2305f3f,0x63d8c46984cdd26391c524343b47e012c,0,true,Z/4,O_263 (conductor 263; 3 independent criteria),118,131,2,64.3257,true,15.546,60.8090,-0.5859,"floor: j of degree 131 over F_2, no tau; unique F_q-rational 263-isogeny goes up to E0; l=11 nbrs B087/B119; l=29 nbrs A097/A038; transport build+2 evals <= 2^15.55 F_q-mult; errata ERR-01 (eval add count 787 vs 788) and ERR-08 (gGHS pair label) apply; no hardness effect"
B104,B,104,263,0x20a8e4821772a78605a3aa99a3b63d004,0x1c70789724f0da89c0a636792b2d9d101,0,true,Z/4,O_263 (conductor 263; 3 independent criteria),118,131,2,64.3257,true,15.538,60.8090,1.5391,"floor: j of degree 131 over F_2, no tau; unique F_q-rational 263-isogeny goes up to E0; l=11 nbrs B088/B120; l=29 nbrs A098/A039; transport build+2 evals <= 2^15.54 F_q-mult; errata ERR-01 (eval add count 787 vs 788) and ERR-08 (gGHS pair label) apply; no hardness effect"
B105,B,105,263,0x2807eed30ca694690bc3967ebdc480390,0x824921094879bc269f3074668ba97b8f,0,true,Z/4,O_263 (conductor 263; 3 independent criteria),118,131,2,64.3257,true,15.554,60.8090,-1.8125,"floor: j of degree 131 over F_2, no tau; unique F_q-rational 263-isogeny goes up to E0; l=11 nbrs B121/B089; l=29 nbrs A099/A040; transport build+2 evals <= 2^15.55 F_q-mult; errata ERR-01 (eval add count 787 vs 788) and ERR-08 (gGHS pair label) apply; no hardness effect"
B106,B,106,263,0x3fd055945e5b7b664773a99b8bf48f700,0x469178f28f291f06dae284c0c8e07033b,0,true,Z/4,O_263 (conductor 263; 3 independent criteria),118,131,2,64.3257,true,15.578,60.8090,1.2969,"floor: j of degree 131 over F_2, no tau; unique F_q-rational 263-isogeny goes up to E0; l=11 nbrs B122/B090; l=29 nbrs A100/A041; transport build+2 evals <= 2^15.58 F_q-mult; errata ERR-01 (eval add count 787 vs 788) and ERR-08 (gGHS pair label) apply; no hardness effect"
B107,B,107,263,0x60443a10fabd9ee1ed5cf9e395e7d80d8,0x64de8b1ac1c7462bc6433bda1d43510c2,0,true,Z/4,O_263 (conductor 263; 3 independent criteria),118,131,2,64.3257,true,15.554,60.8090,-1.3672,"floor: j of degree 131 over F_2, no tau; unique F_q-rational 263-isogeny goes up to E0; l=11 nbrs B091/B123; l=29 nbrs A101/A042; transport build+2 evals <= 2^15.55 F_q-mult; errata ERR-01 (eval add count 787 vs 788) and ERR-08 (gGHS pair label) apply; no hardness effect"
B108,B,108,263,0x1915f4b461ed5b0655faa46d8c4f08791,0x4df77d1a97b20dfb21192482f1cd7bd6d,0,true,Z/4,O_263 (conductor 263; 3 independent criteria),118,131,2,64.3257,true,15.538,60.8090,-0.4609,"floor: j of degree 131 over F_2, no tau; unique F_q-rational 263-isogeny goes up to E0; l=11 nbrs B092/B124; l=29 nbrs A043/A102; transport build+2 evals <= 2^15.54 F_q-mult; errata ERR-01 (eval add count 787 vs 788) and ERR-08 (gGHS pair label) apply; no hardness effect"
B109,B,109,263,0x5cdf0fed06a6f6f488181a6fa9b310fef,0x76380792d43b1dbb8f81b33d0279557ee,0,true,Z/4,O_263 (conductor 263; 3 independent criteria),118,131,2,64.3257,true,15.538,60.8090,-1.4922,"floor: j of degree 131 over F_2, no tau; unique F_q-rational 263-isogeny goes up to E0; l=11 nbrs B125/B093; l=29 nbrs A103/A044; transport build+2 evals <= 2^15.54 F_q-mult; errata ERR-01 (eval add count 787 vs 788) and ERR-08 (gGHS pair label) apply; no hardness effect"
B110,B,110,263,0x7d36394342005e3f55cafdce538b42132,0x52dc359100c4cf6f6ff021f34d38a5abd,0,true,Z/4,O_263 (conductor 263; 3 independent criteria),118,131,2,64.3257,true,15.538,60.8090,1.9766,"floor: j of degree 131 over F_2, no tau; unique F_q-rational 263-isogeny goes up to E0; l=11 nbrs B126/B094; l=29 nbrs A104/A045; transport build+2 evals <= 2^15.54 F_q-mult; IC density max|z|=3.0392 (rand2 k14, z=-3.0392); not significant after multiplicity (IC C1); errata ERR-01 (eval add count 787 vs 788) and ERR-08 (gGHS pair label) apply; no hardness effect"
B111,B,111,263,0x53e33cd249aa176f06c0004ec5830535,0x3f3a3c2426b89e5f111720f26746debb6,0,true,Z/4,O_263 (conductor 263; 3 independent criteria),118,131,2,64.3257,true,15.546,60.8090,-0.1094,"floor: j of degree 131 over F_2, no tau; unique F_q-rational 263-isogeny goes up to E0; l=11 nbrs B095/B127; l=29 nbrs A105/A046; transport build+2 evals <= 2^15.55 F_q-mult; errata ERR-01 (eval add count 787 vs 788) and ERR-08 (gGHS pair label) apply; no hardness effect"
B112,B,112,263,0x11ba71196221236f6db388bbad4ac289f,0x641725bc746169a468daa4939c4cadd22,0,true,Z/4,O_263 (conductor 263; 3 independent criteria),118,131,2,64.3257,true,15.546,60.8090,-1.1406,"floor: j of degree 131 over F_2, no tau; unique F_q-rational 263-isogeny goes up to E0; l=11 nbrs B128/B096; l=29 nbrs A106/A047; transport build+2 evals <= 2^15.55 F_q-mult; errata ERR-01 (eval add count 787 vs 788) and ERR-08 (gGHS pair label) apply; no hardness effect"
B113,B,113,263,0x1a48e0ac925a1cdb9c297d4a7d669b7bb,0x1ca05b9628bda070c6e1981acf88bdc35,0,true,Z/4,O_263 (conductor 263; 3 independent criteria),118,131,2,64.3257,true,15.546,60.8090,2.3985,"floor: j of degree 131 over F_2, no tau; unique F_q-rational 263-isogeny goes up to E0; l=11 nbrs B097/B129; l=29 nbrs A107/A048; transport build+2 evals <= 2^15.55 F_q-mult; IC density max|z|=3.2971 (canon k14, z=3.2971); not significant after multiplicity (IC C1); wins the canonical best-ratio contest at 5 of 9 k (IC C2 audit, post hoc, ~2% null tail; no density anomaly); errata ERR-01 (eval add count 787 vs 788) and ERR-08 (gGHS pair label) apply; no hardness effect"
B114,B,114,263,0x1ca8b2921c06af63df78aca80d622dd73,0x1d26fc45a9f09b8d2f83e069e8549267f,0,true,Z/4,O_263 (conductor 263; 3 independent criteria),118,131,2,64.3257,true,15.538,60.8090,0.6797,"floor: j of degree 131 over F_2, no tau; unique F_q-rational 263-isogeny goes up to E0; l=11 nbrs B098/B130; l=29 nbrs A108/A049; transport build+2 evals <= 2^15.54 F_q-mult; errata ERR-01 (eval add count 787 vs 788) and ERR-08 (gGHS pair label) apply; no hardness effect"
B115,B,115,263,0x922fec6e37eca6c0874518ebb43cd50b,0x93f2dda1165f5e8aacc5756cde1d20ed,0,true,Z/4,O_263 (conductor 263; 3 independent criteria),118,131,2,64.3257,true,15.570,60.8090,0.7109,"floor: j of degree 131 over F_2, no tau; unique F_q-rational 263-isogeny goes up to E0; l=11 nbrs B000/B099; l=29 nbrs A109/A050; transport build+2 evals <= 2^15.57 F_q-mult; errata ERR-01 (eval add count 787 vs 788) and ERR-08 (gGHS pair label) apply; no hardness effect"
B116,B,116,263,0x468e7c6f514a709e4932c11f63bd8b6a5,0x69e71437e6d7cbd4e1fcdbc13bd0ec89,0,true,Z/4,O_263 (conductor 263; 3 independent criteria),118,131,2,64.3257,true,15.546,60.8090,0.0781,"floor: j of degree 131 over F_2, no tau; unique F_q-rational 263-isogeny goes up to E0; l=11 nbrs B001/B100; l=29 nbrs A051/A110; transport build+2 evals <= 2^15.55 F_q-mult; errata ERR-01 (eval add count 787 vs 788) and ERR-08 (gGHS pair label) apply; no hardness effect"
B117,B,117,263,0x74ded649d0658a47ea4bb3ecc217d89ae,0x15ce9d4d971bf063c018cb2ac172e1699,0,true,Z/4,O_263 (conductor 263; 3 independent criteria),118,131,2,64.3257,true,15.538,60.8090,0.8516,"floor: j of degree 131 over F_2, no tau; unique F_q-rational 263-isogeny goes up to E0; l=11 nbrs B002/B101; l=29 nbrs A111/A052; transport build+2 evals <= 2^15.54 F_q-mult; errata ERR-01 (eval add count 787 vs 788) and ERR-08 (gGHS pair label) apply; no hardness effect"
B118,B,118,263,0x6f77d4a3a9df2c86b4499a993acb1cbd,0x5af8670acd2af76dce9608b01311d81af,0,true,Z/4,O_263 (conductor 263; 3 independent criteria),118,131,2,64.3257,true,15.554,60.8090,1.1485,"floor: j of degree 131 over F_2, no tau; unique F_q-rational 263-isogeny goes up to E0; l=11 nbrs B003/B102; l=29 nbrs A053/A112; transport build+2 evals <= 2^15.55 F_q-mult; errata ERR-01 (eval add count 787 vs 788) and ERR-08 (gGHS pair label) apply; no hardness effect"
B119,B,119,263,0x51cf1286856ba6fd35bb9d28123e77d69,0x7daf41c59cc347af322f3eeb07d3de9ea,0,true,Z/4,O_263 (conductor 263; 3 independent criteria),118,131,2,64.3257,true,15.538,60.8090,0.8281,"floor: j of degree 131 over F_2, no tau; unique F_q-rational 263-isogeny goes up to E0; l=11 nbrs B004/B103; l=29 nbrs A054/A113; transport build+2 evals <= 2^15.54 F_q-mult; errata ERR-01 (eval add count 787 vs 788) and ERR-08 (gGHS pair label) apply; no hardness effect"
B120,B,120,263,0x6b0c77430b2ed4dfd5bfdff1fccb05926,0x5438ba06e14c74e998373466a491bf47b,0,true,Z/4,O_263 (conductor 263; 3 independent criteria),118,131,2,64.3257,true,15.538,60.8090,-0.6016,"floor: j of degree 131 over F_2, no tau; unique F_q-rational 263-isogeny goes up to E0; l=11 nbrs B104/B005; l=29 nbrs A114/A055; transport build+2 evals <= 2^15.54 F_q-mult; errata ERR-01 (eval add count 787 vs 788) and ERR-08 (gGHS pair label) apply; no hardness effect"
B121,B,121,263,0xab653708782f03217a62b4f7bb66c7ab,0x7bb07582e4bc549f5d1ef63096b31b622,0,true,Z/4,O_263 (conductor 263; 3 independent criteria),118,131,2,64.3257,true,15.538,60.8090,-0.0391,"floor: j of degree 131 over F_2, no tau; unique F_q-rational 263-isogeny goes up to E0; l=11 nbrs B006/B105; l=29 nbrs A115/A056; transport build+2 evals <= 2^15.54 F_q-mult; errata ERR-01 (eval add count 787 vs 788) and ERR-08 (gGHS pair label) apply; no hardness effect"
B122,B,122,263,0x3aaf3d9ef27c3578480c43a12402672b,0x11e5a601d7acc53b58f3e174eaf2cc403,0,true,Z/4,O_263 (conductor 263; 3 independent criteria),118,131,2,64.3257,true,15.538,60.8090,-0.4375,"floor: j of degree 131 over F_2, no tau; unique F_q-rational 263-isogeny goes up to E0; l=11 nbrs B007/B106; l=29 nbrs A057/A116; transport build+2 evals <= 2^15.54 F_q-mult; errata ERR-01 (eval add count 787 vs 788) and ERR-08 (gGHS pair label) apply; no hardness effect"
B123,B,123,263,0x5020aeff03656cd80a126cd46532ea913,0x4f0c59bdf8c9054d7b84ff2224bf718eb,0,true,Z/4,O_263 (conductor 263; 3 independent criteria),118,131,2,64.3257,true,15.538,60.8090,-0.0469,"floor: j of degree 131 over F_2, no tau; unique F_q-rational 263-isogeny goes up to E0; l=11 nbrs B008/B107; l=29 nbrs A117/A058; transport build+2 evals <= 2^15.54 F_q-mult; errata ERR-01 (eval add count 787 vs 788) and ERR-08 (gGHS pair label) apply; no hardness effect"
B124,B,124,263,0x6b403957eb0b04560422cdbf8b667c282,0x77160635e989a07d009776db14fef7a7a,0,true,Z/4,O_263 (conductor 263; 3 independent criteria),118,131,2,64.3257,true,15.538,60.8090,0.0625,"floor: j of degree 131 over F_2, no tau; unique F_q-rational 263-isogeny goes up to E0; l=11 nbrs B108/B009; l=29 nbrs A059/A118; transport build+2 evals <= 2^15.54 F_q-mult; IC density max|z|=3.0742 (rand3 k16, z=3.0742); not significant after multiplicity (IC C1); errata ERR-01 (eval add count 787 vs 788) and ERR-08 (gGHS pair label) apply; no hardness effect"
B125,B,125,263,0x1eb6a11574dfee901ff602f351b1efb6d,0x16971f8c50d977ad1a9887c8ec15c1615,0,true,Z/4,O_263 (conductor 263; 3 independent criteria),118,131,2,64.3257,true,15.554,60.8090,1.1953,"floor: j of degree 131 over F_2, no tau; unique F_q-rational 263-isogeny goes up to E0; l=11 nbrs B109/B010; l=29 nbrs A060/A119; transport build+2 evals <= 2^15.55 F_q-mult; errata ERR-01 (eval add count 787 vs 788) and ERR-08 (gGHS pair label) apply; no hardness effect"
B126,B,126,263,0x94bf69bf80f1bfbd2a268550e4e8b707,0xadada875c148325bf5339de87d1af447,0,true,Z/4,O_263 (conductor 263; 3 independent criteria),118,131,2,64.3257,true,15.538,60.8090,-1.2266,"floor: j of degree 131 over F_2, no tau; unique F_q-rational 263-isogeny goes up to E0; l=11 nbrs B011/B110; l=29 nbrs A120/A061; transport build+2 evals <= 2^15.54 F_q-mult; errata ERR-01 (eval add count 787 vs 788) and ERR-08 (gGHS pair label) apply; no hardness effect"
B127,B,127,263,0x57dbf6b1028bc9f550d446435cb511ba3,0x42bb69ba29abd1c6ec710ef684632de23,0,true,Z/4,O_263 (conductor 263; 3 independent criteria),118,131,2,64.3257,true,15.538,60.8090,1.4610,"floor: j of degree 131 over F_2, no tau; unique F_q-rational 263-isogeny goes up to E0; l=11 nbrs B111/B012; l=29 nbrs A062/A121; transport build+2 evals <= 2^15.54 F_q-mult; errata ERR-01 (eval add count 787 vs 788) and ERR-08 (gGHS pair label) apply; no hardness effect"
B128,B,128,263,0x2a8129f146daf65e052e86b526cc5315a,0x346ba0b68f99e5ec6b9dafa57f0d311ba,0,true,Z/4,O_263 (conductor 263; 3 independent criteria),118,131,2,64.3257,true,15.546,60.8090,1.2266,"floor: j of degree 131 over F_2, no tau; unique F_q-rational 263-isogeny goes up to E0; l=11 nbrs B112/B013; l=29 nbrs A063/A122; transport build+2 evals <= 2^15.55 F_q-mult; errata ERR-01 (eval add count 787 vs 788) and ERR-08 (gGHS pair label) apply; no hardness effect"
B129,B,129,263,0x2aab845a6f89431bb5cf7dff42d9b8a2a,0x77a59fa1ec12e7df8655dd995dec5bef2,0,true,Z/4,O_263 (conductor 263; 3 independent criteria),118,131,2,64.3257,true,15.546,60.8090,-1.0313,"floor: j of degree 131 over F_2, no tau; unique F_q-rational 263-isogeny goes up to E0; l=11 nbrs B113/B014; l=29 nbrs A064/A123; transport build+2 evals <= 2^15.55 F_q-mult; errata ERR-01 (eval add count 787 vs 788) and ERR-08 (gGHS pair label) apply; no hardness effect"
B130,B,130,263,0x7bbfeee0d1a4bdfc8b00d39bf467591f2,0x690f9adc941f9084e345e3f18c06d5ed,0,true,Z/4,O_263 (conductor 263; 3 independent criteria),118,131,2,64.3257,true,15.562,60.8090,-2.1563,"floor: j of degree 131 over F_2, no tau; unique F_q-rational 263-isogeny goes up to E0; l=11 nbrs B114/B015; l=29 nbrs A124/A065; transport build+2 evals <= 2^15.56 F_q-mult; ground_truth_check explicit Kohel isogeny + order transfer; Phi_263(j,Y) cofactor of degree 263 shown irreducible (explicit; others by Frobenius conjugacy); errata ERR-01 (eval add count 787 vs 788) and ERR-08 (gGHS pair label) apply; no hardness effect"
