curve,point_index,scalar_index,scalar,first_word,reference_score,periodic_score,periodic_lookups,selected,chosen_score
glv-j0-32,0,0,20566646,338,124,114,5,True,114
glv-j0-32,0,1,7843221,4,114,114,4,False,114
glv-j0-32,0,2,19391305,235,88,88,3,True,88
glv-j0-32,0,3,16519870,829,88,88,3,True,88
glv-j0-32,0,4,4668766,1023,98,98,4,False,98
glv-j0-32,0,5,22575707,294,108,108,4,True,108
glv-j0-32,0,6,5568342,718,124,108,4,True,108
glv-j0-32,0,7,10566719,13,114,114,4,False,114
glv-j0-32,0,8,21158857,1,114,114,3,False,114
glv-j0-32,0,9,19973228,630,124,114,4,False,124
glv-j0-32,0,10,15619414,3,114,114,4,False,114
glv-j0-32,0,11,23150076,217,114,88,3,True,88
glv-j0-32,0,12,16695815,359,114,98,4,True,98
glv-j0-32,0,13,2697002,13,88,88,4,False,88
glv-j0-32,0,14,16045712,1023,108,150,5,False,108
glv-j0-32,0,15,19522544,7,114,114,4,False,114
glv-j0-32,0,16,1231995,790,114,88,3,True,88
glv-j0-32,0,17,3896279,225,98,114,4,True,114
glv-j0-32,0,18,19578585,114,88,88,3,True,88
glv-j0-32,0,19,9693278,104,88,114,3,False,88
glv-j0-32,0,20,15330074,2,114,114,4,False,114
glv-j0-32,0,21,6910797,180,114,118,4,True,118
glv-j0-32,0,22,686887,1023,98,98,4,False,98
glv-j0-32,0,23,15912434,104,114,88,3,False,114
glv-j0-32,0,24,23366634,612,114,114,4,True,114
glv-j0-32,0,25,3318192,13,88,88,3,False,88
glv-j0-32,0,26,8729071,3,114,114,4,False,114
glv-j0-32,0,27,1838014,210,114,108,4,True,108
glv-j0-32,0,28,8548248,0,114,114,3,False,114
glv-j0-32,0,29,6586328,13,88,114,3,False,88
glv-j0-32,0,30,15493199,11,88,140,4,False,88
glv-j0-32,0,31,2817373,2,114,114,3,False,114
glv-j0-32,0,32,11391268,95,114,114,3,False,114
glv-j0-32,0,33,21542069,185,88,88,3,True,88
glv-j0-32,0,34,3248477,3,98,114,4,False,98
glv-j0-32,0,35,2318204,0,88,94,2,False,88
glv-j0-32,0,36,22960880,161,114,88,3,True,88
glv-j0-32,0,37,3622857,835,114,98,3,True,98
glv-j0-32,0,38,3572562,287,114,88,3,True,88
glv-j0-32,0,39,18381777,875,88,88,3,True,88
glv-j0-32,0,40,5493255,13,88,120,3,False,88
glv-j0-32,0,41,7663525,737,88,108,4,True,108
glv-j0-32,0,42,15958745,325,124,114,5,True,114
glv-j0-32,0,43,23030,286,114,88,3,True,88
glv-j0-32,0,44,10649142,343,114,98,4,True,98
glv-j0-32,0,45,8391221,7,114,140,4,False,114
glv-j0-32,0,46,8071987,102,114,98,3,True,98
glv-j0-32,0,47,22247405,840,114,108,4,True,108
glv-j0-32,0,48,122647,186,78,62,2,True,62
glv-j0-32,0,49,22783709,106,98,114,5,False,98
glv-j0-32,0,50,5253753,7,114,130,3,False,114
glv-j0-32,0,51,13514443,210,88,88,2,True,88
glv-j0-32,0,52,9563597,7,88,88,3,False,88
glv-j0-32,0,53,17150963,1,52,88,2,False,52
glv-j0-32,0,54,12591836,206,98,98,3,True,98
glv-j0-32,0,55,3466673,3,124,166,5,False,124
glv-j0-32,0,56,20290572,93,98,134,5,True,134
glv-j0-32,0,57,20887226,885,98,98,4,False,98
glv-j0-32,0,58,3586798,16,114,120,3,False,114
glv-j0-32,0,59,5046250,95,98,114,4,False,98
glv-j0-32,0,60,6246984,294,114,98,4,True,98
glv-j0-32,0,61,9982923,8,108,114,4,False,108
glv-j0-32,0,62,13120819,328,114,114,4,True,114
glv-j0-32,0,63,8699668,108,124,114,5,False,124
glv-j0-32,0,64,4215455,1,114,114,3,False,114
glv-j0-32,0,65,21959376,191,124,114,5,True,114
glv-j0-32,0,66,21354941,309,114,118,4,False,114
glv-j0-32,0,67,22480996,7,114,114,4,False,114
glv-j0-32,0,68,16866960,113,88,88,3,False,88
glv-j0-32,0,69,145771,288,114,88,3,True,88
glv-j0-32,0,70,12085259,106,78,88,3,False,78
glv-j0-32,0,71,1582806,106,124,114,4,False,124
glv-j0-32,0,72,8226197,283,124,114,4,True,114
glv-j0-32,0,73,8014407,104,98,114,3,False,98
glv-j0-32,0,74,12050686,712,114,88,3,True,88
glv-j0-32,0,75,22303428,866,114,98,3,True,98
glv-j0-32,0,76,8276265,4,114,120,3,False,114
glv-j0-32,0,77,10581163,1023,98,72,4,False,98
glv-j0-32,0,78,450877,99,114,88,3,True,88
glv-j0-32,0,79,8400059,3,114,114,5,False,114
glv-j0-32,0,80,5748051,16,98,114,4,False,98
glv-j0-32,0,81,11293922,8,114,124,4,False,114
glv-j0-32,0,82,20064487,95,98,114,3,False,98
glv-j0-32,0,83,108389,851,114,88,3,True,88
glv-j0-32,0,84,14763815,1023,98,98,4,False,98
glv-j0-32,0,85,13726473,727,114,88,4,True,88
glv-j0-32,0,86,1660483,868,114,114,4,True,114
glv-j0-32,0,87,510938,614,98,114,4,True,114
glv-j0-32,0,88,13885032,144,98,118,4,True,118
glv-j0-32,0,89,14251841,95,108,88,3,False,108
glv-j0-32,0,90,10302284,728,114,108,4,True,108
glv-j0-32,0,91,2417548,366,124,134,5,False,124
glv-j0-32,0,92,19850332,610,114,98,4,True,98
glv-j0-32,0,93,17653620,1023,98,98,4,False,98
glv-j0-32,0,94,2752607,0,114,114,4,False,114
glv-j0-32,0,95,14235130,176,124,108,4,True,108
glv-j0-32,0,96,120553,742,114,114,4,True,114
glv-j0-32,0,97,2962796,1023,88,72,2,False,88
glv-j0-32,0,98,6685254,818,114,108,4,True,108
glv-j0-32,0,99,23177175,95,114,98,4,False,114
glv-j0-32,0,100,20853272,657,114,98,3,True,98
glv-j0-32,0,101,13870253,10,88,88,4,False,88
glv-j0-32,0,102,2188830,610,114,98,3,True,98
glv-j0-32,0,103,5960148,105,114,140,4,False,114
glv-j0-32,0,104,11782325,106,114,114,3,False,114
glv-j0-32,0,105,1323365,7,98,114,4,False,98
glv-j0-32,0,106,3516968,719,108,108,5,True,108
glv-j0-32,0,107,10354331,3,114,114,3,False,114
glv-j0-32,0,108,6389956,0,114,114,4,False,114
glv-j0-32,0,109,13691139,692,114,114,4,True,114
glv-j0-32,0,110,56503,346,114,118,4,False,114
glv-j0-32,0,111,22689808,1023,124,124,5,False,124
glv-j0-32,0,112,10805717,1,114,88,4,False,114
glv-j0-32,0,113,16693250,868,88,88,3,True,88
glv-j0-32,0,114,23357249,748,98,114,4,True,114
glv-j0-32,0,115,7811101,106,114,114,3,False,114
glv-j0-32,0,116,14367569,615,114,108,4,True,108
glv-j0-32,0,117,12124169,0,114,140,4,False,114
glv-j0-32,0,118,7144063,2,98,114,3,False,98
glv-j0-32,0,119,3763107,91,124,108,5,True,108
glv-j0-32,0,120,3779830,339,114,114,4,True,114
glv-j0-32,0,121,7034212,1023,98,98,4,False,98
glv-j0-32,0,122,729355,324,114,98,4,True,98
glv-j0-32,0,123,5702289,350,98,88,3,True,88
glv-j0-32,0,124,21144100,2,88,114,3,False,88
glv-j0-32,0,125,20071893,11,108,88,2,False,108
glv-j0-32,0,126,743925,105,114,150,4,False,114
glv-j0-32,0,127,14737453,613,114,88,3,True,88
glv-j0-32,0,128,13302568,8,114,120,3,False,114
glv-j0-32,0,129,6235454,110,98,98,4,False,98
glv-j0-32,0,130,5108284,874,62,62,3,False,62
glv-j0-32,0,131,22754115,248,124,114,4,True,114
glv-j0-32,0,132,1858100,1023,108,124,4,False,108
glv-j0-32,0,133,16006557,223,62,88,2,False,62
glv-j0-32,0,134,225686,2,98,114,3,False,98
glv-j0-32,0,135,5838502,1023,98,82,4,False,98
glv-j0-32,0,136,23278872,348,114,98,3,True,98
glv-j0-32,0,137,4547580,95,98,98,4,False,98
glv-j0-32,0,138,15301724,104,114,88,3,False,114
glv-j0-32,0,139,14231554,1023,72,82,3,False,72
glv-j0-32,0,140,1407750,842,88,88,4,True,88
glv-j0-32,0,141,7668838,1023,98,104,4,False,98
glv-j0-32,0,142,16063165,8,114,114,4,False,114
glv-j0-32,0,143,8834285,12,88,120,4,False,88
glv-j0-32,0,144,18562374,12,88,88,3,False,88
glv-j0-32,0,145,5952621,324,124,134,5,True,134
glv-j0-32,0,146,3142739,0,114,114,3,False,114
glv-j0-32,0,147,17984378,145,114,88,3,True,88
glv-j0-32,0,148,12238526,106,114,114,3,False,114
glv-j0-32,0,149,242532,11,124,140,5,False,124
glv-j0-32,0,150,9909437,104,114,114,4,False,114
glv-j0-32,0,151,18474936,340,114,118,4,True,118
glv-j0-32,0,152,10909407,1023,108,108,4,False,108
glv-j0-32,0,153,6059652,104,118,114,4,False,118
glv-j0-32,0,154,23677906,185,88,88,3,True,88
glv-j0-32,0,155,20184477,104,114,114,4,False,114
glv-j0-32,0,156,4891012,365,88,88,3,True,88
glv-j0-32,0,157,17610509,204,114,98,4,True,98
glv-j0-32,0,158,6817670,757,88,88,3,True,88
glv-j0-32,0,159,11365730,7,124,114,5,False,124
glv-j0-32,0,160,6571128,748,88,88,3,True,88
glv-j0-32,0,161,17981455,790,114,108,4,True,108
glv-j0-32,0,162,22972071,104,114,146,4,False,114
glv-j0-32,0,163,1116987,95,98,98,3,False,98
glv-j0-32,0,164,1228050,656,124,98,5,True,98
glv-j0-32,0,165,8952436,2,124,134,5,False,124
glv-j0-32,0,166,21766963,4,98,114,3,False,98
glv-j0-32,0,167,20236457,104,78,94,2,False,78
glv-j0-32,0,168,17889775,95,98,98,3,False,98
glv-j0-32,0,169,8982386,804,114,98,4,True,98
glv-j0-32,0,170,17028560,1023,88,72,2,False,88
glv-j0-32,0,171,11590817,231,124,124,5,True,124
glv-j0-32,0,172,17358709,1023,98,98,4,False,98
glv-j0-32,0,173,16318898,727,114,118,4,True,118
glv-j0-32,0,174,19649656,0,114,114,3,False,114
glv-j0-32,0,175,22771930,692,114,114,4,True,114
glv-j0-32,0,176,21184646,353,114,118,4,True,118
glv-j0-32,0,177,7341021,104,114,88,3,False,114
glv-j0-32,0,178,19286731,862,88,88,2,True,88
glv-j0-32,0,179,2370314,106,88,88,3,False,88
glv-j0-32,0,180,1199855,3,124,140,4,False,124
glv-j0-32,0,181,4578831,338,98,88,3,True,88
glv-j0-32,0,182,22110870,95,98,98,4,False,98
glv-j0-32,0,183,9923441,220,114,108,4,True,108
glv-j0-32,0,184,12699284,12,114,140,4,False,114
glv-j0-32,0,185,18641757,13,88,120,3,False,88
glv-j0-32,0,186,15319589,618,108,88,4,True,88
glv-j0-32,0,187,7460633,12,114,114,4,False,114
glv-j0-32,0,188,17421111,287,98,114,4,True,114
glv-j0-32,0,189,8216441,341,114,88,3,True,88
glv-j0-32,0,190,22948851,4,88,114,4,False,88
glv-j0-32,0,191,15211504,1023,98,98,4,False,98
glv-j0-32,0,192,17297770,1023,124,98,5,False,124
glv-j0-32,0,193,14862916,726,88,72,4,True,72
glv-j0-32,0,194,10125200,871,124,114,5,True,114
glv-j0-32,0,195,10638788,2,114,114,4,False,114
glv-j0-32,0,196,14435906,372,98,118,4,False,98
glv-j0-32,0,197,2586190,0,108,108,3,False,108
glv-j0-32,0,198,9693698,104,88,114,3,False,88
glv-j0-32,0,199,15851015,100,124,108,5,True,108
glv-j0-32,0,200,11682161,340,114,114,4,True,114
glv-j0-32,0,201,14857098,734,150,114,5,True,114
glv-j0-32,0,202,4640401,4,134,114,5,False,134
glv-j0-32,0,203,15221779,835,88,108,4,True,108
glv-j0-32,0,204,10922393,117,98,108,5,False,98
glv-j0-32,0,205,17060210,4,114,114,4,False,114
glv-j0-32,0,206,3606597,2,98,88,4,False,98
glv-j0-32,0,207,6610647,742,114,88,4,True,88
glv-j0-32,0,208,472369,1023,88,124,3,False,88
glv-j0-32,0,209,19441888,1,114,114,3,False,114
glv-j0-32,0,210,1059418,9,98,114,4,False,98
glv-j0-32,0,211,11849862,726,114,114,4,True,114
glv-j0-32,0,212,12120995,8,114,98,4,False,114
glv-j0-32,0,213,13893212,108,98,114,4,False,98
glv-j0-32,0,214,19150775,7,88,88,3,False,88
glv-j0-32,0,215,5442121,359,88,88,3,True,88
glv-j0-32,0,216,19997707,95,98,98,3,False,98
glv-j0-32,0,217,12206332,1023,98,124,4,False,98
glv-j0-32,0,218,16150610,219,78,62,1,False,78
glv-j0-32,0,219,2184449,12,114,114,4,False,114
glv-j0-32,0,220,8706691,742,114,98,4,True,98
glv-j0-32,0,221,16845399,2,78,88,2,False,78
glv-j0-32,0,222,23563886,751,88,88,3,False,88
glv-j0-32,0,223,4620396,104,114,114,4,False,114
glv-j0-32,0,224,11325189,161,114,88,3,True,88
glv-j0-32,0,225,5727220,376,98,108,4,True,108
glv-j0-32,0,226,18613716,105,88,88,3,False,88
glv-j0-32,0,227,4416731,3,114,114,4,False,114
glv-j0-32,0,228,14789057,1023,72,72,3,False,72
glv-j0-32,0,229,15923420,0,114,114,4,False,114
glv-j0-32,0,230,19588971,237,108,108,5,False,108
glv-j0-32,0,231,4753597,2,114,114,3,False,114
glv-j0-32,0,232,17374558,104,98,114,3,False,98
glv-j0-32,0,233,22574886,106,114,124,4,False,114
glv-j0-32,0,234,13563545,218,114,88,3,True,88
glv-j0-32,0,235,12321728,13,124,114,4,False,124
glv-j0-32,0,236,13210520,95,124,140,3,False,124
glv-j0-32,0,237,13935789,742,114,118,4,True,118
glv-j0-32,0,238,19762527,0,124,140,5,False,124
glv-j0-32,0,239,1459133,724,114,114,4,True,114
glv-j0-32,0,240,11448051,104,88,114,3,False,88
glv-j0-32,0,241,22174710,117,108,108,4,False,108
glv-j0-32,0,242,11056317,104,114,114,3,False,114
glv-j0-32,0,243,206118,239,98,108,4,False,98
glv-j0-32,0,244,14554095,862,114,114,4,True,114
glv-j0-32,0,245,16434740,104,114,114,4,False,114
glv-j0-32,0,246,18037764,875,124,88,4,True,88
glv-j0-32,0,247,3863627,105,114,120,3,False,114
glv-j0-32,0,248,18967738,2,114,114,3,False,114
glv-j0-32,0,249,965820,604,114,108,4,True,108
glv-j0-32,0,250,11480834,1023,98,118,5,False,98
glv-j0-32,0,251,969989,0,88,88,3,False,88
glv-j0-32,0,252,1018255,0,124,114,5,False,124
glv-j0-32,0,253,10024313,13,124,114,5,False,124
glv-j0-32,0,254,21879091,91,114,134,5,True,134
glv-j0-32,0,255,825349,8,98,98,3,False,98
glv-j0-32,0,256,20829,12,78,94,2,False,78
glv-j0-32,0,257,11384884,9,98,114,4,False,98
glv-j0-32,0,258,14138830,97,114,114,4,True,114
glv-j0-32,0,259,7108170,1023,88,104,3,False,88
glv-j0-32,0,260,3704052,11,98,114,4,False,98
glv-j0-32,0,261,22873178,2,88,88,4,False,88
glv-j0-32,0,262,6722736,95,88,124,3,False,88
glv-j0-32,0,263,644712,1,88,88,3,False,88
glv-j0-32,0,264,15232577,361,98,118,4,True,118
glv-j0-32,0,265,21635656,362,62,62,1,False,62
glv-j0-32,0,266,17496952,731,88,88,3,True,88
glv-j0-32,0,267,11746192,830,88,88,3,True,88
glv-j0-32,0,268,8343813,299,124,114,4,True,114
glv-j0-32,0,269,6862650,712,88,88,3,True,88
glv-j0-32,0,270,10673942,104,88,88,3,False,88
glv-j0-32,0,271,3095045,733,88,88,2,True,88
glv-j0-32,0,272,12846537,883,88,88,3,True,88
glv-j0-32,0,273,21976777,112,98,98,3,False,98
glv-j0-32,0,274,10697038,16,114,114,4,False,114
glv-j0-32,0,275,18513419,95,98,114,3,False,98
glv-j0-32,0,276,1647414,104,98,114,5,False,98
glv-j0-32,0,277,11526539,312,98,114,4,True,114
glv-j0-32,0,278,8167551,104,124,114,4,False,124
glv-j0-32,0,279,18876520,104,88,124,3,False,88
glv-j0-32,0,280,23432948,755,88,88,1,True,88
glv-j0-32,0,281,3005203,104,98,88,4,False,98
glv-j0-32,0,282,7770812,856,124,108,5,True,108
glv-j0-32,0,283,943264,305,114,98,3,True,98
glv-j0-32,0,284,7944840,372,124,140,5,False,124
glv-j0-32,0,285,19139260,7,114,114,4,False,114
glv-j0-32,0,286,14738354,7,114,114,3,False,114
glv-j0-32,0,287,17495255,359,124,108,5,True,108
glv-j0-32,0,288,20505785,375,98,98,3,False,98
glv-j0-32,0,289,2852780,629,98,108,4,False,98
glv-j0-32,0,290,11516190,877,124,108,5,True,108
glv-j0-32,0,291,8984053,104,98,114,3,False,98
glv-j0-32,0,292,7825957,879,88,88,3,False,88
glv-j0-32,0,293,11264427,337,124,108,5,True,108
glv-j0-32,0,294,9502844,728,124,108,5,True,108
glv-j0-32,0,295,20456990,114,98,108,4,True,108
glv-j0-32,0,296,17915907,731,114,114,4,True,114
glv-j0-32,0,297,13767212,668,98,88,3,True,88
glv-j0-32,0,298,18882677,8,124,114,4,False,124
glv-j0-32,0,299,13525946,2,98,88,4,False,98
glv-j0-32,0,300,16631018,4,114,114,4,False,114
glv-j0-32,0,301,5483053,104,114,114,4,False,114
glv-j0-32,0,302,11275926,1,88,114,4,False,88
glv-j0-32,0,303,8923699,1023,108,82,5,False,108
glv-j0-32,0,304,3019941,2,98,114,3,False,98
glv-j0-32,0,305,9249457,192,114,108,4,True,108
glv-j0-32,0,306,19678186,236,98,98,3,True,98
glv-j0-32,0,307,7654011,858,124,114,4,True,114
glv-j0-32,0,308,19531755,854,114,108,4,True,108
glv-j0-32,0,309,4184652,875,98,108,5,True,108
glv-j0-32,0,310,15164374,346,114,114,4,False,114
glv-j0-32,0,311,966983,1023,98,98,4,False,98
glv-j0-32,0,312,9335493,731,114,108,4,True,108
glv-j0-32,0,313,1580957,0,98,114,3,False,98
glv-j0-32,0,314,22673348,175,114,118,4,False,114
glv-j0-32,0,315,6161583,614,114,114,4,True,114
glv-j0-32,0,316,21280072,0,114,120,3,False,114
glv-j0-32,0,317,8175990,331,98,108,5,True,108
glv-j0-32,0,318,6552952,747,124,114,4,True,114
glv-j0-32,0,319,13042471,95,114,88,3,False,114
glv-j0-32,0,320,6035357,235,88,88,3,True,88
glv-j0-32,0,321,3232845,104,114,146,4,False,114
glv-j0-32,0,322,5509850,1023,124,98,5,False,124
glv-j0-32,0,323,9891484,95,114,124,3,False,114
glv-j0-32,0,324,5513787,1,114,124,3,False,114
glv-j0-32,0,325,23144719,1023,108,108,4,False,108
glv-j0-32,0,326,10365336,3,124,140,5,False,124
glv-j0-32,0,327,9113105,847,114,108,4,True,108
glv-j0-32,0,328,15975419,104,114,88,3,False,114
glv-j0-32,0,329,1468949,95,98,114,4,False,98
glv-j0-32,0,330,17309196,16,98,140,4,False,98
glv-j0-32,0,331,15884808,820,114,114,4,True,114
glv-j0-32,0,332,3427237,692,114,98,3,True,98
glv-j0-32,0,333,5270838,738,114,88,4,True,88
glv-j0-32,0,334,21012905,626,62,62,2,False,62
glv-j0-32,0,335,18056316,790,114,98,3,True,98
glv-j0-32,0,336,12267977,704,78,88,2,True,88
glv-j0-32,0,337,10559077,309,114,108,4,False,114
glv-j0-32,0,338,17873187,105,114,114,4,False,114
glv-j0-32,0,339,14384187,854,114,88,3,True,88
glv-j0-32,0,340,17189473,858,98,108,4,True,108
glv-j0-32,0,341,16924828,1023,88,72,3,False,88
glv-j0-32,0,342,10360693,2,88,88,3,False,88
glv-j0-32,0,343,20847390,354,88,88,3,True,88
glv-j0-32,0,344,4822422,710,114,108,4,True,108
glv-j0-32,0,345,5567275,874,98,108,4,False,98
glv-j0-32,0,346,12873379,104,98,114,4,False,98
glv-j0-32,0,347,20525948,1023,88,124,4,False,88
glv-j0-32,0,348,13095291,748,98,98,4,True,98
glv-j0-32,0,349,9259563,1023,88,124,4,False,88
glv-j0-32,0,350,3647054,760,98,108,4,False,98
glv-j0-32,0,351,13905039,104,114,114,3,False,114
glv-j0-32,0,352,23071071,0,114,120,3,False,114
glv-j0-32,0,353,9674829,357,114,114,4,True,114
glv-j0-32,0,354,9419602,712,88,88,3,True,88
glv-j0-32,0,355,3043151,104,98,88,3,False,98
glv-j0-32,0,356,10320858,106,124,114,5,False,124
glv-j0-32,0,357,9704294,1023,82,82,4,False,82
glv-j0-32,0,358,3543263,842,98,82,3,True,82
glv-j0-32,0,359,7941917,371,98,108,4,False,98
glv-j0-32,0,360,16264129,7,114,140,4,False,114
glv-j0-32,0,361,9243061,739,114,114,4,True,114
glv-j0-32,0,362,1253965,625,88,88,3,False,88
glv-j0-32,0,363,5618274,95,98,98,4,False,98
glv-j0-32,0,364,20275306,804,88,108,4,True,108
glv-j0-32,0,365,9560152,12,114,124,4,False,114
glv-j0-32,0,366,7245538,712,114,88,3,True,88
glv-j0-32,0,367,17491367,0,98,120,3,False,98
glv-j0-32,0,368,22028390,804,114,98,4,True,98
glv-j0-32,0,369,23360435,345,88,88,3,True,88
glv-j0-32,0,370,4079059,307,88,88,3,True,88
glv-j0-32,0,371,14189638,880,98,108,4,False,98
glv-j0-32,0,372,18913743,195,114,108,4,True,108
glv-j0-32,0,373,4509672,95,124,124,4,False,124
glv-j0-32,0,374,15869172,1023,98,98,4,False,98
glv-j0-32,0,375,7320958,201,114,98,4,True,98
glv-j0-32,0,376,12654834,0,124,114,5,False,124
glv-j0-32,0,377,3212975,363,124,108,4,True,108
glv-j0-32,0,378,12019646,106,114,114,3,False,114
glv-j0-32,0,379,15464901,8,98,114,4,False,98
glv-j0-32,0,380,8247369,95,114,114,4,False,114
glv-j0-32,0,381,16309331,100,114,98,3,True,98
glv-j0-32,0,382,12522431,1,88,114,4,False,88
glv-j0-32,0,383,18112488,864,88,88,4,True,88
glv-j0-32,0,384,12150825,3,124,140,3,False,124
glv-j0-32,0,385,11114606,1023,62,62,1,False,62
glv-j0-32,0,386,18085732,11,114,114,4,False,114
glv-j0-32,0,387,594385,630,88,88,3,False,88
glv-j0-32,0,388,121901,363,88,88,3,True,88
glv-j0-32,0,389,12111835,4,124,140,5,False,124
glv-j0-32,0,390,16403003,169,114,88,3,True,88
glv-j0-32,0,391,22246650,834,114,108,4,True,108
glv-j0-32,0,392,9549014,1023,88,104,3,False,88
glv-j0-32,0,393,22457533,861,114,98,4,True,98
glv-j0-32,0,394,10243297,102,114,118,4,True,118
glv-j0-32,0,395,7671435,3,88,88,4,False,88
glv-j0-32,0,396,10791307,688,114,114,4,True,114
glv-j0-32,0,397,16432723,93,114,98,3,True,98
glv-j0-32,0,398,7035281,716,114,88,3,True,88
glv-j0-32,0,399,21178012,360,88,88,3,True,88
glv-j0-32,0,400,17762629,105,114,114,4,False,114
glv-j0-32,0,401,1128303,754,98,108,4,False,98
glv-j0-32,0,402,2942569,104,108,124,3,False,108
glv-j0-32,0,403,16179222,0,114,120,3,False,114
glv-j0-32,0,404,10130361,726,88,88,3,True,88
glv-j0-32,0,405,21157605,95,114,88,3,False,114
glv-j0-32,0,406,15746855,3,114,114,4,False,114
glv-j0-32,0,407,14397758,1023,98,114,3,False,98
glv-j0-32,0,408,19261996,95,114,124,4,False,114
glv-j0-32,0,409,19864575,860,124,140,5,True,140
glv-j0-32,0,410,4360403,345,88,88,3,True,88
glv-j0-32,0,411,8395644,834,114,114,4,True,114
glv-j0-32,0,412,20904114,322,114,98,3,True,98
glv-j0-32,0,413,18655250,1023,108,98,4,False,108
glv-j0-32,0,414,12259787,739,88,88,3,True,88
glv-j0-32,0,415,19479245,286,98,88,4,True,88
glv-j0-32,0,416,15136576,106,114,114,3,False,114
glv-j0-32,0,417,7406449,180,114,88,3,True,88
glv-j0-32,0,418,4172631,1023,98,98,4,False,98
glv-j0-32,0,419,12036369,104,114,114,3,False,114
glv-j0-32,0,420,13936264,95,98,114,5,False,98
glv-j0-32,0,421,22659210,105,114,114,4,False,114
glv-j0-32,0,422,4751926,12,88,114,3,False,88
glv-j0-32,0,423,22224630,95,98,114,4,False,98
glv-j0-32,0,424,1275783,106,88,114,3,False,88
glv-j0-32,0,425,21566804,1,124,140,5,False,124
glv-j0-32,0,426,5472121,3,114,114,4,False,114
glv-j0-32,0,427,10680859,13,98,114,3,False,98
glv-j0-32,0,428,22014031,1023,72,72,3,False,72
glv-j0-32,0,429,6939966,95,98,98,4,False,98
glv-j0-32,0,430,12552437,1023,98,98,4,False,98
glv-j0-32,0,431,8765639,9,114,114,4,False,114
glv-j0-32,0,432,17192781,1023,72,72,2,False,72
glv-j0-32,0,433,34536,4,114,114,4,False,114
glv-j0-32,0,434,17877459,618,98,98,4,True,98
glv-j0-32,0,435,11097423,732,108,108,4,True,108
glv-j0-32,0,436,2953736,106,124,114,4,False,124
glv-j0-32,0,437,23600854,2,114,124,3,False,114
glv-j0-32,0,438,22748728,1023,108,108,4,False,108
glv-j0-32,0,439,12713371,95,124,114,4,False,124
glv-j0-32,0,440,17301334,105,114,140,3,False,114
glv-j0-32,0,441,3915770,1,124,114,5,False,124
glv-j0-32,0,442,16065778,693,88,108,4,True,108
glv-j0-32,0,443,14847016,11,114,114,3,False,114
glv-j0-32,0,444,8471784,7,114,130,3,False,114
glv-j0-32,0,445,12986654,1023,124,124,4,False,124
glv-j0-32,0,446,21969140,105,98,114,3,False,98
glv-j0-32,0,447,16868732,360,98,98,3,True,98
glv-j0-32,0,448,12443361,318,114,118,4,True,118
glv-j0-32,0,449,7952054,871,124,134,5,True,134
glv-j0-32,0,450,12143068,1023,88,98,3,False,88
glv-j0-32,0,451,20067337,13,114,140,4,False,114
glv-j0-32,0,452,13641856,100,114,118,4,True,118
glv-j0-32,0,453,9533519,105,108,108,4,False,108
glv-j0-32,0,454,6504605,12,114,114,4,False,114
glv-j0-32,0,455,14526101,722,88,114,4,True,114
glv-j0-32,0,456,1842236,361,98,98,3,True,98
glv-j0-32,0,457,23440844,242,88,88,3,False,88
glv-j0-32,0,458,21481186,104,98,114,4,False,98
glv-j0-32,0,459,8578319,95,114,114,3,False,114
glv-j0-32,0,460,21519138,343,114,98,3,True,98
glv-j0-32,0,461,17167829,8,114,114,4,False,114
glv-j0-32,0,462,19461605,206,88,88,3,True,88
glv-j0-32,0,463,10557384,104,124,114,3,False,124
glv-j0-32,0,464,1304551,616,88,88,3,True,88
glv-j0-32,0,465,13841067,104,98,98,4,False,98
glv-j0-32,0,466,1865040,842,114,114,4,True,114
glv-j0-32,0,467,9737830,95,114,88,3,False,114
glv-j0-32,0,468,17691167,104,98,114,4,False,98
glv-j0-32,0,469,22693538,333,114,88,3,True,88
glv-j0-32,0,470,21416744,1023,118,98,4,False,118
glv-j0-32,0,471,3326202,12,114,114,3,False,114
glv-j0-32,0,472,23126226,821,114,98,4,True,98
glv-j0-32,0,473,19103133,13,114,140,4,False,114
glv-j0-32,0,474,8829367,104,98,114,4,False,98
glv-j0-32,0,475,17511591,13,114,114,4,False,114
glv-j0-32,0,476,14137625,858,88,88,2,True,88
glv-j0-32,0,477,16386236,0,124,140,5,False,124
glv-j0-32,0,478,12120867,7,114,114,4,False,114
glv-j0-32,0,479,19769280,656,108,108,5,True,108
glv-j0-32,0,480,11008457,12,114,146,4,False,114
glv-j0-32,0,481,18443670,730,114,114,4,True,114
glv-j0-32,0,482,17423874,104,124,114,4,False,124
glv-j0-32,0,483,18159354,169,114,108,4,True,108
glv-j0-32,0,484,9970173,151,52,52,0,True,52
glv-j0-32,0,485,10497952,748,98,98,3,True,98
glv-j0-32,0,486,22674532,205,114,88,4,True,88
glv-j0-32,0,487,4519232,104,114,114,4,False,114
glv-j0-32,0,488,3586434,1023,62,72,3,False,62
glv-j0-32,0,489,11776860,7,124,124,4,False,124
glv-j0-32,0,490,6645121,742,114,114,4,True,114
glv-j0-32,0,491,9271338,104,98,98,5,False,98
glv-j0-32,0,492,11495738,13,114,114,4,False,114
glv-j0-32,0,493,11472504,222,98,108,4,False,98
glv-j0-32,0,494,16015748,848,114,98,4,True,98
glv-j0-32,0,495,23034670,288,78,88,2,True,88
glv-j0-32,0,496,22207288,840,88,88,3,True,88
glv-j0-32,0,497,7961894,1023,98,98,3,False,98
glv-j0-32,0,498,21312265,4,124,140,5,False,124
glv-j0-32,0,499,1282055,286,114,114,4,True,114
glv-j0-32,0,500,8264210,1023,124,124,4,False,124
glv-j0-32,0,501,22848050,226,114,114,4,True,114
glv-j0-32,0,502,939214,305,114,108,4,True,108
glv-j0-32,0,503,21047055,757,124,114,4,True,114
glv-j0-32,0,504,20239671,804,124,134,5,True,134
glv-j0-32,0,505,20339940,360,88,88,3,True,88
glv-j0-32,0,506,1665700,1023,82,82,2,False,82
glv-j0-32,0,507,14401189,657,124,108,4,True,108
glv-j0-32,0,508,19780575,795,108,88,3,True,88
glv-j0-32,0,509,23237871,673,98,88,3,True,88
glv-j0-32,0,510,3571956,8,114,114,3,False,114
glv-j0-32,0,511,13019425,363,98,114,4,True,114
glv-j0-32,0,512,3806980,658,98,88,4,True,88
glv-j0-32,0,513,18157567,4,114,114,3,False,114
glv-j0-32,0,514,17067910,104,98,146,4,False,98
glv-j0-32,0,515,10460777,371,108,108,4,False,108
glv-j0-32,0,516,14566494,111,98,114,4,False,98
glv-j0-32,0,517,22107653,104,114,114,3,False,114
glv-j0-32,0,518,15555081,104,88,88,3,False,88
glv-j0-32,0,519,12334389,224,114,114,4,False,114
glv-j0-32,0,520,9855234,8,114,120,3,False,114
glv-j0-32,0,521,5325029,247,88,88,3,False,88
glv-j0-32,0,522,17686810,2,98,114,3,False,98
glv-j0-32,0,523,9423103,207,124,134,5,True,134
glv-j0-32,0,524,10310041,1,88,120,3,False,88
glv-j0-32,0,525,13360652,95,114,114,3,False,114
glv-j0-32,0,526,431160,1,124,114,5,False,124
glv-j0-32,0,527,14662030,1023,98,98,4,False,98
glv-j0-32,0,528,15184578,835,114,98,4,True,98
glv-j0-32,0,529,12724792,615,98,82,3,True,82
glv-j0-32,0,530,16078777,603,78,62,2,True,62
glv-j0-32,0,531,14462535,11,88,88,3,False,88
glv-j0-32,0,532,15081066,1,98,114,5,False,98
glv-j0-32,0,533,20569351,1,114,114,3,False,114
glv-j0-32,0,534,15369764,300,114,88,4,True,88
glv-j0-32,0,535,754200,621,88,88,3,False,88
glv-j0-32,0,536,5269906,104,114,114,4,False,114
glv-j0-32,0,537,22411157,106,88,114,3,False,88
glv-j0-32,0,538,15020618,92,114,98,3,True,98
glv-j0-32,0,539,20143101,338,88,88,3,True,88
glv-j0-32,0,540,6005335,104,114,88,3,False,114
glv-j0-32,0,541,18245164,193,88,88,3,True,88
glv-j0-32,0,542,3245623,104,98,120,3,False,98
glv-j0-32,0,543,18211856,16,114,114,4,False,114
glv-j0-32,0,544,22139623,168,124,108,5,True,108
glv-j0-32,0,545,8905974,749,88,88,3,False,88
glv-j0-32,0,546,21708517,1023,88,98,3,False,88
glv-j0-32,0,547,7678632,8,114,140,3,False,114
glv-j0-32,0,548,9872838,11,114,146,4,False,114
glv-j0-32,0,549,18527686,857,88,88,3,False,88
glv-j0-32,0,550,13456009,298,114,98,3,True,98
glv-j0-32,0,551,11502101,106,124,114,4,False,124
glv-j0-32,0,552,1951271,0,114,114,4,False,114
glv-j0-32,0,553,10921752,95,118,114,4,False,118
glv-j0-32,0,554,3360340,606,114,114,4,True,114
glv-j0-32,0,555,15776318,760,98,114,4,False,98
glv-j0-32,0,556,20327751,860,114,114,4,True,114
glv-j0-32,0,557,23532269,105,98,114,3,False,98
glv-j0-32,0,558,13557376,1023,98,98,3,False,98
glv-j0-32,0,559,13735114,347,98,140,5,False,98
glv-j0-32,0,560,9079264,1023,88,98,3,False,88
glv-j0-32,0,561,19170866,4,114,98,3,False,114
glv-j0-32,0,562,5516416,866,114,108,4,True,108
glv-j0-32,0,563,16162533,751,108,108,4,False,108
glv-j0-32,0,564,21065257,11,114,114,4,False,114
glv-j0-32,0,565,21221136,363,124,114,4,True,114
glv-j0-32,0,566,7714720,95,114,140,4,False,114
glv-j0-32,0,567,15117889,1,124,124,4,False,124
glv-j0-32,0,568,3322038,7,124,140,5,False,124
glv-j0-32,0,569,9343659,1023,98,98,5,False,98
glv-j0-32,0,570,10489154,8,98,98,4,False,98
glv-j0-32,0,571,11768374,104,114,88,3,False,114
glv-j0-32,0,572,22791673,9,114,140,4,False,114
glv-j0-32,0,573,10484172,0,98,98,3,False,98
glv-j0-32,0,574,9746116,104,114,88,3,False,114
glv-j0-32,0,575,4453371,9,108,124,4,False,108
glv-j0-32,0,576,7944182,742,98,108,4,True,108
glv-j0-32,0,577,18069168,16,114,114,3,False,114
glv-j0-32,0,578,17273464,3,78,94,2,False,78
glv-j0-32,0,579,10589522,1023,108,124,5,False,108
glv-j0-32,0,580,5254741,3,124,114,4,False,124
glv-j0-32,0,581,315466,1023,108,124,4,False,108
glv-j0-32,0,582,7146659,16,114,146,4,False,114
glv-j0-32,0,583,2235308,7,124,140,4,False,124
glv-j0-32,0,584,6667860,104,114,88,4,False,114
glv-j0-32,0,585,1233053,8,114,114,3,False,114
glv-j0-32,0,586,13952991,299,114,114,4,True,114
glv-j0-32,0,587,4445055,609,124,108,4,True,108
glv-j0-32,0,588,5377102,333,114,98,3,True,98
glv-j0-32,0,589,12358258,1023,124,118,5,False,124
glv-j0-32,0,590,17067067,734,114,114,4,True,114
glv-j0-32,0,591,7049867,3,88,88,3,False,88
glv-j0-32,0,592,17019408,3,88,88,3,False,88
glv-j0-32,0,593,1776148,2,88,114,3,False,88
glv-j0-32,0,594,12301838,106,98,114,4,False,98
glv-j0-32,0,595,6521789,842,98,98,3,True,98
glv-j0-32,0,596,6981729,850,114,114,4,True,114
glv-j0-32,0,597,8828371,734,98,108,5,True,108
glv-j0-32,0,598,13437328,116,124,114,5,True,114
glv-j0-32,0,599,13670227,805,114,98,4,True,98
glv-j0-32,0,600,11655378,223,98,114,4,False,98
glv-j0-32,0,601,23701063,336,114,88,3,True,88
glv-j0-32,0,602,11197417,0,114,114,4,False,114
glv-j0-32,0,603,10425750,13,114,114,3,False,114
glv-j0-32,0,604,21264604,104,114,114,3,False,114
glv-j0-32,0,605,15907612,668,134,114,5,True,114
glv-j0-32,0,606,5310764,186,88,88,3,True,88
glv-j0-32,0,607,9128167,95,124,124,4,False,124
glv-j0-32,0,608,10283084,1,114,140,4,False,114
glv-j0-32,0,609,2460730,102,114,114,4,True,114
glv-j0-32,0,610,14689871,194,114,108,4,True,108
glv-j0-32,0,611,23090444,12,114,114,4,False,114
glv-j0-32,0,612,8874995,1023,88,98,3,False,88
glv-j0-32,0,613,6863253,240,98,108,4,False,98
glv-j0-32,0,614,13209393,806,114,88,3,True,88
glv-j0-32,0,615,10353304,341,114,108,4,True,108
glv-j0-32,0,616,7427805,7,88,88,3,False,88
glv-j0-32,0,617,11083046,868,114,98,4,True,98
glv-j0-32,0,618,18847211,7,88,88,3,False,88
glv-j0-32,0,619,16615569,622,98,98,4,False,98
glv-j0-32,0,620,19273250,95,88,114,3,False,88
glv-j0-32,0,621,17805834,1023,98,98,4,False,98
glv-j0-32,0,622,19830019,104,114,114,4,False,114
glv-j0-32,0,623,7938909,0,88,88,4,False,88
glv-j0-32,0,624,18132928,341,114,108,4,True,108
glv-j0-32,0,625,5317495,1023,98,124,4,False,98
glv-j0-32,0,626,20898304,104,114,114,4,False,114
glv-j0-32,0,627,2938141,104,108,124,5,False,108
glv-j0-32,0,628,357839,1023,108,108,4,False,108
glv-j0-32,0,629,22574463,106,114,114,4,False,114
glv-j0-32,0,630,4036002,104,88,88,3,False,88
glv-j0-32,0,631,13776009,617,82,82,4,False,82
glv-j0-32,0,632,20095891,751,124,114,5,False,124
glv-j0-32,0,633,5980269,722,114,98,4,True,98
glv-j0-32,0,634,10268627,335,114,88,3,True,88
glv-j0-32,0,635,3690261,222,114,118,4,False,114
glv-j0-32,0,636,20823580,11,114,114,4,False,114
glv-j0-32,0,637,10552898,657,114,108,4,True,108
glv-j0-32,0,638,11484295,13,114,114,3,False,114
glv-j0-32,0,639,21152813,104,98,114,4,False,98
glv-j0-32,0,640,8529721,1,98,114,3,False,98
glv-j0-32,0,641,13663697,11,98,140,4,False,98
glv-j0-32,0,642,20333909,1023,98,92,4,False,98
glv-j0-32,0,643,10783926,1023,98,130,4,False,98
glv-j0-32,0,644,16606625,753,88,88,3,True,88
glv-j0-32,0,645,23113193,328,114,98,3,True,98
glv-j0-32,0,646,17235009,843,108,108,4,True,108
glv-j0-32,0,647,4523244,887,98,88,4,False,98
glv-j0-32,0,648,10455978,156,108,88,3,True,88
glv-j0-32,0,649,1081432,1023,108,104,4,False,108
glv-j0-32,0,650,9395420,1023,98,98,4,False,98
glv-j0-32,0,651,16131036,3,114,114,4,False,114
glv-j0-32,0,652,3848161,105,88,88,3,False,88
glv-j0-32,0,653,14657666,348,114,88,3,True,88
glv-j0-32,0,654,13689525,877,98,114,4,True,114
glv-j0-32,0,655,18134378,1023,108,124,4,False,108
glv-j0-32,0,656,19340342,874,88,88,3,False,88
glv-j0-32,0,657,3945309,345,124,114,5,True,114
glv-j0-32,0,658,1075871,3,98,114,5,False,98
glv-j0-32,0,659,7249437,104,124,140,5,False,124
glv-j0-32,0,660,2852582,674,114,98,4,True,98
glv-j0-32,0,661,9920624,1023,88,104,3,False,88
glv-j0-32,0,662,5507747,1023,88,98,3,False,88
glv-j0-32,0,663,17652823,191,114,114,4,True,114
glv-j0-32,0,664,6472653,92,114,108,4,True,108
glv-j0-32,0,665,10259428,95,114,88,3,False,114
glv-j0-32,0,666,5982549,888,98,140,5,False,98
glv-j0-32,0,667,22043376,3,114,114,4,False,114
glv-j0-32,0,668,21575930,95,114,140,4,False,114
glv-j0-32,0,669,15005688,8,78,88,2,False,78
glv-j0-32,0,670,9573942,95,114,114,4,False,114
glv-j0-32,0,671,17001851,4,124,114,5,False,124
glv-j0-32,0,672,8562562,0,88,140,4,False,88
glv-j0-32,0,673,18728189,95,98,114,4,False,98
glv-j0-32,0,674,21651918,12,114,114,4,False,114
glv-j0-32,0,675,3266875,882,88,88,3,True,88
glv-j0-32,0,676,18375229,751,88,88,3,False,88
glv-j0-32,0,677,20905856,8,114,114,4,False,114
glv-j0-32,0,678,6631375,0,114,114,3,False,114
glv-j0-32,0,679,4217457,100,88,88,3,True,88
glv-j0-32,0,680,18491113,1023,88,98,3,False,88
glv-j0-32,0,681,14443554,105,114,114,4,False,114
glv-j0-32,0,682,16730899,2,114,94,3,False,114
glv-j0-32,0,683,12386356,1023,124,124,4,False,124
glv-j0-32,0,684,13629450,821,108,88,3,True,88
glv-j0-32,0,685,22713986,13,114,114,4,False,114
glv-j0-32,0,686,7748753,3,114,114,4,False,114
glv-j0-32,0,687,6697773,12,114,114,4,False,114
glv-j0-32,0,688,2095359,620,88,88,3,False,88
glv-j0-32,0,689,3180644,1023,98,98,3,False,98
glv-j0-32,0,690,18371711,100,114,108,4,True,108
glv-j0-32,0,691,12885237,104,124,140,4,False,124
glv-j0-32,0,692,21418527,373,72,72,3,False,72
glv-j0-32,0,693,4184155,629,98,108,5,False,98
glv-j0-32,0,694,11140969,3,124,124,5,False,124
glv-j0-32,0,695,20280601,95,114,114,3,False,114
glv-j0-32,0,696,1874211,822,114,108,4,True,108
glv-j0-32,0,697,7799019,106,114,114,4,False,114
glv-j0-32,0,698,12319907,105,114,114,4,False,114
glv-j0-32,0,699,19755907,95,114,114,4,False,114
glv-j0-32,0,700,3298687,756,98,108,4,True,108
glv-j0-32,0,701,14306283,1023,98,98,4,False,98
glv-j0-32,0,702,15404757,236,72,72,2,True,72
glv-j0-32,0,703,12950864,809,114,108,4,True,108
glv-j0-32,0,704,18924991,9,114,98,3,False,114
glv-j0-32,0,705,21183744,7,134,146,4,False,134
glv-j0-32,0,706,11734980,1023,98,124,4,False,98
glv-j0-32,0,707,12205872,7,114,114,4,False,114
glv-j0-32,0,708,2553000,620,98,114,4,False,98
glv-j0-32,0,709,22359713,318,98,88,3,True,88
glv-j0-32,0,710,3105303,354,98,82,4,True,82
glv-j0-32,0,711,5056714,91,78,72,2,True,72
glv-j0-32,0,712,10016194,2,114,114,4,False,114
glv-j0-32,0,713,4801662,855,114,98,4,True,98
glv-j0-32,0,714,17093451,8,114,114,3,False,114
glv-j0-32,0,715,20492282,0,98,98,3,False,98
glv-j0-32,0,716,20163581,95,98,114,3,False,98
glv-j0-32,0,717,15706109,884,98,98,4,False,98
glv-j0-32,0,718,2062274,104,98,114,4,False,98
glv-j0-32,0,719,3267055,736,114,88,3,True,88
glv-j0-32,0,720,21042597,858,78,88,2,True,88
glv-j0-32,0,721,9632523,612,114,98,4,True,98
glv-j0-32,0,722,19093294,104,114,120,3,False,114
glv-j0-32,0,723,15499943,325,114,98,3,True,98
glv-j0-32,0,724,18595560,697,124,124,5,True,124
glv-j0-32,0,725,22922535,851,114,108,4,True,108
glv-j0-32,0,726,10092833,704,78,62,2,True,62
glv-j0-32,0,727,7454900,104,114,114,3,False,114
glv-j0-32,0,728,12248356,835,114,114,4,True,114
glv-j0-32,0,729,2682529,341,114,88,4,True,88
glv-j0-32,0,730,22209596,0,114,114,3,False,114
glv-j0-32,0,731,21864632,617,98,108,4,False,98
glv-j0-32,0,732,5904326,705,78,88,2,True,88
glv-j0-32,0,733,9434075,820,114,98,3,True,98
glv-j0-32,0,734,8474153,4,124,114,5,False,124
glv-j0-32,0,735,14491078,2,114,140,3,False,114
glv-j0-32,0,736,20829018,8,114,146,4,False,114
glv-j0-32,0,737,11109303,2,114,114,4,False,114
glv-j0-32,0,738,5523571,705,88,88,4,True,88
glv-j0-32,0,739,629190,869,114,114,4,True,114
glv-j0-32,0,740,7730772,849,114,88,3,True,88
glv-j0-32,0,741,15453801,335,114,88,3,True,88
glv-j0-32,0,742,14266147,728,114,98,3,True,98
glv-j0-32,0,743,16510442,0,114,114,4,False,114
glv-j0-32,0,744,9423469,1023,98,98,4,False,98
glv-j0-32,0,745,17532043,91,114,108,4,True,108
glv-j0-32,0,746,16624304,315,114,108,4,True,108
glv-j0-32,0,747,4648882,620,108,114,4,False,108
glv-j0-32,0,748,20178562,712,88,88,3,True,88
glv-j0-32,0,749,22884681,104,98,98,5,False,98
glv-j0-32,0,750,11881628,0,88,88,3,False,88
glv-j0-32,0,751,11978914,334,114,114,4,True,114
glv-j0-32,0,752,17822551,365,124,114,4,True,114
glv-j0-32,0,753,20708892,104,114,114,3,False,114
glv-j0-32,0,754,16937879,1023,98,98,4,False,98
glv-j0-32,0,755,23146427,877,98,108,4,True,108
glv-j0-32,0,756,19877198,1023,98,98,4,False,98
glv-j0-32,0,757,17587445,338,114,98,4,True,98
glv-j0-32,0,758,22632367,175,124,134,5,False,124
glv-j0-32,0,759,14940858,687,114,88,3,True,88
glv-j0-32,0,760,20380526,363,98,88,4,True,88
glv-j0-32,0,761,18180698,292,114,88,3,True,88
glv-j0-32,0,762,11565509,104,88,98,3,False,88
glv-j0-32,0,763,22127866,16,108,120,3,False,108
glv-j0-32,0,764,11548728,8,98,114,4,False,98
glv-j0-32,0,765,21421251,730,114,108,4,True,108
glv-j0-32,0,766,15211397,16,98,114,4,False,98
glv-j0-32,0,767,8543535,221,114,98,3,True,98
glv-j0-32,0,768,22341233,105,114,140,4,False,114
glv-j0-32,0,769,22613144,9,114,114,3,False,114
glv-j0-32,0,770,22167356,829,114,108,4,True,108
glv-j0-32,0,771,9778465,8,114,114,4,False,114
glv-j0-32,0,772,13596165,871,114,114,4,True,114
glv-j0-32,0,773,1351058,7,98,114,5,False,98
glv-j0-32,0,774,4161440,840,114,114,4,True,114
glv-j0-32,0,775,16112877,16,124,140,4,False,124
glv-j0-32,0,776,16692300,100,114,88,4,True,88
glv-j0-32,0,777,10461895,193,114,88,3,True,88
glv-j0-32,0,778,5459476,334,124,134,5,True,134
glv-j0-32,0,779,15890215,746,88,88,3,True,88
glv-j0-32,0,780,723110,1023,88,98,3,False,88
glv-j0-32,0,781,13118605,328,114,98,4,True,98
glv-j0-32,0,782,16525589,707,114,118,4,True,118
glv-j0-32,0,783,8654042,106,98,98,4,False,98
glv-j0-32,0,784,11157810,6,88,120,3,False,88
glv-j0-32,0,785,8041291,658,88,88,4,True,88
glv-j0-32,0,786,516128,107,114,120,4,False,114
glv-j0-32,0,787,12261757,0,114,114,4,False,114
glv-j0-32,0,788,23600429,105,98,114,3,False,98
glv-j0-32,0,789,20617433,1023,98,98,5,False,98
glv-j0-32,0,790,19516235,223,98,114,4,False,98
glv-j0-32,0,791,7991145,366,88,88,3,False,88
glv-j0-32,0,792,17651195,865,78,62,2,True,62
glv-j0-32,0,793,20785380,95,114,114,4,False,114
glv-j0-32,0,794,14810630,742,88,88,3,True,88
glv-j0-32,0,795,6748332,95,114,114,4,False,114
glv-j0-32,0,796,5491293,712,114,108,4,True,108
glv-j0-32,0,797,15123549,106,98,114,4,False,98
glv-j0-32,0,798,7837648,612,114,114,4,True,114
glv-j0-32,0,799,15592603,305,108,98,3,True,98
glv-j0-32,0,800,2964810,8,114,140,3,False,114
glv-j0-32,0,801,14095100,192,88,114,4,True,114
glv-j0-32,0,802,1465205,612,114,118,4,True,118
glv-j0-32,0,803,14241971,1023,124,124,4,False,124
glv-j0-32,0,804,18730712,8,114,114,3,False,114
glv-j0-32,0,805,4956628,95,98,114,3,False,98
glv-j0-32,0,806,2516047,231,114,98,3,True,98
glv-j0-32,0,807,20226384,11,114,114,4,False,114
glv-j0-32,0,808,5331318,11,98,120,3,False,98
glv-j0-32,0,809,22525872,0,88,88,3,False,88
glv-j0-32,0,810,21054131,95,114,140,4,False,114
glv-j0-32,0,811,15996070,353,114,114,4,True,114
glv-j0-32,0,812,6467337,286,114,108,4,True,108
glv-j0-32,0,813,14744090,686,114,88,3,True,88
glv-j0-32,0,814,11173560,880,88,88,3,False,88
glv-j0-32,0,815,918264,116,98,114,4,True,114
glv-j0-32,0,816,14682375,848,98,114,4,True,114
glv-j0-32,0,817,10645128,7,114,114,3,False,114
glv-j0-32,0,818,2389620,1023,72,72,3,False,72
glv-j0-32,0,819,23064477,608,88,88,3,True,88
glv-j0-32,0,820,9377226,212,88,72,2,True,72
glv-j0-32,0,821,9014175,344,114,98,3,True,98
glv-j0-32,0,822,3966849,95,98,98,5,False,98
glv-j0-32,0,823,484662,8,114,114,3,False,114
glv-j0-32,0,824,20282090,865,114,118,4,True,118
glv-j0-32,0,825,9543934,176,98,98,3,True,98
glv-j0-32,0,826,11669120,0,124,140,5,False,124
glv-j0-32,0,827,17307517,7,88,146,4,False,88
glv-j0-32,0,828,3558802,371,98,98,3,False,98
glv-j0-32,0,829,20577666,7,114,114,3,False,114
glv-j0-32,0,830,2890121,236,88,88,3,True,88
glv-j0-32,0,831,11355726,298,124,88,4,True,88
glv-j0-32,0,832,4318351,12,114,124,3,False,114
glv-j0-32,0,833,12607102,356,88,88,3,True,88
glv-j0-32,0,834,12686719,726,78,88,2,True,88
glv-j0-32,0,835,7125954,2,134,134,5,False,134
glv-j0-32,0,836,14371151,7,114,114,4,False,114
glv-j0-32,0,837,5851738,104,114,114,4,False,114
glv-j0-32,0,838,2187860,604,88,88,3,True,88
glv-j0-32,0,839,9820571,8,124,140,5,False,124
glv-j0-32,0,840,22935065,360,98,98,4,True,98
glv-j0-32,0,841,15047335,104,108,124,4,False,108
glv-j0-32,0,842,16427385,1,114,88,3,False,114
glv-j0-32,0,843,7807911,16,114,140,4,False,114
glv-j0-32,0,844,19035525,728,114,114,4,True,114
glv-j0-32,0,845,14085947,1,88,94,2,False,88
glv-j0-32,0,846,1314757,106,114,114,4,False,114
glv-j0-32,0,847,6354834,746,88,88,3,True,88
glv-j0-32,0,848,5872026,12,124,114,4,False,124
glv-j0-32,0,849,5863668,359,88,108,4,True,108
glv-j0-32,0,850,17559167,95,114,140,4,False,114
glv-j0-32,0,851,12399350,1023,98,72,4,False,98
glv-j0-32,0,852,5735538,1023,124,130,4,False,124
glv-j0-32,0,853,6022963,888,98,88,4,False,98
glv-j0-32,0,854,12914563,0,98,98,5,False,98
glv-j0-32,0,855,16274567,107,88,88,3,False,88
glv-j0-32,0,856,20777752,308,114,114,4,True,114
glv-j0-32,0,857,1908786,823,114,108,4,True,108
glv-j0-32,0,858,6796939,606,114,98,3,True,98
glv-j0-32,0,859,17575490,8,114,114,4,False,114
glv-j0-32,0,860,20020890,299,78,62,2,True,62
glv-j0-32,0,861,10705049,858,114,108,4,True,108
glv-j0-32,0,862,21945184,2,98,98,4,False,98
glv-j0-32,0,863,19432666,345,98,88,3,True,88
glv-j0-32,0,864,3416319,3,124,134,5,False,124
glv-j0-32,0,865,110739,847,98,88,4,True,88
glv-j0-32,0,866,7614668,100,114,88,3,True,88
glv-j0-32,0,867,17757029,104,98,114,4,False,98
glv-j0-32,0,868,3650908,687,114,88,3,True,88
glv-j0-32,0,869,14464479,11,114,114,4,False,114
glv-j0-32,0,870,16451471,114,98,108,4,True,108
glv-j0-32,0,871,15251821,3,78,78,1,False,78
glv-j0-32,0,872,8708305,707,114,98,4,True,98
glv-j0-32,0,873,14796805,12,114,114,4,False,114
glv-j0-32,0,874,14314848,755,98,108,4,True,108
glv-j0-32,0,875,4843906,2,124,114,5,False,124
glv-j0-32,0,876,16606808,739,114,88,3,True,88
glv-j0-32,0,877,12017750,211,114,114,4,True,114
glv-j0-32,0,878,22883485,99,88,88,3,True,88
glv-j0-32,0,879,2209156,855,88,88,3,True,88
glv-j0-32,0,880,23383989,830,114,114,4,True,114
glv-j0-32,0,881,15244355,887,72,72,3,False,72
glv-j0-32,0,882,5622135,610,114,88,3,True,88
glv-j0-32,0,883,23272500,187,88,88,3,True,88
glv-j0-32,0,884,22205784,104,114,146,4,False,114
glv-j0-32,0,885,19601663,294,98,108,4,True,108
glv-j0-32,0,886,17585286,231,114,98,3,True,98
glv-j0-32,0,887,3864520,2,98,98,5,False,98
glv-j0-32,0,888,14658447,616,62,62,1,True,62
glv-j0-32,0,889,3697517,4,114,114,4,False,114
glv-j0-32,0,890,16141985,822,88,108,4,True,108
glv-j0-32,0,891,8089320,1023,108,98,4,False,108
glv-j0-32,0,892,16514665,2,114,114,4,False,114
glv-j0-32,0,893,17427795,106,114,88,4,False,114
glv-j0-32,0,894,17289589,352,114,114,4,True,114
glv-j0-32,0,895,4653780,1023,98,82,4,False,98
glv-j0-32,0,896,7502295,2,124,140,5,False,124
glv-j0-32,0,897,22899748,4,114,98,4,False,114
glv-j0-32,0,898,15524215,211,124,140,5,True,140
glv-j0-32,0,899,18370423,11,124,140,5,False,124
glv-j0-32,0,900,13897509,365,98,98,3,True,98
glv-j0-32,0,901,20572084,818,88,88,3,True,88
glv-j0-32,0,902,18551123,348,88,114,4,True,114
glv-j0-32,0,903,4099232,103,114,108,4,True,108
glv-j0-32,0,904,15991926,336,114,114,4,True,114
glv-j0-32,0,905,453965,859,114,108,4,False,114
glv-j0-32,0,906,2120375,223,124,114,4,False,124
glv-j0-32,0,907,5051575,366,98,118,4,False,98
glv-j0-32,0,908,10403378,298,114,118,4,True,118
glv-j0-32,0,909,11438816,328,118,118,4,True,118
glv-j0-32,0,910,13496972,104,108,124,4,False,108
glv-j0-32,0,911,15539022,1023,98,98,4,False,98
glv-j0-32,0,912,20929222,663,124,134,5,True,134
glv-j0-32,0,913,11407537,1023,82,82,4,False,82
glv-j0-32,0,914,16879599,104,98,114,4,False,98
glv-j0-32,0,915,13824636,1023,88,104,3,False,88
glv-j0-32,0,916,14878285,813,114,114,4,True,114
glv-j0-32,0,917,4318213,2,114,114,3,False,114
glv-j0-32,0,918,21581667,3,124,166,5,False,124
glv-j0-32,0,919,2951487,820,114,114,4,True,114
glv-j0-32,0,920,12024180,3,114,114,4,False,114
glv-j0-32,0,921,23516357,749,108,108,4,False,108
glv-j0-32,0,922,2630595,1023,98,98,3,False,98
glv-j0-32,0,923,13545442,850,114,114,4,True,114
glv-j0-32,0,924,16054296,106,124,114,4,False,124
glv-j0-32,0,925,11277200,95,114,114,4,False,114
glv-j0-32,0,926,17236475,104,108,114,3,False,108
glv-j0-32,0,927,15476266,757,88,88,2,True,88
glv-j0-32,0,928,16907021,752,98,108,4,False,98
glv-j0-32,0,929,9521430,12,88,88,3,False,88
glv-j0-32,0,930,2546956,8,124,114,5,False,124
glv-j0-32,0,931,20655920,3,98,114,4,False,98
glv-j0-32,0,932,20703928,92,114,114,4,True,114
glv-j0-32,0,933,7080298,357,98,82,3,True,82
glv-j0-32,0,934,14304760,105,98,98,3,False,98
glv-j0-32,0,935,1375367,225,114,98,3,True,98
glv-j0-32,0,936,14822539,760,98,108,4,False,98
glv-j0-32,0,937,18421585,104,124,114,5,False,124
glv-j0-32,0,938,17186871,104,114,114,3,False,114
glv-j0-32,0,939,11696038,95,88,104,2,False,88
glv-j0-32,0,940,22615805,321,104,108,4,False,104
glv-j0-32,0,941,19117595,180,114,114,4,True,114
glv-j0-32,0,942,23200006,104,88,88,3,False,88
glv-j0-32,0,943,9685462,328,114,88,4,True,88
glv-j0-32,0,944,20425188,739,114,114,4,True,114
glv-j0-32,0,945,1897395,0,114,120,3,False,114
glv-j0-32,0,946,20343201,117,98,114,4,False,98
glv-j0-32,0,947,15007106,1023,88,72,3,False,88
glv-j0-32,0,948,3159214,104,114,114,3,False,114
glv-j0-32,0,949,6378869,833,114,114,4,True,114
glv-j0-32,0,950,2226564,345,114,108,4,True,108
glv-j0-32,0,951,13933772,114,62,62,2,True,62
glv-j0-32,0,952,14312795,206,114,114,4,True,114
glv-j0-32,0,953,4535617,295,78,62,1,True,62
glv-j0-32,0,954,16928035,1023,98,98,4,False,98
glv-j0-32,0,955,17075131,91,114,114,4,True,114
glv-j0-32,0,956,10329830,9,88,88,4,False,88
glv-j0-32,0,957,7589938,329,114,114,4,True,114
glv-j0-32,0,958,3265560,663,134,114,5,True,114
glv-j0-32,0,959,17907610,1023,124,98,4,False,124
glv-j0-32,0,960,16309159,104,98,114,4,False,98
glv-j0-32,0,961,22852115,1023,88,104,3,False,88
glv-j0-32,0,962,10327397,92,98,108,4,True,108
glv-j0-32,0,963,20255667,1023,108,98,4,False,108
glv-j0-32,0,964,6095241,837,114,98,4,True,98
glv-j0-32,0,965,22205820,104,114,114,4,False,114
glv-j0-32,0,966,7330036,364,98,108,4,False,98
glv-j0-32,0,967,3499926,843,114,88,3,True,88
glv-j0-32,0,968,9393999,8,124,140,5,False,124
glv-j0-32,0,969,18977332,0,98,88,3,False,98
glv-j0-32,0,970,2435359,705,114,98,3,True,98
glv-j0-32,0,971,5545630,8,114,114,4,False,114
glv-j0-32,0,972,10051833,0,114,88,4,False,114
glv-j0-32,0,973,18739636,361,98,108,4,True,108
glv-j0-32,0,974,10120625,8,114,114,3,False,114
glv-j0-32,0,975,5018665,95,114,146,4,False,114
glv-j0-32,0,976,1369852,95,114,88,3,False,114
glv-j0-32,0,977,3730912,722,88,88,3,True,88
glv-j0-32,0,978,16506959,1023,88,72,2,False,88
glv-j0-32,0,979,14884056,104,88,88,3,False,88
glv-j0-32,0,980,23119107,7,114,114,4,False,114
glv-j0-32,0,981,23030900,0,150,114,5,False,150
glv-j0-32,0,982,10595274,731,114,118,4,True,118
glv-j0-32,0,983,23057090,871,88,88,3,True,88
glv-j0-32,0,984,8854307,3,82,98,3,False,82
glv-j0-32,0,985,8943831,118,98,108,4,True,108
glv-j0-32,0,986,4372469,1,124,124,4,False,124
glv-j0-32,0,987,10053066,356,114,108,4,True,108
glv-j0-32,0,988,14588067,1023,98,98,4,False,98
glv-j0-32,0,989,2770875,95,134,114,5,False,134
glv-j0-32,0,990,2080152,1,114,114,3,False,114
glv-j0-32,0,991,3002734,8,114,140,4,False,114
glv-j0-32,0,992,9350777,7,124,114,5,False,124
glv-j0-32,0,993,13941423,614,98,88,3,True,88
glv-j0-32,0,994,7968160,12,114,114,4,False,114
glv-j0-32,0,995,12005494,857,114,88,3,False,114
glv-j0-32,0,996,9735151,95,114,114,4,False,114
glv-j0-32,0,997,2503730,1023,98,124,4,False,98
glv-j0-32,0,998,13118554,104,98,114,5,False,98
glv-j0-32,0,999,9843706,339,124,140,5,True,140
glv-j0-32,0,1000,11978570,13,114,98,4,False,114
glv-j0-32,0,1001,21689671,346,124,108,5,False,124
glv-j0-32,0,1002,1516988,11,114,114,4,False,114
glv-j0-32,0,1003,18637523,12,114,114,4,False,114
glv-j0-32,0,1004,14249655,4,108,108,4,False,108
glv-j0-32,0,1005,204741,239,98,108,4,False,98
glv-j0-32,0,1006,1655522,7,114,114,4,False,114
glv-j0-32,0,1007,20250573,104,98,98,3,False,98
glv-j0-32,0,1008,7548799,1,88,120,3,False,88
glv-j0-32,0,1009,11579641,754,82,82,3,False,82
glv-j0-32,0,1010,22136892,95,114,114,3,False,114
glv-j0-32,0,1011,14565385,626,88,88,3,False,88
glv-j0-32,0,1012,15744438,358,88,88,3,True,88
glv-j0-32,0,1013,4776001,340,114,114,4,True,114
glv-j0-32,0,1014,4956375,12,114,98,3,False,114
glv-j0-32,0,1015,9098647,2,114,150,4,False,114
glv-j0-32,0,1016,14148139,888,98,108,4,False,98
glv-j0-32,0,1017,6809619,107,98,98,3,False,98
glv-j0-32,0,1018,599537,11,114,114,3,False,114
glv-j0-32,0,1019,13428857,723,114,108,4,True,108
glv-j0-32,0,1020,5300083,12,114,114,4,False,114
glv-j0-32,0,1021,10207253,105,114,140,4,False,114
glv-j0-32,0,1022,2567848,235,108,98,5,True,98
glv-j0-32,0,1023,5835371,2,114,114,5,False,114
glv-j0-32,0,1024,16488567,215,114,114,4,True,114
glv-j0-32,0,1025,1124445,104,98,88,3,False,98
glv-j0-32,0,1026,166391,8,114,98,3,False,114
glv-j0-32,0,1027,23671533,3,114,114,3,False,114
glv-j0-32,0,1028,10050468,716,114,88,3,True,88
glv-j0-32,0,1029,17436197,854,114,108,4,True,108
glv-j0-32,0,1030,13133704,151,124,108,5,True,108
glv-j0-32,0,1031,9544549,235,98,108,4,True,108
glv-j0-32,0,1032,20803923,1023,124,104,4,False,124
glv-j0-32,0,1033,16317615,185,114,98,3,True,98
glv-j0-32,0,1034,4430380,180,114,114,4,True,114
glv-j0-32,0,1035,12188398,603,98,88,3,True,88
glv-j0-32,0,1036,6398280,98,114,98,3,True,98
glv-j0-32,0,1037,14382800,29,42,42,0,False,42
glv-j0-32,0,1038,18016103,95,98,114,4,False,98
glv-j0-32,0,1039,7460750,704,98,82,4,True,82
glv-j0-32,0,1040,20288669,3,114,114,3,False,114
glv-j0-32,0,1041,12982312,349,114,114,4,True,114
glv-j0-32,0,1042,17940625,806,114,88,3,True,88
glv-j0-32,0,1043,3521288,7,114,98,3,False,114
glv-j0-32,0,1044,5443109,1023,98,98,3,False,98
glv-j0-32,0,1045,2126638,1023,108,98,5,False,108
glv-j0-32,0,1046,12305237,355,114,88,4,True,88
glv-j0-32,0,1047,6364104,104,98,114,4,False,98
glv-j0-32,0,1048,1389401,104,98,114,3,False,98
glv-j0-32,0,1049,5800053,3,98,114,5,False,98
glv-j0-32,0,1050,13704065,833,114,108,4,True,108
glv-j0-32,0,1051,17758472,104,98,114,3,False,98
glv-j0-32,0,1052,22537053,7,134,134,5,False,134
glv-j0-32,0,1053,11038996,730,124,108,5,True,108
glv-j0-32,0,1054,6851324,1023,108,98,5,False,108
glv-j0-32,0,1055,5126744,104,114,140,4,False,114
glv-j0-32,0,1056,6581489,0,114,114,4,False,114
glv-j0-32,0,1057,13495576,11,108,124,4,False,108
glv-j0-32,0,1058,23497961,4,98,114,3,False,98
glv-j0-32,0,1059,10427761,1023,88,98,3,False,88
glv-j0-32,0,1060,19780937,106,114,114,3,False,114
glv-j0-32,0,1061,20044313,199,114,114,4,True,114
glv-j0-32,0,1062,6972515,0,114,114,4,False,114
glv-j0-32,0,1063,8757503,885,98,114,4,False,98
glv-j0-32,0,1064,5541529,95,114,114,4,False,114
glv-j0-32,0,1065,9039475,699,98,82,4,True,82
glv-j0-32,0,1066,22674148,871,114,114,4,True,114
glv-j0-32,0,1067,12774979,2,114,114,3,False,114
glv-j0-32,0,1068,2785580,7,114,114,4,False,114
glv-j0-32,0,1069,19279105,817,114,108,4,True,108
glv-j0-32,0,1070,9166349,95,114,114,3,False,114
glv-j0-32,0,1071,14989326,226,114,108,4,True,108
glv-j0-32,0,1072,20424706,1023,98,130,4,False,98
glv-j0-32,0,1073,12701738,2,114,114,3,False,114
glv-j0-32,0,1074,19266953,1023,82,82,3,False,82
glv-j0-32,0,1075,6401023,873,108,108,4,True,108
glv-j0-32,0,1076,3469823,723,108,98,3,True,98
glv-j0-32,0,1077,14612292,723,114,108,4,True,108
glv-j0-32,0,1078,5975821,861,114,108,4,True,108
glv-j0-32,0,1079,7999094,717,78,62,2,True,62
glv-j0-32,0,1080,18081574,718,114,108,4,True,108
glv-j0-32,0,1081,20892762,608,124,114,5,True,114
glv-j0-32,0,1082,23148350,873,98,88,4,True,88
glv-j0-32,0,1083,16812164,1023,72,72,4,False,72
glv-j0-32,0,1084,9151667,144,98,62,3,True,62
glv-j0-32,0,1085,4115824,4,88,94,3,False,88
glv-j0-32,0,1086,8808601,1,98,98,4,False,98
glv-j0-32,0,1087,16924053,7,114,114,3,False,114
glv-j0-32,0,1088,15560376,104,124,114,5,False,124
glv-j0-32,0,1089,8082387,106,124,166,5,False,124
glv-j0-32,0,1090,9252116,105,114,114,3,False,114
glv-j0-32,0,1091,2824027,16,114,114,4,False,114
glv-j0-32,0,1092,1305738,340,88,108,4,True,108
glv-j0-32,0,1093,4588949,4,114,114,4,False,114
glv-j0-32,0,1094,17822762,724,114,88,3,True,88
glv-j0-32,0,1095,16316373,185,88,72,3,True,72
glv-j0-32,0,1096,7175646,9,114,114,4,False,114
glv-j0-32,0,1097,14460596,1023,124,98,4,False,124
glv-j0-32,0,1098,18311019,829,114,114,4,True,114
glv-j0-32,0,1099,16182063,11,114,114,4,False,114
glv-j0-32,0,1100,5290607,1023,72,72,2,False,72
glv-j0-32,0,1101,13855404,693,114,98,3,True,98
glv-j0-32,0,1102,2353126,359,124,108,4,True,108
glv-j0-32,0,1103,18995886,12,114,114,4,False,114
glv-j0-32,0,1104,17048686,4,78,94,2,False,78
glv-j0-32,0,1105,14460765,342,114,114,4,True,114
glv-j0-32,0,1106,1636879,628,88,88,3,True,88
glv-j0-32,0,1107,12176015,104,114,114,4,False,114
glv-j0-32,0,1108,1018629,3,124,124,5,False,124
glv-j0-32,0,1109,681194,2,98,114,3,False,98
glv-j0-32,0,1110,7329825,116,124,114,4,True,114
glv-j0-32,0,1111,21116659,106,98,114,4,False,98
glv-j0-32,0,1112,22931069,360,88,88,3,True,88
glv-j0-32,0,1113,9721454,2,124,134,5,False,124
glv-j0-32,0,1114,21133292,1023,98,98,4,False,98
glv-j0-32,0,1115,18147196,16,114,114,4,False,114
glv-j0-32,0,1116,1429113,104,114,114,4,False,114
glv-j0-32,0,1117,6240011,355,88,88,3,True,88
glv-j0-32,0,1118,16638888,0,114,114,4,False,114
glv-j0-32,0,1119,15965394,0,114,114,4,False,114
glv-j0-32,0,1120,3457941,1023,124,98,4,False,124
glv-j0-32,0,1121,13808500,681,114,114,4,True,114
glv-j0-32,0,1122,7544570,104,114,114,4,False,114
glv-j0-32,0,1123,18786935,756,88,88,3,True,88
glv-j0-32,0,1124,3636994,753,62,62,1,True,62
glv-j0-32,0,1125,16343902,6,114,146,4,False,114
glv-j0-32,0,1126,20873740,104,98,114,3,False,98
glv-j0-32,0,1127,10153450,845,114,108,4,True,108
glv-j0-32,0,1128,14942807,1023,108,104,4,False,108
glv-j0-32,0,1129,22602782,11,114,114,4,False,114
glv-j0-32,0,1130,3105091,614,114,114,4,True,114
glv-j0-32,0,1131,9114856,859,114,88,3,False,114
glv-j0-32,0,1132,5717194,95,114,114,3,False,114
glv-j0-32,0,1133,23128847,818,114,88,3,True,88
glv-j0-32,0,1134,5762832,1023,82,82,4,False,82
glv-j0-32,0,1135,11340052,117,72,72,3,False,72
glv-j0-32,0,1136,2630483,728,114,98,3,True,98
glv-j0-32,0,1137,4049203,104,98,140,4,False,98
glv-j0-32,0,1138,13191044,711,124,108,5,True,108
glv-j0-32,0,1139,15846024,1023,88,104,3,False,88
glv-j0-32,0,1140,2139148,104,114,114,4,False,114
glv-j0-32,0,1141,22585021,16,78,88,2,False,78
glv-j0-32,0,1142,11112257,1023,98,98,4,False,98
glv-j0-32,0,1143,11640538,611,124,140,5,True,140
glv-j0-32,0,1144,23357348,361,124,114,4,True,114
glv-j0-32,0,1145,15227508,369,108,124,5,True,124
glv-j0-32,0,1146,14323271,104,114,114,3,False,114
glv-j0-32,0,1147,7119910,1023,108,98,4,False,108
glv-j0-32,0,1148,7010692,9,114,98,4,False,114
glv-j0-32,0,1149,17797595,356,114,118,4,True,118
glv-j0-32,0,1150,22389673,620,72,72,3,False,72
glv-j0-32,0,1151,2839576,145,78,72,2,True,72
glv-j0-32,0,1152,11910832,95,88,114,2,False,88
glv-j0-32,0,1153,20926179,615,114,88,3,True,88
glv-j0-32,0,1154,8654312,106,124,140,4,False,124
glv-j0-32,0,1155,2474830,95,114,114,4,False,114
glv-j0-32,0,1156,7183677,95,124,114,5,False,124
glv-j0-32,0,1157,20255701,723,114,108,4,True,108
glv-j0-32,0,1158,18930044,352,114,108,4,True,108
glv-j0-32,0,1159,16745361,105,98,98,3,False,98
glv-j0-32,0,1160,12365997,343,114,114,4,True,114
glv-j0-32,0,1161,6992343,7,124,124,3,False,124
glv-j0-32,0,1162,6861770,876,88,88,3,False,88
glv-j0-32,0,1163,1052466,237,98,108,4,False,98
glv-j0-32,0,1164,1285204,8,114,114,4,False,114
glv-j0-32,0,1165,21133799,1023,98,82,4,False,98
glv-j0-32,0,1166,12566311,8,98,114,4,False,98
glv-j0-32,0,1167,21950062,1023,98,124,4,False,98
glv-j0-32,0,1168,12196033,278,88,88,2,False,88
glv-j0-32,0,1169,23678083,101,114,88,3,True,88
glv-j0-32,0,1170,17838354,1,88,114,3,False,88
glv-j0-32,0,1171,3372901,817,124,98,5,True,98
glv-j0-32,0,1172,2820311,95,98,88,4,False,98
glv-j0-32,0,1173,6431748,1023,124,124,5,False,124
glv-j0-32,0,1174,18413339,717,114,88,4,True,88
glv-j0-32,0,1175,12469018,692,114,98,3,True,98
glv-j0-32,0,1176,1857811,7,114,114,4,False,114
glv-j0-32,0,1177,22834892,3,124,114,5,False,124
glv-j0-32,0,1178,17943934,9,134,134,5,False,134
glv-j0-32,0,1179,2418334,248,88,88,3,True,88
glv-j0-32,0,1180,7995033,1,114,114,4,False,114
glv-j0-32,0,1181,19817402,0,78,88,2,False,78
glv-j0-32,0,1182,7557110,845,88,88,3,True,88
glv-j0-32,0,1183,16297273,833,114,114,4,True,114
glv-j0-32,0,1184,19900795,1023,108,98,4,False,108
glv-j0-32,0,1185,14181659,1023,98,124,3,False,98
glv-j0-32,0,1186,20663449,1023,88,98,3,False,88
glv-j0-32,0,1187,16884581,95,114,114,4,False,114
glv-j0-32,0,1188,21420270,0,114,114,4,False,114
glv-j0-32,0,1189,8100035,8,88,88,3,False,88
glv-j0-32,0,1190,3115524,8,52,68,2,False,52
glv-j0-32,0,1191,1739895,2,108,124,3,False,108
glv-j0-32,0,1192,1847739,242,88,88,3,False,88
glv-j0-32,0,1193,22589872,104,108,114,4,False,108
glv-j0-32,0,1194,19264988,1023,88,72,3,False,88
glv-j0-32,0,1195,20120728,145,114,88,3,True,88
glv-j0-32,0,1196,5119935,344,88,108,4,True,108
glv-j0-32,0,1197,12135981,176,78,72,2,True,72
glv-j0-32,0,1198,935321,1,114,98,3,False,114
glv-j0-32,0,1199,8498618,104,78,88,2,False,78
glv-j0-32,0,1200,21763040,192,114,114,4,True,114
glv-j0-32,0,1201,19014290,0,114,150,4,False,114
glv-j0-32,0,1202,2540004,1023,98,124,5,False,98
glv-j0-32,0,1203,13699388,312,114,114,4,True,114
glv-j0-32,0,1204,4604622,629,98,140,5,False,98
glv-j0-32,0,1205,4747899,0,114,114,4,False,114
glv-j0-32,0,1206,20163422,95,114,88,3,False,114
glv-j0-32,0,1207,17538691,680,114,114,4,True,114
glv-j0-32,0,1208,20794012,156,114,98,3,True,98
glv-j0-32,0,1209,21488679,4,124,124,4,False,124
glv-j0-32,0,1210,13514112,755,88,88,2,True,88
glv-j0-32,0,1211,7423920,7,124,114,5,False,124
glv-j0-32,0,1212,16242496,106,114,114,4,False,114
glv-j0-32,0,1213,7696446,698,114,118,4,True,118
glv-j0-32,0,1214,13910090,7,114,120,3,False,114
glv-j0-32,0,1215,17391648,847,114,114,4,True,114
glv-j0-32,0,1216,18612477,95,98,114,4,False,98
glv-j0-32,0,1217,21488213,235,98,108,4,True,108
glv-j0-32,0,1218,14830834,106,114,114,3,False,114
glv-j0-32,0,1219,18785720,756,98,108,4,True,108
glv-j0-32,0,1220,8788795,739,114,98,3,True,98
glv-j0-32,0,1221,12589104,12,98,114,5,False,98
glv-j0-32,0,1222,10493232,7,114,114,3,False,114
glv-j0-32,0,1223,15060310,1023,108,98,5,False,108
glv-j0-32,0,1224,15535646,105,98,98,3,False,98
glv-j0-32,0,1225,22671575,4,108,114,3,False,108
glv-j0-32,0,1226,10468733,609,114,88,3,True,88
glv-j0-32,0,1227,23425479,7,98,114,3,False,98
glv-j0-32,0,1228,4751123,95,114,114,4,False,114
glv-j0-32,0,1229,13014518,200,98,88,3,True,88
glv-j0-32,0,1230,12581055,106,114,146,4,False,114
glv-j0-32,0,1231,21198491,1023,108,92,4,False,108
glv-j0-32,0,1232,12222480,370,98,114,4,False,98
glv-j0-32,0,1233,13027079,346,88,88,3,False,88
glv-j0-32,0,1234,16938753,8,114,88,4,False,114
glv-j0-32,0,1235,6062972,1,114,114,4,False,114
glv-j0-32,0,1236,11572000,790,108,88,3,True,88
glv-j0-32,0,1237,18182055,95,114,114,4,False,114
glv-j0-32,0,1238,13637466,0,78,114,3,False,78
glv-j0-32,0,1239,13993234,9,114,114,4,False,114
glv-j0-32,0,1240,15803989,95,114,114,3,False,114
glv-j0-32,0,1241,5779687,95,114,114,4,False,114
glv-j0-32,0,1242,19321648,0,114,114,4,False,114
glv-j0-32,0,1243,3019509,733,114,108,4,True,108
glv-j0-32,0,1244,10134350,1023,124,130,4,False,124
glv-j0-32,0,1245,16572915,609,114,114,4,True,114
glv-j0-32,0,1246,677995,877,108,108,4,True,108
glv-j0-32,0,1247,9787879,204,88,88,3,True,88
glv-j0-32,0,1248,4348318,112,88,88,3,False,88
glv-j0-32,0,1249,16076305,710,114,118,4,True,118
glv-j0-32,0,1250,112420,846,114,114,4,True,114
glv-j0-32,0,1251,22914857,1023,98,98,4,False,98
glv-j0-32,0,1252,7293526,2,114,114,4,False,114
glv-j0-32,0,1253,9708137,373,88,88,3,False,88
glv-j0-32,0,1254,21110244,1023,124,98,4,False,124
glv-j0-32,0,1255,3756031,756,98,108,4,True,108
glv-j0-32,0,1256,17508613,4,114,114,4,False,114
glv-j0-32,0,1257,7087249,315,98,88,3,True,88
glv-j0-32,0,1258,13039093,0,114,114,4,False,114
glv-j0-32,0,1259,13737035,104,88,124,3,False,88
glv-j0-32,0,1260,13831566,105,78,94,2,False,78
glv-j0-32,0,1261,2334909,95,124,140,4,False,124
glv-j0-32,0,1262,11992321,1023,88,72,2,False,88
glv-j0-32,0,1263,6819686,680,114,88,4,True,88
glv-j0-32,0,1264,4099620,104,114,114,3,False,114
glv-j0-32,0,1265,18197583,2,134,140,5,False,134
glv-j0-32,0,1266,1024201,0,114,114,5,False,114
glv-j0-32,0,1267,4977930,96,114,98,3,True,98
glv-j0-32,0,1268,15477949,191,114,88,3,True,88
glv-j0-32,0,1269,21007859,1023,108,124,4,False,108
glv-j0-32,0,1270,154795,8,114,146,4,False,114
glv-j0-32,0,1271,17634306,235,98,98,4,True,98
glv-j0-32,0,1272,12073062,0,98,88,4,False,98
glv-j0-32,0,1273,5833286,12,62,98,2,False,62
glv-j0-32,0,1274,14504794,1,114,114,3,False,114
glv-j0-32,0,1275,14440051,247,98,98,3,False,98
glv-j0-32,0,1276,7709633,11,98,98,3,False,98
glv-j0-32,0,1277,18980653,297,114,108,4,True,108
glv-j0-32,0,1278,8030481,373,98,118,4,False,98
glv-j0-32,0,1279,2794289,95,114,114,4,False,114
glv-j0-32,0,1280,22970988,104,114,114,4,False,114
glv-j0-32,0,1281,1628874,1023,98,98,4,False,98
glv-j0-32,0,1282,7577743,1023,88,98,3,False,88
glv-j0-32,0,1283,16072258,215,114,98,3,True,98
glv-j0-32,0,1284,17548761,342,88,88,3,True,88
glv-j0-32,0,1285,10152649,812,88,88,3,True,88
glv-j0-32,0,1286,988246,1,114,114,4,False,114
glv-j0-32,0,1287,19668142,96,98,82,5,True,82
glv-j0-32,0,1288,6334824,311,98,114,4,True,114
glv-j0-32,0,1289,9886522,335,114,98,4,True,98
glv-j0-32,0,1290,14225061,874,98,98,4,False,98
glv-j0-32,0,1291,12832995,8,114,114,3,False,114
glv-j0-32,0,1292,22699377,334,88,108,4,True,108
glv-j0-32,0,1293,7090489,4,108,114,4,False,108
glv-j0-32,0,1294,8790886,234,98,114,4,False,98
glv-j0-32,0,1295,16775605,1023,88,104,3,False,88
glv-j0-32,0,1296,21381303,749,62,62,3,False,62
glv-j0-32,0,1297,15797205,104,118,114,4,False,118
glv-j0-32,0,1298,6929653,12,124,140,5,False,124
glv-j0-32,0,1299,735139,821,124,114,4,True,114
glv-j0-32,0,1300,15526756,187,78,88,2,True,88
glv-j0-32,0,1301,14412559,11,88,88,3,False,88
glv-j0-32,0,1302,21258549,707,88,62,3,True,62
glv-j0-32,0,1303,1320424,2,114,114,3,False,114
glv-j0-32,0,1304,18683960,0,114,114,4,False,114
glv-j0-32,0,1305,1439387,321,98,114,4,False,98
glv-j0-32,0,1306,4793262,13,114,114,4,False,114
glv-j0-32,0,1307,5224726,115,98,108,4,False,98
glv-j0-32,0,1308,13538829,106,108,114,5,False,108
glv-j0-32,0,1309,14761114,95,114,88,3,False,114
glv-j0-32,0,1310,11059017,1,114,114,4,False,114
glv-j0-32,0,1311,3300289,192,114,108,4,True,108
glv-j0-32,0,1312,841235,119,98,98,3,True,98
glv-j0-32,0,1313,4809941,225,114,88,3,True,88
glv-j0-32,0,1314,22000626,1023,98,98,4,False,98
glv-j0-32,0,1315,14502441,95,98,114,5,False,98
glv-j0-32,0,1316,18271491,846,124,140,5,True,140
glv-j0-32,0,1317,14750561,298,88,108,4,True,108
glv-j0-32,0,1318,5869197,2,114,114,3,False,114
glv-j0-32,0,1319,2337456,199,114,134,5,True,134
glv-j0-32,0,1320,23047948,106,114,120,3,False,114
glv-j0-32,0,1321,16655358,105,114,146,4,False,114
glv-j0-32,0,1322,3951440,95,114,114,4,False,114
glv-j0-32,0,1323,23193361,872,98,98,3,False,98
glv-j0-32,0,1324,13513248,755,88,88,3,True,88
glv-j0-32,0,1325,14145565,629,98,108,4,False,98
glv-j0-32,0,1326,17358666,846,114,114,4,True,114
glv-j0-32,0,1327,917412,693,114,114,4,True,114
glv-j0-32,0,1328,1613991,8,114,114,4,False,114
glv-j0-32,0,1329,4471137,741,88,88,3,True,88
glv-j0-32,0,1330,12238986,3,88,114,3,False,88
glv-j0-32,0,1331,2714294,146,108,108,5,True,108
glv-j0-32,0,1332,10279928,104,114,114,4,False,114
glv-j0-32,0,1333,13744337,2,114,114,4,False,114
glv-j0-32,0,1334,6502848,107,98,134,5,False,98
glv-j0-32,0,1335,9424131,115,98,108,4,False,98
glv-j0-32,0,1336,18634203,716,88,114,4,True,114
glv-j0-32,0,1337,16684458,13,114,114,4,False,114
glv-j0-32,0,1338,10537885,117,98,108,4,False,98
glv-j0-32,0,1339,17526474,373,88,88,3,False,88
glv-j0-32,0,1340,13134387,370,118,118,4,False,118
glv-j0-32,0,1341,12822693,343,88,114,4,True,114
glv-j0-32,0,1342,3976545,623,98,114,4,False,98
glv-j0-32,0,1343,526276,104,98,114,4,False,98
glv-j0-32,0,1344,22007850,95,114,114,4,False,114
glv-j0-32,0,1345,20274247,3,88,88,3,False,88
glv-j0-32,0,1346,1173641,621,88,88,3,False,88
glv-j0-32,0,1347,595950,105,98,98,3,False,98
glv-j0-32,0,1348,14444402,731,114,114,4,True,114
glv-j0-32,0,1349,6255682,2,98,114,5,False,98
glv-j0-32,0,1350,7107840,1023,88,104,3,False,88
glv-j0-32,0,1351,17891576,835,114,118,4,True,118
glv-j0-32,0,1352,12430616,367,98,114,4,False,98
glv-j0-32,0,1353,18013927,2,98,114,4,False,98
glv-j0-32,0,1354,3354028,732,114,88,3,True,88
glv-j0-32,0,1355,22674109,8,114,120,4,False,114
glv-j0-32,0,1356,9180867,8,88,88,3,False,88
glv-j0-32,0,1357,19897412,12,114,120,3,False,114
glv-j0-32,0,1358,5187803,194,88,88,3,True,88
glv-j0-32,0,1359,15251502,104,88,94,2,False,88
glv-j0-32,0,1360,5688008,719,88,88,3,True,88
glv-j0-32,0,1361,11399995,106,114,114,4,False,114
glv-j0-32,0,1362,1348091,13,78,98,2,False,78
glv-j0-32,0,1363,11495470,2,124,114,5,False,124
glv-j0-32,0,1364,7436791,95,98,114,4,False,98
glv-j0-32,0,1365,20276458,9,114,114,4,False,114
glv-j0-32,0,1366,11711710,1023,124,98,4,False,124
glv-j0-32,0,1367,15420042,95,98,114,4,False,98
glv-j0-32,0,1368,17764906,7,104,114,4,False,104
glv-j0-32,0,1369,23653880,3,124,140,5,False,124
glv-j0-32,0,1370,22174442,215,114,108,4,True,108
glv-j0-32,0,1371,9511298,613,114,114,4,True,114
glv-j0-32,0,1372,23056113,372,88,88,2,False,88
glv-j0-32,0,1373,22206394,3,98,114,3,False,98
glv-j0-32,0,1374,18160618,211,114,108,4,True,108
glv-j0-32,0,1375,6787797,620,98,118,4,False,98
glv-j0-32,0,1376,19870253,104,114,114,4,False,114
glv-j0-32,0,1377,3932230,879,98,114,4,False,98
glv-j0-32,0,1378,7962442,751,98,114,4,False,98
glv-j0-32,0,1379,14067552,1023,98,118,5,False,98
glv-j0-32,0,1380,14943078,731,88,72,4,True,72
glv-j0-32,0,1381,11332959,8,98,114,3,False,98
glv-j0-32,0,1382,5890316,104,114,114,3,False,114
glv-j0-32,0,1383,7366277,104,114,114,4,False,114
glv-j0-32,0,1384,16578915,615,78,88,2,True,88
glv-j0-32,0,1385,18559466,0,114,114,4,False,114
glv-j0-32,0,1386,2179894,104,114,114,3,False,114
glv-j0-32,0,1387,6551297,1023,98,98,3,False,98
glv-j0-32,0,1388,12464300,1023,88,98,3,False,88
glv-j0-32,0,1389,6337094,656,108,108,4,True,108
glv-j0-32,0,1390,17043498,299,114,98,4,True,98
glv-j0-32,0,1391,10889426,104,88,94,2,False,88
glv-j0-32,0,1392,11786464,13,114,150,4,False,114
glv-j0-32,0,1393,10694568,1023,88,78,2,False,88
glv-j0-32,0,1394,11282509,93,98,114,4,True,114
glv-j0-32,0,1395,9728449,1023,98,108,4,False,98
glv-j0-32,0,1396,9471827,95,114,120,3,False,114
glv-j0-32,0,1397,21979542,3,114,114,4,False,114
glv-j0-32,0,1398,3969113,829,114,118,4,True,118
glv-j0-32,0,1399,9692537,104,98,114,4,False,98
glv-j0-32,0,1400,12932717,706,78,88,2,True,88
glv-j0-32,0,1401,7791513,616,98,88,4,True,88
glv-j0-32,0,1402,8937473,818,114,98,4,True,98
glv-j0-32,0,1403,19894830,614,114,114,4,True,114
glv-j0-32,0,1404,17744196,738,78,62,2,True,62
glv-j0-32,0,1405,18523010,104,108,108,5,False,108
glv-j0-32,0,1406,15081829,340,98,108,5,True,108
glv-j0-32,0,1407,14293887,7,98,124,4,False,98
glv-j0-32,0,1408,23337329,16,114,146,4,False,114
glv-j0-32,0,1409,20880063,199,114,108,4,True,108
glv-j0-32,0,1410,12923988,106,114,114,4,False,114
glv-j0-32,0,1411,23092885,753,98,98,3,True,98
glv-j0-32,0,1412,13385713,860,124,98,5,True,98
glv-j0-32,0,1413,6472902,865,114,88,4,True,88
glv-j0-32,0,1414,5783046,357,114,88,3,True,88
glv-j0-32,0,1415,11318395,1023,62,78,2,False,62
glv-j0-32,0,1416,11254104,228,98,108,4,True,108
glv-j0-32,0,1417,6896920,104,114,88,3,False,114
glv-j0-32,0,1418,4731886,1023,88,72,3,False,88
glv-j0-32,0,1419,18840770,95,124,150,4,False,124
glv-j0-32,0,1420,20647490,344,114,114,4,True,114
glv-j0-32,0,1421,22063486,613,88,88,3,True,88
glv-j0-32,0,1422,21378532,192,124,114,5,True,114
glv-j0-32,0,1423,23034561,106,78,78,1,False,78
glv-j0-32,0,1424,22373526,0,98,114,3,False,98
glv-j0-32,0,1425,4505041,104,108,88,4,False,108
glv-j0-32,0,1426,10180052,295,114,88,3,True,88
glv-j0-32,0,1427,13676973,95,114,114,4,False,114
glv-j0-32,0,1428,13943115,716,114,114,4,True,114
glv-j0-32,0,1429,22061386,8,98,98,3,False,98
glv-j0-32,0,1430,19643086,307,78,62,2,True,62
glv-j0-32,0,1431,3987000,350,114,98,3,True,98
glv-j0-32,0,1432,22820447,344,114,140,5,True,140
glv-j0-32,0,1433,2029471,1,88,88,3,False,88
glv-j0-32,0,1434,6660260,726,88,88,3,True,88
glv-j0-32,0,1435,2354064,711,114,88,3,True,88
glv-j0-32,0,1436,18927656,339,88,88,4,True,88
glv-j0-32,0,1437,4737571,95,114,114,3,False,114
glv-j0-32,0,1438,5349612,186,114,114,4,True,114
glv-j0-32,0,1439,2676400,220,114,108,4,True,108
glv-j0-32,0,1440,6103094,723,114,114,4,True,114
glv-j0-32,0,1441,6678296,3,114,114,4,False,114
glv-j0-32,0,1442,15107003,631,88,88,3,True,88
glv-j0-32,0,1443,18756830,7,114,114,4,False,114
glv-j0-32,0,1444,16622443,1023,88,124,3,False,88
glv-j0-32,0,1445,13887135,1023,98,108,4,False,98
glv-j0-32,0,1446,18588576,2,114,114,4,False,114
glv-j0-32,0,1447,13674718,11,114,114,4,False,114
glv-j0-32,0,1448,14469559,2,114,140,3,False,114
glv-j0-32,0,1449,10771354,1023,98,98,4,False,98
glv-j0-32,0,1450,517723,12,114,114,4,False,114
glv-j0-32,0,1451,17321383,879,98,140,5,False,98
glv-j0-32,0,1452,10175925,1023,124,98,4,False,124
glv-j0-32,0,1453,6196684,0,114,120,4,False,114
glv-j0-32,0,1454,13487572,104,124,114,5,False,124
glv-j0-32,0,1455,13960691,1023,82,82,3,False,82
glv-j0-32,0,1456,23423832,7,88,88,4,False,88
glv-j0-32,0,1457,13154349,3,98,98,4,False,98
glv-j0-32,0,1458,19116132,220,114,114,4,True,114
glv-j0-32,0,1459,20079269,224,114,108,4,False,114
glv-j0-32,0,1460,442450,1,114,114,3,False,114
glv-j0-32,0,1461,15449301,13,114,114,4,False,114
glv-j0-32,0,1462,22491816,297,88,88,3,True,88
glv-j0-32,0,1463,2235729,1023,108,98,4,False,108
glv-j0-32,0,1464,7847968,308,114,98,3,True,98
glv-j0-32,0,1465,1648915,616,108,108,4,True,108
glv-j0-32,0,1466,11191459,0,150,172,5,False,150
glv-j0-32,0,1467,6963305,2,114,114,3,False,114
glv-j0-32,0,1468,5265391,835,108,108,4,True,108
glv-j0-32,0,1469,18465881,330,124,134,5,True,134
glv-j0-32,0,1470,3663365,812,124,140,5,True,140
glv-j0-32,0,1471,21205752,4,114,114,4,False,114
glv-j0-32,0,1472,13307312,737,124,108,5,True,108
glv-j0-32,0,1473,18082496,681,114,108,4,True,108
glv-j0-32,0,1474,6425160,106,98,88,4,False,98
glv-j0-32,0,1475,9184264,309,114,114,4,False,114
glv-j0-32,0,1476,11801046,1023,98,130,4,False,98
glv-j0-32,0,1477,19503048,109,98,98,4,False,98
glv-j0-32,0,1478,19564125,3,98,98,3,False,98
glv-j0-32,0,1479,2306762,104,114,114,4,False,114
glv-j0-32,0,1480,6515619,104,114,88,4,False,114
glv-j0-32,0,1481,14479793,615,114,98,4,True,98
glv-j0-32,0,1482,6006762,0,78,94,2,False,78
glv-j0-32,0,1483,10376741,1023,88,72,3,False,88
glv-j0-32,0,1484,7522199,104,98,140,3,False,98
glv-j0-32,0,1485,4765161,750,98,108,4,False,98
glv-j0-32,0,1486,16287270,888,98,108,4,False,98
glv-j0-32,0,1487,8372062,356,114,108,4,True,108
glv-j0-32,0,1488,16854356,860,78,62,2,True,62
glv-j0-32,0,1489,14371110,1023,124,98,4,False,124
glv-j0-32,0,1490,17594460,95,98,114,4,False,98
glv-j0-32,0,1491,13907044,2,114,114,4,False,114
glv-j0-32,0,1492,2285113,95,98,114,4,False,98
glv-j0-32,0,1493,13270432,236,98,98,4,True,98
glv-j0-32,0,1494,12006106,92,114,88,3,True,88
glv-j0-32,0,1495,20379602,95,98,114,4,False,98
glv-j0-32,0,1496,10163404,375,98,114,4,False,98
glv-j0-32,0,1497,23169871,8,88,88,4,False,88
glv-j0-32,0,1498,7504523,1023,124,98,4,False,124
glv-j0-32,0,1499,21923311,1023,98,72,4,False,98
glv-j0-32,0,1500,15254569,321,134,114,5,False,134
glv-j0-32,0,1501,6198952,247,108,118,5,False,108
glv-j0-32,0,1502,10157533,4,88,114,3,False,88
glv-j0-32,0,1503,14024428,751,98,108,4,False,98
glv-j0-32,0,1504,14090161,13,114,114,4,False,114
glv-j0-32,0,1505,12019834,0,108,114,3,False,108
glv-j0-32,0,1506,5435500,867,88,88,3,False,88
glv-j0-32,0,1507,14809804,215,114,88,3,True,88
glv-j0-32,0,1508,623078,16,42,42,0,False,42
glv-j0-32,0,1509,5317204,1023,98,134,4,False,98
glv-j0-32,0,1510,21148765,345,114,114,4,True,114
glv-j0-32,0,1511,8166053,119,88,88,3,True,88
glv-j0-32,0,1512,5311251,95,62,94,2,False,62
glv-j0-32,0,1513,8547103,104,108,108,5,False,108
glv-j0-32,0,1514,5010478,1023,98,98,4,False,98
glv-j0-32,0,1515,10792916,740,124,108,5,True,108
glv-j0-32,0,1516,12081116,191,114,114,4,True,114
glv-j0-32,0,1517,13650933,698,114,88,3,True,88
glv-j0-32,0,1518,12719100,1023,98,98,4,False,98
glv-j0-32,0,1519,22449807,104,114,140,4,False,114
glv-j0-32,0,1520,9485142,98,114,88,3,True,88
glv-j0-32,0,1521,13319766,104,98,114,4,False,98
glv-j0-32,0,1522,5090026,817,124,108,5,True,108
glv-j0-32,0,1523,21163527,104,114,120,3,False,114
glv-j0-32,0,1524,23583629,806,114,98,3,True,98
glv-j0-32,0,1525,19971634,242,98,114,4,False,98
glv-j0-32,0,1526,18573217,104,114,150,4,False,114
glv-j0-32,0,1527,1872671,7,124,114,5,False,124
glv-j0-32,0,1528,11930986,881,108,108,4,False,108
glv-j0-32,0,1529,9380713,231,114,114,4,True,114
glv-j0-32,0,1530,7313608,13,98,98,4,False,98
glv-j0-32,0,1531,6762153,12,88,124,4,False,88
glv-j0-32,0,1532,18565666,757,124,114,4,True,114
glv-j0-32,0,1533,16144429,707,98,108,4,True,108
glv-j0-32,0,1534,18581441,169,114,114,4,True,114
glv-j0-32,0,1535,12558264,360,98,98,3,True,98
glv-j0-32,0,1536,200152,753,124,140,5,True,140
glv-j0-32,0,1537,4787403,95,114,114,4,False,114
glv-j0-32,0,1538,22401091,611,114,98,4,True,98
glv-j0-32,0,1539,18257487,244,98,108,4,False,98
glv-j0-32,0,1540,11490079,811,114,88,3,True,88
glv-j0-32,0,1541,7902431,95,98,140,5,False,98
glv-j0-32,0,1542,4430823,162,124,140,5,False,124
glv-j0-32,0,1543,11129795,875,98,98,3,True,98
glv-j0-32,0,1544,18720074,299,124,140,5,True,140
glv-j0-32,0,1545,6184125,850,124,108,5,True,108
glv-j0-32,0,1546,12027136,1,114,114,3,False,114
glv-j0-32,0,1547,19627410,756,124,114,4,True,114
glv-j0-32,0,1548,20065484,4,114,114,4,False,114
glv-j0-32,0,1549,21718126,95,114,140,4,False,114
glv-j0-32,0,1550,1503311,739,124,108,4,True,108
glv-j0-32,0,1551,1676583,692,114,114,4,True,114
glv-j0-32,0,1552,13970862,755,88,88,3,True,88
glv-j0-32,0,1553,23590723,7,114,114,4,False,114
glv-j0-32,0,1554,2291167,7,98,114,3,False,98
glv-j0-32,0,1555,2704151,2,114,114,4,False,114
glv-j0-32,0,1556,11299400,719,114,108,4,True,108
glv-j0-32,0,1557,17518816,95,88,120,3,False,88
glv-j0-32,0,1558,5844250,95,98,114,4,False,98
glv-j0-32,0,1559,1659892,862,114,108,4,True,108
glv-j0-32,0,1560,23567617,621,124,114,4,False,124
glv-j0-32,0,1561,23623770,818,114,108,4,True,108
glv-j0-32,0,1562,10728323,95,114,88,4,False,114
glv-j0-32,0,1563,22800354,1023,108,124,4,False,108
glv-j0-32,0,1564,19844734,235,88,88,3,True,88
glv-j0-32,0,1565,12842914,198,124,98,5,True,98
glv-j0-32,0,1566,12674338,748,108,108,4,True,108
glv-j0-32,0,1567,10903315,3,114,114,4,False,114
glv-j0-32,0,1568,13533667,9,88,88,3,False,88
glv-j0-32,0,1569,2840696,759,72,72,3,False,72
glv-j0-32,0,1570,17489582,118,98,88,4,True,88
glv-j0-32,0,1571,2290776,850,98,88,3,True,88
glv-j0-32,0,1572,2074450,7,114,114,4,False,114
glv-j0-32,0,1573,21061235,104,114,114,4,False,114
glv-j0-32,0,1574,23098425,248,88,88,3,True,88
glv-j0-32,0,1575,22128885,1023,88,98,3,False,88
glv-j0-32,0,1576,8371170,354,114,108,4,True,108
glv-j0-32,0,1577,22661776,1023,124,108,4,False,124
glv-j0-32,0,1578,13047281,1023,72,114,4,False,72
glv-j0-32,0,1579,20331408,105,88,88,3,False,88
glv-j0-32,0,1580,15378632,3,98,140,4,False,98
glv-j0-32,0,1581,6995898,354,124,108,4,True,108
glv-j0-32,0,1582,12768463,7,88,114,2,False,88
glv-j0-32,0,1583,15987888,104,114,114,4,False,114
glv-j0-32,0,1584,19034288,95,114,114,3,False,114
glv-j0-32,0,1585,3204491,1023,108,98,4,False,108
glv-j0-32,0,1586,20400335,1023,98,98,4,False,98
glv-j0-32,0,1587,20512995,13,88,88,3,False,88
glv-j0-32,0,1588,22720597,102,88,114,4,True,114
glv-j0-32,0,1589,23655220,238,124,114,4,True,114
glv-j0-32,0,1590,3174045,729,114,98,3,True,98
glv-j0-32,0,1591,5691413,738,124,108,4,True,108
glv-j0-32,0,1592,20368481,4,78,94,2,False,78
glv-j0-32,0,1593,14425712,11,88,88,3,False,88
glv-j0-32,0,1594,4515067,1023,88,72,2,False,88
glv-j0-32,0,1595,4785524,104,114,124,4,False,114
glv-j0-32,0,1596,18848284,8,98,98,4,False,98
glv-j0-32,0,1597,17323770,206,88,88,3,True,88
glv-j0-32,0,1598,3316494,7,114,114,4,False,114
glv-j0-32,0,1599,14402791,726,114,108,4,True,108
glv-j0-32,0,1600,1507692,95,98,114,3,False,98
glv-j0-32,0,1601,7273178,757,88,88,3,True,88
glv-j0-32,0,1602,19838649,228,88,62,3,True,62
glv-j0-32,0,1603,12847967,236,88,88,3,True,88
glv-j0-32,0,1604,5407750,288,114,114,4,True,114
glv-j0-32,0,1605,15257149,95,82,98,4,False,82
glv-j0-32,0,1606,12144688,1023,88,72,3,False,88
glv-j0-32,0,1607,14005867,104,62,88,3,False,62
glv-j0-32,0,1608,10964221,219,114,98,3,False,114
glv-j0-32,0,1609,9695105,106,98,88,3,False,98
glv-j0-32,0,1610,10300162,119,98,98,4,True,98
glv-j0-32,0,1611,18255846,608,114,108,4,True,108
glv-j0-32,0,1612,16250813,16,114,114,3,False,114
glv-j0-32,0,1613,15858360,13,98,114,4,False,98
glv-j0-32,0,1614,11362775,0,98,114,3,False,98
glv-j0-32,0,1615,19061636,7,88,124,4,False,88
glv-j0-32,0,1616,9522321,12,114,114,3,False,114
glv-j0-32,0,1617,8008243,1,104,114,4,False,104
glv-j0-32,0,1618,23522269,622,98,98,4,False,98
glv-j0-32,0,1619,4936190,753,98,114,4,True,114
glv-j0-32,0,1620,1778390,95,98,98,4,False,98
glv-j0-32,0,1621,13434055,879,88,88,3,False,88
glv-j0-32,0,1622,18334511,887,98,108,4,False,98
glv-j0-32,0,1623,18420722,629,98,118,4,False,98
glv-j0-32,0,1624,11499125,248,88,88,3,True,88
glv-j0-32,0,1625,15304078,812,98,88,3,True,88
glv-j0-32,0,1626,6481811,824,114,114,4,True,114
glv-j0-32,0,1627,22104876,354,114,108,4,True,108
glv-j0-32,0,1628,7291222,106,114,88,4,False,114
glv-j0-32,0,1629,7091170,310,114,108,4,True,108
glv-j0-32,0,1630,3835003,102,114,114,4,True,114
glv-j0-32,0,1631,9579142,713,114,88,3,True,88
glv-j0-32,0,1632,4032879,104,134,140,4,False,134
glv-j0-32,0,1633,15446616,226,88,88,3,True,88
glv-j0-32,0,1634,15914144,104,124,114,4,False,124
glv-j0-32,0,1635,17337513,104,114,114,3,False,114
glv-j0-32,0,1636,15249163,299,134,108,5,True,108
glv-j0-32,0,1637,234020,845,98,108,4,True,108
glv-j0-32,0,1638,10026750,0,114,114,4,False,114
glv-j0-32,0,1639,7461669,105,114,114,4,False,114
glv-j0-32,0,1640,8379386,357,124,114,5,True,114
glv-j0-32,0,1641,18337598,884,72,72,3,False,72
glv-j0-32,0,1642,18643052,8,78,68,1,False,78
glv-j0-32,0,1643,8497912,705,88,88,3,True,88
glv-j0-32,0,1644,1198658,13,124,114,5,False,124
glv-j0-32,0,1645,1180957,7,98,114,3,False,98
glv-j0-32,0,1646,9605533,0,114,146,4,False,114
glv-j0-32,0,1647,4624727,95,114,114,4,False,114
glv-j0-32,0,1648,8544258,1023,98,118,4,False,98
glv-j0-32,0,1649,18813675,1,124,114,5,False,124
glv-j0-32,0,1650,19893605,710,114,108,4,True,108
glv-j0-32,0,1651,16699748,217,114,88,3,True,88
glv-j0-32,0,1652,20671010,104,82,82,4,False,82
glv-j0-32,0,1653,217064,7,88,114,3,False,88
glv-j0-32,0,1654,5598388,3,114,114,4,False,114
glv-j0-32,0,1655,7575260,241,124,134,5,True,134
glv-j0-32,0,1656,1522301,322,78,88,2,True,88
glv-j0-32,0,1657,2124843,13,98,88,4,False,98
glv-j0-32,0,1658,18349794,12,124,114,5,False,124
glv-j0-32,0,1659,13314419,723,114,108,4,True,108
glv-j0-32,0,1660,11640107,3,114,114,4,False,114
glv-j0-32,0,1661,20766764,1023,88,78,2,False,88
glv-j0-32,0,1662,16498266,242,62,62,3,False,62
glv-j0-32,0,1663,7980835,0,124,140,5,False,124
glv-j0-32,0,1664,18614663,836,114,98,3,True,98
glv-j0-32,0,1665,14932198,118,88,88,3,True,88
glv-j0-32,0,1666,16379988,610,114,114,4,True,114
glv-j0-32,0,1667,13300983,1023,98,98,4,False,98
glv-j0-32,0,1668,5584858,0,114,114,3,False,114
glv-j0-32,0,1669,4895515,199,88,72,4,True,72
glv-j0-32,0,1670,21368505,9,88,88,3,False,88
glv-j0-32,0,1671,15308302,1,114,140,4,False,114
glv-j0-32,0,1672,388636,95,98,98,4,False,98
glv-j0-32,0,1673,16362459,240,82,82,4,False,82
glv-j0-32,0,1674,10596737,1023,98,98,5,False,98
glv-j0-32,0,1675,11967940,1023,124,124,4,False,124
glv-j0-32,0,1676,6113761,114,118,118,4,True,118
glv-j0-32,0,1677,20911565,104,114,88,3,False,114
glv-j0-32,0,1678,21054394,201,88,114,4,True,114
glv-j0-32,0,1679,21052493,620,98,108,4,False,98
glv-j0-32,0,1680,3049474,842,114,114,4,True,114
glv-j0-32,0,1681,14980799,722,124,140,5,True,140
glv-j0-32,0,1682,13054372,210,88,108,4,True,108
glv-j0-32,0,1683,3335247,118,98,108,4,True,108
glv-j0-32,0,1684,9174526,356,108,88,3,True,88
glv-j0-32,0,1685,20947450,3,88,120,3,False,88
glv-j0-32,0,1686,16419009,8,98,114,3,False,98
glv-j0-32,0,1687,2347469,630,88,88,3,False,88
glv-j0-32,0,1688,8425906,2,114,114,3,False,114
glv-j0-32,0,1689,16134164,307,114,108,4,True,108
glv-j0-32,0,1690,4157300,1023,82,82,4,False,82
glv-j0-32,0,1691,1185406,335,114,108,4,True,108
glv-j0-32,0,1692,14364625,9,124,114,5,False,124
glv-j0-32,0,1693,16205651,626,98,108,4,False,98
glv-j0-32,0,1694,9475873,0,114,114,3,False,114
glv-j0-32,0,1695,18851942,3,114,114,4,False,114
glv-j0-32,0,1696,17347747,16,114,114,3,False,114
glv-j0-32,0,1697,13061874,710,114,114,5,True,114
glv-j0-32,0,1698,811298,331,108,98,3,True,98
glv-j0-32,0,1699,11511023,727,114,118,4,True,118
glv-j0-32,0,1700,442081,1,114,114,3,False,114
glv-j0-32,0,1701,12095336,1023,98,98,4,False,98
glv-j0-32,0,1702,16315716,865,88,72,4,True,72
glv-j0-32,0,1703,10131924,704,98,108,4,True,108
glv-j0-32,0,1704,3330170,1023,124,98,4,False,124
glv-j0-32,0,1705,5292345,16,114,114,4,False,114
glv-j0-32,0,1706,8112885,8,114,114,4,False,114
glv-j0-32,0,1707,22975402,95,98,114,3,False,98
glv-j0-32,0,1708,23159967,8,114,114,4,False,114
glv-j0-32,0,1709,8337528,1,114,140,4,False,114
glv-j0-32,0,1710,16440578,161,98,98,3,True,98
glv-j0-32,0,1711,18312090,8,114,114,4,False,114
glv-j0-32,0,1712,5498847,343,88,88,3,True,88
glv-j0-32,0,1713,17846258,104,78,94,2,False,78
glv-j0-32,0,1714,22385426,861,124,108,5,True,108
glv-j0-32,0,1715,20362410,747,98,108,4,True,108
glv-j0-32,0,1716,11296791,108,88,88,3,False,88
glv-j0-32,0,1717,8008462,4,108,108,4,False,108
glv-j0-32,0,1718,21103713,2,114,114,4,False,114
glv-j0-32,0,1719,13815157,733,98,114,4,True,114
glv-j0-32,0,1720,15355568,96,114,118,4,True,118
glv-j0-32,0,1721,19425260,616,98,98,3,True,98
glv-j0-32,0,1722,18188312,11,114,114,4,False,114
glv-j0-32,0,1723,722018,1023,108,98,5,False,108
glv-j0-32,0,1724,6416028,3,114,114,4,False,114
glv-j0-32,0,1725,16213318,8,114,114,4,False,114
glv-j0-32,0,1726,18824376,375,88,88,3,False,88
glv-j0-32,0,1727,22444053,610,108,108,4,True,108
glv-j0-32,0,1728,11205487,3,98,98,4,False,98
glv-j0-32,0,1729,23246405,1023,98,98,4,False,98
glv-j0-32,0,1730,9066265,8,114,114,4,False,114
glv-j0-32,0,1731,16069669,193,88,88,3,True,88
glv-j0-32,0,1732,12452202,3,114,114,4,False,114
glv-j0-32,0,1733,8205191,1023,108,82,5,False,108
glv-j0-32,0,1734,8523700,730,114,108,4,True,108
glv-j0-32,0,1735,10295461,201,88,88,3,True,88
glv-j0-32,0,1736,19721452,207,114,114,4,True,114
glv-j0-32,0,1737,15469457,798,98,88,3,True,88
glv-j0-32,0,1738,17918395,359,88,62,3,True,62
glv-j0-32,0,1739,4040391,12,124,140,4,False,124
glv-j0-32,0,1740,23714142,2,114,114,4,False,114
glv-j0-32,0,1741,8652094,11,78,98,2,False,78
glv-j0-32,0,1742,7577259,751,88,88,3,False,88
glv-j0-32,0,1743,20088415,95,114,140,4,False,114
glv-j0-32,0,1744,21440832,311,78,62,2,True,62
glv-j0-32,0,1745,3532906,1023,82,82,4,False,82
glv-j0-32,0,1746,23452231,0,114,114,4,False,114
glv-j0-32,0,1747,10253129,705,114,98,3,True,98
glv-j0-32,0,1748,3391937,240,88,88,3,False,88
glv-j0-32,0,1749,5356350,8,114,114,3,False,114
glv-j0-32,0,1750,2522664,324,88,88,2,True,88
glv-j0-32,0,1751,11273884,12,98,114,3,False,98
glv-j0-32,0,1752,16792626,1,114,114,4,False,114
glv-j0-32,0,1753,12968626,94,114,98,4,True,98
glv-j0-32,0,1754,21005132,174,98,88,3,True,88
glv-j0-32,0,1755,4937929,8,124,140,5,False,124
glv-j0-32,0,1756,15667129,1023,108,108,4,False,108
glv-j0-32,0,1757,14836112,105,114,124,4,False,114
glv-j0-32,0,1758,22048387,4,88,124,3,False,88
glv-j0-32,0,1759,12729180,222,98,114,4,False,98
glv-j0-32,0,1760,22345972,680,114,98,3,True,98
glv-j0-32,0,1761,23397050,210,98,98,3,True,98
glv-j0-32,0,1762,9760221,217,98,98,3,True,98
glv-j0-32,0,1763,6273045,104,98,120,2,False,98
glv-j0-32,0,1764,11517685,874,124,114,4,False,124
glv-j0-32,0,1765,5621739,7,108,120,3,False,108
glv-j0-32,0,1766,5920634,833,114,88,3,True,88
glv-j0-32,0,1767,3142194,151,114,114,4,True,114
glv-j0-32,0,1768,17311536,864,114,108,4,True,108
glv-j0-32,0,1769,7654905,198,124,108,5,True,108
glv-j0-32,0,1770,16592383,1,88,88,3,False,88
glv-j0-32,0,1771,6761409,821,88,88,3,True,88
glv-j0-32,0,1772,23377675,106,114,140,4,False,114
glv-j0-32,0,1773,14083585,95,114,114,4,False,114
glv-j0-32,0,1774,14663732,8,98,150,4,False,98
glv-j0-32,0,1775,7935196,16,114,88,3,False,114
glv-j0-32,0,1776,18213379,0,98,114,4,False,98
glv-j0-32,0,1777,17882539,288,114,88,3,True,88
glv-j0-32,0,1778,8533905,865,114,98,4,True,98
glv-j0-32,0,1779,17489557,192,88,114,4,True,114
glv-j0-32,0,1780,9896860,104,98,114,3,False,98
glv-j0-32,0,1781,14994451,1023,98,92,4,False,98
glv-j0-32,0,1782,16834686,95,114,140,4,False,114
glv-j0-32,0,1783,13506479,1023,98,88,3,False,98
glv-j0-32,0,1784,10091634,878,98,108,4,True,108
glv-j0-32,0,1785,14091036,16,114,114,4,False,114
glv-j0-32,0,1786,12958144,191,114,114,4,True,114
glv-j0-32,0,1787,2436559,95,114,114,4,False,114
glv-j0-32,0,1788,2896922,692,114,114,4,True,114
glv-j0-32,0,1789,13028848,1,98,98,4,False,98
glv-j0-32,0,1790,4385389,824,114,98,3,True,98
glv-j0-32,0,1791,23372663,1023,108,108,4,False,108
glv-j0-32,0,1792,18702485,162,88,88,3,False,88
glv-j0-32,0,1793,8852117,1023,98,98,4,False,98
glv-j0-32,0,1794,17897711,840,108,88,3,True,88
glv-j0-32,0,1795,15646344,362,98,108,4,False,98
glv-j0-32,0,1796,7346694,2,114,114,3,False,114
glv-j0-32,0,1797,15499274,344,114,88,3,True,88
glv-j0-32,0,1798,12466245,191,108,108,5,True,108
glv-j0-32,0,1799,2103296,656,114,108,4,True,108
glv-j0-32,0,1800,18316358,0,78,94,2,False,78
glv-j0-32,0,1801,16074585,120,98,108,5,False,98
glv-j0-32,0,1802,11719249,738,124,108,5,True,108
glv-j0-32,0,1803,10515243,7,114,114,4,False,114
glv-j0-32,0,1804,19227684,338,88,72,4,True,72
glv-j0-32,0,1805,18132336,12,114,114,4,False,114
glv-j0-32,0,1806,13888859,362,98,98,3,False,98
glv-j0-32,0,1807,17338879,612,114,88,3,True,88
glv-j0-32,0,1808,15004659,8,88,120,3,False,88
glv-j0-32,0,1809,11688338,8,88,140,3,False,88
glv-j0-32,0,1810,3920496,856,88,88,3,True,88
glv-j0-32,0,1811,10431411,710,114,108,4,True,108
glv-j0-32,0,1812,2889056,104,98,114,4,False,98
glv-j0-32,0,1813,9829020,98,114,108,4,True,108
glv-j0-32,0,1814,19323885,174,114,98,3,True,98
glv-j0-32,0,1815,21454792,805,114,98,3,True,98
glv-j0-32,0,1816,22679902,248,88,88,3,True,88
glv-j0-32,0,1817,11610842,810,114,108,4,True,108
glv-j0-32,0,1818,3403913,95,98,114,4,False,98
glv-j0-32,0,1819,18820330,2,98,98,5,False,98
glv-j0-32,0,1820,1750325,750,98,108,4,False,98
glv-j0-32,0,1821,6239247,2,98,88,3,False,98
glv-j0-32,0,1822,20431351,95,114,120,4,False,114
glv-j0-32,0,1823,14936786,110,98,134,5,False,98
glv-j0-32,0,1824,2132235,625,108,108,4,False,108
glv-j0-32,0,1825,17185667,0,114,114,3,False,114
glv-j0-32,0,1826,15154053,12,114,114,4,False,114
glv-j0-32,0,1827,14618207,312,114,108,4,True,108
glv-j0-32,0,1828,18510820,611,114,108,4,True,108
glv-j0-32,0,1829,21633193,104,114,114,4,False,114
glv-j0-32,0,1830,23437917,734,114,108,4,True,108
glv-j0-32,0,1831,22898098,1,114,114,4,False,114
glv-j0-32,0,1832,19922952,215,114,114,4,True,114
glv-j0-32,0,1833,13484244,609,52,62,1,True,62
glv-j0-32,0,1834,8126954,631,108,108,4,True,108
glv-j0-32,0,1835,19403970,13,98,114,3,False,98
glv-j0-32,0,1836,12461603,1023,88,98,3,False,88
glv-j0-32,0,1837,17414454,686,98,88,4,True,88
glv-j0-32,0,1838,5331527,3,88,114,3,False,88
glv-j0-32,0,1839,6973775,4,124,140,5,False,124
glv-j0-32,0,1840,23566899,212,114,114,4,True,114
glv-j0-32,0,1841,4126979,818,98,114,4,True,114
glv-j0-32,0,1842,4602547,1023,98,72,4,False,98
glv-j0-32,0,1843,10375701,216,114,88,3,True,88
glv-j0-32,0,1844,2558437,335,114,108,4,True,108
glv-j0-32,0,1845,16041264,710,114,88,3,True,88
glv-j0-32,0,1846,5088383,799,98,88,4,True,88
glv-j0-32,0,1847,2004453,105,114,140,4,False,114
glv-j0-32,0,1848,9774960,4,88,88,3,False,88
glv-j0-32,0,1849,10558167,104,114,114,4,False,114
glv-j0-32,0,1850,13606310,751,88,88,3,False,88
glv-j0-32,0,1851,3381407,8,98,114,4,False,98
glv-j0-32,0,1852,22506989,824,114,98,3,True,98
glv-j0-32,0,1853,6501108,795,114,118,4,True,118
glv-j0-32,0,1854,19016490,2,134,140,5,False,134
glv-j0-32,0,1855,22054948,206,78,82,2,True,82
glv-j0-32,0,1856,19259433,674,114,98,3,True,98
glv-j0-32,0,1857,17124978,106,124,114,5,False,124
glv-j0-32,0,1858,11111362,790,124,140,5,True,140
glv-j0-32,0,1859,23619442,324,114,108,4,True,108
glv-j0-32,0,1860,11588631,674,114,114,4,True,114
glv-j0-32,0,1861,20251767,207,114,98,3,True,98
glv-j0-32,0,1862,2086312,191,88,88,3,True,88
glv-j0-32,0,1863,20955757,224,98,108,4,False,98
glv-j0-32,0,1864,10673325,698,88,88,3,True,88
glv-j0-32,0,1865,9092377,13,88,88,2,False,88
glv-j0-32,0,1866,5192683,738,114,114,4,True,114
glv-j0-32,0,1867,14269145,1023,98,82,4,False,98
glv-j0-32,0,1868,1824207,3,98,114,4,False,98
glv-j0-32,0,1869,5069543,231,88,114,4,True,114
glv-j0-32,0,1870,15060506,191,124,108,5,True,108
glv-j0-32,0,1871,10143560,95,78,94,2,False,78
glv-j0-32,0,1872,13203665,3,98,114,4,False,98
glv-j0-32,0,1873,14599935,92,114,88,3,True,88
glv-j0-32,0,1874,12797653,869,88,88,4,True,88
glv-j0-32,0,1875,10133215,882,124,114,4,True,114
glv-j0-32,0,1876,20013180,1,114,120,3,False,114
glv-j0-32,0,1877,20066031,2,124,114,5,False,124
glv-j0-32,0,1878,19417156,228,114,88,3,True,88
glv-j0-32,0,1879,5374161,105,98,114,4,False,98
glv-j0-32,0,1880,2010451,13,98,98,4,False,98
glv-j0-32,0,1881,21838988,0,88,88,3,False,88
glv-j0-32,0,1882,626442,720,124,98,5,True,98
glv-j0-32,0,1883,2008034,1023,82,82,3,False,82
glv-j0-32,0,1884,8845306,95,114,120,3,False,114
glv-j0-32,0,1885,482524,13,98,98,4,False,98
glv-j0-32,0,1886,6718619,104,114,114,4,False,114
glv-j0-32,0,1887,8618802,624,124,108,5,False,124
glv-j0-32,0,1888,12679563,224,98,88,3,False,98
glv-j0-32,0,1889,21270779,622,98,108,4,False,98
glv-j0-32,0,1890,6863543,95,98,98,4,False,98
glv-j0-32,0,1891,22854847,706,114,98,3,True,98
glv-j0-32,0,1892,2822019,4,124,114,5,False,124
glv-j0-32,0,1893,10250457,92,114,108,4,True,108
glv-j0-32,0,1894,5342339,16,98,114,4,False,98
glv-j0-32,0,1895,3070137,0,114,114,4,False,114
glv-j0-32,0,1896,9117261,627,98,108,4,True,108
glv-j0-32,0,1897,19703877,11,114,114,4,False,114
glv-j0-32,0,1898,16903313,719,114,98,3,True,98
glv-j0-32,0,1899,17797371,104,98,114,4,False,98
glv-j0-32,0,1900,14745770,283,114,98,4,True,98
glv-j0-32,0,1901,15086171,104,114,88,3,False,114
glv-j0-32,0,1902,15213181,315,114,114,4,True,114
glv-j0-32,0,1903,22487403,345,98,82,5,True,82
glv-j0-32,0,1904,13988393,227,114,108,4,True,108
glv-j0-32,0,1905,7007745,8,114,120,3,False,114
glv-j0-32,0,1906,11748665,94,108,108,4,True,108
glv-j0-32,0,1907,14107378,212,52,62,1,True,62
glv-j0-32,0,1908,10132860,12,124,140,4,False,124
glv-j0-32,0,1909,5053620,11,114,114,4,False,114
glv-j0-32,0,1910,8336790,615,114,108,4,True,108
glv-j0-32,0,1911,10687482,104,88,114,3,False,88
glv-j0-32,0,1912,742759,4,124,140,5,False,124
glv-j0-32,0,1913,219121,294,114,98,4,True,98
glv-j0-32,0,1914,21420459,0,114,114,4,False,114
glv-j0-32,0,1915,11070165,95,98,114,3,False,98
glv-j0-32,0,1916,6886381,3,114,114,4,False,114
glv-j0-32,0,1917,7669900,656,98,108,4,True,108
glv-j0-32,0,1918,2493840,13,108,124,3,False,108
glv-j0-32,0,1919,1938412,4,98,114,5,False,98
glv-j0-32,0,1920,9855562,13,114,88,3,False,114
glv-j0-32,0,1921,15037056,104,114,120,4,False,114
glv-j0-32,0,1922,11305280,245,108,108,4,False,108
glv-j0-32,0,1923,8476649,806,98,88,3,True,88
glv-j0-32,0,1924,18735821,104,98,88,4,False,98
glv-j0-32,0,1925,18363824,8,98,114,4,False,98
glv-j0-32,0,1926,2924785,1023,98,98,4,False,98
glv-j0-32,0,1927,11399496,306,114,98,4,True,98
glv-j0-32,0,1928,4462070,1023,82,82,3,False,82
glv-j0-32,0,1929,15971526,7,114,114,4,False,114
glv-j0-32,0,1930,1659728,866,114,114,4,True,114
glv-j0-32,0,1931,22149684,12,88,88,3,False,88
glv-j0-32,0,1932,12283525,8,114,140,4,False,114
glv-j0-32,0,1933,8583306,1023,98,98,4,False,98
glv-j0-32,0,1934,15876881,312,114,98,3,True,98
glv-j0-32,0,1935,4486034,726,114,88,3,True,88
glv-j0-32,0,1936,16074647,0,134,114,5,False,134
glv-j0-32,0,1937,13263782,1023,98,98,4,False,98
glv-j0-32,0,1938,17161790,620,124,114,4,False,124
glv-j0-32,0,1939,6829572,339,124,134,5,True,134
glv-j0-32,0,1940,16880406,104,114,146,4,False,114
glv-j0-32,0,1941,7375030,610,98,88,3,True,88
glv-j0-32,0,1942,13780570,95,78,94,2,False,78
glv-j0-32,0,1943,19297231,698,114,98,4,True,98
glv-j0-32,0,1944,4534991,105,88,120,3,False,88
glv-j0-32,0,1945,8746962,95,98,114,3,False,98
glv-j0-32,0,1946,10850226,1023,98,98,5,False,98
glv-j0-32,0,1947,11755254,104,114,114,4,False,114
glv-j0-32,0,1948,5381281,3,114,114,4,False,114
glv-j0-32,0,1949,15374797,317,88,88,3,True,88
glv-j0-32,0,1950,11324666,851,114,98,3,True,98
glv-j0-32,0,1951,7602600,1,114,114,4,False,114
glv-j0-32,0,1952,16988932,1023,98,98,4,False,98
glv-j0-32,0,1953,15409465,876,98,108,4,False,98
glv-j0-32,0,1954,7452875,104,124,140,5,False,124
glv-j0-32,0,1955,23430738,117,98,118,4,False,98
glv-j0-32,0,1956,15142450,855,114,88,3,True,88
glv-j0-32,0,1957,23529187,717,124,114,4,True,114
glv-j0-32,0,1958,17026122,871,114,88,3,True,88
glv-j0-32,0,1959,2385408,615,114,118,4,True,118
glv-j0-32,0,1960,11860100,95,88,104,2,False,88
glv-j0-32,0,1961,19796052,712,88,88,3,True,88
glv-j0-32,0,1962,18187105,1023,98,124,3,False,98
glv-j0-32,0,1963,3403307,95,98,88,4,False,98
glv-j0-32,0,1964,22022229,12,114,114,4,False,114
glv-j0-32,0,1965,8775633,846,88,88,3,True,88
glv-j0-32,0,1966,21910198,8,114,88,3,False,114
glv-j0-32,0,1967,8727788,1023,118,98,5,False,118
glv-j0-32,0,1968,6255710,95,98,114,5,False,98
glv-j0-32,0,1969,23102307,4,114,114,4,False,114
glv-j0-32,0,1970,15755081,95,124,114,5,False,124
glv-j0-32,0,1971,5858885,746,124,114,4,True,114
glv-j0-32,0,1972,14647532,115,108,108,4,False,108
glv-j0-32,0,1973,14587113,1023,88,98,3,False,88
glv-j0-32,0,1974,5345241,3,114,146,4,False,114
glv-j0-32,0,1975,11026617,323,114,114,4,True,114
glv-j0-32,0,1976,12324734,329,114,114,4,True,114
glv-j0-32,0,1977,7077191,622,98,118,4,False,98
glv-j0-32,0,1978,4838245,321,98,108,4,False,98
glv-j0-32,0,1979,21687766,603,88,72,3,True,72
glv-j0-32,0,1980,10436366,4,114,114,4,False,114
glv-j0-32,0,1981,23399289,613,114,108,4,True,108
glv-j0-32,0,1982,12554111,879,108,108,4,False,108
glv-j0-32,0,1983,20326080,852,88,108,4,False,88
glv-j0-32,0,1984,13123623,854,88,108,4,True,108
glv-j0-32,0,1985,16961231,357,114,88,3,True,88
glv-j0-32,0,1986,192771,840,114,98,4,True,98
glv-j0-32,0,1987,13931955,742,88,88,3,True,88
glv-j0-32,0,1988,11675521,194,98,82,4,True,82
glv-j0-32,0,1989,17176510,4,114,114,4,False,114
glv-j0-32,0,1990,19229347,1023,98,88,3,False,98
glv-j0-32,0,1991,7970520,310,114,88,3,True,88
glv-j0-32,0,1992,8184132,809,124,114,5,True,114
glv-j0-32,0,1993,23727868,1023,98,98,4,False,98
glv-j0-32,0,1994,21696845,13,114,146,4,False,114
glv-j0-32,0,1995,20512053,7,78,98,2,False,78
glv-j0-32,0,1996,1453783,0,114,146,4,False,114
glv-j0-32,0,1997,18650478,94,114,88,3,True,88
glv-j0-32,0,1998,2897579,1023,98,98,3,False,98
glv-j0-32,0,1999,15488999,740,98,108,4,True,108
glv-j0-32,0,2000,9204720,365,98,108,4,True,108
glv-j0-32,0,2001,9074659,104,124,140,5,False,124
glv-j0-32,0,2002,11636274,699,98,62,3,True,62
glv-j0-32,0,2003,5218003,0,114,88,3,False,114
glv-j0-32,0,2004,4498048,95,114,114,4,False,114
glv-j0-32,0,2005,20815244,287,124,98,3,True,98
glv-j0-32,0,2006,5917796,324,114,108,4,True,108
glv-j0-32,0,2007,18292890,1,114,114,4,False,114
glv-j0-32,0,2008,6993492,610,114,88,4,True,88
glv-j0-32,0,2009,911589,824,98,88,3,True,88
glv-j0-32,0,2010,6136977,750,88,88,3,False,88
glv-j0-32,0,2011,4305329,240,98,118,4,False,98
glv-j0-32,0,2012,11863904,105,98,114,5,False,98
glv-j0-32,0,2013,14568397,367,98,108,4,False,98
glv-j0-32,0,2014,22853924,1023,88,98,3,False,88
glv-j0-32,0,2015,1574065,1,88,88,4,False,88
glv-j0-32,0,2016,4418598,0,114,114,4,False,114
glv-j0-32,0,2017,3648780,1023,124,98,4,False,124
glv-j0-32,0,2018,17723656,1,78,88,2,False,78
glv-j0-32,0,2019,4536305,105,114,114,3,False,114
glv-j0-32,0,2020,2749844,1023,108,98,5,False,108
glv-j0-32,0,2021,924434,95,98,146,4,False,98
glv-j0-32,0,2022,1137837,705,114,98,3,True,98
glv-j0-32,0,2023,11947085,11,114,114,4,False,114
glv-j0-32,0,2024,14177496,8,114,114,4,False,114
glv-j0-32,0,2025,5635235,1023,98,124,4,False,98
glv-j0-32,0,2026,16737100,757,88,88,3,True,88
glv-j0-32,0,2027,14022696,608,114,108,4,True,108
glv-j0-32,0,2028,19631815,237,98,98,4,False,98
glv-j0-32,0,2029,1990053,4,114,114,4,False,114
glv-j0-32,0,2030,6084099,354,114,114,4,True,114
glv-j0-32,0,2031,14626482,3,114,140,4,False,114
glv-j0-32,0,2032,18457015,229,98,88,4,True,88
glv-j0-32,0,2033,6498315,1023,88,98,3,False,88
glv-j0-32,0,2034,11617980,798,134,108,5,True,108
glv-j0-32,0,2035,12490944,106,98,114,3,False,98
glv-j0-32,0,2036,10115211,0,114,114,3,False,114
glv-j0-32,0,2037,22759789,95,88,88,3,False,88
glv-j0-32,0,2038,15090219,95,114,140,4,False,114
glv-j0-32,0,2039,19317019,1023,52,52,1,False,52
glv-j0-32,0,2040,20828794,846,114,108,4,True,108
glv-j0-32,0,2041,15955026,348,88,88,3,True,88
glv-j0-32,0,2042,14310669,693,88,88,3,True,88
glv-j0-32,0,2043,23461759,13,88,88,3,False,88
glv-j0-32,0,2044,16196139,608,114,108,4,True,108
glv-j0-32,0,2045,22999667,842,114,118,4,True,118
glv-j0-32,0,2046,2800732,730,114,108,4,True,108
glv-j0-32,0,2047,5397053,756,88,88,3,True,88
glv-j0-32,0,2048,14418218,12,114,98,3,False,114
glv-j0-32,0,2049,1131763,241,98,88,4,True,88
glv-j0-32,0,2050,18508875,0,114,114,4,False,114
glv-j0-32,0,2051,4421268,95,114,120,3,False,114
glv-j0-32,0,2052,328371,91,114,118,4,True,118
glv-j0-32,0,2053,121787,95,88,120,3,False,88
glv-j0-32,0,2054,8565193,95,114,114,4,False,114
glv-j0-32,0,2055,19407693,852,124,108,4,False,124
glv-j0-32,0,2056,9931259,13,88,88,4,False,88
glv-j0-32,0,2057,13295899,100,114,88,3,True,88
glv-j0-32,0,2058,21932048,688,78,88,2,True,88
glv-j0-32,0,2059,8614066,104,98,98,3,False,98
glv-j0-32,0,2060,16592988,95,114,114,3,False,114
glv-j0-32,0,2061,20635905,95,114,88,3,False,114
glv-j0-32,0,2062,20161899,204,124,108,5,True,108
glv-j0-32,0,2063,2683226,1023,98,98,4,False,98
glv-j0-32,0,2064,8091831,318,98,88,4,True,88
glv-j0-32,0,2065,7594791,11,114,134,4,False,114
glv-j0-32,0,2066,16779791,628,98,98,3,True,98
glv-j0-32,0,2067,1825987,95,114,120,3,False,114
glv-j0-32,0,2068,14977179,866,88,88,3,True,88
glv-j0-32,0,2069,12139235,368,98,114,5,False,98
glv-j0-32,0,2070,13085529,1023,62,72,2,False,62
glv-j0-32,0,2071,13457851,848,114,108,4,True,108
glv-j0-32,0,2072,14892593,151,114,114,4,True,114
glv-j0-32,0,2073,14914968,12,98,114,4,False,98
glv-j0-32,0,2074,4286800,104,98,98,5,False,98
glv-j0-32,0,2075,19219562,698,114,114,4,True,114
glv-j0-32,0,2076,15012577,198,114,98,3,True,98
glv-j0-32,0,2077,12705484,3,124,140,5,False,124
glv-j0-32,0,2078,22114025,1023,88,104,3,False,88
glv-j0-32,0,2079,2547745,106,98,114,4,False,98
glv-j0-32,0,2080,19936501,7,108,140,5,False,108
glv-j0-32,0,2081,5314525,724,124,98,5,True,98
glv-j0-32,0,2082,18302450,104,114,114,3,False,114
glv-j0-32,0,2083,21621602,856,114,88,3,True,88
glv-j0-32,0,2084,7381472,11,114,114,4,False,114
glv-j0-32,0,2085,15785295,243,98,98,4,True,98
glv-j0-32,0,2086,20210543,705,114,114,4,True,114
glv-j0-32,0,2087,11128971,1023,88,98,3,False,88
glv-j0-32,0,2088,5463139,1,114,114,3,False,114
glv-j0-32,0,2089,8137570,7,114,114,3,False,114
glv-j0-32,0,2090,6914867,352,114,88,4,True,88
glv-j0-32,0,2091,2627122,95,124,114,4,False,124
glv-j0-32,0,2092,18987233,0,124,140,5,False,124
glv-j0-32,0,2093,7433816,1,114,120,3,False,114
glv-j0-32,0,2094,20212497,718,98,114,5,True,114
glv-j0-32,0,2095,16129267,294,78,62,1,True,62
glv-j0-32,0,2096,20163004,858,114,118,4,True,118
glv-j0-32,0,2097,521167,16,78,94,2,False,78
glv-j0-32,0,2098,885847,12,114,114,4,False,114
glv-j0-32,0,2099,13619767,1023,98,98,4,False,98
glv-j0-32,0,2100,10168516,887,98,108,4,False,98
glv-j0-32,0,2101,9091536,604,88,108,4,True,108
glv-j0-32,0,2102,21150928,809,114,98,3,True,98
glv-j0-32,0,2103,9521492,1,114,88,3,False,114
glv-j0-32,0,2104,13988643,13,114,114,4,False,114
glv-j0-32,0,2105,10588781,1,114,140,4,False,114
glv-j0-32,0,2106,5989889,194,114,114,4,True,114
glv-j0-32,0,2107,16467766,1023,98,104,4,False,98
glv-j0-32,0,2108,22365594,12,114,114,4,False,114
glv-j0-32,0,2109,9533897,105,98,108,4,False,98
glv-j0-32,0,2110,12264088,1,98,114,5,False,98
glv-j0-32,0,2111,2033213,805,114,108,4,True,108
glv-j0-32,0,2112,20378065,364,98,108,4,False,98
glv-j0-32,0,2113,6915534,331,114,114,4,True,114
glv-j0-32,0,2114,1904376,310,114,114,4,True,114
glv-j0-32,0,2115,3326421,2,114,114,3,False,114
glv-j0-32,0,2116,9252356,95,114,124,3,False,114
glv-j0-32,0,2117,18863219,730,114,108,4,True,108
glv-j0-32,0,2118,19452513,855,114,114,4,True,114
glv-j0-32,0,2119,17806606,106,114,114,4,False,114
glv-j0-32,0,2120,23262267,1023,124,98,5,False,124
glv-j0-32,0,2121,7873309,234,108,118,5,False,108
glv-j0-32,0,2122,10225654,7,114,140,4,False,114
glv-j0-32,0,2123,1075671,0,124,114,5,False,124
glv-j0-32,0,2124,2846495,7,114,114,3,False,114
glv-j0-32,0,2125,18460031,692,114,108,4,True,108
glv-j0-32,0,2126,2694049,287,98,88,3,True,88
glv-j0-32,0,2127,20067311,1023,98,108,4,False,98
glv-j0-32,0,2128,6052153,13,114,114,4,False,114
glv-j0-32,0,2129,8404276,1023,88,98,3,False,88
glv-j0-32,0,2130,15223757,1023,82,88,3,False,82
glv-j0-32,0,2131,18259950,1023,124,104,3,False,124
glv-j0-32,0,2132,22838637,865,88,72,3,True,72
glv-j0-32,0,2133,14304873,1023,98,98,4,False,98
glv-j0-32,0,2134,23122785,104,114,114,4,False,114
glv-j0-32,0,2135,17171616,3,78,94,2,False,78
glv-j0-32,0,2136,12240007,11,114,134,4,False,114
glv-j0-32,0,2137,12912167,106,78,98,2,False,78
glv-j0-32,0,2138,5882015,95,114,114,3,False,114
glv-j0-32,0,2139,9199893,822,114,108,4,True,108
glv-j0-32,0,2140,9358421,8,114,114,4,False,114
glv-j0-32,0,2141,22806867,95,98,98,5,False,98
glv-j0-32,0,2142,13809225,194,88,88,3,True,88
glv-j0-32,0,2143,21313968,222,114,114,4,False,114
glv-j0-32,0,2144,11428426,357,88,108,4,True,108
glv-j0-32,0,2145,11515842,875,108,98,5,True,98
glv-j0-32,0,2146,7647767,102,124,108,5,True,108
glv-j0-32,0,2147,22795817,95,114,114,3,False,114
glv-j0-32,0,2148,15134134,7,114,114,4,False,114
glv-j0-32,0,2149,16935074,1,114,114,4,False,114
glv-j0-32,0,2150,23680901,1023,118,104,3,False,118
glv-j0-32,0,2151,21394060,106,98,140,4,False,98
glv-j0-32,0,2152,14257876,93,114,88,3,True,88
glv-j0-32,0,2153,15607609,752,62,62,3,False,62
glv-j0-32,0,2154,1886914,612,98,114,4,True,114
glv-j0-32,0,2155,22664334,104,114,120,3,False,114
glv-j0-32,0,2156,21874190,1023,88,98,3,False,88
glv-j0-32,0,2157,18736770,3,88,88,3,False,88
glv-j0-32,0,2158,2909436,1023,98,98,5,False,98
glv-j0-32,0,2159,8285912,210,114,108,4,True,108
glv-j0-32,0,2160,4168073,95,98,114,4,False,98
glv-j0-32,0,2161,4652005,95,114,114,3,False,114
glv-j0-32,0,2162,9713229,1023,108,98,4,False,108
glv-j0-32,0,2163,3062442,1023,98,98,4,False,98
glv-j0-32,0,2164,7519369,845,114,88,4,True,88
glv-j0-32,0,2165,12097158,104,114,88,4,False,114
glv-j0-32,0,2166,584211,1023,98,98,4,False,98
glv-j0-32,0,2167,21949107,7,88,88,4,False,88
glv-j0-32,0,2168,13760738,857,88,88,3,False,88
glv-j0-32,0,2169,8070809,198,88,88,3,True,88
glv-j0-32,0,2170,2707387,1023,98,98,4,False,98
glv-j0-32,0,2171,1901977,106,124,114,5,False,124
glv-j0-32,0,2172,6991937,361,98,98,3,True,98
glv-j0-32,0,2173,21130234,95,98,114,4,False,98
glv-j0-32,0,2174,12176257,200,114,114,4,True,114
glv-j0-32,0,2175,18195043,95,98,98,3,False,98
glv-j0-32,0,2176,6756921,324,114,108,4,True,108
glv-j0-32,0,2177,22836609,286,114,114,4,True,114
glv-j0-32,0,2178,2332524,834,114,98,3,True,98
glv-j0-32,0,2179,15539642,349,114,108,4,True,108
glv-j0-32,0,2180,22207929,104,62,68,1,False,62
glv-j0-32,0,2181,23214898,746,98,98,3,True,98
glv-j0-32,0,2182,5972346,1,114,140,4,False,114
glv-j0-32,0,2183,4172903,7,114,140,4,False,114
glv-j0-32,0,2184,7595502,834,114,98,4,True,98
glv-j0-32,0,2185,3657492,95,88,88,4,False,88
glv-j0-32,0,2186,10891925,234,88,88,3,False,88
glv-j0-32,0,2187,21373907,2,114,114,3,False,114
glv-j0-32,0,2188,21750824,0,88,88,3,False,88
glv-j0-32,0,2189,12626454,1023,98,108,4,False,98
glv-j0-32,0,2190,16157310,618,88,88,3,True,88
glv-j0-32,0,2191,5541515,605,114,118,4,True,118
glv-j0-32,0,2192,18928392,104,98,140,4,False,98
glv-j0-32,0,2193,3623790,13,88,114,3,False,88
glv-j0-32,0,2194,18709432,9,114,114,4,False,114
glv-j0-32,0,2195,21048737,230,114,88,3,True,88
glv-j0-32,0,2196,18321892,95,114,114,4,False,114
glv-j0-32,0,2197,23551839,8,114,114,4,False,114
glv-j0-32,0,2198,17957401,731,114,88,4,True,88
glv-j0-32,0,2199,12331113,95,114,88,3,False,114
glv-j0-32,0,2200,17012837,95,98,130,3,False,98
glv-j0-32,0,2201,9541988,104,98,120,3,False,98
glv-j0-32,0,2202,6090096,12,124,114,5,False,124
glv-j0-32,0,2203,591131,608,114,134,5,True,134
glv-j0-32,0,2204,22316582,8,114,120,3,False,114
glv-j0-32,0,2205,3074805,95,114,114,4,False,114
glv-j0-32,0,2206,6140764,842,124,108,4,True,108
glv-j0-32,0,2207,12613478,1023,88,98,3,False,88
glv-j0-32,0,2208,9314631,1,124,140,4,False,124
glv-j0-32,0,2209,11036348,95,114,140,3,False,114
glv-j0-32,0,2210,13372388,283,114,108,4,True,108
glv-j0-32,0,2211,4424375,841,114,114,4,True,114
glv-j0-32,0,2212,5391376,871,88,72,3,True,72
glv-j0-32,0,2213,22290226,4,114,114,4,False,114
glv-j0-32,0,2214,10088819,104,114,114,4,False,114
glv-j0-32,0,2215,20211702,221,124,140,5,True,140
glv-j0-32,0,2216,6946622,176,108,108,4,True,108
glv-j0-32,0,2217,23269370,737,114,108,4,True,108
glv-j0-32,0,2218,21276697,1023,108,98,4,False,108
glv-j0-32,0,2219,22709577,4,114,88,3,False,114
glv-j0-32,0,2220,7553380,333,124,134,5,True,134
glv-j0-32,0,2221,15629078,51,42,42,0,False,42
glv-j0-32,0,2222,14371733,7,114,114,4,False,114
glv-j0-32,0,2223,10341606,104,98,114,4,False,98
glv-j0-32,0,2224,5897541,105,98,88,3,False,98
glv-j0-32,0,2225,16320372,873,108,108,4,True,108
glv-j0-32,0,2226,3940510,610,98,98,3,True,98
glv-j0-32,0,2227,695961,2,114,88,3,False,114
glv-j0-32,0,2228,7958819,885,98,98,4,False,98
glv-j0-32,0,2229,20542499,248,88,88,2,True,88
glv-j0-32,0,2230,21708658,1023,72,88,3,False,72
glv-j0-32,0,2231,15652533,729,114,98,3,True,98
glv-j0-32,0,2232,5547997,106,98,114,4,False,98
glv-j0-32,0,2233,14211802,3,124,140,5,False,124
glv-j0-32,0,2234,19778817,804,114,98,4,True,98
glv-j0-32,0,2235,21395717,883,98,108,4,True,108
glv-j0-32,0,2236,23126206,95,98,146,4,False,98
glv-j0-32,0,2237,12213943,748,108,124,5,True,124
glv-j0-32,0,2238,9641870,0,98,146,4,False,98
glv-j0-32,0,2239,10052195,710,114,88,4,True,88
glv-j0-32,0,2240,18135301,703,114,88,3,True,88
glv-j0-32,0,2241,23724585,620,98,114,4,False,98
glv-j0-32,0,2242,4780413,1023,98,98,4,False,98
glv-j0-32,0,2243,3743968,104,124,114,4,False,124
glv-j0-32,0,2244,655939,1,114,140,4,False,114
glv-j0-32,0,2245,19243408,366,88,88,3,False,88
glv-j0-32,0,2246,5722266,16,88,140,4,False,88
glv-j0-32,0,2247,9600647,308,88,88,3,True,88
glv-j0-32,0,2248,11612240,3,114,114,4,False,114
glv-j0-32,0,2249,16553422,328,114,114,4,True,114
glv-j0-32,0,2250,9738245,4,114,114,3,False,114
glv-j0-32,0,2251,17226019,106,124,140,5,False,124
glv-j0-32,0,2252,1403986,288,124,114,4,True,114
glv-j0-32,0,2253,13357375,2,124,134,5,False,124
glv-j0-32,0,2254,12006368,1023,88,98,3,False,88
glv-j0-32,0,2255,20940166,1,98,88,3,False,98
glv-j0-32,0,2256,17847604,0,114,114,3,False,114
glv-j0-32,0,2257,17757421,350,114,108,4,True,108
glv-j0-32,0,2258,6820810,230,114,88,4,True,88
glv-j0-32,0,2259,19657062,95,98,88,3,False,98
glv-j0-32,0,2260,10919705,707,78,62,2,True,62
glv-j0-32,0,2261,15318656,105,98,98,3,False,98
glv-j0-32,0,2262,256934,663,124,108,4,True,108
glv-j0-32,0,2263,22164380,850,114,88,3,True,88
glv-j0-32,0,2264,22600676,11,98,98,4,False,98
glv-j0-32,0,2265,15900966,207,134,108,5,True,108
glv-j0-32,0,2266,10139397,0,114,114,4,False,114
glv-j0-32,0,2267,19378992,681,114,114,4,True,114
glv-j0-32,0,2268,7230205,2,114,114,3,False,114
glv-j0-32,0,2269,3705954,0,114,140,4,False,114
glv-j0-32,0,2270,7761178,0,114,114,3,False,114
glv-j0-32,0,2271,2749463,1023,108,108,4,False,108
glv-j0-32,0,2272,21496526,104,114,114,4,False,114
glv-j0-32,0,2273,22774277,8,114,114,4,False,114
glv-j0-32,0,2274,12432708,692,88,88,3,True,88
glv-j0-32,0,2275,5080029,238,88,88,3,True,88
glv-j0-32,0,2276,7802791,95,98,114,3,False,98
glv-j0-32,0,2277,414263,688,114,88,4,True,88
glv-j0-32,0,2278,13904994,104,114,114,3,False,114
glv-j0-32,0,2279,10378238,1023,98,98,4,False,98
glv-j0-32,0,2280,11274649,12,98,88,3,False,98
glv-j0-32,0,2281,11647327,12,124,124,5,False,124
glv-j0-32,0,2282,23247790,3,124,140,5,False,124
glv-j0-32,0,2283,6584102,630,98,98,4,False,98
glv-j0-32,0,2284,22752882,799,114,98,3,True,98
glv-j0-32,0,2285,14126733,1023,108,130,4,False,108
glv-j0-32,0,2286,16775433,101,114,88,3,True,88
glv-j0-32,0,2287,8787217,199,88,108,4,True,108
glv-j0-32,0,2288,2611179,3,114,114,4,False,114
glv-j0-32,0,2289,15728075,8,134,134,5,False,134
glv-j0-32,0,2290,19936100,10,108,114,4,False,108
glv-j0-32,0,2291,6436151,7,98,88,4,False,98
glv-j0-32,0,2292,2465315,91,114,98,3,True,98
glv-j0-32,0,2293,19354509,805,114,88,3,True,88
glv-j0-32,0,2294,18979757,104,98,98,4,False,98
glv-j0-32,0,2295,3108844,614,114,88,3,True,88
glv-j0-32,0,2296,20119707,13,114,114,4,False,114
glv-j0-32,0,2297,10019221,298,114,88,3,True,88
glv-j0-32,0,2298,3133181,104,98,146,4,False,98
glv-j0-32,0,2299,1857449,1023,98,98,4,False,98
glv-j0-32,0,2300,22028860,104,98,114,4,False,98
glv-j0-32,0,2301,14792581,321,114,108,4,False,114
glv-j0-32,0,2302,23196073,301,98,108,4,False,98
glv-j0-32,0,2303,4486891,4,114,98,3,False,114
glv-j0-32,0,2304,20006613,716,98,114,4,True,114
glv-j0-32,0,2305,11158845,11,114,114,3,False,114
glv-j0-32,0,2306,7656569,1023,124,124,4,False,124
glv-j0-32,0,2307,378305,692,114,88,3,True,88
glv-j0-32,0,2308,11620758,4,124,114,4,False,124
glv-j0-32,0,2309,21254571,104,98,114,4,False,98
glv-j0-32,0,2310,18773492,0,88,114,3,False,88
glv-j0-32,0,2311,1080076,1023,88,72,3,False,88
glv-j0-32,0,2312,989549,16,98,114,4,False,98
glv-j0-32,0,2313,1778949,286,124,108,4,True,108
glv-j0-32,0,2314,3080435,0,98,114,4,False,98
glv-j0-32,0,2315,5841058,9,88,88,3,False,88
glv-j0-32,0,2316,4147653,751,108,114,4,False,108
glv-j0-32,0,2317,12991210,2,114,114,3,False,114
glv-j0-32,0,2318,12077249,223,98,114,4,False,98
glv-j0-32,0,2319,171472,760,98,118,4,False,98
glv-j0-32,0,2320,18207216,724,114,108,4,True,108
glv-j0-32,0,2321,5819501,878,88,88,3,True,88
glv-j0-32,0,2322,17898554,819,88,88,3,True,88
glv-j0-32,0,2323,14179576,92,88,62,3,True,62
glv-j0-32,0,2324,21939127,104,114,120,3,False,114
glv-j0-32,0,2325,20810233,104,114,114,3,False,114
glv-j0-32,0,2326,6783995,104,114,114,4,False,114
glv-j0-32,0,2327,7661768,883,98,108,4,True,108
glv-j0-32,0,2328,10439097,308,88,114,4,True,114
glv-j0-32,0,2329,2663052,830,124,98,5,True,98
glv-j0-32,0,2330,2642757,7,114,114,4,False,114
glv-j0-32,0,2331,2983618,605,88,88,4,True,88
glv-j0-32,0,2332,7654950,754,108,108,5,False,108
glv-j0-32,0,2333,2055138,367,98,98,4,False,98
glv-j0-32,0,2334,8874432,884,88,88,3,False,88
glv-j0-32,0,2335,5205152,795,114,98,4,True,98
glv-j0-32,0,2336,23539270,8,114,114,4,False,114
glv-j0-32,0,2337,9219048,1023,98,98,4,False,98
glv-j0-32,0,2338,12142218,245,98,98,3,False,98
glv-j0-32,0,2339,533886,846,88,114,4,True,114
glv-j0-32,0,2340,20624613,862,114,114,4,True,114
glv-j0-32,0,2341,5252152,1023,88,98,3,False,88
glv-j0-32,0,2342,11504954,174,114,88,3,True,88
glv-j0-32,0,2343,22625569,834,114,114,4,True,114
glv-j0-32,0,2344,11530638,95,98,114,4,False,98
glv-j0-32,0,2345,6956773,353,78,88,2,True,88
glv-j0-32,0,2346,6793589,347,114,114,4,False,114
glv-j0-32,0,2347,4774333,225,114,88,3,True,88
glv-j0-32,0,2348,23486335,630,98,114,4,False,98
glv-j0-32,0,2349,16341927,7,88,88,4,False,88
glv-j0-32,0,2350,12024518,12,114,114,4,False,114
glv-j0-32,0,2351,19940158,7,78,68,1,False,78
glv-j0-32,0,2352,9127898,215,114,114,4,True,114
glv-j0-32,0,2353,23276533,312,114,108,4,True,108
glv-j0-32,0,2354,21001279,759,108,108,4,False,108
glv-j0-32,0,2355,6038398,331,98,114,4,True,114
glv-j0-32,0,2356,22566754,350,124,98,5,True,98
glv-j0-32,0,2357,5359656,1,114,146,5,False,114
glv-j0-32,0,2358,6673157,300,98,88,3,True,88
glv-j0-32,0,2359,20529277,106,98,114,4,False,98
glv-j0-32,0,2360,16746698,1023,98,118,4,False,98
glv-j0-32,0,2361,14464382,828,108,108,4,True,108
glv-j0-32,0,2362,17704839,216,124,108,5,True,108
glv-j0-32,0,2363,3940095,337,114,98,3,True,98
glv-j0-32,0,2364,13048322,1023,88,98,3,False,88
glv-j0-32,0,2365,2888905,243,118,118,4,True,118
glv-j0-32,0,2366,10163271,749,98,108,4,False,98
glv-j0-32,0,2367,8194817,104,88,88,3,False,88
glv-j0-32,0,2368,5436695,104,114,150,4,False,114
glv-j0-32,0,2369,14302163,859,88,88,3,False,88
glv-j0-32,0,2370,12510422,627,108,108,5,True,108
glv-j0-32,0,2371,185880,333,108,108,4,True,108
glv-j0-32,0,2372,18914053,626,98,108,4,False,98
glv-j0-32,0,2373,8999770,874,62,62,2,False,62
glv-j0-32,0,2374,13802496,9,88,88,3,False,88
glv-j0-32,0,2375,16139773,7,114,114,4,False,114
glv-j0-32,0,2376,2521744,318,88,88,3,True,88
glv-j0-32,0,2377,23086249,0,114,114,3,False,114
glv-j0-32,0,2378,16856763,848,98,114,5,True,114
glv-j0-32,0,2379,21238347,1023,88,98,3,False,88
glv-j0-32,0,2380,21798155,8,114,114,4,False,114
glv-j0-32,0,2381,19168279,1023,108,118,5,False,108
glv-j0-32,0,2382,729977,330,114,114,4,True,114
glv-j0-32,0,2383,19217381,882,88,88,3,True,88
glv-j0-32,0,2384,17285631,693,114,98,4,True,98
glv-j0-32,0,2385,19708730,746,88,88,3,True,88
glv-j0-32,0,2386,14768155,362,98,108,4,False,98
glv-j0-32,0,2387,4669235,817,114,108,4,True,108
glv-j0-32,0,2388,21963184,185,98,88,3,True,88
glv-j0-32,0,2389,12349427,7,114,114,4,False,114
glv-j0-32,0,2390,11302997,146,114,88,3,True,88
glv-j0-32,0,2391,14815718,239,124,114,4,False,124
glv-j0-32,0,2392,10386747,1023,98,124,5,False,98
glv-j0-32,0,2393,640450,106,98,114,4,False,98
glv-j0-32,0,2394,16824695,631,72,72,2,True,72
glv-j0-32,0,2395,6549324,8,88,88,3,False,88
glv-j0-32,0,2396,17855130,841,114,88,4,True,88
glv-j0-32,0,2397,3855952,104,98,120,4,False,98
glv-j0-32,0,2398,592000,1,114,114,4,False,114
glv-j0-32,0,2399,21732122,298,114,114,4,True,114
glv-j0-32,0,2400,10887196,356,124,98,5,True,98
glv-j0-32,0,2401,182727,0,114,88,4,False,114
glv-j0-32,0,2402,3574737,8,114,120,4,False,114
glv-j0-32,0,2403,18936293,7,114,140,4,False,114
glv-j0-32,0,2404,18984830,1023,98,98,4,False,98
glv-j0-32,0,2405,3228476,731,114,108,4,True,108
glv-j0-32,0,2406,19803643,0,108,124,3,False,108
glv-j0-32,0,2407,14336832,104,114,114,4,False,114
glv-j0-32,0,2408,8137003,7,98,98,3,False,98
glv-j0-32,0,2409,2768013,95,78,68,1,False,78
glv-j0-32,0,2410,9172653,686,78,88,2,True,88
glv-j0-32,0,2411,20284542,0,124,140,5,False,124
glv-j0-32,0,2412,7098185,11,114,114,4,False,114
glv-j0-32,0,2413,16696227,1023,98,98,4,False,98
glv-j0-32,0,2414,2992632,104,78,68,1,False,78
glv-j0-32,0,2415,21352534,736,88,72,3,True,72
glv-j0-32,0,2416,13367693,104,98,130,3,False,98
glv-j0-32,0,2417,20501017,8,114,114,4,False,114
glv-j0-32,0,2418,19508529,353,114,88,4,True,88
glv-j0-32,0,2419,10371348,3,124,124,5,False,124
glv-j0-32,0,2420,12373847,1023,108,98,4,False,108
glv-j0-32,0,2421,12409337,810,114,114,4,True,114
glv-j0-32,0,2422,11442982,4,98,114,4,False,98
glv-j0-32,0,2423,2537191,795,114,98,3,True,98
glv-j0-32,0,2424,452932,860,124,98,5,True,98
glv-j0-32,0,2425,8464920,105,98,114,4,False,98
glv-j0-32,0,2426,20091250,882,88,88,3,True,88
glv-j0-32,0,2427,11069289,0,124,124,4,False,124
glv-j0-32,0,2428,15614328,16,98,114,3,False,98
glv-j0-32,0,2429,15828424,226,114,108,4,True,108
glv-j0-32,0,2430,18791351,657,114,114,4,True,114
glv-j0-32,0,2431,21145783,331,108,108,4,True,108
glv-j0-32,0,2432,3624181,1023,88,98,4,False,88
glv-j0-32,0,2433,4316984,752,124,114,4,False,124
glv-j0-32,0,2434,2303982,603,98,98,3,True,98
glv-j0-32,0,2435,4331206,297,114,108,4,True,108
glv-j0-32,0,2436,13670573,820,114,88,4,True,88
glv-j0-32,0,2437,975218,1,114,140,4,False,114
glv-j0-32,0,2438,13783018,235,88,88,3,True,88
glv-j0-32,0,2439,2858797,1023,98,108,4,False,98
glv-j0-32,0,2440,22171402,11,114,140,4,False,114
glv-j0-32,0,2441,18967375,340,114,118,4,True,118
glv-j0-32,0,2442,2580429,7,114,114,3,False,114
glv-j0-32,0,2443,6959194,697,98,134,5,True,134
glv-j0-32,0,2444,21323077,95,88,114,3,False,88
glv-j0-32,0,2445,16729223,95,114,114,3,False,114
glv-j0-32,0,2446,21719698,219,114,114,4,False,114
glv-j0-32,0,2447,9710551,887,98,108,4,False,98
glv-j0-32,0,2448,4410142,16,124,150,4,False,124
glv-j0-32,0,2449,20117983,806,124,114,5,True,114
glv-j0-32,0,2450,2123933,98,88,88,3,True,88
glv-j0-32,0,2451,15044923,16,114,114,4,False,114
glv-j0-32,0,2452,2929045,629,108,108,4,False,108
glv-j0-32,0,2453,14060549,862,114,114,4,True,114
glv-j0-32,0,2454,1798743,364,98,114,4,False,98
glv-j0-32,0,2455,16347743,104,114,114,3,False,114
glv-j0-32,0,2456,14144915,727,88,88,3,True,88
glv-j0-32,0,2457,19374890,625,98,98,3,False,98
glv-j0-32,0,2458,22840996,1023,98,98,4,False,98
glv-j0-32,0,2459,6111273,206,134,98,5,True,98
glv-j0-32,0,2460,22869500,106,114,120,4,False,114
glv-j0-32,0,2461,3543687,94,98,88,3,True,88
glv-j0-32,0,2462,6202544,244,88,88,3,False,88
glv-j0-32,0,2463,2606811,1023,98,98,4,False,98
glv-j0-32,0,2464,815383,9,124,114,5,False,124
glv-j0-32,0,2465,18693071,823,114,88,3,True,88
glv-j0-32,0,2466,339809,95,114,114,3,False,114
glv-j0-32,0,2467,16002235,297,124,118,5,True,118
glv-j0-32,0,2468,16909771,95,124,114,4,False,124
glv-j0-32,0,2469,17294970,245,88,88,2,False,88
glv-j0-32,0,2470,21011360,705,98,88,3,True,88
glv-j0-32,0,2471,7487678,371,98,108,4,False,98
glv-j0-32,0,2472,15654255,162,124,134,5,False,124
glv-j0-32,0,2473,18661628,109,108,108,4,False,108
glv-j0-32,0,2474,6863620,692,114,114,4,True,114
glv-j0-32,0,2475,7816995,4,114,114,3,False,114
glv-j0-32,0,2476,12932473,699,88,88,2,True,88
glv-j0-32,0,2477,12340760,373,88,88,3,False,88
glv-j0-32,0,2478,7630866,1023,98,82,3,False,98
glv-j0-32,0,2479,18891295,347,114,98,3,False,114
glv-j0-32,0,2480,19068800,161,98,118,4,True,118
glv-j0-32,0,2481,21202013,9,114,114,4,False,114
glv-j0-32,0,2482,12101069,235,88,88,3,True,88
glv-j0-32,0,2483,20226973,611,114,108,4,True,108
glv-j0-32,0,2484,13621488,7,98,114,3,False,98
glv-j0-32,0,2485,9401435,1023,108,108,5,False,108
glv-j0-32,0,2486,11852864,1023,88,72,3,False,88
glv-j0-32,0,2487,13970280,168,114,88,3,True,88
glv-j0-32,0,2488,20614815,8,108,124,3,False,108
glv-j0-32,0,2489,23435134,748,98,114,4,True,114
glv-j0-32,0,2490,13310811,95,78,88,2,False,78
glv-j0-32,0,2491,15361510,1023,88,104,3,False,88
glv-j0-32,0,2492,18360656,95,98,114,3,False,98
glv-j0-32,0,2493,20698038,95,114,140,4,False,114
glv-j0-32,0,2494,22482399,8,114,114,3,False,114
glv-j0-32,0,2495,15005719,7,78,94,2,False,78
glv-j0-32,0,2496,21579179,757,98,98,4,True,98
glv-j0-32,0,2497,18368818,759,88,88,3,False,88
glv-j0-32,0,2498,16481464,7,114,114,4,False,114
glv-j0-32,0,2499,14699696,1023,108,72,4,False,108
glv-j0-32,0,2500,19666537,192,114,98,3,True,98
glv-j0-32,0,2501,13942511,9,114,114,4,False,114
glv-j0-32,0,2502,9672098,630,88,88,3,False,88
glv-j0-32,0,2503,15564962,706,114,88,3,True,88
glv-j0-32,0,2504,17645905,174,98,108,4,True,108
glv-j0-32,0,2505,23360983,1023,72,72,3,False,72
glv-j0-32,0,2506,19488292,824,124,114,5,True,114
glv-j0-32,0,2507,18188906,11,114,114,4,False,114
glv-j0-32,0,2508,16437808,1,114,140,4,False,114
glv-j0-32,0,2509,11748456,105,108,108,4,False,108
glv-j0-32,0,2510,19927825,1023,98,98,4,False,98
glv-j0-32,0,2511,21856035,105,114,114,4,False,114
glv-j0-32,0,2512,10935912,1023,108,108,4,False,108
glv-j0-32,0,2513,10127470,373,98,108,4,False,98
glv-j0-32,0,2514,17552807,1023,108,82,5,False,108
glv-j0-32,0,2515,13356307,104,98,98,4,False,98
glv-j0-32,0,2516,5761004,13,78,94,2,False,78
glv-j0-32,0,2517,3186873,615,88,88,3,True,88
glv-j0-32,0,2518,18975088,604,114,118,4,True,118
glv-j0-32,0,2519,3451050,104,98,98,4,False,98
glv-j0-32,0,2520,11986323,95,114,114,4,False,114
glv-j0-32,0,2521,14824977,657,114,88,3,True,88
glv-j0-32,0,2522,5332117,104,78,94,2,False,78
glv-j0-32,0,2523,4469845,371,98,98,3,False,98
glv-j0-32,0,2524,15602181,211,114,114,4,True,114
glv-j0-32,0,2525,22076091,7,88,120,4,False,88
glv-j0-32,0,2526,12093966,169,78,88,2,True,88
glv-j0-32,0,2527,9734559,104,114,146,4,False,114
glv-j0-32,0,2528,23236293,606,114,98,3,True,98
glv-j0-32,0,2529,7524575,1023,108,118,5,False,108
glv-j0-32,0,2530,6089321,1,114,114,4,False,114
glv-j0-32,0,2531,10095854,2,98,114,5,False,98
glv-j0-32,0,2532,17822688,371,98,98,3,False,98
glv-j0-32,0,2533,17905134,151,88,88,3,True,88
glv-j0-32,0,2534,14856094,151,134,114,4,True,114
glv-j0-32,0,2535,8028814,106,88,88,2,False,88
glv-j0-32,0,2536,8897575,806,78,62,1,True,62
glv-j0-32,0,2537,22051352,1023,98,98,4,False,98
glv-j0-32,0,2538,8600537,0,78,88,2,False,78
glv-j0-32,0,2539,9175963,609,124,108,5,True,108
glv-j0-32,0,2540,9190961,95,114,114,4,False,114
glv-j0-32,0,2541,2957233,105,98,114,4,False,98
glv-j0-32,0,2542,9909163,848,114,114,4,True,114
glv-j0-32,0,2543,996128,200,114,108,4,True,108
glv-j0-32,0,2544,7081137,247,98,118,4,False,98
glv-j0-32,0,2545,299237,881,124,118,4,False,124
glv-j0-32,0,2546,14895646,104,114,140,4,False,114
glv-j0-32,0,2547,14069734,621,124,114,4,False,124
glv-j0-32,0,2548,20607616,11,114,114,3,False,114
glv-j0-32,0,2549,17663387,740,98,88,4,True,88
glv-j0-32,0,2550,16980456,1023,124,124,5,False,124
glv-j0-32,0,2551,936791,4,114,140,4,False,114
glv-j0-32,0,2552,1732054,795,114,88,3,True,88
glv-j0-32,0,2553,18066973,185,124,108,5,True,108
glv-j0-32,0,2554,18635914,234,88,88,3,False,88
glv-j0-32,0,2555,22620823,2,114,120,3,False,114
glv-j0-32,0,2556,20938862,12,88,114,3,False,88
glv-j0-32,0,2557,7739775,221,98,108,4,True,108
glv-j0-32,0,2558,9747236,869,114,98,3,True,98
glv-j0-32,0,2559,4083913,812,114,134,5,True,134
glv-j0-32,0,2560,7492842,104,114,114,4,False,114
glv-j0-32,0,2561,18619826,752,88,88,3,False,88
glv-j0-32,0,2562,19755175,629,108,108,4,False,108
glv-j0-32,0,2563,23614605,334,88,88,3,True,88
glv-j0-32,0,2564,17593280,324,114,88,3,True,88
glv-j0-32,0,2565,17935489,11,98,114,4,False,98
glv-j0-32,0,2566,7266311,3,88,114,3,False,88
glv-j0-32,0,2567,16292105,656,108,108,4,True,108
glv-j0-32,0,2568,11980179,1023,98,98,4,False,98
glv-j0-32,0,2569,8593921,336,114,98,3,True,98
glv-j0-32,0,2570,3334568,869,114,118,4,True,118
glv-j0-32,0,2571,17295302,8,88,114,3,False,88
glv-j0-32,0,2572,10168250,878,98,114,4,True,114
glv-j0-32,0,2573,14755206,104,114,146,4,False,114
glv-j0-32,0,2574,15066024,221,88,88,4,True,88
glv-j0-32,0,2575,9972038,345,114,118,4,True,118
glv-j0-32,0,2576,3160163,3,114,130,3,False,114
glv-j0-32,0,2577,20848009,350,114,108,4,True,108
glv-j0-32,0,2578,19082273,724,114,114,4,True,114
glv-j0-32,0,2579,2223702,345,114,98,3,True,98
glv-j0-32,0,2580,20883245,224,114,98,3,False,114
glv-j0-32,0,2581,10818136,283,78,88,2,True,88
glv-j0-32,0,2582,17512204,1023,98,88,3,False,98
glv-j0-32,0,2583,17496995,7,114,114,3,False,114
glv-j0-32,0,2584,8725919,1023,118,118,4,False,118
glv-j0-32,0,2585,8943341,869,114,108,4,True,108
glv-j0-32,0,2586,12143555,8,114,114,3,False,114
glv-j0-32,0,2587,14971168,96,114,114,4,True,114
glv-j0-32,0,2588,21005660,754,82,82,3,False,82
glv-j0-32,0,2589,3021191,344,114,88,3,True,88
glv-j0-32,0,2590,9702682,870,88,88,3,True,88
glv-j0-32,0,2591,23094622,199,114,108,4,True,108
glv-j0-32,0,2592,18692889,1023,88,72,3,False,88
glv-j0-32,0,2593,1213619,181,124,134,5,True,134
glv-j0-32,0,2594,4857411,613,114,114,4,True,114
glv-j0-32,0,2595,16661245,7,124,140,4,False,124
glv-j0-32,0,2596,10743946,7,88,140,3,False,88
glv-j0-32,0,2597,23694380,104,114,114,3,False,114
glv-j0-32,0,2598,20444367,322,114,108,4,True,108
glv-j0-32,0,2599,15629995,308,98,88,3,True,88
glv-j0-32,0,2600,10227470,1023,98,118,5,False,98
glv-j0-32,0,2601,17531925,1,98,98,4,False,98
glv-j0-32,0,2602,11221158,176,114,108,4,True,108
glv-j0-32,0,2603,10447485,4,114,120,3,False,114
glv-j0-32,0,2604,11775722,8,114,114,4,False,114
glv-j0-32,0,2605,20303754,12,88,114,4,False,88
glv-j0-32,0,2606,8003495,195,114,98,4,True,98
glv-j0-32,0,2607,19692746,1,114,114,3,False,114
glv-j0-32,0,2608,22795312,2,114,114,3,False,114
glv-j0-32,0,2609,1281127,95,114,114,4,False,114
glv-j0-32,0,2610,18625174,113,124,108,5,False,124
glv-j0-32,0,2611,19340189,105,98,98,3,False,98
glv-j0-32,0,2612,7828227,368,98,108,5,False,98
glv-j0-32,0,2613,20817320,278,98,62,3,False,98
glv-j0-32,0,2614,19461349,362,88,88,3,False,88
glv-j0-32,0,2615,5910091,888,98,114,4,False,98
glv-j0-32,0,2616,12291441,11,98,98,5,False,98
glv-j0-32,0,2617,2243737,859,124,114,5,False,124
glv-j0-32,0,2618,1931336,359,114,114,4,True,114
glv-j0-32,0,2619,19898671,1,114,114,4,False,114
glv-j0-32,0,2620,7521637,845,114,98,3,True,98
glv-j0-32,0,2621,447249,104,114,114,4,False,114
glv-j0-32,0,2622,7285384,95,124,140,5,False,124
glv-j0-32,0,2623,10539317,372,98,108,5,False,98
glv-j0-32,0,2624,12782883,1023,82,82,3,False,82
glv-j0-32,0,2625,9491533,843,88,72,3,True,72
glv-j0-32,0,2626,15571287,693,114,98,3,True,98
glv-j0-32,0,2627,17452072,373,124,108,4,False,124
glv-j0-32,0,2628,18957353,181,114,108,4,True,108
glv-j0-32,0,2629,2918109,95,98,114,4,False,98
glv-j0-32,0,2630,11239104,12,114,114,3,False,114
glv-j0-32,0,2631,2699971,104,114,114,4,False,114
glv-j0-32,0,2632,1280951,297,114,114,4,True,114
glv-j0-32,0,2633,10617152,821,124,114,5,True,114
glv-j0-32,0,2634,18366792,756,88,88,2,True,88
glv-j0-32,0,2635,9451678,1023,124,98,5,False,124
glv-j0-32,0,2636,21666874,2,88,114,4,False,88
glv-j0-32,0,2637,20647738,235,98,108,4,True,108
glv-j0-32,0,2638,14271859,368,98,108,4,False,98
glv-j0-32,0,2639,657645,95,124,114,4,False,124
glv-j0-32,0,2640,23560181,102,114,108,4,True,108
glv-j0-32,0,2641,6589168,8,114,114,4,False,114
glv-j0-32,0,2642,1701099,95,118,114,4,False,118
glv-j0-32,0,2643,1482824,295,114,108,4,True,108
glv-j0-32,0,2644,5904560,212,78,88,2,True,88
glv-j0-32,0,2645,7151610,145,88,88,3,True,88
glv-j0-32,0,2646,16433665,0,88,98,3,False,88
glv-j0-32,0,2647,1126286,0,124,114,5,False,124
glv-j0-32,0,2648,20845781,104,98,114,3,False,98
glv-j0-32,0,2649,15265124,807,114,114,4,True,114
glv-j0-32,0,2650,5021586,1023,88,92,3,False,88
glv-j0-32,0,2651,3767158,873,88,88,3,True,88
glv-j0-32,0,2652,9113842,4,114,88,3,False,114
glv-j0-32,0,2653,11824899,1023,98,98,3,False,98
glv-j0-32,0,2654,8773262,829,114,98,3,True,98
glv-j0-32,0,2655,2709223,1023,88,72,3,False,88
glv-j0-32,0,2656,1625777,105,114,146,4,False,114
glv-j0-32,0,2657,5103412,883,98,108,4,True,108
glv-j0-32,0,2658,18606679,287,114,98,3,True,98
glv-j0-32,0,2659,22399942,617,98,108,4,False,98
glv-j0-32,0,2660,19947664,161,114,88,3,True,88
glv-j0-32,0,2661,2071871,1023,88,98,3,False,88
glv-j0-32,0,2662,21646064,345,114,114,4,True,114
glv-j0-32,0,2663,18134763,337,114,88,3,True,88
glv-j0-32,0,2664,3168609,7,114,114,4,False,114
glv-j0-32,0,2665,18063873,3,114,114,3,False,114
glv-j0-32,0,2666,19160992,146,114,88,4,True,88
glv-j0-32,0,2667,7008979,7,114,146,4,False,114
glv-j0-32,0,2668,1581912,749,98,108,4,False,98
glv-j0-32,0,2669,18070174,101,78,88,2,True,88
glv-j0-32,0,2670,9593762,9,114,114,3,False,114
glv-j0-32,0,2671,3155367,1023,82,82,4,False,82
glv-j0-32,0,2672,10473739,686,124,108,5,True,108
glv-j0-32,0,2673,16202254,7,114,114,3,False,114
glv-j0-32,0,2674,17305829,286,98,114,4,True,114
glv-j0-32,0,2675,1530995,9,88,88,4,False,88
glv-j0-32,0,2676,4043531,7,88,88,3,False,88
glv-j0-32,0,2677,17403924,755,88,88,3,True,88
glv-j0-32,0,2678,6863751,181,114,108,4,True,108
glv-j0-32,0,2679,21838614,366,88,88,3,False,88
glv-j0-32,0,2680,2875553,1023,98,98,4,False,98
glv-j0-32,0,2681,10542732,1023,88,72,3,False,88
glv-j0-32,0,2682,13737394,656,114,88,3,True,88
glv-j0-32,0,2683,2614739,12,88,88,3,False,88
glv-j0-32,0,2684,5905507,195,88,88,3,True,88
glv-j0-32,0,2685,19700868,759,98,98,3,False,98
glv-j0-32,0,2686,9612210,8,114,114,4,False,114
glv-j0-32,0,2687,5311196,186,88,62,3,True,62
glv-j0-32,0,2688,15060215,8,134,114,5,False,134
glv-j0-32,0,2689,22914313,95,98,98,5,False,98
glv-j0-32,0,2690,13471517,693,88,108,4,True,108
glv-j0-32,0,2691,4727909,627,124,114,4,True,114
glv-j0-32,0,2692,13753386,104,114,114,3,False,114
glv-j0-32,0,2693,13473929,146,114,114,4,True,114
glv-j0-32,0,2694,876896,1023,72,72,3,False,72
glv-j0-32,0,2695,1244933,1023,88,98,3,False,88
glv-j0-32,0,2696,17457211,237,98,108,4,False,98
glv-j0-32,0,2697,5274241,162,98,88,3,False,98
glv-j0-32,0,2698,8101146,13,78,98,2,False,78
glv-j0-32,0,2699,15366590,875,98,108,4,True,108
glv-j0-32,0,2700,4270562,231,114,108,4,True,108
glv-j0-32,0,2701,5874803,1023,98,88,3,False,98
glv-j0-32,0,2702,10227904,3,114,114,4,False,114
glv-j0-32,0,2703,20006801,710,98,118,4,True,118
glv-j0-32,0,2704,22836339,286,124,114,4,True,114
glv-j0-32,0,2705,15096041,1023,124,124,4,False,124
glv-j0-32,0,2706,19502349,95,114,114,4,False,114
glv-j0-32,0,2707,12652516,287,114,88,4,True,88
glv-j0-32,0,2708,16189064,8,88,120,4,False,88
glv-j0-32,0,2709,17290298,2,114,114,4,False,114
glv-j0-32,0,2710,18027741,105,98,114,3,False,98
glv-j0-32,0,2711,13476898,95,114,114,3,False,114
glv-j0-32,0,2712,7707399,706,114,114,4,True,114
glv-j0-32,0,2713,10813596,809,114,114,4,True,114
glv-j0-32,0,2714,10936342,308,114,108,4,True,108
glv-j0-32,0,2715,11999794,95,98,114,3,False,98
glv-j0-32,0,2716,5955896,238,62,62,2,True,62
glv-j0-32,0,2717,18529283,1023,98,98,4,False,98
glv-j0-32,0,2718,6221235,812,98,108,4,True,108
glv-j0-32,0,2719,21863881,1023,108,98,5,False,108
glv-j0-32,0,2720,9084515,104,114,146,4,False,114
glv-j0-32,0,2721,4555991,118,88,88,3,True,88
glv-j0-32,0,2722,3441937,1,78,68,1,False,78
glv-j0-32,0,2723,16441291,728,114,108,4,True,108
glv-j0-32,0,2724,20077606,12,114,114,3,False,114
glv-j0-32,0,2725,15610671,180,124,140,5,True,140
glv-j0-32,0,2726,5913761,7,88,104,2,False,88
glv-j0-32,0,2727,1552809,663,114,88,4,True,88
glv-j0-32,0,2728,22735604,329,114,88,3,True,88
glv-j0-32,0,2729,5243028,350,114,98,4,True,98
glv-j0-32,0,2730,9598829,278,98,98,3,False,98
glv-j0-32,0,2731,597763,9,98,140,5,False,98
glv-j0-32,0,2732,6546849,287,114,108,4,True,108
glv-j0-32,0,2733,16845790,223,88,114,3,False,88
glv-j0-32,0,2734,22806445,367,98,140,5,False,98
glv-j0-32,0,2735,8766003,0,88,88,3,False,88
glv-j0-32,0,2736,5361678,4,114,88,3,False,114
glv-j0-32,0,2737,1957003,16,114,120,3,False,114
glv-j0-32,0,2738,18787596,11,88,88,3,False,88
glv-j0-32,0,2739,12866416,105,98,114,4,False,98
glv-j0-32,0,2740,17386618,294,114,114,4,True,114
glv-j0-32,0,2741,22484804,1023,72,72,3,False,72
glv-j0-32,0,2742,15265736,840,114,88,3,True,88
glv-j0-32,0,2743,11070975,95,114,114,3,False,114
glv-j0-32,0,2744,15329974,310,114,118,4,True,118
glv-j0-32,0,2745,16350204,8,98,114,5,False,98
glv-j0-32,0,2746,12828165,2,114,114,4,False,114
glv-j0-32,0,2747,4570221,680,114,114,4,True,114
glv-j0-32,0,2748,864946,1023,98,98,4,False,98
glv-j0-32,0,2749,11439317,2,98,114,3,False,98
glv-j0-32,0,2750,7155552,95,114,114,4,False,114
glv-j0-32,0,2751,15960089,1023,98,124,4,False,98
glv-j0-32,0,2752,21476612,226,114,88,3,True,88
glv-j0-32,0,2753,6150899,741,88,88,3,True,88
glv-j0-32,0,2754,3073880,292,88,88,4,True,88
glv-j0-32,0,2755,19016448,292,124,124,5,True,124
glv-j0-32,0,2756,20634620,880,88,88,2,False,88
glv-j0-32,0,2757,19432037,7,98,114,3,False,98
glv-j0-32,0,2758,1766435,1023,72,72,3,False,72
glv-j0-32,0,2759,6020621,104,98,114,3,False,98
glv-j0-32,0,2760,19492667,95,124,120,3,False,124
glv-j0-32,0,2761,10023207,1023,118,134,4,False,118
glv-j0-32,0,2762,1453887,3,98,146,4,False,98
glv-j0-32,0,2763,5804116,812,98,88,3,True,88
glv-j0-32,0,2764,8366532,1023,98,98,4,False,98
glv-j0-32,0,2765,2631489,1023,82,82,4,False,82
glv-j0-32,0,2766,15375323,1023,72,82,3,False,72
glv-j0-32,0,2767,16515205,2,114,114,4,False,114
glv-j0-32,0,2768,18475169,1,114,114,4,False,114
glv-j0-32,0,2769,12477788,104,114,114,4,False,114
glv-j0-32,0,2770,2820727,12,98,98,4,False,98
glv-j0-32,0,2771,6587091,1023,88,98,3,False,88
glv-j0-32,0,2772,22221207,373,98,108,4,False,98
glv-j0-32,0,2773,15619074,619,98,114,4,True,114
glv-j0-32,0,2774,17779079,846,114,108,4,True,108
glv-j0-32,0,2775,8778191,16,124,114,5,False,124
glv-j0-32,0,2776,7046417,9,124,140,5,False,124
glv-j0-32,0,2777,16710655,1023,98,72,4,False,98
glv-j0-32,0,2778,3118984,7,124,114,5,False,124
glv-j0-32,0,2779,22628967,3,88,120,3,False,88
glv-j0-32,0,2780,5997677,4,88,88,4,False,88
glv-j0-32,0,2781,12057186,115,82,82,3,False,82
glv-j0-32,0,2782,2426287,866,114,98,4,True,98
glv-j0-32,0,2783,1144646,8,78,98,2,False,78
glv-j0-32,0,2784,19975433,1,114,146,4,False,114
glv-j0-32,0,2785,8202348,699,78,88,1,True,88
glv-j0-32,0,2786,18054394,611,114,108,4,True,108
glv-j0-32,0,2787,17437500,0,114,98,4,False,114
glv-j0-32,0,2788,117155,206,114,118,4,True,118
glv-j0-32,0,2789,8013196,1023,98,82,3,False,98
glv-j0-32,0,2790,10677365,625,98,114,4,False,98
glv-j0-32,0,2791,14943055,359,88,108,4,True,108
glv-j0-32,0,2792,6606803,168,114,98,3,True,98
glv-j0-32,0,2793,7721965,104,114,88,4,False,114
glv-j0-32,0,2794,17444589,753,108,98,5,True,98
glv-j0-32,0,2795,5651106,733,88,88,3,True,88
glv-j0-32,0,2796,10762694,104,82,98,4,False,82
glv-j0-32,0,2797,14531774,8,124,172,5,False,124
glv-j0-32,0,2798,20879145,199,114,108,4,True,108
glv-j0-32,0,2799,16560710,104,114,140,4,False,114
glv-j0-32,0,2800,3152643,1023,88,98,3,False,88
glv-j0-32,0,2801,22925161,824,114,88,3,True,88
glv-j0-32,0,2802,15463397,1023,88,98,3,False,88
glv-j0-32,0,2803,23668781,104,114,114,4,False,114
glv-j0-32,0,2804,15726467,186,114,98,4,True,98
glv-j0-32,0,2805,2571624,0,114,114,3,False,114
glv-j0-32,0,2806,11125078,754,98,114,4,False,98
glv-j0-32,0,2807,13592649,370,88,88,3,False,88
glv-j0-32,0,2808,7014747,4,98,88,3,False,98
glv-j0-32,0,2809,22015047,706,114,114,4,True,114
glv-j0-32,0,2810,22009174,1023,98,124,5,False,98
glv-j0-32,0,2811,6989628,114,98,108,4,True,108
glv-j0-32,0,2812,19867765,848,98,62,3,True,62
glv-j0-32,0,2813,13298717,95,114,114,4,False,114
glv-j0-32,0,2814,22114276,7,88,94,3,False,88
glv-j0-32,0,2815,15207191,8,124,124,3,False,124
glv-j0-32,0,2816,1419415,168,88,88,3,True,88
glv-j0-32,0,2817,11665337,11,78,88,2,False,78
glv-j0-32,0,2818,12522700,105,114,114,4,False,114
glv-j0-32,0,2819,9009032,324,114,114,4,True,114
glv-j0-32,0,2820,17879045,704,124,114,5,True,114
glv-j0-32,0,2821,15633894,0,114,140,4,False,114
glv-j0-32,0,2822,1917317,1023,108,98,5,False,108
glv-j0-32,0,2823,19717843,243,98,118,4,True,118
glv-j0-32,0,2824,16564591,95,114,114,3,False,114
glv-j0-32,0,2825,13508690,156,114,108,4,True,108
glv-j0-32,0,2826,9871879,8,98,98,5,False,98
glv-j0-32,0,2827,7559384,822,114,88,4,True,88
glv-j0-32,0,2828,4942476,105,114,114,3,False,114
glv-j0-32,0,2829,17674901,336,124,118,4,True,118
glv-j0-32,0,2830,652379,106,88,88,3,False,88
glv-j0-32,0,2831,15475819,8,88,88,2,False,88
glv-j0-32,0,2832,11293513,1023,98,82,4,False,98
glv-j0-32,0,2833,8432845,334,114,114,4,True,114
glv-j0-32,0,2834,22186244,95,114,88,3,False,114
glv-j0-32,0,2835,17503187,195,114,108,4,True,108
glv-j0-32,0,2836,10438752,16,98,140,4,False,98
glv-j0-32,0,2837,6092947,7,114,114,3,False,114
glv-j0-32,0,2838,493705,855,114,98,3,True,98
glv-j0-32,0,2839,12973066,1023,98,98,4,False,98
glv-j0-32,0,2840,18961897,187,114,88,3,True,88
glv-j0-32,0,2841,20594027,722,114,88,4,True,88
glv-j0-32,0,2842,18401640,7,114,114,4,False,114
glv-j0-32,0,2843,18219447,298,124,108,5,True,108
glv-j0-32,0,2844,14063031,1023,92,92,3,False,92
glv-j0-32,0,2845,7409757,707,114,114,4,True,114
glv-j0-32,0,2846,16351347,98,124,114,4,True,114
glv-j0-32,0,2847,23673053,102,114,118,4,True,118
glv-j0-32,0,2848,1969422,717,114,88,3,True,88
glv-j0-32,0,2849,16590045,95,114,114,4,False,114
glv-j0-32,0,2850,274500,827,88,88,3,True,88
glv-j0-32,0,2851,18539532,1023,98,98,4,False,98
glv-j0-32,0,2852,2032757,8,114,114,4,False,114
glv-j0-32,0,2853,19967294,0,114,114,4,False,114
glv-j0-32,0,2854,21096065,625,98,108,4,False,98
glv-j0-32,0,2855,6188442,168,88,72,3,True,72
glv-j0-32,0,2856,19458462,879,98,108,4,False,98
glv-j0-32,0,2857,21830544,95,78,98,2,False,78
glv-j0-32,0,2858,2432390,106,114,114,4,False,114
glv-j0-32,0,2859,16712563,0,124,124,4,False,124
glv-j0-32,0,2860,7497987,244,88,88,2,False,88
glv-j0-32,0,2861,2561929,616,118,118,5,True,118
glv-j0-32,0,2862,19526799,95,114,114,3,False,114
glv-j0-32,0,2863,4220220,858,114,108,4,True,108
glv-j0-32,0,2864,18333202,1,98,98,4,False,98
glv-j0-32,0,2865,10703372,866,88,88,4,True,88
glv-j0-32,0,2866,15469326,104,114,120,3,False,114
glv-j0-32,0,2867,11120331,104,98,140,4,False,98
glv-j0-32,0,2868,8605354,95,114,114,4,False,114
glv-j0-32,0,2869,19102460,16,114,140,4,False,114
glv-j0-32,0,2870,32038,104,114,114,4,False,114
glv-j0-32,0,2871,1787821,1,114,124,4,False,114
glv-j0-32,0,2872,15122661,245,98,98,3,False,98
glv-j0-32,0,2873,6938635,851,114,108,4,True,108
glv-j0-32,0,2874,19701149,9,98,114,3,False,98
glv-j0-32,0,2875,7771704,104,124,108,5,False,124
glv-j0-32,0,2876,23235659,104,98,114,3,False,98
glv-j0-32,0,2877,23259046,98,88,62,3,True,62
glv-j0-32,0,2878,11223120,95,114,114,3,False,114
glv-j0-32,0,2879,564374,106,114,120,3,False,114
glv-j0-32,0,2880,6478029,9,114,114,3,False,114
glv-j0-32,0,2881,8026018,104,124,140,4,False,124
glv-j0-32,0,2882,21527093,2,114,114,3,False,114
glv-j0-32,0,2883,18268330,830,114,108,4,True,108
glv-j0-32,0,2884,6015131,853,114,88,3,True,88
glv-j0-32,0,2885,6025707,119,98,108,4,True,108
glv-j0-32,0,2886,730561,3,114,114,4,False,114
glv-j0-32,0,2887,13952074,306,114,108,4,True,108
glv-j0-32,0,2888,17752072,1023,88,104,3,False,88
glv-j0-32,0,2889,18216233,104,98,120,3,False,98
glv-j0-32,0,2890,16048885,7,88,120,3,False,88
glv-j0-32,0,2891,12964495,104,114,114,4,False,114
glv-j0-32,0,2892,7256508,104,108,114,5,False,108
glv-j0-32,0,2893,15996055,16,114,114,4,False,114
glv-j0-32,0,2894,1549159,222,114,98,3,False,114
glv-j0-32,0,2895,3246752,840,88,88,3,True,88
glv-j0-32,0,2896,6334353,16,98,98,3,False,98
glv-j0-32,0,2897,20371512,2,124,114,5,False,124
glv-j0-32,0,2898,10189750,3,114,114,4,False,114
glv-j0-32,0,2899,12247270,854,114,108,4,True,108
glv-j0-32,0,2900,10735373,104,114,114,4,False,114
glv-j0-32,0,2901,23557668,110,98,108,4,False,98
glv-j0-32,0,2902,13951578,9,98,114,5,False,98
glv-j0-32,0,2903,7556879,11,114,88,3,False,114
glv-j0-32,0,2904,14383831,1023,72,82,3,False,72
glv-j0-32,0,2905,19315499,805,114,88,3,True,88
glv-j0-32,0,2906,20986662,11,114,114,4,False,114
glv-j0-32,0,2907,1286792,860,114,108,4,True,108
glv-j0-32,0,2908,22392841,872,108,118,5,False,108
glv-j0-32,0,2909,16798750,1023,98,124,4,False,98
glv-j0-32,0,2910,22639065,16,124,114,5,False,124
glv-j0-32,0,2911,23329834,297,108,88,3,True,88
glv-j0-32,0,2912,21738442,0,114,88,3,False,114
glv-j0-32,0,2913,22575172,309,114,98,4,False,114
glv-j0-32,0,2914,17261377,0,114,114,4,False,114
glv-j0-32,0,2915,13975637,151,114,88,3,True,88
glv-j0-32,0,2916,16490074,623,88,88,3,False,88
glv-j0-32,0,2917,2728018,104,98,98,4,False,98
glv-j0-32,0,2918,18059914,1023,108,98,4,False,108
glv-j0-32,0,2919,5139445,101,114,114,4,True,114
glv-j0-32,0,2920,22121731,12,114,114,3,False,114
glv-j0-32,0,2921,19608529,16,88,140,4,False,88
glv-j0-32,0,2922,8654542,837,98,108,5,True,108
glv-j0-32,0,2923,17707994,738,114,108,4,True,108
glv-j0-32,0,2924,3445115,348,124,114,5,True,114
glv-j0-32,0,2925,17193257,865,88,72,3,True,72
glv-j0-32,0,2926,7489602,372,108,108,4,False,108
glv-j0-32,0,2927,20994301,833,124,108,4,True,108
glv-j0-32,0,2928,17312360,3,98,88,4,False,98
glv-j0-32,0,2929,6786778,226,114,114,4,True,114
glv-j0-32,0,2930,17839458,218,114,98,3,True,98
glv-j0-32,0,2931,21528549,8,114,114,4,False,114
glv-j0-32,0,2932,5234895,104,124,166,5,False,124
glv-j0-32,0,2933,9993104,105,88,88,3,False,88
glv-j0-32,0,2934,781531,11,114,114,4,False,114
glv-j0-32,0,2935,21128785,856,114,88,3,True,88
glv-j0-32,0,2936,10736306,104,108,140,4,False,108
glv-j0-32,0,2937,6560745,842,98,114,5,True,114
glv-j0-32,0,2938,20819440,1023,98,98,4,False,98
glv-j0-32,0,2939,23439537,0,114,114,3,False,114
glv-j0-32,0,2940,18234636,1023,98,98,4,False,98
glv-j0-32,0,2941,22721991,95,114,114,3,False,114
glv-j0-32,0,2942,9040871,211,104,98,4,True,98
glv-j0-32,0,2943,22923413,95,114,140,4,False,114
glv-j0-32,0,2944,2164363,852,114,114,4,False,114
glv-j0-32,0,2945,22239182,300,114,88,4,True,88
glv-j0-32,0,2946,22041272,104,114,114,3,False,114
glv-j0-32,0,2947,1711443,628,118,118,4,True,118
glv-j0-32,0,2948,8547385,106,98,146,4,False,98
glv-j0-32,0,2949,11639415,330,114,98,4,True,98
glv-j0-32,0,2950,618820,724,114,108,4,True,108
glv-j0-32,0,2951,7897549,854,88,62,3,True,62
glv-j0-32,0,2952,10530225,8,88,114,4,False,88
glv-j0-32,0,2953,7388425,16,114,114,4,False,114
glv-j0-32,0,2954,6476407,0,88,88,2,False,88
glv-j0-32,0,2955,6188606,95,114,114,3,False,114
glv-j0-32,0,2956,20067089,300,124,134,5,True,134
glv-j0-32,0,2957,19152587,13,98,98,4,False,98
glv-j0-32,0,2958,22320463,1023,124,98,4,False,124
glv-j0-32,0,2959,10819396,2,88,88,3,False,88
glv-j0-32,0,2960,11859797,95,98,88,3,False,98
glv-j0-32,0,2961,15681910,813,114,98,4,True,98
glv-j0-32,0,2962,1315441,2,124,114,5,False,124
glv-j0-32,0,2963,15194032,365,88,88,3,True,88
glv-j0-32,0,2964,15299587,845,124,140,5,True,140
glv-j0-32,0,2965,5649006,368,98,114,4,False,98
glv-j0-32,0,2966,1650452,336,114,114,4,True,114
glv-j0-32,0,2967,10374709,681,114,98,3,True,98
glv-j0-32,0,2968,17481039,95,114,140,4,False,114
glv-j0-32,0,2969,4551478,175,98,108,4,False,98
glv-j0-32,0,2970,15058846,1023,98,98,4,False,98
glv-j0-32,0,2971,7218119,1,114,114,4,False,114
glv-j0-32,0,2972,19313964,790,124,108,5,True,108
glv-j0-32,0,2973,16079350,3,98,88,3,False,98
glv-j0-32,0,2974,10041612,117,88,88,2,False,88
glv-j0-32,0,2975,12729060,736,88,88,4,True,88
glv-j0-32,0,2976,21957536,1,114,140,4,False,114
glv-j0-32,0,2977,16271075,105,114,114,4,False,114
glv-j0-32,0,2978,12217660,361,98,98,3,True,98
glv-j0-32,0,2979,12843901,8,114,114,4,False,114
glv-j0-32,0,2980,6595082,847,98,88,4,True,88
glv-j0-32,0,2981,15191578,748,98,108,4,True,108
glv-j0-32,0,2982,19676755,236,108,108,4,True,108
glv-j0-32,0,2983,18862708,96,114,108,4,True,108
glv-j0-32,0,2984,21237871,287,88,88,3,True,88
glv-j0-32,0,2985,13845075,161,114,114,4,True,114
glv-j0-32,0,2986,21963886,185,98,114,4,True,114
glv-j0-32,0,2987,173941,95,78,88,2,False,78
glv-j0-32,0,2988,10022048,7,114,120,3,False,114
glv-j0-32,0,2989,22469670,631,98,98,3,True,98
glv-j0-32,0,2990,4629668,13,88,88,3,False,88
glv-j0-32,0,2991,19315419,799,114,88,3,True,88
glv-j0-32,0,2992,3874111,4,114,88,4,False,114
glv-j0-32,0,2993,19947131,95,98,114,3,False,98
glv-j0-32,0,2994,22268434,717,114,88,4,True,88
glv-j0-32,0,2995,9444303,105,114,140,4,False,114
glv-j0-32,0,2996,23703638,1023,124,98,4,False,124
glv-j0-32,0,2997,20339803,713,88,88,3,True,88
glv-j0-32,0,2998,15368602,95,114,114,4,False,114
glv-j0-32,0,2999,6498702,1023,88,108,3,False,88
glv-j0-32,0,3000,14658323,2,78,68,1,False,78
glv-j0-32,0,3001,19537510,368,98,108,4,False,98
glv-j0-32,0,3002,22519666,353,114,98,3,True,98
glv-j0-32,0,3003,10560636,2,124,140,4,False,124
glv-j0-32,0,3004,11482547,1023,98,98,4,False,98
glv-j0-32,0,3005,14999597,104,98,114,3,False,98
glv-j0-32,0,3006,19845215,344,114,88,3,True,88
glv-j0-32,0,3007,21413248,95,118,134,4,False,118
glv-j0-32,0,3008,1084368,375,98,108,4,False,98
glv-j0-32,0,3009,14298667,3,114,114,4,False,114
glv-j0-32,0,3010,11065720,16,114,114,3,False,114
glv-j0-32,0,3011,13142994,885,98,98,3,False,98
glv-j0-32,0,3012,15859700,853,114,114,4,True,114
glv-j0-32,0,3013,1005161,1023,98,98,4,False,98
glv-j0-32,0,3014,7219492,95,98,114,4,False,98
glv-j0-32,0,3015,7106036,4,114,114,4,False,114
glv-j0-32,0,3016,16667692,307,114,114,4,True,114
glv-j0-32,0,3017,3056188,180,88,88,4,True,88
glv-j0-32,0,3018,7794323,697,114,108,4,True,108
glv-j0-32,0,3019,6380951,8,124,114,5,False,124
glv-j0-32,0,3020,18161422,733,124,108,4,True,108
glv-j0-32,0,3021,9916771,681,114,98,4,True,98
glv-j0-32,0,3022,5459252,7,150,114,5,False,150
glv-j0-32,0,3023,20090668,7,98,114,3,False,98
glv-j0-32,0,3024,13997252,322,114,108,4,True,108
glv-j0-32,0,3025,19130135,234,98,88,4,False,98
glv-j0-32,0,3026,15076300,611,114,114,4,True,114
glv-j0-32,0,3027,12069741,8,98,114,4,False,98
glv-j0-32,0,3028,1291181,668,124,114,4,True,114
glv-j0-32,0,3029,11746674,105,88,88,2,False,88
glv-j0-32,0,3030,15051866,2,114,114,4,False,114
glv-j0-32,0,3031,629305,878,98,98,3,True,98
glv-j0-32,0,3032,12437530,104,134,140,5,False,134
glv-j0-32,0,3033,2627496,836,114,108,4,True,108
glv-j0-32,0,3034,4255848,102,114,114,4,True,114
glv-j0-32,0,3035,12110783,106,98,98,4,False,98
glv-j0-32,0,3036,14104668,111,98,108,5,False,98
glv-j0-32,0,3037,14359413,104,124,124,3,False,124
glv-j0-32,0,3038,6652467,1023,88,108,3,False,88
glv-j0-32,0,3039,155479,850,124,134,5,True,134
glv-j0-32,0,3040,15245002,615,114,98,3,True,98
glv-j0-32,0,3041,18391581,840,114,114,4,True,114
glv-j0-32,0,3042,11464273,248,88,88,3,True,88
glv-j0-32,0,3043,21439819,13,88,114,3,False,88
glv-j0-32,0,3044,12564239,7,78,68,1,False,78
glv-j0-32,0,3045,13303603,98,114,98,3,True,98
glv-j0-32,0,3046,4173218,104,114,114,3,False,114
glv-j0-32,0,3047,18102397,3,98,114,4,False,98
glv-j0-32,0,3048,21485388,330,114,88,3,True,88
glv-j0-32,0,3049,12816562,1023,98,82,3,False,98
glv-j0-32,0,3050,19448442,104,88,88,3,False,88
glv-j0-32,0,3051,13469833,225,114,88,3,True,88
glv-j0-32,0,3052,15275781,104,114,114,4,False,114
glv-j0-32,0,3053,8320892,200,114,88,4,True,88
glv-j0-32,0,3054,8049917,1023,52,52,1,False,52
glv-j0-32,0,3055,16678490,821,114,88,3,True,88
glv-j0-32,0,3056,1562991,1023,108,98,4,False,108
glv-j0-32,0,3057,7681898,1023,88,72,3,False,88
glv-j0-32,0,3058,23652693,1023,98,98,4,False,98
glv-j0-32,0,3059,14647382,681,108,108,4,True,108
glv-j0-32,0,3060,18770025,95,124,166,5,False,124
glv-j0-32,0,3061,15202957,120,88,88,3,False,88
glv-j0-32,0,3062,4448509,726,114,98,3,True,98
glv-j0-32,0,3063,2446875,106,114,140,4,False,114
glv-j0-32,0,3064,21752087,11,124,140,3,False,124
glv-j0-32,0,3065,13538289,106,98,114,5,False,98
glv-j0-32,0,3066,2770448,726,114,114,4,True,114
glv-j0-32,0,3067,13007484,95,114,130,3,False,114
glv-j0-32,0,3068,1096322,1023,124,130,4,False,124
glv-j0-32,0,3069,742520,91,124,108,5,True,108
glv-j0-32,0,3070,11366476,16,114,114,4,False,114
glv-j0-32,0,3071,16194990,96,114,98,3,True,98
glv-j0-32,0,3072,4701739,352,88,88,3,True,88
glv-j0-32,0,3073,9388728,673,114,114,4,True,114
glv-j0-32,0,3074,22477014,156,98,98,3,True,98
glv-j0-32,0,3075,15217737,2,88,124,4,False,88
glv-j0-32,0,3076,18605984,7,114,114,3,False,114
glv-j0-32,0,3077,13188131,731,88,88,3,True,88
glv-j0-32,0,3078,20408422,8,114,114,4,False,114
glv-j0-32,0,3079,17036981,622,98,108,4,False,98
glv-j0-32,0,3080,4335691,857,114,108,4,False,114
glv-j0-32,0,3081,23309706,699,88,88,3,True,88
glv-j0-32,0,3082,5979295,8,114,114,3,False,114
glv-j0-32,0,3083,13838121,104,98,98,3,False,98
glv-j0-32,0,3084,4670340,3,114,114,4,False,114
glv-j0-32,0,3085,23001879,16,98,98,5,False,98
glv-j0-32,0,3086,2914814,7,114,114,4,False,114
glv-j0-32,0,3087,13049257,823,114,88,3,True,88
glv-j0-32,0,3088,3816386,119,124,114,4,True,114
glv-j0-32,0,3089,2260885,95,98,114,3,False,98
glv-j0-32,0,3090,21150347,7,114,114,3,False,114
glv-j0-32,0,3091,392406,1023,98,98,4,False,98
glv-j0-32,0,3092,22727787,104,114,114,4,False,114
glv-j0-32,0,3093,4814682,738,124,108,5,True,108
glv-j0-32,0,3094,12277250,294,114,108,4,True,108
glv-j0-32,0,3095,15137475,856,88,72,3,True,72
glv-j0-32,0,3096,18448551,862,88,88,2,True,88
glv-j0-32,0,3097,4465333,823,114,114,4,True,114
glv-j0-32,0,3098,3907520,798,98,108,4,True,108
glv-j0-32,0,3099,23525106,687,98,108,4,True,108
glv-j0-32,0,3100,9762602,1,88,140,4,False,88
glv-j0-32,0,3101,8148369,1023,124,124,5,False,124
glv-j0-32,0,3102,12934378,119,88,88,3,True,88
glv-j0-32,0,3103,9721631,307,114,114,5,True,114
glv-j0-32,0,3104,10127442,96,114,98,4,True,98
glv-j0-32,0,3105,16222549,827,88,62,3,True,62
glv-j0-32,0,3106,2870765,806,98,88,3,True,88
glv-j0-32,0,3107,2252070,823,98,118,4,True,118
glv-j0-32,0,3108,2982108,105,114,114,4,False,114
glv-j0-32,0,3109,11378891,742,98,108,4,True,108
glv-j0-32,0,3110,5612926,104,114,140,4,False,114
glv-j0-32,0,3111,20290789,747,82,82,5,True,82
glv-j0-32,0,3112,5948301,226,88,88,3,True,88
glv-j0-32,0,3113,10484498,3,114,114,3,False,114
glv-j0-32,0,3114,19321441,0,124,124,4,False,124
glv-j0-32,0,3115,15609573,733,98,114,4,True,114
glv-j0-32,0,3116,14310223,108,88,88,3,False,88
glv-j0-32,0,3117,10878298,376,98,98,4,True,98
glv-j0-32,0,3118,22675676,192,124,108,4,True,108
glv-j0-32,0,3119,15253064,0,114,114,3,False,114
glv-j0-32,0,3120,7190626,96,114,114,4,True,114
glv-j0-32,0,3121,14614159,104,98,114,3,False,98
glv-j0-32,0,3122,1797457,206,78,62,2,True,62
glv-j0-32,0,3123,15011821,3,114,146,4,False,114
glv-j0-32,0,3124,17804168,7,88,88,2,False,88
glv-j0-32,0,3125,5250220,1023,98,98,4,False,98
glv-j0-32,0,3126,11287348,4,88,88,3,False,88
glv-j0-32,0,3127,19156990,104,114,114,3,False,114
glv-j0-32,0,3128,1117810,753,124,114,4,True,114
glv-j0-32,0,3129,13470912,376,88,88,3,True,88
glv-j0-32,0,3130,10917059,707,114,114,4,True,114
glv-j0-32,0,3131,3829871,3,114,114,4,False,114
glv-j0-32,0,3132,13465515,95,124,140,5,False,124
glv-j0-32,0,3133,16520706,1023,88,98,3,False,88
glv-j0-32,0,3134,21258350,215,78,62,2,True,62
glv-j0-32,0,3135,19202409,8,88,88,3,False,88
glv-j0-32,0,3136,21032749,1023,72,130,4,False,72
glv-j0-32,0,3137,17880319,1023,98,124,4,False,98
glv-j0-32,0,3138,6984779,743,88,88,3,True,88
glv-j0-32,0,3139,12274983,104,98,120,3,False,98
glv-j0-32,0,3140,14353133,117,72,72,3,False,72
glv-j0-32,0,3141,14374727,299,88,88,3,True,88
glv-j0-32,0,3142,23111891,629,124,114,4,False,124
glv-j0-32,0,3143,23264855,3,98,98,4,False,98
glv-j0-32,0,3144,11910407,827,114,88,3,True,88
glv-j0-32,0,3145,22593371,210,88,88,3,True,88
glv-j0-32,0,3146,19733145,827,114,88,4,True,88
glv-j0-32,0,3147,4139746,104,114,114,4,False,114
glv-j0-32,0,3148,11548863,8,114,140,4,False,114
glv-j0-32,0,3149,17738842,740,114,118,4,True,118
glv-j0-32,0,3150,18082393,723,98,108,4,True,108
glv-j0-32,0,3151,11634454,228,88,114,4,True,114
glv-j0-32,0,3152,4466452,13,124,140,5,False,124
glv-j0-32,0,3153,1216579,876,62,62,3,False,62
glv-j0-32,0,3154,20246575,7,98,88,4,False,98
glv-j0-32,0,3155,8732289,1,114,88,3,False,114
glv-j0-32,0,3156,18044545,334,114,108,4,True,108
glv-j0-32,0,3157,19568890,7,98,114,3,False,98
glv-j0-32,0,3158,6287778,680,114,118,4,True,118
glv-j0-32,0,3159,19083219,729,114,88,4,True,88
glv-j0-32,0,3160,5398935,95,114,120,3,False,114
glv-j0-32,0,3161,354082,7,114,130,3,False,114
glv-j0-32,0,3162,20196418,8,98,114,4,False,98
glv-j0-32,0,3163,1290650,99,114,98,3,True,98
glv-j0-32,0,3164,645533,95,98,114,3,False,98
glv-j0-32,0,3165,18266495,3,88,120,3,False,88
glv-j0-32,0,3166,22287595,1,98,88,3,False,98
glv-j0-32,0,3167,10961043,16,88,114,4,False,88
glv-j0-32,0,3168,11946584,347,114,118,4,False,114
glv-j0-32,0,3169,6667663,3,114,124,4,False,114
glv-j0-32,0,3170,21150780,3,98,114,3,False,98
glv-j0-32,0,3171,6170425,306,114,114,4,True,114
glv-j0-32,0,3172,23589552,8,114,114,4,False,114
glv-j0-32,0,3173,7785099,1023,98,130,4,False,98
glv-j0-32,0,3174,8115834,705,114,108,4,True,108
glv-j0-32,0,3175,1586145,174,98,88,3,True,88
glv-j0-32,0,3176,18573594,837,134,108,5,True,108
glv-j0-32,0,3177,13933870,363,88,88,2,True,88
glv-j0-32,0,3178,3118579,7,108,124,5,False,108
glv-j0-32,0,3179,692080,95,124,114,5,False,124
glv-j0-32,0,3180,20818365,7,88,88,2,False,88
glv-j0-32,0,3181,7924518,104,98,114,4,False,98
glv-j0-32,0,3182,20255933,211,114,108,4,True,108
glv-j0-32,0,3183,15920976,8,114,124,4,False,114
glv-j0-32,0,3184,14704818,0,114,114,4,False,114
glv-j0-32,0,3185,18884126,323,114,108,4,True,108
glv-j0-32,0,3186,12336339,106,98,134,5,False,98
glv-j0-32,0,3187,3851263,115,124,114,4,False,124
glv-j0-32,0,3188,2182939,1,114,114,4,False,114
glv-j0-32,0,3189,19217839,884,124,114,4,False,124
glv-j0-32,0,3190,3835119,95,114,114,4,False,114
glv-j0-32,0,3191,22083879,161,114,88,3,True,88
glv-j0-32,0,3192,7392963,3,88,88,4,False,88
glv-j0-32,0,3193,15934782,1023,72,72,2,False,72
glv-j0-32,0,3194,13118528,9,98,114,5,False,98
glv-j0-32,0,3195,9615406,846,114,88,3,True,88
glv-j0-32,0,3196,17781107,108,98,98,3,False,98
glv-j0-32,0,3197,1364105,93,114,118,4,True,118
glv-j0-32,0,3198,8867018,749,98,98,4,False,98
glv-j0-32,0,3199,5990485,1023,98,98,4,False,98
glv-j0-32,0,3200,7009717,7,134,140,5,False,134
glv-j0-32,0,3201,20788139,161,78,62,2,True,62
glv-j0-32,0,3202,8869607,248,98,98,3,True,98
glv-j0-32,0,3203,18213233,234,108,108,4,False,108
glv-j0-32,0,3204,11565949,656,98,98,3,True,98
glv-j0-32,0,3205,17391811,105,108,108,4,False,108
glv-j0-32,0,3206,20408605,8,114,140,4,False,114
glv-j0-32,0,3207,21959381,1023,98,118,5,False,98
glv-j0-32,0,3208,23621219,11,98,98,3,False,98
glv-j0-32,0,3209,22855553,312,114,108,4,True,108
glv-j0-32,0,3210,22914599,10,124,114,5,False,124
glv-j0-32,0,3211,15685323,104,98,114,4,False,98
glv-j0-32,0,3212,18731808,835,114,108,4,True,108
glv-j0-32,0,3213,21852066,229,88,88,3,True,88
glv-j0-32,0,3214,20326189,848,88,88,4,True,88
glv-j0-32,0,3215,9204705,95,98,140,4,False,98
glv-j0-32,0,3216,6896953,106,98,120,3,False,98
glv-j0-32,0,3217,4750850,95,114,88,4,False,114
glv-j0-32,0,3218,6016345,1023,98,98,4,False,98
glv-j0-32,0,3219,22864855,8,114,114,4,False,114
glv-j0-32,0,3220,17261439,3,88,88,4,False,88
glv-j0-32,0,3221,8849691,2,124,114,5,False,124
glv-j0-32,0,3222,3870262,809,98,88,3,True,88
glv-j0-32,0,3223,1613378,1023,98,124,4,False,98
glv-j0-32,0,3224,18012656,0,114,120,3,False,114
glv-j0-32,0,3225,8686163,16,114,114,3,False,114
glv-j0-32,0,3226,6621255,247,88,88,3,False,88
glv-j0-32,0,3227,6805267,8,114,114,3,False,114
glv-j0-32,0,3228,8934377,4,114,114,3,False,114
glv-j0-32,0,3229,10119030,151,124,134,5,True,134
glv-j0-32,0,3230,8919439,621,88,88,3,False,88
glv-j0-32,0,3231,5984639,221,88,88,3,True,88
glv-j0-32,0,3232,5768253,363,88,88,3,True,88
glv-j0-32,0,3233,21158516,12,114,130,3,False,114
glv-j0-32,0,3234,14156736,330,108,88,3,True,88
glv-j0-32,0,3235,1726530,616,98,108,4,True,108
glv-j0-32,0,3236,12434464,95,98,114,3,False,98
glv-j0-32,0,3237,15616672,7,88,88,4,False,88
glv-j0-32,0,3238,14461243,106,98,98,3,False,98
glv-j0-32,0,3239,10763660,2,134,140,5,False,134
glv-j0-32,0,3240,4587033,2,78,98,2,False,78
glv-j0-32,0,3241,1052361,760,72,72,4,False,72
glv-j0-32,0,3242,8813101,854,88,88,4,True,88
glv-j0-32,0,3243,16087283,305,114,88,4,True,88
glv-j0-32,0,3244,23188473,104,98,140,4,False,98
glv-j0-32,0,3245,1220141,329,114,114,4,True,114
glv-j0-32,0,3246,14483051,1023,98,98,3,False,98
glv-j0-32,0,3247,19521167,7,88,120,3,False,88
glv-j0-32,0,3248,6272545,869,114,114,4,True,114
glv-j0-32,0,3249,12612006,16,124,114,5,False,124
glv-j0-32,0,3250,6925734,286,114,88,3,True,88
glv-j0-32,0,3251,20064172,95,98,114,3,False,98
glv-j0-32,0,3252,4736316,340,124,114,5,True,114
glv-j0-32,0,3253,10836119,738,124,134,5,True,134
glv-j0-32,0,3254,4072916,3,98,98,3,False,98
glv-j0-32,0,3255,2934278,207,114,88,3,True,88
glv-j0-32,0,3256,3775469,311,114,88,3,True,88
glv-j0-32,0,3257,4196911,323,98,88,4,True,88
glv-j0-32,0,3258,15650313,162,78,62,2,False,78
glv-j0-32,0,3259,8709683,8,114,114,3,False,114
glv-j0-32,0,3260,11153382,1023,98,104,4,False,98
glv-j0-32,0,3261,5594636,1023,88,72,3,False,88
glv-j0-32,0,3262,2681097,365,82,82,3,True,82
glv-j0-32,0,3263,22073364,95,114,114,4,False,114
glv-j0-32,0,3264,7117051,218,88,108,4,True,108
glv-j0-32,0,3265,15881205,7,114,114,3,False,114
glv-j0-32,0,3266,1225660,104,88,114,2,False,88
glv-j0-32,0,3267,19089374,603,124,108,5,True,108
glv-j0-32,0,3268,10493515,1023,82,82,3,False,82
glv-j0-32,0,3269,14972864,0,114,140,4,False,114
glv-j0-32,0,3270,23337278,8,114,114,4,False,114
glv-j0-32,0,3271,5995482,106,114,146,4,False,114
glv-j0-32,0,3272,9239906,215,114,114,4,True,114
glv-j0-32,0,3273,20976506,104,98,98,3,False,98
glv-j0-32,0,3274,7006763,1023,62,72,3,False,62
glv-j0-32,0,3275,14561542,16,114,114,4,False,114
glv-j0-32,0,3276,21141710,616,98,98,3,True,98
glv-j0-32,0,3277,1068707,3,134,140,5,False,134
glv-j0-32,0,3278,4134436,749,108,108,5,False,108
glv-j0-32,0,3279,5346634,822,114,88,3,True,88
glv-j0-32,0,3280,17493476,105,114,114,4,False,114
glv-j0-32,0,3281,11278339,8,114,114,4,False,114
glv-j0-32,0,3282,21025866,0,88,88,3,False,88
glv-j0-32,0,3283,22674447,1023,98,124,4,False,98
glv-j0-32,0,3284,884402,95,114,114,3,False,114
glv-j0-32,0,3285,18944485,2,114,140,4,False,114
glv-j0-32,0,3286,5130555,3,114,114,3,False,114
glv-j0-32,0,3287,8198583,119,98,108,5,True,108
glv-j0-32,0,3288,2576226,10,114,140,4,False,114
glv-j0-32,0,3289,20067828,311,114,114,4,True,114
glv-j0-32,0,3290,16194278,104,114,114,3,False,114
glv-j0-32,0,3291,17824020,210,88,88,3,True,88
glv-j0-32,0,3292,21355761,0,114,114,4,False,114
glv-j0-32,0,3293,6052602,853,114,108,4,True,108
glv-j0-32,0,3294,15860526,106,114,114,3,False,114
glv-j0-32,0,3295,9723037,310,114,98,3,True,98
glv-j0-32,0,3296,10500982,95,108,108,4,False,108
glv-j0-32,0,3297,1514192,241,72,72,3,True,72
glv-j0-32,0,3298,16003200,105,124,114,5,False,124
glv-j0-32,0,3299,22353491,718,98,88,3,True,88
glv-j0-32,0,3300,7589309,322,114,108,4,True,108
glv-j0-32,0,3301,332144,1023,98,98,4,False,98
glv-j0-32,0,3302,6329112,8,134,134,5,False,134
glv-j0-32,0,3303,8868084,9,114,88,3,False,114
glv-j0-32,0,3304,5562949,856,114,118,4,True,118
glv-j0-32,0,3305,5814383,1023,124,124,5,False,124
glv-j0-32,0,3306,22678939,110,88,88,3,False,88
glv-j0-32,0,3307,21354988,106,114,114,4,False,114
glv-j0-32,0,3308,7590059,1023,98,98,4,False,98
glv-j0-32,0,3309,17458199,1,114,140,4,False,114
glv-j0-32,0,3310,2070242,1023,98,98,5,False,98
glv-j0-32,0,3311,8992170,857,114,88,3,False,114
glv-j0-32,0,3312,1780774,8,114,114,4,False,114
glv-j0-32,0,3313,14361752,356,78,62,2,True,62
glv-j0-32,0,3314,22227215,358,114,108,4,True,108
glv-j0-32,0,3315,17927492,105,98,88,3,False,98
glv-j0-32,0,3316,19101403,1023,98,98,4,False,98
glv-j0-32,0,3317,21496620,795,98,114,4,True,114
glv-j0-32,0,3318,20229719,95,114,114,3,False,114
glv-j0-32,0,3319,17475512,106,114,114,3,False,114
glv-j0-32,0,3320,655988,811,114,98,4,True,98
glv-j0-32,0,3321,4564146,1023,88,98,3,False,88
glv-j0-32,0,3322,10200649,7,114,114,4,False,114
glv-j0-32,0,3323,321246,110,98,114,4,False,98
glv-j0-32,0,3324,15513904,1023,88,72,3,False,88
glv-j0-32,0,3325,13945026,885,98,108,4,False,98
glv-j0-32,0,3326,9956249,631,88,88,3,True,88
glv-j0-32,0,3327,14814177,372,124,108,4,False,124
glv-j0-32,0,3328,22309177,104,88,88,3,False,88
glv-j0-32,0,3329,13334918,795,124,134,5,True,134
glv-j0-32,0,3330,19125099,755,108,98,5,True,98
glv-j0-32,0,3331,18563306,4,88,120,3,False,88
glv-j0-32,0,3332,22073695,286,108,108,4,True,108
glv-j0-32,0,3333,8627720,364,124,108,4,False,124
glv-j0-32,0,3334,17839721,237,98,98,3,False,98
glv-j0-32,0,3335,17054358,7,114,114,4,False,114
glv-j0-32,0,3336,17543761,95,98,114,4,False,98
glv-j0-32,0,3337,23299842,3,114,114,4,False,114
glv-j0-32,0,3338,7313810,1023,98,98,4,False,98
glv-j0-32,0,3339,19189981,1023,98,98,4,False,98
glv-j0-32,0,3340,6875969,12,88,114,3,False,88
glv-j0-32,0,3341,5531662,329,114,114,4,True,114
glv-j0-32,0,3342,22604300,218,114,118,4,True,118
glv-j0-32,0,3343,13459392,750,108,124,5,False,108
glv-j0-32,0,3344,21369951,819,114,108,4,True,108
glv-j0-32,0,3345,15030978,876,98,108,5,False,98
glv-j0-32,0,3346,870935,106,114,114,3,False,114
glv-j0-32,0,3347,13668132,1,114,124,4,False,114
glv-j0-32,0,3348,13651280,104,114,114,3,False,114
glv-j0-32,0,3349,3211797,114,124,114,4,True,114
glv-j0-32,0,3350,5347950,742,114,88,3,True,88
glv-j0-32,0,3351,11713704,180,124,108,5,True,108
glv-j0-32,0,3352,12564515,341,78,62,2,True,62
glv-j0-32,0,3353,791327,230,114,118,4,True,118
glv-j0-32,0,3354,23689293,712,114,108,4,True,108
glv-j0-32,0,3355,10759101,1023,88,98,3,False,88
glv-j0-32,0,3356,7797128,8,98,114,3,False,98
glv-j0-32,0,3357,15739188,726,114,88,4,True,88
glv-j0-32,0,3358,16591624,333,114,88,3,True,88
glv-j0-32,0,3359,9837526,668,114,108,4,True,108
glv-j0-32,0,3360,3704936,828,114,114,4,True,114
glv-j0-32,0,3361,13699439,673,114,108,4,True,108
glv-j0-32,0,3362,21456054,375,124,114,4,False,124
glv-j0-32,0,3363,15455362,318,78,62,1,True,62
glv-j0-32,0,3364,13120209,1,114,114,4,False,114
glv-j0-32,0,3365,1755402,631,72,72,4,True,72
glv-j0-32,0,3366,17038663,731,114,114,4,True,114
glv-j0-32,0,3367,6413954,104,114,120,3,False,114
glv-j0-32,0,3368,13093401,748,88,88,3,True,88
glv-j0-32,0,3369,18136113,337,114,88,3,True,88
glv-j0-32,0,3370,15897168,861,114,88,3,True,88
glv-j0-32,0,3371,13977449,720,114,88,3,True,88
glv-j0-32,0,3372,4643765,727,114,98,3,True,98
glv-j0-32,0,3373,11500491,9,98,114,3,False,98
glv-j0-32,0,3374,13291304,1023,98,98,4,False,98
glv-j0-32,0,3375,13144267,12,98,88,3,False,98
glv-j0-32,0,3376,14119373,330,114,108,4,True,108
glv-j0-32,0,3377,18704875,755,108,108,4,True,108
glv-j0-32,0,3378,12591998,206,114,98,3,True,98
glv-j0-32,0,3379,15340956,104,114,88,4,False,114
glv-j0-32,0,3380,3063475,345,88,88,3,True,88
glv-j0-32,0,3381,17815052,8,114,140,4,False,114
glv-j0-32,0,3382,20520187,105,98,114,3,False,98
glv-j0-32,0,3383,19212475,663,124,134,5,True,134
glv-j0-32,0,3384,17976043,95,114,114,3,False,114
glv-j0-32,0,3385,3067302,1023,124,98,4,False,124
glv-j0-32,0,3386,5311266,748,62,62,2,True,62
glv-j0-32,0,3387,3978679,353,114,108,4,True,108
glv-j0-32,0,3388,3837867,7,124,134,5,False,124
glv-j0-32,0,3389,21138829,706,124,108,5,True,108
glv-j0-32,0,3390,16043917,95,98,114,4,False,98
glv-j0-32,0,3391,21310193,726,88,88,3,True,88
glv-j0-32,0,3392,22920421,104,72,72,4,False,72
glv-j0-32,0,3393,780987,3,114,114,4,False,114
glv-j0-32,0,3394,22487002,245,108,98,5,False,108
glv-j0-32,0,3395,12143320,1023,88,72,3,False,88
glv-j0-32,0,3396,5886777,4,124,140,5,False,124
glv-j0-32,0,3397,7250957,339,114,118,4,True,118
glv-j0-32,0,3398,8770009,851,98,114,4,True,114
glv-j0-32,0,3399,13544251,8,114,114,4,False,114
glv-j0-32,0,3400,866006,104,124,114,5,False,124
glv-j0-32,0,3401,3871522,0,114,114,4,False,114
glv-j0-32,0,3402,4215850,95,108,114,3,False,108
glv-j0-32,0,3403,15758173,845,114,98,3,True,98
glv-j0-32,0,3404,17885067,106,98,114,4,False,98
glv-j0-32,0,3405,6353686,1,78,88,2,False,78
glv-j0-32,0,3406,18032677,1023,108,108,4,False,108
glv-j0-32,0,3407,5384972,812,114,88,3,True,88
glv-j0-32,0,3408,10884996,341,114,88,4,True,88
glv-j0-32,0,3409,1965276,95,114,114,4,False,114
glv-j0-32,0,3410,21854506,1,114,150,4,False,114
glv-j0-32,0,3411,17120454,877,88,88,3,True,88
glv-j0-32,0,3412,20917255,753,98,98,3,True,98
glv-j0-32,0,3413,5177940,0,98,114,4,False,98
glv-j0-32,0,3414,3240912,328,114,118,4,True,118
glv-j0-32,0,3415,14343748,850,114,108,4,True,108
glv-j0-32,0,3416,22806821,880,124,140,5,False,124
glv-j0-32,0,3417,3603132,104,114,114,4,False,114
glv-j0-32,0,3418,22438336,362,98,118,4,False,98
glv-j0-32,0,3419,22937544,95,114,114,4,False,114
glv-j0-32,0,3420,10261286,7,114,114,4,False,114
glv-j0-32,0,3421,7753079,105,78,68,1,False,78
glv-j0-32,0,3422,3416990,2,114,114,4,False,114
glv-j0-32,0,3423,4480677,710,114,108,4,True,108
glv-j0-32,0,3424,11271884,0,114,114,4,False,114
glv-j0-32,0,3425,20941685,295,114,88,3,True,88
glv-j0-32,0,3426,19951939,16,98,114,4,False,98
glv-j0-32,0,3427,5537957,318,98,118,4,True,118
glv-j0-32,0,3428,23557151,759,72,72,3,False,72
glv-j0-32,0,3429,8454935,751,98,98,3,False,98
glv-j0-32,0,3430,6242018,885,124,108,4,False,124
glv-j0-32,0,3431,22972026,362,98,114,4,False,98
glv-j0-32,0,3432,200598,16,124,140,5,False,124
glv-j0-32,0,3433,20641841,347,114,98,3,False,114
glv-j0-32,0,3434,15612663,365,98,98,4,True,98
glv-j0-32,0,3435,22921958,95,114,140,4,False,114
glv-j0-32,0,3436,3236768,1,98,114,4,False,98
glv-j0-32,0,3437,5159158,336,78,88,2,True,88
glv-j0-32,0,3438,22553408,748,98,114,4,True,114
glv-j0-32,0,3439,6859683,747,124,114,4,True,114
glv-j0-32,0,3440,4774405,743,98,88,3,True,88
glv-j0-32,0,3441,13282368,3,114,114,3,False,114
glv-j0-32,0,3442,16738978,658,114,108,4,True,108
glv-j0-32,0,3443,13965195,8,114,114,4,False,114
glv-j0-32,0,3444,7425729,7,114,114,3,False,114
glv-j0-32,0,3445,15802429,95,78,98,2,False,78
glv-j0-32,0,3446,2633844,879,98,134,5,False,98
glv-j0-32,0,3447,20334976,743,124,108,5,True,108
glv-j0-32,0,3448,14463110,840,88,88,3,True,88
glv-j0-32,0,3449,2530172,1023,124,98,4,False,124
glv-j0-32,0,3450,17638974,817,114,88,4,True,88
glv-j0-32,0,3451,18742396,151,114,118,4,True,118
glv-j0-32,0,3452,17200984,732,114,88,3,True,88
glv-j0-32,0,3453,866119,0,124,114,5,False,124
glv-j0-32,0,3454,22371299,795,98,114,4,True,114
glv-j0-32,0,3455,21145144,611,114,108,4,True,108
glv-j0-32,0,3456,16657332,663,114,98,3,True,98
glv-j0-32,0,3457,5899912,13,114,114,4,False,114
glv-j0-32,0,3458,6932364,1023,98,98,4,False,98
glv-j0-32,0,3459,529988,855,88,88,3,True,88
glv-j0-32,0,3460,719157,307,114,114,4,True,114
glv-j0-32,0,3461,1304181,12,114,114,3,False,114
glv-j0-32,0,3462,4490327,663,114,114,4,True,114
glv-j0-32,0,3463,17541947,877,88,88,3,True,88
glv-j0-32,0,3464,19114064,1023,72,82,3,False,72
glv-j0-32,0,3465,4303965,9,114,114,3,False,114
glv-j0-32,0,3466,21218661,180,124,114,4,True,114
glv-j0-32,0,3467,13507993,360,98,98,4,True,98
glv-j0-32,0,3468,10608608,104,114,120,3,False,114
glv-j0-32,0,3469,21188202,703,114,88,3,True,88
glv-j0-32,0,3470,4668925,1023,108,98,4,False,108
glv-j0-32,0,3471,14560792,98,114,98,4,True,98
glv-j0-32,0,3472,2655220,95,114,140,4,False,114
glv-j0-32,0,3473,22746589,4,114,140,4,False,114
glv-j0-32,0,3474,3447712,1023,118,98,4,False,118
glv-j0-32,0,3475,12667836,7,114,114,4,False,114
glv-j0-32,0,3476,6738506,736,114,88,3,True,88
glv-j0-32,0,3477,13432666,176,78,88,2,True,88
glv-j0-32,0,3478,18762889,1,124,140,5,False,124
glv-j0-32,0,3479,11994719,8,134,134,5,False,134
glv-j0-32,0,3480,16304456,7,88,88,3,False,88
glv-j0-32,0,3481,14897853,759,98,98,3,False,98
glv-j0-32,0,3482,1578674,817,114,108,4,True,108
glv-j0-32,0,3483,13270557,705,124,108,4,True,108
glv-j0-32,0,3484,12273874,288,114,98,3,True,98
glv-j0-32,0,3485,17433861,1023,98,88,3,False,98
glv-j0-32,0,3486,6882922,3,114,120,3,False,114
glv-j0-32,0,3487,8255113,1023,98,98,4,False,98
glv-j0-32,0,3488,20488274,834,124,108,5,True,108
glv-j0-32,0,3489,16396694,843,88,72,3,True,72
glv-j0-32,0,3490,11567234,238,124,108,5,True,108
glv-j0-32,0,3491,7707540,631,124,114,4,True,114
glv-j0-32,0,3492,22555618,742,78,62,1,True,62
glv-j0-32,0,3493,626639,239,98,108,5,False,98
glv-j0-32,0,3494,1756446,681,114,98,4,True,98
glv-j0-32,0,3495,15592409,1023,88,108,3,False,88
glv-j0-32,0,3496,2391518,751,88,88,3,False,88
glv-j0-32,0,3497,1237584,3,98,114,3,False,98
glv-j0-32,0,3498,12255445,210,114,88,4,True,88
glv-j0-32,0,3499,11932592,104,88,114,3,False,88
glv-j0-32,0,3500,19672362,1023,88,98,3,False,88
glv-j0-32,0,3501,11565254,104,98,120,3,False,98
glv-j0-32,0,3502,4638045,95,88,120,3,False,88
glv-j0-32,0,3503,8790920,9,114,114,4,False,114
glv-j0-32,0,3504,5042559,811,114,98,3,True,98
glv-j0-32,0,3505,5883535,2,78,68,2,False,78
glv-j0-32,0,3506,9103888,12,124,114,5,False,124
glv-j0-32,0,3507,6833629,104,88,88,2,False,88
glv-j0-32,0,3508,4298913,92,88,108,4,True,108
glv-j0-32,0,3509,16993315,710,114,108,4,True,108
glv-j0-32,0,3510,18526075,1,114,114,4,False,114
glv-j0-32,0,3511,2876797,104,114,120,3,False,114
glv-j0-32,0,3512,10142251,12,114,114,4,False,114
glv-j0-32,0,3513,14708835,4,88,114,3,False,88
glv-j0-32,0,3514,13974302,870,114,108,4,True,108
glv-j0-32,0,3515,475882,0,114,114,4,False,114
glv-j0-32,0,3516,5697036,1023,108,98,4,False,108
glv-j0-32,0,3517,1002171,742,114,114,4,True,114
glv-j0-32,0,3518,18724457,9,88,114,3,False,88
glv-j0-32,0,3519,17838855,247,88,88,3,False,88
glv-j0-32,0,3520,8173610,1,114,120,3,False,114
glv-j0-32,0,3521,17242763,1023,82,98,4,False,82
glv-j0-32,0,3522,4266315,888,98,98,3,False,98
glv-j0-32,0,3523,10609770,840,114,108,4,True,108
glv-j0-32,0,3524,11972014,629,108,108,4,False,108
glv-j0-32,0,3525,19766088,11,78,98,2,False,78
glv-j0-32,0,3526,733307,95,98,88,4,False,98
glv-j0-32,0,3527,5248835,292,114,108,4,True,108
glv-j0-32,0,3528,9192506,854,114,114,4,True,114
glv-j0-32,0,3529,13116215,299,88,88,3,True,88
glv-j0-32,0,3530,6700305,731,114,114,4,True,114
glv-j0-32,0,3531,2272419,630,98,114,4,False,98
glv-j0-32,0,3532,6895189,104,108,108,4,False,108
glv-j0-32,0,3533,12212863,748,124,108,5,True,108
glv-j0-32,0,3534,23608404,722,88,114,4,True,114
glv-j0-32,0,3535,18221207,1023,98,98,3,False,98
glv-j0-32,0,3536,9518478,12,114,134,4,False,114
glv-j0-32,0,3537,5558265,101,114,88,3,True,88
glv-j0-32,0,3538,19594159,885,88,88,3,False,88
glv-j0-32,0,3539,19076180,16,114,140,4,False,114
glv-j0-32,0,3540,3531868,10,114,140,4,False,114
glv-j0-32,0,3541,18022746,1023,108,150,5,False,108
glv-j0-32,0,3542,3695408,1,114,88,3,False,114
glv-j0-32,0,3543,1507216,247,88,88,3,False,88
glv-j0-32,0,3544,2523085,0,88,114,3,False,88
glv-j0-32,0,3545,17264742,95,98,88,4,False,98
glv-j0-32,0,3546,11028378,822,114,88,3,True,88
glv-j0-32,0,3547,306644,338,114,114,4,True,114
glv-j0-32,0,3548,17636159,331,114,98,3,True,98
glv-j0-32,0,3549,20426019,104,108,124,3,False,108
glv-j0-32,0,3550,12453441,3,114,114,4,False,114
glv-j0-32,0,3551,5494456,1023,98,124,4,False,98
glv-j0-32,0,3552,14472192,753,98,108,4,True,108
glv-j0-32,0,3553,7997483,751,98,114,4,False,98
glv-j0-32,0,3554,21532900,804,98,88,3,True,88
glv-j0-32,0,3555,11635056,169,98,114,4,True,114
glv-j0-32,0,3556,14426680,3,114,114,3,False,114
glv-j0-32,0,3557,2586933,860,108,92,3,True,92
glv-j0-32,0,3558,3741426,1023,98,98,5,False,98
glv-j0-32,0,3559,10557928,3,114,114,4,False,114
glv-j0-32,0,3560,10861886,308,114,88,3,True,88
glv-j0-32,0,3561,6800193,1023,124,156,5,False,124
glv-j0-32,0,3562,11723339,1023,88,98,3,False,88
glv-j0-32,0,3563,19453056,847,114,108,4,True,108
glv-j0-32,0,3564,18053281,340,114,114,4,True,114
glv-j0-32,0,3565,1019677,0,114,114,4,False,114
glv-j0-32,0,3566,8167827,104,98,146,4,False,98
glv-j0-32,0,3567,8920904,230,114,88,3,True,88
glv-j0-32,0,3568,9612661,813,114,114,4,True,114
glv-j0-32,0,3569,12375930,0,114,114,3,False,114
glv-j0-32,0,3570,22728443,881,88,88,3,False,88
glv-j0-32,0,3571,11871615,3,114,114,5,False,114
glv-j0-32,0,3572,8160745,628,98,88,4,True,88
glv-j0-32,0,3573,10441106,1023,88,98,3,False,88
glv-j0-32,0,3574,17962782,727,114,98,3,True,98
glv-j0-32,0,3575,21421610,756,98,98,4,True,98
glv-j0-32,0,3576,5076035,0,98,98,4,False,98
glv-j0-32,0,3577,21997663,95,114,114,3,False,114
glv-j0-32,0,3578,903454,1023,108,92,4,False,108
glv-j0-32,0,3579,11089443,680,124,140,5,True,140
glv-j0-32,0,3580,23102615,618,108,108,4,True,108
glv-j0-32,0,3581,5429239,1023,124,98,4,False,124
glv-j0-32,0,3582,11643096,336,114,88,3,True,88
glv-j0-32,0,3583,3164307,7,114,114,4,False,114
glv-j0-32,0,3584,5171177,1,98,98,4,False,98
glv-j0-32,0,3585,7729394,853,114,98,3,True,98
glv-j0-32,0,3586,9667582,346,114,114,4,False,114
glv-j0-32,0,3587,9281522,175,114,98,3,False,114
glv-j0-32,0,3588,96994,4,124,114,4,False,124
glv-j0-32,0,3589,3388063,105,98,140,5,False,98
glv-j0-32,0,3590,22701011,1023,88,98,3,False,88
glv-j0-32,0,3591,2595292,228,98,88,3,True,88
glv-j0-32,0,3592,20323629,3,114,114,3,False,114
glv-j0-32,0,3593,20385028,1023,124,124,4,False,124
glv-j0-32,0,3594,10077705,104,114,150,4,False,114
glv-j0-32,0,3595,14604474,668,124,108,5,True,108
glv-j0-32,0,3596,4766499,194,114,98,3,True,98
glv-j0-32,0,3597,13713498,3,114,114,4,False,114
glv-j0-32,0,3598,2000419,0,88,88,3,False,88
glv-j0-32,0,3599,16347413,104,114,114,3,False,114
glv-j0-32,0,3600,19836752,627,98,114,4,True,114
glv-j0-32,0,3601,6797557,821,98,82,4,True,82
glv-j0-32,0,3602,4458787,105,124,114,4,False,124
glv-j0-32,0,3603,17444462,205,124,114,5,True,114
glv-j0-32,0,3604,7849128,860,114,108,4,True,108
glv-j0-32,0,3605,7709839,335,88,88,3,True,88
glv-j0-32,0,3606,17917758,208,78,88,2,True,88
glv-j0-32,0,3607,9544081,879,88,88,3,False,88
glv-j0-32,0,3608,15348844,871,114,108,4,True,108
glv-j0-32,0,3609,18217260,603,98,98,3,True,98
glv-j0-32,0,3610,1120111,375,124,114,5,False,124
glv-j0-32,0,3611,10172180,13,114,114,3,False,114
glv-j0-32,0,3612,1528749,0,114,114,3,False,114
glv-j0-32,0,3613,14850151,175,124,140,5,False,124
glv-j0-32,0,3614,10299002,105,124,124,4,False,124
glv-j0-32,0,3615,23141789,105,98,114,4,False,98
glv-j0-32,0,3616,9639230,1023,98,98,4,False,98
glv-j0-32,0,3617,6710348,95,88,120,3,False,88
glv-j0-32,0,3618,17661055,732,114,108,4,True,108
glv-j0-32,0,3619,17398439,1023,88,98,3,False,88
glv-j0-32,0,3620,1212527,212,114,98,4,True,98
glv-j0-32,0,3621,2756081,95,108,114,4,False,108
glv-j0-32,0,3622,20488782,106,114,114,4,False,114
glv-j0-32,0,3623,13255363,3,114,114,4,False,114
glv-j0-32,0,3624,10742989,849,124,114,4,True,114
glv-j0-32,0,3625,4048182,11,88,88,4,False,88
glv-j0-32,0,3626,9731742,104,98,114,3,False,98
glv-j0-32,0,3627,9051440,2,88,88,3,False,88
glv-j0-32,0,3628,3370870,16,88,88,4,False,88
glv-j0-32,0,3629,21054769,221,88,88,3,True,88
glv-j0-32,0,3630,18821568,1023,98,124,4,False,98
glv-j0-32,0,3631,13155289,310,114,114,4,True,114
glv-j0-32,0,3632,21052725,688,114,108,4,True,108
glv-j0-32,0,3633,15383863,800,88,88,2,True,88
glv-j0-32,0,3634,23526550,751,88,88,3,False,88
glv-j0-32,0,3635,21329870,3,88,114,4,False,88
glv-j0-32,0,3636,9614495,1023,88,72,3,False,88
glv-j0-32,0,3637,3977112,623,88,88,3,False,88
glv-j0-32,0,3638,5185714,1023,92,118,5,False,92
glv-j0-32,0,3639,7408052,738,124,134,5,True,134
glv-j0-32,0,3640,8678636,612,114,118,4,True,118
glv-j0-32,0,3641,8793653,878,98,114,4,True,114
glv-j0-32,0,3642,20581241,103,114,114,4,True,114
glv-j0-32,0,3643,8753927,614,88,82,2,True,82
glv-j0-32,0,3644,8387306,1,114,114,4,False,114
glv-j0-32,0,3645,18653676,824,114,108,4,True,108
glv-j0-32,0,3646,22319993,311,114,114,4,True,114
glv-j0-32,0,3647,12708571,828,88,88,3,True,88
glv-j0-32,0,3648,16893728,847,124,108,4,True,108
glv-j0-32,0,3649,2071834,13,98,98,3,False,98
glv-j0-32,0,3650,13947897,4,114,114,3,False,114
glv-j0-32,0,3651,1137498,881,88,88,3,False,88
glv-j0-32,0,3652,13741403,104,124,124,5,False,124
glv-j0-32,0,3653,15818813,358,114,118,4,True,118
glv-j0-32,0,3654,11796816,724,88,88,3,True,88
glv-j0-32,0,3655,13208088,1,78,94,2,False,78
glv-j0-32,0,3656,11287791,105,88,88,2,False,88
glv-j0-32,0,3657,2828994,807,114,108,4,True,108
glv-j0-32,0,3658,11797699,186,88,88,4,True,88
glv-j0-32,0,3659,9960816,719,114,114,4,True,114
glv-j0-32,0,3660,5780518,878,88,88,3,True,88
glv-j0-32,0,3661,16042581,2,114,114,4,False,114
glv-j0-32,0,3662,5548952,3,98,88,3,False,98
glv-j0-32,0,3663,3953270,7,98,114,4,False,98
glv-j0-32,0,3664,17601002,8,98,120,3,False,98
glv-j0-32,0,3665,20734542,283,124,114,5,True,114
glv-j0-32,0,3666,1847003,104,98,114,3,False,98
glv-j0-32,0,3667,18615169,859,114,98,3,False,114
glv-j0-32,0,3668,4384648,94,124,88,3,True,88
glv-j0-32,0,3669,20943571,1,98,114,5,False,98
glv-j0-32,0,3670,4983663,711,88,88,3,True,88
glv-j0-32,0,3671,18002746,732,114,108,4,True,108
glv-j0-32,0,3672,408635,8,114,114,4,False,114
glv-j0-32,0,3673,21937508,1023,98,82,4,False,98
glv-j0-32,0,3674,19508349,8,98,114,4,False,98
glv-j0-32,0,3675,8628319,95,114,114,3,False,114
glv-j0-32,0,3676,16662067,674,114,108,4,True,108
glv-j0-32,0,3677,11653247,104,114,114,4,False,114
glv-j0-32,0,3678,12542177,104,98,88,3,False,98
glv-j0-32,0,3679,7740916,105,108,124,4,False,108
glv-j0-32,0,3680,2629005,847,114,88,3,True,88
glv-j0-32,0,3681,16800390,9,124,146,5,False,124
glv-j0-32,0,3682,7396245,750,98,108,4,False,98
glv-j0-32,0,3683,20051308,247,124,114,4,False,124
glv-j0-32,0,3684,9917837,1023,56,56,3,False,56
glv-j0-32,0,3685,2968742,856,114,108,4,True,108
glv-j0-32,0,3686,15709014,106,98,88,3,False,98
glv-j0-32,0,3687,23323839,1023,88,72,3,False,88
glv-j0-32,0,3688,10604088,310,114,108,4,True,108
glv-j0-32,0,3689,15568462,364,98,114,4,False,98
glv-j0-32,0,3690,1431119,885,98,98,4,False,98
glv-j0-32,0,3691,18629517,1023,88,98,3,False,88
glv-j0-32,0,3692,2999611,98,114,88,3,True,88
glv-j0-32,0,3693,21339382,1023,88,78,2,False,88
glv-j0-32,0,3694,18641578,1023,108,124,4,False,108
glv-j0-32,0,3695,14156245,104,98,98,4,False,98
glv-j0-32,0,3696,9066574,853,114,108,4,True,108
glv-j0-32,0,3697,8874467,1023,88,104,3,False,88
glv-j0-32,0,3698,11177328,216,114,114,4,True,114
glv-j0-32,0,3699,18466735,3,114,114,4,False,114
glv-j0-32,0,3700,2466399,731,114,114,4,True,114
glv-j0-32,0,3701,8545187,7,114,114,4,False,114
glv-j0-32,0,3702,12609599,1,124,114,4,False,124
glv-j0-32,0,3703,1508437,885,98,108,4,False,98
glv-j0-32,0,3704,17543242,881,98,98,3,False,98
glv-j0-32,0,3705,16391687,857,114,114,4,False,114
glv-j0-32,0,3706,16154330,753,98,108,5,True,108
glv-j0-32,0,3707,9855876,8,114,120,4,False,114
glv-j0-32,0,3708,14275920,1,114,114,4,False,114
glv-j0-32,0,3709,14076646,1023,72,72,4,False,72
glv-j0-32,0,3710,15647809,363,124,114,4,True,114
glv-j0-32,0,3711,12684113,878,98,108,5,True,108
glv-j0-32,0,3712,1450224,835,88,88,2,True,88
glv-j0-32,0,3713,3778503,7,98,98,4,False,98
glv-j0-32,0,3714,13161453,105,150,140,5,False,150
glv-j0-32,0,3715,8364070,186,88,108,4,True,108
glv-j0-32,0,3716,14294883,7,114,114,3,False,114
glv-j0-32,0,3717,1364892,104,98,98,4,False,98
glv-j0-32,0,3718,14699558,1023,108,124,4,False,108
glv-j0-32,0,3719,3319290,329,78,62,2,True,62
glv-j0-32,0,3720,7771305,104,98,140,5,False,98
glv-j0-32,0,3721,7829682,95,114,114,4,False,114
glv-j0-32,0,3722,12292822,2,114,114,4,False,114
glv-j0-32,0,3723,18523378,0,124,114,5,False,124
glv-j0-32,0,3724,7340468,0,114,120,3,False,114
glv-j0-32,0,3725,20256229,216,114,108,4,True,108
glv-j0-32,0,3726,16780781,688,114,88,3,True,88
glv-j0-32,0,3727,19673824,731,88,88,4,True,88
glv-j0-32,0,3728,5739383,619,82,82,3,True,82
glv-j0-32,0,3729,11354309,1023,98,98,3,False,98
glv-j0-32,0,3730,5127444,9,114,88,4,False,114
glv-j0-32,0,3731,1738576,105,114,88,3,False,114
glv-j0-32,0,3732,16645030,1023,98,134,4,False,98
glv-j0-32,0,3733,11537110,375,98,114,4,False,98
glv-j0-32,0,3734,2080269,97,114,88,3,True,88
glv-j0-32,0,3735,13406210,809,114,114,4,True,114
glv-j0-32,0,3736,12934421,728,114,88,3,True,88
glv-j0-32,0,3737,19187740,307,114,98,3,True,98
glv-j0-32,0,3738,12949714,3,98,114,4,False,98
glv-j0-32,0,3739,22111101,760,124,114,4,False,124
glv-j0-32,0,3740,12603011,337,88,114,4,True,114
glv-j0-32,0,3741,12130248,1023,98,98,4,False,98
glv-j0-32,0,3742,20967934,1023,98,98,3,False,98
glv-j0-32,0,3743,12638783,371,124,114,4,False,124
glv-j0-32,0,3744,7197287,751,108,108,4,False,108
glv-j0-32,0,3745,2699208,1023,98,124,5,False,98
glv-j0-32,0,3746,17810852,824,114,88,3,True,88
glv-j0-32,0,3747,18925942,3,88,88,3,False,88
glv-j0-32,0,3748,20148008,106,98,98,4,False,98
glv-j0-32,0,3749,6124586,95,114,114,4,False,114
glv-j0-32,0,3750,20910981,840,78,62,1,True,62
glv-j0-32,0,3751,16039067,104,114,114,4,False,114
glv-j0-32,0,3752,16278239,92,124,108,4,True,108
glv-j0-32,0,3753,10552909,355,114,108,4,True,108
glv-j0-32,0,3754,16447090,225,78,62,2,True,62
glv-j0-32,0,3755,8495223,7,114,120,4,False,114
glv-j0-32,0,3756,14219857,104,98,114,4,False,98
glv-j0-32,0,3757,1211545,111,98,98,4,False,98
glv-j0-32,0,3758,7683688,7,124,134,5,False,124
glv-j0-32,0,3759,2804938,105,114,114,3,False,114
glv-j0-32,0,3760,7252346,0,78,88,2,False,78
glv-j0-32,0,3761,16777517,861,124,108,5,True,108
glv-j0-32,0,3762,3649556,13,88,88,4,False,88
glv-j0-32,0,3763,10582228,1023,98,98,4,False,98
glv-j0-32,0,3764,4361568,245,62,62,2,False,62
glv-j0-32,0,3765,7538919,885,124,114,4,False,124
glv-j0-32,0,3766,16015613,848,114,108,4,True,108
glv-j0-32,0,3767,5899560,663,114,118,4,True,118
glv-j0-32,0,3768,16854776,9,88,88,2,False,88
glv-j0-32,0,3769,15362874,359,114,108,4,True,108
glv-j0-32,0,3770,8506774,7,114,88,3,False,114
glv-j0-32,0,3771,15723551,3,114,88,3,False,114
glv-j0-32,0,3772,489653,750,98,108,4,False,98
glv-j0-32,0,3773,12304345,622,98,114,4,False,98
glv-j0-32,0,3774,1319262,1,114,114,3,False,114
glv-j0-32,0,3775,1864799,95,114,140,4,False,114
glv-j0-32,0,3776,13262472,2,124,114,5,False,124
glv-j0-32,0,3777,9265772,307,88,88,2,True,88
glv-j0-32,0,3778,21745959,16,88,114,4,False,88
glv-j0-32,0,3779,2768983,4,114,114,3,False,114
glv-j0-32,0,3780,6052189,101,114,114,4,True,114
glv-j0-32,0,3781,20696590,0,114,114,4,False,114
glv-j0-32,0,3782,17634254,12,114,140,4,False,114
glv-j0-32,0,3783,18786894,11,88,114,3,False,88
glv-j0-32,0,3784,13700632,104,114,114,3,False,114
glv-j0-32,0,3785,12342275,103,124,114,5,True,114
glv-j0-32,0,3786,18142167,4,88,88,2,False,88
glv-j0-32,0,3787,16832948,611,88,88,3,True,88
glv-j0-32,0,3788,17349641,7,124,114,5,False,124
glv-j0-32,0,3789,20153874,2,114,114,4,False,114
glv-j0-32,0,3790,21906020,95,114,114,4,False,114
glv-j0-32,0,3791,4527745,13,88,88,3,False,88
glv-j0-32,0,3792,8716873,0,98,98,3,False,98
glv-j0-32,0,3793,1106319,1023,98,98,4,False,98
glv-j0-32,0,3794,7815245,95,114,114,4,False,114
glv-j0-32,0,3795,14977629,91,114,98,3,True,98
glv-j0-32,0,3796,10838859,104,78,94,2,False,78
glv-j0-32,0,3797,10547459,869,114,108,4,True,108
glv-j0-32,0,3798,4208084,817,98,114,4,True,114
glv-j0-32,0,3799,16169216,1,114,114,4,False,114
glv-j0-32,0,3800,6012050,223,124,98,4,False,124
glv-j0-32,0,3801,2534817,104,114,114,3,False,114
glv-j0-32,0,3802,648212,95,98,134,5,False,98
glv-j0-32,0,3803,6684926,95,114,114,4,False,114
glv-j0-32,0,3804,15390340,373,98,98,3,False,98
glv-j0-32,0,3805,300936,718,114,98,4,True,98
glv-j0-32,0,3806,15156399,337,114,88,3,True,88
glv-j0-32,0,3807,19284736,204,124,108,4,True,108
glv-j0-32,0,3808,23488524,13,114,114,4,False,114
glv-j0-32,0,3809,17363368,113,98,108,4,False,98
glv-j0-32,0,3810,7765652,2,114,114,4,False,114
glv-j0-32,0,3811,9884485,3,114,114,4,False,114
glv-j0-32,0,3812,15636458,847,114,88,3,True,88
glv-j0-32,0,3813,10022715,1023,98,104,3,False,98
glv-j0-32,0,3814,5961035,611,114,114,4,True,114
glv-j0-32,0,3815,19607653,8,98,114,4,False,98
glv-j0-32,0,3816,6322727,877,108,108,4,True,108
glv-j0-32,0,3817,1726539,105,114,114,4,False,114
glv-j0-32,0,3818,18101738,6,88,114,4,False,88
glv-j0-32,0,3819,4172745,1023,98,98,4,False,98
glv-j0-32,0,3820,19198559,2,114,114,4,False,114
glv-j0-32,0,3821,5496069,606,98,98,4,True,98
glv-j0-32,0,3822,15210118,1023,82,82,2,False,82
glv-j0-32,0,3823,19494127,161,124,114,5,True,114
glv-j0-32,0,3824,21302451,1023,98,98,3,False,98
glv-j0-32,0,3825,10919084,707,114,88,3,True,88
glv-j0-32,0,3826,16092279,0,114,114,3,False,114
glv-j0-32,0,3827,292254,731,114,88,4,True,88
glv-j0-32,0,3828,20029690,7,114,88,4,False,114
glv-j0-32,0,3829,11716007,360,88,88,3,True,88
glv-j0-32,0,3830,21670830,1023,98,98,4,False,98
glv-j0-32,0,3831,7844778,1023,98,130,4,False,98
glv-j0-32,0,3832,20703132,191,114,108,4,True,108
glv-j0-32,0,3833,8789781,609,114,108,4,True,108
glv-j0-32,0,3834,20196352,16,98,98,4,False,98
glv-j0-32,0,3835,15036742,606,114,108,4,True,108
glv-j0-32,0,3836,13605169,731,114,118,4,True,118
glv-j0-32,0,3837,7789762,352,114,88,3,True,88
glv-j0-32,0,3838,3607607,247,88,88,3,False,88
glv-j0-32,0,3839,12554025,360,108,108,4,True,108
glv-j0-32,0,3840,8013539,334,114,98,3,True,98
glv-j0-32,0,3841,5411161,95,98,114,3,False,98
glv-j0-32,0,3842,967284,234,98,108,5,False,98
glv-j0-32,0,3843,503966,210,114,108,4,True,108
glv-j0-32,0,3844,20481555,105,108,114,4,False,108
glv-j0-32,0,3845,4432624,95,114,88,4,False,114
glv-j0-32,0,3846,20524762,13,114,114,4,False,114
glv-j0-32,0,3847,14805558,1023,108,108,5,False,108
glv-j0-32,0,3848,7406975,879,98,88,4,False,98
glv-j0-32,0,3849,6769237,104,114,140,4,False,114
glv-j0-32,0,3850,17625781,740,114,114,4,True,114
glv-j0-32,0,3851,6723417,95,108,88,3,False,108
glv-j0-32,0,3852,4002751,95,114,140,4,False,114
glv-j0-32,0,3853,10435881,2,98,114,4,False,98
glv-j0-32,0,3854,1658483,3,114,114,3,False,114
glv-j0-32,0,3855,9503463,200,114,108,4,True,108
glv-j0-32,0,3856,19285111,862,114,134,5,True,134
glv-j0-32,0,3857,17938446,95,108,114,4,False,108
glv-j0-32,0,3858,11130007,881,88,88,3,False,88
glv-j0-32,0,3859,11713984,738,114,118,4,True,118
glv-j0-32,0,3860,11458156,8,114,114,4,False,114
glv-j0-32,0,3861,1281862,105,114,114,4,False,114
glv-j0-32,0,3862,22693801,95,114,120,3,False,114
glv-j0-32,0,3863,18112269,93,114,108,4,True,108
glv-j0-32,0,3864,7397237,2,88,88,3,False,88
glv-j0-32,0,3865,14289440,12,88,88,3,False,88
glv-j0-32,0,3866,4623337,800,98,88,3,True,88
glv-j0-32,0,3867,12918803,1023,88,98,3,False,88
glv-j0-32,0,3868,6401535,240,108,108,5,False,108
glv-j0-32,0,3869,2096390,231,114,118,4,True,118
glv-j0-32,0,3870,11644856,95,88,88,2,False,88
glv-j0-32,0,3871,22164592,1023,88,98,3,False,88
glv-j0-32,0,3872,9293253,882,108,98,5,True,98
glv-j0-32,0,3873,1968647,241,124,118,4,True,118
glv-j0-32,0,3874,21662436,104,98,114,4,False,98
glv-j0-32,0,3875,21179429,225,114,98,3,True,98
glv-j0-32,0,3876,4822402,356,114,114,4,True,114
glv-j0-32,0,3877,20759084,360,88,88,3,True,88
glv-j0-32,0,3878,1193271,1023,118,98,4,False,118
glv-j0-32,0,3879,6911897,352,114,98,3,True,98
glv-j0-32,0,3880,10808664,8,98,114,4,False,98
glv-j0-32,0,3881,1467089,95,98,134,5,False,98
glv-j0-32,0,3882,15372407,1023,98,82,4,False,98
glv-j0-32,0,3883,4446976,244,98,108,4,False,98
glv-j0-32,0,3884,20019603,9,114,114,3,False,114
glv-j0-32,0,3885,20556817,195,114,98,3,True,98
glv-j0-32,0,3886,7101724,3,124,114,3,False,124
glv-j0-32,0,3887,19654813,4,114,114,4,False,114
glv-j0-32,0,3888,2721273,734,114,108,4,True,108
glv-j0-32,0,3889,18118745,216,124,108,5,True,108
glv-j0-32,0,3890,8657627,836,114,114,4,True,114
glv-j0-32,0,3891,5474715,174,114,108,4,True,108
glv-j0-32,0,3892,5418216,301,114,114,4,False,114
glv-j0-32,0,3893,1070667,822,114,88,3,True,88
glv-j0-32,0,3894,5224691,1023,108,98,4,False,108
glv-j0-32,0,3895,9341725,2,114,114,4,False,114
glv-j0-32,0,3896,7164457,698,114,114,4,True,114
glv-j0-32,0,3897,7975910,104,114,140,3,False,114
glv-j0-32,0,3898,8468543,16,114,114,4,False,114
glv-j0-32,0,3899,14855388,8,114,114,3,False,114
glv-j0-32,0,3900,10819940,95,114,134,4,False,114
glv-j0-32,0,3901,6572631,361,98,98,3,True,98
glv-j0-32,0,3902,10466225,0,124,140,5,False,124
glv-j0-32,0,3903,4466834,1023,124,98,5,False,124
glv-j0-32,0,3904,11982894,347,88,108,4,False,88
glv-j0-32,0,3905,4769727,627,98,108,4,True,108
glv-j0-32,0,3906,12543898,0,88,114,2,False,88
glv-j0-32,0,3907,15464402,1023,98,98,4,False,98
glv-j0-32,0,3908,1198550,13,134,146,5,False,134
glv-j0-32,0,3909,14822970,887,98,114,4,False,98
glv-j0-32,0,3910,13381245,104,114,114,3,False,114
glv-j0-32,0,3911,11682990,105,114,114,4,False,114
glv-j0-32,0,3912,6443180,692,88,108,4,True,108
glv-j0-32,0,3913,17895908,819,88,72,3,True,72
glv-j0-32,0,3914,5420695,104,114,124,3,False,114
glv-j0-32,0,3915,9248126,1023,98,124,5,False,98
glv-j0-32,0,3916,13639753,104,98,114,5,False,98
glv-j0-32,0,3917,1930659,885,98,114,4,False,98
glv-j0-32,0,3918,11237746,223,62,88,3,False,62
glv-j0-32,0,3919,1822608,3,114,114,4,False,114
glv-j0-32,0,3920,8866517,104,114,114,4,False,114
glv-j0-32,0,3921,15429301,1023,124,124,5,False,124
glv-j0-32,0,3922,21660263,1023,98,98,5,False,98
glv-j0-32,0,3923,2303291,739,114,114,4,True,114
glv-j0-32,0,3924,12297935,370,98,108,4,False,98
glv-j0-32,0,3925,16966958,0,114,114,4,False,114
glv-j0-32,0,3926,541400,369,98,108,4,True,108
glv-j0-32,0,3927,15130181,4,88,88,3,False,88
glv-j0-32,0,3928,5023842,1023,108,108,4,False,108
glv-j0-32,0,3929,1168414,1023,98,82,4,False,98
glv-j0-32,0,3930,22542438,161,114,88,3,True,88
glv-j0-32,0,3931,13157033,12,88,88,2,False,88
glv-j0-32,0,3932,13225089,731,114,114,4,True,114
glv-j0-32,0,3933,3649484,736,88,72,4,True,72
glv-j0-32,0,3934,16440519,95,98,130,3,False,98
glv-j0-32,0,3935,13615331,307,88,88,3,True,88
glv-j0-32,0,3936,2904339,617,88,88,3,False,88
glv-j0-32,0,3937,16594185,850,114,118,4,True,118
glv-j0-32,0,3938,5586298,0,88,114,3,False,88
glv-j0-32,0,3939,17992337,632,82,82,3,True,82
glv-j0-32,0,3940,14915675,1023,98,108,4,False,98
glv-j0-32,0,3941,20022238,294,114,114,4,True,114
glv-j0-32,0,3942,19816234,804,88,88,3,True,88
glv-j0-32,0,3943,9915205,888,108,108,4,False,108
glv-j0-32,0,3944,12582054,161,98,108,5,True,108
glv-j0-32,0,3945,18643635,7,98,98,3,False,98
glv-j0-32,0,3946,12802814,102,88,88,3,True,88
glv-j0-32,0,3947,21983903,12,98,88,3,False,98
glv-j0-32,0,3948,9194878,16,88,88,3,False,88
glv-j0-32,0,3949,12425090,98,114,98,4,True,98
glv-j0-32,0,3950,22988237,760,98,108,4,False,98
glv-j0-32,0,3951,5523899,104,98,88,4,False,98
glv-j0-32,0,3952,11097201,688,98,82,4,True,82
glv-j0-32,0,3953,23212546,11,114,114,4,False,114
glv-j0-32,0,3954,4665111,790,114,98,3,True,98
glv-j0-32,0,3955,23364603,354,114,114,4,True,114
glv-j0-32,0,3956,11695136,10,114,120,3,False,114
glv-j0-32,0,3957,4319742,352,88,88,3,True,88
glv-j0-32,0,3958,9154488,855,114,114,4,True,114
glv-j0-32,0,3959,2727488,346,98,114,4,False,98
glv-j0-32,0,3960,13566396,357,114,88,4,True,88
glv-j0-32,0,3961,11343529,8,114,114,4,False,114
glv-j0-32,0,3962,6383399,8,88,120,3,False,88
glv-j0-32,0,3963,1753882,1023,88,98,3,False,88
glv-j0-32,0,3964,8380338,736,114,108,4,True,108
glv-j0-32,0,3965,1455319,0,114,114,4,False,114
glv-j0-32,0,3966,4350322,216,114,114,4,True,114
glv-j0-32,0,3967,9554098,612,98,108,4,True,108
glv-j0-32,0,3968,20014863,247,108,118,5,False,108
glv-j0-32,0,3969,11904729,338,114,98,3,True,98
glv-j0-32,0,3970,16091702,3,88,88,3,False,88
glv-j0-32,0,3971,14863534,704,88,108,4,True,108
glv-j0-32,0,3972,1842409,1023,98,98,4,False,98
glv-j0-32,0,3973,4644709,722,88,88,3,True,88
glv-j0-32,0,3974,4114901,12,114,114,3,False,114
glv-j0-32,0,3975,13032973,1023,98,98,4,False,98
glv-j0-32,0,3976,12853799,718,114,88,3,True,88
glv-j0-32,0,3977,8685200,298,114,108,4,True,108
glv-j0-32,0,3978,18873976,873,98,98,3,True,98
glv-j0-32,0,3979,6271696,3,114,114,4,False,114
glv-j0-32,0,3980,13248289,827,98,108,4,True,108
glv-j0-32,0,3981,20923831,214,114,108,4,True,108
glv-j0-32,0,3982,12372702,817,114,114,4,True,114
glv-j0-32,0,3983,11112407,1023,98,98,4,False,98
glv-j0-32,0,3984,8244991,362,88,88,3,False,88
glv-j0-32,0,3985,6697257,608,114,98,4,True,98
glv-j0-32,0,3986,2622813,104,88,88,3,False,88
glv-j0-32,0,3987,23696194,330,114,98,4,True,98
glv-j0-32,0,3988,13745385,805,108,88,3,True,88
glv-j0-32,0,3989,12757299,192,114,118,4,True,118
glv-j0-32,0,3990,21160431,16,114,114,4,False,114
glv-j0-32,0,3991,12026778,105,114,114,3,False,114
glv-j0-32,0,3992,489993,144,108,108,4,True,108
glv-j0-32,0,3993,427867,2,98,114,3,False,98
glv-j0-32,0,3994,2006022,95,114,114,3,False,114
glv-j0-32,0,3995,2233453,12,124,114,4,False,124
glv-j0-32,0,3996,10249787,757,108,108,4,True,108
glv-j0-32,0,3997,110207,4,98,98,4,False,98
glv-j0-32,0,3998,9595926,0,124,114,5,False,124
glv-j0-32,0,3999,5064539,877,88,88,3,True,88
glv-j0-32,0,4000,15544229,104,114,114,4,False,114
glv-j0-32,0,4001,5990205,115,108,108,4,False,108
glv-j0-32,0,4002,17506904,328,98,88,3,True,88
glv-j0-32,0,4003,19497504,113,98,98,3,False,98
glv-j0-32,0,4004,9295842,751,72,72,2,False,72
glv-j0-32,0,4005,19186862,95,88,114,3,False,88
glv-j0-32,0,4006,6865339,221,114,134,5,True,134
glv-j0-32,0,4007,12407266,2,114,114,4,False,114
glv-j0-32,0,4008,15777884,736,124,108,5,True,108
glv-j0-32,0,4009,4498604,4,114,114,3,False,114
glv-j0-32,0,4010,7081068,1,114,114,4,False,114
glv-j0-32,0,4011,20669128,0,114,114,4,False,114
glv-j0-32,0,4012,14728851,364,98,108,4,False,98
glv-j0-32,0,4013,426778,2,114,114,3,False,114
glv-j0-32,0,4014,8679730,4,98,114,3,False,98
glv-j0-32,0,4015,7604833,8,114,140,4,False,114
glv-j0-32,0,4016,14826262,308,124,108,4,True,108
glv-j0-32,0,4017,11483199,301,88,88,3,False,88
glv-j0-32,0,4018,13553202,720,124,140,5,True,140
glv-j0-32,0,4019,23183758,1023,98,98,4,False,98
glv-j0-32,0,4020,11251187,95,98,114,3,False,98
glv-j0-32,0,4021,14308458,719,114,134,5,True,134
glv-j0-32,0,4022,3172329,819,114,114,4,True,114
glv-j0-32,0,4023,9720837,95,124,140,5,False,124
glv-j0-32,0,4024,22810456,712,78,88,2,True,88
glv-j0-32,0,4025,8986874,198,114,88,4,True,88
glv-j0-32,0,4026,4588245,2,98,98,3,False,98
glv-j0-32,0,4027,7127919,12,118,114,4,False,118
glv-j0-32,0,4028,19106426,104,98,114,3,False,98
glv-j0-32,0,4029,5113282,624,98,114,4,False,98
glv-j0-32,0,4030,11477745,328,114,88,3,True,88
glv-j0-32,0,4031,17473200,819,124,134,5,True,134
glv-j0-32,0,4032,13836781,1023,98,98,4,False,98
glv-j0-32,0,4033,14424374,822,104,114,4,True,114
glv-j0-32,0,4034,9131678,610,114,108,4,True,108
glv-j0-32,0,4035,1917331,753,108,108,5,True,108
glv-j0-32,0,4036,10089894,622,108,98,5,False,108
glv-j0-32,0,4037,10047590,1023,124,98,4,False,124
glv-j0-32,0,4038,15252820,3,114,114,3,False,114
glv-j0-32,0,4039,17357988,854,114,108,4,True,108
glv-j0-32,0,4040,22660670,2,124,114,5,False,124
glv-j0-32,0,4041,18235099,850,114,114,4,True,114
glv-j0-32,0,4042,4452571,306,124,108,4,True,108
glv-j0-32,0,4043,4491474,104,108,124,3,False,108
glv-j0-32,0,4044,21410158,95,114,88,3,False,114
glv-j0-32,0,4045,7666259,334,114,114,4,True,114
glv-j0-32,0,4046,5609747,115,88,88,3,False,88
glv-j0-32,0,4047,16536851,0,114,114,4,False,114
glv-j0-32,0,4048,13588531,11,124,134,5,False,124
glv-j0-32,0,4049,9337655,680,114,108,4,True,108
glv-j0-32,0,4050,11543792,868,88,88,3,True,88
glv-j0-32,0,4051,7725518,3,114,114,3,False,114
glv-j0-32,0,4052,8690390,848,114,108,4,True,108
glv-j0-32,0,4053,2159641,4,114,114,3,False,114
glv-j0-32,0,4054,9051859,336,114,114,4,True,114
glv-j0-32,0,4055,12742255,317,114,108,4,True,108
glv-j0-32,0,4056,19339402,201,114,88,3,True,88
glv-j0-32,0,4057,19593924,95,114,120,3,False,114
glv-j0-32,0,4058,9085325,104,114,120,3,False,114
glv-j0-32,0,4059,14835992,95,98,98,4,False,98
glv-j0-32,0,4060,830648,3,114,146,4,False,114
glv-j0-32,0,4061,10882057,623,88,88,3,False,88
glv-j0-32,0,4062,17922352,13,124,134,5,False,124
glv-j0-32,0,4063,23593517,869,114,114,4,True,114
glv-j0-32,0,4064,23367419,4,114,114,3,False,114
glv-j0-32,0,4065,8961090,95,98,114,4,False,98
glv-j0-32,0,4066,5586879,795,88,62,3,True,62
glv-j0-32,0,4067,23203330,818,114,114,4,True,114
glv-j0-32,0,4068,10838441,738,88,88,2,True,88
glv-j0-32,0,4069,23261801,101,114,114,4,True,114
glv-j0-32,0,4070,19318462,1023,88,104,3,False,88
glv-j0-32,0,4071,17138203,4,114,88,4,False,114
glv-j0-32,0,4072,4640269,1,124,114,5,False,124
glv-j0-32,0,4073,9950648,93,114,114,4,True,114
glv-j0-32,0,4074,578138,0,114,124,4,False,114
glv-j0-32,0,4075,23493170,11,114,114,4,False,114
glv-j0-32,0,4076,18085794,673,114,114,4,True,114
glv-j0-32,0,4077,18338643,736,88,72,3,True,72
glv-j0-32,0,4078,1874245,104,114,140,4,False,114
glv-j0-32,0,4079,23645824,629,124,114,4,False,124
glv-j0-32,0,4080,2774113,1023,98,98,4,False,98
glv-j0-32,0,4081,5475461,868,114,108,4,True,108
glv-j0-32,0,4082,14259141,3,88,114,3,False,88
glv-j0-32,0,4083,22873857,95,98,98,3,False,98
glv-j0-32,0,4084,3081700,843,98,114,4,True,114
glv-j0-32,0,4085,20633637,95,114,114,4,False,114
glv-j0-32,0,4086,21136770,194,114,88,3,True,88
glv-j0-32,0,4087,5649041,104,114,114,4,False,114
glv-j0-32,0,4088,16331529,330,114,88,3,True,88
glv-j0-32,0,4089,20992977,1,114,114,4,False,114
glv-j0-32,0,4090,1580836,869,88,72,3,True,72
glv-j0-32,0,4091,10846843,8,114,88,3,False,114
glv-j0-32,0,4092,8600954,809,78,72,1,True,72
glv-j0-32,0,4093,23687449,201,114,88,3,True,88
glv-j0-32,0,4094,15070222,187,88,88,3,True,88
glv-j0-32,0,4095,20094638,1023,98,98,4,False,98
glv-j0-32,1,0,14579762,11,98,114,3,False,98
glv-j0-32,1,1,16909959,162,114,114,4,False,114
glv-j0-32,1,2,3934113,713,88,88,3,True,88
glv-j0-32,1,3,13643114,208,114,98,3,True,98
glv-j0-32,1,4,22994080,1023,108,98,4,False,108
glv-j0-32,1,5,5276692,1023,124,130,4,False,124
glv-j0-32,1,6,12752541,4,114,114,3,False,114
glv-j0-32,1,7,3722740,1,88,114,4,False,88
glv-j0-32,1,8,20657319,0,114,114,3,False,114
glv-j0-32,1,9,17982830,1023,88,98,3,False,88
glv-j0-32,1,10,23047892,3,98,88,3,False,98
glv-j0-32,1,11,22377215,198,114,98,4,True,98
glv-j0-32,1,12,17801116,237,98,114,4,False,98
glv-j0-32,1,13,17078113,1023,88,98,3,False,88
glv-j0-32,1,14,11916412,810,114,114,4,True,114
glv-j0-32,1,15,8955608,106,98,114,3,False,98
glv-j0-32,1,16,16358224,843,114,114,4,True,114
glv-j0-32,1,17,20470695,247,88,88,2,False,88
glv-j0-32,1,18,9396393,805,114,98,3,True,98
glv-j0-32,1,19,3403702,348,88,108,4,True,108
glv-j0-32,1,20,17609818,95,114,120,4,False,114
glv-j0-32,1,21,3742969,104,114,114,4,False,114
glv-j0-32,1,22,3100001,748,98,114,4,True,114
glv-j0-32,1,23,16262819,1,124,124,4,False,124
glv-j0-32,1,24,19796716,221,88,88,2,True,88
glv-j0-32,1,25,3961547,824,98,114,4,True,114
glv-j0-32,1,26,8645659,2,114,114,3,False,114
glv-j0-32,1,27,22968380,8,114,114,3,False,114
glv-j0-32,1,28,23249663,0,88,140,4,False,88
glv-j0-32,1,29,1908816,813,114,108,4,True,108
glv-j0-32,1,30,22121161,161,98,98,3,True,98
glv-j0-32,1,31,11624669,8,114,114,4,False,114
glv-j0-32,1,32,5689471,743,88,88,4,True,88
glv-j0-32,1,33,22459683,0,114,114,4,False,114
glv-j0-32,1,34,14608942,620,88,88,3,False,88
glv-j0-32,1,35,218204,736,98,98,3,True,98
glv-j0-32,1,36,1089788,4,114,114,4,False,114
glv-j0-32,1,37,22476543,113,98,98,3,False,98
glv-j0-32,1,38,19678911,626,98,98,3,False,98
glv-j0-32,1,39,23371826,1023,98,98,4,False,98
glv-j0-32,1,40,8686636,1023,98,98,3,False,98
glv-j0-32,1,41,22490025,4,114,114,3,False,114
glv-j0-32,1,42,4445375,242,98,108,4,False,98
glv-j0-32,1,43,14094932,869,88,88,4,True,88
glv-j0-32,1,44,9211682,0,88,88,4,False,88
glv-j0-32,1,45,3720320,110,98,108,4,False,98
glv-j0-32,1,46,11704031,99,114,108,4,True,108
glv-j0-32,1,47,12851996,625,98,88,4,False,98
glv-j0-32,1,48,19258251,722,114,88,3,True,88
glv-j0-32,1,49,17339258,609,114,98,3,True,98
glv-j0-32,1,50,3999332,104,124,146,4,False,124
glv-j0-32,1,51,16403409,681,114,88,3,True,88
glv-j0-32,1,52,14593006,1,114,114,3,False,114
glv-j0-32,1,53,1569657,95,98,114,5,False,98
glv-j0-32,1,54,20142460,1023,98,88,3,False,98
glv-j0-32,1,55,19809611,611,88,88,3,True,88
glv-j0-32,1,56,21240223,298,124,108,5,True,108
glv-j0-32,1,57,16046592,278,114,114,4,False,114
glv-j0-32,1,58,12249645,104,114,114,4,False,114
glv-j0-32,1,59,10499417,215,88,88,3,True,88
glv-j0-32,1,60,17950678,214,124,108,5,True,108
glv-j0-32,1,61,20158201,7,114,114,3,False,114
glv-j0-32,1,62,20066884,105,98,114,5,False,98
glv-j0-32,1,63,14380472,8,114,114,4,False,114
glv-j0-32,1,64,15903315,207,88,88,3,True,88
glv-j0-32,1,65,17753861,8,98,114,4,False,98
glv-j0-32,1,66,19692655,95,98,114,3,False,98
glv-j0-32,1,67,20143642,1023,62,72,2,False,62
glv-j0-32,1,68,1291039,104,114,114,3,False,114
glv-j0-32,1,69,21123772,1023,124,98,4,False,124
glv-j0-32,1,70,20211501,877,98,108,4,True,108
glv-j0-32,1,71,6643816,3,98,98,3,False,98
glv-j0-32,1,72,6198789,618,108,98,5,True,98
glv-j0-32,1,73,17434974,1023,98,72,4,False,98
glv-j0-32,1,74,9232752,13,114,120,4,False,114
glv-j0-32,1,75,16824602,187,78,62,1,True,62
glv-j0-32,1,76,21657727,13,98,88,3,False,98
glv-j0-32,1,77,5373606,95,114,114,4,False,114
glv-j0-32,1,78,10341631,606,114,108,4,True,108
glv-j0-32,1,79,9176606,120,98,108,5,False,98
glv-j0-32,1,80,21995211,12,114,114,4,False,114
glv-j0-32,1,81,14054271,749,118,118,4,False,118
glv-j0-32,1,82,7640000,833,114,108,4,True,108
glv-j0-32,1,83,12873114,809,114,108,4,True,108
glv-j0-32,1,84,18837907,217,88,88,3,True,88
glv-j0-32,1,85,19492680,1,88,88,3,False,88
glv-j0-32,1,86,15302955,9,78,114,3,False,78
glv-j0-32,1,87,21618624,7,114,114,4,False,114
glv-j0-32,1,88,14642457,104,98,114,3,False,98
glv-j0-32,1,89,6264288,95,114,146,4,False,114
glv-j0-32,1,90,4840500,1,88,88,3,False,88
glv-j0-32,1,91,16269394,248,98,108,4,True,108
glv-j0-32,1,92,20614061,1023,52,52,0,False,52
glv-j0-32,1,93,15429453,7,124,140,5,False,124
glv-j0-32,1,94,23298946,0,98,114,5,False,98
glv-j0-32,1,95,15152045,364,98,98,3,False,98
glv-j0-32,1,96,9156948,16,114,114,4,False,114
glv-j0-32,1,97,21703578,95,98,120,4,False,98
glv-j0-32,1,98,21179203,362,88,88,3,False,88
glv-j0-32,1,99,13253784,110,98,118,4,False,98
glv-j0-32,1,100,19222201,4,114,120,3,False,114
glv-j0-32,1,101,4280030,352,114,108,4,True,108
glv-j0-32,1,102,9873745,104,114,146,4,False,114
glv-j0-32,1,103,19017480,2,124,114,5,False,124
glv-j0-32,1,104,3092466,220,114,88,3,True,88
glv-j0-32,1,105,4207912,1023,98,72,4,False,98
glv-j0-32,1,106,4371105,292,98,114,4,True,114
glv-j0-32,1,107,15381114,4,114,114,3,False,114
glv-j0-32,1,108,4026082,885,124,88,4,False,124
glv-j0-32,1,109,17194415,101,114,88,3,True,88
glv-j0-32,1,110,22290387,95,98,114,4,False,98
glv-j0-32,1,111,11443166,12,118,118,4,False,118
glv-j0-32,1,112,4305889,95,114,114,4,False,114
glv-j0-32,1,113,10535969,812,114,98,3,True,98
glv-j0-32,1,114,16704398,674,134,108,5,True,108
glv-j0-32,1,115,15002660,1023,98,98,5,False,98
glv-j0-32,1,116,8048866,13,114,114,3,False,114
glv-j0-32,1,117,613390,104,114,114,4,False,114
glv-j0-32,1,118,14894775,759,124,114,4,False,124
glv-j0-32,1,119,22448506,804,114,108,4,True,108
glv-j0-32,1,120,11237653,95,88,88,3,False,88
glv-j0-32,1,121,16086638,7,114,114,3,False,114
glv-j0-32,1,122,15283713,244,118,118,4,False,118
glv-j0-32,1,123,10702094,91,114,98,3,True,98
glv-j0-32,1,124,15013690,2,98,88,3,False,98
glv-j0-32,1,125,17902166,95,114,114,4,False,114
glv-j0-32,1,126,2111421,1023,98,98,4,False,98
glv-j0-32,1,127,14255202,857,114,114,4,False,114
glv-j0-32,1,128,11367084,1023,88,108,3,False,88
glv-j0-32,1,129,587503,609,114,114,4,True,114
glv-j0-32,1,130,16923922,1023,118,134,4,False,118
glv-j0-32,1,131,4478042,219,114,98,3,False,114
glv-j0-32,1,132,1645841,0,114,88,3,False,114
glv-j0-32,1,133,17431827,328,114,118,4,True,118
glv-j0-32,1,134,2603498,95,98,98,4,False,98
glv-j0-32,1,135,3759875,868,78,62,2,True,62
glv-j0-32,1,136,16948480,186,114,88,3,True,88
glv-j0-32,1,137,9919231,706,78,62,1,True,62
glv-j0-32,1,138,1930933,12,114,114,4,False,114
glv-j0-32,1,139,2824559,338,114,118,4,True,118
glv-j0-32,1,140,1232639,805,114,88,3,True,88
glv-j0-32,1,141,6951056,105,114,140,4,False,114
glv-j0-32,1,142,3953419,16,114,114,4,False,114
glv-j0-32,1,143,6891808,853,114,98,3,True,98
glv-j0-32,1,144,22489562,0,114,114,4,False,114
glv-j0-32,1,145,21232715,95,114,114,4,False,114
glv-j0-32,1,146,17667026,656,98,98,4,True,98
glv-j0-32,1,147,13013290,743,98,62,3,True,62
glv-j0-32,1,148,21598827,104,114,114,3,False,114
glv-j0-32,1,149,19120662,724,114,88,3,True,88
glv-j0-32,1,150,7762778,104,114,114,4,False,114
glv-j0-32,1,151,4489632,717,114,114,4,True,114
glv-j0-32,1,152,12825191,1,124,140,3,False,124
glv-j0-32,1,153,18924514,1023,98,108,4,False,98
glv-j0-32,1,154,12710847,104,114,114,3,False,114
glv-j0-32,1,155,11280590,7,114,88,3,False,114
glv-j0-32,1,156,20754787,1023,98,98,4,False,98
glv-j0-32,1,157,16065600,368,108,108,4,False,108
glv-j0-32,1,158,9903865,2,114,140,4,False,114
glv-j0-32,1,159,7816583,105,98,108,4,False,98
glv-j0-32,1,160,13232911,12,98,114,4,False,98
glv-j0-32,1,161,11482726,7,104,114,4,False,104
glv-j0-32,1,162,19935344,10,114,108,4,False,114
glv-j0-32,1,163,10192323,2,98,114,4,False,98
glv-j0-32,1,164,6071330,733,114,88,3,True,88
glv-j0-32,1,165,8246067,719,114,98,3,True,98
glv-j0-32,1,166,4832250,8,78,94,2,False,78
glv-j0-32,1,167,9069793,104,98,114,4,False,98
glv-j0-32,1,168,8058446,95,88,120,3,False,88
glv-j0-32,1,169,10580542,1023,98,72,4,False,98
glv-j0-32,1,170,22404618,325,114,88,3,True,88
glv-j0-32,1,171,6390941,1,98,120,3,False,98
glv-j0-32,1,172,4074494,321,114,108,4,False,114
glv-j0-32,1,173,18174253,8,114,114,4,False,114
glv-j0-32,1,174,16829400,738,114,108,4,True,108
glv-j0-32,1,175,16855564,106,98,114,4,False,98
glv-j0-32,1,176,19213508,717,114,98,4,True,98
glv-j0-32,1,177,15074791,12,124,140,5,False,124
glv-j0-32,1,178,21948908,8,114,140,4,False,114
glv-j0-32,1,179,3975760,748,98,114,4,True,114
glv-j0-32,1,180,19726872,104,108,124,4,False,108
glv-j0-32,1,181,14237645,1,114,114,3,False,114
glv-j0-32,1,182,19084497,623,88,88,3,False,88
glv-j0-32,1,183,4276550,656,114,88,4,True,88
glv-j0-32,1,184,20108649,3,98,98,4,False,98
glv-j0-32,1,185,11092251,680,88,88,3,True,88
glv-j0-32,1,186,6116131,341,88,88,3,True,88
glv-j0-32,1,187,9868450,8,78,98,2,False,78
glv-j0-32,1,188,21034668,7,88,114,3,False,88
glv-j0-32,1,189,22367824,16,114,114,3,False,114
glv-j0-32,1,190,22794264,104,114,114,3,False,114
glv-j0-32,1,191,18932139,2,108,88,3,False,108
glv-j0-32,1,192,18207164,363,98,114,4,True,114
glv-j0-32,1,193,15686906,748,88,88,3,True,88
glv-j0-32,1,194,14284201,697,124,108,5,True,108
glv-j0-32,1,195,2566186,105,98,120,3,False,98
glv-j0-32,1,196,14002625,9,124,114,5,False,124
glv-j0-32,1,197,20037680,748,98,108,4,True,108
glv-j0-32,1,198,16422069,0,114,114,4,False,114
glv-j0-32,1,199,2000596,103,88,88,3,True,88
glv-j0-32,1,200,13334101,106,98,114,4,False,98
glv-j0-32,1,201,21070521,8,114,114,3,False,114
glv-j0-32,1,202,5945767,201,114,98,4,True,98
glv-j0-32,1,203,6750014,16,124,140,4,False,124
glv-j0-32,1,204,3727180,736,114,114,4,True,114
glv-j0-32,1,205,1344544,353,124,140,5,True,140
glv-j0-32,1,206,6755625,7,124,114,5,False,124
glv-j0-32,1,207,5430181,1023,108,98,4,False,108
glv-j0-32,1,208,16413149,336,114,108,4,True,108
glv-j0-32,1,209,3754911,104,114,114,4,False,114
glv-j0-32,1,210,543935,741,88,72,3,True,72
glv-j0-32,1,211,22478302,235,124,114,4,True,114
glv-j0-32,1,212,2516053,201,114,98,3,True,98
glv-j0-32,1,213,18675102,710,114,114,4,True,114
glv-j0-32,1,214,10257656,240,98,88,4,False,98
glv-j0-32,1,215,17949054,106,88,88,3,False,88
glv-j0-32,1,216,10274841,13,114,120,3,False,114
glv-j0-32,1,217,4961882,828,114,88,3,True,88
glv-j0-32,1,218,9368518,95,88,88,3,False,88
glv-j0-32,1,219,20055926,711,114,88,3,True,88
glv-j0-32,1,220,15254120,0,114,114,4,False,114
glv-j0-32,1,221,12390581,104,78,94,2,False,78
glv-j0-32,1,222,1379849,225,114,108,4,True,108
glv-j0-32,1,223,2605515,1023,124,98,4,False,124
glv-j0-32,1,224,15898755,727,114,98,4,True,98
glv-j0-32,1,225,18675992,104,124,114,5,False,124
glv-j0-32,1,226,20462326,175,114,88,3,False,114
glv-j0-32,1,227,3990694,1023,98,98,3,False,98
glv-j0-32,1,228,22254745,1023,98,98,4,False,98
glv-j0-32,1,229,9273339,104,88,114,3,False,88
glv-j0-32,1,230,5182211,3,114,140,3,False,114
glv-j0-32,1,231,19521583,287,114,88,3,True,88
glv-j0-32,1,232,16051357,13,114,114,4,False,114
glv-j0-32,1,233,13108424,1,124,140,3,False,124
glv-j0-32,1,234,534605,8,114,140,4,False,114
glv-j0-32,1,235,16758141,611,114,98,4,True,98
glv-j0-32,1,236,21880315,866,114,108,4,True,108
glv-j0-32,1,237,14542477,95,88,114,3,False,88
glv-j0-32,1,238,17742207,116,98,114,4,True,114
glv-j0-32,1,239,12898626,318,114,72,3,True,72
glv-j0-32,1,240,10791475,732,114,108,4,True,108
glv-j0-32,1,241,5105962,874,118,118,4,False,118
glv-j0-32,1,242,7792668,13,124,140,5,False,124
glv-j0-32,1,243,14154015,1023,98,98,4,False,98
glv-j0-32,1,244,19697699,827,124,114,5,True,114
glv-j0-32,1,245,19470132,703,78,88,2,True,88
glv-j0-32,1,246,469026,349,114,114,4,True,114
glv-j0-32,1,247,17754340,1023,98,130,4,False,98
glv-j0-32,1,248,2941205,3,88,94,3,False,88
glv-j0-32,1,249,21837691,145,114,88,3,True,88
glv-j0-32,1,250,12751671,806,114,88,3,True,88
glv-j0-32,1,251,3930545,740,114,114,4,True,114
glv-j0-32,1,252,754715,243,88,88,3,True,88
glv-j0-32,1,253,15260745,1023,88,98,2,False,88
glv-j0-32,1,254,5823046,227,114,108,4,True,108
glv-j0-32,1,255,15852426,107,98,98,3,False,98
glv-j0-32,1,256,17109874,759,98,114,4,False,98
glv-j0-32,1,257,23233327,718,124,108,5,True,108
glv-j0-32,1,258,18860941,1023,98,98,3,False,98
glv-j0-32,1,259,8827314,1023,98,98,4,False,98
glv-j0-32,1,260,18676243,1,114,114,4,False,114
glv-j0-32,1,261,19828916,852,114,114,4,False,114
glv-j0-32,1,262,9814927,1023,98,98,4,False,98
glv-j0-32,1,263,2155547,104,114,114,4,False,114
glv-j0-32,1,264,7707360,228,114,108,4,True,108
glv-j0-32,1,265,17655689,852,114,108,4,False,114
glv-j0-32,1,266,17398381,835,114,88,3,True,88
glv-j0-32,1,267,12550818,216,114,88,3,True,88
glv-j0-32,1,268,169463,614,114,108,4,True,108
glv-j0-32,1,269,9371187,866,124,108,5,True,108
glv-j0-32,1,270,3783171,312,114,98,3,True,98
glv-j0-32,1,271,6433049,92,114,88,3,True,88
glv-j0-32,1,272,19079043,104,114,114,3,False,114
glv-j0-32,1,273,363746,107,98,88,4,False,98
glv-j0-32,1,274,12626670,1023,98,114,4,False,98
glv-j0-32,1,275,219817,11,114,114,4,False,114
glv-j0-32,1,276,22742111,673,98,114,4,True,114
glv-j0-32,1,277,5494989,7,114,114,4,False,114
glv-j0-32,1,278,20852805,760,88,88,3,False,88
glv-j0-32,1,279,21924101,16,114,114,4,False,114
glv-j0-32,1,280,6733576,3,114,114,4,False,114
glv-j0-32,1,281,7957047,2,88,104,2,False,88
glv-j0-32,1,282,9798555,875,98,118,4,True,118
glv-j0-32,1,283,23687746,201,88,88,3,True,88
glv-j0-32,1,284,4769282,1023,98,72,4,False,98
glv-j0-32,1,285,111704,1,98,98,4,False,98
glv-j0-32,1,286,22110445,355,114,108,4,True,108
glv-j0-32,1,287,304773,1023,88,92,3,False,88
glv-j0-32,1,288,19809045,235,88,88,3,True,88
glv-j0-32,1,289,2835820,739,98,108,4,True,108
glv-j0-32,1,290,15307077,95,114,140,4,False,114
glv-j0-32,1,291,7085611,0,114,114,3,False,114
glv-j0-32,1,292,5802408,840,88,88,2,True,88
glv-j0-32,1,293,10953840,828,114,108,4,True,108
glv-j0-32,1,294,8213924,7,98,114,4,False,98
glv-j0-32,1,295,11619549,286,98,98,4,True,98
glv-j0-32,1,296,5945841,367,98,98,4,False,98
glv-j0-32,1,297,5000330,104,114,114,4,False,114
glv-j0-32,1,298,5426125,800,114,88,3,True,88
glv-j0-32,1,299,1530507,0,88,88,4,False,88
glv-j0-32,1,300,2788391,807,98,88,3,True,88
glv-j0-32,1,301,13699626,656,114,88,4,True,88
glv-j0-32,1,302,11601168,238,88,88,3,True,88
glv-j0-32,1,303,22333692,8,124,114,5,False,124
glv-j0-32,1,304,18320700,104,124,134,5,False,124
glv-j0-32,1,305,13470903,362,88,88,3,False,88
glv-j0-32,1,306,3806051,236,98,108,4,True,108
glv-j0-32,1,307,8519622,1023,88,88,2,False,88
glv-j0-32,1,308,509721,8,98,114,4,False,98
glv-j0-32,1,309,11997888,9,114,114,4,False,114
glv-j0-32,1,310,22319420,8,114,120,4,False,114
glv-j0-32,1,311,18906659,105,114,140,4,False,114
glv-j0-32,1,312,12435415,888,98,98,3,False,98
glv-j0-32,1,313,11164979,16,78,88,2,False,78
glv-j0-32,1,314,18382249,722,114,98,3,True,98
glv-j0-32,1,315,18861928,375,98,118,4,False,98
glv-j0-32,1,316,21293916,104,98,98,4,False,98
glv-j0-32,1,317,18193016,144,88,88,2,True,88
glv-j0-32,1,318,16632073,95,114,114,5,False,114
glv-j0-32,1,319,7524383,146,114,108,4,True,108
glv-j0-32,1,320,17006697,0,114,114,3,False,114
glv-j0-32,1,321,22172728,363,88,88,3,True,88
glv-j0-32,1,322,11784348,2,114,114,4,False,114
glv-j0-32,1,323,18785564,214,114,108,4,True,108
glv-j0-32,1,324,516000,4,114,114,4,False,114
glv-j0-32,1,325,21473128,874,98,108,4,False,98
glv-j0-32,1,326,13885556,750,98,108,5,False,98
glv-j0-32,1,327,367882,757,98,114,4,True,114
glv-j0-32,1,328,4640609,198,124,114,5,True,114
glv-j0-32,1,329,11027804,3,88,114,3,False,88
glv-j0-32,1,330,8442125,1023,108,98,4,False,108
glv-j0-32,1,331,17333997,697,114,98,4,True,98
glv-j0-32,1,332,8741384,104,114,114,4,False,114
glv-j0-32,1,333,14432462,199,114,88,3,True,88
glv-j0-32,1,334,5476378,632,88,88,3,True,88
glv-j0-32,1,335,18623507,200,114,114,4,True,114
glv-j0-32,1,336,6984713,180,108,88,3,True,88
glv-j0-32,1,337,23368492,95,114,114,3,False,114
glv-j0-32,1,338,18180840,95,114,88,3,False,114
glv-j0-32,1,339,7592715,311,98,88,3,True,88
glv-j0-32,1,340,6376601,335,88,72,3,True,72
glv-j0-32,1,341,18770169,7,114,114,4,False,114
glv-j0-32,1,342,217013,717,88,88,3,True,88
glv-j0-32,1,343,3801695,92,114,88,4,True,88
glv-j0-32,1,344,12258647,151,88,88,2,True,88
glv-j0-32,1,345,2398663,4,88,88,3,False,88
glv-j0-32,1,346,14312433,879,98,114,4,False,98
glv-j0-32,1,347,15536519,105,104,104,2,False,104
glv-j0-32,1,348,11751019,1023,98,108,4,False,98
glv-j0-32,1,349,19055352,120,88,88,3,False,88
glv-j0-32,1,350,21631234,194,114,108,4,True,108
glv-j0-32,1,351,12831856,810,88,88,3,True,88
glv-j0-32,1,352,8365467,1023,124,98,4,False,124
glv-j0-32,1,353,7429043,8,114,114,4,False,114
glv-j0-32,1,354,18777129,104,124,114,5,False,124
glv-j0-32,1,355,5431541,104,124,124,5,False,124
glv-j0-32,1,356,18564134,4,114,114,3,False,114
glv-j0-32,1,357,12806165,359,88,72,4,True,72
glv-j0-32,1,358,3831856,104,88,114,3,False,88
glv-j0-32,1,359,14863878,1,114,114,4,False,114
glv-j0-32,1,360,5385502,3,98,114,4,False,98
glv-j0-32,1,361,10803426,2,114,114,3,False,114
glv-j0-32,1,362,6170494,0,114,114,4,False,114
glv-j0-32,1,363,1991060,95,88,88,3,False,88
glv-j0-32,1,364,11508181,736,114,114,4,True,114
glv-j0-32,1,365,16240044,1023,108,108,4,False,108
glv-j0-32,1,366,22273250,727,114,88,3,True,88
glv-j0-32,1,367,11564520,673,98,88,3,True,88
glv-j0-32,1,368,19087302,1023,82,82,4,False,82
glv-j0-32,1,369,9155673,8,114,140,4,False,114
glv-j0-32,1,370,18286948,739,88,88,3,True,88
glv-j0-32,1,371,2747738,1023,72,72,4,False,72
glv-j0-32,1,372,2746340,1023,72,82,3,False,72
glv-j0-32,1,373,20512749,7,88,88,2,False,88
glv-j0-32,1,374,4227147,212,114,98,4,True,98
glv-j0-32,1,375,13277919,673,124,108,4,True,108
glv-j0-32,1,376,18940334,3,88,88,3,False,88
glv-j0-32,1,377,10659759,103,114,118,4,True,118
glv-j0-32,1,378,7834356,8,104,88,4,False,104
glv-j0-32,1,379,21949339,1023,98,98,4,False,98
glv-j0-32,1,380,21869026,95,98,98,3,False,98
glv-j0-32,1,381,14862296,622,88,88,2,False,88
glv-j0-32,1,382,12344967,198,98,118,4,True,118
glv-j0-32,1,383,5315272,1023,108,98,4,False,108
glv-j0-32,1,384,19943059,13,124,140,5,False,124
glv-j0-32,1,385,12513086,699,78,62,2,True,62
glv-j0-32,1,386,21109625,13,98,114,4,False,98
glv-j0-32,1,387,17846417,106,78,88,2,False,78
glv-j0-32,1,388,21868423,95,114,114,3,False,114
glv-j0-32,1,389,23029670,1023,124,124,4,False,124
glv-j0-32,1,390,4471409,365,88,88,3,True,88
glv-j0-32,1,391,18268191,0,114,130,3,False,114
glv-j0-32,1,392,2465229,95,114,114,3,False,114
glv-j0-32,1,393,13713180,3,114,146,4,False,114
glv-j0-32,1,394,1185409,343,114,108,4,True,108
glv-j0-32,1,395,10617213,95,124,114,5,False,124
glv-j0-32,1,396,13868253,12,98,114,3,False,98
glv-j0-32,1,397,22995301,0,114,114,4,False,114
glv-j0-32,1,398,10144061,105,78,88,2,False,78
glv-j0-32,1,399,20323406,7,114,114,4,False,114
glv-j0-32,1,400,12761169,3,114,120,3,False,114
glv-j0-32,1,401,1195375,16,52,68,1,False,52
glv-j0-32,1,402,7479290,13,114,120,3,False,114
glv-j0-32,1,403,12644542,346,114,98,3,False,114
glv-j0-32,1,404,2498285,104,114,114,4,False,114
glv-j0-32,1,405,23334781,4,124,114,5,False,124
glv-j0-32,1,406,10820455,12,98,114,4,False,98
glv-j0-32,1,407,19546131,8,114,114,4,False,114
glv-j0-32,1,408,15884647,1023,108,98,4,False,108
glv-j0-32,1,409,17972546,334,124,114,5,True,114
glv-j0-32,1,410,5877045,301,98,98,3,False,98
glv-j0-32,1,411,9668957,716,114,114,4,True,114
glv-j0-32,1,412,9499572,1023,62,78,2,False,62
glv-j0-32,1,413,805885,11,114,140,4,False,114
glv-j0-32,1,414,15004897,799,114,88,3,True,88
glv-j0-32,1,415,2562018,12,114,114,4,False,114
glv-j0-32,1,416,10038561,104,114,114,4,False,114
glv-j0-32,1,417,11875489,151,114,98,3,True,98
glv-j0-32,1,418,5972058,868,114,88,4,True,88
glv-j0-32,1,419,3923194,104,114,114,4,False,114
glv-j0-32,1,420,10194506,1,78,98,2,False,78
glv-j0-32,1,421,5729969,361,88,88,3,True,88
glv-j0-32,1,422,22471593,115,98,108,4,False,98
glv-j0-32,1,423,3181074,734,114,98,3,True,98
glv-j0-32,1,424,7347497,286,114,98,3,True,98
glv-j0-32,1,425,8945299,198,98,108,5,True,108
glv-j0-32,1,426,13308333,95,114,114,4,False,114
glv-j0-32,1,427,17801720,7,114,114,3,False,114
glv-j0-32,1,428,12952717,107,114,114,4,False,114
glv-j0-32,1,429,14355602,707,98,98,3,True,98
glv-j0-32,1,430,23482745,726,114,88,3,True,88
glv-j0-32,1,431,16285023,95,114,114,4,False,114
glv-j0-32,1,432,826711,757,62,62,2,True,62
glv-j0-32,1,433,4003764,16,114,114,4,False,114
glv-j0-32,1,434,8070723,107,88,88,2,False,88
glv-j0-32,1,435,6230834,8,78,94,2,False,78
glv-j0-32,1,436,22986314,603,114,114,4,True,114
glv-j0-32,1,437,15453727,0,114,114,3,False,114
glv-j0-32,1,438,3121343,0,114,114,4,False,114
glv-j0-32,1,439,16132261,0,98,114,5,False,98
glv-j0-32,1,440,11502683,198,114,114,4,True,114
glv-j0-32,1,441,22572863,1023,98,98,4,False,98
glv-j0-32,1,442,22891467,1023,98,98,4,False,98
glv-j0-32,1,443,19662781,214,98,118,4,True,118
glv-j0-32,1,444,20623369,866,114,108,4,True,108
glv-j0-32,1,445,14479424,1,114,114,4,False,114
glv-j0-32,1,446,15119241,13,114,114,4,False,114
glv-j0-32,1,447,2513016,628,88,88,2,True,88
glv-j0-32,1,448,6912665,1,98,114,3,False,98
glv-j0-32,1,449,16099913,841,88,62,3,True,62
glv-j0-32,1,450,15168116,105,114,114,4,False,114
glv-j0-32,1,451,1232032,1023,98,104,3,False,98
glv-j0-32,1,452,16746738,8,114,114,4,False,114
glv-j0-32,1,453,19360870,3,114,120,3,False,114
glv-j0-32,1,454,19116929,733,98,108,4,True,108
glv-j0-32,1,455,4393857,156,114,114,4,True,114
glv-j0-32,1,456,5313436,193,114,118,4,True,118
glv-j0-32,1,457,12352362,727,98,108,4,True,108
glv-j0-32,1,458,4480674,686,114,108,4,True,108
glv-j0-32,1,459,14288377,297,114,88,3,True,88
glv-j0-32,1,460,5002582,11,114,114,4,False,114
glv-j0-32,1,461,4785415,0,114,114,4,False,114
glv-j0-32,1,462,11372269,850,124,114,5,True,114
glv-j0-32,1,463,826505,185,88,88,3,True,88
glv-j0-32,1,464,16251685,1023,82,82,3,False,82
glv-j0-32,1,465,20824548,847,88,88,3,True,88
glv-j0-32,1,466,5374955,2,114,114,3,False,114
glv-j0-32,1,467,15835101,8,114,114,4,False,114
glv-j0-32,1,468,17644053,104,98,140,3,False,98
glv-j0-32,1,469,13833327,95,98,114,3,False,98
glv-j0-32,1,470,11682203,2,98,98,4,False,98
glv-j0-32,1,471,13771498,1023,124,98,4,False,124
glv-j0-32,1,472,9040093,169,114,108,4,True,108
glv-j0-32,1,473,14983596,212,114,88,3,True,88
glv-j0-32,1,474,18074564,1023,98,98,5,False,98
glv-j0-32,1,475,10322997,283,114,114,4,True,114
glv-j0-32,1,476,6594975,105,124,114,4,False,124
glv-j0-32,1,477,21732219,13,114,114,4,False,114
glv-j0-32,1,478,2164872,104,98,88,3,False,98
glv-j0-32,1,479,9758463,230,98,108,4,True,108
glv-j0-32,1,480,13841783,93,98,108,4,True,108
glv-j0-32,1,481,264175,95,108,114,4,False,108
glv-j0-32,1,482,14206460,809,114,134,5,True,134
glv-j0-32,1,483,5166735,104,114,88,3,False,114
glv-j0-32,1,484,14802845,854,88,62,3,True,62
glv-j0-32,1,485,11377633,215,88,88,4,True,88
glv-j0-32,1,486,14270969,752,124,108,4,False,124
glv-j0-32,1,487,8399635,106,114,114,3,False,114
glv-j0-32,1,488,15255621,106,134,140,5,False,134
glv-j0-32,1,489,18285070,219,98,114,4,False,98
glv-j0-32,1,490,7675382,1,114,146,4,False,114
glv-j0-32,1,491,23652231,1023,124,98,4,False,124
glv-j0-32,1,492,16997593,622,88,88,3,False,88
glv-j0-32,1,493,11268858,345,114,108,4,True,108
glv-j0-32,1,494,20724284,12,98,88,4,False,98
glv-j0-32,1,495,18119958,228,114,88,3,True,88
glv-j0-32,1,496,2126675,8,124,146,5,False,124
glv-j0-32,1,497,401566,104,98,114,5,False,98
glv-j0-32,1,498,1222880,343,114,98,3,True,98
glv-j0-32,1,499,19591918,885,62,62,3,False,62
glv-j0-32,1,500,9071859,11,88,120,3,False,88
glv-j0-32,1,501,20530653,4,124,140,5,False,124
glv-j0-32,1,502,16554038,95,114,140,4,False,114
glv-j0-32,1,503,14682492,0,124,114,5,False,124
glv-j0-32,1,504,7114926,730,114,98,4,True,98
glv-j0-32,1,505,1234583,805,114,108,4,True,108
glv-j0-32,1,506,2027109,0,114,124,4,False,114
glv-j0-32,1,507,518310,1023,98,98,5,False,98
glv-j0-32,1,508,5168787,104,114,114,4,False,114
glv-j0-32,1,509,5059725,204,114,98,4,True,98
glv-j0-32,1,510,20587311,1023,98,98,4,False,98
glv-j0-32,1,511,7751663,95,114,114,3,False,114
glv-j0-32,1,512,19056687,1,98,98,3,False,98
glv-j0-32,1,513,7255808,11,108,140,5,False,108
glv-j0-32,1,514,23530819,629,108,108,4,False,108
glv-j0-32,1,515,19465905,610,124,124,5,True,124
glv-j0-32,1,516,13807841,1023,108,124,5,False,108
glv-j0-32,1,517,11418401,1023,88,104,3,False,88
glv-j0-32,1,518,16580107,608,114,114,4,True,114
glv-j0-32,1,519,13877229,93,114,118,4,True,118
glv-j0-32,1,520,16608646,370,88,88,3,False,88
glv-j0-32,1,521,11025925,13,114,114,4,False,114
glv-j0-32,1,522,7496534,885,98,114,4,False,98
glv-j0-32,1,523,15577245,341,88,88,3,True,88
glv-j0-32,1,524,21197716,7,114,124,4,False,114
glv-j0-32,1,525,5628333,12,88,146,4,False,88
glv-j0-32,1,526,22984620,0,88,88,3,False,88
glv-j0-32,1,527,945829,2,124,140,5,False,124
glv-j0-32,1,528,19964881,7,114,114,4,False,114
glv-j0-32,1,529,17543090,104,114,114,3,False,114
glv-j0-32,1,530,15097217,93,98,114,4,True,114
glv-j0-32,1,531,10646801,301,134,114,5,False,134
glv-j0-32,1,532,10799254,1023,108,118,5,False,108
glv-j0-32,1,533,6197198,104,114,140,4,False,114
glv-j0-32,1,534,6675364,8,114,114,4,False,114
glv-j0-32,1,535,7114350,0,114,114,4,False,114
glv-j0-32,1,536,3037372,2,114,130,3,False,114
glv-j0-32,1,537,2064738,9,88,88,3,False,88
glv-j0-32,1,538,16267744,366,98,114,4,False,98
glv-j0-32,1,539,20895474,208,114,114,4,True,114
glv-j0-32,1,540,12546957,95,98,114,4,False,98
glv-j0-32,1,541,18322894,205,124,88,3,True,88
glv-j0-32,1,542,6306219,2,134,114,5,False,134
glv-j0-32,1,543,14953401,1023,98,130,4,False,98
glv-j0-32,1,544,12017808,1023,124,98,4,False,124
glv-j0-32,1,545,4065769,878,82,82,2,True,82
glv-j0-32,1,546,1997493,1023,124,130,4,False,124
glv-j0-32,1,547,4013117,363,88,88,3,True,88
glv-j0-32,1,548,3870395,106,72,88,3,False,72
glv-j0-32,1,549,18406452,106,98,108,4,False,98
glv-j0-32,1,550,22844389,0,114,114,3,False,114
glv-j0-32,1,551,228307,4,108,124,5,False,108
glv-j0-32,1,552,8098205,8,114,114,4,False,114
glv-j0-32,1,553,8492375,632,98,98,3,True,98
glv-j0-32,1,554,10778077,3,124,140,5,False,124
glv-j0-32,1,555,2955938,104,114,114,3,False,114
glv-j0-32,1,556,18735434,104,114,114,4,False,114
glv-j0-32,1,557,6488263,228,124,108,4,True,108
glv-j0-32,1,558,12726140,244,98,108,4,False,98
glv-j0-32,1,559,15661291,104,114,114,4,False,114
glv-j0-32,1,560,3600442,1023,88,98,3,False,88
glv-j0-32,1,561,7133199,295,124,114,5,True,114
glv-j0-32,1,562,9710426,95,114,114,3,False,114
glv-j0-32,1,563,1761359,376,98,98,3,True,98
glv-j0-32,1,564,711075,736,114,88,3,True,88
glv-j0-32,1,565,2079594,97,114,88,3,True,88
glv-j0-32,1,566,8854961,828,88,72,3,True,72
glv-j0-32,1,567,15744239,1023,88,98,3,False,88
glv-j0-32,1,568,10361789,105,114,114,3,False,114
glv-j0-32,1,569,3799890,204,114,114,4,True,114
glv-j0-32,1,570,2465138,858,114,98,3,True,98
glv-j0-32,1,571,18153019,837,114,108,4,True,108
glv-j0-32,1,572,17984075,192,114,98,3,True,98
glv-j0-32,1,573,14964367,806,114,98,4,True,98
glv-j0-32,1,574,3645663,1,88,88,3,False,88
glv-j0-32,1,575,15244134,618,88,88,3,True,88
glv-j0-32,1,576,10863442,3,114,140,4,False,114
glv-j0-32,1,577,7659537,658,114,88,3,True,88
glv-j0-32,1,578,7787783,743,98,114,4,True,114
glv-j0-32,1,579,10120146,372,124,118,4,False,124
glv-j0-32,1,580,5296352,0,114,140,3,False,114
glv-j0-32,1,581,2029884,95,114,114,3,False,114
glv-j0-32,1,582,2803943,104,124,140,3,False,124
glv-j0-32,1,583,2163120,104,98,134,5,False,98
glv-j0-32,1,584,18089093,2,124,140,5,False,124
glv-j0-32,1,585,22380338,16,114,114,3,False,114
glv-j0-32,1,586,9740659,370,108,108,4,False,108
glv-j0-32,1,587,8351066,12,98,114,4,False,98
glv-j0-32,1,588,9436598,13,88,88,4,False,88
glv-j0-32,1,589,21513151,718,78,62,2,True,62
glv-j0-32,1,590,21592092,169,114,88,3,True,88
glv-j0-32,1,591,270595,104,124,114,4,False,124
glv-j0-32,1,592,7932195,2,114,114,4,False,114
glv-j0-32,1,593,15143249,95,108,124,3,False,108
glv-j0-32,1,594,232002,104,114,120,3,False,114
glv-j0-32,1,595,21261543,162,124,124,5,False,124
glv-j0-32,1,596,19919129,368,62,62,2,False,62
glv-j0-32,1,597,18781123,871,114,88,3,True,88
glv-j0-32,1,598,9288804,373,88,88,3,False,88
glv-j0-32,1,599,14965717,806,114,114,4,True,114
glv-j0-32,1,600,11240292,12,124,114,5,False,124
glv-j0-32,1,601,6064393,119,98,98,3,True,98
glv-j0-32,1,602,8573355,191,114,98,3,True,98
glv-j0-32,1,603,8278946,13,124,140,4,False,124
glv-j0-32,1,604,17144125,1023,98,98,3,False,98
glv-j0-32,1,605,18744149,1023,88,104,3,False,88
glv-j0-32,1,606,2183200,344,114,88,4,True,88
glv-j0-32,1,607,4780051,8,114,88,4,False,114
glv-j0-32,1,608,3697428,2,114,114,4,False,114
glv-j0-32,1,609,1453665,819,114,114,4,True,114
glv-j0-32,1,610,3399643,104,114,88,4,False,114
glv-j0-32,1,611,17836174,704,114,108,4,True,108
glv-j0-32,1,612,2695712,7,98,98,3,False,98
glv-j0-32,1,613,10006399,703,98,88,3,True,88
glv-j0-32,1,614,22525905,716,88,88,3,True,88
glv-j0-32,1,615,5765044,104,114,114,4,False,114
glv-j0-32,1,616,4146031,1023,88,98,4,False,88
glv-j0-32,1,617,15043839,1023,98,98,4,False,98
glv-j0-32,1,618,11034916,833,88,88,3,True,88
glv-j0-32,1,619,5823571,711,114,114,4,True,114
glv-j0-32,1,620,15229674,114,88,88,3,True,88
glv-j0-32,1,621,18877849,104,108,124,4,False,108
glv-j0-32,1,622,1160732,145,98,88,4,True,88
glv-j0-32,1,623,1873585,104,114,114,4,False,114
glv-j0-32,1,624,13181122,104,114,114,3,False,114
glv-j0-32,1,625,13976975,870,88,88,3,True,88
glv-j0-32,1,626,14109616,229,114,118,4,True,118
glv-j0-32,1,627,1933854,1023,88,98,3,False,88
glv-j0-32,1,628,2987910,805,114,98,4,True,98
glv-j0-32,1,629,16758989,7,124,124,3,False,124
glv-j0-32,1,630,7112034,0,114,146,4,False,114
glv-j0-32,1,631,21733663,0,98,98,5,False,98
glv-j0-32,1,632,4905609,630,88,88,3,False,88
glv-j0-32,1,633,13685399,212,114,98,3,True,98
glv-j0-32,1,634,3951997,2,114,114,4,False,114
glv-j0-32,1,635,12114894,95,78,68,1,False,78
glv-j0-32,1,636,4500822,1023,88,98,3,False,88
glv-j0-32,1,637,54868,603,114,108,4,True,108
glv-j0-32,1,638,5109269,712,88,88,3,True,88
glv-j0-32,1,639,1441663,106,88,114,3,False,88
glv-j0-32,1,640,2458494,9,114,120,4,False,114
glv-j0-32,1,641,15020054,101,114,88,3,True,88
glv-j0-32,1,642,4991013,104,124,140,4,False,124
glv-j0-32,1,643,13154966,316,124,134,5,True,134
glv-j0-32,1,644,998186,215,114,98,3,True,98
glv-j0-32,1,645,16117478,346,114,114,4,False,114
glv-j0-32,1,646,155774,854,124,114,5,True,114
glv-j0-32,1,647,8771638,1023,108,82,5,False,108
glv-j0-32,1,648,10246648,868,114,88,3,True,88
glv-j0-32,1,649,2747222,1023,62,62,2,False,62
glv-j0-32,1,650,11714113,693,114,114,4,True,114
glv-j0-32,1,651,3962285,2,88,114,3,False,88
glv-j0-32,1,652,22934581,738,114,98,4,True,98
glv-j0-32,1,653,18293517,1,114,114,4,False,114
glv-j0-32,1,654,18449992,2,114,114,4,False,114
glv-j0-32,1,655,8750623,1023,124,124,4,False,124
glv-j0-32,1,656,19729710,104,114,124,3,False,114
glv-j0-32,1,657,2091904,240,118,118,4,False,118
glv-j0-32,1,658,2351565,884,124,114,4,False,124
glv-j0-32,1,659,22041611,104,88,88,3,False,88
glv-j0-32,1,660,14646811,718,114,108,4,True,108
glv-j0-32,1,661,13243976,9,114,114,4,False,114
glv-j0-32,1,662,8602188,104,114,120,3,False,114
glv-j0-32,1,663,15571659,200,114,98,3,True,98
glv-j0-32,1,664,23376673,104,114,114,4,False,114
glv-j0-32,1,665,14169252,9,114,114,4,False,114
glv-j0-32,1,666,20723948,611,114,88,3,True,88
glv-j0-32,1,667,4625675,95,114,120,4,False,114
glv-j0-32,1,668,13252450,1023,98,98,3,False,98
glv-j0-32,1,669,15587772,12,114,114,4,False,114
glv-j0-32,1,670,23664457,1023,88,98,3,False,88
glv-j0-32,1,671,5095454,91,88,108,4,True,108
glv-j0-32,1,672,10730731,340,114,98,3,True,98
glv-j0-32,1,673,23592724,366,88,88,3,False,88
glv-j0-32,1,674,13843574,1,114,114,4,False,114
glv-j0-32,1,675,13043357,851,88,88,3,True,88
glv-j0-32,1,676,19530231,95,98,114,4,False,98
glv-j0-32,1,677,2651333,286,114,98,3,True,98
glv-j0-32,1,678,7585511,4,114,114,3,False,114
glv-j0-32,1,679,20106386,338,88,88,3,True,88
glv-j0-32,1,680,19428841,12,114,114,4,False,114
glv-j0-32,1,681,4102261,244,88,88,3,False,88
glv-j0-32,1,682,1742814,856,134,108,5,True,108
glv-j0-32,1,683,9260386,0,114,114,3,False,114
glv-j0-32,1,684,4298365,1023,98,98,4,False,98
glv-j0-32,1,685,17672309,1,42,42,0,False,42
glv-j0-32,1,686,10219261,881,98,134,5,False,98
glv-j0-32,1,687,7663253,95,98,114,4,False,98
glv-j0-32,1,688,12421120,862,114,108,4,True,108
glv-j0-32,1,689,18926009,339,88,72,3,True,72
glv-j0-32,1,690,17472324,835,114,108,4,True,108
glv-j0-32,1,691,2121461,191,114,98,3,True,98
glv-j0-32,1,692,814213,13,114,114,4,False,114
glv-j0-32,1,693,7645597,375,98,118,4,False,98
glv-j0-32,1,694,23250001,795,88,88,2,True,88
glv-j0-32,1,695,17439639,834,88,88,3,True,88
glv-j0-32,1,696,13440356,1023,88,98,3,False,88
glv-j0-32,1,697,2027267,9,114,114,4,False,114
glv-j0-32,1,698,14213903,1,114,114,4,False,114
glv-j0-32,1,699,16556486,8,98,114,3,False,98
glv-j0-32,1,700,5560447,1023,98,98,5,False,98
glv-j0-32,1,701,13738165,347,88,88,3,False,88
glv-j0-32,1,702,4997129,7,114,124,4,False,114
glv-j0-32,1,703,14464699,106,98,114,4,False,98
glv-j0-32,1,704,63933,1023,88,98,3,False,88
glv-j0-32,1,705,6646316,109,108,114,4,False,108
glv-j0-32,1,706,14052418,720,88,72,4,True,72
glv-j0-32,1,707,22507088,855,114,98,3,True,98
glv-j0-32,1,708,7243308,876,98,114,4,False,98
glv-j0-32,1,709,10981144,310,114,114,4,True,114
glv-j0-32,1,710,20071576,104,98,88,3,False,98
glv-j0-32,1,711,22808499,874,88,88,3,False,88
glv-j0-32,1,712,18051315,0,114,146,4,False,114
glv-j0-32,1,713,6356863,868,124,118,4,True,118
glv-j0-32,1,714,13672868,749,98,98,3,False,98
glv-j0-32,1,715,9518928,12,114,114,4,False,114
glv-j0-32,1,716,9641902,299,114,98,4,True,98
glv-j0-32,1,717,9199704,822,114,114,4,True,114
glv-j0-32,1,718,2098520,723,114,114,4,True,114
glv-j0-32,1,719,17544192,2,124,114,4,False,124
glv-j0-32,1,720,20269258,4,124,114,5,False,124
glv-j0-32,1,721,771084,95,98,114,4,False,98
glv-j0-32,1,722,14586004,8,98,114,3,False,98
glv-j0-32,1,723,5063730,230,114,88,3,True,88
glv-j0-32,1,724,13631818,734,114,108,4,True,108
glv-j0-32,1,725,22276670,95,98,114,4,False,98
glv-j0-32,1,726,5208354,1,114,114,3,False,114
glv-j0-32,1,727,14376759,0,114,130,3,False,114
glv-j0-32,1,728,19348391,617,98,114,4,False,98
glv-j0-32,1,729,4667274,13,88,88,3,False,88
glv-j0-32,1,730,19018857,2,88,88,3,False,88
glv-j0-32,1,731,8973115,3,124,166,5,False,124
glv-j0-32,1,732,5062101,1023,124,124,4,False,124
glv-j0-32,1,733,13427737,1023,118,118,4,False,118
glv-j0-32,1,734,4840106,95,114,88,3,False,114
glv-j0-32,1,735,13349066,181,88,72,4,True,72
glv-j0-32,1,736,22196026,11,98,98,4,False,98
glv-j0-32,1,737,6580852,710,114,88,3,True,88
glv-j0-32,1,738,1179440,201,114,118,4,True,118
glv-j0-32,1,739,20287957,104,78,88,2,False,78
glv-j0-32,1,740,17657196,864,98,82,4,True,82
glv-j0-32,1,741,3497296,287,98,108,4,True,108
glv-j0-32,1,742,6354029,866,78,62,2,True,62
glv-j0-32,1,743,13966790,812,114,114,4,True,114
glv-j0-32,1,744,15284991,12,124,98,5,False,124
glv-j0-32,1,745,5462189,811,114,88,3,True,88
glv-j0-32,1,746,2789166,834,78,62,2,True,62
glv-j0-32,1,747,7087923,309,88,88,4,False,88
glv-j0-32,1,748,2323993,95,98,114,4,False,98
glv-j0-32,1,749,6226028,729,114,114,4,True,114
glv-j0-32,1,750,19277863,817,98,114,4,True,114
glv-j0-32,1,751,1949481,104,108,88,3,False,108
glv-j0-32,1,752,1842318,7,114,140,4,False,114
glv-j0-32,1,753,2430835,1023,98,98,4,False,98
glv-j0-32,1,754,21832096,1,114,140,3,False,114
glv-j0-32,1,755,22409156,104,98,114,4,False,98
glv-j0-32,1,756,16463502,107,98,88,3,False,98
glv-j0-32,1,757,14882017,819,88,72,3,True,72
glv-j0-32,1,758,7084768,884,124,118,4,False,124
glv-j0-32,1,759,11545540,105,98,114,5,False,98
glv-j0-32,1,760,12671141,104,124,140,4,False,124
glv-j0-32,1,761,991408,1023,88,78,2,False,88
glv-j0-32,1,762,747979,102,114,88,3,True,88
glv-j0-32,1,763,22517405,193,114,114,4,True,114
glv-j0-32,1,764,263917,95,98,114,4,False,98
glv-j0-32,1,765,21104080,95,108,124,4,False,108
glv-j0-32,1,766,8975614,8,114,114,3,False,114
glv-j0-32,1,767,17399814,829,124,108,5,True,108
glv-j0-32,1,768,15331473,95,114,114,3,False,114
glv-j0-32,1,769,16794920,95,88,88,3,False,88
glv-j0-32,1,770,14197361,104,98,114,4,False,98
glv-j0-32,1,771,1619676,1,124,140,5,False,124
glv-j0-32,1,772,4386963,1,124,134,5,False,124
glv-j0-32,1,773,20923891,9,114,88,4,False,114
glv-j0-32,1,774,11518702,888,98,108,4,False,98
glv-j0-32,1,775,7221067,13,114,140,4,False,114
glv-j0-32,1,776,12313929,663,124,118,5,True,118
glv-j0-32,1,777,2761639,239,98,98,3,False,98
glv-j0-32,1,778,16039843,614,88,108,4,True,108
glv-j0-32,1,779,6083149,716,114,108,4,True,108
glv-j0-32,1,780,12797717,11,88,98,4,False,88
glv-j0-32,1,781,21383462,103,114,98,3,True,98
glv-j0-32,1,782,22077667,1023,88,72,3,False,88
glv-j0-32,1,783,970127,11,78,88,2,False,78
glv-j0-32,1,784,13680609,95,114,120,3,False,114
glv-j0-32,1,785,3172201,0,114,114,4,False,114
glv-j0-32,1,786,23116624,333,114,114,4,True,114
glv-j0-32,1,787,12360728,8,78,98,2,False,78
glv-j0-32,1,788,21930467,240,98,118,4,False,98
glv-j0-32,1,789,17350421,309,114,114,4,False,114
glv-j0-32,1,790,18207659,109,88,88,3,False,88
glv-j0-32,1,791,21492312,820,88,88,2,True,88
glv-j0-32,1,792,22355260,7,114,114,4,False,114
glv-j0-32,1,793,21529982,1023,108,72,4,False,108
glv-j0-32,1,794,16034204,8,98,114,3,False,98
glv-j0-32,1,795,21770392,1023,124,130,4,False,124
glv-j0-32,1,796,12590176,854,114,114,4,True,114
glv-j0-32,1,797,14866524,1023,124,98,4,False,124
glv-j0-32,1,798,1964614,106,98,98,3,False,98
glv-j0-32,1,799,22145578,686,98,114,4,True,114
glv-j0-32,1,800,3287675,2,114,114,3,False,114
glv-j0-32,1,801,18925388,339,114,88,3,True,88
glv-j0-32,1,802,11793370,828,114,114,4,True,114
glv-j0-32,1,803,19584062,720,88,88,3,True,88
glv-j0-32,1,804,21117917,795,124,108,5,True,108
glv-j0-32,1,805,11447119,819,114,98,3,True,98
glv-j0-32,1,806,23135365,110,88,88,3,False,88
glv-j0-32,1,807,22357946,11,124,134,5,False,124
glv-j0-32,1,808,6618402,0,114,114,4,False,114
glv-j0-32,1,809,12498330,283,114,108,4,True,108
glv-j0-32,1,810,20731923,104,114,114,4,False,114
glv-j0-32,1,811,8139457,7,108,124,4,False,108
glv-j0-32,1,812,22386072,3,114,140,4,False,114
glv-j0-32,1,813,21038092,0,114,114,4,False,114
glv-j0-32,1,814,13377451,185,114,88,4,True,88
glv-j0-32,1,815,14798096,95,98,98,4,False,98
glv-j0-32,1,816,9195555,1023,88,98,3,False,88
glv-j0-32,1,817,321618,749,98,98,4,False,98
glv-j0-32,1,818,1266846,105,88,104,2,False,88
glv-j0-32,1,819,2093202,876,88,88,3,False,88
glv-j0-32,1,820,14749855,1023,108,98,4,False,108
glv-j0-32,1,821,6520323,94,114,88,3,True,88
glv-j0-32,1,822,9079960,1023,88,82,3,False,88
glv-j0-32,1,823,6971586,104,98,120,4,False,98
glv-j0-32,1,824,8340981,7,114,114,4,False,114
glv-j0-32,1,825,6420110,1023,98,98,4,False,98
glv-j0-32,1,826,5521327,680,114,98,3,True,98
glv-j0-32,1,827,12394634,221,114,108,4,True,108
glv-j0-32,1,828,15052378,4,124,140,4,False,124
glv-j0-32,1,829,3560492,16,114,114,4,False,114
glv-j0-32,1,830,11212434,240,98,108,4,False,98
glv-j0-32,1,831,623494,1023,88,78,2,False,88
glv-j0-32,1,832,7477176,1023,62,62,2,False,62
glv-j0-32,1,833,22431406,169,88,88,3,True,88
glv-j0-32,1,834,12476319,1023,72,82,3,False,72
glv-j0-32,1,835,8648651,104,124,140,5,False,124
glv-j0-32,1,836,9264993,95,114,114,4,False,114
glv-j0-32,1,837,19054560,104,114,114,4,False,114
glv-j0-32,1,838,20902958,105,114,114,3,False,114
glv-j0-32,1,839,6090956,1023,98,98,4,False,98
glv-j0-32,1,840,18678647,704,114,108,4,True,108
glv-j0-32,1,841,12634680,748,98,114,4,True,114
glv-j0-32,1,842,18468064,312,88,88,3,True,88
glv-j0-32,1,843,9528817,104,114,88,3,False,114
glv-j0-32,1,844,6710149,328,114,88,3,True,88
glv-j0-32,1,845,20970493,1023,88,104,3,False,88
glv-j0-32,1,846,12003179,1023,108,98,4,False,108
glv-j0-32,1,847,4544584,0,114,120,3,False,114
glv-j0-32,1,848,8100936,7,78,98,2,False,78
glv-j0-32,1,849,19694065,95,88,94,3,False,88
glv-j0-32,1,850,9223118,9,88,88,3,False,88
glv-j0-32,1,851,11536054,1023,98,98,3,False,98
glv-j0-32,1,852,9126263,752,124,108,5,False,124
glv-j0-32,1,853,8776477,1023,98,98,4,False,98
glv-j0-32,1,854,22345115,101,98,82,3,True,82
glv-j0-32,1,855,18982734,223,98,114,3,False,98
glv-j0-32,1,856,4397071,215,114,114,4,True,114
glv-j0-32,1,857,13554372,753,98,98,4,True,98
glv-j0-32,1,858,12382210,100,98,88,3,True,88
glv-j0-32,1,859,13354153,681,114,88,3,True,88
glv-j0-32,1,860,23000742,855,114,98,4,True,98
glv-j0-32,1,861,11261037,713,114,98,3,True,98
glv-j0-32,1,862,23210234,8,114,114,4,False,114
glv-j0-32,1,863,6432479,7,98,114,3,False,98
glv-j0-32,1,864,1757450,104,124,124,4,False,124
glv-j0-32,1,865,17944166,759,108,108,5,False,108
glv-j0-32,1,866,8287360,369,108,108,4,True,108
glv-j0-32,1,867,12030275,1023,98,124,4,False,98
glv-j0-32,1,868,6592718,9,114,120,3,False,114
glv-j0-32,1,869,6109619,108,88,88,3,False,88
glv-j0-32,1,870,12279599,1,114,114,4,False,114
glv-j0-32,1,871,11815080,106,124,114,5,False,124
glv-j0-32,1,872,21124295,861,114,114,4,True,114
glv-j0-32,1,873,3767250,727,114,88,3,True,88
glv-j0-32,1,874,2666333,95,62,68,1,False,62
glv-j0-32,1,875,12917735,2,114,114,4,False,114
glv-j0-32,1,876,7671496,11,114,114,4,False,114
glv-j0-32,1,877,2630567,631,98,98,3,True,98
glv-j0-32,1,878,18553120,1023,124,130,4,False,124
glv-j0-32,1,879,15785652,229,98,108,4,True,108
glv-j0-32,1,880,14421089,1023,98,98,4,False,98
glv-j0-32,1,881,12962060,860,114,88,3,True,88
glv-j0-32,1,882,11427021,355,88,88,3,True,88
glv-j0-32,1,883,11959965,632,124,114,4,True,114
glv-j0-32,1,884,17424904,309,114,88,3,False,114
glv-j0-32,1,885,7338344,604,114,114,4,True,114
glv-j0-32,1,886,8845692,12,88,88,3,False,88
glv-j0-32,1,887,21554311,1023,92,92,4,False,92
glv-j0-32,1,888,16875962,1023,88,104,3,False,88
glv-j0-32,1,889,10110331,841,88,108,4,True,108
glv-j0-32,1,890,5360457,218,114,88,3,True,88
glv-j0-32,1,891,4380097,824,124,140,5,True,140
glv-j0-32,1,892,13400129,611,114,108,4,True,108
glv-j0-32,1,893,14897142,730,114,98,3,True,98
glv-j0-32,1,894,16353640,92,88,62,3,True,62
glv-j0-32,1,895,9020783,104,88,114,3,False,88
glv-j0-32,1,896,5785794,704,124,108,5,True,108
glv-j0-32,1,897,18893230,13,124,134,5,False,124
glv-j0-32,1,898,22852558,631,72,72,3,True,72
glv-j0-32,1,899,5265349,7,108,108,4,False,108
glv-j0-32,1,900,1790053,144,114,72,3,True,72
glv-j0-32,1,901,13443457,703,114,98,4,True,98
glv-j0-32,1,902,8364345,146,98,108,4,True,108
glv-j0-32,1,903,17388031,0,88,88,4,False,88
glv-j0-32,1,904,652757,106,98,114,3,False,98
glv-j0-32,1,905,15549278,2,88,88,3,False,88
glv-j0-32,1,906,18820060,2,124,140,5,False,124
glv-j0-32,1,907,3743787,330,114,108,4,True,108
glv-j0-32,1,908,993548,8,114,114,3,False,114
glv-j0-32,1,909,18093675,235,88,88,3,True,88
glv-j0-32,1,910,19913670,1023,108,98,4,False,108
glv-j0-32,1,911,3345485,92,114,114,4,True,114
glv-j0-32,1,912,8866817,104,114,140,4,False,114
glv-j0-32,1,913,15700276,1,88,114,3,False,88
glv-j0-32,1,914,10017053,7,124,140,5,False,124
glv-j0-32,1,915,342460,1023,98,98,4,False,98
glv-j0-32,1,916,5697308,703,88,88,4,True,88
glv-j0-32,1,917,11203879,13,114,88,4,False,114
glv-j0-32,1,918,10155734,811,114,108,4,True,108
glv-j0-32,1,919,9351786,0,114,140,4,False,114
glv-j0-32,1,920,10182052,300,114,108,4,True,108
glv-j0-32,1,921,21268910,354,114,114,4,True,114
glv-j0-32,1,922,20798004,104,98,114,4,False,98
glv-j0-32,1,923,23568967,621,98,98,4,False,98
glv-j0-32,1,924,7852606,144,114,98,3,True,98
glv-j0-32,1,925,18066810,2,114,114,4,False,114
glv-j0-32,1,926,8991098,8,98,88,3,False,98
glv-j0-32,1,927,10419744,200,78,62,2,True,62
glv-j0-32,1,928,23282791,235,98,118,4,True,118
glv-j0-32,1,929,19696840,95,134,114,4,False,134
glv-j0-32,1,930,22670800,95,114,114,3,False,114
glv-j0-32,1,931,15352985,869,78,88,2,True,88
glv-j0-32,1,932,3889686,1023,98,88,3,False,98
glv-j0-32,1,933,14090960,1023,98,98,4,False,98
glv-j0-32,1,934,12809464,104,88,88,3,False,88
glv-j0-32,1,935,5024553,1023,108,108,4,False,108
glv-j0-32,1,936,15615749,1023,88,98,3,False,88
glv-j0-32,1,937,6506222,2,114,88,3,False,114
glv-j0-32,1,938,18144576,286,98,98,3,True,98
glv-j0-32,1,939,1935694,0,114,114,4,False,114
glv-j0-32,1,940,324899,862,114,88,3,True,88
glv-j0-32,1,941,15440787,705,98,98,3,True,98
glv-j0-32,1,942,1823810,104,98,114,4,False,98
glv-j0-32,1,943,16186897,1023,88,98,3,False,88
glv-j0-32,1,944,19557393,7,114,114,4,False,114
glv-j0-32,1,945,7429175,308,114,118,4,True,118
glv-j0-32,1,946,21951426,795,98,108,4,True,108
glv-j0-32,1,947,4110808,11,114,114,4,False,114
glv-j0-32,1,948,19183187,105,114,114,4,False,114
glv-j0-32,1,949,23632934,3,114,114,4,False,114
glv-j0-32,1,950,1578924,104,98,114,3,False,98
glv-j0-32,1,951,2877750,0,114,114,3,False,114
glv-j0-32,1,952,21527462,348,124,98,3,True,98
glv-j0-32,1,953,23245540,790,98,88,3,True,88
glv-j0-32,1,954,753695,229,88,88,3,True,88
glv-j0-32,1,955,14461315,104,98,114,3,False,98
glv-j0-32,1,956,17906542,1023,98,98,4,False,98
glv-j0-32,1,957,14364854,350,124,114,5,True,114
glv-j0-32,1,958,10897240,7,88,120,3,False,88
glv-j0-32,1,959,11951125,800,98,98,4,True,98
glv-j0-32,1,960,20640928,1023,98,108,4,False,98
glv-j0-32,1,961,18989561,11,88,88,3,False,88
glv-j0-32,1,962,940911,287,88,88,3,True,88
glv-j0-32,1,963,5373591,95,98,114,4,False,98
glv-j0-32,1,964,4604994,698,124,98,5,True,98
glv-j0-32,1,965,22617314,309,114,108,4,False,114
glv-j0-32,1,966,19328163,8,98,114,4,False,98
glv-j0-32,1,967,13820628,1,114,140,4,False,114
glv-j0-32,1,968,3521372,13,114,120,3,False,114
glv-j0-32,1,969,15995718,1023,98,98,4,False,98
glv-j0-32,1,970,7406759,879,88,88,3,False,88
glv-j0-32,1,971,17242382,1023,98,98,4,False,98
glv-j0-32,1,972,2441959,7,78,94,2,False,78
glv-j0-32,1,973,530473,859,88,108,4,False,88
glv-j0-32,1,974,3065150,349,78,88,2,True,88
glv-j0-32,1,975,5267807,156,114,88,3,True,88
glv-j0-32,1,976,2993349,104,78,94,2,False,78
glv-j0-32,1,977,19822654,95,114,114,4,False,114
glv-j0-32,1,978,472346,345,114,88,3,True,88
glv-j0-32,1,979,7696871,873,98,114,4,True,114
glv-j0-32,1,980,13981328,357,124,98,5,True,98
glv-j0-32,1,981,9201972,109,88,88,3,False,88
glv-j0-32,1,982,6595861,859,114,114,4,False,114
glv-j0-32,1,983,22953827,13,78,88,2,False,78
glv-j0-32,1,984,23149867,680,88,88,3,True,88
glv-j0-32,1,985,10193975,1,88,124,3,False,88
glv-j0-32,1,986,14822508,244,108,108,4,False,108
glv-j0-32,1,987,13975252,205,104,114,4,True,114
glv-j0-32,1,988,15932438,13,108,124,3,False,108
glv-j0-32,1,989,7603412,95,124,114,5,False,124
glv-j0-32,1,990,5724351,850,114,88,3,True,88
glv-j0-32,1,991,9517101,12,124,140,5,False,124
glv-j0-32,1,992,21512560,737,78,62,2,True,62
glv-j0-32,1,993,20177732,625,98,108,4,False,98
glv-j0-32,1,994,20418605,210,98,88,3,True,88
glv-j0-32,1,995,5167864,3,114,114,3,False,114
glv-j0-32,1,996,13861075,1023,62,82,3,False,62
glv-j0-32,1,997,23126083,95,114,114,4,False,114
glv-j0-32,1,998,12316409,95,114,120,3,False,114
glv-j0-32,1,999,11122214,746,88,88,3,True,88
glv-j0-32,1,1000,10015424,95,114,114,4,False,114
glv-j0-32,1,1001,5502954,16,98,114,5,False,98
glv-j0-32,1,1002,23192295,737,114,108,4,True,108
glv-j0-32,1,1003,15459599,2,98,98,4,False,98
glv-j0-32,1,1004,16491205,371,88,88,3,False,88
glv-j0-32,1,1005,11768915,710,98,88,4,True,88
glv-j0-32,1,1006,548143,104,124,114,5,False,124
glv-j0-32,1,1007,16812206,1023,108,104,4,False,108
glv-j0-32,1,1008,3549688,7,114,114,4,False,114
glv-j0-32,1,1009,10879360,104,114,114,4,False,114
glv-j0-32,1,1010,574998,8,124,166,5,False,124
glv-j0-32,1,1011,4880467,1023,108,82,5,False,108
glv-j0-32,1,1012,14527494,212,88,88,3,True,88
glv-j0-32,1,1013,3435203,211,98,88,3,True,88
glv-j0-32,1,1014,12444957,1,114,114,4,False,114
glv-j0-32,1,1015,1523936,1,114,114,4,False,114
glv-j0-32,1,1016,18539382,1023,98,98,4,False,98
glv-j0-32,1,1017,16420232,3,114,114,4,False,114
glv-j0-32,1,1018,1014313,726,88,88,3,True,88
glv-j0-32,1,1019,13564903,95,114,88,3,False,114
glv-j0-32,1,1020,7438996,835,88,108,4,True,108
glv-j0-32,1,1021,175753,105,98,146,4,False,98
glv-j0-32,1,1022,4150742,877,88,88,3,True,88
glv-j0-32,1,1023,7992292,214,114,98,3,True,98
glv-j0-32,1,1024,21052955,876,124,114,4,False,124
glv-j0-32,1,1025,22696706,1,114,114,4,False,114
glv-j0-32,1,1026,20606977,11,98,114,3,False,98
glv-j0-32,1,1027,23198444,606,98,108,4,True,108
glv-j0-32,1,1028,16897652,161,114,88,3,True,88
glv-j0-32,1,1029,14214088,95,98,98,4,False,98
glv-j0-32,1,1030,19637547,315,114,118,4,True,118
glv-j0-32,1,1031,9257826,1023,98,130,4,False,98
glv-j0-32,1,1032,9188217,4,98,98,4,False,98
glv-j0-32,1,1033,22360759,3,78,88,2,False,78
glv-j0-32,1,1034,1392779,104,114,114,3,False,114
glv-j0-32,1,1035,9615443,1023,82,88,3,False,82
glv-j0-32,1,1036,19753038,106,114,120,3,False,114
glv-j0-32,1,1037,21231237,1,114,114,4,False,114
glv-j0-32,1,1038,21643765,1023,88,98,3,False,88
glv-j0-32,1,1039,22600366,354,114,114,4,True,114
glv-j0-32,1,1040,19358327,0,114,140,4,False,114
glv-j0-32,1,1041,9845632,11,114,120,3,False,114
glv-j0-32,1,1042,8411958,145,114,88,3,True,88
glv-j0-32,1,1043,7026918,95,88,114,3,False,88
glv-j0-32,1,1044,12332028,95,114,114,3,False,114
glv-j0-32,1,1045,13390062,1023,72,88,3,False,72
glv-j0-32,1,1046,2052895,873,98,88,4,True,88
glv-j0-32,1,1047,15726455,371,98,98,4,False,98
glv-j0-32,1,1048,1750194,851,114,114,4,True,114
glv-j0-32,1,1049,5651922,368,88,88,3,False,88
glv-j0-32,1,1050,22785658,1,114,114,4,False,114
glv-j0-32,1,1051,10550871,105,98,114,3,False,98
glv-j0-32,1,1052,12669301,1023,108,98,5,False,108
glv-j0-32,1,1053,20038905,1023,108,124,5,False,108
glv-j0-32,1,1054,16711450,1023,98,82,4,False,98
glv-j0-32,1,1055,4570164,658,114,114,4,True,114
glv-j0-32,1,1056,5447811,873,88,88,3,True,88
glv-j0-32,1,1057,15695916,603,114,118,4,True,118
glv-j0-32,1,1058,5955182,104,78,94,2,False,78
glv-j0-32,1,1059,22304685,1023,124,98,4,False,124
glv-j0-32,1,1060,6007048,104,78,88,2,False,78
glv-j0-32,1,1061,19061326,298,114,108,4,True,108
glv-j0-32,1,1062,11766545,354,98,88,3,True,88
glv-j0-32,1,1063,4399438,341,98,82,3,True,82
glv-j0-32,1,1064,171817,618,98,98,4,True,98
glv-j0-32,1,1065,18089431,344,114,108,4,True,108
glv-j0-32,1,1066,890160,1023,72,72,3,False,72
glv-j0-32,1,1067,8872513,751,98,108,5,False,98
glv-j0-32,1,1068,8747947,755,124,134,5,True,134
glv-j0-32,1,1069,3914269,105,114,120,3,False,114
glv-j0-32,1,1070,13941040,619,88,88,3,True,88
glv-j0-32,1,1071,8191056,857,114,108,4,False,114
glv-j0-32,1,1072,23322276,1023,98,104,4,False,98
glv-j0-32,1,1073,13868684,4,98,114,3,False,98
glv-j0-32,1,1074,19141757,306,108,88,3,True,88
glv-j0-32,1,1075,11288711,836,88,88,3,True,88
glv-j0-32,1,1076,23101458,615,114,114,4,True,114
glv-j0-32,1,1077,10526718,95,114,114,4,False,114
glv-j0-32,1,1078,14124341,95,114,114,4,False,114
glv-j0-32,1,1079,6561540,1023,98,98,4,False,98
glv-j0-32,1,1080,9288699,103,114,88,3,True,88
glv-j0-32,1,1081,7557230,11,98,88,3,False,98
glv-j0-32,1,1082,11372546,3,98,114,4,False,98
glv-j0-32,1,1083,13397684,12,114,114,3,False,114
glv-j0-32,1,1084,10754861,105,114,88,4,False,114
glv-j0-32,1,1085,8967807,104,114,114,4,False,114
glv-j0-32,1,1086,4673698,632,98,98,3,True,98
glv-j0-32,1,1087,16210293,300,114,88,4,True,88
glv-j0-32,1,1088,12270923,663,114,114,4,True,114
glv-j0-32,1,1089,14987466,705,134,108,4,True,108
glv-j0-32,1,1090,21126162,99,114,108,4,True,108
glv-j0-32,1,1091,23004908,1023,52,52,1,False,52
glv-j0-32,1,1092,1058625,104,98,114,3,False,98
glv-j0-32,1,1093,9161171,113,108,108,4,False,108
glv-j0-32,1,1094,17138559,95,114,140,4,False,114
glv-j0-32,1,1095,8680293,95,114,88,3,False,114
glv-j0-32,1,1096,13425176,95,114,114,3,False,114
glv-j0-32,1,1097,13540939,105,114,114,4,False,114
glv-j0-32,1,1098,12382130,746,88,88,3,True,88
glv-j0-32,1,1099,6145741,113,98,88,4,False,98
glv-j0-32,1,1100,18357065,3,98,114,4,False,98
glv-j0-32,1,1101,3923096,3,114,114,4,False,114
glv-j0-32,1,1102,7164180,873,108,108,4,True,108
glv-j0-32,1,1103,22441812,95,114,114,4,False,114
glv-j0-32,1,1104,10855719,95,98,114,4,False,98
glv-j0-32,1,1105,4068770,1023,98,98,4,False,98
glv-j0-32,1,1106,4688585,95,78,88,2,False,78
glv-j0-32,1,1107,21307990,885,98,108,4,False,98
glv-j0-32,1,1108,8695094,851,114,88,3,True,88
glv-j0-32,1,1109,17017275,3,114,114,4,False,114
glv-j0-32,1,1110,19153930,16,114,114,4,False,114
glv-j0-32,1,1111,3748308,95,114,88,4,False,114
glv-j0-32,1,1112,9319622,95,114,114,3,False,114
glv-j0-32,1,1113,2782729,95,124,140,3,False,124
glv-j0-32,1,1114,19926507,341,88,88,3,True,88
glv-j0-32,1,1115,20711929,194,124,118,5,True,118
glv-j0-32,1,1116,2325729,1023,98,82,3,False,98
glv-j0-32,1,1117,13049291,1023,88,98,3,False,88
glv-j0-32,1,1118,17942337,8,114,114,4,False,114
glv-j0-32,1,1119,19399168,104,114,114,4,False,114
glv-j0-32,1,1120,23493832,321,114,108,4,False,114
glv-j0-32,1,1121,8623760,699,114,88,3,True,88
glv-j0-32,1,1122,5476080,754,98,108,4,False,98
glv-j0-32,1,1123,17380495,12,114,140,4,False,114
glv-j0-32,1,1124,11155846,104,114,114,4,False,114
glv-j0-32,1,1125,1284762,1023,98,82,4,False,98
glv-j0-32,1,1126,7590090,8,98,114,4,False,98
glv-j0-32,1,1127,15317067,104,114,120,3,False,114
glv-j0-32,1,1128,14960906,343,114,118,4,True,118
glv-j0-32,1,1129,13289678,1023,72,72,2,False,72
glv-j0-32,1,1130,1562188,342,114,108,4,True,108
glv-j0-32,1,1131,11402253,4,108,124,4,False,108
glv-j0-32,1,1132,18916257,874,98,118,4,False,98
glv-j0-32,1,1133,4516694,239,98,114,4,False,98
glv-j0-32,1,1134,15489682,1023,124,98,4,False,124
glv-j0-32,1,1135,16097104,1023,98,108,4,False,98
glv-j0-32,1,1136,23423375,8,114,140,4,False,114
glv-j0-32,1,1137,14986556,111,98,114,4,False,98
glv-j0-32,1,1138,3932301,156,98,108,4,True,108
glv-j0-32,1,1139,19518175,16,114,114,4,False,114
glv-j0-32,1,1140,8892235,0,114,114,4,False,114
glv-j0-32,1,1141,17257901,349,114,118,4,True,118
glv-j0-32,1,1142,18898662,8,114,114,4,False,114
glv-j0-32,1,1143,5792576,9,114,114,4,False,114
glv-j0-32,1,1144,8067363,756,98,88,4,True,88
glv-j0-32,1,1145,13667377,833,114,108,4,True,108
glv-j0-32,1,1146,13817856,1,114,120,3,False,114
glv-j0-32,1,1147,7386979,12,124,114,5,False,124
glv-j0-32,1,1148,4772285,200,114,88,4,True,88
glv-j0-32,1,1149,16068890,162,114,108,4,False,114
glv-j0-32,1,1150,5570353,631,98,108,4,True,108
glv-j0-32,1,1151,2245662,95,114,114,3,False,114
glv-j0-32,1,1152,10235705,810,114,114,4,True,114
glv-j0-32,1,1153,13916234,3,98,98,4,False,98
glv-j0-32,1,1154,6285139,884,108,108,5,False,108
glv-j0-32,1,1155,10746760,101,114,88,3,True,88
glv-j0-32,1,1156,18726233,309,124,108,4,False,124
glv-j0-32,1,1157,20641882,673,114,98,3,True,98
glv-j0-32,1,1158,4222324,92,114,114,4,True,114
glv-j0-32,1,1159,7356667,104,98,150,4,False,98
glv-j0-32,1,1160,18475124,336,124,114,4,True,114
glv-j0-32,1,1161,23279588,1,114,114,3,False,114
glv-j0-32,1,1162,372406,658,114,114,4,True,114
glv-j0-32,1,1163,8966692,3,124,140,4,False,124
glv-j0-32,1,1164,2372316,840,124,108,5,True,108
glv-j0-32,1,1165,23659979,3,114,114,4,False,114
glv-j0-32,1,1166,23147741,104,98,114,4,False,98
glv-j0-32,1,1167,386815,3,114,114,4,False,114
glv-j0-32,1,1168,10924615,1023,124,124,4,False,124
glv-j0-32,1,1169,11196498,3,88,88,4,False,88
glv-j0-32,1,1170,15959979,613,114,108,4,True,108
glv-j0-32,1,1171,23245202,1023,98,98,3,False,98
glv-j0-32,1,1172,3314146,300,114,98,4,True,98
glv-j0-32,1,1173,15051184,1,98,150,4,False,98
glv-j0-32,1,1174,9191081,835,124,140,5,True,140
glv-j0-32,1,1175,22675424,756,98,140,5,True,140
glv-j0-32,1,1176,7897682,1023,88,98,3,False,88
glv-j0-32,1,1177,853844,1023,98,98,4,False,98
glv-j0-32,1,1178,12636804,361,88,88,3,True,88
glv-j0-32,1,1179,23007710,1023,82,82,5,False,82
glv-j0-32,1,1180,12034246,3,78,120,3,False,78
glv-j0-32,1,1181,18486637,102,114,88,4,True,88
glv-j0-32,1,1182,18821541,1023,98,124,4,False,98
glv-j0-32,1,1183,6014285,98,88,88,3,True,88
glv-j0-32,1,1184,19785416,1023,98,98,4,False,98
glv-j0-32,1,1185,9134799,11,114,88,4,False,114
glv-j0-32,1,1186,18114540,864,114,88,3,True,88
glv-j0-32,1,1187,3908416,3,114,140,4,False,114
glv-j0-32,1,1188,8806150,294,114,108,4,True,108
glv-j0-32,1,1189,2803634,110,88,88,3,False,88
glv-j0-32,1,1190,19648936,342,114,118,4,True,118
glv-j0-32,1,1191,18509594,95,114,114,4,False,114
glv-j0-32,1,1192,14370956,13,114,98,4,False,114
glv-j0-32,1,1193,9300252,883,98,108,4,True,108
glv-j0-32,1,1194,8120342,872,98,114,4,False,98
glv-j0-32,1,1195,5228372,738,114,98,4,True,98
glv-j0-32,1,1196,11260742,360,98,98,3,True,98
glv-j0-32,1,1197,1498704,1023,98,104,3,False,98
glv-j0-32,1,1198,20867988,1023,88,72,3,False,88
glv-j0-32,1,1199,5972052,97,114,88,4,True,88
glv-j0-32,1,1200,19085885,168,114,98,3,True,98
glv-j0-32,1,1201,23346138,836,114,98,3,True,98
glv-j0-32,1,1202,11837160,739,114,118,4,True,118
glv-j0-32,1,1203,6974541,847,98,134,5,True,134
glv-j0-32,1,1204,21654641,1023,98,130,4,False,98
glv-j0-32,1,1205,14207076,104,114,114,3,False,114
glv-j0-32,1,1206,16943358,752,98,108,4,False,98
glv-j0-32,1,1207,13242170,3,114,114,4,False,114
glv-j0-32,1,1208,7306310,106,114,114,4,False,114
glv-j0-32,1,1209,5843242,3,114,114,4,False,114
glv-j0-32,1,1210,12821430,13,98,114,5,False,98
glv-j0-32,1,1211,6236812,11,114,114,4,False,114
glv-j0-32,1,1212,21436158,328,114,108,4,True,108
glv-j0-32,1,1213,12992903,95,88,114,2,False,88
glv-j0-32,1,1214,15770163,8,98,114,4,False,98
glv-j0-32,1,1215,17469507,300,98,88,3,True,88
glv-j0-32,1,1216,11182223,3,114,114,4,False,114
glv-j0-32,1,1217,7941679,104,114,114,3,False,114
glv-j0-32,1,1218,1830773,1023,98,98,4,False,98
glv-j0-32,1,1219,419216,1023,72,72,2,False,72
glv-j0-32,1,1220,931127,613,124,108,4,True,108
glv-j0-32,1,1221,8966501,0,124,114,5,False,124
glv-j0-32,1,1222,7088873,104,98,114,4,False,98
glv-j0-32,1,1223,16028930,713,88,72,3,True,72
glv-j0-32,1,1224,3964496,12,88,88,3,False,88
glv-j0-32,1,1225,12977680,738,98,98,3,True,98
glv-j0-32,1,1226,10129848,726,88,88,3,True,88
glv-j0-32,1,1227,7089108,299,114,108,4,True,108
glv-j0-32,1,1228,11520072,1023,88,98,3,False,88
glv-j0-32,1,1229,23280842,344,78,88,2,True,88
glv-j0-32,1,1230,841085,699,98,98,3,True,98
glv-j0-32,1,1231,20689786,2,98,114,5,False,98
glv-j0-32,1,1232,4636230,107,88,88,3,False,88
glv-j0-32,1,1233,1195115,799,78,62,2,True,62
glv-j0-32,1,1234,16941149,1023,98,98,3,False,98
glv-j0-32,1,1235,13391030,681,88,88,3,True,88
glv-j0-32,1,1236,19090544,686,114,114,4,True,114
glv-j0-32,1,1237,15540936,1023,88,98,3,False,88
glv-j0-32,1,1238,697874,1,134,134,5,False,134
glv-j0-32,1,1239,10058534,8,114,114,4,False,114
glv-j0-32,1,1240,7587691,95,114,114,3,False,114
glv-j0-32,1,1241,23374525,7,114,88,3,False,114
glv-j0-32,1,1242,22468506,1,114,114,4,False,114
glv-j0-32,1,1243,14498529,1023,98,82,3,False,98
glv-j0-32,1,1244,21456682,867,114,114,4,False,114
glv-j0-32,1,1245,16171460,4,88,88,2,False,88
glv-j0-32,1,1246,20654915,3,114,114,4,False,114
glv-j0-32,1,1247,1634076,876,124,108,4,False,124
glv-j0-32,1,1248,11480189,1,98,114,4,False,98
glv-j0-32,1,1249,3702183,342,114,88,3,True,88
glv-j0-32,1,1250,12317156,95,98,114,3,False,98
glv-j0-32,1,1251,20213066,732,114,114,4,True,114
glv-j0-32,1,1252,9126968,741,98,114,4,True,114
glv-j0-32,1,1253,6942849,112,98,88,4,False,98
glv-j0-32,1,1254,19081308,104,124,140,4,False,124
glv-j0-32,1,1255,12095831,1023,98,98,4,False,98
glv-j0-32,1,1256,14418156,105,114,114,3,False,114
glv-j0-32,1,1257,2254290,104,114,114,3,False,114
glv-j0-32,1,1258,394320,1023,108,124,4,False,108
glv-j0-32,1,1259,10404021,7,98,114,4,False,98
glv-j0-32,1,1260,19009807,1023,108,124,4,False,108
glv-j0-32,1,1261,20182784,1023,98,82,4,False,98
glv-j0-32,1,1262,4845492,1023,98,98,4,False,98
glv-j0-32,1,1263,10205820,1,114,114,4,False,114
glv-j0-32,1,1264,16681380,95,114,114,3,False,114
glv-j0-32,1,1265,20345897,349,114,88,3,True,88
glv-j0-32,1,1266,12565304,245,88,88,3,False,88
glv-j0-32,1,1267,11495314,821,124,108,5,True,108
glv-j0-32,1,1268,7844466,1023,108,98,4,False,108
glv-j0-32,1,1269,4918287,95,98,150,4,False,98
glv-j0-32,1,1270,4904494,657,98,88,3,True,88
glv-j0-32,1,1271,14706329,95,124,172,5,False,124
glv-j0-32,1,1272,17682160,104,114,140,4,False,114
glv-j0-32,1,1273,12674574,729,88,108,4,True,108
glv-j0-32,1,1274,20719919,368,108,108,4,False,108
glv-j0-32,1,1275,18552178,352,98,114,4,True,114
glv-j0-32,1,1276,19581520,16,124,140,4,False,124
glv-j0-32,1,1277,2148016,2,124,140,5,False,124
glv-j0-32,1,1278,11798265,193,114,108,4,True,108
glv-j0-32,1,1279,5795572,12,88,124,3,False,88
glv-j0-32,1,1280,68531,104,114,146,4,False,114
glv-j0-32,1,1281,14726533,187,114,108,4,True,108
glv-j0-32,1,1282,12127868,4,114,114,4,False,114
glv-j0-32,1,1283,5646206,699,108,108,4,True,108
glv-j0-32,1,1284,19508808,8,98,114,4,False,98
glv-j0-32,1,1285,16271917,754,98,114,4,False,98
glv-j0-32,1,1286,21046745,1023,98,98,4,False,98
glv-j0-32,1,1287,5320754,356,114,108,4,True,108
glv-j0-32,1,1288,7945249,1023,124,98,5,False,124
glv-j0-32,1,1289,19215244,241,62,62,2,True,62
glv-j0-32,1,1290,10801278,225,114,114,4,True,114
glv-j0-32,1,1291,2380002,205,114,98,4,True,98
glv-j0-32,1,1292,8215337,349,98,88,3,True,88
glv-j0-32,1,1293,4382311,824,114,88,3,True,88
glv-j0-32,1,1294,17039316,1023,98,82,4,False,98
glv-j0-32,1,1295,14660980,325,134,114,5,True,114
glv-j0-32,1,1296,2641083,7,124,140,5,False,124
glv-j0-32,1,1297,1627139,13,98,114,4,False,98
glv-j0-32,1,1298,9397620,8,78,94,2,False,78
glv-j0-32,1,1299,2048840,1023,118,98,4,False,118
glv-j0-32,1,1300,18991660,3,114,114,3,False,114
glv-j0-32,1,1301,16102230,854,114,114,4,True,114
glv-j0-32,1,1302,2450279,95,88,120,3,False,88
glv-j0-32,1,1303,12802591,95,88,120,3,False,88
glv-j0-32,1,1304,9367330,95,98,114,3,False,98
glv-j0-32,1,1305,7490214,151,88,108,4,True,108
glv-j0-32,1,1306,497228,108,124,114,5,False,124
glv-j0-32,1,1307,12345411,91,98,82,4,True,82
glv-j0-32,1,1308,23397646,7,114,114,4,False,114
glv-j0-32,1,1309,5441194,7,114,114,3,False,114
glv-j0-32,1,1310,1457449,95,114,124,3,False,114
glv-j0-32,1,1311,16836361,1023,82,82,4,False,82
glv-j0-32,1,1312,3577494,104,114,88,4,False,114
glv-j0-32,1,1313,15269676,365,98,108,4,True,108
glv-j0-32,1,1314,5512496,746,98,98,3,True,98
glv-j0-32,1,1315,12530387,3,114,114,4,False,114
glv-j0-32,1,1316,5504703,8,114,114,4,False,114
glv-j0-32,1,1317,8188706,861,114,88,3,True,88
glv-j0-32,1,1318,23317862,105,114,114,3,False,114
glv-j0-32,1,1319,2112218,3,124,114,5,False,124
glv-j0-32,1,1320,3462510,837,88,88,3,True,88
glv-j0-32,1,1321,56412,104,118,118,4,False,118
glv-j0-32,1,1322,10075641,104,98,114,4,False,98
glv-j0-32,1,1323,1491869,11,78,88,2,False,78
glv-j0-32,1,1324,16674285,1023,98,114,4,False,98
glv-j0-32,1,1325,14847049,845,114,98,3,True,98
glv-j0-32,1,1326,21459874,868,114,118,4,True,118
glv-j0-32,1,1327,4496025,104,98,114,5,False,98
glv-j0-32,1,1328,4551193,372,98,114,4,False,98
glv-j0-32,1,1329,8195235,9,114,114,3,False,114
glv-j0-32,1,1330,378857,880,98,114,4,False,98
glv-j0-32,1,1331,8054773,343,114,108,4,True,108
glv-j0-32,1,1332,14611522,228,114,108,4,True,108
glv-j0-32,1,1333,19011827,613,88,88,3,True,88
glv-j0-32,1,1334,20467050,106,124,114,4,False,124
glv-j0-32,1,1335,5920283,833,114,88,3,True,88
glv-j0-32,1,1336,6976916,851,78,88,2,True,88
glv-j0-32,1,1337,355550,1023,88,108,3,False,88
glv-j0-32,1,1338,5993424,104,88,114,3,False,88
glv-j0-32,1,1339,128936,619,98,98,3,True,98
glv-j0-32,1,1340,13794186,1,114,146,4,False,114
glv-j0-32,1,1341,16339817,8,114,114,3,False,114
glv-j0-32,1,1342,4232031,628,88,88,3,True,88
glv-j0-32,1,1343,253167,359,114,88,3,True,88
glv-j0-32,1,1344,7271663,98,114,114,5,True,114
glv-j0-32,1,1345,20047818,373,98,108,4,False,98
glv-j0-32,1,1346,22709082,818,88,88,3,True,88
glv-j0-32,1,1347,4215245,102,114,98,3,True,98
glv-j0-32,1,1348,2315844,104,124,140,5,False,124
glv-j0-32,1,1349,5742871,630,98,114,4,False,98
glv-j0-32,1,1350,15960609,16,124,140,4,False,124
glv-j0-32,1,1351,22781411,104,114,120,3,False,114
glv-j0-32,1,1352,6066996,1023,98,98,4,False,98
glv-j0-32,1,1353,8433681,840,114,98,3,True,98
glv-j0-32,1,1354,11025800,1023,98,108,4,False,98
glv-j0-32,1,1355,18206716,117,98,108,4,False,98
glv-j0-32,1,1356,16684850,8,98,140,4,False,98
glv-j0-32,1,1357,5937763,95,124,114,5,False,124
glv-j0-32,1,1358,7354687,747,72,72,1,True,72
glv-j0-32,1,1359,20826561,2,114,124,4,False,114
glv-j0-32,1,1360,20137100,230,114,98,3,True,98
glv-j0-32,1,1361,9751711,1023,98,114,3,False,98
glv-j0-32,1,1362,14021999,1,114,114,4,False,114
glv-j0-32,1,1363,16677940,1,114,114,3,False,114
glv-j0-32,1,1364,19186360,295,98,88,3,True,88
glv-j0-32,1,1365,8733324,842,114,108,4,True,108
glv-j0-32,1,1366,6026174,1023,82,82,4,False,82
glv-j0-32,1,1367,14835969,310,98,108,4,True,108
glv-j0-32,1,1368,11937921,8,124,114,5,False,124
glv-j0-32,1,1369,14698144,245,108,98,5,False,108
glv-j0-32,1,1370,16618459,1023,98,98,5,False,98
glv-j0-32,1,1371,1934938,208,114,98,3,True,98
glv-j0-32,1,1372,18725713,106,98,114,4,False,98
glv-j0-32,1,1373,8822726,720,124,134,5,True,134
glv-j0-32,1,1374,9934901,104,98,114,3,False,98
glv-j0-32,1,1375,4350184,119,98,114,4,True,114
glv-j0-32,1,1376,17709571,611,108,88,3,True,88
glv-j0-32,1,1377,14122148,11,114,114,3,False,114
glv-j0-32,1,1378,7259141,13,114,114,3,False,114
glv-j0-32,1,1379,2245695,95,98,114,3,False,98
glv-j0-32,1,1380,5839966,819,114,88,3,True,88
glv-j0-32,1,1381,9680686,104,88,88,3,False,88
glv-j0-32,1,1382,18117734,740,98,108,5,True,108
glv-j0-32,1,1383,23152179,12,98,114,4,False,98
glv-j0-32,1,1384,16542566,1,114,130,3,False,114
glv-j0-32,1,1385,17484130,720,108,88,3,True,88
glv-j0-32,1,1386,15914280,343,114,88,4,True,88
glv-j0-32,1,1387,15988615,206,114,108,4,True,108
glv-j0-32,1,1388,859418,95,114,114,4,False,114
glv-j0-32,1,1389,23038157,1,114,114,4,False,114
glv-j0-32,1,1390,21515638,737,124,108,5,True,108
glv-j0-32,1,1391,2895817,712,114,114,4,True,114
glv-j0-32,1,1392,11841876,175,98,118,4,False,98
glv-j0-32,1,1393,23427678,376,98,114,4,True,114
glv-j0-32,1,1394,21368615,104,88,114,3,False,88
glv-j0-32,1,1395,21427521,13,114,114,4,False,114
glv-j0-32,1,1396,11611425,0,134,140,5,False,134
glv-j0-32,1,1397,16174369,841,98,82,4,True,82
glv-j0-32,1,1398,22677189,0,88,140,4,False,88
glv-j0-32,1,1399,1977274,229,114,108,4,True,108
glv-j0-32,1,1400,21102518,656,114,114,4,True,114
glv-j0-32,1,1401,7998193,208,88,88,3,True,88
glv-j0-32,1,1402,11212330,231,114,108,4,True,108
glv-j0-32,1,1403,15339495,104,114,120,3,False,114
glv-j0-32,1,1404,10586756,366,98,98,3,False,98
glv-j0-32,1,1405,429190,2,114,114,4,False,114
glv-j0-32,1,1406,19494798,830,134,118,5,True,118
glv-j0-32,1,1407,5888933,790,98,118,4,True,118
glv-j0-32,1,1408,8140280,1023,108,98,4,False,108
glv-j0-32,1,1409,9675316,618,98,118,4,True,118
glv-j0-32,1,1410,20468989,726,114,88,3,True,88
glv-j0-32,1,1411,6538559,16,98,114,4,False,98
glv-j0-32,1,1412,17421140,1023,108,98,4,False,108
glv-j0-32,1,1413,9631083,346,88,108,4,False,88
glv-j0-32,1,1414,11542556,204,78,62,2,True,62
glv-j0-32,1,1415,2724762,350,114,72,3,True,72
glv-j0-32,1,1416,10195178,806,78,62,2,True,62
glv-j0-32,1,1417,4706994,104,124,114,4,False,124
glv-j0-32,1,1418,9419979,95,114,120,3,False,114
glv-j0-32,1,1419,3485811,613,114,88,3,True,88
glv-j0-32,1,1420,15128960,297,52,62,1,True,62
glv-j0-32,1,1421,11632273,95,114,114,4,False,114
glv-j0-32,1,1422,9869174,849,98,88,3,True,88
glv-j0-32,1,1423,18992920,860,114,114,4,True,114
glv-j0-32,1,1424,22189879,608,124,114,5,True,114
glv-j0-32,1,1425,13838347,9,108,108,3,False,108
glv-j0-32,1,1426,4859802,104,114,150,4,False,114
glv-j0-32,1,1427,1862539,9,114,114,3,False,114
glv-j0-32,1,1428,3465925,106,124,114,5,False,124
glv-j0-32,1,1429,14262079,0,114,114,4,False,114
glv-j0-32,1,1430,17747679,738,124,114,5,True,114
glv-j0-32,1,1431,21287313,8,108,88,3,False,108
glv-j0-32,1,1432,6128441,7,88,114,3,False,88
glv-j0-32,1,1433,19307830,106,114,114,4,False,114
glv-j0-32,1,1434,16426430,223,62,94,2,False,62
glv-j0-32,1,1435,21380356,375,98,108,4,False,98
glv-j0-32,1,1436,3508239,723,114,118,4,True,118
glv-j0-32,1,1437,14256524,106,124,140,5,False,124
glv-j0-32,1,1438,12121707,104,98,114,3,False,98
glv-j0-32,1,1439,6705987,227,134,134,5,True,134
glv-j0-32,1,1440,7416543,0,114,114,4,False,114
glv-j0-32,1,1441,21136721,1023,88,98,3,False,88
glv-j0-32,1,1442,22776147,7,114,114,4,False,114
glv-j0-32,1,1443,9024152,104,134,114,5,False,134
glv-j0-32,1,1444,16597406,845,114,114,4,True,114
glv-j0-32,1,1445,15175222,837,114,114,4,True,114
glv-j0-32,1,1446,5053806,868,124,124,5,True,124
glv-j0-32,1,1447,18301203,1023,124,98,4,False,124
glv-j0-32,1,1448,3400312,104,114,114,4,False,114
glv-j0-32,1,1449,19130692,716,88,88,4,True,88
glv-j0-32,1,1450,9685731,322,88,114,4,True,114
glv-j0-32,1,1451,12216373,748,72,72,3,True,72
glv-j0-32,1,1452,5069759,231,114,98,4,True,98
glv-j0-32,1,1453,8701703,180,114,88,3,True,88
glv-j0-32,1,1454,7766790,105,98,114,3,False,98
glv-j0-32,1,1455,12839388,1,88,94,3,False,88
glv-j0-32,1,1456,8119556,874,98,134,5,False,98
glv-j0-32,1,1457,815949,104,98,114,4,False,98
glv-j0-32,1,1458,21830786,811,98,88,3,True,88
glv-j0-32,1,1459,19415249,1023,98,124,5,False,98
glv-j0-32,1,1460,17171364,606,88,88,3,True,88
glv-j0-32,1,1461,13284617,1,114,114,4,False,114
glv-j0-32,1,1462,6350791,862,98,108,5,True,108
glv-j0-32,1,1463,5869481,310,114,88,3,True,88
glv-j0-32,1,1464,3567594,612,124,108,5,True,108
glv-j0-32,1,1465,10476526,8,114,114,3,False,114
glv-j0-32,1,1466,18246552,363,118,114,4,True,114
glv-j0-32,1,1467,18530007,861,98,108,4,True,108
glv-j0-32,1,1468,15665249,298,114,98,3,True,98
glv-j0-32,1,1469,1807859,346,114,114,4,False,114
glv-j0-32,1,1470,8073936,241,124,108,4,True,108
glv-j0-32,1,1471,16593416,12,114,114,3,False,114
glv-j0-32,1,1472,9865377,1023,108,98,5,False,108
glv-j0-32,1,1473,10165566,749,88,88,3,False,88
glv-j0-32,1,1474,16550874,315,114,98,3,True,98
glv-j0-32,1,1475,21651983,10,114,114,4,False,114
glv-j0-32,1,1476,22798836,1023,108,98,5,False,108
glv-j0-32,1,1477,1749473,3,124,98,5,False,124
glv-j0-32,1,1478,3224463,95,98,120,3,False,98
glv-j0-32,1,1479,7307895,95,114,114,4,False,114
glv-j0-32,1,1480,18161025,194,114,108,4,True,108
glv-j0-32,1,1481,1565982,1023,98,98,3,False,98
glv-j0-32,1,1482,19265746,329,78,88,2,True,88
glv-j0-32,1,1483,18991454,0,88,120,3,False,88
glv-j0-32,1,1484,19368515,849,88,88,3,True,88
glv-j0-32,1,1485,1654074,1023,98,98,4,False,98
glv-j0-32,1,1486,13454914,8,108,88,3,False,108
glv-j0-32,1,1487,19621092,199,114,88,3,True,88
glv-j0-32,1,1488,9769573,104,98,146,4,False,98
glv-j0-32,1,1489,16968218,0,88,124,3,False,88
glv-j0-32,1,1490,10607008,301,98,88,3,False,98
glv-j0-32,1,1491,2597042,1023,82,92,5,False,82
glv-j0-32,1,1492,9542902,220,114,88,3,True,88
glv-j0-32,1,1493,19724343,16,114,114,3,False,114
glv-j0-32,1,1494,20549460,227,114,88,3,True,88
glv-j0-32,1,1495,9992965,855,98,98,3,True,98
glv-j0-32,1,1496,17237690,104,98,114,3,False,98
glv-j0-32,1,1497,22345114,98,98,82,3,True,82
glv-j0-32,1,1498,4704133,13,114,114,4,False,114
glv-j0-32,1,1499,16794575,95,88,88,2,False,88
glv-j0-32,1,1500,13897543,245,124,114,4,False,124
glv-j0-32,1,1501,2497982,104,114,114,4,False,114
glv-j0-32,1,1502,4001081,4,114,114,4,False,114
glv-j0-32,1,1503,19357196,0,114,140,4,False,114
glv-j0-32,1,1504,9418662,888,88,88,2,False,88
glv-j0-32,1,1505,14810593,168,88,88,3,True,88
glv-j0-32,1,1506,8536259,881,88,88,3,False,88
glv-j0-32,1,1507,6809242,104,98,98,4,False,98
glv-j0-32,1,1508,2230231,9,114,114,3,False,114
glv-j0-32,1,1509,14289259,4,114,114,3,False,114
glv-j0-32,1,1510,3046199,104,134,134,5,False,134
glv-j0-32,1,1511,11724592,7,88,88,3,False,88
glv-j0-32,1,1512,4236866,104,98,114,4,False,98
glv-j0-32,1,1513,6018555,3,114,114,4,False,114
glv-j0-32,1,1514,8948569,174,78,72,1,True,72
glv-j0-32,1,1515,2623201,3,114,88,3,False,114
glv-j0-32,1,1516,16482916,813,114,108,4,True,108
glv-j0-32,1,1517,8844762,295,98,98,4,True,98
glv-j0-32,1,1518,16217535,9,114,114,4,False,114
glv-j0-32,1,1519,5450514,1,114,114,4,False,114
glv-j0-32,1,1520,19158444,95,114,114,4,False,114
glv-j0-32,1,1521,1430085,104,114,114,4,False,114
glv-j0-32,1,1522,10537541,95,108,108,4,False,108
glv-j0-32,1,1523,21020077,342,114,88,3,True,88
glv-j0-32,1,1524,18254904,104,114,114,4,False,114
glv-j0-32,1,1525,3711398,95,114,114,3,False,114
glv-j0-32,1,1526,2234886,10,114,124,4,False,114
glv-j0-32,1,1527,2833002,95,114,120,3,False,114
glv-j0-32,1,1528,4614662,1023,98,88,3,False,98
glv-j0-32,1,1529,21485759,673,114,114,4,True,114
glv-j0-32,1,1530,10424797,117,98,118,4,False,98
glv-j0-32,1,1531,3976260,162,88,108,4,False,88
glv-j0-32,1,1532,981066,1023,108,108,4,False,108
glv-j0-32,1,1533,9693106,0,114,146,4,False,114
glv-j0-32,1,1534,11453761,95,114,140,4,False,114
glv-j0-32,1,1535,9273729,104,98,120,3,False,98
glv-j0-32,1,1536,11463448,104,98,114,3,False,98
glv-j0-32,1,1537,9321592,0,124,134,5,False,124
glv-j0-32,1,1538,4143066,204,114,114,4,True,114
glv-j0-32,1,1539,404114,223,98,114,4,False,98
glv-j0-32,1,1540,20726328,105,98,98,4,False,98
glv-j0-32,1,1541,6074569,1,98,114,4,False,98
glv-j0-32,1,1542,7575901,1023,124,124,5,False,124
glv-j0-32,1,1543,8409758,106,98,108,4,False,98
glv-j0-32,1,1544,13090987,104,114,146,4,False,114
glv-j0-32,1,1545,1447118,841,114,134,5,True,134
glv-j0-32,1,1546,10708267,1023,88,72,3,False,88
glv-j0-32,1,1547,13172116,95,114,114,3,False,114
glv-j0-32,1,1548,7165647,106,98,114,3,False,98
glv-j0-32,1,1549,3074834,2,98,140,4,False,98
glv-j0-32,1,1550,5342602,1023,98,82,4,False,98
glv-j0-32,1,1551,8554829,95,114,140,4,False,114
glv-j0-32,1,1552,9092491,7,98,88,3,False,98
glv-j0-32,1,1553,13122006,846,98,98,3,True,98
glv-j0-32,1,1554,9879600,620,98,108,4,False,98
glv-j0-32,1,1555,15502047,1023,124,130,4,False,124
glv-j0-32,1,1556,18086990,617,98,88,4,False,98
glv-j0-32,1,1557,12643797,104,114,120,3,False,114
glv-j0-32,1,1558,13859899,1023,88,98,3,False,88
glv-j0-32,1,1559,4804634,851,114,98,3,True,98
glv-j0-32,1,1560,3465545,3,114,114,4,False,114
glv-j0-32,1,1561,23158248,8,88,88,3,False,88
glv-j0-32,1,1562,3765255,757,98,98,4,True,98
glv-j0-32,1,1563,19811976,8,114,140,4,False,114
glv-j0-32,1,1564,18500702,367,98,114,4,False,98
glv-j0-32,1,1565,5899835,1023,124,104,4,False,124
glv-j0-32,1,1566,4213659,795,98,82,4,True,82
glv-j0-32,1,1567,16457020,8,114,88,4,False,114
glv-j0-32,1,1568,15421319,2,114,114,4,False,114
glv-j0-32,1,1569,19161060,109,124,114,4,False,124
glv-j0-32,1,1570,16710300,7,114,114,4,False,114
glv-j0-32,1,1571,19362056,95,114,114,4,False,114
glv-j0-32,1,1572,23145580,1023,98,98,4,False,98
glv-j0-32,1,1573,20155607,1023,98,98,4,False,98
glv-j0-32,1,1574,17508871,310,114,114,4,True,114
glv-j0-32,1,1575,15072470,673,114,118,4,True,118
glv-j0-32,1,1576,3945886,354,114,114,4,True,114
glv-j0-32,1,1577,4541947,0,114,114,3,False,114
glv-j0-32,1,1578,17671310,336,88,88,3,True,88
glv-j0-32,1,1579,2753157,104,114,140,3,False,114
glv-j0-32,1,1580,15372083,1023,108,82,5,False,108
glv-j0-32,1,1581,7602396,827,114,88,3,True,88
glv-j0-32,1,1582,21797890,1023,124,130,4,False,124
glv-j0-32,1,1583,21888614,236,88,88,3,True,88
glv-j0-32,1,1584,9321131,8,114,98,4,False,114
glv-j0-32,1,1585,2925503,8,114,114,4,False,114
glv-j0-32,1,1586,12204667,842,114,88,4,True,88
glv-j0-32,1,1587,8403913,1023,98,108,3,False,98
glv-j0-32,1,1588,910689,855,88,108,4,True,108
glv-j0-32,1,1589,7560166,828,114,114,4,True,114
glv-j0-32,1,1590,2062515,335,98,114,4,True,114
glv-j0-32,1,1591,9327079,0,88,114,4,False,88
glv-j0-32,1,1592,1805606,703,98,88,4,True,88
glv-j0-32,1,1593,1868669,823,108,92,3,True,92
glv-j0-32,1,1594,4428397,368,98,118,4,False,98
glv-j0-32,1,1595,11885019,615,114,114,4,True,114
glv-j0-32,1,1596,19821075,12,114,140,4,False,114
glv-j0-32,1,1597,6594852,95,98,114,3,False,98
glv-j0-32,1,1598,14687640,728,108,88,3,True,88
glv-j0-32,1,1599,20979629,1,88,140,4,False,88
glv-j0-32,1,1600,8866551,3,114,146,4,False,114
glv-j0-32,1,1601,9441859,106,98,98,3,False,98
glv-j0-32,1,1602,9165639,215,88,88,3,True,88
glv-j0-32,1,1603,22139047,114,98,114,5,True,114
glv-j0-32,1,1604,16944037,742,124,140,5,True,140
glv-j0-32,1,1605,4538640,4,124,114,5,False,124
glv-j0-32,1,1606,13892137,220,88,108,4,True,108
glv-j0-32,1,1607,9555176,614,114,114,4,True,114
glv-j0-32,1,1608,18555183,245,98,108,4,False,98
glv-j0-32,1,1609,10022936,13,114,150,4,False,114
glv-j0-32,1,1610,14069703,727,114,114,4,True,114
glv-j0-32,1,1611,10267426,106,98,120,3,False,98
glv-j0-32,1,1612,4013377,186,88,88,3,True,88
glv-j0-32,1,1613,8408283,739,114,108,4,True,108
glv-j0-32,1,1614,9376835,629,88,88,2,False,88
glv-j0-32,1,1615,4085318,104,98,88,3,False,98
glv-j0-32,1,1616,21043511,868,114,108,4,True,108
glv-j0-32,1,1617,4324050,1023,98,98,4,False,98
glv-j0-32,1,1618,22210984,3,98,114,5,False,98
glv-j0-32,1,1619,15401914,722,114,98,4,True,98
glv-j0-32,1,1620,22391992,888,108,108,4,False,108
glv-j0-32,1,1621,10286835,191,114,108,4,True,108
glv-j0-32,1,1622,16861064,112,88,88,3,False,88
glv-j0-32,1,1623,18526950,98,114,88,3,True,88
glv-j0-32,1,1624,2267304,0,78,94,2,False,78
glv-j0-32,1,1625,5951451,317,114,108,4,True,108
glv-j0-32,1,1626,13302992,849,98,88,3,True,88
glv-j0-32,1,1627,3987044,3,114,114,4,False,114
glv-j0-32,1,1628,10985943,8,114,114,4,False,114
glv-j0-32,1,1629,11684822,613,114,98,4,True,98
glv-j0-32,1,1630,284674,11,114,114,4,False,114
glv-j0-32,1,1631,2129503,93,114,114,4,True,114
glv-j0-32,1,1632,14300715,824,114,114,4,True,114
glv-j0-32,1,1633,13116128,3,88,88,2,False,88
glv-j0-32,1,1634,8156986,106,114,134,4,False,114
glv-j0-32,1,1635,661624,372,98,108,4,False,98
glv-j0-32,1,1636,19047893,1023,98,98,3,False,98
glv-j0-32,1,1637,1500114,1023,72,72,3,False,72
glv-j0-32,1,1638,2368705,812,98,88,3,True,88
glv-j0-32,1,1639,9763913,1023,82,82,5,False,82
glv-j0-32,1,1640,3319282,1023,62,62,2,False,62
glv-j0-32,1,1641,8982489,0,114,140,4,False,114
glv-j0-32,1,1642,164073,151,114,114,4,True,114
glv-j0-32,1,1643,21092340,620,88,88,3,False,88
glv-j0-32,1,1644,19285407,107,108,108,4,False,108
glv-j0-32,1,1645,16423702,12,114,134,4,False,114
glv-j0-32,1,1646,17701662,699,98,82,3,True,82
glv-j0-32,1,1647,4395900,365,98,114,4,True,114
glv-j0-32,1,1648,23048720,3,114,114,3,False,114
glv-j0-32,1,1649,1984930,7,114,120,3,False,114
glv-j0-32,1,1650,11016620,0,114,114,4,False,114
glv-j0-32,1,1651,13200084,311,114,108,4,True,108
glv-j0-32,1,1652,3509001,627,98,114,4,True,114
glv-j0-32,1,1653,710200,1023,88,104,3,False,88
glv-j0-32,1,1654,13525367,887,98,114,4,False,98
glv-j0-32,1,1655,14555845,754,88,88,3,False,88
glv-j0-32,1,1656,7137837,822,88,88,3,True,88
glv-j0-32,1,1657,23440471,104,114,120,3,False,114
glv-j0-32,1,1658,993603,854,114,88,3,True,88
glv-j0-32,1,1659,5919794,2,114,140,3,False,114
glv-j0-32,1,1660,18821654,810,114,114,4,True,114
glv-j0-32,1,1661,9975433,0,114,114,4,False,114
glv-j0-32,1,1662,21654203,1023,98,98,5,False,98
glv-j0-32,1,1663,6923841,10,134,134,5,False,134
glv-j0-32,1,1664,16974996,1023,82,82,3,False,82
glv-j0-32,1,1665,9065854,8,114,114,4,False,114
glv-j0-32,1,1666,22556609,95,114,114,3,False,114
glv-j0-32,1,1667,6908896,1023,108,108,5,False,108
glv-j0-32,1,1668,1789310,855,88,72,3,True,72
glv-j0-32,1,1669,8745882,95,114,88,3,False,114
glv-j0-32,1,1670,7443955,360,98,108,4,True,108
glv-j0-32,1,1671,7914516,3,98,98,4,False,98
glv-j0-32,1,1672,14299591,95,124,114,5,False,124
glv-j0-32,1,1673,11308854,614,104,108,4,True,108
glv-j0-32,1,1674,20041934,219,52,62,1,False,52
glv-j0-32,1,1675,10586188,730,114,88,3,True,88
glv-j0-32,1,1676,5195442,340,114,98,3,True,98
glv-j0-32,1,1677,6930111,297,124,114,5,True,114
glv-j0-32,1,1678,19297574,212,114,98,4,True,98
glv-j0-32,1,1679,12098421,376,98,108,4,True,108
glv-j0-32,1,1680,2420250,373,62,62,3,False,62
glv-j0-32,1,1681,11455184,1,114,120,3,False,114
glv-j0-32,1,1682,7186642,1023,98,98,4,False,98
glv-j0-32,1,1683,14035647,1,78,94,2,False,78
glv-j0-32,1,1684,7424559,7,114,150,4,False,114
glv-j0-32,1,1685,3416979,223,98,114,4,False,98
glv-j0-32,1,1686,1475015,736,114,108,4,True,108
glv-j0-32,1,1687,17558140,811,88,88,4,True,88
glv-j0-32,1,1688,9475671,1023,118,130,4,False,118
glv-j0-32,1,1689,21960018,861,98,88,3,True,88
glv-j0-32,1,1690,3432014,228,114,108,4,True,108
glv-j0-32,1,1691,18179162,12,114,114,3,False,114
glv-j0-32,1,1692,15311557,372,72,72,3,False,72
glv-j0-32,1,1693,14291251,1,114,140,4,False,114
glv-j0-32,1,1694,17629352,104,114,114,3,False,114
glv-j0-32,1,1695,13135858,199,88,88,3,True,88
glv-j0-32,1,1696,2988245,1023,124,124,4,False,124
glv-j0-32,1,1697,18977331,3,98,88,3,False,98
glv-j0-32,1,1698,4401063,353,114,98,4,True,98
glv-j0-32,1,1699,19048408,610,114,88,3,True,88
glv-j0-32,1,1700,18718743,1023,98,98,4,False,98
glv-j0-32,1,1701,18722378,9,114,114,3,False,114
glv-j0-32,1,1702,14845521,807,114,88,3,True,88
glv-j0-32,1,1703,9372582,8,114,114,4,False,114
glv-j0-32,1,1704,21698874,315,88,114,4,True,114
glv-j0-32,1,1705,10286942,1023,92,92,4,False,92
glv-j0-32,1,1706,8333149,104,114,114,3,False,114
glv-j0-32,1,1707,2771573,657,124,108,5,True,108
glv-j0-32,1,1708,7646718,104,114,114,4,False,114
glv-j0-32,1,1709,21757896,1023,88,98,3,False,88
glv-j0-32,1,1710,3895960,104,114,114,4,False,114
glv-j0-32,1,1711,7360284,1,114,114,4,False,114
glv-j0-32,1,1712,5931503,97,98,82,5,True,82
glv-j0-32,1,1713,6386149,1023,98,98,4,False,98
glv-j0-32,1,1714,5265294,8,108,124,4,False,108
glv-j0-32,1,1715,17060597,818,114,108,4,True,108
glv-j0-32,1,1716,22846897,105,114,120,3,False,114
glv-j0-32,1,1717,20913381,3,124,140,4,False,124
glv-j0-32,1,1718,9292729,1023,98,156,5,False,98
glv-j0-32,1,1719,3537901,1023,124,130,4,False,124
glv-j0-32,1,1720,11222479,1,114,114,3,False,114
glv-j0-32,1,1721,21338004,175,114,88,3,False,114
glv-j0-32,1,1722,15569463,752,98,88,4,False,98
glv-j0-32,1,1723,15023535,722,114,88,4,True,88
glv-j0-32,1,1724,7176116,104,114,114,4,False,114
glv-j0-32,1,1725,775108,1023,88,98,3,False,88
glv-j0-32,1,1726,22770502,718,98,114,4,True,114
glv-j0-32,1,1727,3979333,604,114,118,4,True,118
glv-j0-32,1,1728,20515022,687,124,118,4,True,118
glv-j0-32,1,1729,14954281,334,114,88,3,True,88
glv-j0-32,1,1730,18991704,104,114,114,3,False,114
glv-j0-32,1,1731,20480502,105,98,98,4,False,98
glv-j0-32,1,1732,8409141,214,114,114,4,True,114
glv-j0-32,1,1733,3820939,312,114,108,4,True,108
glv-j0-32,1,1734,3232328,663,98,98,3,True,98
glv-j0-32,1,1735,8397290,840,78,62,2,True,62
glv-j0-32,1,1736,16223791,827,98,88,3,True,88
glv-j0-32,1,1737,13815759,108,98,118,4,False,98
glv-j0-32,1,1738,21181017,616,98,118,4,True,118
glv-j0-32,1,1739,19724641,7,104,114,4,False,104
glv-j0-32,1,1740,18316720,840,88,88,3,True,88
glv-j0-32,1,1741,5190212,699,114,114,4,True,114
glv-j0-32,1,1742,20346256,604,114,88,3,True,88
glv-j0-32,1,1743,16463173,1,88,88,3,False,88
glv-j0-32,1,1744,5345093,104,114,146,4,False,114
glv-j0-32,1,1745,15500160,331,114,98,3,True,98
glv-j0-32,1,1746,1829310,2,114,114,4,False,114
glv-j0-32,1,1747,9413237,875,98,114,4,True,114
glv-j0-32,1,1748,802843,112,124,118,4,False,124
glv-j0-32,1,1749,7361362,1023,98,82,3,False,98
glv-j0-32,1,1750,18684786,106,114,88,4,False,114
glv-j0-32,1,1751,16467951,7,114,88,4,False,114
glv-j0-32,1,1752,393881,13,114,114,4,False,114
glv-j0-32,1,1753,23105813,751,88,88,3,False,88
glv-j0-32,1,1754,4826310,12,98,98,4,False,98
glv-j0-32,1,1755,10204268,145,88,108,4,True,108
glv-j0-32,1,1756,8087634,1023,98,108,4,False,98
glv-j0-32,1,1757,6278479,663,124,108,5,True,108
glv-j0-32,1,1758,4987840,7,124,124,5,False,124
glv-j0-32,1,1759,11397387,294,114,98,3,True,98
glv-j0-32,1,1760,2031336,95,114,114,4,False,114
glv-j0-32,1,1761,12373845,8,114,88,4,False,114
glv-j0-32,1,1762,23619371,0,88,140,4,False,88
glv-j0-32,1,1763,7710662,0,98,88,3,False,98
glv-j0-32,1,1764,21711645,13,124,140,5,False,124
glv-j0-32,1,1765,16474109,144,124,98,5,True,98
glv-j0-32,1,1766,12237120,3,114,124,3,False,114
glv-j0-32,1,1767,22812817,367,124,114,5,False,124
glv-j0-32,1,1768,14286726,350,114,98,4,True,98
glv-j0-32,1,1769,14415331,306,124,98,5,True,98
glv-j0-32,1,1770,3190475,95,134,114,5,False,134
glv-j0-32,1,1771,1953065,1,114,114,4,False,114
glv-j0-32,1,1772,8285480,104,114,114,4,False,114
glv-j0-32,1,1773,17532730,858,114,108,4,True,108
glv-j0-32,1,1774,10860159,7,88,88,3,False,88
glv-j0-32,1,1775,6491632,713,114,98,4,True,98
glv-j0-32,1,1776,18267975,0,114,130,3,False,114
glv-j0-32,1,1777,8876332,13,78,78,1,False,78
glv-j0-32,1,1778,5491130,95,98,114,4,False,98
glv-j0-32,1,1779,2448696,1,114,114,3,False,114
glv-j0-32,1,1780,15339660,104,98,98,3,False,98
glv-j0-32,1,1781,20394625,885,124,114,4,False,124
glv-j0-32,1,1782,9153619,95,98,98,4,False,98
glv-j0-32,1,1783,18379828,883,98,108,4,True,108
glv-j0-32,1,1784,268217,1023,92,92,3,False,92
glv-j0-32,1,1785,14107391,104,78,68,1,False,78
glv-j0-32,1,1786,17620324,880,88,88,3,False,88
glv-j0-32,1,1787,20037916,8,124,114,5,False,124
glv-j0-32,1,1788,22434245,706,114,88,3,True,88
glv-j0-32,1,1789,16030220,180,98,108,5,True,108
glv-j0-32,1,1790,1066540,8,124,124,4,False,124
glv-j0-32,1,1791,1219642,8,114,146,4,False,114
glv-j0-32,1,1792,11398573,106,114,120,3,False,114
glv-j0-32,1,1793,17384415,13,114,114,4,False,114
glv-j0-32,1,1794,16208168,95,114,120,3,False,114
glv-j0-32,1,1795,11975223,201,114,108,4,True,108
glv-j0-32,1,1796,20379333,146,98,108,4,True,108
glv-j0-32,1,1797,6055841,93,114,88,3,True,88
glv-j0-32,1,1798,13025186,710,114,114,4,True,114
glv-j0-32,1,1799,18074933,93,98,108,4,True,108
glv-j0-32,1,1800,13530717,16,114,114,4,False,114
glv-j0-32,1,1801,20321682,1023,98,98,4,False,98
glv-j0-32,1,1802,20668174,1023,124,124,5,False,124
glv-j0-32,1,1803,10755029,95,98,98,4,False,98
glv-j0-32,1,1804,344169,312,134,108,5,True,108
glv-j0-32,1,1805,6372893,673,114,108,4,True,108
glv-j0-32,1,1806,21150560,104,124,140,3,False,124
glv-j0-32,1,1807,10290330,8,114,114,3,False,114
glv-j0-32,1,1808,2031645,95,98,114,4,False,98
glv-j0-32,1,1809,19302298,323,114,98,3,True,98
glv-j0-32,1,1810,14063157,1023,98,98,3,False,98
glv-j0-32,1,1811,22507964,161,124,98,5,True,98
glv-j0-32,1,1812,12160021,106,98,140,4,False,98
glv-j0-32,1,1813,6131590,278,98,88,3,False,98
glv-j0-32,1,1814,17037335,618,124,114,4,True,114
glv-j0-32,1,1815,201209,1023,98,124,3,False,98
glv-j0-32,1,1816,22802439,1023,88,98,3,False,88
glv-j0-32,1,1817,17097172,833,124,108,5,True,108
glv-j0-32,1,1818,8267868,308,114,98,3,True,98
glv-j0-32,1,1819,8796052,887,62,62,3,False,62
glv-j0-32,1,1820,15816543,102,88,88,3,True,88
glv-j0-32,1,1821,22244805,11,114,114,3,False,114
glv-j0-32,1,1822,19589772,105,124,140,5,False,124
glv-j0-32,1,1823,15324214,358,114,62,3,True,62
glv-j0-32,1,1824,9604170,13,124,114,5,False,124
glv-j0-32,1,1825,8307537,0,114,114,4,False,114
glv-j0-32,1,1826,4393569,743,114,108,4,True,108
glv-j0-32,1,1827,7573363,615,114,118,4,True,118
glv-j0-32,1,1828,11719263,206,124,108,5,True,108
glv-j0-32,1,1829,21501326,1,114,114,4,False,114
glv-j0-32,1,1830,15554264,93,124,114,5,True,114
glv-j0-32,1,1831,3144521,0,98,114,3,False,98
glv-j0-32,1,1832,20049323,657,88,88,3,True,88
glv-j0-32,1,1833,17794584,104,78,94,2,False,78
glv-j0-32,1,1834,11243536,104,98,98,3,False,98
glv-j0-32,1,1835,19624299,870,114,114,4,True,114
glv-j0-32,1,1836,7230890,746,88,88,3,True,88
glv-j0-32,1,1837,20328758,855,114,114,4,True,114
glv-j0-32,1,1838,23604335,236,124,114,5,True,114
glv-j0-32,1,1839,6580596,104,114,114,3,False,114
glv-j0-32,1,1840,20685860,105,78,98,2,False,78
glv-j0-32,1,1841,8411771,104,114,146,4,False,114
glv-j0-32,1,1842,7573419,760,98,98,4,False,98
glv-j0-32,1,1843,17823220,361,88,88,3,True,88
glv-j0-32,1,1844,5129351,104,88,114,3,False,88
glv-j0-32,1,1845,3760363,107,62,62,3,False,62
glv-j0-32,1,1846,2194660,105,98,98,3,False,98
glv-j0-32,1,1847,10751225,864,114,98,4,True,98
glv-j0-32,1,1848,20154387,8,114,114,4,False,114
glv-j0-32,1,1849,3256522,1023,124,124,4,False,124
glv-j0-32,1,1850,17951083,214,124,114,5,True,114
glv-j0-32,1,1851,15086348,106,88,98,3,False,88
glv-j0-32,1,1852,12177852,109,98,108,4,False,98
glv-j0-32,1,1853,5631658,95,114,114,3,False,114
glv-j0-32,1,1854,22164533,8,88,88,3,False,88
glv-j0-32,1,1855,8951390,746,92,92,5,True,92
glv-j0-32,1,1856,2377880,1023,72,72,3,False,72
glv-j0-32,1,1857,5490777,688,118,118,4,True,118
glv-j0-32,1,1858,15549063,95,88,88,3,False,88
glv-j0-32,1,1859,10345497,348,114,88,3,True,88
glv-j0-32,1,1860,5603230,880,98,108,4,False,98
glv-j0-32,1,1861,23292191,95,114,114,4,False,114
glv-j0-32,1,1862,12449998,1023,98,98,4,False,98
glv-j0-32,1,1863,9655820,9,114,114,4,False,114
glv-j0-32,1,1864,13434420,180,98,88,3,True,88
glv-j0-32,1,1865,515476,2,114,146,4,False,114
glv-j0-32,1,1866,8965736,1023,98,98,4,False,98
glv-j0-32,1,1867,4892235,117,88,88,2,False,88
glv-j0-32,1,1868,15491205,681,124,98,3,True,98
glv-j0-32,1,1869,9564994,8,114,114,3,False,114
glv-j0-32,1,1870,18884408,16,114,114,4,False,114
glv-j0-32,1,1871,17489651,373,98,108,4,False,98
glv-j0-32,1,1872,18208048,162,114,88,3,False,114
glv-j0-32,1,1873,16606945,370,88,88,3,False,88
glv-j0-32,1,1874,14717503,0,98,114,4,False,98
glv-j0-32,1,1875,11008404,105,114,114,4,False,114
glv-j0-32,1,1876,22872093,107,98,114,4,False,98
glv-j0-32,1,1877,4342800,104,98,108,4,False,98
glv-j0-32,1,1878,21177871,104,114,114,3,False,114
glv-j0-32,1,1879,2986800,817,114,118,4,True,118
glv-j0-32,1,1880,3785586,811,114,114,4,True,114
glv-j0-32,1,1881,21539068,95,114,114,4,False,114
glv-j0-32,1,1882,20424858,151,114,114,4,True,114
glv-j0-32,1,1883,13527594,95,98,88,3,False,98
glv-j0-32,1,1884,19713543,722,114,118,4,True,118
glv-j0-32,1,1885,14207871,104,114,114,3,False,114
glv-j0-32,1,1886,21665713,2,78,114,2,False,78
glv-j0-32,1,1887,21904915,343,114,98,3,True,98
glv-j0-32,1,1888,19764072,11,118,114,4,False,118
glv-j0-32,1,1889,6883890,104,98,114,3,False,98
glv-j0-32,1,1890,16224672,95,114,114,3,False,114
glv-j0-32,1,1891,17010725,105,114,146,4,False,114
glv-j0-32,1,1892,19926127,1023,88,104,3,False,88
glv-j0-32,1,1893,1226622,11,114,114,4,False,114
glv-j0-32,1,1894,7157117,1023,98,98,3,False,98
glv-j0-32,1,1895,20300570,104,114,140,4,False,114
glv-j0-32,1,1896,12529801,106,98,114,4,False,98
glv-j0-32,1,1897,12090185,12,114,114,4,False,114
glv-j0-32,1,1898,15820197,882,98,108,4,True,108
glv-j0-32,1,1899,1547446,102,114,98,4,True,98
glv-j0-32,1,1900,21448786,821,114,108,4,True,108
glv-j0-32,1,1901,5303185,841,88,88,3,True,88
glv-j0-32,1,1902,20202645,95,98,140,4,False,98
glv-j0-32,1,1903,12823207,347,114,108,4,False,114
glv-j0-32,1,1904,5320994,350,114,88,4,True,88
glv-j0-32,1,1905,20965212,759,98,114,5,False,98
glv-j0-32,1,1906,7990660,96,88,88,3,True,88
glv-j0-32,1,1907,10744560,8,114,114,3,False,114
glv-j0-32,1,1908,1100773,295,114,88,3,True,88
glv-j0-32,1,1909,19332569,698,114,114,4,True,114
glv-j0-32,1,1910,5387679,811,114,108,4,True,108
glv-j0-32,1,1911,21104343,331,98,108,4,True,108
glv-j0-32,1,1912,16044099,12,98,98,4,False,98
glv-j0-32,1,1913,13629608,1,114,114,3,False,114
glv-j0-32,1,1914,22031859,4,114,114,4,False,114
glv-j0-32,1,1915,15269327,371,108,108,4,False,108
glv-j0-32,1,1916,11025917,1023,98,108,4,False,98
glv-j0-32,1,1917,12827708,4,114,114,4,False,114
glv-j0-32,1,1918,2298778,371,98,98,4,False,98
glv-j0-32,1,1919,3954195,1023,98,98,4,False,98
glv-j0-32,1,1920,8561340,3,114,114,4,False,114
glv-j0-32,1,1921,9285551,192,114,114,4,True,114
glv-j0-32,1,1922,11168563,1023,108,98,5,False,108
glv-j0-32,1,1923,13532115,106,108,108,5,False,108
glv-j0-32,1,1924,5926180,1023,88,72,3,False,88
glv-j0-32,1,1925,14698674,697,114,114,4,True,114
glv-j0-32,1,1926,16412214,12,114,120,3,False,114
glv-j0-32,1,1927,18985274,1023,118,98,4,False,118
glv-j0-32,1,1928,21198432,298,114,108,4,True,108
glv-j0-32,1,1929,2030737,4,114,88,4,False,114
glv-j0-32,1,1930,22090737,841,114,118,4,True,118
glv-j0-32,1,1931,3181000,753,98,98,3,True,98
glv-j0-32,1,1932,16085825,305,114,88,3,True,88
glv-j0-32,1,1933,4613775,8,114,120,3,False,114
glv-j0-32,1,1934,3019564,738,114,108,4,True,108
glv-j0-32,1,1935,19994173,1023,98,82,5,False,98
glv-j0-32,1,1936,2554393,1023,124,124,4,False,124
glv-j0-32,1,1937,20958971,375,124,108,5,False,124
glv-j0-32,1,1938,341736,329,114,108,4,True,108
glv-j0-32,1,1939,22907865,9,114,140,4,False,114
glv-j0-32,1,1940,18648821,104,124,114,4,False,124
glv-j0-32,1,1941,15319143,1,124,124,4,False,124
glv-j0-32,1,1942,22982805,0,88,88,3,False,88
glv-j0-32,1,1943,20031119,834,114,98,4,True,98
glv-j0-32,1,1944,14524303,877,108,118,5,True,118
glv-j0-32,1,1945,8170320,331,114,134,5,True,134
glv-j0-32,1,1946,20067505,317,114,114,4,True,114
glv-j0-32,1,1947,805778,104,114,88,4,False,114
glv-j0-32,1,1948,606001,95,98,114,4,False,98
glv-j0-32,1,1949,312258,95,98,114,3,False,98
glv-j0-32,1,1950,10488842,850,124,108,5,True,108
glv-j0-32,1,1951,85789,109,88,88,3,False,88
glv-j0-32,1,1952,17607134,204,114,88,3,True,88
glv-j0-32,1,1953,3408825,13,114,114,4,False,114
glv-j0-32,1,1954,2106950,1,114,114,4,False,114
glv-j0-32,1,1955,18284785,720,114,114,4,True,114
glv-j0-32,1,1956,1504329,867,114,114,4,False,114
glv-j0-32,1,1957,4707308,809,114,118,4,True,118
glv-j0-32,1,1958,11021244,2,88,114,3,False,88
glv-j0-32,1,1959,22640821,214,114,114,4,True,114
glv-j0-32,1,1960,12418708,97,114,88,3,True,88
glv-j0-32,1,1961,22931177,360,98,98,3,True,98
glv-j0-32,1,1962,22590971,3,114,114,4,False,114
glv-j0-32,1,1963,18970139,105,108,124,3,False,108
glv-j0-32,1,1964,22963143,95,88,88,2,False,88
glv-j0-32,1,1965,22531518,7,124,114,5,False,124
glv-j0-32,1,1966,2904561,238,88,88,3,True,88
glv-j0-32,1,1967,18143897,105,114,114,3,False,114
glv-j0-32,1,1968,19121107,117,88,88,3,False,88
glv-j0-32,1,1969,5668773,1,114,140,4,False,114
glv-j0-32,1,1970,18032893,1023,108,124,4,False,108
glv-j0-32,1,1971,13896724,741,114,88,3,True,88
glv-j0-32,1,1972,3835906,1,114,114,4,False,114
glv-j0-32,1,1973,5791344,306,88,108,4,True,108
glv-j0-32,1,1974,15003725,1023,118,134,4,False,118
glv-j0-32,1,1975,3654201,9,98,98,4,False,98
glv-j0-32,1,1976,10371703,11,98,140,5,False,98
glv-j0-32,1,1977,6681245,840,88,88,3,True,88
glv-j0-32,1,1978,15080585,95,124,140,4,False,124
glv-j0-32,1,1979,4172358,1023,98,130,4,False,98
glv-j0-32,1,1980,16678536,95,114,120,3,False,114
glv-j0-32,1,1981,9714318,1023,98,98,4,False,98
glv-j0-32,1,1982,2942885,312,114,88,3,True,88
glv-j0-32,1,1983,11078070,810,114,114,4,True,114
glv-j0-32,1,1984,11479564,95,98,114,4,False,98
glv-j0-32,1,1985,5811185,1023,88,98,3,False,88
glv-j0-32,1,1986,10321694,0,124,140,5,False,124
glv-j0-32,1,1987,5525908,628,108,108,4,True,108
glv-j0-32,1,1988,9046917,95,124,124,5,False,124
glv-j0-32,1,1989,19788510,8,114,114,3,False,114
glv-j0-32,1,1990,14670990,283,114,108,4,True,108
glv-j0-32,1,1991,7746158,1023,98,98,3,False,98
glv-j0-32,1,1992,18497509,888,98,98,3,False,98
glv-j0-32,1,1993,14476877,110,88,88,3,False,88
glv-j0-32,1,1994,22005103,106,98,88,3,False,98
glv-j0-32,1,1995,9110836,0,114,114,4,False,114
glv-j0-32,1,1996,18758658,1023,88,98,3,False,88
glv-j0-32,1,1997,4308942,169,114,118,4,True,118
glv-j0-32,1,1998,11984547,11,88,114,3,False,88
glv-j0-32,1,1999,9825118,95,98,88,3,False,98
glv-j0-32,1,2000,13011570,376,82,82,3,True,82
glv-j0-32,1,2001,19152771,1023,108,98,4,False,108
glv-j0-32,1,2002,19254341,227,114,88,4,True,88
glv-j0-32,1,2003,1458431,724,88,108,4,True,108
glv-j0-32,1,2004,670811,7,124,114,5,False,124
glv-j0-32,1,2005,6725588,1023,124,134,4,False,124
glv-j0-32,1,2006,13479118,697,114,108,4,True,108
glv-j0-32,1,2007,3504711,105,124,114,4,False,124
glv-j0-32,1,2008,13931840,146,114,88,3,True,88
glv-j0-32,1,2009,21390925,358,88,88,3,True,88
glv-j0-32,1,2010,17903487,151,114,98,3,True,98
glv-j0-32,1,2011,8913659,882,98,114,4,True,114
glv-j0-32,1,2012,5579889,1,114,114,3,False,114
glv-j0-32,1,2013,23271848,216,88,108,4,True,108
glv-j0-32,1,2014,15974280,852,114,114,4,False,114
glv-j0-32,1,2015,23359955,613,98,88,3,True,88
glv-j0-32,1,2016,14686103,740,114,98,3,True,98
glv-j0-32,1,2017,2674501,879,88,88,3,False,88
glv-j0-32,1,2018,21216810,743,88,88,2,True,88
glv-j0-32,1,2019,1931516,7,114,114,4,False,114
glv-j0-32,1,2020,21018121,95,114,114,4,False,114
glv-j0-32,1,2021,12199190,3,114,88,4,False,114
glv-j0-32,1,2022,17593841,673,98,98,3,True,98
glv-j0-32,1,2023,15257581,95,98,114,4,False,98
glv-j0-32,1,2024,11625585,7,114,114,4,False,114
glv-j0-32,1,2025,11640560,616,98,108,5,True,108
glv-j0-32,1,2026,8382336,104,114,130,3,False,114
glv-j0-32,1,2027,17811783,95,124,114,4,False,124
glv-j0-32,1,2028,9623844,114,88,88,3,True,88
glv-j0-32,1,2029,6111073,879,98,108,5,False,98
glv-j0-32,1,2030,11410398,840,88,114,4,True,114
glv-j0-32,1,2031,9087217,105,114,114,3,False,114
glv-j0-32,1,2032,21197023,223,124,140,4,False,124
glv-j0-32,1,2033,23477948,151,114,98,3,True,98
glv-j0-32,1,2034,22805789,877,98,98,4,True,98
glv-j0-32,1,2035,14767202,156,114,88,3,True,88
glv-j0-32,1,2036,14743206,350,108,108,4,True,108
glv-j0-32,1,2037,4910962,0,114,120,3,False,114
glv-j0-32,1,2038,7725743,3,114,114,3,False,114
glv-j0-32,1,2039,2880703,2,114,114,4,False,114
glv-j0-32,1,2040,383848,3,114,114,3,False,114
glv-j0-32,1,2041,21794111,95,114,114,4,False,114
glv-j0-32,1,2042,19157920,106,114,130,3,False,114
glv-j0-32,1,2043,19882893,360,98,98,3,True,98
glv-j0-32,1,2044,1313866,106,98,114,4,False,98
glv-j0-32,1,2045,12348040,241,88,88,3,True,88
glv-j0-32,1,2046,12841550,105,114,114,4,False,114
glv-j0-32,1,2047,7150663,11,78,88,2,False,78
glv-j0-32,1,2048,21536042,6,114,114,3,False,114
glv-j0-32,1,2049,5884026,1,78,94,2,False,78
glv-j0-32,1,2050,7319616,712,114,118,4,True,118
glv-j0-32,1,2051,5569013,1023,108,98,4,False,108
glv-j0-32,1,2052,12394429,712,114,108,4,True,108
glv-j0-32,1,2053,9064847,4,114,130,3,False,114
glv-j0-32,1,2054,11178981,169,114,88,3,True,88
glv-j0-32,1,2055,16776724,1023,98,98,5,False,98
glv-j0-32,1,2056,5329803,0,124,114,5,False,124
glv-j0-32,1,2057,915859,194,88,108,4,True,108
glv-j0-32,1,2058,1913332,812,114,88,3,True,88
glv-j0-32,1,2059,21780798,2,88,88,3,False,88
glv-j0-32,1,2060,17334080,1023,98,98,4,False,98
glv-j0-32,1,2061,5465946,95,114,140,4,False,114
glv-j0-32,1,2062,1097041,736,124,134,5,True,134
glv-j0-32,1,2063,12237210,3,88,88,3,False,88
glv-j0-32,1,2064,2023010,329,88,72,3,True,72
glv-j0-32,1,2065,11418612,370,88,88,3,False,88
glv-j0-32,1,2066,8630698,235,88,88,3,True,88
glv-j0-32,1,2067,14269582,624,98,114,4,False,98
glv-j0-32,1,2068,8699487,200,124,108,5,True,108
glv-j0-32,1,2069,6081176,353,114,114,4,True,114
glv-j0-32,1,2070,2795126,95,114,146,4,False,114
glv-j0-32,1,2071,9885384,104,114,114,4,False,114
glv-j0-32,1,2072,3937230,348,114,108,4,True,108
glv-j0-32,1,2073,6480366,852,124,114,5,False,124
glv-j0-32,1,2074,3344695,8,114,146,4,False,114
glv-j0-32,1,2075,18233186,95,114,114,4,False,114
glv-j0-32,1,2076,17411752,0,124,140,3,False,124
glv-j0-32,1,2077,7783061,211,88,88,3,True,88
glv-j0-32,1,2078,11124117,1,114,108,4,False,114
glv-j0-32,1,2079,10075044,850,124,114,5,True,114
glv-j0-32,1,2080,23386291,829,114,108,4,True,108
glv-j0-32,1,2081,9795213,104,114,88,3,False,114
glv-j0-32,1,2082,11065154,7,114,114,3,False,114
glv-j0-32,1,2083,1148934,335,114,114,4,True,114
glv-j0-32,1,2084,6289079,295,114,98,3,True,98
glv-j0-32,1,2085,7171481,7,104,114,4,False,104
glv-j0-32,1,2086,22393396,681,114,108,4,True,108
glv-j0-32,1,2087,18793363,1023,118,98,3,False,118
glv-j0-32,1,2088,15820869,722,124,134,5,True,134
glv-j0-32,1,2089,8095153,4,114,114,4,False,114
glv-j0-32,1,2090,3963904,1,78,98,2,False,78
glv-j0-32,1,2091,21527435,348,124,108,3,True,108
glv-j0-32,1,2092,5803181,104,98,114,3,False,98
glv-j0-32,1,2093,23314086,104,114,114,4,False,114
glv-j0-32,1,2094,2373095,106,98,114,5,False,98
glv-j0-32,1,2095,21001471,867,114,114,4,False,114
glv-j0-32,1,2096,7595066,3,98,114,4,False,98
glv-j0-32,1,2097,2614138,1,98,114,3,False,98
glv-j0-32,1,2098,2121665,98,114,88,3,True,88
glv-j0-32,1,2099,20760863,1,114,114,4,False,114
glv-j0-32,1,2100,1475367,1023,124,130,4,False,124
glv-j0-32,1,2101,14104780,881,98,114,5,False,98
glv-j0-32,1,2102,6522541,627,118,118,4,True,118
glv-j0-32,1,2103,15310150,739,114,88,3,True,88
glv-j0-32,1,2104,17753855,613,114,108,4,True,108
glv-j0-32,1,2105,20635726,240,72,72,3,False,72
glv-j0-32,1,2106,22450633,3,114,140,4,False,114
glv-j0-32,1,2107,13371475,0,114,146,4,False,114
glv-j0-32,1,2108,19769537,343,98,114,5,True,114
glv-j0-32,1,2109,12353461,104,114,114,3,False,114
glv-j0-32,1,2110,18630035,703,114,88,3,True,88
glv-j0-32,1,2111,1176911,236,98,108,5,True,108
glv-j0-32,1,2112,9193503,1023,88,98,3,False,88
glv-j0-32,1,2113,591500,357,114,108,4,True,108
glv-j0-32,1,2114,12429533,212,114,88,4,True,88
glv-j0-32,1,2115,3019665,156,98,108,4,True,108
glv-j0-32,1,2116,22863595,12,124,140,5,False,124
glv-j0-32,1,2117,4990712,658,114,98,4,True,98
glv-j0-32,1,2118,9626661,1023,108,124,4,False,108
glv-j0-32,1,2119,9270720,841,114,108,4,True,108
glv-j0-32,1,2120,9361092,7,114,114,3,False,114
glv-j0-32,1,2121,21268753,234,98,114,4,False,98
glv-j0-32,1,2122,7513947,7,114,114,3,False,114
glv-j0-32,1,2123,5641090,836,114,108,4,True,108
glv-j0-32,1,2124,21968949,181,114,88,3,True,88
glv-j0-32,1,2125,19191158,104,124,124,5,False,124
glv-j0-32,1,2126,14799823,850,124,118,5,True,118
glv-j0-32,1,2127,12928658,95,98,114,4,False,98
glv-j0-32,1,2128,8934428,1,114,120,3,False,114
glv-j0-32,1,2129,10536926,361,118,118,4,True,118
glv-j0-32,1,2130,3523822,613,114,88,4,True,88
glv-j0-32,1,2131,20453004,3,88,88,4,False,88
glv-j0-32,1,2132,17022543,742,114,114,4,True,114
glv-j0-32,1,2133,8310627,95,114,114,3,False,114
glv-j0-32,1,2134,4826250,2,114,114,4,False,114
glv-j0-32,1,2135,5063483,236,88,88,3,True,88
glv-j0-32,1,2136,18945326,105,114,114,4,False,114
glv-j0-32,1,2137,6361759,111,88,88,3,False,88
glv-j0-32,1,2138,7250031,104,108,114,5,False,108
glv-j0-32,1,2139,2688267,120,88,88,3,False,88
glv-j0-32,1,2140,8811714,8,114,114,3,False,114
glv-j0-32,1,2141,16924714,1023,88,104,3,False,88
glv-j0-32,1,2142,8273403,4,114,114,3,False,114
glv-j0-32,1,2143,18717833,13,114,114,4,False,114
glv-j0-32,1,2144,386409,104,114,114,4,False,114
glv-j0-32,1,2145,19886470,337,98,108,5,True,108
glv-j0-32,1,2146,7737335,104,114,114,4,False,114
glv-j0-32,1,2147,13917432,0,124,124,4,False,124
glv-j0-32,1,2148,928354,1023,88,98,3,False,88
glv-j0-32,1,2149,21082515,1023,98,98,4,False,98
glv-j0-32,1,2150,8886202,295,114,108,4,True,108
glv-j0-32,1,2151,5116727,3,108,108,3,False,108
glv-j0-32,1,2152,13040477,106,114,114,4,False,114
glv-j0-32,1,2153,9251716,357,114,98,3,True,98
glv-j0-32,1,2154,11917066,790,124,114,4,True,114
glv-j0-32,1,2155,619297,1023,98,124,5,False,98
glv-j0-32,1,2156,10172138,359,114,88,3,True,88
glv-j0-32,1,2157,7485972,363,88,88,3,True,88
glv-j0-32,1,2158,2831217,95,114,114,4,False,114
glv-j0-32,1,2159,10758068,624,98,88,4,False,98
glv-j0-32,1,2160,11638240,187,114,98,3,True,98
glv-j0-32,1,2161,14636513,1023,88,104,3,False,88
glv-j0-32,1,2162,4492558,321,88,72,3,False,88
glv-j0-32,1,2163,22911909,2,78,88,2,False,78
glv-j0-32,1,2164,9473776,12,134,140,5,False,134
glv-j0-32,1,2165,588772,609,114,108,4,True,108
glv-j0-32,1,2166,17197844,668,134,108,5,True,108
glv-j0-32,1,2167,14257741,93,114,98,4,True,98
glv-j0-32,1,2168,4659448,617,88,88,3,False,88
glv-j0-32,1,2169,20833305,752,118,118,4,False,118
glv-j0-32,1,2170,36559,1023,88,92,3,False,88
glv-j0-32,1,2171,9042334,169,88,72,3,True,72
glv-j0-32,1,2172,6332539,7,114,114,3,False,114
glv-j0-32,1,2173,14143044,13,98,114,4,False,98
glv-j0-32,1,2174,14384784,846,114,114,4,True,114
glv-j0-32,1,2175,17344180,8,114,114,4,False,114
glv-j0-32,1,2176,15035228,347,88,72,3,False,88
glv-j0-32,1,2177,14831672,321,88,88,3,False,88
glv-j0-32,1,2178,8715791,104,114,114,3,False,114
glv-j0-32,1,2179,10610689,834,114,98,4,True,98
glv-j0-32,1,2180,670412,7,124,140,5,False,124
glv-j0-32,1,2181,18299644,227,114,108,4,True,108
glv-j0-32,1,2182,8302407,1023,88,104,3,False,88
glv-j0-32,1,2183,21543446,185,88,108,4,True,108
glv-j0-32,1,2184,18264268,104,98,140,4,False,98
glv-j0-32,1,2185,15544017,3,98,114,4,False,98
glv-j0-32,1,2186,23533070,105,98,114,3,False,98
glv-j0-32,1,2187,14049501,95,114,120,3,False,114
glv-j0-32,1,2188,5611380,1023,98,98,5,False,98
glv-j0-32,1,2189,1113413,811,98,108,4,True,108
glv-j0-32,1,2190,6279831,1023,98,98,4,False,98
glv-j0-32,1,2191,7434940,95,114,88,3,False,114
glv-j0-32,1,2192,17784688,193,114,114,4,True,114
glv-j0-32,1,2193,12852728,880,88,88,3,False,88
glv-j0-32,1,2194,804306,606,114,88,3,True,88
glv-j0-32,1,2195,17150042,4,114,88,3,False,114
glv-j0-32,1,2196,16532610,199,108,108,4,True,108
glv-j0-32,1,2197,17195269,8,114,114,3,False,114
glv-j0-32,1,2198,10170668,13,124,140,5,False,124
glv-j0-32,1,2199,4835966,1023,98,124,5,False,98
glv-j0-32,1,2200,2846088,174,114,114,4,True,114
glv-j0-32,1,2201,6230665,1023,88,108,3,False,88
glv-j0-32,1,2202,5213548,283,98,108,5,True,108
glv-j0-32,1,2203,14558256,204,88,88,3,True,88
glv-j0-32,1,2204,14090352,8,114,114,4,False,114
glv-j0-32,1,2205,19131281,104,98,114,4,False,98
glv-j0-32,1,2206,3847025,181,114,98,3,True,98
glv-j0-32,1,2207,8246597,206,114,88,3,True,88
glv-j0-32,1,2208,4594679,192,88,88,3,True,88
glv-j0-32,1,2209,2680693,369,98,98,3,True,98
glv-j0-32,1,2210,20313295,292,134,134,5,True,134
glv-j0-32,1,2211,12562956,1023,72,98,3,False,72
glv-j0-32,1,2212,12094212,699,78,88,2,True,88
glv-j0-32,1,2213,2286055,835,124,114,5,True,114
glv-j0-32,1,2214,14645125,221,114,114,4,True,114
glv-j0-32,1,2215,22638310,151,114,114,4,True,114
glv-j0-32,1,2216,10469311,686,114,88,3,True,88
glv-j0-32,1,2217,17897469,834,78,62,2,True,62
glv-j0-32,1,2218,19961499,109,88,88,3,False,88
glv-j0-32,1,2219,18938303,3,98,98,4,False,98
glv-j0-32,1,2220,14585815,8,88,114,3,False,88
glv-j0-32,1,2221,4278298,9,114,98,4,False,114
glv-j0-32,1,2222,4859466,619,124,140,5,True,140
glv-j0-32,1,2223,8401624,811,114,108,4,True,108
glv-j0-32,1,2224,16975630,8,98,114,3,False,98
glv-j0-32,1,2225,16172008,95,114,120,3,False,114
glv-j0-32,1,2226,5091239,3,114,140,4,False,114
glv-j0-32,1,2227,13564961,630,88,88,2,False,88
glv-j0-32,1,2228,12565232,13,88,120,3,False,88
glv-j0-32,1,2229,16383407,11,88,88,3,False,88
glv-j0-32,1,2230,13279399,0,114,114,4,False,114
glv-j0-32,1,2231,551439,0,78,88,2,False,78
glv-j0-32,1,2232,13601010,615,114,108,4,True,108
glv-j0-32,1,2233,9572984,855,88,72,3,True,72
glv-j0-32,1,2234,2168244,747,98,98,3,True,98
glv-j0-32,1,2235,3371984,810,114,108,4,True,108
glv-j0-32,1,2236,14138207,91,88,108,4,True,108
glv-j0-32,1,2237,5767486,193,114,98,3,True,98
glv-j0-32,1,2238,14345510,823,108,88,3,True,88
glv-j0-32,1,2239,4051029,109,98,98,3,False,98
glv-j0-32,1,2240,22762304,97,124,114,5,True,114
glv-j0-32,1,2241,1235729,104,124,140,4,False,124
glv-j0-32,1,2242,22579201,9,114,114,3,False,114
glv-j0-32,1,2243,6454951,95,98,114,3,False,98
glv-j0-32,1,2244,20571579,95,114,114,3,False,114
glv-j0-32,1,2245,10133119,618,98,114,4,True,114
glv-j0-32,1,2246,9285409,106,98,140,5,False,98
glv-j0-32,1,2247,16910443,95,98,114,3,False,98
glv-j0-32,1,2248,20982358,329,88,98,2,True,98
glv-j0-32,1,2249,20547780,107,98,114,4,False,98
glv-j0-32,1,2250,69736,830,114,134,5,True,134
glv-j0-32,1,2251,6160700,9,114,114,4,False,114
glv-j0-32,1,2252,12202446,750,98,98,3,False,98
glv-j0-32,1,2253,20242990,7,98,114,3,False,98
glv-j0-32,1,2254,7284363,737,114,88,4,True,88
glv-j0-32,1,2255,3939406,7,124,114,5,False,124
glv-j0-32,1,2256,1364865,104,114,114,4,False,114
glv-j0-32,1,2257,3688634,241,88,88,3,True,88
glv-j0-32,1,2258,22013166,624,88,88,2,False,88
glv-j0-32,1,2259,20531675,95,114,114,4,False,114
glv-j0-32,1,2260,9015271,1023,98,98,4,False,98
glv-j0-32,1,2261,22800256,191,114,114,4,True,114
glv-j0-32,1,2262,11536898,759,124,114,4,False,124
glv-j0-32,1,2263,21871596,8,114,114,4,False,114
glv-j0-32,1,2264,19042536,113,88,88,3,False,88
glv-j0-32,1,2265,20519657,310,114,88,3,True,88
glv-j0-32,1,2266,12410527,805,88,72,3,True,72
glv-j0-32,1,2267,16246834,4,114,114,4,False,114
glv-j0-32,1,2268,23217013,95,114,114,4,False,114
glv-j0-32,1,2269,13237098,1023,88,98,3,False,88
glv-j0-32,1,2270,12114940,4,52,68,1,False,52
glv-j0-32,1,2271,15699351,760,98,118,4,False,98
glv-j0-32,1,2272,15191733,729,114,108,4,True,108
glv-j0-32,1,2273,11451511,3,124,140,4,False,124
glv-j0-32,1,2274,23258129,101,114,88,3,True,88
glv-j0-32,1,2275,12056972,119,88,88,3,True,88
glv-j0-32,1,2276,22036349,95,118,114,4,False,118
glv-j0-32,1,2277,20996464,8,114,114,4,False,114
glv-j0-32,1,2278,5680225,1,78,78,1,False,78
glv-j0-32,1,2279,8732483,95,88,88,3,False,88
glv-j0-32,1,2280,8057610,818,88,88,3,True,88
glv-j0-32,1,2281,6569412,95,124,140,4,False,124
glv-j0-32,1,2282,6012124,283,114,118,4,True,118
glv-j0-32,1,2283,12997680,1023,88,98,3,False,88
glv-j0-32,1,2284,16717139,1,114,114,4,False,114
glv-j0-32,1,2285,21367461,840,114,88,3,True,88
glv-j0-32,1,2286,4512912,372,88,88,3,False,88
glv-j0-32,1,2287,19166707,1023,98,124,3,False,98
glv-j0-32,1,2288,6782308,243,62,62,1,True,62
glv-j0-32,1,2289,22634000,1023,88,98,3,False,88
glv-j0-32,1,2290,18488202,13,114,114,4,False,114
glv-j0-32,1,2291,4014229,371,62,62,1,False,62
glv-j0-32,1,2292,9302506,105,114,114,3,False,114
glv-j0-32,1,2293,22988571,4,108,124,4,False,108
glv-j0-32,1,2294,21750446,0,114,114,3,False,114
glv-j0-32,1,2295,12201354,0,114,114,3,False,114
glv-j0-32,1,2296,9490325,0,88,104,2,False,88
glv-j0-32,1,2297,21632242,104,98,114,5,False,98
glv-j0-32,1,2298,19981037,3,114,146,4,False,114
glv-j0-32,1,2299,23127513,2,78,114,2,False,78
glv-j0-32,1,2300,18999639,1023,88,98,2,False,88
glv-j0-32,1,2301,4828112,1,114,114,4,False,114
glv-j0-32,1,2302,6648701,870,114,114,4,True,114
glv-j0-32,1,2303,64988,7,114,114,3,False,114
glv-j0-32,1,2304,9870404,92,98,88,3,True,88
glv-j0-32,1,2305,17566093,0,114,114,4,False,114
glv-j0-32,1,2306,1861974,104,98,98,3,False,98
glv-j0-32,1,2307,12518137,200,114,98,4,True,98
glv-j0-32,1,2308,22440586,352,88,88,3,True,88
glv-j0-32,1,2309,16872205,349,124,108,5,True,108
glv-j0-32,1,2310,16291250,1023,98,98,4,False,98
glv-j0-32,1,2311,1580335,145,88,88,3,True,88
glv-j0-32,1,2312,10367065,93,88,88,3,True,88
glv-j0-32,1,2313,21254649,104,114,114,4,False,114
glv-j0-32,1,2314,10030214,2,114,140,4,False,114
glv-j0-32,1,2315,20169585,1023,98,98,4,False,98
glv-j0-32,1,2316,2165850,104,78,88,2,False,78
glv-j0-32,1,2317,21354370,104,114,114,4,False,114
glv-j0-32,1,2318,4905378,885,88,88,3,False,88
glv-j0-32,1,2319,11227818,703,114,108,4,True,108
glv-j0-32,1,2320,11721237,109,98,98,4,False,98
glv-j0-32,1,2321,4799041,843,114,108,4,True,108
glv-j0-32,1,2322,7588880,333,114,98,4,True,98
glv-j0-32,1,2323,8940407,1023,72,72,3,False,72
glv-j0-32,1,2324,13617463,300,114,98,4,True,98
glv-j0-32,1,2325,23441660,603,114,108,4,True,108
glv-j0-32,1,2326,2449016,95,98,88,3,False,98
glv-j0-32,1,2327,7804770,2,98,98,3,False,98
glv-j0-32,1,2328,13826361,3,114,114,4,False,114
glv-j0-32,1,2329,21634235,225,88,88,3,True,88
glv-j0-32,1,2330,8221955,12,114,114,4,False,114
glv-j0-32,1,2331,2400462,95,98,114,4,False,98
glv-j0-32,1,2332,14918610,301,114,88,3,False,114
glv-j0-32,1,2333,9934020,1023,98,98,3,False,98
glv-j0-32,1,2334,13983751,1,114,114,3,False,114
glv-j0-32,1,2335,3251234,95,114,114,4,False,114
glv-j0-32,1,2336,19920134,225,114,98,3,True,98
glv-j0-32,1,2337,22024245,8,114,114,4,False,114
glv-j0-32,1,2338,432575,703,114,108,4,True,108
glv-j0-32,1,2339,12417600,11,114,140,4,False,114
glv-j0-32,1,2340,15764970,95,114,140,4,False,114
glv-j0-32,1,2341,3976052,741,88,108,4,True,108
glv-j0-32,1,2342,19817966,0,88,88,3,False,88
glv-j0-32,1,2343,1806915,1023,124,98,4,False,124
glv-j0-32,1,2344,6313649,3,114,114,4,False,114
glv-j0-32,1,2345,4162090,104,114,114,4,False,114
glv-j0-32,1,2346,16481714,1023,108,98,4,False,108
glv-j0-32,1,2347,23292854,95,98,88,4,False,98
glv-j0-32,1,2348,2842386,104,98,114,4,False,98
glv-j0-32,1,2349,22180049,1023,88,114,3,False,88
glv-j0-32,1,2350,3434838,1023,88,98,3,False,88
glv-j0-32,1,2351,9894110,3,124,134,5,False,124
glv-j0-32,1,2352,12955384,223,88,114,3,False,88
glv-j0-32,1,2353,11646063,325,114,88,4,True,88
glv-j0-32,1,2354,17545351,317,124,108,5,True,108
glv-j0-32,1,2355,7116042,618,88,88,3,True,88
glv-j0-32,1,2356,15509539,104,98,114,5,False,98
glv-j0-32,1,2357,10886854,0,124,140,5,False,124
glv-j0-32,1,2358,14069585,195,114,114,4,True,114
glv-j0-32,1,2359,4215776,4,114,114,3,False,114
glv-j0-32,1,2360,2096831,668,134,108,5,True,108
glv-j0-32,1,2361,14076316,1023,98,108,4,False,98
glv-j0-32,1,2362,1154536,95,98,98,4,False,98
glv-j0-32,1,2363,17042049,1023,98,98,3,False,98
glv-j0-32,1,2364,17112985,102,98,114,4,True,114
glv-j0-32,1,2365,20054361,717,88,114,4,True,114
glv-j0-32,1,2366,14498834,13,114,114,3,False,114
glv-j0-32,1,2367,7549320,95,78,88,2,False,78
glv-j0-32,1,2368,22870232,104,114,114,4,False,114
glv-j0-32,1,2369,5760382,8,88,94,3,False,88
glv-j0-32,1,2370,9879267,95,114,124,4,False,114
glv-j0-32,1,2371,23045632,104,114,140,4,False,114
glv-j0-32,1,2372,8021013,2,98,88,3,False,98
glv-j0-32,1,2373,16783108,95,108,124,4,False,108
glv-j0-32,1,2374,3192677,717,114,108,4,True,108
glv-j0-32,1,2375,11385294,104,108,124,4,False,108
glv-j0-32,1,2376,11359438,321,88,108,4,False,88
glv-j0-32,1,2377,4899178,619,88,88,3,True,88
glv-j0-32,1,2378,418504,211,98,108,4,True,108
glv-j0-32,1,2379,20139623,8,124,134,5,False,124
glv-j0-32,1,2380,14093262,118,88,88,3,True,88
glv-j0-32,1,2381,10922116,369,124,108,5,True,108
glv-j0-32,1,2382,7118581,247,108,108,4,False,108
glv-j0-32,1,2383,4277464,3,114,114,4,False,114
glv-j0-32,1,2384,2664901,2,88,88,3,False,88
glv-j0-32,1,2385,23718411,1023,108,124,4,False,108
glv-j0-32,1,2386,6669640,105,114,114,5,False,114
glv-j0-32,1,2387,23670094,0,114,114,3,False,114
glv-j0-32,1,2388,2233051,283,114,114,4,True,114
glv-j0-32,1,2389,3474010,1023,98,98,4,False,98
glv-j0-32,1,2390,7235567,92,114,108,4,True,108
glv-j0-32,1,2391,22175140,109,124,108,4,False,124
glv-j0-32,1,2392,7722142,106,98,140,4,False,98
glv-j0-32,1,2393,1536788,95,98,114,3,False,98
glv-j0-32,1,2394,19164151,1023,88,72,2,False,88
glv-j0-32,1,2395,2877944,96,114,88,4,True,88
glv-j0-32,1,2396,20573676,95,114,114,4,False,114
glv-j0-32,1,2397,10792139,201,98,108,4,True,108
glv-j0-32,1,2398,13574116,104,124,114,4,False,124
glv-j0-32,1,2399,12219055,95,114,114,4,False,114
glv-j0-32,1,2400,10381042,733,88,72,4,True,72
glv-j0-32,1,2401,5763633,1023,108,108,5,False,108
glv-j0-32,1,2402,14986298,195,88,114,4,True,114
glv-j0-32,1,2403,2982717,95,98,98,4,False,98
glv-j0-32,1,2404,17419955,244,98,98,3,False,98
glv-j0-32,1,2405,10924509,219,114,98,4,False,114
glv-j0-32,1,2406,15310478,1023,88,98,3,False,88
glv-j0-32,1,2407,11621708,98,114,88,3,True,88
glv-j0-32,1,2408,14341904,95,114,140,4,False,114
glv-j0-32,1,2409,11758832,724,88,62,3,True,62
glv-j0-32,1,2410,19693972,95,88,94,3,False,88
glv-j0-32,1,2411,2854308,658,114,88,3,True,88
glv-j0-32,1,2412,8658143,1023,98,98,3,False,98
glv-j0-32,1,2413,6325194,674,98,88,3,True,88
glv-j0-32,1,2414,20730888,341,114,98,3,True,98
glv-j0-32,1,2415,11529733,827,88,108,4,True,108
glv-j0-32,1,2416,2318,631,98,118,4,True,118
glv-j0-32,1,2417,12028693,799,114,98,4,True,98
glv-j0-32,1,2418,15636576,95,98,114,3,False,98
glv-j0-32,1,2419,8648274,852,124,140,5,False,124
glv-j0-32,1,2420,5145651,207,114,88,3,True,88
glv-j0-32,1,2421,10917950,707,114,88,3,True,88
glv-j0-32,1,2422,3119516,1023,98,82,5,False,98
glv-j0-32,1,2423,3031367,3,88,114,4,False,88
glv-j0-32,1,2424,8685147,305,114,108,4,True,108
glv-j0-32,1,2425,23131285,95,98,114,5,False,98
glv-j0-32,1,2426,5274094,623,88,88,3,False,88
glv-j0-32,1,2427,5060777,95,150,140,5,False,150
glv-j0-32,1,2428,1472273,95,114,114,3,False,114
glv-j0-32,1,2429,11653657,0,114,114,4,False,114
glv-j0-32,1,2430,20702164,7,114,120,3,False,114
glv-j0-32,1,2431,19190666,106,124,140,5,False,124
glv-j0-32,1,2432,17163291,688,88,88,4,True,88
glv-j0-32,1,2433,12390488,236,62,62,1,True,62
glv-j0-32,1,2434,4242750,235,98,114,4,True,114
glv-j0-32,1,2435,521222,7,78,88,2,False,78
glv-j0-32,1,2436,10169062,12,114,114,4,False,114
glv-j0-32,1,2437,13039903,0,114,114,4,False,114
glv-j0-32,1,2438,23686113,628,88,88,3,True,88
glv-j0-32,1,2439,7904240,95,124,140,3,False,124
glv-j0-32,1,2440,18792123,717,124,140,5,True,140
glv-j0-32,1,2441,9695146,11,98,114,3,False,98
glv-j0-32,1,2442,1704058,92,88,88,3,True,88
glv-j0-32,1,2443,11131082,621,98,98,4,False,98
glv-j0-32,1,2444,3947374,242,124,114,4,False,124
glv-j0-32,1,2445,20908152,819,124,108,5,True,108
glv-j0-32,1,2446,3565409,104,78,94,2,False,78
glv-j0-32,1,2447,21859281,338,88,88,3,True,88
glv-j0-32,1,2448,14114404,7,114,114,3,False,114
glv-j0-32,1,2449,9063249,12,114,114,3,False,114
glv-j0-32,1,2450,13720754,1023,124,98,4,False,124
glv-j0-32,1,2451,23177808,632,88,88,3,True,88
glv-j0-32,1,2452,12243594,95,98,98,4,False,98
glv-j0-32,1,2453,5995789,324,114,114,4,True,114
glv-j0-32,1,2454,13699091,312,114,114,4,True,114
glv-j0-32,1,2455,16653350,104,98,98,5,False,98
glv-j0-32,1,2456,11994552,7,114,114,4,False,114
glv-j0-32,1,2457,18723879,294,88,88,2,True,88
glv-j0-32,1,2458,11525914,104,114,114,4,False,114
glv-j0-32,1,2459,5108857,95,98,98,3,False,98
glv-j0-32,1,2460,22562933,104,114,120,3,False,114
glv-j0-32,1,2461,479361,12,78,88,2,False,78
glv-j0-32,1,2462,22445384,16,114,88,4,False,114
glv-j0-32,1,2463,3236540,333,114,118,4,True,118
glv-j0-32,1,2464,3023191,95,104,98,4,False,104
glv-j0-32,1,2465,8014673,834,114,98,3,True,98
glv-j0-32,1,2466,22132706,210,124,108,5,True,108
glv-j0-32,1,2467,16279789,881,98,98,3,False,98
glv-j0-32,1,2468,22500307,848,114,108,4,True,108
glv-j0-32,1,2469,17652134,92,114,88,3,True,88
glv-j0-32,1,2470,13299460,91,114,88,4,True,88
glv-j0-32,1,2471,5758796,854,114,98,3,True,98
glv-j0-32,1,2472,16982515,104,118,114,4,False,118
glv-j0-32,1,2473,14735993,114,98,118,4,True,118
glv-j0-32,1,2474,17165208,688,114,88,3,True,88
glv-j0-32,1,2475,16739009,104,98,114,4,False,98
glv-j0-32,1,2476,76282,1023,98,108,4,False,98
glv-j0-32,1,2477,20215633,233,42,42,0,False,42
glv-j0-32,1,2478,7622319,104,114,88,3,False,114
glv-j0-32,1,2479,7159022,1023,88,72,3,False,88
glv-j0-32,1,2480,20296606,1023,88,72,3,False,88
glv-j0-32,1,2481,20060065,95,98,98,5,False,98
glv-j0-32,1,2482,16704878,217,124,114,5,True,114
glv-j0-32,1,2483,18237453,1023,88,98,3,False,88
glv-j0-32,1,2484,19594054,218,108,88,3,True,88
glv-j0-32,1,2485,3092016,693,114,98,4,True,98
glv-j0-32,1,2486,13506237,16,88,114,3,False,88
glv-j0-32,1,2487,16098736,1023,88,98,3,False,88
glv-j0-32,1,2488,5361178,244,88,88,3,False,88
glv-j0-32,1,2489,18772611,104,98,130,3,False,98
glv-j0-32,1,2490,4856557,7,114,114,4,False,114
glv-j0-32,1,2491,1856504,1023,98,98,4,False,98
glv-j0-32,1,2492,912792,94,98,88,3,True,88
glv-j0-32,1,2493,21802199,248,88,88,3,True,88
glv-j0-32,1,2494,11267940,345,88,88,3,True,88
glv-j0-32,1,2495,14931593,248,98,134,5,True,134
glv-j0-32,1,2496,2914205,820,114,98,3,True,98
glv-j0-32,1,2497,7388703,1023,98,124,4,False,98
glv-j0-32,1,2498,19024387,7,114,114,4,False,114
glv-j0-32,1,2499,20000663,741,114,88,4,True,88
glv-j0-32,1,2500,2459021,749,98,98,4,False,98
glv-j0-32,1,2501,3421580,1023,98,88,2,False,98
glv-j0-32,1,2502,12565052,703,88,88,3,True,88
glv-j0-32,1,2503,20026874,12,124,124,3,False,124
glv-j0-32,1,2504,14389964,168,114,88,3,True,88
glv-j0-32,1,2505,18990294,106,78,94,2,False,78
glv-j0-32,1,2506,9531943,2,114,114,4,False,114
glv-j0-32,1,2507,14977850,102,114,88,3,True,88
glv-j0-32,1,2508,22404474,4,114,114,3,False,114
glv-j0-32,1,2509,8926974,13,98,88,3,False,98
glv-j0-32,1,2510,15384762,1,114,114,4,False,114
glv-j0-32,1,2511,15709846,9,88,88,3,False,88
glv-j0-32,1,2512,21232429,2,114,114,4,False,114
glv-j0-32,1,2513,2587801,848,114,98,3,True,98
glv-j0-32,1,2514,11335932,146,124,124,5,True,124
glv-j0-32,1,2515,15220111,813,98,114,4,True,114
glv-j0-32,1,2516,5270621,733,114,114,4,True,114
glv-j0-32,1,2517,15062716,93,114,114,4,True,114
glv-j0-32,1,2518,7755055,2,114,114,4,False,114
glv-j0-32,1,2519,18540360,1023,88,72,3,False,88
glv-j0-32,1,2520,12530944,104,98,114,4,False,98
glv-j0-32,1,2521,455675,228,114,98,3,True,98
glv-j0-32,1,2522,13108732,237,98,98,3,False,98
glv-j0-32,1,2523,18071396,1023,88,108,3,False,88
glv-j0-32,1,2524,4362418,1023,88,98,3,False,88
glv-j0-32,1,2525,6528394,104,98,88,3,False,98
glv-j0-32,1,2526,6292687,4,114,114,4,False,114
glv-j0-32,1,2527,22435986,1023,124,124,5,False,124
glv-j0-32,1,2528,19835256,681,124,98,5,True,98
glv-j0-32,1,2529,13296783,4,114,88,3,False,114
glv-j0-32,1,2530,1997322,1023,98,124,4,False,98
glv-j0-32,1,2531,10202249,96,88,88,3,True,88
glv-j0-32,1,2532,12587372,4,124,140,3,False,124
glv-j0-32,1,2533,19703980,104,98,114,4,False,98
glv-j0-32,1,2534,21161446,99,124,98,5,True,98
glv-j0-32,1,2535,5135978,1023,88,98,3,False,88
glv-j0-32,1,2536,18302647,0,114,114,3,False,114
glv-j0-32,1,2537,15601292,95,114,114,3,False,114
glv-j0-32,1,2538,7703804,737,114,88,3,True,88
glv-j0-32,1,2539,16540018,878,98,88,4,True,88
glv-j0-32,1,2540,13489047,630,98,108,4,False,98
glv-j0-32,1,2541,17930191,342,114,114,4,True,114
glv-j0-32,1,2542,7480501,8,108,140,5,False,108
glv-j0-32,1,2543,11731307,0,114,114,3,False,114
glv-j0-32,1,2544,16235329,95,114,114,4,False,114
glv-j0-32,1,2545,6303494,1,88,94,3,False,88
glv-j0-32,1,2546,9222868,104,114,88,3,False,114
glv-j0-32,1,2547,1068691,104,134,114,5,False,134
glv-j0-32,1,2548,13443174,604,114,108,4,True,108
glv-j0-32,1,2549,4239725,106,88,114,3,False,88
glv-j0-32,1,2550,11722681,7,98,114,3,False,98
glv-j0-32,1,2551,2249841,95,124,114,5,False,124
glv-j0-32,1,2552,1409134,161,114,114,4,True,114
glv-j0-32,1,2553,22568174,887,98,114,4,False,98
glv-j0-32,1,2554,23555223,104,114,88,3,False,114
glv-j0-32,1,2555,933335,104,98,114,4,False,98
glv-j0-32,1,2556,19165757,734,114,88,3,True,88
glv-j0-32,1,2557,18896632,13,88,88,3,False,88
glv-j0-32,1,2558,13587365,104,114,114,4,False,114
glv-j0-32,1,2559,21305820,612,114,88,4,True,88
glv-j0-32,1,2560,17944215,248,108,108,5,True,108
glv-j0-32,1,2561,7985977,720,114,88,3,True,88
glv-j0-32,1,2562,1799773,113,124,134,5,False,124
glv-j0-32,1,2563,5099254,1023,98,72,4,False,98
glv-j0-32,1,2564,14332368,8,78,88,2,False,78
glv-j0-32,1,2565,1756121,169,114,88,4,True,88
glv-j0-32,1,2566,6088745,297,114,88,4,True,88
glv-j0-32,1,2567,6830258,3,124,146,5,False,124
glv-j0-32,1,2568,21021782,13,114,114,4,False,114
glv-j0-32,1,2569,12957229,8,114,114,4,False,114
glv-j0-32,1,2570,6008156,795,114,88,3,True,88
glv-j0-32,1,2571,11899178,307,88,88,4,True,88
glv-j0-32,1,2572,16615693,1,114,140,4,False,114
glv-j0-32,1,2573,8211159,1,98,120,4,False,98
glv-j0-32,1,2574,9135694,104,114,88,3,False,114
glv-j0-32,1,2575,13916554,104,98,114,4,False,98
glv-j0-32,1,2576,22547023,854,88,108,4,True,108
glv-j0-32,1,2577,12572309,2,88,120,3,False,88
glv-j0-32,1,2578,5751774,104,88,88,2,False,88
glv-j0-32,1,2579,19068545,855,114,134,5,True,134
glv-j0-32,1,2580,9846746,104,88,94,2,False,88
glv-j0-32,1,2581,18836770,230,88,114,4,True,114
glv-j0-32,1,2582,7667445,329,114,88,4,True,88
glv-j0-32,1,2583,6384487,1023,88,78,2,False,88
glv-j0-32,1,2584,8572879,7,88,114,3,False,88
glv-j0-32,1,2585,3765125,1023,98,98,4,False,98
glv-j0-32,1,2586,21418171,104,98,114,3,False,98
glv-j0-32,1,2587,21999506,92,98,88,4,True,88
glv-j0-32,1,2588,12590483,1023,98,124,4,False,98
glv-j0-32,1,2589,14869501,0,114,120,3,False,114
glv-j0-32,1,2590,9944165,1023,124,98,4,False,124
glv-j0-32,1,2591,7364196,706,114,88,4,True,88
glv-j0-32,1,2592,4888665,840,114,114,4,True,114
glv-j0-32,1,2593,19012823,353,88,88,3,True,88
glv-j0-32,1,2594,8253484,1023,62,72,2,False,62
glv-j0-32,1,2595,22297498,96,114,108,4,True,108
glv-j0-32,1,2596,4677515,1023,98,98,4,False,98
glv-j0-32,1,2597,17458857,711,114,108,4,True,108
glv-j0-32,1,2598,19273617,818,114,88,3,True,88
glv-j0-32,1,2599,10409573,851,114,114,4,True,114
glv-j0-32,1,2600,621720,739,114,88,3,True,88
glv-j0-32,1,2601,13905535,710,114,98,3,True,98
glv-j0-32,1,2602,19988287,1023,108,98,5,False,108
glv-j0-32,1,2603,4547337,95,98,98,4,False,98
glv-j0-32,1,2604,21652208,1,114,114,4,False,114
glv-j0-32,1,2605,21356802,1,134,140,5,False,134
glv-j0-32,1,2606,12669579,3,114,140,4,False,114
glv-j0-32,1,2607,16462677,105,114,88,3,False,114
glv-j0-32,1,2608,22926814,1023,98,98,4,False,98
glv-j0-32,1,2609,7520247,3,114,114,3,False,114
glv-j0-32,1,2610,21353856,731,114,98,3,True,98
glv-j0-32,1,2611,5646807,631,108,108,4,True,108
glv-j0-32,1,2612,22252833,720,114,114,4,True,114
glv-j0-32,1,2613,22772338,718,88,88,3,True,88
glv-j0-32,1,2614,1373120,4,134,166,5,False,134
glv-j0-32,1,2615,17567144,754,98,108,5,False,98
glv-j0-32,1,2616,8041775,873,88,88,3,True,88
glv-j0-32,1,2617,12846122,106,98,114,3,False,98
glv-j0-32,1,2618,1003906,739,114,98,4,True,98
glv-j0-32,1,2619,7631424,1023,82,88,4,False,82
glv-j0-32,1,2620,6921115,104,98,98,4,False,98
glv-j0-32,1,2621,6582652,9,124,114,5,False,124
glv-j0-32,1,2622,13695023,7,114,114,3,False,114
glv-j0-32,1,2623,11615732,3,88,88,3,False,88
glv-j0-32,1,2624,12708162,104,78,94,2,False,78
glv-j0-32,1,2625,11668333,9,98,98,5,False,98
glv-j0-32,1,2626,17384428,1023,98,98,4,False,98
glv-j0-32,1,2627,18589224,353,124,114,5,True,114
glv-j0-32,1,2628,2407491,104,98,98,4,False,98
glv-j0-32,1,2629,5797132,1023,98,98,4,False,98
glv-j0-32,1,2630,21820293,1,114,140,4,False,114
glv-j0-32,1,2631,19466075,16,98,114,5,False,98
glv-j0-32,1,2632,16013195,11,114,124,3,False,114
glv-j0-32,1,2633,17536759,1023,108,98,4,False,108
glv-j0-32,1,2634,10935870,1023,98,98,4,False,98
glv-j0-32,1,2635,9551216,1023,98,98,3,False,98
glv-j0-32,1,2636,3106294,0,98,114,4,False,98
glv-j0-32,1,2637,7280995,876,88,88,3,False,88
glv-j0-32,1,2638,19665135,104,88,88,3,False,88
glv-j0-32,1,2639,4892280,742,88,88,2,True,88
glv-j0-32,1,2640,13361108,95,78,88,2,False,78
glv-j0-32,1,2641,15369865,105,114,120,4,False,114
glv-j0-32,1,2642,22869033,3,114,114,4,False,114
glv-j0-32,1,2643,12529118,3,114,114,4,False,114
glv-j0-32,1,2644,2565611,1,88,114,3,False,88
glv-j0-32,1,2645,8043550,881,98,98,3,False,98
glv-j0-32,1,2646,10755464,888,124,114,4,False,124
glv-j0-32,1,2647,22384620,849,98,134,5,True,134
glv-j0-32,1,2648,15695949,3,114,114,4,False,114
glv-j0-32,1,2649,1115350,1,108,88,3,False,108
glv-j0-32,1,2650,9767796,8,114,114,3,False,114
glv-j0-32,1,2651,1646921,0,118,134,4,False,118
glv-j0-32,1,2652,17686348,2,114,114,3,False,114
glv-j0-32,1,2653,7771830,106,114,114,4,False,114
glv-j0-32,1,2654,9529281,0,114,88,3,False,114
glv-j0-32,1,2655,13599233,0,88,88,3,False,88
glv-j0-32,1,2656,9379286,698,134,108,4,True,108
glv-j0-32,1,2657,17637976,810,114,108,4,True,108
glv-j0-32,1,2658,7122316,1023,88,98,3,False,88
glv-j0-32,1,2659,21403098,338,88,88,3,True,88
glv-j0-32,1,2660,8415226,95,114,114,4,False,114
glv-j0-32,1,2661,19578199,742,114,88,3,True,88
glv-j0-32,1,2662,22868532,9,114,114,3,False,114
glv-j0-32,1,2663,7409865,707,114,114,4,True,114
glv-j0-32,1,2664,5687971,206,88,88,3,True,88
glv-j0-32,1,2665,18360036,818,88,88,3,True,88
glv-j0-32,1,2666,10639547,2,114,114,4,False,114
glv-j0-32,1,2667,2292488,1023,82,82,5,False,82
glv-j0-32,1,2668,3956445,1023,88,98,3,False,88
glv-j0-32,1,2669,18201832,104,114,114,3,False,114
glv-j0-32,1,2670,17331970,7,114,114,3,False,114
glv-j0-32,1,2671,5267972,713,114,88,3,True,88
glv-j0-32,1,2672,16624004,306,114,114,4,True,114
glv-j0-32,1,2673,17073885,103,124,114,5,True,114
glv-j0-32,1,2674,6269391,8,88,88,4,False,88
glv-j0-32,1,2675,18111082,747,124,114,4,True,114
glv-j0-32,1,2676,11026009,7,114,114,4,False,114
glv-j0-32,1,2677,11220744,116,124,114,4,True,114
glv-j0-32,1,2678,20570954,800,114,88,3,True,88
glv-j0-32,1,2679,15338039,8,114,114,4,False,114
glv-j0-32,1,2680,765203,312,98,108,4,True,108
glv-j0-32,1,2681,22308340,104,88,120,3,False,88
glv-j0-32,1,2682,9119557,713,124,118,5,True,118
glv-j0-32,1,2683,13442371,7,98,114,4,False,98
glv-j0-32,1,2684,12654030,1023,98,104,4,False,98
glv-j0-32,1,2685,2488261,4,114,114,4,False,114
glv-j0-32,1,2686,11608616,1,114,114,3,False,114
glv-j0-32,1,2687,4233866,311,114,114,4,True,114
glv-j0-32,1,2688,1203843,107,88,88,3,False,88
glv-j0-32,1,2689,4300961,104,114,114,4,False,114
glv-j0-32,1,2690,11931402,674,114,108,4,True,108
glv-j0-32,1,2691,8882472,104,98,114,4,False,98
glv-j0-32,1,2692,16449807,362,124,134,5,False,124
glv-j0-32,1,2693,6957060,1023,88,72,3,False,88
glv-j0-32,1,2694,16715779,11,114,114,3,False,114
glv-j0-32,1,2695,13188795,7,88,88,3,False,88
glv-j0-32,1,2696,19486682,860,114,108,4,True,108
glv-j0-32,1,2697,14790100,13,88,88,4,False,88
glv-j0-32,1,2698,13132670,1023,98,82,5,False,98
glv-j0-32,1,2699,15306145,0,124,114,5,False,124
glv-j0-32,1,2700,10456639,752,88,88,3,False,88
glv-j0-32,1,2701,17785565,742,114,114,4,True,114
glv-j0-32,1,2702,13024893,350,114,114,4,True,114
glv-j0-32,1,2703,1919663,1023,88,78,3,False,88
glv-j0-32,1,2704,1897472,9,114,140,3,False,114
glv-j0-32,1,2705,23374073,1023,72,108,3,False,72
glv-j0-32,1,2706,23279294,1,98,88,3,False,98
glv-j0-32,1,2707,20352055,104,114,114,3,False,114
glv-j0-32,1,2708,14102652,7,114,114,4,False,114
glv-j0-32,1,2709,8287977,363,88,88,3,True,88
glv-j0-32,1,2710,14717898,860,88,88,4,True,88
glv-j0-32,1,2711,14938758,746,108,114,4,True,114
glv-j0-32,1,2712,2400987,95,108,124,4,False,108
glv-j0-32,1,2713,23203024,4,114,114,4,False,114
glv-j0-32,1,2714,12519973,105,114,114,3,False,114
glv-j0-32,1,2715,6366564,692,88,108,4,True,108
glv-j0-32,1,2716,12520786,95,114,120,3,False,114
glv-j0-32,1,2717,3745568,2,114,114,3,False,114
glv-j0-32,1,2718,10874486,1023,98,82,4,False,98
glv-j0-32,1,2719,5279144,104,134,134,5,False,134
glv-j0-32,1,2720,545674,613,114,114,4,True,114
glv-j0-32,1,2721,17371209,1023,124,124,4,False,124
glv-j0-32,1,2722,10360579,292,88,72,3,True,72
glv-j0-32,1,2723,5239288,697,88,88,3,True,88
glv-j0-32,1,2724,11718105,180,114,114,4,True,114
glv-j0-32,1,2725,17850070,315,124,108,5,True,108
glv-j0-32,1,2726,5565101,712,88,88,3,True,88
glv-j0-32,1,2727,1710061,3,114,140,3,False,114
glv-j0-32,1,2728,4963248,11,88,114,3,False,88
glv-j0-32,1,2729,6297739,828,114,114,4,True,114
glv-j0-32,1,2730,17276698,3,108,124,5,False,108
glv-j0-32,1,2731,10459896,95,114,124,4,False,114
glv-j0-32,1,2732,18346816,105,78,88,2,False,78
glv-j0-32,1,2733,19626136,373,98,108,4,False,98
glv-j0-32,1,2734,17056327,807,98,88,3,True,88
glv-j0-32,1,2735,8880984,104,114,114,4,False,114
glv-j0-32,1,2736,14675970,864,124,108,5,True,108
glv-j0-32,1,2737,2077679,0,114,114,4,False,114
glv-j0-32,1,2738,21436751,1023,82,82,5,False,82
glv-j0-32,1,2739,19498506,225,114,88,3,True,88
glv-j0-32,1,2740,16087339,308,88,72,4,True,72
glv-j0-32,1,2741,9746511,118,98,98,3,True,98
glv-j0-32,1,2742,10602005,95,114,114,4,False,114
glv-j0-32,1,2743,17218969,805,108,108,4,True,108
glv-j0-32,1,2744,15437431,7,114,88,4,False,114
glv-j0-32,1,2745,6129083,293,88,88,2,True,88
glv-j0-32,1,2746,8476695,833,114,88,3,True,88
glv-j0-32,1,2747,11329595,1023,98,98,4,False,98
glv-j0-32,1,2748,12896160,169,98,114,4,True,114
glv-j0-32,1,2749,21121782,865,88,88,3,True,88
glv-j0-32,1,2750,4726489,712,114,114,4,True,114
glv-j0-32,1,2751,3060060,325,108,98,4,True,98
glv-j0-32,1,2752,18923645,169,114,114,4,True,114
glv-j0-32,1,2753,19558745,8,114,114,4,False,114
glv-j0-32,1,2754,20100909,1,98,88,3,False,98
glv-j0-32,1,2755,7145980,1023,98,98,4,False,98
glv-j0-32,1,2756,10257659,367,98,88,4,False,98
glv-j0-32,1,2757,19907171,93,124,108,4,True,108
glv-j0-32,1,2758,20956294,871,114,98,4,True,98
glv-j0-32,1,2759,7828132,176,124,114,5,True,114
glv-j0-32,1,2760,13933197,742,78,62,2,True,62
glv-j0-32,1,2761,7823880,368,88,88,3,False,88
glv-j0-32,1,2762,14654597,2,98,98,5,False,98
glv-j0-32,1,2763,18891935,4,114,114,4,False,114
glv-j0-32,1,2764,19390908,2,114,114,3,False,114
glv-j0-32,1,2765,12444852,1,98,114,4,False,98
glv-j0-32,1,2766,4343479,843,124,98,5,True,98
glv-j0-32,1,2767,4308421,228,124,114,4,True,114
glv-j0-32,1,2768,2925327,849,114,114,4,True,114
glv-j0-32,1,2769,7186796,8,114,114,4,False,114
glv-j0-32,1,2770,19152536,7,114,114,4,False,114
glv-j0-32,1,2771,23279860,105,78,88,2,False,78
glv-j0-32,1,2772,12338210,0,114,114,3,False,114
glv-j0-32,1,2773,15925562,0,78,88,2,False,78
glv-j0-32,1,2774,12251649,104,72,88,3,False,72
glv-j0-32,1,2775,14078258,8,88,88,3,False,88
glv-j0-32,1,2776,6903051,631,98,98,4,True,98
glv-j0-32,1,2777,6989836,742,88,114,4,True,114
glv-j0-32,1,2778,20044838,739,124,108,5,True,108
glv-j0-32,1,2779,10347347,1,78,94,2,False,78
glv-j0-32,1,2780,12999081,3,114,114,3,False,114
glv-j0-32,1,2781,3537513,13,124,124,3,False,124
glv-j0-32,1,2782,13886907,1023,98,124,4,False,98
glv-j0-32,1,2783,10938638,288,114,118,4,True,118
glv-j0-32,1,2784,18880268,876,98,88,4,False,98
glv-j0-32,1,2785,8711422,1023,98,104,4,False,98
glv-j0-32,1,2786,9533461,855,88,108,4,True,108
glv-j0-32,1,2787,5278405,0,124,140,5,False,124
glv-j0-32,1,2788,12412117,817,98,88,3,True,88
glv-j0-32,1,2789,10423666,210,114,108,4,True,108
glv-j0-32,1,2790,29281,104,88,88,3,False,88
glv-j0-32,1,2791,6605281,109,98,140,5,False,98
glv-j0-32,1,2792,3462739,106,78,94,2,False,78
glv-j0-32,1,2793,7627061,338,124,108,5,True,108
glv-j0-32,1,2794,5324779,105,114,120,3,False,114
glv-j0-32,1,2795,2895915,872,108,108,4,False,108
glv-j0-32,1,2796,16177980,0,114,114,3,False,114
glv-j0-32,1,2797,3837886,1023,124,124,4,False,124
glv-j0-32,1,2798,1061630,300,114,108,4,True,108
glv-j0-32,1,2799,8166159,115,98,98,3,False,98
glv-j0-32,1,2800,7251287,0,114,114,3,False,114
glv-j0-32,1,2801,18738745,361,124,114,4,True,114
glv-j0-32,1,2802,16000292,13,114,114,3,False,114
glv-j0-32,1,2803,22028216,3,114,114,4,False,114
glv-j0-32,1,2804,2889721,229,88,88,3,True,88
glv-j0-32,1,2805,18408216,866,114,108,4,True,108
glv-j0-32,1,2806,14477971,730,108,98,3,True,98
glv-j0-32,1,2807,6225208,193,114,108,4,True,108
glv-j0-32,1,2808,1982258,1023,98,124,4,False,98
glv-j0-32,1,2809,10522736,104,98,114,4,False,98
glv-j0-32,1,2810,13671235,8,88,114,3,False,88
glv-j0-32,1,2811,4937379,1023,124,130,5,False,124
glv-j0-32,1,2812,16684801,1023,98,98,4,False,98
glv-j0-32,1,2813,20548129,868,114,108,4,True,108
glv-j0-32,1,2814,3052822,115,98,108,4,False,98
glv-j0-32,1,2815,13826001,3,114,146,4,False,114
glv-j0-32,1,2816,19014264,13,114,114,3,False,114
glv-j0-32,1,2817,4239226,339,78,62,2,True,62
glv-j0-32,1,2818,10614195,95,82,98,2,False,82
glv-j0-32,1,2819,16753684,3,88,114,3,False,88
glv-j0-32,1,2820,22953295,287,114,88,3,True,88
glv-j0-32,1,2821,1316265,1,114,98,4,False,114
glv-j0-32,1,2822,6721917,95,114,124,4,False,114
glv-j0-32,1,2823,14344297,8,98,88,4,False,98
glv-j0-32,1,2824,6173511,9,114,120,3,False,114
glv-j0-32,1,2825,10134147,711,114,114,4,True,114
glv-j0-32,1,2826,9427836,104,88,88,2,False,88
glv-j0-32,1,2827,17939650,818,88,88,3,True,88
glv-j0-32,1,2828,6386800,1023,124,98,5,False,124
glv-j0-32,1,2829,15199104,0,114,114,4,False,114
glv-j0-32,1,2830,991910,829,88,88,3,True,88
glv-j0-32,1,2831,554633,878,98,98,4,True,98
glv-j0-32,1,2832,15257745,2,114,114,4,False,114
glv-j0-32,1,2833,10481204,3,114,140,4,False,114
glv-j0-32,1,2834,8482468,13,114,114,4,False,114
glv-j0-32,1,2835,2037725,118,118,118,4,True,118
glv-j0-32,1,2836,22694435,4,114,88,3,False,114
glv-j0-32,1,2837,16840664,0,114,114,4,False,114
glv-j0-32,1,2838,17154592,92,114,108,4,True,108
glv-j0-32,1,2839,10336929,115,108,108,4,False,108
glv-j0-32,1,2840,5334272,309,114,88,3,False,114
glv-j0-32,1,2841,12959387,860,124,140,5,True,140
glv-j0-32,1,2842,18941433,0,114,114,3,False,114
glv-j0-32,1,2843,1911330,828,114,108,4,True,108
glv-j0-32,1,2844,2433661,727,88,88,3,True,88
glv-j0-32,1,2845,3973877,693,114,114,4,True,114
glv-j0-32,1,2846,55377,234,124,114,4,False,124
glv-j0-32,1,2847,14728579,743,114,114,4,True,114
glv-j0-32,1,2848,15960105,337,114,98,4,True,98
glv-j0-32,1,2849,22332500,1023,88,98,3,False,88
glv-j0-32,1,2850,22223116,1,114,120,3,False,114
glv-j0-32,1,2851,10047021,224,114,114,4,False,114
glv-j0-32,1,2852,4218521,204,88,88,2,True,88
glv-j0-32,1,2853,14482667,1023,88,104,3,False,88
glv-j0-32,1,2854,23167477,821,114,108,4,True,108
glv-j0-32,1,2855,15426328,1023,88,98,3,False,88
glv-j0-32,1,2856,1518480,12,124,140,5,False,124
glv-j0-32,1,2857,7460612,2,114,146,4,False,114
glv-j0-32,1,2858,1254507,240,88,88,3,False,88
glv-j0-32,1,2859,22946683,603,114,88,3,True,88
glv-j0-32,1,2860,23475780,1023,72,72,3,False,72
glv-j0-32,1,2861,3370199,820,78,88,3,True,88
glv-j0-32,1,2862,7498472,247,88,88,2,False,88
glv-j0-32,1,2863,13723584,98,98,98,3,True,98
glv-j0-32,1,2864,23256846,1023,124,134,4,False,124
glv-j0-32,1,2865,3916978,7,124,140,4,False,124
glv-j0-32,1,2866,19499695,220,114,88,3,True,88
glv-j0-32,1,2867,14727277,713,124,140,5,True,140
glv-j0-32,1,2868,2530227,8,114,114,4,False,114
glv-j0-32,1,2869,6122467,612,114,88,3,True,88
glv-j0-32,1,2870,11377437,748,98,108,4,True,108
glv-j0-32,1,2871,20866607,13,114,114,3,False,114
glv-j0-32,1,2872,8141051,0,114,114,4,False,114
glv-j0-32,1,2873,6382679,8,114,120,3,False,114
glv-j0-32,1,2874,16464362,2,88,88,4,False,88
glv-j0-32,1,2875,13853694,220,98,88,3,True,88
glv-j0-32,1,2876,20252253,207,114,88,3,True,88
glv-j0-32,1,2877,13388292,836,114,114,4,True,114
glv-j0-32,1,2878,16191960,145,114,114,4,True,114
glv-j0-32,1,2879,13570420,7,114,140,4,False,114
glv-j0-32,1,2880,4636809,95,114,94,3,False,114
glv-j0-32,1,2881,1845525,242,108,118,5,False,108
glv-j0-32,1,2882,19152765,1023,98,98,4,False,98
glv-j0-32,1,2883,16812140,1023,72,72,4,False,72
glv-j0-32,1,2884,7407793,225,98,114,4,True,114
glv-j0-32,1,2885,8572762,185,114,88,3,True,88
glv-j0-32,1,2886,10021331,7,78,94,2,False,78
glv-j0-32,1,2887,23673714,174,98,118,4,True,118
glv-j0-32,1,2888,22058557,340,114,108,4,True,108
glv-j0-32,1,2889,6866611,112,108,108,4,False,108
glv-j0-32,1,2890,23065510,95,114,114,4,False,114
glv-j0-32,1,2891,2546139,1023,108,98,5,False,108
glv-j0-32,1,2892,15136538,3,114,120,3,False,114
glv-j0-32,1,2893,8256879,9,114,114,4,False,114
glv-j0-32,1,2894,23480581,1,124,114,5,False,124
glv-j0-32,1,2895,8039517,722,114,114,4,True,114
glv-j0-32,1,2896,5086201,8,114,88,3,False,114
glv-j0-32,1,2897,21973828,740,114,108,4,True,108
glv-j0-32,1,2898,964089,95,114,114,3,False,114
glv-j0-32,1,2899,13510481,95,124,114,5,False,124
glv-j0-32,1,2900,5714898,9,114,114,4,False,114
glv-j0-32,1,2901,810673,1,114,88,3,False,114
glv-j0-32,1,2902,17480311,0,124,114,5,False,124
glv-j0-32,1,2903,1409272,829,114,108,4,True,108
glv-j0-32,1,2904,15224553,8,114,130,3,False,114
glv-j0-32,1,2905,7199496,680,114,114,5,True,114
glv-j0-32,1,2906,23057721,175,114,114,4,False,114
glv-j0-32,1,2907,14118598,606,114,108,4,True,108
glv-j0-32,1,2908,19809892,1,114,120,3,False,114
glv-j0-32,1,2909,7656239,1023,98,98,4,False,98
glv-j0-32,1,2910,21483494,312,88,62,3,True,62
glv-j0-32,1,2911,21557267,169,114,98,3,True,98
glv-j0-32,1,2912,10520816,106,98,88,3,False,98
glv-j0-32,1,2913,16233478,9,98,140,5,False,98
glv-j0-32,1,2914,1469196,1,114,114,3,False,114
glv-j0-32,1,2915,18660859,364,124,88,4,False,124
glv-j0-32,1,2916,17155512,98,114,114,4,True,114
glv-j0-32,1,2917,15636611,2,88,88,3,False,88
glv-j0-32,1,2918,5998113,12,114,114,3,False,114
glv-j0-32,1,2919,14250221,95,98,88,4,False,98
glv-j0-32,1,2920,2053822,106,114,114,4,False,114
glv-j0-32,1,2921,2292143,1023,98,98,5,False,98
glv-j0-32,1,2922,22059316,348,114,108,4,True,108
glv-j0-32,1,2923,1239061,0,98,98,3,False,98
glv-j0-32,1,2924,17033966,118,98,108,4,True,108
glv-j0-32,1,2925,6637177,846,88,88,3,True,88
glv-j0-32,1,2926,14856316,739,124,134,5,True,134
glv-j0-32,1,2927,23577494,16,88,114,3,False,88
glv-j0-32,1,2928,16433901,3,114,88,3,False,114
glv-j0-32,1,2929,212578,726,114,108,4,True,108
glv-j0-32,1,2930,9689542,1023,98,98,4,False,98
glv-j0-32,1,2931,22998604,294,98,98,3,True,98
glv-j0-32,1,2932,20848332,346,98,88,4,False,98
glv-j0-32,1,2933,13058272,729,114,98,3,True,98
glv-j0-32,1,2934,12199477,104,114,88,4,False,114
glv-j0-32,1,2935,8242778,743,114,108,4,True,108
glv-j0-32,1,2936,10317043,3,78,88,2,False,78
glv-j0-32,1,2937,20933152,241,88,88,3,True,88
glv-j0-32,1,2938,2478707,329,114,88,3,True,88
glv-j0-32,1,2939,3558691,742,114,98,3,True,98
glv-j0-32,1,2940,20742897,298,114,118,4,True,118
glv-j0-32,1,2941,11084149,746,98,108,4,True,108
glv-j0-32,1,2942,2149017,1023,108,108,4,False,108
glv-j0-32,1,2943,16896641,855,88,88,3,True,88
glv-j0-32,1,2944,5102952,236,98,108,4,True,108
glv-j0-32,1,2945,22064969,245,98,108,4,False,98
glv-j0-32,1,2946,12623420,95,98,114,3,False,98
glv-j0-32,1,2947,11513612,705,88,88,3,True,88
glv-j0-32,1,2948,18611082,95,98,114,4,False,98
glv-j0-32,1,2949,9673747,622,62,62,2,False,62
glv-j0-32,1,2950,210623,105,98,98,3,False,98
glv-j0-32,1,2951,787672,101,114,108,4,True,108
glv-j0-32,1,2952,15866978,207,114,88,3,True,88
glv-j0-32,1,2953,22984223,346,78,88,2,False,78
glv-j0-32,1,2954,10546957,104,114,114,4,False,114
glv-j0-32,1,2955,10771659,7,98,114,4,False,98
glv-j0-32,1,2956,2771427,237,98,108,5,False,98
glv-j0-32,1,2957,9018924,3,114,114,4,False,114
glv-j0-32,1,2958,13640320,104,98,114,5,False,98
glv-j0-32,1,2959,19137455,1023,124,134,4,False,124
glv-j0-32,1,2960,23303070,843,124,98,3,True,98
glv-j0-32,1,2961,7684463,0,114,114,4,False,114
glv-j0-32,1,2962,23592159,373,98,98,3,False,98
glv-j0-32,1,2963,17545592,1023,98,124,5,False,98
glv-j0-32,1,2964,23716270,8,114,114,3,False,114
glv-j0-32,1,2965,7602950,95,124,146,4,False,124
glv-j0-32,1,2966,16928491,1023,98,98,4,False,98
glv-j0-32,1,2967,13737938,104,98,114,3,False,98
glv-j0-32,1,2968,3090799,104,150,140,5,False,150
glv-j0-32,1,2969,12604474,0,98,114,4,False,98
glv-j0-32,1,2970,15082286,7,114,114,4,False,114
glv-j0-32,1,2971,19082107,95,114,140,4,False,114
glv-j0-32,1,2972,21768572,887,98,98,4,False,98
glv-j0-32,1,2973,15390793,0,114,124,3,False,114
glv-j0-32,1,2974,16847562,12,114,114,3,False,114
glv-j0-32,1,2975,22944179,0,114,114,4,False,114
glv-j0-32,1,2976,14836729,328,98,108,4,True,108
glv-j0-32,1,2977,5148958,169,114,98,4,True,98
glv-j0-32,1,2978,10978900,0,114,114,4,False,114
glv-j0-32,1,2979,3177454,720,124,114,4,True,114
glv-j0-32,1,2980,12287833,104,98,98,3,False,98
glv-j0-32,1,2981,22899884,2,114,114,4,False,114
glv-j0-32,1,2982,8784111,707,114,88,4,True,88
glv-j0-32,1,2983,14368182,1023,98,98,3,False,98
glv-j0-32,1,2984,14826099,244,98,98,3,False,98
glv-j0-32,1,2985,23509611,4,114,146,4,False,114
glv-j0-32,1,2986,18448450,174,78,88,2,True,88
glv-j0-32,1,2987,17509942,1023,108,124,4,False,108
glv-j0-32,1,2988,4920455,1023,88,98,3,False,88
glv-j0-32,1,2989,18892805,827,114,114,4,True,114
glv-j0-32,1,2990,16714902,324,88,88,3,True,88
glv-j0-32,1,2991,20510741,241,98,114,4,True,114
glv-j0-32,1,2992,22557779,365,98,98,3,True,98
glv-j0-32,1,2993,10759111,699,88,88,3,True,88
glv-j0-32,1,2994,16089070,8,114,114,4,False,114
glv-j0-32,1,2995,4536674,95,114,114,3,False,114
glv-j0-32,1,2996,20095,95,114,140,4,False,114
glv-j0-32,1,2997,2736598,11,114,114,4,False,114
glv-j0-32,1,2998,3465956,99,124,114,4,True,114
glv-j0-32,1,2999,12338932,869,114,88,3,True,88
glv-j0-32,1,3000,16131084,321,98,118,4,False,98
glv-j0-32,1,3001,4582152,104,114,140,4,False,114
glv-j0-32,1,3002,4503736,104,114,114,4,False,114
glv-j0-32,1,3003,12956379,292,114,98,3,True,98
glv-j0-32,1,3004,5249461,1023,98,108,4,False,98
glv-j0-32,1,3005,21267957,0,114,114,4,False,114
glv-j0-32,1,3006,13138501,219,114,118,4,False,114
glv-j0-32,1,3007,21644562,7,88,88,4,False,88
glv-j0-32,1,3008,21792199,2,114,114,4,False,114
glv-j0-32,1,3009,16278901,191,114,114,4,True,114
glv-j0-32,1,3010,11482243,13,114,114,4,False,114
glv-j0-32,1,3011,23665579,1023,88,98,3,False,88
glv-j0-32,1,3012,10465518,16,98,114,4,False,98
glv-j0-32,1,3013,16708194,7,114,114,3,False,114
glv-j0-32,1,3014,4188398,243,62,62,2,True,62
glv-j0-32,1,3015,12967745,95,98,114,4,False,98
glv-j0-32,1,3016,21254836,180,114,114,4,True,114
glv-j0-32,1,3017,3145614,234,88,88,2,False,88
glv-j0-32,1,3018,13726028,217,114,88,4,True,88
glv-j0-32,1,3019,10925651,16,114,140,4,False,114
glv-j0-32,1,3020,23035876,3,88,114,3,False,88
glv-j0-32,1,3021,16878772,610,98,108,5,True,108
glv-j0-32,1,3022,16502325,237,98,108,4,False,98
glv-j0-32,1,3023,8516159,95,114,114,4,False,114
glv-j0-32,1,3024,9503752,108,98,98,4,False,98
glv-j0-32,1,3025,13304976,698,114,118,4,True,118
glv-j0-32,1,3026,21870402,12,114,114,4,False,114
glv-j0-32,1,3027,14035287,310,78,62,1,True,62
glv-j0-32,1,3028,400175,3,98,98,3,False,98
glv-j0-32,1,3029,17923424,626,98,98,4,False,98
glv-j0-32,1,3030,9222052,106,114,114,3,False,114
glv-j0-32,1,3031,13181896,885,98,114,4,False,98
glv-j0-32,1,3032,5961183,105,98,140,4,False,98
glv-j0-32,1,3033,18503098,681,114,114,4,True,114
glv-j0-32,1,3034,11891258,736,88,88,3,True,88
glv-j0-32,1,3035,22386468,3,114,140,4,False,114
glv-j0-32,1,3036,20025785,307,114,98,4,True,98
glv-j0-32,1,3037,12969773,216,114,88,3,True,88
glv-j0-32,1,3038,22892588,706,114,114,4,True,114
glv-j0-32,1,3039,11202583,13,114,88,3,False,114
glv-j0-32,1,3040,2070386,1023,124,98,3,False,124
glv-j0-32,1,3041,23467433,0,114,114,3,False,114
glv-j0-32,1,3042,21950853,3,124,114,5,False,124
glv-j0-32,1,3043,4915170,9,114,114,4,False,114
glv-j0-32,1,3044,21013823,626,88,88,3,False,88
glv-j0-32,1,3045,20439099,11,98,114,3,False,98
glv-j0-32,1,3046,15026544,888,88,88,2,False,88
glv-j0-32,1,3047,5322662,218,114,108,4,True,108
glv-j0-32,1,3048,21038724,9,114,114,4,False,114
glv-j0-32,1,3049,7882997,16,114,114,3,False,114
glv-j0-32,1,3050,3055303,713,114,114,4,True,114
glv-j0-32,1,3051,8482624,799,98,108,4,True,108
glv-j0-32,1,3052,4094255,1023,88,98,3,False,88
glv-j0-32,1,3053,3912078,2,78,94,2,False,78
glv-j0-32,1,3054,3775335,317,108,92,3,True,92
glv-j0-32,1,3055,13750583,0,98,146,4,False,98
glv-j0-32,1,3056,18503843,1023,98,98,4,False,98
glv-j0-32,1,3057,15266916,361,98,98,3,True,98
glv-j0-32,1,3058,7693913,101,88,88,3,True,88
glv-j0-32,1,3059,2329073,7,114,114,4,False,114
glv-j0-32,1,3060,21856727,8,108,108,5,False,108
glv-j0-32,1,3061,7157930,1023,98,98,3,False,98
glv-j0-32,1,3062,2816272,12,124,134,5,False,124
glv-j0-32,1,3063,17555868,827,114,98,3,True,98
glv-j0-32,1,3064,305179,311,88,88,3,True,88
glv-j0-32,1,3065,6745252,873,72,72,3,True,72
glv-j0-32,1,3066,9997700,364,88,88,3,False,88
glv-j0-32,1,3067,20464385,1023,118,98,5,False,118
glv-j0-32,1,3068,17423674,3,124,146,5,False,124
glv-j0-32,1,3069,23056830,175,114,88,3,False,114
glv-j0-32,1,3070,17355133,144,104,72,4,True,72
glv-j0-32,1,3071,7588376,1,114,114,4,False,114
glv-j0-32,1,3072,22409507,104,114,114,3,False,114
glv-j0-32,1,3073,6641071,3,108,114,4,False,108
glv-j0-32,1,3074,11492036,95,78,94,2,False,78
glv-j0-32,1,3075,11097155,888,98,108,4,False,98
glv-j0-32,1,3076,20321907,1023,98,98,4,False,98
glv-j0-32,1,3077,7563566,1,98,98,3,False,98
glv-j0-32,1,3078,2044350,198,88,88,3,True,88
glv-j0-32,1,3079,22431822,1023,88,98,3,False,88
glv-j0-32,1,3080,18184002,305,98,114,4,True,114
glv-j0-32,1,3081,8583710,115,98,114,4,False,98
glv-j0-32,1,3082,11393814,726,134,108,5,True,108
glv-j0-32,1,3083,21310503,878,88,88,3,True,88
glv-j0-32,1,3084,12146161,1023,98,98,4,False,98
glv-j0-32,1,3085,3139129,193,124,98,3,True,98
glv-j0-32,1,3086,21395616,212,114,114,4,True,114
glv-j0-32,1,3087,3202145,328,98,82,3,True,82
glv-j0-32,1,3088,3816949,335,114,98,3,True,98
glv-j0-32,1,3089,8240742,1023,98,98,4,False,98
glv-j0-32,1,3090,6107567,108,88,88,3,False,88
glv-j0-32,1,3091,23061278,248,98,98,4,True,98
glv-j0-32,1,3092,17556810,1,88,120,3,False,88
glv-j0-32,1,3093,1629331,8,114,114,4,False,114
glv-j0-32,1,3094,15651350,369,88,88,3,True,88
glv-j0-32,1,3095,6563394,1023,98,98,4,False,98
glv-j0-32,1,3096,21673038,156,108,92,3,True,92
glv-j0-32,1,3097,8289106,146,114,88,3,True,88
glv-j0-32,1,3098,10672859,873,88,88,3,True,88
glv-j0-32,1,3099,7973626,1023,124,98,4,False,124
glv-j0-32,1,3100,18943915,104,98,98,5,False,98
glv-j0-32,1,3101,8146335,102,114,114,4,True,114
glv-j0-32,1,3102,7266031,106,98,114,4,False,98
glv-j0-32,1,3103,7494186,104,114,146,4,False,114
glv-j0-32,1,3104,16286613,105,114,114,4,False,114
glv-j0-32,1,3105,5024394,1023,108,108,4,False,108
glv-j0-32,1,3106,1109114,104,114,120,3,False,114
glv-j0-32,1,3107,7463451,278,114,88,3,False,114
glv-j0-32,1,3108,7928491,3,88,114,3,False,88
glv-j0-32,1,3109,18476336,13,114,114,3,False,114
glv-j0-32,1,3110,23579141,16,114,114,3,False,114
glv-j0-32,1,3111,22548601,813,98,88,3,True,88
glv-j0-32,1,3112,7895582,1023,82,82,4,False,82
glv-j0-32,1,3113,18311811,8,114,114,4,False,114
glv-j0-32,1,3114,6045791,104,114,114,4,False,114
glv-j0-32,1,3115,17989087,2,114,114,4,False,114
glv-j0-32,1,3116,21733037,287,124,98,4,True,98
glv-j0-32,1,3117,14044903,11,114,114,4,False,114
glv-j0-32,1,3118,11114863,820,88,88,3,True,88
glv-j0-32,1,3119,3062720,349,114,118,4,True,118
glv-j0-32,1,3120,20919366,224,98,88,3,False,98
glv-j0-32,1,3121,13521688,609,88,72,3,True,72
glv-j0-32,1,3122,21877681,248,98,108,4,True,108
glv-j0-32,1,3123,3247685,3,88,114,4,False,88
glv-j0-32,1,3124,19954920,1023,82,82,3,False,82
glv-j0-32,1,3125,14963589,95,114,120,3,False,114
glv-j0-32,1,3126,17100265,2,78,94,2,False,78
glv-j0-32,1,3127,12521583,340,98,88,3,True,88
glv-j0-32,1,3128,9098436,1,134,114,4,False,134
glv-j0-32,1,3129,20168773,100,134,134,5,True,134
glv-j0-32,1,3130,1299414,115,118,118,4,False,118
glv-j0-32,1,3131,3414368,104,114,114,3,False,114
glv-j0-32,1,3132,11724208,245,88,88,3,False,88
glv-j0-32,1,3133,548583,0,114,114,4,False,114
glv-j0-32,1,3134,14311428,719,78,88,2,True,88
glv-j0-32,1,3135,14309402,713,114,88,3,True,88
glv-j0-32,1,3136,2517592,201,124,108,5,True,108
glv-j0-32,1,3137,22906776,13,124,114,5,False,124
glv-j0-32,1,3138,21839400,248,88,88,2,True,88
glv-j0-32,1,3139,21065594,104,114,114,4,False,114
glv-j0-32,1,3140,15782123,736,78,88,2,True,88
glv-j0-32,1,3141,14823352,878,88,88,3,True,88
glv-j0-32,1,3142,11002570,734,114,108,4,True,108
glv-j0-32,1,3143,7513834,1023,98,98,3,False,98
glv-j0-32,1,3144,14165041,1023,98,98,3,False,98
glv-j0-32,1,3145,8758576,618,124,114,4,True,114
glv-j0-32,1,3146,149644,8,124,114,5,False,124
glv-j0-32,1,3147,22768121,629,98,114,4,False,98
glv-j0-32,1,3148,10915779,95,134,114,5,False,134
glv-j0-32,1,3149,23705139,104,98,172,5,False,98
glv-j0-32,1,3150,14952894,1023,102,102,4,False,102
glv-j0-32,1,3151,23267614,732,114,98,4,True,98
glv-j0-32,1,3152,13567847,1023,124,130,4,False,124
glv-j0-32,1,3153,19297607,680,114,114,4,True,114
glv-j0-32,1,3154,2874814,7,114,114,4,False,114
glv-j0-32,1,3155,3786686,1023,108,124,5,False,108
glv-j0-32,1,3156,22642518,247,98,98,3,False,98
glv-j0-32,1,3157,16701481,104,78,68,1,False,78
glv-j0-32,1,3158,12174340,200,88,108,4,True,108
glv-j0-32,1,3159,114912,8,98,114,3,False,98
glv-j0-32,1,3160,5924745,7,114,114,4,False,114
glv-j0-32,1,3161,21008145,358,114,114,4,True,114
glv-j0-32,1,3162,21648415,0,114,114,4,False,114
glv-j0-32,1,3163,3721460,866,98,88,4,True,88
glv-j0-32,1,3164,14042063,104,114,114,3,False,114
glv-j0-32,1,3165,19762785,339,124,108,5,True,108
glv-j0-32,1,3166,6089953,105,124,114,5,False,124
glv-j0-32,1,3167,7511627,105,114,114,4,False,114
glv-j0-32,1,3168,12425670,185,114,98,3,True,98
glv-j0-32,1,3169,4897736,1023,98,98,3,False,98
glv-j0-32,1,3170,7637428,1,98,114,3,False,98
glv-j0-32,1,3171,451894,9,114,140,5,False,114
glv-j0-32,1,3172,17988065,105,114,114,4,False,114
glv-j0-32,1,3173,21119572,2,114,114,4,False,114
glv-j0-32,1,3174,21326180,823,114,108,4,True,108
glv-j0-32,1,3175,7028083,146,78,62,2,True,62
glv-j0-32,1,3176,16274013,4,98,88,3,False,98
glv-j0-32,1,3177,20481010,4,108,124,4,False,108
glv-j0-32,1,3178,11868116,106,98,98,3,False,98
glv-j0-32,1,3179,2647435,1023,98,98,4,False,98
glv-j0-32,1,3180,22922410,161,114,114,4,True,114
glv-j0-32,1,3181,13559833,1023,98,124,5,False,98
glv-j0-32,1,3182,229562,311,114,108,4,True,108
glv-j0-32,1,3183,3334723,248,98,118,4,True,118
glv-j0-32,1,3184,1223165,673,114,88,3,True,88
glv-j0-32,1,3185,1128400,95,114,114,4,False,114
glv-j0-32,1,3186,21129240,99,114,98,3,True,98
glv-j0-32,1,3187,8153952,1023,98,98,4,False,98
glv-j0-32,1,3188,20078513,224,114,98,3,False,114
glv-j0-32,1,3189,19599405,104,114,114,3,False,114
glv-j0-32,1,3190,13382064,747,72,72,2,True,72
glv-j0-32,1,3191,7478181,1023,88,108,3,False,88
glv-j0-32,1,3192,8034019,2,114,114,4,False,114
glv-j0-32,1,3193,20318809,2,114,114,4,False,114
glv-j0-32,1,3194,9560665,12,114,114,4,False,114
glv-j0-32,1,3195,18809662,13,114,114,3,False,114
glv-j0-32,1,3196,9830855,1023,108,98,4,False,108
glv-j0-32,1,3197,20348957,7,114,114,4,False,114
glv-j0-32,1,3198,2224616,1023,88,104,3,False,88
glv-j0-32,1,3199,6791394,342,88,88,4,True,88
glv-j0-32,1,3200,22400486,95,114,114,4,False,114
glv-j0-32,1,3201,15248383,7,98,98,4,False,98
glv-j0-32,1,3202,22343590,8,98,114,4,False,98
glv-j0-32,1,3203,23713761,2,114,114,4,False,114
glv-j0-32,1,3204,3639760,175,134,114,4,False,134
glv-j0-32,1,3205,1491625,807,88,88,2,True,88
glv-j0-32,1,3206,10164540,749,88,88,2,False,88
glv-j0-32,1,3207,20032135,9,98,146,4,False,98
glv-j0-32,1,3208,18373749,227,114,88,3,True,88
glv-j0-32,1,3209,6030095,1023,98,108,3,False,98
glv-j0-32,1,3210,6550948,7,114,114,3,False,114
glv-j0-32,1,3211,3356976,323,114,114,4,True,114
glv-j0-32,1,3212,8481470,1023,98,98,4,False,98
glv-j0-32,1,3213,7855942,851,88,88,3,True,88
glv-j0-32,1,3214,19164963,199,88,88,3,True,88
glv-j0-32,1,3215,6270148,720,114,108,4,True,108
glv-j0-32,1,3216,15226561,376,108,108,4,True,108
glv-j0-32,1,3217,16439200,4,114,114,3,False,114
glv-j0-32,1,3218,6876619,1,98,114,3,False,98
glv-j0-32,1,3219,1914837,371,82,82,4,False,82
glv-j0-32,1,3220,1368102,12,98,114,3,False,98
glv-j0-32,1,3221,22844559,860,114,88,3,True,88
glv-j0-32,1,3222,12400724,1023,108,108,4,False,108
glv-j0-32,1,3223,20091372,711,98,82,3,True,82
glv-j0-32,1,3224,7469988,104,88,88,3,False,88
glv-j0-32,1,3225,17475539,106,98,98,3,False,98
glv-j0-32,1,3226,6444270,620,98,108,4,False,98
glv-j0-32,1,3227,7378711,7,124,114,5,False,124
glv-j0-32,1,3228,1025194,0,124,114,5,False,124
glv-j0-32,1,3229,12230745,4,114,120,3,False,114
glv-j0-32,1,3230,85689,186,114,108,4,True,108
glv-j0-32,1,3231,17453306,104,98,114,4,False,98
glv-j0-32,1,3232,17981562,8,98,114,4,False,98
glv-j0-32,1,3233,18328424,96,114,114,4,True,114
glv-j0-32,1,3234,18509342,95,114,114,4,False,114
glv-j0-32,1,3235,11833996,369,118,118,4,True,118
glv-j0-32,1,3236,17477029,834,98,62,3,True,62
glv-j0-32,1,3237,16532813,370,98,108,4,False,98
glv-j0-32,1,3238,1627992,1023,98,98,4,False,98
glv-j0-32,1,3239,15333828,95,114,114,4,False,114
glv-j0-32,1,3240,239854,8,114,114,4,False,114
glv-j0-32,1,3241,20410466,823,78,88,2,True,88
glv-j0-32,1,3242,11196789,3,114,146,4,False,114
glv-j0-32,1,3243,3848620,105,114,114,3,False,114
glv-j0-32,1,3244,8299426,12,114,114,4,False,114
glv-j0-32,1,3245,11141948,11,98,114,4,False,98
glv-j0-32,1,3246,8163296,112,124,114,4,False,124
glv-j0-32,1,3247,16267095,8,114,114,3,False,114
glv-j0-32,1,3248,17053325,342,114,108,4,True,108
glv-j0-32,1,3249,19792219,3,114,140,4,False,114
glv-j0-32,1,3250,6442099,688,114,98,3,True,98
glv-j0-32,1,3251,3688574,731,88,88,3,True,88
glv-j0-32,1,3252,11840721,720,88,88,3,True,88
glv-j0-32,1,3253,13306973,221,98,108,5,True,108
glv-j0-32,1,3254,13816350,364,98,118,4,False,98
glv-j0-32,1,3255,602163,104,62,94,2,False,62
glv-j0-32,1,3256,10238747,13,114,114,3,False,114
glv-j0-32,1,3257,4573977,95,98,120,4,False,98
glv-j0-32,1,3258,15838992,806,98,82,3,True,82
glv-j0-32,1,3259,15559847,11,124,114,5,False,124
glv-j0-32,1,3260,21846138,1023,98,98,3,False,98
glv-j0-32,1,3261,4446108,355,114,108,4,True,108
glv-j0-32,1,3262,6286579,877,98,108,4,True,108
glv-j0-32,1,3263,20630391,722,114,114,4,True,114
glv-j0-32,1,3264,5435516,366,88,88,3,False,88
glv-j0-32,1,3265,9126238,113,98,114,5,False,98
glv-j0-32,1,3266,16645399,1023,98,98,4,False,98
glv-j0-32,1,3267,21742340,295,114,108,4,True,108
glv-j0-32,1,3268,22280399,7,88,120,3,False,88
glv-j0-32,1,3269,21161865,106,124,140,5,False,124
glv-j0-32,1,3270,16210412,105,114,114,4,False,114
glv-j0-32,1,3271,15372870,8,98,98,4,False,98
glv-j0-32,1,3272,16836789,245,98,108,4,False,98
glv-j0-32,1,3273,21949259,8,114,114,4,False,114
glv-j0-32,1,3274,20157308,1023,88,98,3,False,88
glv-j0-32,1,3275,15384253,2,114,88,4,False,114
glv-j0-32,1,3276,20190684,1023,124,124,5,False,124
glv-j0-32,1,3277,23470343,95,114,114,4,False,114
glv-j0-32,1,3278,6444728,625,98,108,4,False,98
glv-j0-32,1,3279,7990881,749,88,88,3,False,88
glv-j0-32,1,3280,1979648,333,88,108,4,True,108
glv-j0-32,1,3281,8795641,357,78,88,2,True,88
glv-j0-32,1,3282,8279406,1023,82,82,4,False,82
glv-j0-32,1,3283,13742122,1,114,114,4,False,114
glv-j0-32,1,3284,1526758,7,114,114,4,False,114
glv-j0-32,1,3285,1036921,623,98,114,4,False,98
glv-j0-32,1,3286,11280084,1023,98,98,4,False,98
glv-j0-32,1,3287,5225992,624,98,88,4,False,98
glv-j0-32,1,3288,6239801,615,114,88,3,True,88
glv-j0-32,1,3289,8223065,283,78,88,2,True,88
glv-j0-32,1,3290,1786645,830,114,98,4,True,98
glv-j0-32,1,3291,22231901,0,114,114,4,False,114
glv-j0-32,1,3292,15356469,867,124,108,5,False,124
glv-j0-32,1,3293,14523082,227,114,108,4,True,108
glv-j0-32,1,3294,19563590,104,88,114,3,False,88
glv-j0-32,1,3295,22093512,738,114,88,3,True,88
glv-j0-32,1,3296,22472293,1023,82,92,4,False,82
glv-j0-32,1,3297,18156403,830,114,114,4,True,114
glv-j0-32,1,3298,16185291,1,114,124,4,False,114
glv-j0-32,1,3299,12939868,352,114,88,3,True,88
glv-j0-32,1,3300,17142943,1023,88,72,3,False,88
glv-j0-32,1,3301,15855706,4,98,114,4,False,98
glv-j0-32,1,3302,19581458,95,98,114,4,False,98
glv-j0-32,1,3303,15710966,315,114,108,4,True,108
glv-j0-32,1,3304,7027431,95,88,124,3,False,88
glv-j0-32,1,3305,3610096,8,114,150,4,False,114
glv-j0-32,1,3306,19596079,218,124,108,5,True,108
glv-j0-32,1,3307,17918134,222,98,62,3,False,98
glv-j0-32,1,3308,16746747,311,114,114,4,True,114
glv-j0-32,1,3309,8917292,195,114,114,4,True,114
glv-j0-32,1,3310,3964376,847,98,88,3,True,88
glv-j0-32,1,3311,21652648,105,114,114,4,False,114
glv-j0-32,1,3312,624202,1023,88,72,3,False,88
glv-j0-32,1,3313,12273764,711,114,114,4,True,114
glv-j0-32,1,3314,13923156,813,98,114,4,True,114
glv-j0-32,1,3315,11616081,11,88,124,3,False,88
glv-j0-32,1,3316,22716849,9,98,88,4,False,98
glv-j0-32,1,3317,12421254,107,108,108,4,False,108
glv-j0-32,1,3318,11821658,4,114,114,4,False,114
glv-j0-32,1,3319,3847602,737,114,88,3,True,88
glv-j0-32,1,3320,12421883,174,114,108,4,True,108
glv-j0-32,1,3321,14462139,834,114,88,3,True,88
glv-j0-32,1,3322,17263363,286,114,114,4,True,114
glv-j0-32,1,3323,8555008,2,114,114,4,False,114
glv-j0-32,1,3324,14764711,813,98,108,4,True,108
glv-j0-32,1,3325,18380407,674,114,114,4,True,114
glv-j0-32,1,3326,11321283,7,124,114,5,False,124
glv-j0-32,1,3327,16971049,9,114,130,3,False,114
glv-j0-32,1,3328,16325550,737,88,88,3,True,88
glv-j0-32,1,3329,22461163,104,114,114,3,False,114
glv-j0-32,1,3330,17683378,2,114,114,4,False,114
glv-j0-32,1,3331,2360695,316,88,88,3,True,88
glv-j0-32,1,3332,10643698,1023,72,72,2,False,72
glv-j0-32,1,3333,23164931,95,114,114,3,False,114
glv-j0-32,1,3334,17704185,112,98,98,4,False,98
glv-j0-32,1,3335,16234237,145,124,114,5,True,114
glv-j0-32,1,3336,2958998,97,114,108,4,True,108
glv-j0-32,1,3337,1932712,358,88,88,4,True,88
glv-j0-32,1,3338,7465571,1023,108,124,4,False,108
glv-j0-32,1,3339,1321758,4,124,140,5,False,124
glv-j0-32,1,3340,14633218,4,114,114,4,False,114
glv-j0-32,1,3341,6229228,1023,118,98,4,False,118
glv-j0-32,1,3342,8827466,219,114,118,4,False,114
glv-j0-32,1,3343,21925235,16,114,114,3,False,114
glv-j0-32,1,3344,14056598,867,78,62,2,False,78
glv-j0-32,1,3345,6746126,722,124,108,3,True,108
glv-j0-32,1,3346,6866363,631,98,114,4,True,114
glv-j0-32,1,3347,2793201,0,124,134,5,False,124
glv-j0-32,1,3348,9555762,104,98,114,4,False,98
glv-j0-32,1,3349,21160144,865,114,108,4,True,108
glv-j0-32,1,3350,5236703,755,108,108,4,True,108
glv-j0-32,1,3351,23179594,862,114,88,3,True,88
glv-j0-32,1,3352,1957779,1023,98,98,4,False,98
glv-j0-32,1,3353,4385437,847,114,98,3,True,98
glv-j0-32,1,3354,8720559,278,124,114,5,False,124
glv-j0-32,1,3355,14501610,828,114,108,4,True,108
glv-j0-32,1,3356,11435722,294,114,114,4,True,114
glv-j0-32,1,3357,6937642,11,124,114,5,False,124
glv-j0-32,1,3358,20012172,218,78,62,2,True,62
glv-j0-32,1,3359,7948530,151,88,88,3,True,88
glv-j0-32,1,3360,1602250,1023,88,98,3,False,88
glv-j0-32,1,3361,959515,116,98,108,4,True,108
glv-j0-32,1,3362,1809297,614,114,108,4,True,108
glv-j0-32,1,3363,14384204,8,114,124,3,False,114
glv-j0-32,1,3364,4102453,887,124,114,4,False,124
glv-j0-32,1,3365,19364245,861,108,108,5,True,108
glv-j0-32,1,3366,14452720,105,98,114,4,False,98
glv-j0-32,1,3367,8861532,818,114,98,3,True,98
glv-j0-32,1,3368,9939810,105,88,104,2,False,88
glv-j0-32,1,3369,5306605,719,114,114,4,True,114
glv-j0-32,1,3370,4971485,8,88,120,3,False,88
glv-j0-32,1,3371,15721834,106,88,88,2,False,88
glv-j0-32,1,3372,15760456,0,114,120,3,False,114
glv-j0-32,1,3373,19288196,174,114,88,3,True,88
glv-j0-32,1,3374,11631958,876,98,114,4,False,98
glv-j0-32,1,3375,17201825,625,62,62,2,False,62
glv-j0-32,1,3376,4099968,110,88,88,3,False,88
glv-j0-32,1,3377,7997272,227,114,88,4,True,88
glv-j0-32,1,3378,11035206,1,114,114,3,False,114
glv-j0-32,1,3379,7490482,1023,108,124,4,False,108
glv-j0-32,1,3380,20227640,95,114,140,4,False,114
glv-j0-32,1,3381,23550498,239,98,114,4,False,98
glv-j0-32,1,3382,10023176,7,114,134,4,False,114
glv-j0-32,1,3383,1089212,885,98,114,4,False,98
glv-j0-32,1,3384,2000750,104,88,120,3,False,88
glv-j0-32,1,3385,10359480,4,88,88,4,False,88
glv-j0-32,1,3386,22673952,1023,98,124,4,False,98
glv-j0-32,1,3387,470520,7,78,78,1,False,78
glv-j0-32,1,3388,22432118,631,88,88,2,True,88
glv-j0-32,1,3389,14745350,2,114,114,4,False,114
glv-j0-32,1,3390,7044933,1023,98,98,4,False,98
glv-j0-32,1,3391,23076357,1,88,88,2,False,88
glv-j0-32,1,3392,9993689,95,98,114,4,False,98
glv-j0-32,1,3393,11469349,1023,88,98,3,False,88
glv-j0-32,1,3394,17671088,1,98,98,3,False,98
glv-j0-32,1,3395,23606247,629,88,88,3,False,88
glv-j0-32,1,3396,2022827,7,88,114,3,False,88
glv-j0-32,1,3397,3105568,716,98,108,4,True,108
glv-j0-32,1,3398,23340006,106,98,114,3,False,98
glv-j0-32,1,3399,10937381,9,124,172,5,False,124
glv-j0-32,1,3400,21797054,8,98,114,4,False,98
glv-j0-32,1,3401,16567517,1023,98,98,5,False,98
glv-j0-32,1,3402,2558215,1023,98,98,3,False,98
glv-j0-32,1,3403,13030103,283,108,108,4,True,108
glv-j0-32,1,3404,2114315,3,88,114,3,False,88
glv-j0-32,1,3405,15731951,224,88,88,3,False,88
glv-j0-32,1,3406,2608548,1023,98,104,3,False,98
glv-j0-32,1,3407,23699544,105,88,104,2,False,88
glv-j0-32,1,3408,18740372,369,98,108,4,True,108
glv-j0-32,1,3409,12850544,231,114,114,4,True,114
glv-j0-32,1,3410,10797954,187,114,108,4,True,108
glv-j0-32,1,3411,18141500,95,114,114,4,False,114
glv-j0-32,1,3412,17967641,16,88,88,4,False,88
glv-j0-32,1,3413,7772683,3,114,114,4,False,114
glv-j0-32,1,3414,14782201,0,88,88,3,False,88
glv-j0-32,1,3415,128878,370,98,98,4,False,98
glv-j0-32,1,3416,6331036,7,114,114,3,False,114
glv-j0-32,1,3417,11400553,106,114,114,4,False,114
glv-j0-32,1,3418,6175352,4,98,114,4,False,98
glv-j0-32,1,3419,38657,627,108,108,4,True,108
glv-j0-32,1,3420,15986659,228,114,108,4,True,108
glv-j0-32,1,3421,12699432,95,114,124,4,False,114
glv-j0-32,1,3422,8955766,680,114,88,3,True,88
glv-j0-32,1,3423,22710704,95,114,140,5,False,114
glv-j0-32,1,3424,10160221,199,114,88,4,True,88
glv-j0-32,1,3425,18718434,1023,98,98,4,False,98
glv-j0-32,1,3426,3184680,355,124,140,5,True,140
glv-j0-32,1,3427,18260463,1023,88,104,3,False,88
glv-j0-32,1,3428,19352007,95,98,114,4,False,98
glv-j0-32,1,3429,9527156,3,114,130,3,False,114
glv-j0-32,1,3430,11894491,875,98,108,4,True,108
glv-j0-32,1,3431,21799243,0,114,114,4,False,114
glv-j0-32,1,3432,16658411,1023,88,98,3,False,88
glv-j0-32,1,3433,18711901,346,114,108,4,False,114
glv-j0-32,1,3434,22973309,755,98,108,4,True,108
glv-j0-32,1,3435,14097672,204,114,98,4,True,98
glv-j0-32,1,3436,7966578,11,114,114,4,False,114
glv-j0-32,1,3437,2875429,7,98,114,4,False,98
glv-j0-32,1,3438,2575463,3,114,124,4,False,114
glv-j0-32,1,3439,18215042,234,88,88,3,False,88
glv-j0-32,1,3440,6901997,740,124,98,5,True,98
glv-j0-32,1,3441,10645972,1023,98,118,4,False,98
glv-j0-32,1,3442,3149754,887,98,114,4,False,98
glv-j0-32,1,3443,4653116,7,114,114,4,False,114
glv-j0-32,1,3444,18400260,95,124,114,5,False,124
glv-j0-32,1,3445,16820631,712,114,108,4,True,108
glv-j0-32,1,3446,14698675,703,114,114,4,True,114
glv-j0-32,1,3447,2930224,674,98,108,4,True,108
glv-j0-32,1,3448,10717695,737,114,88,3,True,88
glv-j0-32,1,3449,6270324,224,98,108,4,False,98
glv-j0-32,1,3450,19559566,1023,98,98,4,False,98
glv-j0-32,1,3451,10285438,13,108,124,4,False,108
glv-j0-32,1,3452,12415119,1023,98,124,5,False,98
glv-j0-32,1,3453,14612100,699,114,108,4,True,108
glv-j0-32,1,3454,16772084,98,88,88,4,True,88
glv-j0-32,1,3455,18431448,3,114,114,4,False,114
glv-j0-32,1,3456,9346093,301,114,88,3,False,114
glv-j0-32,1,3457,2582742,857,114,108,4,False,114
glv-j0-32,1,3458,7157454,687,114,98,3,True,98
glv-j0-32,1,3459,6836655,344,98,82,4,True,82
glv-j0-32,1,3460,5005870,818,78,88,2,True,88
glv-j0-32,1,3461,13399791,105,114,140,4,False,114
glv-j0-32,1,3462,1492855,3,88,114,3,False,88
glv-j0-32,1,3463,12283772,846,114,108,4,True,108
glv-j0-32,1,3464,12642371,16,114,114,4,False,114
glv-j0-32,1,3465,14420157,8,108,114,3,False,108
glv-j0-32,1,3466,13821259,8,98,114,4,False,98
glv-j0-32,1,3467,11385662,609,114,98,4,True,98
glv-j0-32,1,3468,6499545,1023,88,98,3,False,88
glv-j0-32,1,3469,19865316,3,98,134,5,False,98
glv-j0-32,1,3470,11516580,104,108,114,5,False,108
glv-j0-32,1,3471,12747672,0,98,114,4,False,98
glv-j0-32,1,3472,19411544,106,114,114,3,False,114
glv-j0-32,1,3473,9917544,119,98,114,4,True,114
glv-j0-32,1,3474,8445978,366,124,114,4,False,124
glv-j0-32,1,3475,7077775,657,88,72,3,True,72
glv-j0-32,1,3476,17620227,181,88,72,3,True,72
glv-j0-32,1,3477,2195324,1,88,88,3,False,88
glv-j0-32,1,3478,16070680,741,88,88,3,True,88
glv-j0-32,1,3479,22662733,1023,82,82,4,False,82
glv-j0-32,1,3480,2625745,3,114,124,4,False,114
glv-j0-32,1,3481,16556107,1023,98,98,3,False,98
glv-j0-32,1,3482,5219467,0,114,114,4,False,114
glv-j0-32,1,3483,12525531,337,114,108,4,True,108
glv-j0-32,1,3484,2884130,95,114,114,3,False,114
glv-j0-32,1,3485,17500357,358,98,118,4,True,118
glv-j0-32,1,3486,2876598,103,114,88,3,True,88
glv-j0-32,1,3487,339703,718,114,88,3,True,88
glv-j0-32,1,3488,20898083,309,114,88,3,False,114
glv-j0-32,1,3489,5902162,674,124,108,5,True,108
glv-j0-32,1,3490,6923110,12,124,140,5,False,124
glv-j0-32,1,3491,23517364,118,98,108,4,True,108
glv-j0-32,1,3492,22878885,104,98,114,5,False,98
glv-j0-32,1,3493,13166076,104,114,114,3,False,114
glv-j0-32,1,3494,3450106,3,114,114,3,False,114
glv-j0-32,1,3495,21453306,1023,72,72,3,False,72
glv-j0-32,1,3496,20261500,0,114,140,4,False,114
glv-j0-32,1,3497,5267387,368,88,88,3,False,88
glv-j0-32,1,3498,11491568,95,78,94,2,False,78
glv-j0-32,1,3499,15845234,810,114,88,3,True,88
glv-j0-32,1,3500,1904188,316,114,114,4,True,114
glv-j0-32,1,3501,8306380,16,114,114,4,False,114
glv-j0-32,1,3502,18305861,104,98,140,4,False,98
glv-j0-32,1,3503,14190312,240,108,108,4,False,108
glv-j0-32,1,3504,22078089,7,114,114,3,False,114
glv-j0-32,1,3505,16543404,1023,118,98,4,False,118
glv-j0-32,1,3506,11750393,8,114,88,4,False,114
glv-j0-32,1,3507,9265467,105,114,114,4,False,114
glv-j0-32,1,3508,19360322,798,114,88,3,True,88
glv-j0-32,1,3509,12240949,0,124,140,5,False,124
glv-j0-32,1,3510,18180877,4,114,114,3,False,114
glv-j0-32,1,3511,13371842,106,124,140,4,False,124
glv-j0-32,1,3512,4644994,217,114,88,3,True,88
glv-j0-32,1,3513,2012822,243,88,88,2,True,88
glv-j0-32,1,3514,6946134,104,98,114,4,False,98
glv-j0-32,1,3515,16721965,810,88,88,3,True,88
glv-j0-32,1,3516,9437721,0,108,124,4,False,108
glv-j0-32,1,3517,14508472,1,124,134,5,False,124
glv-j0-32,1,3518,9331765,97,114,98,4,True,98
glv-j0-32,1,3519,20848479,603,114,88,4,True,88
glv-j0-32,1,3520,2176705,740,114,108,4,True,108
glv-j0-32,1,3521,22096595,361,98,114,4,True,114
glv-j0-32,1,3522,2645909,8,72,88,3,False,72
glv-j0-32,1,3523,19745555,754,72,72,2,False,72
glv-j0-32,1,3524,13154321,106,98,114,4,False,98
glv-j0-32,1,3525,2836126,870,108,108,4,True,108
glv-j0-32,1,3526,10676101,658,114,114,4,True,114
glv-j0-32,1,3527,18498913,888,62,62,2,False,62
glv-j0-32,1,3528,2499486,2,98,114,3,False,98
glv-j0-32,1,3529,8179309,104,114,114,3,False,114
glv-j0-32,1,3530,23469722,95,98,114,3,False,98
glv-j0-32,1,3531,5300007,4,114,114,4,False,114
glv-j0-32,1,3532,598261,309,124,108,5,False,124
glv-j0-32,1,3533,23669389,0,114,114,4,False,114
glv-j0-32,1,3534,13427286,681,114,108,4,True,108
glv-j0-32,1,3535,11143261,9,114,114,3,False,114
glv-j0-32,1,3536,4033632,104,98,114,4,False,98
glv-j0-32,1,3537,4214265,3,114,114,4,False,114
glv-j0-32,1,3538,16218435,840,114,88,4,True,88
glv-j0-32,1,3539,17998180,243,88,88,3,True,88
glv-j0-32,1,3540,21047867,1023,98,98,4,False,98
glv-j0-32,1,3541,6069070,108,124,114,4,False,124
glv-j0-32,1,3542,6509996,12,124,140,5,False,124
glv-j0-32,1,3543,8339618,622,88,88,3,False,88
glv-j0-32,1,3544,1827477,2,88,140,4,False,88
glv-j0-32,1,3545,5708783,308,88,88,3,True,88
glv-j0-32,1,3546,983968,106,114,114,3,False,114
glv-j0-32,1,3547,772386,13,124,140,5,False,124
glv-j0-32,1,3548,20985300,323,114,98,3,True,98
glv-j0-32,1,3549,1605237,3,114,108,4,False,114
glv-j0-32,1,3550,3101374,1023,88,108,3,False,88
glv-j0-32,1,3551,4268734,181,88,62,3,True,62
glv-j0-32,1,3552,22819122,104,98,114,4,False,98
glv-j0-32,1,3553,4062328,622,98,140,5,False,98
glv-j0-32,1,3554,17992201,754,98,98,3,False,98
glv-j0-32,1,3555,15457918,0,124,140,5,False,124
glv-j0-32,1,3556,5368520,7,114,114,4,False,114
glv-j0-32,1,3557,22682864,884,108,134,5,False,108
glv-j0-32,1,3558,7654843,632,108,108,5,True,108
glv-j0-32,1,3559,11585241,1023,88,72,3,False,88
glv-j0-32,1,3560,2515970,872,88,88,3,False,88
glv-j0-32,1,3561,15260190,1023,88,72,3,False,88
glv-j0-32,1,3562,12200360,3,114,146,4,False,114
glv-j0-32,1,3563,21850689,229,114,114,4,True,114
glv-j0-32,1,3564,17371213,604,114,108,4,True,108
glv-j0-32,1,3565,3518866,361,108,108,4,True,108
glv-j0-32,1,3566,19533616,1023,88,72,3,False,88
glv-j0-32,1,3567,5884016,95,88,88,2,False,88
glv-j0-32,1,3568,1382852,109,88,88,3,False,88
glv-j0-32,1,3569,13272178,201,114,108,4,True,108
glv-j0-32,1,3570,2864010,104,98,114,4,False,98
glv-j0-32,1,3571,1145966,16,114,114,3,False,114
glv-j0-32,1,3572,2416216,734,114,108,4,True,108
glv-j0-32,1,3573,4479436,716,114,98,4,True,98
glv-j0-32,1,3574,1930205,105,114,140,4,False,114
glv-j0-32,1,3575,22770379,231,114,98,4,True,98
glv-j0-32,1,3576,8931329,104,114,114,4,False,114
glv-j0-32,1,3577,20623034,95,98,98,4,False,98
glv-j0-32,1,3578,583917,1023,124,98,4,False,124
glv-j0-32,1,3579,19036661,740,114,108,4,True,108
glv-j0-32,1,3580,4630019,13,114,124,3,False,114
glv-j0-32,1,3581,6326464,680,114,98,3,True,98
glv-j0-32,1,3582,14857400,1023,124,150,5,False,124
glv-j0-32,1,3583,22419364,849,114,88,3,True,88
glv-j0-32,1,3584,15237410,104,114,114,3,False,114
glv-j0-32,1,3585,18109309,8,98,88,4,False,98
glv-j0-32,1,3586,11718297,156,114,114,4,True,114
glv-j0-32,1,3587,18631101,1023,98,72,4,False,98
glv-j0-32,1,3588,13786334,1023,124,124,4,False,124
glv-j0-32,1,3589,4532566,295,124,140,5,True,140
glv-j0-32,1,3590,15327922,11,114,114,4,False,114
glv-j0-32,1,3591,136777,247,88,88,3,False,88
glv-j0-32,1,3592,20460398,1023,88,104,3,False,88
glv-j0-32,1,3593,18312452,1023,98,124,4,False,98
glv-j0-32,1,3594,1847897,619,62,62,3,True,62
glv-j0-32,1,3595,1952943,811,98,114,4,True,114
glv-j0-32,1,3596,10339761,624,88,88,3,False,88
glv-j0-32,1,3597,17263314,223,124,114,4,False,124
glv-j0-32,1,3598,1255652,95,98,98,4,False,98
glv-j0-32,1,3599,19828488,837,98,108,4,True,108
glv-j0-32,1,3600,4011139,162,134,108,5,False,134
glv-j0-32,1,3601,2854576,873,88,88,3,True,88
glv-j0-32,1,3602,20113143,95,88,88,3,False,88
glv-j0-32,1,3603,20066982,307,134,108,5,True,108
glv-j0-32,1,3604,13923276,7,114,114,4,False,114
glv-j0-32,1,3605,138843,8,114,114,3,False,114
glv-j0-32,1,3606,15973803,3,134,114,5,False,134
glv-j0-32,1,3607,14749132,1023,98,98,4,False,98
glv-j0-32,1,3608,263794,105,114,114,4,False,114
glv-j0-32,1,3609,16368563,728,114,98,3,True,98
glv-j0-32,1,3610,6385842,7,114,150,4,False,114
glv-j0-32,1,3611,6898964,99,114,98,3,True,98
glv-j0-32,1,3612,6199525,885,98,98,4,False,98
glv-j0-32,1,3613,9486117,757,124,114,4,True,114
glv-j0-32,1,3614,17259065,104,114,120,3,False,114
glv-j0-32,1,3615,11517448,95,98,114,4,False,98
glv-j0-32,1,3616,14566656,111,98,114,4,False,98
glv-j0-32,1,3617,1288527,837,88,88,3,True,88
glv-j0-32,1,3618,17824343,215,88,88,3,True,88
glv-j0-32,1,3619,21325365,1023,72,88,3,False,72
glv-j0-32,1,3620,3972117,104,98,114,3,False,98
glv-j0-32,1,3621,19602665,306,98,114,4,True,114
glv-j0-32,1,3622,6235274,104,98,114,4,False,98
glv-j0-32,1,3623,19407605,747,124,108,4,True,108
glv-j0-32,1,3624,14181668,1023,98,114,3,False,98
glv-j0-32,1,3625,18051430,104,114,150,4,False,114
glv-j0-32,1,3626,9519679,95,114,114,3,False,114
glv-j0-32,1,3627,16917434,354,88,88,3,True,88
glv-j0-32,1,3628,23249750,0,114,114,3,False,114
glv-j0-32,1,3629,22176515,1023,108,98,4,False,108
glv-j0-32,1,3630,3627374,104,98,114,4,False,98
glv-j0-32,1,3631,11885766,630,98,114,4,False,98
glv-j0-32,1,3632,11142537,106,114,114,3,False,114
glv-j0-32,1,3633,6724653,95,88,114,3,False,88
glv-j0-32,1,3634,16565799,623,98,108,4,False,98
glv-j0-32,1,3635,11416527,8,124,114,5,False,124
glv-j0-32,1,3636,11381664,219,88,88,3,False,88
glv-j0-32,1,3637,6668127,104,114,88,4,False,114
glv-j0-32,1,3638,23140728,1,114,114,4,False,114
glv-j0-32,1,3639,14153890,311,114,114,4,True,114
glv-j0-32,1,3640,15693212,219,88,88,3,False,88
glv-j0-32,1,3641,6856133,1023,88,82,3,False,88
glv-j0-32,1,3642,20837829,215,88,88,3,True,88
glv-j0-32,1,3643,15016672,754,124,114,4,False,124
glv-j0-32,1,3644,18036689,658,114,88,4,True,88
glv-j0-32,1,3645,12578940,7,124,124,3,False,124
glv-j0-32,1,3646,4695765,606,98,88,3,True,88
glv-j0-32,1,3647,19461156,719,88,88,3,True,88
glv-j0-32,1,3648,15815881,174,114,108,4,True,108
glv-j0-32,1,3649,2976872,728,114,88,3,True,88
glv-j0-32,1,3650,20800842,117,108,108,4,False,108
glv-j0-32,1,3651,23611380,95,98,114,4,False,98
glv-j0-32,1,3652,4332,116,98,108,4,True,108
glv-j0-32,1,3653,22299150,2,114,114,4,False,114
glv-j0-32,1,3654,9715629,1023,72,72,3,False,72
glv-j0-32,1,3655,14597551,1023,98,130,4,False,98
glv-j0-32,1,3656,10912589,7,114,114,3,False,114
glv-j0-32,1,3657,21898289,1023,98,82,4,False,98
glv-j0-32,1,3658,23649810,231,88,88,3,True,88
glv-j0-32,1,3659,17528935,749,88,88,2,False,88
glv-j0-32,1,3660,8936019,800,114,98,4,True,98
glv-j0-32,1,3661,17339286,104,114,140,3,False,114
glv-j0-32,1,3662,5087891,820,88,88,3,True,88
glv-j0-32,1,3663,694795,95,78,94,2,False,78
glv-j0-32,1,3664,18952516,0,114,114,4,False,114
glv-j0-32,1,3665,14093783,145,88,88,3,True,88
glv-j0-32,1,3666,9803301,1023,98,88,3,False,98
glv-j0-32,1,3667,673675,663,78,88,2,True,88
glv-j0-32,1,3668,13564307,4,88,88,3,False,88
glv-j0-32,1,3669,10541269,224,88,88,3,False,88
glv-j0-32,1,3670,16277468,95,124,140,5,False,124
glv-j0-32,1,3671,20680892,673,114,118,4,True,118
glv-j0-32,1,3672,8795639,622,88,88,2,False,88
glv-j0-32,1,3673,23429938,95,124,140,5,False,124
glv-j0-32,1,3674,7059083,8,114,98,4,False,114
glv-j0-32,1,3675,19052995,710,114,108,4,True,108
glv-j0-32,1,3676,1179039,105,114,114,4,False,114
glv-j0-32,1,3677,22695652,95,98,88,4,False,98
glv-j0-32,1,3678,4614556,7,114,114,3,False,114
glv-j0-32,1,3679,21610229,104,114,114,4,False,114
glv-j0-32,1,3680,21314704,1023,118,130,4,False,118
glv-j0-32,1,3681,23464635,829,114,108,4,True,108
glv-j0-32,1,3682,21808602,687,114,88,3,True,88
glv-j0-32,1,3683,7646084,103,98,118,4,True,118
glv-j0-32,1,3684,7207487,874,98,98,4,False,98
glv-j0-32,1,3685,13417749,278,114,118,4,False,114
glv-j0-32,1,3686,122547,724,78,62,2,True,62
glv-j0-32,1,3687,21335437,1023,98,82,5,False,98
glv-j0-32,1,3688,8951046,862,114,108,5,True,108
glv-j0-32,1,3689,12410045,790,114,98,4,True,98
glv-j0-32,1,3690,13797551,8,114,114,4,False,114
glv-j0-32,1,3691,11022332,1,114,88,4,False,114
glv-j0-32,1,3692,22131768,743,114,114,4,True,114
glv-j0-32,1,3693,19475110,716,114,118,4,True,118
glv-j0-32,1,3694,22750032,7,88,140,4,False,88
glv-j0-32,1,3695,19080495,376,124,114,4,True,114
glv-j0-32,1,3696,482448,8,114,114,4,False,114
glv-j0-32,1,3697,5020224,866,114,114,4,True,114
glv-j0-32,1,3698,9324849,756,88,88,3,True,88
glv-j0-32,1,3699,18939362,3,78,88,2,False,78
glv-j0-32,1,3700,15215013,299,114,114,4,True,114
glv-j0-32,1,3701,15865126,95,114,114,4,False,114
glv-j0-32,1,3702,13427504,699,114,98,4,True,98
glv-j0-32,1,3703,20792239,1023,124,98,4,False,124
glv-j0-32,1,3704,4179043,102,88,114,4,True,114
glv-j0-32,1,3705,4286331,798,124,140,5,True,140
glv-j0-32,1,3706,10694796,1023,62,78,2,False,62
glv-j0-32,1,3707,20020826,104,72,88,3,False,72
glv-j0-32,1,3708,17817875,841,114,88,3,True,88
glv-j0-32,1,3709,20945217,7,114,114,4,False,114
glv-j0-32,1,3710,2142841,348,114,114,4,True,114
glv-j0-32,1,3711,10065738,3,98,114,3,False,98
glv-j0-32,1,3712,17788885,741,114,98,3,True,98
glv-j0-32,1,3713,11143646,656,98,88,3,True,88
glv-j0-32,1,3714,3142862,609,114,98,3,True,98
glv-j0-32,1,3715,16706737,737,114,108,4,True,108
glv-j0-32,1,3716,9020929,11,88,114,3,False,88
glv-j0-32,1,3717,11856141,315,114,108,4,True,108
glv-j0-32,1,3718,11856652,104,114,114,4,False,114
glv-j0-32,1,3719,18107262,1023,88,98,3,False,88
glv-j0-32,1,3720,1011486,615,98,108,4,True,108
glv-j0-32,1,3721,21660175,293,98,108,5,True,108
glv-j0-32,1,3722,22169792,104,98,114,4,False,98
glv-j0-32,1,3723,2404097,8,114,114,4,False,114
glv-j0-32,1,3724,16979965,841,124,134,5,True,134
glv-j0-32,1,3725,23693023,169,114,88,3,True,88
glv-j0-32,1,3726,14193566,228,114,114,4,True,114
glv-j0-32,1,3727,20223143,673,98,88,3,True,88
glv-j0-32,1,3728,11713393,879,124,114,5,False,124
glv-j0-32,1,3729,19434958,11,114,124,4,False,114
glv-j0-32,1,3730,20955103,95,114,130,3,False,114
glv-j0-32,1,3731,5635051,293,114,108,4,True,108
glv-j0-32,1,3732,293649,877,98,134,5,True,134
glv-j0-32,1,3733,9995927,813,114,114,4,True,114
glv-j0-32,1,3734,1842670,1023,124,98,4,False,124
glv-j0-32,1,3735,19197272,104,124,114,5,False,124
glv-j0-32,1,3736,6647877,1023,124,124,4,False,124
glv-j0-32,1,3737,2929332,104,114,88,4,False,114
glv-j0-32,1,3738,9881551,1023,124,108,4,False,124
glv-j0-32,1,3739,17077343,687,124,88,3,True,88
glv-j0-32,1,3740,20836350,168,114,118,4,True,118
glv-j0-32,1,3741,14355656,707,98,98,3,True,98
glv-j0-32,1,3742,5295830,315,114,98,3,True,98
glv-j0-32,1,3743,2865845,827,124,134,5,True,134
glv-j0-32,1,3744,13369904,104,98,140,4,False,98
glv-j0-32,1,3745,10091231,12,98,114,4,False,98
glv-j0-32,1,3746,5766701,807,114,114,4,True,114
glv-j0-32,1,3747,369572,13,114,120,3,False,114
glv-j0-32,1,3748,11789297,1023,88,98,3,False,88
glv-j0-32,1,3749,252494,241,88,88,3,True,88
glv-j0-32,1,3750,14752644,7,114,98,3,False,114
glv-j0-32,1,3751,23165867,95,114,88,3,False,114
glv-j0-32,1,3752,11318287,1023,72,72,2,False,72
glv-j0-32,1,3753,11317384,1023,88,72,3,False,88
glv-j0-32,1,3754,15257780,13,114,130,3,False,114
glv-j0-32,1,3755,16148737,370,98,114,4,False,98
glv-j0-32,1,3756,20163202,2,114,114,3,False,114
glv-j0-32,1,3757,17693779,856,98,62,3,True,62
glv-j0-32,1,3758,12831968,1023,88,104,3,False,88
glv-j0-32,1,3759,23566396,241,108,114,4,True,114
glv-j0-32,1,3760,17127105,231,114,98,4,True,98
glv-j0-32,1,3761,15391338,96,114,88,4,True,88
glv-j0-32,1,3762,359767,9,108,88,4,False,108
glv-j0-32,1,3763,20657760,809,114,88,3,True,88
glv-j0-32,1,3764,11003930,96,88,72,4,True,72
glv-j0-32,1,3765,10746324,8,78,88,2,False,78
glv-j0-32,1,3766,3456488,4,114,114,3,False,114
glv-j0-32,1,3767,9471340,2,114,114,3,False,114
glv-j0-32,1,3768,17656757,3,114,114,4,False,114
glv-j0-32,1,3769,9149951,859,114,88,3,False,114
glv-j0-32,1,3770,5736880,205,114,118,4,True,118
glv-j0-32,1,3771,7151217,756,88,88,1,True,88
glv-j0-32,1,3772,11738758,16,114,88,3,False,114
glv-j0-32,1,3773,17167940,301,114,108,4,False,114
glv-j0-32,1,3774,3391430,226,78,62,2,True,62
glv-j0-32,1,3775,13479627,1023,98,82,4,False,98
glv-j0-32,1,3776,5889343,8,114,150,4,False,114
glv-j0-32,1,3777,17370816,1023,98,98,4,False,98
glv-j0-32,1,3778,16957596,686,114,108,4,True,108
glv-j0-32,1,3779,10164764,118,88,88,2,True,88
glv-j0-32,1,3780,8314198,1,114,140,4,False,114
glv-j0-32,1,3781,15519980,747,88,88,3,True,88
glv-j0-32,1,3782,17963888,295,124,114,4,True,114
glv-j0-32,1,3783,20551447,736,114,114,4,True,114
glv-j0-32,1,3784,3135001,168,98,114,4,True,114
glv-j0-32,1,3785,13721385,8,114,88,4,False,114
glv-j0-32,1,3786,16102938,835,124,114,5,True,114
glv-j0-32,1,3787,3973901,176,114,114,4,True,114
glv-j0-32,1,3788,4146216,736,114,88,4,True,88
glv-j0-32,1,3789,16969105,9,88,120,3,False,88
glv-j0-32,1,3790,13220112,95,98,114,4,False,98
glv-j0-32,1,3791,17788880,707,114,98,3,True,98
glv-j0-32,1,3792,19758520,95,114,88,3,False,114
glv-j0-32,1,3793,22289786,2,98,114,4,False,98
glv-j0-32,1,3794,15929686,3,124,134,5,False,124
glv-j0-32,1,3795,20385447,349,114,108,4,True,108
glv-j0-32,1,3796,4561540,208,134,140,5,True,140
glv-j0-32,1,3797,1197800,7,114,114,4,False,114
glv-j0-32,1,3798,19989680,16,108,88,3,False,108
glv-j0-32,1,3799,22723713,227,114,114,4,True,114
glv-j0-32,1,3800,3184067,3,114,114,4,False,114
glv-j0-32,1,3801,10100303,315,108,88,3,True,88
glv-j0-32,1,3802,7649219,1,114,114,4,False,114
glv-j0-32,1,3803,4405972,3,114,114,3,False,114
glv-j0-32,1,3804,8844182,1,124,114,4,False,124
glv-j0-32,1,3805,11243706,0,124,140,3,False,124
glv-j0-32,1,3806,5768075,117,88,88,3,False,88
glv-j0-32,1,3807,20550119,1023,88,98,3,False,88
glv-j0-32,1,3808,13652359,95,114,114,4,False,114
glv-j0-32,1,3809,18213110,104,108,124,4,False,108
glv-j0-32,1,3810,61458,1,114,114,4,False,114
glv-j0-32,1,3811,6045832,11,98,114,4,False,98
glv-j0-32,1,3812,19859352,286,114,88,3,True,88
glv-j0-32,1,3813,13658667,301,114,88,3,False,114
glv-j0-32,1,3814,11952878,7,124,114,4,False,124
glv-j0-32,1,3815,3021041,4,98,114,3,False,98
glv-j0-32,1,3816,23678336,1023,88,78,2,False,88
glv-j0-32,1,3817,21390307,241,88,88,2,True,88
glv-j0-32,1,3818,16449849,104,114,114,4,False,114
glv-j0-32,1,3819,1159337,1023,98,98,3,False,98
glv-j0-32,1,3820,19456617,1023,98,124,4,False,98
glv-j0-32,1,3821,17833510,104,114,114,4,False,114
glv-j0-32,1,3822,22323318,673,114,88,3,True,88
glv-j0-32,1,3823,1245359,1023,72,72,3,False,72
glv-j0-32,1,3824,8950047,862,114,88,3,True,88
glv-j0-32,1,3825,20293692,851,114,114,4,True,114
glv-j0-32,1,3826,1021352,104,78,98,2,False,78
glv-j0-32,1,3827,15007056,805,114,88,3,True,88
glv-j0-32,1,3828,1360310,16,114,114,4,False,114
glv-j0-32,1,3829,11000197,370,88,88,3,False,88
glv-j0-32,1,3830,3050234,1023,88,98,3,False,88
glv-j0-32,1,3831,4098963,749,98,88,4,False,98
glv-j0-32,1,3832,18874277,674,114,98,3,True,98
glv-j0-32,1,3833,226462,4,114,114,4,False,114
glv-j0-32,1,3834,12751919,95,114,114,3,False,114
glv-j0-32,1,3835,14400146,612,114,108,4,True,108
glv-j0-32,1,3836,22004774,9,88,88,3,False,88
glv-j0-32,1,3837,19398226,104,88,104,2,False,88
glv-j0-32,1,3838,10037482,156,98,108,4,True,108
glv-j0-32,1,3839,14690133,115,98,98,4,False,98
glv-j0-32,1,3840,21914529,1023,124,124,5,False,124
glv-j0-32,1,3841,20307281,1023,98,98,4,False,98
glv-j0-32,1,3842,8917446,881,98,114,4,False,98
glv-j0-32,1,3843,23240701,0,124,166,5,False,124
glv-j0-32,1,3844,15593398,106,114,114,4,False,114
glv-j0-32,1,3845,14157149,606,114,88,3,True,88
glv-j0-32,1,3846,19555960,608,108,88,3,True,88
glv-j0-32,1,3847,15689777,95,114,146,4,False,114
glv-j0-32,1,3848,9809426,606,114,88,3,True,88
glv-j0-32,1,3849,21899314,329,98,108,4,True,108
glv-j0-32,1,3850,23622507,1,118,114,4,False,118
glv-j0-32,1,3851,7906052,95,88,88,2,False,88
glv-j0-32,1,3852,4328397,3,98,114,4,False,98
glv-j0-32,1,3853,20689393,611,124,108,5,True,108
glv-j0-32,1,3854,10773375,104,114,114,3,False,114
glv-j0-32,1,3855,17109020,104,114,114,4,False,114
glv-j0-32,1,3856,22463064,11,88,88,2,False,88
glv-j0-32,1,3857,12306370,622,98,88,4,False,98
glv-j0-32,1,3858,8104584,13,98,98,5,False,98
glv-j0-32,1,3859,3953006,7,114,114,4,False,114
glv-j0-32,1,3860,17065533,1023,98,104,4,False,98
glv-j0-32,1,3861,12235455,3,114,114,4,False,114
glv-j0-32,1,3862,12809085,727,88,88,3,True,88
glv-j0-32,1,3863,2398967,2,114,88,3,False,114
glv-j0-32,1,3864,1738774,105,114,114,3,False,114
glv-j0-32,1,3865,21959949,8,114,114,4,False,114
glv-j0-32,1,3866,22938078,748,98,108,4,True,108
glv-j0-32,1,3867,9622557,168,78,62,1,True,62
glv-j0-32,1,3868,4241212,656,114,98,4,True,98
glv-j0-32,1,3869,8419736,1023,88,108,3,False,88
glv-j0-32,1,3870,12452441,104,98,114,4,False,98
glv-j0-32,1,3871,16107229,361,72,72,3,True,72
glv-j0-32,1,3872,5191146,228,98,114,5,True,114
glv-j0-32,1,3873,5228465,220,114,98,4,True,98
glv-j0-32,1,3874,1189271,95,108,114,4,False,108
glv-j0-32,1,3875,20157740,1023,88,98,3,False,88
glv-j0-32,1,3876,3606875,355,88,88,3,True,88
glv-j0-32,1,3877,3970609,156,98,88,3,True,88
glv-j0-32,1,3878,11763787,104,150,140,5,False,150
glv-j0-32,1,3879,16734263,101,98,108,4,True,108
glv-j0-32,1,3880,7520320,822,88,88,3,True,88
glv-j0-32,1,3881,17099463,4,88,88,3,False,88
glv-j0-32,1,3882,2733845,298,114,114,4,True,114
glv-j0-32,1,3883,4639690,204,114,118,4,True,118
glv-j0-32,1,3884,18734681,104,114,114,4,False,114
glv-j0-32,1,3885,19906120,99,114,98,4,True,98
glv-j0-32,1,3886,2428154,884,88,88,3,False,88
glv-j0-32,1,3887,1834778,733,114,88,4,True,88
glv-j0-32,1,3888,8354481,8,98,114,3,False,98
glv-j0-32,1,3889,23377263,0,98,114,4,False,98
glv-j0-32,1,3890,9603975,7,134,114,5,False,134
glv-j0-32,1,3891,10129329,2,114,114,3,False,114
glv-j0-32,1,3892,12918651,8,98,114,3,False,98
glv-j0-32,1,3893,4085687,104,88,94,2,False,88
glv-j0-32,1,3894,13044501,161,114,108,4,True,108
glv-j0-32,1,3895,22833409,104,114,114,4,False,114
glv-j0-32,1,3896,4319058,325,114,88,3,True,88
glv-j0-32,1,3897,9429046,343,114,114,4,True,114
glv-j0-32,1,3898,22165483,1023,88,72,3,False,88
glv-j0-32,1,3899,6477407,104,88,88,3,False,88
glv-j0-32,1,3900,3312043,621,88,88,3,False,88
glv-j0-32,1,3901,7370959,95,114,124,4,False,114
glv-j0-32,1,3902,11651963,106,98,114,3,False,98
glv-j0-32,1,3903,17185221,104,114,114,4,False,114
glv-j0-32,1,3904,3262381,237,98,108,4,False,98
glv-j0-32,1,3905,12818316,13,88,88,3,False,88
glv-j0-32,1,3906,21477216,1023,98,98,4,False,98
glv-j0-32,1,3907,2801303,248,98,108,4,True,108
glv-j0-32,1,3908,11003684,3,114,114,4,False,114
glv-j0-32,1,3909,14580265,9,114,114,4,False,114
glv-j0-32,1,3910,22457423,865,114,108,4,True,108
glv-j0-32,1,3911,20284657,106,98,114,5,False,98
glv-j0-32,1,3912,23326989,3,114,114,4,False,114
glv-j0-32,1,3913,12486036,235,98,98,3,True,98
glv-j0-32,1,3914,23021930,104,114,114,4,False,114
glv-j0-32,1,3915,2475568,95,114,114,4,False,114
glv-j0-32,1,3916,18231361,94,98,82,3,True,82
glv-j0-32,1,3917,11093745,626,88,88,2,False,88
glv-j0-32,1,3918,8538515,705,114,108,4,True,108
glv-j0-32,1,3919,5707837,1023,98,98,4,False,98
glv-j0-32,1,3920,66569,104,114,114,4,False,114
glv-j0-32,1,3921,774815,8,114,114,3,False,114
glv-j0-32,1,3922,4461980,1023,98,82,3,False,98
glv-j0-32,1,3923,12311835,358,114,98,3,True,98
glv-j0-32,1,3924,7808669,1023,98,124,4,False,98
glv-j0-32,1,3925,16923236,8,124,114,5,False,124
glv-j0-32,1,3926,10771617,245,98,114,4,False,98
glv-j0-32,1,3927,12435841,8,124,124,4,False,124
glv-j0-32,1,3928,6278140,608,114,114,4,True,114
glv-j0-32,1,3929,347620,656,78,62,1,True,62
glv-j0-32,1,3930,22650276,1023,88,98,3,False,88
glv-j0-32,1,3931,14667087,106,98,88,4,False,98
glv-j0-32,1,3932,8812731,829,114,108,4,True,108
glv-j0-32,1,3933,15900996,181,134,108,5,True,108
glv-j0-32,1,3934,10087255,11,114,120,4,False,114
glv-j0-32,1,3935,22150435,760,98,98,3,False,98
glv-j0-32,1,3936,12543925,0,88,114,2,False,88
glv-j0-32,1,3937,8152925,7,88,120,3,False,88
glv-j0-32,1,3938,11773862,16,114,114,3,False,114
glv-j0-32,1,3939,172325,630,88,88,3,False,88
glv-j0-32,1,3940,1943166,95,114,140,3,False,114
glv-j0-32,1,3941,7658557,877,88,88,3,True,88
glv-j0-32,1,3942,17928391,307,114,108,4,True,108
glv-j0-32,1,3943,17031412,3,98,114,4,False,98
glv-j0-32,1,3944,14034941,95,88,88,3,False,88
glv-j0-32,1,3945,5364167,105,114,114,4,False,114
glv-j0-32,1,3946,12620150,11,114,140,4,False,114
glv-j0-32,1,3947,12617698,7,124,140,4,False,124
glv-j0-32,1,3948,7838887,242,88,88,3,False,88
glv-j0-32,1,3949,6789051,16,114,114,3,False,114
glv-j0-32,1,3950,11010198,13,98,114,5,False,98
glv-j0-32,1,3951,7521170,104,114,120,3,False,114
glv-j0-32,1,3952,2389070,7,114,114,4,False,114
glv-j0-32,1,3953,10609,1,124,140,4,False,124
glv-j0-32,1,3954,9258556,358,114,114,4,True,114
glv-j0-32,1,3955,14704700,3,114,140,4,False,114
glv-j0-32,1,3956,14243279,1023,98,98,4,False,98
glv-j0-32,1,3957,10538301,146,88,108,4,True,108
glv-j0-32,1,3958,21838344,366,88,88,3,False,88
glv-j0-32,1,3959,5887500,1023,98,82,4,False,98
glv-j0-32,1,3960,15904005,628,88,88,3,True,88
glv-j0-32,1,3961,12888999,692,114,88,3,True,88
glv-j0-32,1,3962,3196418,104,88,124,3,False,88
glv-j0-32,1,3963,6916820,1023,98,98,4,False,98
glv-j0-32,1,3964,6951078,4,114,114,4,False,114
glv-j0-32,1,3965,3659238,95,114,120,3,False,114
glv-j0-32,1,3966,18916084,732,114,118,4,True,118
glv-j0-32,1,3967,15034498,343,114,98,3,True,98
glv-j0-32,1,3968,5392027,224,114,98,3,False,114
glv-j0-32,1,3969,15364169,358,114,114,4,True,114
glv-j0-32,1,3970,18759130,687,114,88,3,True,88
glv-j0-32,1,3971,108865,95,114,114,3,False,114
glv-j0-32,1,3972,3354872,880,88,88,3,False,88
glv-j0-32,1,3973,8996325,692,124,108,5,True,108
glv-j0-32,1,3974,13357204,106,98,114,4,False,98
glv-j0-32,1,3975,14758916,851,114,88,3,True,88
glv-j0-32,1,3976,12168223,836,114,114,4,True,114
glv-j0-32,1,3977,17514351,104,98,114,4,False,98
glv-j0-32,1,3978,12784285,11,114,114,4,False,114
glv-j0-32,1,3979,2300885,720,114,114,4,True,114
glv-j0-32,1,3980,1829750,1023,98,98,4,False,98
glv-j0-32,1,3981,13965417,16,114,146,4,False,114
glv-j0-32,1,3982,21743632,7,114,114,3,False,114
glv-j0-32,1,3983,14799580,850,124,124,5,True,124
glv-j0-32,1,3984,3893639,728,114,114,4,True,114
glv-j0-32,1,3985,19406727,7,98,114,4,False,98
glv-j0-32,1,3986,752689,111,98,98,3,False,98
glv-j0-32,1,3987,1753302,115,98,98,3,False,98
glv-j0-32,1,3988,747653,100,98,88,3,True,88
glv-j0-32,1,3989,9905381,8,114,120,3,False,114
glv-j0-32,1,3990,5307281,360,124,108,4,True,108
glv-j0-32,1,3991,16725248,1023,98,124,4,False,98
glv-j0-32,1,3992,11089505,629,98,108,5,False,98
glv-j0-32,1,3993,8951410,2,108,124,5,False,108
glv-j0-32,1,3994,13862087,697,78,88,2,True,88
glv-j0-32,1,3995,11342098,371,98,134,5,False,98
glv-j0-32,1,3996,9600864,7,88,88,3,False,88
glv-j0-32,1,3997,23381917,12,78,88,2,False,78
glv-j0-32,1,3998,8299017,4,114,114,4,False,114
glv-j0-32,1,3999,6671676,316,88,114,4,True,114
glv-j0-32,1,4000,22729919,727,88,88,3,True,88
glv-j0-32,1,4001,13198767,334,114,98,4,True,98
glv-j0-32,1,4002,6011442,4,114,114,4,False,114
glv-j0-32,1,4003,9567600,99,114,108,4,True,108
glv-j0-32,1,4004,20032614,104,114,120,2,False,114
glv-j0-32,1,4005,14981774,629,124,134,5,False,124
glv-j0-32,1,4006,13938132,205,114,114,4,True,114
glv-j0-32,1,4007,16274699,632,88,88,3,True,88
glv-j0-32,1,4008,12625585,94,98,114,4,True,114
glv-j0-32,1,4009,8198080,888,98,98,4,False,98
glv-j0-32,1,4010,333389,230,114,88,3,True,88
glv-j0-32,1,4011,9083567,104,98,88,4,False,98
glv-j0-32,1,4012,7215089,104,114,114,4,False,114
glv-j0-32,1,4013,406855,1023,88,98,3,False,88
glv-j0-32,1,4014,798581,105,114,114,3,False,114
glv-j0-32,1,4015,11549241,658,114,98,3,True,98
glv-j0-32,1,4016,10508735,354,114,108,4,True,108
glv-j0-32,1,4017,19479749,4,114,140,4,False,114
glv-j0-32,1,4018,22050753,216,114,114,4,True,114
glv-j0-32,1,4019,23014658,361,82,82,4,True,82
glv-j0-32,1,4020,19001356,112,98,114,4,False,98
glv-j0-32,1,4021,1254745,737,88,88,3,True,88
glv-j0-32,1,4022,18567703,104,124,114,5,False,124
glv-j0-32,1,4023,17532859,754,124,108,4,False,124
glv-j0-32,1,4024,5001491,104,114,114,4,False,114
glv-j0-32,1,4025,1127854,95,98,114,4,False,98
glv-j0-32,1,4026,3894809,115,98,108,5,False,98
glv-j0-32,1,4027,3014557,1023,82,82,3,False,82
glv-j0-32,1,4028,22959956,9,114,114,4,False,114
glv-j0-32,1,4029,2522488,11,78,114,2,False,78
glv-j0-32,1,4030,1555270,217,114,108,4,True,108
glv-j0-32,1,4031,5033604,317,114,118,4,True,118
glv-j0-32,1,4032,4752539,223,88,114,3,False,88
glv-j0-32,1,4033,20566322,338,124,108,5,True,108
glv-j0-32,1,4034,9324737,248,88,88,3,True,88
glv-j0-32,1,4035,16365953,115,98,114,4,False,98
glv-j0-32,1,4036,7120716,717,88,108,4,True,108
glv-j0-32,1,4037,13199646,8,98,98,4,False,98
glv-j0-32,1,4038,1714452,1023,82,118,5,False,82
glv-j0-32,1,4039,6651129,1023,62,98,3,False,62
glv-j0-32,1,4040,10946654,95,124,114,4,False,124
glv-j0-32,1,4041,10387285,8,98,114,4,False,98
glv-j0-32,1,4042,21513839,874,72,72,3,False,72
glv-j0-32,1,4043,21606551,7,88,88,3,False,88
glv-j0-32,1,4044,16315962,857,114,98,4,False,114
glv-j0-32,1,4045,19944302,306,98,108,4,True,108
glv-j0-32,1,4046,4498445,300,114,88,3,True,88
glv-j0-32,1,4047,15012758,632,88,88,3,True,88
glv-j0-32,1,4048,2431420,727,114,114,4,True,114
glv-j0-32,1,4049,22072099,10,114,114,4,False,114
glv-j0-32,1,4050,15973104,9,124,140,5,False,124
glv-j0-32,1,4051,11833787,117,98,118,4,False,98
glv-j0-32,1,4052,13686279,621,88,88,3,False,88
glv-j0-32,1,4053,1273971,104,98,114,3,False,98
glv-j0-32,1,4054,14910116,104,124,114,4,False,124
glv-j0-32,1,4055,455042,1,114,114,4,False,114
glv-j0-32,1,4056,2005737,632,108,108,4,True,108
glv-j0-32,1,4057,7055146,1023,98,118,5,False,98
glv-j0-32,1,4058,1108332,1023,108,108,3,False,108
glv-j0-32,1,4059,13877141,9,118,134,4,False,118
glv-j0-32,1,4060,1664922,857,88,88,3,False,88
glv-j0-32,1,4061,22805176,658,114,114,4,True,114
glv-j0-32,1,4062,22718414,104,98,140,4,False,98
glv-j0-32,1,4063,12696196,0,88,88,4,False,88
glv-j0-32,1,4064,4603020,736,114,88,4,True,88
glv-j0-32,1,4065,16486149,752,98,108,4,False,98
glv-j0-32,1,4066,4302740,104,114,88,3,False,114
glv-j0-32,1,4067,20043326,739,114,88,3,True,88
glv-j0-32,1,4068,10106556,2,114,114,3,False,114
glv-j0-32,1,4069,13937346,162,134,108,5,False,134
glv-j0-32,1,4070,12486096,95,114,114,3,False,114
glv-j0-32,1,4071,22335476,0,98,98,4,False,98
glv-j0-32,1,4072,11235639,12,98,114,4,False,98
glv-j0-32,1,4073,13165413,104,114,120,3,False,114
glv-j0-32,1,4074,3955847,13,88,120,3,False,88
glv-j0-32,1,4075,7088834,106,114,114,4,False,114
glv-j0-32,1,4076,7630795,16,88,104,2,False,88
glv-j0-32,1,4077,9823152,3,114,114,4,False,114
glv-j0-32,1,4078,3781276,656,114,88,3,True,88
glv-j0-32,1,4079,6405128,876,62,62,1,False,62
glv-j0-32,1,4080,6379873,1023,124,98,5,False,124
glv-j0-32,1,4081,16430250,1023,108,98,4,False,108
glv-j0-32,1,4082,22620319,316,114,88,3,True,88
glv-j0-32,1,4083,4897113,16,114,114,3,False,114
glv-j0-32,1,4084,19843984,176,124,108,4,True,108
glv-j0-32,1,4085,6242526,711,114,108,4,True,108
glv-j0-32,1,4086,308072,329,124,108,4,True,108
glv-j0-32,1,4087,19442726,2,134,98,5,False,134
glv-j0-32,1,4088,2867932,95,114,114,3,False,114
glv-j0-32,1,4089,12266459,657,114,88,3,True,88
glv-j0-32,1,4090,3266640,663,114,88,3,True,88
glv-j0-32,1,4091,10785232,104,124,114,5,False,124
glv-j0-32,1,4092,13284051,2,114,114,4,False,114
glv-j0-32,1,4093,17586344,13,114,114,3,False,114
glv-j0-32,1,4094,19624069,1023,108,98,4,False,108
glv-j0-32,1,4095,3964748,94,114,88,3,True,88
j0-56,0,0,1701235640930529,1,268,252,13,False,268
j0-56,0,1,51209531857192480,878,268,252,13,True,252
j0-56,0,2,48599518593898289,7,268,268,13,False,268
j0-56,0,3,27597576995578806,95,278,278,14,False,278
j0-56,0,4,3817654454660021,8,268,258,12,False,268
j0-56,0,5,48545827656597763,7,252,278,13,False,252
j0-56,0,6,14288319057473904,372,278,294,14,False,278
j0-56,0,7,30552417570233334,1023,252,262,13,False,252
j0-56,0,8,35428365444187694,286,304,288,14,True,288
j0-56,0,9,12631911908881298,1,288,272,14,False,288
j0-56,0,10,22206975263005101,349,268,284,13,True,284
j0-56,0,11,1530501890144118,855,278,246,14,True,246
j0-56,0,12,48579291596137043,1,278,246,13,False,278
j0-56,0,13,31691155313374275,235,268,252,13,True,252
j0-56,0,14,16075819056460500,95,262,294,14,False,262
j0-56,0,15,32462769711762082,95,268,310,12,False,268
j0-56,0,16,7963633318843282,95,278,262,14,False,278
j0-56,0,17,18983786612097719,325,252,252,13,True,252
j0-56,0,18,13288556210279355,1023,288,288,14,False,288
j0-56,0,19,4496290136107762,1023,278,268,13,False,278
j0-56,0,20,20589605919579750,104,246,278,13,False,246
j0-56,0,21,22790144222852090,1,294,310,14,False,294
j0-56,0,22,42340928108677318,760,262,252,14,False,262
j0-56,0,23,25197607550421394,13,278,304,14,False,278
j0-56,0,24,20178356449854996,104,268,284,13,False,268
j0-56,0,25,28644864995100918,104,278,326,14,False,278
j0-56,0,26,830492720152661,95,294,284,13,False,294
j0-56,0,27,51066650839970376,615,278,310,14,True,310
j0-56,0,28,7367209113137255,790,272,304,14,True,304
j0-56,0,29,41495489534377967,0,278,278,13,False,278
j0-56,0,30,18850207754958135,885,262,252,13,False,262
j0-56,0,31,4845133839933892,217,288,256,14,True,256
j0-56,0,32,5193370461102195,323,268,236,13,True,236
j0-56,0,33,1242272748976912,4,268,284,13,False,268
j0-56,0,34,39514372386363214,95,262,278,14,False,262
j0-56,0,35,19675328070911641,305,268,284,13,True,284
j0-56,0,36,41366696232866228,105,252,246,13,False,252
j0-56,0,37,31172817672903867,884,278,252,13,False,278
j0-56,0,38,35367915211123801,822,268,252,13,True,252
j0-56,0,39,35071119051253254,208,278,278,14,True,278
j0-56,0,40,9861492365136984,104,268,278,13,False,268
j0-56,0,41,9178330123649395,1023,288,262,14,False,288
j0-56,0,42,45110651565721999,103,252,268,14,True,268
j0-56,0,43,38793885881587753,105,304,278,14,False,304
j0-56,0,44,20861563596356667,627,252,246,13,True,246
j0-56,0,45,40079474742851907,104,278,252,13,False,278
j0-56,0,46,29750184353322879,235,268,262,13,True,262
j0-56,0,47,41775106311314461,1023,236,226,13,False,236
j0-56,0,48,30167557982534480,95,262,288,14,False,262
j0-56,0,49,21874390231708974,1023,242,242,11,False,242
j0-56,0,50,3105461830624122,870,294,284,14,True,284
j0-56,0,51,34493533756903583,4,262,288,14,False,262
j0-56,0,52,10927138478287741,13,278,304,14,False,278
j0-56,0,53,13041840988692033,657,242,242,11,True,242
j0-56,0,54,17649820318362341,105,236,236,13,False,236
j0-56,0,55,22002188124659772,216,252,236,13,True,236
j0-56,0,56,19276342459370318,618,278,272,14,True,272
j0-56,0,57,21676120109663945,11,294,304,14,False,294
j0-56,0,58,9033696722782453,856,294,278,14,True,278
j0-56,0,59,16406421601179465,359,294,288,14,True,288
j0-56,0,60,27980479105654696,100,294,288,14,True,288
j0-56,0,61,21123314884727665,8,278,278,13,False,278
j0-56,0,62,12742782193394444,225,278,262,14,True,262
j0-56,0,63,21396362371914551,328,294,278,13,True,278
j0-56,0,64,39537698145832258,1023,278,300,13,False,278
j0-56,0,65,13065460595795204,372,252,252,13,False,252
j0-56,0,66,22759314154371484,820,304,278,14,True,278
j0-56,0,67,3165184489545529,1023,242,252,12,False,242
j0-56,0,68,16952083564757972,12,294,310,14,False,294
j0-56,0,69,16104742332760926,1023,278,262,14,False,278
j0-56,0,70,47657003627625780,857,268,278,13,False,268
j0-56,0,71,46584440396381213,104,262,316,13,False,262
j0-56,0,72,22703053727935165,95,278,262,13,False,278
j0-56,0,73,28645336913364693,0,304,336,14,False,304
j0-56,0,74,39605236589306152,1023,252,220,13,False,252
j0-56,0,75,13065953414515776,104,268,284,12,False,268
j0-56,0,76,904166757114498,16,278,278,14,False,278
j0-56,0,77,21771539989004068,9,246,294,14,False,246
j0-56,0,78,34213501305266941,0,278,304,14,False,278
j0-56,0,79,10169778441945402,1023,278,236,14,False,278
j0-56,0,80,26718398517645314,1023,288,294,14,False,288
j0-56,0,81,49656790401305464,1,262,294,13,False,262
j0-56,0,82,17897532409449084,3,262,256,14,False,262
j0-56,0,83,35920999987421771,151,278,262,13,True,262
j0-56,0,84,30588916004092226,245,278,278,14,False,278
j0-56,0,85,30968213353127901,1023,288,288,15,False,288
j0-56,0,86,34674676015461551,95,268,258,12,False,268
j0-56,0,87,40461887597234704,105,262,252,13,False,262
j0-56,0,88,11839173226872782,1023,288,320,14,False,288
j0-56,0,89,49305519718570299,799,252,236,13,True,236
j0-56,0,90,40036720864871481,191,294,278,13,True,278
j0-56,0,91,14829457069349464,1023,278,294,14,False,278
j0-56,0,92,47564045200600772,16,278,310,14,False,278
j0-56,0,93,38685495441705424,98,288,288,14,True,288
j0-56,0,94,17494242358758616,1,288,278,14,False,288
j0-56,0,95,53004318539211895,119,278,262,14,True,262
j0-56,0,96,32805240726094732,756,278,262,14,True,262
j0-56,0,97,17279918344973559,1023,262,262,14,False,262
j0-56,0,98,47547342471716815,191,262,246,13,True,246
j0-56,0,99,6773853948615881,0,294,252,14,False,294
j0-56,0,100,45445622245394099,879,252,256,14,False,252
j0-56,0,101,52829743594734318,615,262,262,13,True,262
j0-56,0,102,40985804299713451,1023,278,272,14,False,278
j0-56,0,103,28097645511830665,311,268,252,13,True,252
j0-56,0,104,53294004460942691,3,304,310,14,False,304
j0-56,0,105,13252658062020084,1023,288,294,14,False,288
j0-56,0,106,18888854468626532,201,268,236,13,True,236
j0-56,0,107,13091230322071925,373,252,252,14,False,252
j0-56,0,108,44597414281513488,105,278,252,13,False,278
j0-56,0,109,40623089083761089,104,252,268,13,False,252
j0-56,0,110,38310934467536758,1023,252,262,13,False,252
j0-56,0,111,17561705598373794,8,278,278,14,False,278
j0-56,0,112,36617420791373851,95,278,278,13,False,278
j0-56,0,113,53118972298342966,11,278,294,14,False,278
j0-56,0,114,2938216667793825,4,278,252,14,False,278
j0-56,0,115,22011631292390061,8,278,262,13,False,278
j0-56,0,116,23451746292891595,819,294,278,14,True,278
j0-56,0,117,5142961973466927,620,278,278,13,False,278
j0-56,0,118,223492332701608,879,278,272,14,False,278
j0-56,0,119,24331969636176457,830,262,252,13,True,252
j0-56,0,120,38541595265104017,874,268,278,13,False,268
j0-56,0,121,18403624979476078,237,262,252,12,False,262
j0-56,0,122,48990570742426995,95,288,272,14,False,288
j0-56,0,123,44898213584775108,876,252,274,12,False,252
j0-56,0,124,36533215582766472,1023,246,246,14,False,246
j0-56,0,125,45402658648003580,341,278,236,13,True,236
j0-56,0,126,52720701094924937,7,278,278,14,False,278
j0-56,0,127,6000371050220278,608,294,278,14,True,278
j0-56,0,128,38311187506528041,226,278,262,14,True,262
j0-56,0,129,38756169073203765,8,268,252,13,False,268
j0-56,0,130,20508560949370121,736,262,262,14,True,262
j0-56,0,131,4906580961022005,180,278,262,14,True,262
j0-56,0,132,32358734609558504,16,294,278,14,False,294
j0-56,0,133,7113278303298251,95,278,294,14,False,278
j0-56,0,134,13346473465623167,873,268,236,13,True,236
j0-56,0,135,19639487685580159,7,294,320,14,False,294
j0-56,0,136,40115118553213934,805,252,326,14,True,326
j0-56,0,137,31457901272893238,1023,278,252,13,False,278
j0-56,0,138,53411778270328396,1,242,278,13,False,242
j0-56,0,139,12848748283594004,1,262,278,14,False,262
j0-56,0,140,11285289609052862,105,268,236,13,False,268
j0-56,0,141,36825917284849968,0,278,288,14,False,278
j0-56,0,142,875799018532028,4,278,278,13,False,278
j0-56,0,143,37857706207866448,95,278,294,14,False,278
j0-56,0,144,37414838231680755,211,268,236,12,True,236
j0-56,0,145,21096859969651625,9,278,310,14,False,278
j0-56,0,146,11587961999289977,2,262,316,13,False,262
j0-56,0,147,22690739316092,298,278,262,14,True,262
j0-56,0,148,13009612339358307,104,268,278,13,False,268
j0-56,0,149,15713889961095154,355,268,236,13,True,236
j0-56,0,150,36971337223959763,344,268,262,13,True,262
j0-56,0,151,42064303341991702,96,304,314,15,True,314
j0-56,0,152,14467102193896425,11,288,272,14,False,288
j0-56,0,153,10061242767296782,95,268,284,13,False,268
j0-56,0,154,1295525412555524,365,252,252,13,True,252
j0-56,0,155,51044583905993358,95,268,294,13,False,268
j0-56,0,156,39765379201798277,819,252,236,12,True,236
j0-56,0,157,43909499340571459,376,278,278,14,True,278
j0-56,0,158,39645890138084737,120,252,256,13,False,252
j0-56,0,159,8143057339237969,13,268,284,13,False,268
j0-56,0,160,10169904993638066,115,232,232,11,False,232
j0-56,0,161,22326285682236925,206,268,272,14,True,272
j0-56,0,162,9080666079101881,752,252,252,13,False,252
j0-56,0,163,16885967517133620,1,294,278,14,False,294
j0-56,0,164,40687787322514304,631,262,262,13,True,262
j0-56,0,165,9124155338613709,859,304,310,14,False,304
j0-56,0,166,17830562083135023,104,252,268,13,False,252
j0-56,0,167,16544801451684689,225,278,278,13,True,278
j0-56,0,168,32735284915046932,352,268,236,13,True,236
j0-56,0,169,32707817222079645,3,262,278,14,False,262
j0-56,0,170,17808843356347195,355,278,262,14,True,262
j0-56,0,171,43486948944884957,105,268,262,13,False,268
j0-56,0,172,18941636097911455,1023,288,262,14,False,288
j0-56,0,173,33679725548582850,13,278,294,14,False,278
j0-56,0,174,8299227215350924,105,278,310,14,False,278
j0-56,0,175,41202912235433771,238,304,278,14,True,278
j0-56,0,176,22605111264230790,334,278,298,14,True,298
j0-56,0,177,53185519946033252,353,294,288,14,True,288
j0-56,0,178,40909691953282113,12,288,288,14,False,288
j0-56,0,179,35195142182639296,2,268,262,13,False,268
j0-56,0,180,31552733958452456,606,252,252,14,True,252
j0-56,0,181,45931450143491455,3,288,288,14,False,288
j0-56,0,182,28530397675123471,1,262,294,14,False,262
j0-56,0,183,41970707164772197,104,278,284,14,False,278
j0-56,0,184,40152013955007953,847,242,258,12,True,258
j0-56,0,185,47533006687794384,7,278,252,13,False,278
j0-56,0,186,47634303038176133,106,262,272,14,False,262
j0-56,0,187,50067287698203484,348,278,252,13,True,252
j0-56,0,188,4948567543457225,0,268,284,13,False,268
j0-56,0,189,3356993854869396,95,268,278,13,False,268
j0-56,0,190,5135320173509188,734,278,252,13,True,252
j0-56,0,191,49489023550209679,11,262,294,14,False,262
j0-56,0,192,6404382926453242,1023,278,320,14,False,278
j0-56,0,193,48023584699932674,12,278,246,14,False,278
j0-56,0,194,6638887291946428,360,262,262,14,True,262
j0-56,0,195,10393811084038722,369,278,284,14,True,284
j0-56,0,196,49069650149607797,103,278,278,14,True,278
j0-56,0,197,15440018775836142,829,268,252,13,True,252
j0-56,0,198,37259696303378136,3,252,252,13,False,252
j0-56,0,199,3129522840575442,874,288,278,14,False,288
j0-56,0,200,3258658967885545,301,252,284,13,False,252
j0-56,0,201,29790199589195252,353,252,252,13,True,252
j0-56,0,202,10551603362802720,104,278,304,14,False,278
j0-56,0,203,7319077179150710,187,278,294,14,True,294
j0-56,0,204,41983775051221625,1023,242,242,12,False,242
j0-56,0,205,16830149365919123,1023,288,326,14,False,288
j0-56,0,206,30205878636957272,1023,236,220,13,False,236
j0-56,0,207,22327759823042639,729,268,258,12,True,258
j0-56,0,208,39048467483571708,0,268,320,13,False,268
j0-56,0,209,34671672234352364,1,278,294,14,False,278
j0-56,0,210,40373496920430168,12,268,284,13,False,268
j0-56,0,211,14423522179108612,713,278,272,14,True,272
j0-56,0,212,2935089789802714,7,288,304,14,False,288
j0-56,0,213,23693032385715504,731,278,262,14,True,262
j0-56,0,214,28813105365896919,11,246,278,13,False,246
j0-56,0,215,2923940182174376,104,268,284,13,False,268
j0-56,0,216,8044432691537962,845,278,278,14,True,278
j0-56,0,217,53013820878308157,668,304,278,14,True,278
j0-56,0,218,31780868662189722,733,242,232,11,True,232
j0-56,0,219,20734219131844507,843,278,282,14,True,282
j0-56,0,220,39139327972457631,11,294,304,14,False,294
j0-56,0,221,25536540281113814,0,278,310,14,False,278
j0-56,0,222,32681269639306067,174,278,262,14,True,262
j0-56,0,223,36419452196528197,292,268,252,12,True,252
j0-56,0,224,41169976182333038,874,288,304,14,False,288
j0-56,0,225,19041800751332046,1,294,294,13,False,294
j0-56,0,226,37652473607793379,1023,278,294,14,False,278
j0-56,0,227,39325957581298395,106,278,294,14,False,278
j0-56,0,228,3795199607796424,833,288,272,14,True,272
j0-56,0,229,26435579481601534,307,278,278,14,True,278
j0-56,0,230,39862841282722459,104,288,294,14,False,288
j0-56,0,231,16702221362109029,790,262,262,13,True,262
j0-56,0,232,37441286974422631,1,278,310,14,False,278
j0-56,0,233,49101454573865131,106,268,284,13,False,268
j0-56,0,234,43450524229083669,104,278,342,14,False,278
j0-56,0,235,15271481276624891,4,294,284,13,False,294
j0-56,0,236,24101564368643742,1023,262,262,14,False,262
j0-56,0,237,3198568409180593,1023,278,294,14,False,278
j0-56,0,238,21305379334198817,345,294,294,14,True,294
j0-56,0,239,34544091908030117,0,268,320,13,False,268
j0-56,0,240,49562688839198371,97,252,268,13,True,268
j0-56,0,241,13341142573045411,16,262,278,14,False,262
j0-56,0,242,36949787020800701,244,262,278,14,False,262
j0-56,0,243,18783178402817031,107,278,342,14,False,278
j0-56,0,244,52527789132125298,1023,268,268,13,False,268
j0-56,0,245,12170212223149869,366,278,278,13,False,278
j0-56,0,246,52650824960873336,868,294,278,14,True,278
j0-56,0,247,14068076703538501,1023,268,262,13,False,268
j0-56,0,248,37141700706960248,7,278,294,13,False,278
j0-56,0,249,21134464366103609,16,278,310,13,False,278
j0-56,0,250,42768741827772701,8,278,278,13,False,278
j0-56,0,251,39430831771456550,311,262,262,14,True,262
j0-56,0,252,25033301741904387,120,252,246,13,False,252
j0-56,0,253,50719178382527052,8,262,288,14,False,262
j0-56,0,254,29078193774643801,0,268,262,12,False,268
j0-56,0,255,2754956326882378,95,278,284,13,False,278
j0-56,0,256,9278932869219573,241,252,236,13,True,236
j0-56,0,257,42280023750745335,104,252,278,13,False,252
j0-56,0,258,15693107538860999,8,268,268,13,False,268
j0-56,0,259,20773195543068900,104,268,284,12,False,268
j0-56,0,260,47813522507442022,1023,278,246,14,False,278
j0-56,0,261,41274285190456879,856,278,236,14,True,236
j0-56,0,262,14821096958892311,830,278,278,14,True,278
j0-56,0,263,51845410459424113,749,252,268,13,False,252
j0-56,0,264,2450644323773332,11,294,284,13,False,294
j0-56,0,265,16729981867462339,7,278,278,14,False,278
j0-56,0,266,27639310593416759,13,258,274,11,False,258
j0-56,0,267,19085159249605998,629,278,310,14,False,278
j0-56,0,268,41837637324091770,879,262,278,13,False,262
j0-56,0,269,53317175751304376,1023,262,252,14,False,262
j0-56,0,270,6385456723123380,331,268,268,13,True,268
j0-56,0,271,26725439002067093,1,242,258,13,False,242
j0-56,0,272,45106087843954389,95,278,310,14,False,278
j0-56,0,273,4392171150471870,1023,252,236,13,False,252
j0-56,0,274,16850694280784242,9,242,258,11,False,242
j0-56,0,275,45702056893551526,356,278,278,14,True,278
j0-56,0,276,10184430689215565,2,278,252,14,False,278
j0-56,0,277,429759113085949,104,278,304,14,False,278
j0-56,0,278,8226055944221613,293,288,252,14,True,252
j0-56,0,279,12206765814937791,342,278,278,14,True,278
j0-56,0,280,14663927512775907,7,262,262,14,False,262
j0-56,0,281,52030557536089425,2,278,298,14,False,278
j0-56,0,282,18590607016168283,3,278,310,14,False,278
j0-56,0,283,17858531837344763,311,252,278,13,True,278
j0-56,0,284,29386234509914258,710,268,278,13,True,278
j0-56,0,285,32558891263087498,104,278,342,14,False,278
j0-56,0,286,40330467287809921,248,288,236,14,True,236
j0-56,0,287,34292672192492488,299,278,262,14,True,262
j0-56,0,288,31382896079114753,1023,262,262,13,False,262
j0-56,0,289,35471798131957859,629,242,216,11,False,242
j0-56,0,290,46876470349513599,243,278,310,14,True,310
j0-56,0,291,2462295080211105,95,278,310,13,False,278
j0-56,0,292,26602728740185696,1023,278,298,14,False,278
j0-56,0,293,5068043597535343,7,268,284,13,False,268
j0-56,0,294,38148895315384876,1,288,278,14,False,288
j0-56,0,295,41436452353044290,713,262,262,14,True,262
j0-56,0,296,7428704660914444,3,252,304,14,False,252
j0-56,0,297,18782940086700396,95,304,288,14,False,304
j0-56,0,298,26625596258252214,104,262,278,13,False,262
j0-56,0,299,26120639012867127,3,278,284,13,False,278
j0-56,0,300,17463889679516722,7,304,304,14,False,304
j0-56,0,301,32473775723765675,111,288,310,14,False,288
j0-56,0,302,6298894649623137,741,278,278,14,True,278
j0-56,0,303,53317264302817871,200,262,236,14,True,236
j0-56,0,304,23375461281891820,104,304,310,14,False,304
j0-56,0,305,14498012514893859,712,268,262,13,True,262
j0-56,0,306,27520345115671667,306,294,272,14,True,272
j0-56,0,307,25045017541093243,799,252,236,13,True,236
j0-56,0,308,39315591337261423,145,304,284,14,True,284
j0-56,0,309,15123217579768586,1023,262,252,13,False,262
j0-56,0,310,24574012473857776,105,288,278,14,False,288
j0-56,0,311,45381281470602887,1023,262,278,14,False,262
j0-56,0,312,9717070586984878,1023,278,320,14,False,278
j0-56,0,313,38904970199321654,95,252,316,13,False,252
j0-56,0,314,2297075761758359,865,278,294,14,True,294
j0-56,0,315,48920196119039674,888,278,278,14,False,278
j0-56,0,316,36207820670066523,810,294,304,14,True,304
j0-56,0,317,41139326247205741,3,278,310,13,False,278
j0-56,0,318,21479204752598915,95,236,236,13,False,236
j0-56,0,319,8835012889707048,7,278,262,13,False,278
j0-56,0,320,14712852890719587,11,278,304,14,False,278
j0-56,0,321,86185443071386,376,278,246,14,True,246
j0-56,0,322,24167023265864925,11,252,252,13,False,252
j0-56,0,323,36473513584337369,368,262,278,14,False,262
j0-56,0,324,15297038975676866,104,242,242,12,False,242
j0-56,0,325,40040061407249453,1023,262,246,13,False,262
j0-56,0,326,347807371886749,1,278,278,13,False,278
j0-56,0,327,42842524226979311,343,278,278,14,True,278
j0-56,0,328,41126568218661285,1,278,284,13,False,278
j0-56,0,329,15360830469091847,0,278,310,14,False,278
j0-56,0,330,5110164881205098,681,288,272,14,True,272
j0-56,0,331,21974578304543024,1023,288,288,14,False,288
j0-56,0,332,12157546995472737,8,294,310,14,False,294
j0-56,0,333,2605090210560746,180,268,252,12,True,252
j0-56,0,334,7852774666283144,829,278,320,14,True,320
j0-56,0,335,49446165054826979,1023,278,278,13,False,278
j0-56,0,336,37357024087710192,8,258,258,12,False,258
j0-56,0,337,33558662936565732,16,294,284,14,False,294
j0-56,0,338,53348452093874447,875,236,236,13,True,236
j0-56,0,339,14440280221898547,7,288,304,14,False,288
j0-56,0,340,4343633471766696,7,294,294,14,False,294
j0-56,0,341,2289485552836269,110,268,284,13,False,268
j0-56,0,342,43347043412485656,364,262,278,14,False,262
j0-56,0,343,23613237200534305,747,262,246,13,True,246
j0-56,0,344,20361510340467997,91,278,278,14,True,278
j0-56,0,345,22576046000801344,244,278,278,13,False,278
j0-56,0,346,2404545909424945,359,294,262,14,True,262
j0-56,0,347,3963092549462106,734,252,252,12,True,252
j0-56,0,348,37877735457724982,16,262,294,14,False,262
j0-56,0,349,19735585380620550,1023,278,294,13,False,278
j0-56,0,350,15596488550355484,7,278,310,14,False,278
j0-56,0,351,45737522166239828,4,294,304,14,False,294
j0-56,0,352,21725625226507985,656,268,262,13,True,262
j0-56,0,353,5827117012307443,340,278,278,13,True,278
j0-56,0,354,27753693076192305,95,268,278,13,False,268
j0-56,0,355,48491030104225512,686,278,272,14,True,272
j0-56,0,356,2466566005939847,1023,278,268,13,False,278
j0-56,0,357,22164381291132111,8,294,288,14,False,294
j0-56,0,358,6193173716552925,321,278,246,14,False,278
j0-56,0,359,16301692173651156,871,252,262,13,True,262
j0-56,0,360,44061589616617260,362,278,272,14,False,278
j0-56,0,361,44851926300217585,795,278,236,14,True,236
j0-56,0,362,10825880561680864,104,278,278,13,False,278
j0-56,0,363,16770874288474995,0,278,278,13,False,278
j0-56,0,364,13648823969634602,853,278,262,14,True,262
j0-56,0,365,2099270601302299,1023,236,268,13,False,236
j0-56,0,366,33488315806424401,820,278,294,14,True,294
j0-56,0,367,52520890968830613,102,272,256,14,True,256
j0-56,0,368,28088750080839629,318,262,236,14,True,236
j0-56,0,369,51358775246187337,95,278,336,14,False,278
j0-56,0,370,3663677493970557,95,304,288,14,False,304
j0-56,0,371,7277090492919298,217,294,278,14,True,278
j0-56,0,372,32626076066199297,880,252,252,13,False,252
j0-56,0,373,51958069601762693,95,278,304,14,False,278
j0-56,0,374,33866408604925203,278,252,278,14,False,252
j0-56,0,375,16539857978260292,2,304,278,14,False,304
j0-56,0,376,49504197606751941,95,262,310,12,False,262
j0-56,0,377,39260096142379213,366,278,246,14,False,278
j0-56,0,378,17502423638487306,95,268,342,13,False,268
j0-56,0,379,7463036146762479,12,278,310,14,False,278
j0-56,0,380,46873625848703724,235,278,246,14,True,246
j0-56,0,381,11171390353239994,227,278,252,13,True,252
j0-56,0,382,28165205739089412,7,294,278,14,False,294
j0-56,0,383,47590134780301133,1,262,272,14,False,262
j0-56,0,384,53511818396363989,1023,252,278,13,False,252
j0-56,0,385,45778785334932245,1023,226,258,12,False,226
j0-56,0,386,47344415776237465,3,304,262,14,False,304
j0-56,0,387,41408371279667461,3,278,342,14,False,278
j0-56,0,388,25809528109918101,615,268,252,12,True,252
j0-56,0,389,39347189923989050,13,288,278,14,False,288
j0-56,0,390,46023179842791818,624,278,304,14,False,278
j0-56,0,391,45716336766740361,1023,262,252,14,False,262
j0-56,0,392,18747877177158442,106,278,284,13,False,278
j0-56,0,393,1327021515315843,2,262,278,14,False,262
j0-56,0,394,48063491925843158,1,294,278,14,False,294
j0-56,0,395,39000888857311363,95,262,262,14,False,262
j0-56,0,396,29019488534640633,3,294,284,13,False,294
j0-56,0,397,19760759989128933,11,294,284,13,False,294
j0-56,0,398,13260655280268740,104,278,294,14,False,278
j0-56,0,399,973739301962702,108,278,256,14,False,278
j0-56,0,400,27166626599777270,1023,288,268,14,False,288
j0-56,0,401,41597881535605667,0,278,272,14,False,278
j0-56,0,402,33260741458299499,699,278,278,14,True,278
j0-56,0,403,1420064900736397,878,278,252,14,True,252
j0-56,0,404,10025357717235029,9,294,284,13,False,294
j0-56,0,405,32685019365196425,95,278,252,13,False,278
j0-56,0,406,19885871635516095,3,294,284,13,False,294
j0-56,0,407,24122860863976990,0,294,278,14,False,294
j0-56,0,408,14554518508007560,7,288,336,14,False,288
j0-56,0,409,30012608428496110,632,278,278,14,True,278
j0-56,0,410,53412111662456522,109,252,252,13,False,252
j0-56,0,411,4316891510654245,299,278,278,14,True,278
j0-56,0,412,30109458974712091,218,294,298,14,True,298
j0-56,0,413,12775372795566764,1,252,268,14,False,252
j0-56,0,414,18388943614824595,1023,262,246,14,False,262
j0-56,0,415,44360455501304555,8,278,310,14,False,278
j0-56,0,416,45317723672547655,723,278,246,14,True,246
j0-56,0,417,30073257139341939,0,206,222,10,False,206
j0-56,0,418,16730903028130107,1,278,304,14,False,278
j0-56,0,419,21155419771992593,748,278,246,14,True,246
j0-56,0,420,1096385035594895,358,304,298,14,True,298
j0-56,0,421,42727672212311274,4,278,304,14,False,278
j0-56,0,422,41032086942525291,3,262,278,13,False,262
j0-56,0,423,29876663003370599,849,304,278,15,True,278
j0-56,0,424,9911030673507373,4,294,278,14,False,294
j0-56,0,425,44044187104322457,726,262,262,14,True,262
j0-56,0,426,5819789732416319,104,304,278,14,False,304
j0-56,0,427,38432520406090138,306,278,278,14,True,278
j0-56,0,428,1272790588091295,11,304,288,14,False,304
j0-56,0,429,9708532985260925,1023,242,226,12,False,242
j0-56,0,430,7125327389063891,103,242,242,12,True,242
j0-56,0,431,4269831668347006,3,278,278,14,False,278
j0-56,0,432,45245646996519976,105,278,262,13,False,278
j0-56,0,433,25579498441658903,106,304,336,14,False,304
j0-56,0,434,8172710892971574,687,278,288,13,True,288
j0-56,0,435,21715861272323753,629,252,258,13,False,252
j0-56,0,436,11600176086391566,221,268,262,13,True,262
j0-56,0,437,53013613334317506,243,278,246,14,True,246
j0-56,0,438,26180663322040669,345,278,262,14,True,262
j0-56,0,439,27496571810750670,3,278,304,14,False,278
j0-56,0,440,29590113814397977,760,236,226,12,False,236
j0-56,0,441,37346978429000855,2,278,284,13,False,278
j0-56,0,442,34405752034744859,95,278,320,14,False,278
j0-56,0,443,42831372053627335,346,242,258,12,False,242
j0-56,0,444,42883229161877803,13,294,278,14,False,294
j0-56,0,445,13291360817991023,104,278,304,14,False,278
j0-56,0,446,29815428672016644,219,252,284,13,False,252
j0-56,0,447,7221084940903120,1023,256,256,13,False,256
j0-56,0,448,18280957447216453,656,278,268,13,True,268
j0-56,0,449,6533276678676588,103,268,278,14,True,278
j0-56,0,450,29458234916480653,1,252,284,13,False,252
j0-56,0,451,36293685409273309,806,278,278,14,True,278
j0-56,0,452,18570533617464672,105,278,320,14,False,278
j0-56,0,453,19807186576043754,805,262,246,14,True,246
j0-56,0,454,46829046033947766,13,252,236,13,False,252
j0-56,0,455,26471554988853986,868,278,252,14,True,252
j0-56,0,456,9592671961373044,756,288,272,14,True,272
j0-56,0,457,52901341631120818,860,242,226,12,True,226
j0-56,0,458,27345474905042588,1023,278,294,13,False,278
j0-56,0,459,47037727101167201,318,294,278,14,True,278
j0-56,0,460,48205416697715452,360,278,268,14,True,268
j0-56,0,461,15706091879872016,631,262,252,13,True,252
j0-56,0,462,51612677763526897,95,278,294,14,False,278
j0-56,0,463,9522234267074692,340,304,278,14,True,278
j0-56,0,464,4037924612514705,873,262,262,14,True,262
j0-56,0,465,44088252473514861,618,278,294,14,True,294
j0-56,0,466,37928874896321480,624,288,294,14,False,288
j0-56,0,467,38178515298894712,341,268,252,13,True,252
j0-56,0,468,47441001104677948,175,268,284,13,False,268
j0-56,0,469,19762619302354344,104,278,326,14,False,278
j0-56,0,470,37075220611652017,884,278,246,14,False,278
j0-56,0,471,12350023295698903,119,278,246,14,True,246
j0-56,0,472,38519840337308659,118,252,278,12,True,278
j0-56,0,473,38038193795123193,12,294,310,14,False,294
j0-56,0,474,41517815199962084,734,268,258,12,True,258
j0-56,0,475,44453292658969033,706,294,278,14,True,278
j0-56,0,476,52423186709134772,7,268,258,12,False,268
j0-56,0,477,48021330359874077,623,304,278,14,False,304
j0-56,0,478,13165538824351504,104,210,242,13,False,210
j0-56,0,479,51228742400293033,858,288,278,13,True,278
j0-56,0,480,23820778524954208,628,268,246,13,True,246
j0-56,0,481,13070152457418321,614,278,288,14,True,288
j0-56,0,482,5349046185935594,7,252,284,13,False,252
j0-56,0,483,31708742061663595,2,268,236,13,False,268
j0-56,0,484,52276669743102738,104,268,284,13,False,268
j0-56,0,485,28476104767242530,8,304,278,15,False,304
j0-56,0,486,41075273581490128,9,278,252,13,False,278
j0-56,0,487,22205823886406963,16,304,294,14,False,304
j0-56,0,488,13428599385982399,627,268,252,13,True,252
j0-56,0,489,48079796900629316,8,278,278,14,False,278
j0-56,0,490,51884809391446507,854,278,278,14,True,278
j0-56,0,491,23904576317169560,356,294,304,14,True,304
j0-56,0,492,42122479684873659,4,278,310,14,False,278
j0-56,0,493,40813526933689487,2,268,300,13,False,268
j0-56,0,494,36557540617462749,104,278,316,13,False,278
j0-56,0,495,22564460677977699,3,278,252,14,False,278
j0-56,0,496,22113958135900275,743,262,288,14,True,288
j0-56,0,497,7405615485996883,214,284,278,14,True,278
j0-56,0,498,20459266176053828,3,294,278,14,False,294
j0-56,0,499,20305927104863832,12,268,284,13,False,268
j0-56,0,500,37526997796994537,181,288,252,14,True,252
j0-56,0,501,37118627987498569,11,278,284,13,False,278
j0-56,0,502,44388052636003557,242,278,278,13,False,278
j0-56,0,503,31197968882551916,628,304,298,15,True,298
j0-56,0,504,28642803926824539,95,294,310,14,False,294
j0-56,0,505,47801221206850839,1,294,262,14,False,294
j0-56,0,506,51249506261188657,95,278,262,14,False,278
j0-56,0,507,34109417835419824,104,294,294,14,False,294
j0-56,0,508,19202768295335946,809,294,310,14,True,310
j0-56,0,509,40616030527537075,4,252,316,14,False,252
j0-56,0,510,12479139153844553,1,304,288,14,False,304
j0-56,0,511,45433360620056260,300,252,268,13,True,268
j0-56,0,512,42990220018922257,144,278,310,13,True,310
j0-56,0,513,17787960804439092,106,278,252,14,False,278
j0-56,0,514,52033423538407243,1023,278,300,14,False,278
j0-56,0,515,26566055641177500,219,278,310,14,False,278
j0-56,0,516,28745181903223456,1023,278,246,14,False,278
j0-56,0,517,9922189059553267,95,268,284,13,False,268
j0-56,0,518,25120424299448671,162,262,262,14,False,262
j0-56,0,519,17365688418377150,747,268,262,13,True,262
j0-56,0,520,22625525308209227,753,252,236,13,True,236
j0-56,0,521,32671494841886192,95,304,282,14,False,304
j0-56,0,522,21521350703814798,854,304,262,14,True,262
j0-56,0,523,23680313333912943,805,288,310,14,True,310
j0-56,0,524,19551728495277615,1,268,262,13,False,268
j0-56,0,525,34810844578303123,204,278,272,14,True,272
j0-56,0,526,14429374459062736,13,252,304,14,False,252
j0-56,0,527,50602868395235886,236,268,252,13,True,252
j0-56,0,528,40485939961276256,1023,236,242,12,False,236
j0-56,0,529,28223359799109934,3,252,252,13,False,252
j0-56,0,530,3310741348873160,834,278,262,14,True,262
j0-56,0,531,19230493067731931,11,278,294,14,False,278
j0-56,0,532,35006352732122949,95,278,310,13,False,278
j0-56,0,533,11349135537803456,668,278,294,14,True,294
j0-56,0,534,52178545395884930,95,278,262,14,False,278
j0-56,0,535,6134302686718741,1023,268,300,13,False,268
j0-56,0,536,7759540883378389,93,278,310,14,True,310
j0-56,0,537,11240572194174252,1023,262,246,14,False,262
j0-56,0,538,2965607054577787,362,262,278,14,False,262
j0-56,0,539,28321950785428769,1023,268,236,14,False,268
j0-56,0,540,8542047175734375,105,278,310,14,False,278
j0-56,0,541,13185617117193283,13,278,294,14,False,278
j0-56,0,542,32651141141725796,4,294,278,14,False,294
j0-56,0,543,48266384222692918,301,288,278,13,False,288
j0-56,0,544,16441391853203878,311,278,294,14,True,294
j0-56,0,545,10065142399801334,608,262,252,13,True,252
j0-56,0,546,23593987134326776,617,278,288,14,False,278
j0-56,0,547,38179706199899380,1023,288,262,14,False,288
j0-56,0,548,45866436536580348,7,252,252,14,False,252
j0-56,0,549,35982299169834731,1023,278,246,13,False,278
j0-56,0,550,33981325601992272,227,288,304,14,True,304
j0-56,0,551,44351916847788476,338,268,278,13,True,278
j0-56,0,552,29705867761652539,2,304,346,14,False,304
j0-56,0,553,28098059166993841,324,268,246,14,True,246
j0-56,0,554,33359173013649385,1,278,310,14,False,278
j0-56,0,555,17537130848276346,1023,252,252,12,False,252
j0-56,0,556,48738617377956198,311,268,278,13,True,278
j0-56,0,557,41111449976119240,8,304,304,14,False,304
j0-56,0,558,53237854123142511,104,268,300,13,False,268
j0-56,0,559,46098768728228583,1023,252,284,13,False,252
j0-56,0,560,42556975864057389,858,278,230,14,True,230
j0-56,0,561,36468236257993794,105,262,262,14,False,262
j0-56,0,562,7100335292932125,703,278,230,14,True,230
j0-56,0,563,17036638176489407,220,294,294,14,True,294
j0-56,0,564,32388495313586024,2,258,258,12,False,258
j0-56,0,565,10166429069162853,1023,278,294,13,False,278
j0-56,0,566,3633017098554634,106,278,272,14,False,278
j0-56,0,567,38892147458438911,0,294,342,14,False,294
j0-56,0,568,16415540807266331,369,278,294,13,True,294
j0-56,0,569,31351426629378520,218,268,252,13,True,252
j0-56,0,570,41108996205360704,100,262,262,14,True,262
j0-56,0,571,52605945403881476,622,278,278,14,False,278
j0-56,0,572,28354462446687034,97,278,278,14,True,278
j0-56,0,573,7882730137753132,10,278,262,14,False,278
j0-56,0,574,23109984209683153,220,252,288,14,True,288
j0-56,0,575,48523855804784486,1023,268,252,13,False,268
j0-56,0,576,47588003977312170,337,268,252,13,True,252
j0-56,0,577,33505564522796027,97,268,246,13,True,246
j0-56,0,578,48215434718323162,806,252,236,12,True,236
j0-56,0,579,26333610096919661,1023,262,256,14,False,262
j0-56,0,580,4479854690772752,867,268,278,13,False,268
j0-56,0,581,23266404379820131,106,278,262,14,False,278
j0-56,0,582,44096360058523467,95,236,268,14,False,236
j0-56,0,583,37813318223998235,611,304,278,14,True,278
j0-56,0,584,12417137108604725,1,294,316,13,False,294
j0-56,0,585,2475863469160672,0,278,278,15,False,278
j0-56,0,586,33959452543959445,338,278,262,14,True,262
j0-56,0,587,47458467635257344,13,262,262,13,False,262
j0-56,0,588,49525712162999912,1023,268,268,13,False,268
j0-56,0,589,7461974086555956,8,278,304,14,False,278
j0-56,0,590,38378971989156794,674,258,252,12,True,252
j0-56,0,591,53023289498584622,1023,288,300,14,False,288
j0-56,0,592,16336853999200927,353,288,304,14,True,304
j0-56,0,593,53495083566856701,345,304,278,14,True,278
j0-56,0,594,3720881829991950,8,294,348,13,False,294
j0-56,0,595,36217840756688352,95,278,278,14,False,278
j0-56,0,596,7650036448933829,1,278,272,14,False,278
j0-56,0,597,28661420976000995,7,298,288,14,False,298
j0-56,0,598,1364899353180073,95,278,304,14,False,278
j0-56,0,599,21733158102700613,105,278,278,14,False,278
j0-56,0,600,7462909792524023,1,252,252,13,False,252
j0-56,0,601,52003930905576109,104,278,284,14,False,278
j0-56,0,602,20795161990978007,11,278,310,14,False,278
j0-56,0,603,28382726707218571,673,268,284,13,True,284
j0-56,0,604,29169835968003925,746,278,262,13,True,262
j0-56,0,605,30689322904236770,118,236,226,12,True,226
j0-56,0,606,1712685959730903,609,294,310,13,True,310
j0-56,0,607,53322284243668577,104,268,284,13,False,268
j0-56,0,608,23013419531337548,8,268,310,13,False,268
j0-56,0,609,20865006697491884,0,294,278,13,False,294
j0-56,0,610,687100073934835,3,262,278,13,False,262
j0-56,0,611,12673317727941270,742,268,262,13,True,262
j0-56,0,612,46416596710803746,12,242,258,12,False,242
j0-56,0,613,2342096153939702,7,278,272,14,False,278
j0-56,0,614,298109539496652,222,268,288,13,False,268
j0-56,0,615,23355406554135621,106,272,288,14,False,272
j0-56,0,616,20088833704172935,3,262,278,13,False,262
j0-56,0,617,12341234374102495,733,278,262,14,True,262
j0-56,0,618,44836780812335717,1023,278,294,13,False,278
j0-56,0,619,22648716760876984,205,262,284,13,True,284
j0-56,0,620,8220811753167988,104,278,310,14,False,278
j0-56,0,621,1631608272584207,0,294,278,13,False,294
j0-56,0,622,29209387758601019,795,252,278,13,True,278
j0-56,0,623,29859228877044121,1,294,310,14,False,294
j0-56,0,624,52014641187764443,105,268,300,13,False,268
j0-56,0,625,19675172168789744,118,288,252,14,True,252
j0-56,0,626,4055276201977552,215,294,284,13,True,284
j0-56,0,627,35716168518236715,790,278,294,14,True,294
j0-56,0,628,38864672418627167,739,294,252,13,True,252
j0-56,0,629,24117554039762931,11,304,272,14,False,304
j0-56,0,630,17394893413599141,116,278,278,14,True,278
j0-56,0,631,2408102183342562,145,268,284,13,True,284
j0-56,0,632,52303657557608760,885,252,304,14,False,252
j0-56,0,633,16371701864975371,95,278,304,14,False,278
j0-56,0,634,5692412567073461,7,304,272,14,False,304
j0-56,0,635,29970689926734746,8,304,320,14,False,304
j0-56,0,636,699514685084740,12,252,268,12,False,252
j0-56,0,637,45481500009855707,308,304,272,14,True,272
j0-56,0,638,8006159346153980,1023,278,268,13,False,278
j0-56,0,639,42588526774320696,1,278,278,14,False,278
j0-56,0,640,38375205710362341,722,304,284,14,True,284
j0-56,0,641,4459997656495820,3,268,284,13,False,268
j0-56,0,642,51037574531181675,686,226,262,12,True,262
j0-56,0,643,23527059214088946,3,268,252,13,False,268
j0-56,0,644,49815870595639788,1,288,288,14,False,288
j0-56,0,645,47210008426609556,1023,236,262,13,False,236
j0-56,0,646,3542074792982972,104,278,278,14,False,278
j0-56,0,647,14040746492146204,104,304,262,14,False,304
j0-56,0,648,20190187584126268,1023,262,278,14,False,262
j0-56,0,649,6883610158376008,104,294,310,14,False,294
j0-56,0,650,7600325248941857,673,304,272,14,True,272
j0-56,0,651,46951786782284873,12,268,262,13,False,268
j0-56,0,652,29956671660857684,1,268,284,13,False,268
j0-56,0,653,298649263611900,1023,278,256,14,False,278
j0-56,0,654,15841989272271136,8,278,278,14,False,278
j0-56,0,655,52640913357179410,0,278,284,14,False,278
j0-56,0,656,43735267873728672,608,268,278,13,True,278
j0-56,0,657,761724806951983,829,278,246,13,True,246
j0-56,0,658,30245915903985063,858,252,252,12,True,252
j0-56,0,659,18378232555351290,829,252,220,13,True,220
j0-56,0,660,46966059139381217,219,262,262,14,False,262
j0-56,0,661,15003109420983799,827,268,252,13,True,252
j0-56,0,662,3340809807782608,851,278,278,14,True,278
j0-56,0,663,1576326158297890,95,278,278,14,False,278
j0-56,0,664,13925774222764171,707,278,262,14,True,262
j0-56,0,665,12607459997973742,231,268,272,13,True,272
j0-56,0,666,30720816568180888,1023,252,300,13,False,252
j0-56,0,667,8845167444626139,872,288,272,14,False,288
j0-56,0,668,35900457706221674,4,294,310,13,False,294
j0-56,0,669,37550257411463621,16,304,304,15,False,304
j0-56,0,670,30650282517003671,0,262,342,14,False,262
j0-56,0,671,18193361391458868,224,278,288,14,False,278
j0-56,0,672,39573131245985748,3,278,326,14,False,278
j0-56,0,673,658229521287920,7,278,310,14,False,278
j0-56,0,674,39066562238991278,169,278,288,14,True,288
j0-56,0,675,25292040957389482,95,278,304,14,False,278
j0-56,0,676,46523639408811805,1023,262,246,13,False,262
j0-56,0,677,36937891182572595,366,262,288,14,False,262
j0-56,0,678,15600171876749511,673,262,310,14,True,310
j0-56,0,679,16246758610438894,200,294,268,13,True,268
j0-56,0,680,14551705361729069,98,278,278,14,True,278
j0-56,0,681,11342205227869885,879,246,246,13,False,246
j0-56,0,682,46207997551134927,168,278,278,14,True,278
j0-56,0,683,46850153632523657,883,278,246,14,True,246
j0-56,0,684,7782205369164090,8,278,278,14,False,278
j0-56,0,685,31283772056096725,231,262,262,14,True,262
j0-56,0,686,13260204531371027,11,278,288,14,False,278
j0-56,0,687,50527140093753208,632,262,262,14,True,262
j0-56,0,688,37751404076391907,11,278,272,14,False,278
j0-56,0,689,51055739312002334,1023,278,246,13,False,278
j0-56,0,690,25071583327932357,219,278,314,14,False,278
j0-56,0,691,1560585764590616,604,278,278,14,True,278
j0-56,0,692,43837172780301973,117,288,278,14,False,288
j0-56,0,693,45139951378616890,876,252,246,13,False,252
j0-56,0,694,5405831293492640,868,294,252,14,True,252
j0-56,0,695,50854446137232821,1023,252,268,13,False,252
j0-56,0,696,41677809502776148,2,252,252,12,False,252
j0-56,0,697,45278087387816359,7,278,304,14,False,278
j0-56,0,698,9028146065437497,0,268,294,14,False,268
j0-56,0,699,43254751564423022,3,268,284,13,False,268
j0-56,0,700,10969591123430139,357,278,278,14,True,278
j0-56,0,701,14818465283428825,871,278,278,14,True,278
j0-56,0,702,35617368163402069,842,288,262,14,True,262
j0-56,0,703,17354666781640309,104,252,252,13,False,252
j0-56,0,704,49365016657161505,4,294,310,14,False,294
j0-56,0,705,10695067590329886,104,278,262,14,False,278
j0-56,0,706,16701558051219742,214,278,262,14,True,262
j0-56,0,707,638424626107608,95,278,310,14,False,278
j0-56,0,708,12288098541041896,98,268,278,13,True,278
j0-56,0,709,31039508942412480,2,304,262,14,False,304
j0-56,0,710,16966399174940597,7,268,288,13,False,268
j0-56,0,711,45529115059538723,888,304,278,14,False,304
j0-56,0,712,49135871995568602,208,278,236,13,True,236
j0-56,0,713,27047403831470575,240,226,220,12,False,226
j0-56,0,714,34986298545513261,104,252,268,14,False,252
j0-56,0,715,24487778728915379,1,268,268,13,False,268
j0-56,0,716,49375234276510290,2,294,294,13,False,294
j0-56,0,717,13075293849993725,0,268,336,14,False,268
j0-56,0,718,33887441817322322,617,252,252,12,False,252
j0-56,0,719,37561583732635351,105,268,278,13,False,268
j0-56,0,720,18075655003250169,95,278,310,14,False,278
j0-56,0,721,14366901324149697,0,268,268,13,False,268
j0-56,0,722,4884965590756435,805,272,288,14,True,288
j0-56,0,723,31172697703287228,12,268,252,13,False,268
j0-56,0,724,13337861391930191,95,262,262,14,False,262
j0-56,0,725,35241872224916824,114,288,304,15,True,304
j0-56,0,726,36527058649539798,860,294,278,14,True,278
j0-56,0,727,48931016922392375,216,288,282,14,True,282
j0-56,0,728,7819692831033387,658,268,252,13,True,252
j0-56,0,729,29119552866740181,109,252,252,13,False,252
j0-56,0,730,10354722569938751,341,268,236,13,True,236
j0-56,0,731,52809641605861553,11,268,252,13,False,268
j0-56,0,732,9190929370946703,3,268,262,13,False,268
j0-56,0,733,43961188263311087,610,294,288,14,True,288
j0-56,0,734,30781167440046169,3,294,278,14,False,294
j0-56,0,735,2623758390756544,751,262,278,14,False,262
j0-56,0,736,42282701016392943,3,242,252,12,False,242
j0-56,0,737,35191262951824604,106,278,304,14,False,278
j0-56,0,738,4603826908937404,208,268,236,13,True,236
j0-56,0,739,26366295820376124,230,278,262,14,True,262
j0-56,0,740,15160279458186801,175,268,284,13,False,268
j0-56,0,741,14156522739267468,698,288,278,14,True,278
j0-56,0,742,23191704607027403,228,268,252,13,True,252
j0-56,0,743,18204352547649167,245,252,236,13,False,252
j0-56,0,744,49946733930850040,7,262,310,14,False,262
j0-56,0,745,36970530461889865,868,278,336,14,True,336
j0-56,0,746,200372922797564,1023,252,262,13,False,252
j0-56,0,747,6469181501964402,0,294,316,13,False,294
j0-56,0,748,42764933881959512,1023,272,294,14,False,272
j0-56,0,749,47156088556392907,95,268,268,13,False,268
j0-56,0,750,18750854940804681,95,226,252,12,False,226
j0-56,0,751,17881384819258046,353,278,246,14,True,246
j0-56,0,752,697468209835664,6,268,278,13,False,268
j0-56,0,753,33689045150202716,95,288,278,14,False,288
j0-56,0,754,23119468341425554,106,252,252,13,False,252
j0-56,0,755,41685892846147926,207,252,236,12,True,236
j0-56,0,756,47097781373146416,95,242,258,12,False,242
j0-56,0,757,12922402861194401,0,278,252,14,False,278
j0-56,0,758,6991940085123616,375,278,278,13,False,278
j0-56,0,759,20900592172276710,8,272,304,14,False,272
j0-56,0,760,36583788517763749,104,268,284,13,False,268
j0-56,0,761,10710331972066704,2,268,278,13,False,268
j0-56,0,762,31883009064497923,0,268,284,13,False,268
j0-56,0,763,51257656682961444,224,294,310,14,False,294
j0-56,0,764,19269595763777564,344,278,262,14,True,262
j0-56,0,765,13783985426638794,104,262,278,14,False,262
j0-56,0,766,30211084744185404,105,268,284,12,False,268
j0-56,0,767,44775063584366002,195,294,310,14,True,310
j0-56,0,768,1156913040705036,106,304,342,14,False,304
j0-56,0,769,17223443338798492,104,304,304,14,False,304
j0-56,0,770,11733722350433852,1023,304,294,14,False,304
j0-56,0,771,19978485143106888,871,294,278,14,True,278
j0-56,0,772,27308577718015078,884,252,284,13,False,252
j0-56,0,773,53190965099572252,105,294,304,14,False,294
j0-56,0,774,50351334041489384,1023,278,262,14,False,278
j0-56,0,775,45314662261001489,200,288,262,14,True,262
j0-56,0,776,40850748259283681,222,242,252,12,False,242
j0-56,0,777,6907388505675504,321,268,284,13,False,268
j0-56,0,778,11004015617048630,318,278,282,14,True,282
j0-56,0,779,46239025775440647,848,268,258,13,True,258
j0-56,0,780,6440804861742414,2,262,256,14,False,262
j0-56,0,781,47390659435547370,368,242,294,12,False,242
j0-56,0,782,18308388445433897,1023,246,230,14,False,246
j0-56,0,783,18700795418064173,211,268,284,12,True,284
j0-56,0,784,4264600979618788,11,278,342,14,False,278
j0-56,0,785,46495294305516907,8,288,320,14,False,288
j0-56,0,786,18015617989524286,1023,278,262,14,False,278
j0-56,0,787,50079140628602221,95,278,262,14,False,278
j0-56,0,788,15535095369611738,343,278,252,14,True,252
j0-56,0,789,30653605231816378,223,262,262,14,False,262
j0-56,0,790,44625464143317868,872,262,278,14,False,262
j0-56,0,791,51237445600803744,7,288,304,14,False,288
j0-56,0,792,10879564229143762,712,278,246,13,True,246
j0-56,0,793,36834083724342448,866,236,236,14,True,236
j0-56,0,794,11767817583632803,174,304,262,14,True,262
j0-56,0,795,8889992224808077,10,262,252,14,False,262
j0-56,0,796,28442881975053061,11,278,304,14,False,278
j0-56,0,797,19171843667792507,733,268,262,13,True,262
j0-56,0,798,29106103604553045,1023,278,246,14,False,278
j0-56,0,799,16648258488922215,218,268,252,13,True,252
j0-56,0,800,20449673462685996,95,268,284,13,False,268
j0-56,0,801,29132088504027998,244,278,294,14,False,278
j0-56,0,802,28984034294574975,95,268,284,12,False,268
j0-56,0,803,18451217456315547,865,278,278,14,True,278
j0-56,0,804,16468797238423842,1023,278,288,13,False,278
j0-56,0,805,19732431763951774,105,278,272,14,False,278
j0-56,0,806,38530336351554775,229,268,252,13,True,252
j0-56,0,807,35576171572479309,1023,278,300,13,False,278
j0-56,0,808,38322643183246003,726,268,316,13,True,316
j0-56,0,809,45971447411226023,7,278,310,14,False,278
j0-56,0,810,23754375327168051,329,236,252,13,True,252
j0-56,0,811,14118049266879198,699,294,278,13,True,278
j0-56,0,812,45224425933067714,161,268,262,13,True,262
j0-56,0,813,42435662999134781,8,288,278,13,False,288
j0-56,0,814,19369837951017610,1023,278,298,14,False,278
j0-56,0,815,50995372382653648,866,288,288,13,True,288
j0-56,0,816,37824640680193699,95,288,304,14,False,288
j0-56,0,817,28922535264746077,860,278,284,13,True,284
j0-56,0,818,45631537304999169,1023,282,262,13,False,282
j0-56,0,819,9188122882448788,807,268,246,13,True,246
j0-56,0,820,45054126349758140,856,294,294,14,True,294
j0-56,0,821,24207591322781510,605,268,236,12,True,236
j0-56,0,822,1457547117890247,727,294,272,14,True,272
j0-56,0,823,30585035371526048,811,288,272,14,True,272
j0-56,0,824,11881119555377603,829,268,284,13,True,284
j0-56,0,825,13675952414039858,1023,246,304,14,False,246
j0-56,0,826,49688205550584938,309,294,284,13,False,294
j0-56,0,827,14331013654583458,1,258,258,12,False,258
j0-56,0,828,22281977932531421,710,278,278,14,True,278
j0-56,0,829,36697775847752643,323,278,272,14,True,272
j0-56,0,830,4476607014833119,95,268,284,13,False,268
j0-56,0,831,43223946919474592,235,252,252,13,True,252
j0-56,0,832,18461234659953448,312,262,288,14,True,288
j0-56,0,833,22510162361175473,8,278,298,14,False,278
j0-56,0,834,1608996368154763,1023,268,268,13,False,268
j0-56,0,835,10585047382154119,878,262,246,13,True,246
j0-56,0,836,47642878058245825,852,278,304,14,False,278
j0-56,0,837,16428424652244796,719,294,288,14,True,288
j0-56,0,838,19760020171183469,4,278,294,14,False,278
j0-56,0,839,28067200485640471,848,278,278,14,True,278
j0-56,0,840,53100331778745111,9,268,278,13,False,268
j0-56,0,841,12971029619867387,104,252,236,14,False,252
j0-56,0,842,12820141380983387,1,268,300,12,False,268
j0-56,0,843,9362675133888256,3,294,278,14,False,294
j0-56,0,844,10748061358661982,106,242,258,11,False,242
j0-56,0,845,26508108521504769,1023,288,288,15,False,288
j0-56,0,846,25855773955057761,161,278,272,14,True,272
j0-56,0,847,41937308318037852,1023,278,294,14,False,278
j0-56,0,848,37042356687366330,824,278,252,14,True,252
j0-56,0,849,6393724457585439,376,278,272,14,True,272
j0-56,0,850,33774605916086873,355,268,278,14,True,278
j0-56,0,851,6831178083490700,1023,252,246,13,False,252
j0-56,0,852,24363864718117289,705,278,262,14,True,262
j0-56,0,853,25050923274640072,867,268,284,13,False,268
j0-56,0,854,32440219393842959,161,262,252,13,True,252
j0-56,0,855,6996353218908587,7,268,278,13,False,268
j0-56,0,856,49980795599944888,355,304,294,14,True,294
j0-56,0,857,21306123331112315,1023,278,288,14,False,278
j0-56,0,858,14667111208065303,8,252,284,12,False,252
j0-56,0,859,45657573121345554,673,268,278,13,True,278
j0-56,0,860,48696858710814112,836,278,278,14,True,278
j0-56,0,861,41958374653199137,616,278,252,13,True,252
j0-56,0,862,49380256571099223,3,304,304,14,False,304
j0-56,0,863,6430340803974547,95,278,284,13,False,278
j0-56,0,864,33971820082899632,7,268,284,13,False,268
j0-56,0,865,47000638885884950,804,304,310,14,True,310
j0-56,0,866,48422745887624806,7,278,304,14,False,278
j0-56,0,867,43701552686723876,620,288,278,14,False,288
j0-56,0,868,17570724954448748,1023,278,278,14,False,278
j0-56,0,869,39405428644909616,292,278,272,14,True,272
j0-56,0,870,1584138842789748,0,304,278,14,False,304
j0-56,0,871,27982056216637696,703,236,220,12,True,220
j0-56,0,872,28484872580865068,748,252,252,13,True,252
j0-56,0,873,29384736869329687,218,304,310,14,True,310
j0-56,0,874,1709182295865864,0,268,268,12,False,268
j0-56,0,875,9593904133943116,615,304,304,14,True,304
j0-56,0,876,6227739918794389,12,268,310,13,False,268
j0-56,0,877,21001894672777509,16,304,326,14,False,304
j0-56,0,878,8473242029824939,311,304,304,15,True,304
j0-56,0,879,21321285536611147,703,278,284,14,True,284
j0-56,0,880,27461876288022934,215,278,278,14,True,278
j0-56,0,881,46147751137088200,286,288,262,13,True,262
j0-56,0,882,33125464709575560,12,252,252,13,False,252
j0-56,0,883,53452733863753449,8,294,278,14,False,294
j0-56,0,884,26728306478599765,357,262,262,14,True,262
j0-56,0,885,29576805112966070,2,278,252,14,False,278
j0-56,0,886,13680275341409255,9,268,278,13,False,268
j0-56,0,887,5113281466129448,104,252,268,12,False,252
j0-56,0,888,18452752170426146,7,294,278,13,False,294
j0-56,0,889,20172158463265235,95,252,284,14,False,252
j0-56,0,890,21164883756198752,0,268,284,12,False,268
j0-56,0,891,41939076189742983,692,304,262,14,True,262
j0-56,0,892,13196319309427030,1023,262,294,14,False,262
j0-56,0,893,45127396823800756,95,278,304,14,False,278
j0-56,0,894,3753516065778123,1023,278,262,14,False,278
j0-56,0,895,33752829832735704,697,252,288,13,True,288
j0-56,0,896,52472870160390493,720,278,304,14,True,304
j0-56,0,897,1412606713068403,207,304,278,14,True,278
j0-56,0,898,35955645806855608,95,278,294,14,False,278
j0-56,0,899,6609069867472369,366,262,278,13,False,262
j0-56,0,900,40130809160529849,208,304,272,14,True,272
j0-56,0,901,9164221133344701,104,278,310,13,False,278
j0-56,0,902,7536772308137424,237,262,256,14,False,262
j0-56,0,903,27464706275562007,208,236,236,12,True,236
j0-56,0,904,13485129931808757,104,262,246,14,False,262
j0-56,0,905,10296259187918537,7,262,278,14,False,262
j0-56,0,906,13883743145452694,1023,268,262,13,False,268
j0-56,0,907,11006599864651824,106,268,284,13,False,268
j0-56,0,908,43232754170380309,0,278,262,14,False,278
j0-56,0,909,38625784147752965,7,278,310,14,False,278
j0-56,0,910,7866554919026133,13,278,278,14,False,278
j0-56,0,911,12269663980489461,204,294,246,13,True,246
j0-56,0,912,8213421263832772,226,268,258,12,True,258
j0-56,0,913,12066824415802434,12,294,304,14,False,294
j0-56,0,914,11733971899589886,795,246,262,14,True,262
j0-56,0,915,8271915324433493,12,278,272,14,False,278
j0-56,0,916,14513848740645419,7,294,278,14,False,294
j0-56,0,917,16443810037254814,239,262,284,13,False,262
j0-56,0,918,22338241608892102,295,288,330,15,True,330
j0-56,0,919,52838231331023869,3,252,268,12,False,252
j0-56,0,920,12244606508326681,888,262,252,13,False,262
j0-56,0,921,23512240425849955,2,278,310,13,False,278
j0-56,0,922,42547426510987603,337,304,272,14,True,272
j0-56,0,923,25592659033513238,95,278,294,14,False,278
j0-56,0,924,6487194492196644,105,278,284,13,False,278
j0-56,0,925,5972200746356326,13,268,284,13,False,268
j0-56,0,926,17136724978606657,95,288,288,14,False,288
j0-56,0,927,32186880833483335,2,278,310,14,False,278
j0-56,0,928,48196329880227969,204,294,310,14,True,310
j0-56,0,929,38634204500835834,104,288,272,14,False,288
j0-56,0,930,8481934097871416,300,294,284,13,True,284
j0-56,0,931,36039338745234785,335,252,252,13,True,252
j0-56,0,932,4242979796715544,8,294,314,14,False,294
j0-56,0,933,36522295202621431,1023,288,304,14,False,288
j0-56,0,934,25396827933629678,201,232,216,11,True,216
j0-56,0,935,26248758408465748,217,252,252,13,True,252
j0-56,0,936,50401346446342270,1023,272,272,14,False,272
j0-56,0,937,33047372166133550,0,278,294,13,False,278
j0-56,0,938,32328565264797421,95,304,330,15,False,304
j0-56,0,939,2786426202721532,346,268,268,13,False,268
j0-56,0,940,16138150959927616,110,278,278,14,False,278
j0-56,0,941,1671544582298382,104,268,278,13,False,268
j0-56,0,942,19584208959237504,4,294,278,14,False,294
j0-56,0,943,6642469569433889,722,278,278,14,True,278
j0-56,0,944,42627411609422742,857,268,252,13,False,268
j0-56,0,945,38641078185329111,1023,278,262,14,False,278
j0-56,0,946,1911042965663331,7,278,272,14,False,278
j0-56,0,947,49659183692007938,2,258,274,11,False,258
j0-56,0,948,25488598141992064,102,252,246,13,True,246
j0-56,0,949,49402628354508299,1023,262,278,14,False,262
j0-56,0,950,9999107175806710,7,268,300,12,False,268
j0-56,0,951,41448206737601445,630,262,262,14,False,262
j0-56,0,952,21162299525074444,104,278,272,14,False,278
j0-56,0,953,22526786886864957,0,268,304,14,False,268
j0-56,0,954,6093197570071123,1023,262,294,14,False,262
j0-56,0,955,41721394618850568,1023,256,272,14,False,256
j0-56,0,956,45114371156160098,9,268,268,13,False,268
j0-56,0,957,34153480714861183,95,288,272,14,False,288
j0-56,0,958,47523128270050817,95,278,304,14,False,278
j0-56,0,959,53245692262679850,11,268,284,13,False,268
j0-56,0,960,9259683396146169,7,294,284,13,False,294
j0-56,0,961,9594251957747052,288,278,262,14,True,262
j0-56,0,962,45065361404455316,1023,252,262,13,False,252
j0-56,0,963,16621584144906869,363,268,252,13,True,252
j0-56,0,964,9873389465286940,174,278,252,13,True,252
j0-56,0,965,47107009154908956,95,226,252,12,False,226
j0-56,0,966,51647113678007022,353,288,272,14,True,272
j0-56,0,967,50546025615937920,888,268,278,13,False,268
j0-56,0,968,4591163040948719,872,262,252,13,False,262
j0-56,0,969,13308897736778452,0,268,284,13,False,268
j0-56,0,970,1111093409916887,868,288,252,14,True,252
j0-56,0,971,26920538679539851,3,288,304,14,False,288
j0-56,0,972,50581511570429012,94,262,278,14,True,278
j0-56,0,973,26649994598137466,104,232,258,11,False,232
j0-56,0,974,6493858033677100,146,288,288,14,True,288
j0-56,0,975,36977515507207560,868,278,252,13,True,252
j0-56,0,976,43516034300431640,1023,226,226,12,False,226
j0-56,0,977,30317648356442323,1023,278,294,14,False,278
j0-56,0,978,31007998636292968,867,268,284,13,False,268
j0-56,0,979,15272949212654800,1023,268,268,13,False,268
j0-56,0,980,19178412046343227,106,268,284,13,False,268
j0-56,0,981,4798186843612776,731,268,242,12,True,242
j0-56,0,982,10663536390592520,16,268,278,13,False,268
j0-56,0,983,3709119114741626,352,304,278,14,True,278
j0-56,0,984,32300137572690830,104,278,288,14,False,278
j0-56,0,985,1226952596373564,239,252,278,13,False,252
j0-56,0,986,45367120654236462,1023,272,256,14,False,272
j0-56,0,987,16536728045420313,200,288,256,14,True,256
j0-56,0,988,35284419453915915,1023,252,256,13,False,252
j0-56,0,989,49199976715724455,8,278,278,14,False,278
j0-56,0,990,7076558288153966,156,268,252,13,True,252
j0-56,0,991,10480588235649564,104,268,278,13,False,268
j0-56,0,992,42096251466762499,804,294,304,14,True,304
j0-56,0,993,10623020330030900,333,288,272,14,True,272
j0-56,0,994,46905778239316146,720,294,268,13,True,268
j0-56,0,995,45010609513956562,4,278,342,14,False,278
j0-56,0,996,34017502528065567,1023,278,320,14,False,278
j0-56,0,997,27963441673110333,12,278,282,14,False,278
j0-56,0,998,32186351083369631,366,278,310,14,False,278
j0-56,0,999,25015511377279430,2,262,262,12,False,262
j0-56,0,1000,25890502400695509,174,268,268,13,True,268
j0-56,0,1001,4716167998631225,187,294,252,14,True,252
j0-56,0,1002,27771630501435771,316,278,256,14,True,256
j0-56,0,1003,17839878504224894,12,268,278,13,False,268
j0-56,0,1004,19581021899007152,755,272,262,14,True,262
j0-56,0,1005,25295372350309037,1,252,278,14,False,252
j0-56,0,1006,21153045516426953,101,278,262,14,True,262
j0-56,0,1007,24241383868836677,104,288,278,14,False,288
j0-56,0,1008,10350427343909163,322,294,252,13,True,252
j0-56,0,1009,28296531666383044,334,262,266,14,True,266
j0-56,0,1010,35657421043334720,2,278,310,13,False,278
j0-56,0,1011,48809406917416276,1023,236,236,13,False,236
j0-56,0,1012,48567363290872290,879,278,278,14,False,278
j0-56,0,1013,6227721688195818,1,278,278,14,False,278
j0-56,0,1014,51611325234326882,1023,304,294,14,False,304
j0-56,0,1015,24900040070098327,357,268,252,13,True,252
j0-56,0,1016,34732664660446372,220,268,310,13,True,310
j0-56,0,1017,39971845154047919,734,268,284,13,True,284
j0-56,0,1018,46446480654557124,790,278,278,14,True,278
j0-56,0,1019,41305251539631007,200,278,252,14,True,252
j0-56,0,1020,39668041297090252,810,278,278,14,True,278
j0-56,0,1021,42579967465883175,104,268,284,13,False,268
j0-56,0,1022,38892114316285085,853,294,294,14,True,294
j0-56,0,1023,50898819545893207,8,278,310,14,False,278
j0-56,0,1024,22689152262290393,0,278,278,14,False,278
j0-56,0,1025,3253133081235067,95,268,252,13,False,268
j0-56,0,1026,47663437668372961,117,262,268,14,False,262
j0-56,0,1027,37887338212492790,835,258,258,12,True,258
j0-56,0,1028,51151814895357510,628,288,288,14,True,288
j0-56,0,1029,53360326708400705,828,304,262,14,True,262
j0-56,0,1030,31896598293820661,0,268,294,13,False,268
j0-56,0,1031,53490397335193922,854,268,278,13,True,278
j0-56,0,1032,9203129999389563,611,278,278,14,True,278
j0-56,0,1033,33952088898108633,297,278,252,13,True,252
j0-56,0,1034,11257664663055087,806,278,278,14,True,278
j0-56,0,1035,38713263153130047,1023,278,262,14,False,278
j0-56,0,1036,52459455137234045,104,262,262,13,False,262
j0-56,0,1037,2045234785903024,1,278,278,14,False,278
j0-56,0,1038,12248645602373878,1023,262,272,14,False,262
j0-56,0,1039,39209206413316559,8,268,284,13,False,268
j0-56,0,1040,39105145399437321,875,278,252,13,True,252
j0-56,0,1041,1283430780136359,836,268,258,13,True,258
j0-56,0,1042,38821269844721890,334,268,246,13,True,246
j0-56,0,1043,29881000423716907,352,304,310,14,True,310
j0-56,0,1044,28661779085728142,760,252,278,14,False,252
j0-56,0,1045,9429209390820930,727,268,252,13,True,252
j0-56,0,1046,25046368752467231,248,278,262,13,True,262
j0-56,0,1047,51339125853577519,113,278,278,14,False,278
j0-56,0,1048,45993903202965582,338,278,278,14,True,278
j0-56,0,1049,18023410526902187,247,278,278,14,False,278
j0-56,0,1050,16946305282174006,1023,252,268,13,False,252
j0-56,0,1051,4125369162026816,108,278,262,14,False,278
j0-56,0,1052,33197424741980255,7,278,278,14,False,278
j0-56,0,1053,373076316657341,106,262,246,14,False,262
j0-56,0,1054,31676538923385354,92,288,282,15,True,282
j0-56,0,1055,51477029686317432,16,288,288,14,False,288
j0-56,0,1056,15270587380648349,292,258,226,11,True,226
j0-56,0,1057,51695464530382460,1023,268,294,13,False,268
j0-56,0,1058,38437258555626771,860,294,304,14,True,304
j0-56,0,1059,43340456000749773,3,278,278,13,False,278
j0-56,0,1060,39098977870840724,95,304,320,15,False,304
j0-56,0,1061,19015057312257351,606,252,246,13,True,246
j0-56,0,1062,23253244721733986,1023,262,262,14,False,262
j0-56,0,1063,9875937816964018,2,288,294,14,False,288
j0-56,0,1064,28360324900972052,12,252,252,12,False,252
j0-56,0,1065,42179934158444038,210,288,262,15,True,262
j0-56,0,1066,38038885021153875,1023,278,326,14,False,278
j0-56,0,1067,50178516492113463,105,288,278,14,False,288
j0-56,0,1068,36290084031369966,371,236,256,14,False,236
j0-56,0,1069,41453324863614076,1023,262,262,14,False,262
j0-56,0,1070,29004540125549403,819,268,252,13,True,252
j0-56,0,1071,36758509384932763,206,278,262,14,True,262
j0-56,0,1072,16878878699286916,821,288,272,14,True,272
j0-56,0,1073,34691938072912120,104,278,288,14,False,278
j0-56,0,1074,13638153894272977,95,278,310,13,False,278
j0-56,0,1075,3174785888813402,329,294,268,13,True,268
j0-56,0,1076,44852336134499086,0,294,342,14,False,294
j0-56,0,1077,12007819171278504,97,304,288,14,True,288
j0-56,0,1078,42102574559784626,16,304,304,15,False,304
j0-56,0,1079,29005125021435067,106,268,284,13,False,268
j0-56,0,1080,38648964263252077,104,278,278,14,False,278
j0-56,0,1081,29329270656398769,208,278,236,14,True,236
j0-56,0,1082,2208025273914594,697,268,252,14,True,252
j0-56,0,1083,31648421590610647,95,278,278,14,False,278
j0-56,0,1084,51381363472251946,699,268,284,13,True,284
j0-56,0,1085,41489415923844588,885,278,252,14,False,278
j0-56,0,1086,33743882020546479,105,268,272,13,False,268
j0-56,0,1087,23918682196991571,309,294,272,14,False,294
j0-56,0,1088,33739875565481813,11,278,278,14,False,278
j0-56,0,1089,28929692771223875,0,294,320,14,False,294
j0-56,0,1090,48718764783652085,9,294,304,14,False,294
j0-56,0,1091,49138505194762414,756,278,246,14,True,246
j0-56,0,1092,7800033923164278,7,252,262,13,False,252
j0-56,0,1093,29353767609687382,1023,278,262,14,False,278
j0-56,0,1094,10861295951097008,7,278,268,13,False,278
j0-56,0,1095,53544535226801406,104,278,294,14,False,278
j0-56,0,1096,13609058451131669,7,262,262,14,False,262
j0-56,0,1097,45267560090999003,1023,288,278,14,False,288
j0-56,0,1098,2562971571349077,104,278,278,14,False,278
j0-56,0,1099,507267899574811,1023,278,262,13,False,278
j0-56,0,1100,2428867807352909,98,294,272,14,True,272
j0-56,0,1101,3918813722218980,95,262,272,14,False,262
j0-56,0,1102,38142840437930680,7,294,310,14,False,294
j0-56,0,1103,21624931149580608,7,298,288,14,False,298
j0-56,0,1104,41433503830755465,8,262,290,12,False,262
j0-56,0,1105,6652443872042775,95,252,252,13,False,252
j0-56,0,1106,35597600776716513,9,278,278,13,False,278
j0-56,0,1107,12408413617187393,698,278,304,14,True,304
j0-56,0,1108,44702495547457712,1023,252,268,12,False,252
j0-56,0,1109,10073744053923704,1023,272,288,14,False,272
j0-56,0,1110,17142098567975043,0,294,278,14,False,294
j0-56,0,1111,51312685015074501,621,252,252,13,False,252
j0-56,0,1112,28234314392399122,334,288,256,14,True,256
j0-56,0,1113,18396138505307011,286,278,278,14,True,278
j0-56,0,1114,13578437475446906,1,268,278,13,False,268
j0-56,0,1115,4146176953482223,1,258,258,12,False,258
j0-56,0,1116,20149990886661568,286,252,246,13,True,246
j0-56,0,1117,3650822956009078,151,268,284,13,True,284
j0-56,0,1118,25547905905603960,8,304,278,13,False,304
j0-56,0,1119,38618459358878499,95,278,314,14,False,278
j0-56,0,1120,11180629782521606,312,272,236,13,True,236
j0-56,0,1121,38959128556311117,4,278,284,13,False,278
j0-56,0,1122,17616921726441092,1023,278,236,13,False,278
j0-56,0,1123,52174039699609556,3,268,284,13,False,268
j0-56,0,1124,41550665401645193,212,278,252,14,True,252
j0-56,0,1125,22415230461339147,0,278,294,14,False,278
j0-56,0,1126,12332260925874763,1023,278,262,13,False,278
j0-56,0,1127,9987674600862399,292,278,252,14,True,252
j0-56,0,1128,6681963440605133,842,268,246,13,True,246
j0-56,0,1129,6850189704663939,3,278,278,14,False,278
j0-56,0,1130,20364783718038683,692,278,246,13,True,246
j0-56,0,1131,3123541826023793,1023,288,316,12,False,288
j0-56,0,1132,20770970864102346,821,268,278,13,True,278
j0-56,0,1133,20269891915768407,719,252,236,13,True,236
j0-56,0,1134,11867285924471386,1023,278,268,13,False,278
j0-56,0,1135,27590433747094115,658,268,236,13,True,236
j0-56,0,1136,42664191628192785,185,304,278,14,True,278
j0-56,0,1137,19995287053484157,0,278,278,14,False,278
j0-56,0,1138,9232879119885622,722,278,256,14,True,256
j0-56,0,1139,16755948906781698,1023,278,256,14,False,278
j0-56,0,1140,994175983768454,210,294,252,13,True,252
j0-56,0,1141,13570324933263020,1023,278,294,14,False,278
j0-56,0,1142,30381691687180635,852,278,278,13,False,278
j0-56,0,1143,31354719898071308,718,268,252,12,True,252
j0-56,0,1144,43176845932051351,8,294,278,13,False,294
j0-56,0,1145,3525934557181208,718,278,236,12,True,236
j0-56,0,1146,19861501071831655,822,304,310,14,True,310
j0-56,0,1147,44691907466117867,7,304,342,14,False,304
j0-56,0,1148,17634200486036858,352,294,278,14,True,278
j0-56,0,1149,36043023590920264,673,278,252,14,True,252
j0-56,0,1150,37190690822489463,16,304,304,15,False,304
j0-56,0,1151,2086297332234687,8,268,258,13,False,268
j0-56,0,1152,163039555261768,8,278,262,14,False,278
j0-56,0,1153,53548192018194036,345,278,278,13,True,278
j0-56,0,1154,6465437045829403,221,304,272,14,True,272
j0-56,0,1155,48740023084047149,1023,262,268,13,False,262
j0-56,0,1156,16325393741331771,0,268,284,13,False,268
j0-56,0,1157,5236446979796562,11,278,278,14,False,278
j0-56,0,1158,29805994967086760,759,288,272,14,False,288
j0-56,0,1159,30872834826642890,9,252,278,13,False,252
j0-56,0,1160,1435741377686493,1023,304,288,14,False,304
j0-56,0,1161,33801152286800937,95,278,310,14,False,278
j0-56,0,1162,39265425442839536,342,278,278,14,True,278
j0-56,0,1163,1576817472333915,230,304,262,14,True,262
j0-56,0,1164,36241963478146496,847,294,272,14,True,272
j0-56,0,1165,10274296935511746,1023,252,252,13,False,252
j0-56,0,1166,2726316742190499,3,294,262,13,False,294
j0-56,0,1167,27018413130929319,747,304,272,14,True,272
j0-56,0,1168,4886738328625112,4,252,284,13,False,252
j0-56,0,1169,42263749205765358,1023,252,262,13,False,252
j0-56,0,1170,53203483318864591,95,278,278,14,False,278
j0-56,0,1171,33869122813562466,95,252,336,14,False,252
j0-56,0,1172,38911043311895665,13,252,252,13,False,252
j0-56,0,1173,33109848908981794,827,252,278,14,True,278
j0-56,0,1174,51643225454838254,883,278,272,14,True,272
j0-56,0,1175,11231503315835311,7,278,278,13,False,278
j0-56,0,1176,7411908618101340,806,252,262,13,True,262
j0-56,0,1177,49200481185249119,1023,278,294,14,False,278
j0-56,0,1178,38756420444682909,359,294,258,12,True,258
j0-56,0,1179,39407028853751674,104,278,336,14,False,278
j0-56,0,1180,26337411141444370,1023,278,236,14,False,278
j0-56,0,1181,10502484492947512,1023,278,268,13,False,278
j0-56,0,1182,6842889194131028,609,268,252,13,True,252
j0-56,0,1183,40111254233102404,104,278,278,13,False,278
j0-56,0,1184,13783810224171915,104,278,310,14,False,278
j0-56,0,1185,13680147148487019,1023,262,284,12,False,262
j0-56,0,1186,37558287517133713,10,278,310,14,False,278
j0-56,0,1187,14736474734232598,0,278,304,14,False,278
j0-56,0,1188,27073307598503679,8,278,300,13,False,278
j0-56,0,1189,31983013857726704,104,252,284,14,False,252
j0-56,0,1190,22122332347103397,11,294,310,14,False,294
j0-56,0,1191,40817959744496066,1023,268,268,13,False,268
j0-56,0,1192,45779112972517207,0,278,310,14,False,278
j0-56,0,1193,35015825634474184,718,258,258,12,True,258
j0-56,0,1194,43437184929123693,733,268,236,13,True,236
j0-56,0,1195,20865637931098492,369,252,252,14,True,252
j0-56,0,1196,32182638403511504,1023,288,278,14,False,288
j0-56,0,1197,5193428584129364,200,252,236,13,True,236
j0-56,0,1198,7496942509481149,104,268,278,13,False,268
j0-56,0,1199,12286741977074960,3,288,278,14,False,288
j0-56,0,1200,29753404569653473,1,294,304,14,False,294
j0-56,0,1201,35055736400061657,95,252,304,14,False,252
j0-56,0,1202,50926178747183578,1023,252,268,12,False,252
j0-56,0,1203,61483844322145,1023,262,268,13,False,262
j0-56,0,1204,32967849956826213,1,252,258,13,False,252
j0-56,0,1205,408524079007692,9,236,304,14,False,236
j0-56,0,1206,21215227399649171,3,288,310,14,False,288
j0-56,0,1207,27811662920663814,1,278,284,12,False,278
j0-56,0,1208,28784110348250939,697,278,252,14,True,252
j0-56,0,1209,3125399261235808,875,252,252,12,True,252
j0-56,0,1210,6823377242983839,104,262,278,13,False,262
j0-56,0,1211,47305392002592450,104,278,272,14,False,278
j0-56,0,1212,37094147814126555,112,268,278,13,False,268
j0-56,0,1213,13995256957657673,11,262,252,14,False,262
j0-56,0,1214,23018764681541749,710,294,272,14,True,272
j0-56,0,1215,19477458017018438,1023,278,246,13,False,278
j0-56,0,1216,35975944417161093,1023,236,236,13,False,236
j0-56,0,1217,19298699030982724,373,268,284,13,False,268
j0-56,0,1218,47755600299177414,162,258,262,12,False,258
j0-56,0,1219,28872993666580836,1023,278,294,14,False,278
j0-56,0,1220,40541440591368350,8,278,288,14,False,278
j0-56,0,1221,12529942383510984,674,294,262,13,True,262
j0-56,0,1222,568648175991349,98,278,236,14,True,236
j0-56,0,1223,52548951370363008,811,278,246,13,True,246
j0-56,0,1224,6517395597887691,0,268,284,13,False,268
j0-56,0,1225,40126776324318851,194,252,278,14,True,278
j0-56,0,1226,31093897846207431,95,278,310,14,False,278
j0-56,0,1227,3500325237583593,747,278,278,14,True,278
j0-56,0,1228,30112553201527035,104,294,278,14,False,294
j0-56,0,1229,4966603243434326,7,262,272,14,False,262
j0-56,0,1230,20397607337247772,115,278,304,14,False,278
j0-56,0,1231,40699480319114032,3,288,288,14,False,288
j0-56,0,1232,22847776275478378,7,304,304,14,False,304
j0-56,0,1233,37986801394915224,882,278,278,14,True,278
j0-56,0,1234,35385960685486900,95,278,288,14,False,278
j0-56,0,1235,30937474790115269,1023,304,320,14,False,304
j0-56,0,1236,40095934416756417,113,262,262,14,False,262
j0-56,0,1237,50509433384465000,354,262,342,14,True,342
j0-56,0,1238,47619815082730913,105,294,336,14,False,294
j0-56,0,1239,26036729291888787,305,252,252,13,True,252
j0-56,0,1240,43022417328771708,13,294,310,14,False,294
j0-56,0,1241,41440564075042950,234,272,278,14,False,272
j0-56,0,1242,5828952928356166,730,262,246,14,True,246
j0-56,0,1243,19347988815041214,91,294,278,13,True,278
j0-56,0,1244,22490653583718122,104,278,326,14,False,278
j0-56,0,1245,24040826199661277,3,272,284,13,False,272
j0-56,0,1246,706685679431653,820,278,304,14,True,304
j0-56,0,1247,10210783141503581,8,278,342,14,False,278
j0-56,0,1248,833633382262644,95,262,294,14,False,262
j0-56,0,1249,44144637905960220,95,294,316,14,False,294
j0-56,0,1250,17132332018439019,235,288,278,14,True,278
j0-56,0,1251,3076562702251477,105,262,284,14,False,262
j0-56,0,1252,5675190381473539,613,278,262,14,True,262
j0-56,0,1253,4148961314677488,4,288,304,14,False,288
j0-56,0,1254,1699279051196619,342,294,342,14,True,342
j0-56,0,1255,13480943487541696,0,262,268,13,False,262
j0-56,0,1256,33978406702622895,1,294,310,14,False,294
j0-56,0,1257,33320926367433678,2,294,304,14,False,294
j0-56,0,1258,14957843389585475,615,268,236,13,True,236
j0-56,0,1259,2302883194169189,7,262,278,14,False,262
j0-56,0,1260,40057133044720564,94,278,278,14,True,278
j0-56,0,1261,50680720269313851,0,288,336,14,False,288
j0-56,0,1262,1657586723147579,156,268,284,13,True,284
j0-56,0,1263,51987803805387474,315,278,262,14,True,262
j0-56,0,1264,28399580574711333,827,268,252,13,True,252
j0-56,0,1265,36513579782449251,837,288,252,14,True,252
j0-56,0,1266,35498408750578313,146,278,278,15,True,278
j0-56,0,1267,43085254966992273,16,304,294,14,False,304
j0-56,0,1268,42262964575183391,325,278,252,14,True,252
j0-56,0,1269,20871435121886137,848,268,304,13,True,304
j0-56,0,1270,42551346808040128,628,288,278,14,True,278
j0-56,0,1271,4123012374926201,224,268,320,13,False,268
j0-56,0,1272,49163769811583709,104,278,252,14,False,278
j0-56,0,1273,2404682253766604,231,268,236,13,True,236
j0-56,0,1274,53496464048746052,181,278,262,14,True,262
j0-56,0,1275,2425767374767637,3,252,284,13,False,252
j0-56,0,1276,40227500272135329,704,262,262,13,True,262
j0-56,0,1277,5592174685186954,146,252,278,13,True,278
j0-56,0,1278,38652215131628618,7,294,304,14,False,294
j0-56,0,1279,43504420849397879,1023,262,262,13,False,262
j0-56,0,1280,20572728118330078,215,304,304,14,True,304
j0-56,0,1281,32302960081661058,731,268,262,13,True,262
j0-56,0,1282,19387788993768940,833,278,278,13,True,278
j0-56,0,1283,11950270214967710,874,242,232,11,False,242
j0-56,0,1284,46277166761502670,324,294,262,14,True,262
j0-56,0,1285,20305144104982983,9,304,310,14,False,304
j0-56,0,1286,5263743659409044,106,252,252,12,False,252
j0-56,0,1287,52510187029670311,1023,278,262,14,False,278
j0-56,0,1288,34750533451163227,619,268,252,13,True,252
j0-56,0,1289,26413703125368676,278,284,272,14,False,284
j0-56,0,1290,3315631595999042,2,268,284,13,False,268
j0-56,0,1291,6113203360694972,207,278,252,13,True,252
j0-56,0,1292,11855580870070647,95,278,304,14,False,278
j0-56,0,1293,16368666448300274,877,278,278,14,True,278
j0-56,0,1294,23452724987010979,873,278,272,14,True,272
j0-56,0,1295,45081791278699735,4,294,310,14,False,294
j0-56,0,1296,49332836157981009,199,294,272,14,True,272
j0-56,0,1297,5711093568116543,95,278,342,13,False,278
j0-56,0,1298,23939039136774464,104,252,278,13,False,252
j0-56,0,1299,15007774799099192,95,278,278,14,False,278
j0-56,0,1300,40327373647560725,1023,252,236,13,False,252
j0-56,0,1301,21056537037992013,325,278,278,14,True,278
j0-56,0,1302,24038203376462355,4,262,278,13,False,262
j0-56,0,1303,47424415155687262,604,278,272,14,True,272
j0-56,0,1304,20699146947114316,856,268,284,13,True,284
j0-56,0,1305,47027418830852569,849,278,316,13,True,316
j0-56,0,1306,44004864478094626,8,278,304,14,False,278
j0-56,0,1307,52637686707799889,12,278,294,14,False,278
j0-56,0,1308,23742289629693598,211,278,278,13,True,278
j0-56,0,1309,3988551391548901,807,288,288,14,True,288
j0-56,0,1310,38458749981174061,7,288,304,14,False,288
j0-56,0,1311,30970880513621261,318,294,278,13,True,278
j0-56,0,1312,29903630141179813,365,278,278,14,True,278
j0-56,0,1313,18709033115557189,722,278,278,14,True,278
j0-56,0,1314,35498013926718105,95,262,262,14,False,262
j0-56,0,1315,5340202231442162,11,268,284,13,False,268
j0-56,0,1316,39497950411470170,705,268,288,13,True,288
j0-56,0,1317,19586593747215657,880,304,278,14,False,304
j0-56,0,1318,20001185810584142,837,262,278,14,True,278
j0-56,0,1319,53390227989453405,1,268,278,13,False,268
j0-56,0,1320,34129108992099600,0,278,262,14,False,278
j0-56,0,1321,28377995546890819,613,294,272,14,True,272
j0-56,0,1322,7856400946343382,146,268,252,13,True,252
j0-56,0,1323,43251862907811879,371,288,304,14,False,288
j0-56,0,1324,12136740633703966,95,288,288,13,False,288
j0-56,0,1325,37418760979986177,1,268,278,14,False,268
j0-56,0,1326,41617437527418716,1023,278,294,14,False,278
j0-56,0,1327,1821148665069079,4,278,272,15,False,278
j0-56,0,1328,43550716595267747,342,304,304,14,True,304
j0-56,0,1329,15912561470659857,3,278,294,14,False,278
j0-56,0,1330,51004868951239511,352,262,246,13,True,246
j0-56,0,1331,47152771876415719,759,236,272,13,False,236
j0-56,0,1332,27302442374470826,104,278,304,14,False,278
j0-56,0,1333,16930465744872521,877,288,278,14,True,278
j0-56,0,1334,49404752428578803,835,294,304,14,True,304
j0-56,0,1335,28929714160030763,1,262,262,13,False,262
j0-56,0,1336,14369869002852291,810,262,246,14,True,246
j0-56,0,1337,45017933089177353,862,268,272,13,True,272
j0-56,0,1338,2655978987792830,1023,242,274,12,False,242
j0-56,0,1339,49583269376438683,1,278,342,14,False,278
j0-56,0,1340,11766801073446994,854,268,252,13,True,252
j0-56,0,1341,52774254895900955,104,268,242,11,False,268
j0-56,0,1342,40120955171181459,211,278,246,14,True,246
j0-56,0,1343,46438196561367509,0,268,300,13,False,268
j0-56,0,1344,34574272489334316,105,268,278,13,False,268
j0-56,0,1345,41753691661684013,750,262,278,14,False,262
j0-56,0,1346,34763089116141507,11,304,310,14,False,304
j0-56,0,1347,7456612846667474,611,294,310,13,True,310
j0-56,0,1348,26049340620315514,1023,278,326,14,False,278
j0-56,0,1349,20517214670638469,1023,288,294,14,False,288
j0-56,0,1350,28626598474083357,95,304,320,14,False,304
j0-56,0,1351,13407345025183060,1023,278,272,14,False,278
j0-56,0,1352,18685653036688822,208,294,278,14,True,278
j0-56,0,1353,46068073359510263,1023,268,268,13,False,268
j0-56,0,1354,13271089278294144,879,278,278,14,False,278
j0-56,0,1355,8679483998358191,605,294,278,14,True,278
j0-56,0,1356,7049309468578585,95,278,294,13,False,278
j0-56,0,1357,1404414813514663,1023,252,252,12,False,252
j0-56,0,1358,35198909155854962,806,262,278,14,True,278
j0-56,0,1359,38985156567940618,864,278,278,14,True,278
j0-56,0,1360,11183182170091642,617,278,278,14,False,278
j0-56,0,1361,6735717553145642,363,278,278,14,True,278
j0-56,0,1362,12145099999887356,699,278,288,14,True,288
j0-56,0,1363,27836105047963625,630,262,278,14,False,262
j0-56,0,1364,7350694025370268,1023,268,268,13,False,268
j0-56,0,1365,46794990061933983,1023,278,262,14,False,278
j0-56,0,1366,23842159747021035,373,304,278,14,False,304
j0-56,0,1367,32061598771276426,16,294,288,14,False,294
j0-56,0,1368,2473171249442865,609,294,310,14,True,310
j0-56,0,1369,14119900558965051,837,288,278,14,True,278
j0-56,0,1370,854547698652397,8,304,278,14,False,304
j0-56,0,1371,18992809618116166,346,278,278,14,False,278
j0-56,0,1372,36474712940591865,614,268,284,13,True,284
j0-56,0,1373,14990187254786879,16,268,310,13,False,268
j0-56,0,1374,51191351313198382,339,304,278,14,True,278
j0-56,0,1375,11869111348868494,105,278,278,14,False,278
j0-56,0,1376,12297611827206462,16,294,288,14,False,294
j0-56,0,1377,49278919739250493,1023,278,236,13,False,278
j0-56,0,1378,46221649140069057,226,268,252,13,True,252
j0-56,0,1379,7548344630645607,703,294,278,13,True,278
j0-56,0,1380,46765918601501410,712,268,252,13,True,252
j0-56,0,1381,51579618464694113,104,278,310,14,False,278
j0-56,0,1382,28878014527403818,156,288,278,14,True,278
j0-56,0,1383,40203084206558008,104,278,278,14,False,278
j0-56,0,1384,28968903727140825,95,304,310,14,False,304
j0-56,0,1385,9558817637996278,754,268,284,13,False,268
j0-56,0,1386,12403277086092269,4,278,278,14,False,278
j0-56,0,1387,33671600511353251,0,262,262,14,False,262
j0-56,0,1388,9104972464929048,286,278,262,14,True,262
j0-56,0,1389,24727589661926209,749,252,236,12,False,252
j0-56,0,1390,28889897930684069,12,278,294,13,False,278
j0-56,0,1391,8253820427760647,870,278,278,15,True,278
j0-56,0,1392,32601401545267777,311,294,304,14,True,304
j0-56,0,1393,20932495230941271,0,258,258,12,False,258
j0-56,0,1394,26862771251085375,11,278,268,13,False,278
j0-56,0,1395,40023650663197290,1,268,316,13,False,268
j0-56,0,1396,41049854183423040,236,268,252,12,True,252
j0-56,0,1397,30662759947457431,222,268,278,13,False,268
j0-56,0,1398,24003701174003796,698,278,262,14,True,262
j0-56,0,1399,50842596379675658,214,268,284,13,True,284
j0-56,0,1400,32897359833016674,95,258,258,12,False,258
j0-56,0,1401,23620570919160013,95,278,278,13,False,278
j0-56,0,1402,25047868687916591,748,278,278,14,True,278
j0-56,0,1403,38083019863045741,305,262,246,14,True,246
j0-56,0,1404,16889908153486002,2,268,278,13,False,268
j0-56,0,1405,24898457971551645,616,278,284,13,True,284
j0-56,0,1406,9328895359565247,95,278,310,14,False,278
j0-56,0,1407,53501530682078903,877,278,278,14,True,278
j0-56,0,1408,51911882216822594,13,294,304,14,False,294
j0-56,0,1409,24296357069786453,2,278,278,14,False,278
j0-56,0,1410,3400459952926686,104,294,294,13,False,294
j0-56,0,1411,26276703111869147,112,262,304,14,False,262
j0-56,0,1412,22119559157132518,95,278,310,14,False,278
j0-56,0,1413,27823236727241494,348,268,278,13,True,278
j0-56,0,1414,53354364604841628,7,252,268,13,False,252
j0-56,0,1415,35798481471940721,6,252,310,13,False,252
j0-56,0,1416,3996039528403207,613,268,258,12,True,258
j0-56,0,1417,17544077698408803,220,268,226,12,True,226
j0-56,0,1418,7494871281631049,95,268,268,13,False,268
j0-56,0,1419,47856644435561765,0,288,294,14,False,288
j0-56,0,1420,29290593170034389,104,278,278,14,False,278
j0-56,0,1421,26730328036226598,222,252,252,13,False,252
j0-56,0,1422,14610627302641768,2,278,262,14,False,278
j0-56,0,1423,36177526358372680,195,268,278,13,True,278
j0-56,0,1424,30321778511610943,7,278,288,14,False,278
j0-56,0,1425,4655939665087816,95,304,304,14,False,304
j0-56,0,1426,23880346892205486,308,294,262,14,True,262
j0-56,0,1427,18855037412586462,104,252,272,13,False,252
j0-56,0,1428,12510724350735922,234,278,262,14,False,278
j0-56,0,1429,19594178830522220,95,262,262,15,False,262
j0-56,0,1430,35557294714648283,193,268,252,13,True,252
j0-56,0,1431,20653851814889152,9,252,252,13,False,252
j0-56,0,1432,23135559840641258,9,226,242,11,False,226
j0-56,0,1433,37961318554418823,104,278,284,14,False,278
j0-56,0,1434,52720723524063369,806,242,258,12,True,258
j0-56,0,1435,45606250727822819,7,268,268,13,False,268
j0-56,0,1436,31664463936756285,104,268,274,12,False,268
j0-56,0,1437,9436152530951320,95,304,330,15,False,304
j0-56,0,1438,4911565703303205,1023,252,268,12,False,252
j0-56,0,1439,47156035966104589,3,252,268,14,False,252
j0-56,0,1440,42774785798434025,3,262,294,13,False,262
j0-56,0,1441,1821584974337718,4,294,252,13,False,294
j0-56,0,1442,12891510918012447,12,294,310,14,False,294
j0-56,0,1443,51427663391152683,8,278,278,14,False,278
j0-56,0,1444,43244433760120144,186,278,272,14,True,272
j0-56,0,1445,43236953209267824,8,278,304,14,False,278
j0-56,0,1446,20727773806870237,4,278,272,14,False,278
j0-56,0,1447,53491727870258883,311,268,226,12,True,226
j0-56,0,1448,11015788910918287,354,304,246,14,True,246
j0-56,0,1449,2800414934058450,716,262,246,14,True,246
j0-56,0,1450,38697541333862043,12,288,288,14,False,288
j0-56,0,1451,19114131954644488,2,262,268,13,False,262
j0-56,0,1452,12421929920881515,674,278,310,14,True,310
j0-56,0,1453,23527483720187225,1023,288,262,13,False,288
j0-56,0,1454,35386461870539588,104,288,320,14,False,288
j0-56,0,1455,17051208559242317,105,252,284,13,False,252
j0-56,0,1456,28699522956014547,859,242,258,12,False,242
j0-56,0,1457,43060857045961126,120,278,310,14,False,278
j0-56,0,1458,23223149737957767,104,278,288,14,False,278
j0-56,0,1459,35372482872201939,843,268,252,13,True,252
j0-56,0,1460,13556985978539308,1,294,278,14,False,294
j0-56,0,1461,48784808847838013,705,294,278,14,True,278
j0-56,0,1462,10131478468816889,861,294,294,14,True,294
j0-56,0,1463,18849028137796821,11,294,310,14,False,294
j0-56,0,1464,36874018618485613,1023,278,262,13,False,278
j0-56,0,1465,25246605128219390,13,272,284,13,False,272
j0-56,0,1466,33577756933981542,336,258,246,12,True,246
j0-56,0,1467,44225023071171392,757,278,226,13,True,226
j0-56,0,1468,36947830812523901,3,278,300,14,False,278
j0-56,0,1469,50879626188929772,104,278,326,14,False,278
j0-56,0,1470,35125395532358304,16,278,262,14,False,278
j0-56,0,1471,40062505304190770,106,252,252,13,False,252
j0-56,0,1472,40836958597821385,833,278,278,13,True,278
j0-56,0,1473,38789092779203403,1,304,294,14,False,304
j0-56,0,1474,9805559380888458,105,262,252,13,False,262
j0-56,0,1475,21134860800048581,3,278,278,14,False,278
j0-56,0,1476,31172418165086073,1023,304,294,14,False,304
j0-56,0,1477,25199727359179552,757,278,278,14,True,278
j0-56,0,1478,11969033359478720,4,288,288,14,False,288
j0-56,0,1479,27296840724795829,1023,278,268,13,False,278
j0-56,0,1480,16161847734110833,215,242,226,13,True,226
j0-56,0,1481,13292715366745245,843,278,278,14,True,278
j0-56,0,1482,1285734983833206,8,304,304,14,False,304
j0-56,0,1483,51339763857324009,222,278,262,14,False,278
j0-56,0,1484,13884478233584640,628,262,304,14,True,304
j0-56,0,1485,15546192283312508,613,262,278,14,True,278
j0-56,0,1486,29430034496942353,104,268,284,13,False,268
j0-56,0,1487,16062053277611818,226,278,262,14,True,262
j0-56,0,1488,46662210359862858,239,278,252,14,False,278
j0-56,0,1489,41815223562697429,1,294,278,14,False,294
j0-56,0,1490,19349193686440165,300,278,310,14,True,310
j0-56,0,1491,44810030787605761,119,262,252,14,True,252
j0-56,0,1492,1785108463122217,16,268,278,13,False,268
j0-56,0,1493,53312213545709533,8,262,262,12,False,262
j0-56,0,1494,48596110571241331,106,278,310,14,False,278
j0-56,0,1495,41275784110455758,631,288,272,14,True,272
j0-56,0,1496,3276255056296472,806,268,252,12,True,252
j0-56,0,1497,12040984119849120,297,278,278,14,True,278
j0-56,0,1498,8264856887814309,169,268,252,13,True,252
j0-56,0,1499,10481353645428195,812,278,246,14,True,246
j0-56,0,1500,14055995352442964,102,268,252,13,True,252
j0-56,0,1501,4775967231459958,357,278,262,14,True,262
j0-56,0,1502,46888653045092367,9,268,268,13,False,268
j0-56,0,1503,10510143615809808,2,268,284,13,False,268
j0-56,0,1504,38996775418757599,711,294,278,14,True,278
j0-56,0,1505,18696015656119070,681,304,278,14,True,278
j0-56,0,1506,10678289054512912,1,288,304,14,False,288
j0-56,0,1507,22303245751031052,120,262,246,14,False,262
j0-56,0,1508,43767655335487189,3,268,268,13,False,268
j0-56,0,1509,44832558925809177,7,294,284,13,False,294
j0-56,0,1510,46199523100524887,316,304,310,14,True,310
j0-56,0,1511,8413594786302762,102,278,252,13,True,252
j0-56,0,1512,26955936371777696,105,278,288,14,False,278
j0-56,0,1513,37139370570078263,749,278,252,13,False,278
j0-56,0,1514,47361113325827973,864,278,262,14,True,262
j0-56,0,1515,19311513261268639,845,268,236,13,True,236
j0-56,0,1516,31353280278762453,742,246,236,13,True,236
j0-56,0,1517,30810810158308253,372,252,262,13,False,252
j0-56,0,1518,7720206597389401,95,278,336,14,False,278
j0-56,0,1519,24417054886183180,0,278,278,14,False,278
j0-56,0,1520,50322413556951866,95,278,310,14,False,278
j0-56,0,1521,46069231975263810,331,236,246,13,True,246
j0-56,0,1522,14259625653848969,106,288,262,14,False,288
j0-56,0,1523,18965181366640732,823,278,252,14,True,252
j0-56,0,1524,35796531705500642,847,268,252,13,True,252
j0-56,0,1525,9736620746965203,95,304,310,14,False,304
j0-56,0,1526,33843678582706326,95,288,310,14,False,288
j0-56,0,1527,42454102558842542,7,278,342,14,False,278
j0-56,0,1528,20765415721235923,347,278,262,14,False,278
j0-56,0,1529,3715036522171440,12,298,278,14,False,298
j0-56,0,1530,15955199178932671,1023,268,278,14,False,268
j0-56,0,1531,25384791308946615,734,268,278,13,True,278
j0-56,0,1532,24087247809898798,1023,278,262,14,False,278
j0-56,0,1533,12922196407140465,1023,272,288,15,False,272
j0-56,0,1534,50136965754457505,208,278,310,13,True,310
j0-56,0,1535,46697090829947147,853,294,278,13,True,278
j0-56,0,1536,29166179590167676,3,278,262,13,False,278
j0-56,0,1537,42000311004118168,1023,236,268,13,False,236
j0-56,0,1538,7903337915027158,286,268,258,12,True,258
j0-56,0,1539,52822945451668065,614,252,226,12,True,226
j0-56,0,1540,11206624702662180,3,278,262,14,False,278
j0-56,0,1541,34922840697525071,95,278,294,14,False,278
j0-56,0,1542,20270622074818055,323,268,262,13,True,262
j0-56,0,1543,23405912097100581,855,278,246,14,True,246
j0-56,0,1544,32772971552529679,869,294,288,14,True,288
j0-56,0,1545,888728713331789,104,278,278,13,False,278
j0-56,0,1546,51653482044796481,7,278,278,13,False,278
j0-56,0,1547,20212925177147018,734,278,262,14,True,262
j0-56,0,1548,12815092396418379,181,268,268,13,True,268
j0-56,0,1549,7326802370005851,107,278,294,14,False,278
j0-56,0,1550,50855636180882203,354,278,262,14,True,262
j0-56,0,1551,48127723909032432,244,278,342,14,False,278
j0-56,0,1552,25569847254771260,114,278,278,14,True,278
j0-56,0,1553,53083250626812639,629,268,256,13,False,268
j0-56,0,1554,38133234036512093,317,268,246,13,True,246
j0-56,0,1555,14507060355788205,1,268,252,12,False,268
j0-56,0,1556,53562213580853219,238,268,258,12,True,258
j0-56,0,1557,53074609674155750,95,278,294,14,False,278
j0-56,0,1558,6405293729252131,95,288,278,14,False,288
j0-56,0,1559,8697671108944111,854,252,284,13,True,284
j0-56,0,1560,49107285050974263,798,304,278,14,True,278
j0-56,0,1561,11563418580165017,347,294,278,14,False,294
j0-56,0,1562,50622376582454405,1,252,284,13,False,252
j0-56,0,1563,13823819670170347,104,278,278,13,False,278
j0-56,0,1564,29827201591066571,104,252,284,13,False,252
j0-56,0,1565,23547579129393375,13,278,294,14,False,278
j0-56,0,1566,48499879133641562,1023,262,246,14,False,262
j0-56,0,1567,53098781280072000,2,304,294,15,False,304
j0-56,0,1568,49276012926442619,105,278,310,14,False,278
j0-56,0,1569,45564680354489815,2,252,252,13,False,252
j0-56,0,1570,3578355221592656,1,278,310,14,False,278
j0-56,0,1571,3317513368647326,1023,246,246,14,False,246
j0-56,0,1572,10449468770914668,8,278,288,14,False,278
j0-56,0,1573,47162855918200127,856,294,284,14,True,284
j0-56,0,1574,20021872442760011,1023,252,252,13,False,252
j0-56,0,1575,4607237687895969,1023,262,310,14,False,262
j0-56,0,1576,17431611889734488,865,294,310,14,True,310
j0-56,0,1577,23577102885054085,717,278,278,14,True,278
j0-56,0,1578,36882862958195014,7,278,268,14,False,278
j0-56,0,1579,22000856346364909,2,288,294,14,False,288
j0-56,0,1580,22493999262966322,3,294,310,14,False,294
j0-56,0,1581,44588617958532356,1023,304,294,15,False,304
j0-56,0,1582,51104301188386833,225,278,252,13,True,252
j0-56,0,1583,6497412056142641,104,262,252,14,False,262
j0-56,0,1584,4733222128111683,606,294,278,14,True,278
j0-56,0,1585,24129492012932531,1023,262,262,14,False,262
j0-56,0,1586,45664977351222143,1023,268,268,13,False,268
j0-56,0,1587,38925553915922850,609,262,278,13,True,278
j0-56,0,1588,47725142875036654,880,288,304,15,False,288
j0-56,0,1589,8229149110609355,0,252,284,12,False,252
j0-56,0,1590,20647746952967249,760,252,284,13,False,252
j0-56,0,1591,42281818791634358,361,252,236,13,True,236
j0-56,0,1592,33996852488606258,7,268,284,13,False,268
j0-56,0,1593,32379234107470261,4,294,310,14,False,294
j0-56,0,1594,42821685430656057,1023,262,236,13,False,262
j0-56,0,1595,7794684861244996,104,304,310,14,False,304
j0-56,0,1596,39472567668919285,836,304,272,14,True,272
j0-56,0,1597,2419490997602506,293,304,278,14,True,278
j0-56,0,1598,29925991834623811,693,278,278,14,True,278
j0-56,0,1599,49851226612166547,1,278,288,15,False,278
j0-56,0,1600,40657190318792276,11,268,252,13,False,268
j0-56,0,1601,30541077566126066,315,268,236,13,True,236
j0-56,0,1602,43213243711281959,875,278,278,14,True,278
j0-56,0,1603,51514898781008891,868,252,262,13,True,262
j0-56,0,1604,27522296363171625,630,268,284,13,False,268
j0-56,0,1605,12549580550308989,109,268,278,13,False,268
j0-56,0,1606,36089447517298704,187,294,252,14,True,252
j0-56,0,1607,17019777203340458,104,278,310,14,False,278
j0-56,0,1608,48915724538656313,200,294,294,14,True,294
j0-56,0,1609,37265019015911093,1023,278,262,14,False,278
j0-56,0,1610,31874020723282119,95,294,278,13,False,294
j0-56,0,1611,32497339956675354,234,278,278,14,False,278
j0-56,0,1612,24934932784918010,2,304,310,14,False,304
j0-56,0,1613,31093238069302643,175,278,278,14,False,278
j0-56,0,1614,51780014979873852,1,278,252,13,False,278
j0-56,0,1615,48779609579657975,632,278,252,13,True,252
j0-56,0,1616,50480519403468628,0,278,272,14,False,278
j0-56,0,1617,50201141370420006,104,278,278,14,False,278
j0-56,0,1618,34613202250074230,8,294,284,13,False,294
j0-56,0,1619,42889609296159793,8,294,288,14,False,294
j0-56,0,1620,5196428612603851,91,268,252,13,True,252
j0-56,0,1621,2616880153705614,850,268,288,13,True,288
j0-56,0,1622,20848468313962456,1023,278,294,13,False,278
j0-56,0,1623,10685026114335965,0,278,310,14,False,278
j0-56,0,1624,17579585937525258,11,268,294,13,False,268
j0-56,0,1625,19222454939033202,617,256,256,14,False,256
j0-56,0,1626,36053902434763120,11,278,288,14,False,278
j0-56,0,1627,51824047032613926,873,268,252,13,True,252
j0-56,0,1628,8130672675785277,156,278,262,14,True,262
j0-56,0,1629,2525322184237701,807,278,284,14,True,284
j0-56,0,1630,29702717707469753,11,278,294,14,False,278
j0-56,0,1631,33660547718854570,208,268,236,13,True,236
j0-56,0,1632,28651455736140701,9,278,314,14,False,278
j0-56,0,1633,21654396176046468,110,268,262,13,False,268
j0-56,0,1634,29369895844472388,883,242,226,12,True,226
j0-56,0,1635,20881073318448559,228,294,304,14,True,304
j0-56,0,1636,32826004822006153,1023,246,246,13,False,246
j0-56,0,1637,33589968803581532,817,304,310,14,True,310
j0-56,0,1638,6707972645101370,3,268,290,12,False,268
j0-56,0,1639,19601535884515187,193,278,272,14,True,272
j0-56,0,1640,11098469569783998,98,278,252,13,True,252
j0-56,0,1641,16567360759773375,299,288,304,14,True,304
j0-56,0,1642,29716675094104031,120,278,310,14,False,278
j0-56,0,1643,16450105048042652,2,278,278,14,False,278
j0-56,0,1644,52513897458491085,0,262,278,14,False,262
j0-56,0,1645,34799500258737971,104,278,336,14,False,278
j0-56,0,1646,36253148483918901,880,252,252,13,False,252
j0-56,0,1647,48953584868565016,9,294,262,14,False,294
j0-56,0,1648,30870683631465685,105,268,278,13,False,268
j0-56,0,1649,22850775567824105,756,278,284,14,True,284
j0-56,0,1650,51966990694233828,1023,278,284,13,False,278
j0-56,0,1651,48378728960704702,2,268,304,14,False,268
j0-56,0,1652,16393266998026139,673,278,278,14,True,278
j0-56,0,1653,36027819112313214,220,268,252,14,True,252
j0-56,0,1654,13783390487293633,162,278,278,14,False,278
j0-56,0,1655,35353385462038645,104,278,304,14,False,278
j0-56,0,1656,30578728576362428,338,278,252,13,True,252
j0-56,0,1657,34730420776110803,104,304,278,14,False,304
j0-56,0,1658,1249944700443651,824,278,262,14,True,262
j0-56,0,1659,16889741737561945,828,272,288,13,True,288
j0-56,0,1660,24956478089383222,13,268,252,12,False,268
j0-56,0,1661,16423953838329407,847,304,266,14,True,266
j0-56,0,1662,14527278038623184,104,252,268,14,False,252
j0-56,0,1663,45694818786556854,625,278,310,14,False,278
j0-56,0,1664,1508929979132188,4,252,252,12,False,252
j0-56,0,1665,4971497778562430,11,294,278,13,False,294
j0-56,0,1666,39446332545350886,104,268,284,13,False,268
j0-56,0,1667,46072463328849921,1023,242,242,12,False,242
j0-56,0,1668,3127241225173918,1023,278,294,14,False,278
j0-56,0,1669,4711208439242705,875,252,278,13,True,278
j0-56,0,1670,5622506643098816,736,278,284,13,True,284
j0-56,0,1671,1031456416341908,13,252,284,13,False,252
j0-56,0,1672,41157427709311238,9,278,310,13,False,278
j0-56,0,1673,35727942685829610,0,232,232,11,False,232
j0-56,0,1674,391301636248930,1,242,274,12,False,242
j0-56,0,1675,44455134225564433,104,278,278,14,False,278
j0-56,0,1676,38967537566484709,105,268,294,13,False,268
j0-56,0,1677,17759761273119060,95,278,278,14,False,278
j0-56,0,1678,50891884266924673,8,278,304,14,False,278
j0-56,0,1679,27772550380269096,626,232,232,11,False,232
j0-56,0,1680,50702296331992973,711,262,246,14,True,246
j0-56,0,1681,31917856325620187,7,252,252,14,False,252
j0-56,0,1682,51370957033419065,882,252,284,13,True,284
j0-56,0,1683,35617004289511053,221,278,304,14,True,304
j0-56,0,1684,24386680355241584,1023,304,294,14,False,304
j0-56,0,1685,35005968577126306,92,278,262,14,True,262
j0-56,0,1686,3370012615965076,239,242,258,12,False,242
j0-56,0,1687,29562444328027586,310,294,284,13,True,284
j0-56,0,1688,20163460877479944,106,252,316,13,False,252
j0-56,0,1689,47039849486405128,7,294,288,14,False,294
j0-56,0,1690,14642366789535761,234,252,236,13,False,252
j0-56,0,1691,46809579562528111,168,294,252,13,True,252
j0-56,0,1692,14046660584723274,1023,272,272,14,False,272
j0-56,0,1693,41837494848526383,614,252,252,13,True,252
j0-56,0,1694,34610592018202021,217,294,310,14,True,310
j0-56,0,1695,34384122315761019,1023,252,236,13,False,252
j0-56,0,1696,47643148201389545,719,268,236,13,True,236
j0-56,0,1697,15285061630962464,0,252,252,13,False,252
j0-56,0,1698,13944775073780252,1023,262,278,14,False,262
j0-56,0,1699,6671049463399003,106,262,272,14,False,262
j0-56,0,1700,20140600660987707,354,304,278,14,True,278
j0-56,0,1701,2199113270433070,0,278,272,14,False,278
j0-56,0,1702,7963524811597017,680,304,262,14,True,262
j0-56,0,1703,50824002356392714,4,278,272,14,False,278
j0-56,0,1704,3075059166206424,621,288,272,14,False,288
j0-56,0,1705,8320832622524764,7,268,268,13,False,268
j0-56,0,1706,34150249930559048,818,278,252,13,True,252
j0-56,0,1707,10086990070309044,105,304,288,14,False,304
j0-56,0,1708,38571949157784730,104,262,300,14,False,262
j0-56,0,1709,6592562629545126,7,294,284,13,False,294
j0-56,0,1710,21223909694099784,95,278,336,14,False,278
j0-56,0,1711,42224541602414143,833,288,304,14,True,304
j0-56,0,1712,10651842938024507,104,304,310,14,False,304
j0-56,0,1713,46179227291233299,830,278,272,14,True,272
j0-56,0,1714,36473172410771336,2,304,336,15,False,304
j0-56,0,1715,2681489227490075,278,268,236,13,False,268
j0-56,0,1716,21319529809163399,7,252,316,13,False,252
j0-56,0,1717,43133574671104499,1023,262,294,14,False,262
j0-56,0,1718,30869167515009083,620,278,278,14,False,278
j0-56,0,1719,34775298311823202,4,262,262,14,False,262
j0-56,0,1720,50756766195175638,104,268,246,13,False,268
j0-56,0,1721,48059277265723829,104,278,278,14,False,278
j0-56,0,1722,30332239063806839,1023,278,288,14,False,278
j0-56,0,1723,693715394808554,13,252,348,13,False,252
j0-56,0,1724,32004754874871300,95,268,284,13,False,268
j0-56,0,1725,12636978139696265,105,278,294,13,False,278
j0-56,0,1726,49063382308675858,850,294,288,14,True,288
j0-56,0,1727,1832259181259337,345,294,300,13,True,300
j0-56,0,1728,36793037090056079,738,258,252,12,True,252
j0-56,0,1729,44428063128080350,95,268,252,13,False,268
j0-56,0,1730,36636136667498745,109,262,252,14,False,262
j0-56,0,1731,21250387740622724,613,278,246,14,True,246
j0-56,0,1732,29457960561229540,95,288,278,14,False,288
j0-56,0,1733,23470376917571968,365,278,278,14,True,278
j0-56,0,1734,46870660764223732,104,268,252,13,False,268
j0-56,0,1735,40559847708921509,853,278,278,14,True,278
j0-56,0,1736,53580720312954551,2,304,310,14,False,304
j0-56,0,1737,1640434220584542,2,304,304,14,False,304
j0-56,0,1738,31844136333884957,216,278,294,14,True,294
j0-56,0,1739,13485888611455071,146,294,278,14,True,278
j0-56,0,1740,29117305454382725,824,304,252,14,True,252
j0-56,0,1741,43314039588863783,604,268,278,13,True,278
j0-56,0,1742,23036514146152973,104,268,284,13,False,268
j0-56,0,1743,36246146890618193,629,268,278,13,False,268
j0-56,0,1744,50629442279666734,739,278,262,14,True,262
j0-56,0,1745,35923100167490286,1023,252,268,13,False,252
j0-56,0,1746,46538443687379791,0,278,278,14,False,278
j0-56,0,1747,24550176920079086,8,278,304,14,False,278
j0-56,0,1748,47294220810324993,156,252,262,14,True,262
j0-56,0,1749,31115147620423209,247,278,278,14,False,278
j0-56,0,1750,48854250009702463,221,268,252,13,True,252
j0-56,0,1751,14594588624912014,201,294,252,13,True,252
j0-56,0,1752,3657383681118546,0,278,262,13,False,278
j0-56,0,1753,40281838154921643,728,278,236,14,True,236
j0-56,0,1754,16846356189707133,95,268,268,13,False,268
j0-56,0,1755,14273146391481475,835,294,278,14,True,278
j0-56,0,1756,31683889680709618,629,278,284,13,False,278
j0-56,0,1757,53608454203924886,846,294,310,14,True,310
j0-56,0,1758,1908287770702049,614,278,268,12,True,268
j0-56,0,1759,11325101686139779,215,268,236,13,True,236
j0-56,0,1760,29415919502669007,807,252,252,13,True,252
j0-56,0,1761,43529558753456676,864,294,284,13,True,284
j0-56,0,1762,39517127248439380,847,294,278,14,True,278
j0-56,0,1763,31552770108528859,104,294,342,14,False,294
j0-56,0,1764,22474824137258237,106,262,310,14,False,262
j0-56,0,1765,50303512461425676,219,268,236,13,False,268
j0-56,0,1766,10391491826254398,11,278,310,14,False,278
j0-56,0,1767,11825244258286005,856,268,246,13,True,246
j0-56,0,1768,8900831188869556,342,294,288,13,True,288
j0-56,0,1769,42056520897030131,8,252,252,12,False,252
j0-56,0,1770,32106969600057207,878,278,278,14,True,278
j0-56,0,1771,37654729359002812,242,278,278,13,False,278
j0-56,0,1772,27192443214045988,8,278,278,14,False,278
j0-56,0,1773,13964421563802905,742,278,310,14,True,310
j0-56,0,1774,4346836163380396,96,294,284,14,True,284
j0-56,0,1775,4335210520544807,1023,252,300,13,False,252
j0-56,0,1776,11962116250752310,95,268,284,13,False,268
j0-56,0,1777,53524739839885307,288,278,288,14,True,288
j0-56,0,1778,1606626865306610,8,288,304,14,False,288
j0-56,0,1779,6489503099912440,4,278,342,14,False,278
j0-56,0,1780,45135685946148351,2,288,294,14,False,288
j0-56,0,1781,5585737231251750,1023,242,210,11,False,242
j0-56,0,1782,14938828201416072,730,268,246,13,True,246
j0-56,0,1783,49775911716665877,861,288,272,14,True,272
j0-56,0,1784,25416440298486969,7,262,262,13,False,262
j0-56,0,1785,19110463572976026,95,262,284,14,False,262
j0-56,0,1786,38015621551145554,1023,268,252,13,False,268
j0-56,0,1787,40712232080201849,1023,262,252,14,False,262
j0-56,0,1788,31510484891487437,229,262,262,14,True,262
j0-56,0,1789,37081204742877716,95,262,310,13,False,262
j0-56,0,1790,38212309776350957,622,262,278,14,False,262
j0-56,0,1791,25325630409007607,104,258,284,12,False,258
j0-56,0,1792,43558926827580671,104,278,300,14,False,278
j0-56,0,1793,46002769720495187,1023,288,288,14,False,288
j0-56,0,1794,20260698835755469,104,304,252,14,False,304
j0-56,0,1795,32717764923145859,1,268,310,13,False,268
j0-56,0,1796,34421929730616082,104,278,314,14,False,278
j0-56,0,1797,38727796082829712,1023,252,226,12,False,252
j0-56,0,1798,34920332310115265,673,278,272,14,True,272
j0-56,0,1799,25298940402464536,92,278,262,13,True,262
j0-56,0,1800,47642032067117257,95,278,310,14,False,278
j0-56,0,1801,15104912167970918,1023,262,278,14,False,262
j0-56,0,1802,49256225584963793,236,288,298,15,True,298
j0-56,0,1803,11660991524104088,3,278,278,13,False,278
j0-56,0,1804,895168448088107,862,252,236,14,True,236
j0-56,0,1805,4159862203249739,104,268,304,13,False,268
j0-56,0,1806,35093989952568926,95,252,284,13,False,252
j0-56,0,1807,37782019775635553,1023,268,300,13,False,268
j0-56,0,1808,39683479397887016,8,252,252,13,False,252
j0-56,0,1809,28452029625535595,824,288,278,14,True,278
j0-56,0,1810,30297815947078974,366,278,278,13,False,278
j0-56,0,1811,32354112102247371,95,278,320,14,False,278
j0-56,0,1812,3031976073568758,95,262,262,14,False,262
j0-56,0,1813,3511201980374664,615,288,288,14,True,288
j0-56,0,1814,10377702475949404,106,252,252,13,False,252
j0-56,0,1815,10472318293750825,7,268,284,13,False,268
j0-56,0,1816,28227529345096473,1,268,268,13,False,268
j0-56,0,1817,30063571605339955,658,278,252,13,True,252
j0-56,0,1818,24289359520095579,866,294,252,13,True,252
j0-56,0,1819,39850688914358330,1,268,278,13,False,268
j0-56,0,1820,15473485900956732,8,278,278,14,False,278
j0-56,0,1821,21182389380482444,8,278,294,14,False,278
j0-56,0,1822,47020543335439158,861,268,262,13,True,262
j0-56,0,1823,50900209298016556,106,288,256,14,False,288
j0-56,0,1824,44686999945627199,106,288,304,15,False,288
j0-56,0,1825,15447940634736611,95,262,336,14,False,262
j0-56,0,1826,43791989846516357,106,278,288,14,False,278
j0-56,0,1827,29102944135518492,104,294,310,14,False,294
j0-56,0,1828,33162197461375546,95,278,278,14,False,278
j0-56,0,1829,587004067095051,1,278,262,13,False,278
j0-56,0,1830,34008137917146530,120,272,288,13,False,272
j0-56,0,1831,50415802396022647,751,304,310,14,False,304
j0-56,0,1832,27475065829760339,192,268,288,13,True,288
j0-56,0,1833,42230220636065653,106,268,310,13,False,268
j0-56,0,1834,47993945282842906,308,268,236,13,True,236
j0-56,0,1835,35596434215757235,1023,262,262,13,False,262
j0-56,0,1836,17761223392729,728,304,310,14,True,310
j0-56,0,1837,43022578862033248,207,262,246,13,True,246
j0-56,0,1838,46364711120475617,11,268,262,13,False,268
j0-56,0,1839,3768748218481559,95,252,268,13,False,252
j0-56,0,1840,22847878044509999,104,278,294,14,False,278
j0-56,0,1841,46157779296376078,722,268,252,13,True,252
j0-56,0,1842,42637297937915904,847,252,236,14,True,236
j0-56,0,1843,3054251840974923,1023,278,294,14,False,278
j0-56,0,1844,3100708651822940,879,278,278,14,False,278
j0-56,0,1845,12169440690111395,104,268,284,13,False,268
j0-56,0,1846,32032485096860057,104,278,242,13,False,278
j0-56,0,1847,26777141452376750,1023,246,288,14,False,246
j0-56,0,1848,15521000305164316,1,278,278,14,False,278
j0-56,0,1849,1758421677362028,1023,288,278,14,False,288
j0-56,0,1850,36890430224471926,337,294,252,13,True,252
j0-56,0,1851,36208250983798088,3,278,310,14,False,278
j0-56,0,1852,2221240755733573,752,262,278,13,False,262
j0-56,0,1853,28412945308688261,12,288,304,15,False,288
j0-56,0,1854,46514009929479699,362,278,278,14,False,278
j0-56,0,1855,45531839241004048,840,268,258,12,True,258
j0-56,0,1856,41558373923583194,739,294,278,14,True,278
j0-56,0,1857,17049978283895741,7,262,278,14,False,262
j0-56,0,1858,13647030853130678,204,278,262,13,True,262
j0-56,0,1859,25914366524254135,7,304,310,14,False,304
j0-56,0,1860,42006452330493905,312,278,256,14,True,256
j0-56,0,1861,3452765494159888,8,268,258,12,False,268
j0-56,0,1862,10146873614857213,12,268,284,13,False,268
j0-56,0,1863,51422243420469889,356,268,252,13,True,252
j0-56,0,1864,34776784019224834,106,294,294,13,False,294
j0-56,0,1865,41137038067555858,7,278,304,14,False,278
j0-56,0,1866,35128910213878656,362,252,252,13,False,252
j0-56,0,1867,23232710442574952,627,262,262,13,True,262
j0-56,0,1868,18619094178368311,2,268,284,13,False,268
j0-56,0,1869,29741651705820168,2,252,242,12,False,252
j0-56,0,1870,12023954055184133,610,294,278,14,True,278
j0-56,0,1871,24728566803134725,613,278,278,14,True,278
j0-56,0,1872,14075248030117643,790,268,284,13,True,284
j0-56,0,1873,7860394408743790,105,278,294,14,False,278
j0-56,0,1874,14699802521249739,192,294,278,14,True,278
j0-56,0,1875,21521382158190495,7,294,342,14,False,294
j0-56,0,1876,47328986735377371,6,268,284,13,False,268
j0-56,0,1877,48831498979707109,12,288,278,14,False,288
j0-56,0,1878,28293338770809808,9,268,258,12,False,268
j0-56,0,1879,36671784705300747,95,278,278,14,False,278
j0-56,0,1880,8464191704739126,4,278,294,14,False,278
j0-56,0,1881,7076339283204526,862,278,256,14,True,256
j0-56,0,1882,20314543248137187,0,258,232,11,False,258
j0-56,0,1883,11060136043326142,287,278,288,14,True,288
j0-56,0,1884,47071828089016430,95,278,294,14,False,278
j0-56,0,1885,14447367982811240,7,278,310,14,False,278
j0-56,0,1886,13118909112437773,7,252,310,13,False,252
j0-56,0,1887,34973997261531236,871,278,310,14,True,310
j0-56,0,1888,28435264272983180,245,252,256,14,False,252
j0-56,0,1889,2831170196356834,692,278,278,14,True,278
j0-56,0,1890,35627398468998093,311,278,278,13,True,278
j0-56,0,1891,4606486504665859,95,278,310,14,False,278
j0-56,0,1892,16053786993350532,820,278,278,14,True,278
j0-56,0,1893,3821025041956681,1,252,284,13,False,252
j0-56,0,1894,23736096412909288,352,268,284,13,True,284
j0-56,0,1895,8912131501859302,331,278,246,13,True,246
j0-56,0,1896,28165238070330526,169,278,272,14,True,272
j0-56,0,1897,31074287561037122,104,278,294,14,False,278
j0-56,0,1898,26002570202732073,0,278,252,13,False,278
j0-56,0,1899,19390845879380811,145,278,262,14,True,262
j0-56,0,1900,1626122607259385,323,294,278,14,True,278
j0-56,0,1901,17211938712303990,1023,278,262,13,False,278
j0-56,0,1902,12880466587592837,617,304,304,14,False,304
j0-56,0,1903,12014636022149394,1023,242,252,12,False,242
j0-56,0,1904,34701379449449604,2,278,294,14,False,278
j0-56,0,1905,42849706840964741,730,294,272,14,True,272
j0-56,0,1906,46733286974362545,811,294,262,14,True,262
j0-56,0,1907,49895366825275254,2,278,294,14,False,278
j0-56,0,1908,20782503310534202,11,268,310,14,False,268
j0-56,0,1909,42057349380544072,211,268,252,13,True,252
j0-56,0,1910,20137733380938114,1023,272,268,14,False,272
j0-56,0,1911,21049232571169819,867,268,236,13,False,268
j0-56,0,1912,25706897025748465,220,278,278,14,True,278
j0-56,0,1913,33097326051160213,626,252,252,13,False,252
j0-56,0,1914,16275474959605113,245,272,294,14,False,272
j0-56,0,1915,16427049376392588,3,252,268,13,False,252
j0-56,0,1916,33083828804651678,865,278,310,14,True,310
j0-56,0,1917,39420215053135444,1,268,252,13,False,268
j0-56,0,1918,49908299342174690,104,278,294,14,False,278
j0-56,0,1919,52880418090133584,1023,252,268,13,False,252
j0-56,0,1920,45488916840881023,726,304,278,14,True,278
j0-56,0,1921,17202713452466268,95,304,310,14,False,304
j0-56,0,1922,4726763699835212,107,278,252,13,False,278
j0-56,0,1923,16127771913075108,1023,278,262,14,False,278
j0-56,0,1924,11063856653142918,2,278,284,14,False,278
j0-56,0,1925,8260044229255744,95,268,284,13,False,268
j0-56,0,1926,794097159507037,113,242,226,12,False,242
j0-56,0,1927,19444289158251346,95,258,258,12,False,258
j0-56,0,1928,22515956154788088,9,278,294,14,False,278
j0-56,0,1929,14562213700493973,1023,278,262,13,False,278
j0-56,0,1930,10669135807191592,848,278,294,14,True,294
j0-56,0,1931,22294173367933034,300,262,288,14,True,288
j0-56,0,1932,44846092588237484,1023,288,304,14,False,288
j0-56,0,1933,18386064823739604,220,268,252,14,True,252
j0-56,0,1934,1202329880185429,1023,304,262,14,False,304
j0-56,0,1935,18043389525361128,335,288,336,14,True,336
j0-56,0,1936,8206361696711021,104,304,310,14,False,304
j0-56,0,1937,8304343175124286,306,278,256,14,True,256
j0-56,0,1938,44426424431829047,7,278,272,14,False,278
j0-56,0,1939,36768355834656237,105,262,268,14,False,262
j0-56,0,1940,24368835265969284,698,278,262,14,True,262
j0-56,0,1941,2189104709431547,876,278,252,13,False,278
j0-56,0,1942,4937317276787465,325,278,294,14,True,294
j0-56,0,1943,31676473269247976,106,268,278,13,False,268
j0-56,0,1944,6167968938216373,104,272,294,14,False,272
j0-56,0,1945,51893080169692922,0,294,278,14,False,294
j0-56,0,1946,36357255108842814,0,278,278,14,False,278
j0-56,0,1947,11568639754853820,95,268,284,13,False,268
j0-56,0,1948,401988632503087,811,294,304,14,True,304
j0-56,0,1949,16355031579689763,3,278,310,14,False,278
j0-56,0,1950,49009843789841579,818,278,246,14,True,246
j0-56,0,1951,17301993245554079,809,278,252,13,True,252
j0-56,0,1952,31323638582959014,195,268,246,13,True,246
j0-56,0,1953,33525408811889666,200,294,304,14,True,304
j0-56,0,1954,19335815052915036,212,294,278,13,True,278
j0-56,0,1955,17387354956992193,862,278,272,14,True,272
j0-56,0,1956,34421825597182591,104,252,268,13,False,252
j0-56,0,1957,38271093427622658,97,268,252,13,True,252
j0-56,0,1958,23866307878665947,93,294,278,13,True,278
j0-56,0,1959,52360376838947776,368,278,262,13,False,278
j0-56,0,1960,30177685889632945,106,278,252,13,False,278
j0-56,0,1961,52399224276170293,364,268,278,13,False,268
j0-56,0,1962,3313350328925207,104,288,278,14,False,288
j0-56,0,1963,7475850807237094,1023,278,252,13,False,278
j0-56,0,1964,4382807914424478,329,278,278,14,True,278
j0-56,0,1965,1593633314161297,180,304,310,14,True,310
j0-56,0,1966,24168822724610500,1023,278,294,14,False,278
j0-56,0,1967,46525967279959429,734,268,278,13,True,278
j0-56,0,1968,46245893194236056,717,242,226,11,True,226
j0-56,0,1969,18810423084791323,795,278,310,14,True,310
j0-56,0,1970,27456290905847398,0,262,278,14,False,262
j0-56,0,1971,22986275482558109,804,268,278,13,True,278
j0-56,0,1972,36616779097397394,0,294,278,14,False,294
j0-56,0,1973,8686891756201911,1023,278,310,14,False,278
j0-56,0,1974,20309352679840552,113,278,278,14,False,278
j0-56,0,1975,44429107652373039,328,268,236,13,True,236
j0-56,0,1976,30606501873686406,104,278,288,14,False,278
j0-56,0,1977,14845056555968509,828,268,272,13,True,272
j0-56,0,1978,46185434709207205,95,236,252,12,False,236
j0-56,0,1979,52914650733270585,215,268,252,13,True,252
j0-56,0,1980,39620878256154999,737,278,310,13,True,310
j0-56,0,1981,4644086627971788,104,268,278,13,False,268
j0-56,0,1982,14096943842706362,324,268,310,13,True,310
j0-56,0,1983,7424827187412220,201,294,278,14,True,278
j0-56,0,1984,49709964000041082,373,278,262,14,False,278
j0-56,0,1985,45370613214487688,115,242,236,12,False,242
j0-56,0,1986,25723917194482945,341,294,278,14,True,278
j0-56,0,1987,42587530223639947,836,278,262,14,True,262
j0-56,0,1988,46168440471556246,614,252,262,13,True,262
j0-56,0,1989,19155332663164735,656,278,284,13,True,284
j0-56,0,1990,43493072635130004,234,272,272,14,False,272
j0-56,0,1991,31001975343563440,1023,262,262,14,False,262
j0-56,0,1992,10648628852240387,110,262,252,13,False,262
j0-56,0,1993,21103486419670548,336,304,278,14,True,278
j0-56,0,1994,2101947087846034,8,284,316,12,False,284
j0-56,0,1995,1964384826195434,859,278,314,14,False,278
j0-56,0,1996,48919325992527841,822,278,246,13,True,246
j0-56,0,1997,39050125765287607,95,242,258,12,False,242
j0-56,0,1998,22407846016412734,3,294,316,13,False,294
j0-56,0,1999,8317918466814318,187,304,272,14,True,272
j0-56,0,2000,37824356930337420,11,278,278,14,False,278
j0-56,0,2001,4349058867243717,8,258,264,11,False,258
j0-56,0,2002,50906348481292193,0,278,278,14,False,278
j0-56,0,2003,53476854062017335,692,242,252,12,True,252
j0-56,0,2004,28403488022578658,867,268,268,13,False,268
j0-56,0,2005,18361518504068479,0,288,262,14,False,288
j0-56,0,2006,13298146325598297,366,278,278,14,False,278
j0-56,0,2007,3604897232692067,1023,252,262,13,False,252
j0-56,0,2008,33908486447676912,822,278,252,14,True,252
j0-56,0,2009,23703847557984068,2,278,294,14,False,278
j0-56,0,2010,22977974237819162,104,294,284,13,False,294
j0-56,0,2011,2192177620373689,1023,252,262,13,False,252
j0-56,0,2012,24804118823210953,862,242,252,12,True,252
j0-56,0,2013,20104256881703676,315,278,278,14,True,278
j0-56,0,2014,52856048645105778,1023,262,336,15,False,262
j0-56,0,2015,18750138222761061,605,268,252,12,True,252
j0-56,0,2016,8546408805965597,627,278,246,14,True,246
j0-56,0,2017,3856290664411894,199,268,268,12,True,268
j0-56,0,2018,15020332311293538,620,278,278,14,False,278
j0-56,0,2019,18177730278854238,242,252,300,13,False,252
j0-56,0,2020,48487822011852523,855,268,246,13,True,246
j0-56,0,2021,53280767775523729,864,268,268,12,True,268
j0-56,0,2022,12744250351469866,3,262,262,14,False,262
j0-56,0,2023,25358747556370031,216,278,278,14,True,278
j0-56,0,2024,10698863080744784,106,278,326,13,False,278
j0-56,0,2025,11597788560932444,365,278,278,14,True,278
j0-56,0,2026,46114561990851607,193,262,230,14,True,230
j0-56,0,2027,31979328974827049,0,278,246,13,False,278
j0-56,0,2028,19815204871120110,2,278,284,13,False,278
j0-56,0,2029,6994788868768147,11,294,278,14,False,294
j0-56,0,2030,6747789455557089,603,262,262,14,True,262
j0-56,0,2031,18282777153512461,104,268,278,13,False,268
j0-56,0,2032,6895810837019529,622,256,256,14,False,256
j0-56,0,2033,45573459078776870,104,262,294,14,False,262
j0-56,0,2034,40196817826042210,1023,226,242,12,False,226
j0-56,0,2035,33746024261080999,1023,278,268,13,False,278
j0-56,0,2036,23260717435167150,1023,288,320,14,False,288
j0-56,0,2037,50029890790039981,343,288,288,14,True,288
j0-56,0,2038,24837310192909849,4,262,262,13,False,262
j0-56,0,2039,10802185242810552,734,252,278,13,True,278
j0-56,0,2040,50258381520563400,836,278,278,13,True,278
j0-56,0,2041,44167837123761520,248,268,272,13,True,272
j0-56,0,2042,25558253147604414,627,268,262,13,True,262
j0-56,0,2043,45570964309717611,91,294,278,14,True,278
j0-56,0,2044,17629224260329564,307,294,262,13,True,262
j0-56,0,2045,12791415328532555,1023,278,294,14,False,278
j0-56,0,2046,42654953092674885,288,242,226,12,True,226
j0-56,0,2047,21702966163348545,790,278,262,14,True,262
j0-56,0,2048,32692689080721254,347,278,342,14,False,278
j0-56,0,2049,6069643970236323,875,288,288,14,True,288
j0-56,0,2050,29279414390086138,2,278,316,13,False,278
j0-56,0,2051,22142393014116472,883,278,278,14,True,278
j0-56,0,2052,28255312304184970,703,278,272,14,True,272
j0-56,0,2053,23201289045158172,104,278,310,14,False,278
j0-56,0,2054,19781229612309147,214,268,226,13,True,226
j0-56,0,2055,7002100011624946,366,278,310,14,False,278
j0-56,0,2056,13199556642342791,104,278,252,14,False,278
j0-56,0,2057,1385639839992307,753,278,288,14,True,288
j0-56,0,2058,7723122892855039,146,304,294,14,True,294
j0-56,0,2059,36805508231571383,3,268,252,13,False,268
j0-56,0,2060,38650463690182223,1023,262,278,14,False,262
j0-56,0,2061,40372557073408492,114,304,272,14,True,272
j0-56,0,2062,47129980585165740,96,242,226,12,True,226
j0-56,0,2063,10502335615835010,364,278,284,14,False,278
j0-56,0,2064,53481061248055914,181,294,252,14,True,252
j0-56,0,2065,43604735359231619,323,294,252,14,True,252
j0-56,0,2066,46484369429891440,822,268,316,12,True,316
j0-56,0,2067,731089209846444,8,278,278,13,False,278
j0-56,0,2068,995363736173291,108,278,272,14,False,278
j0-56,0,2069,38275367739072995,104,304,336,14,False,304
j0-56,0,2070,36122620152850117,1023,262,320,14,False,262
j0-56,0,2071,29319108145165492,341,304,272,14,True,272
j0-56,0,2072,37323477821817274,345,268,268,13,True,268
j0-56,0,2073,2489685980959904,331,268,284,13,True,284
j0-56,0,2074,23238517566454089,674,294,278,14,True,278
j0-56,0,2075,9786501117125856,106,268,284,13,False,268
j0-56,0,2076,49496626282180670,750,278,304,14,False,278
j0-56,0,2077,7081566385222290,104,268,252,13,False,268
j0-56,0,2078,11088730399122805,104,268,252,13,False,268
j0-56,0,2079,52187145337987754,104,294,294,14,False,294
j0-56,0,2080,31210185857901615,13,262,278,13,False,262
j0-56,0,2081,12407391064390246,12,278,262,14,False,278
j0-56,0,2082,10983294087753938,3,278,304,14,False,278
j0-56,0,2083,22205911020459153,368,262,246,14,False,262
j0-56,0,2084,42510352159426322,8,294,304,14,False,294
j0-56,0,2085,30983186275551682,3,278,278,13,False,278
j0-56,0,2086,9038027172482767,352,294,278,13,True,278
j0-56,0,2087,20439301474876092,624,272,278,14,False,272
j0-56,0,2088,2960017702174506,4,258,232,11,False,258
j0-56,0,2089,8435797927234322,4,268,268,13,False,268
j0-56,0,2090,19605208353925265,1,246,246,13,False,246
j0-56,0,2091,48438502696162852,345,294,342,14,True,342
j0-56,0,2092,21125824693207313,1023,278,262,14,False,278
j0-56,0,2093,44304989142261455,741,294,304,14,True,304
j0-56,0,2094,49088584184813603,228,272,278,14,True,278
j0-56,0,2095,23135532626328095,612,304,262,14,True,262
j0-56,0,2096,23482989734760535,105,278,278,14,False,278
j0-56,0,2097,16130467208427557,1023,272,278,14,False,272
j0-56,0,2098,2834135376684838,354,262,278,14,True,278
j0-56,0,2099,29287311242417037,7,278,310,14,False,278
j0-56,0,2100,42686012762644506,349,288,278,14,True,278
j0-56,0,2101,30521703017908102,95,262,268,14,False,262
j0-56,0,2102,49970888280730287,356,268,258,12,True,258
j0-56,0,2103,12561220442006372,9,268,252,13,False,268
j0-56,0,2104,39140627424654582,11,294,336,14,False,294
j0-56,0,2105,36643997065487197,1,294,284,14,False,294
j0-56,0,2106,17959684472530248,9,262,278,13,False,262
j0-56,0,2107,10608039582419682,108,252,268,13,False,252
j0-56,0,2108,52775052734661143,851,294,278,14,True,278
j0-56,0,2109,32899602527396225,104,278,304,14,False,278
j0-56,0,2110,33101315467557268,199,268,252,13,True,252
j0-56,0,2111,34303374865518169,286,272,278,14,True,278
j0-56,0,2112,12189254417871928,210,268,246,13,True,246
j0-56,0,2113,38655637539033967,104,268,278,13,False,268
j0-56,0,2114,17110511370696109,1023,278,294,14,False,278
j0-56,0,2115,7683857446036585,347,268,252,13,False,268
j0-56,0,2116,1838955534584100,1023,268,268,13,False,268
j0-56,0,2117,9847737692589657,852,278,288,14,False,278
j0-56,0,2118,8778645072182722,168,278,262,14,True,262
j0-56,0,2119,20379794645750002,114,278,278,14,True,278
j0-56,0,2120,50330540277156815,7,294,284,13,False,294
j0-56,0,2121,27864254817033052,103,314,272,15,True,272
j0-56,0,2122,4211878055042426,3,294,278,14,False,294
j0-56,0,2123,31203634555230776,728,278,262,14,True,262
j0-56,0,2124,1171052875259875,705,278,262,14,True,262
j0-56,0,2125,53616754373304327,827,268,252,13,True,252
j0-56,0,2126,5590109934713834,345,278,262,14,True,262
j0-56,0,2127,43693773574816179,1023,268,246,13,False,268
j0-56,0,2128,49240179521821935,0,304,310,14,False,304
j0-56,0,2129,10392850168065206,95,304,294,14,False,304
j0-56,0,2130,51500003679395721,191,278,246,13,True,246
j0-56,0,2131,23094638265853360,823,278,284,14,True,284
j0-56,0,2132,38794385199522798,624,268,236,12,False,268
j0-56,0,2133,3246837647021478,95,278,294,14,False,278
j0-56,0,2134,11505623563423023,1023,278,236,13,False,278
j0-56,0,2135,43190003372392672,1,278,310,14,False,278
j0-56,0,2136,48533552669902700,623,216,232,11,False,216
j0-56,0,2137,23895049882465714,751,268,316,13,False,268
j0-56,0,2138,1881425882301831,11,268,268,12,False,268
j0-56,0,2139,18178708092129407,364,236,236,14,False,236
j0-56,0,2140,45840619355375460,836,294,278,14,True,278
j0-56,0,2141,35055119885293988,1023,278,262,14,False,278
j0-56,0,2142,20673396000742737,8,288,310,14,False,288
j0-56,0,2143,15496758218616296,104,278,304,14,False,278
j0-56,0,2144,39528718906313327,199,278,278,14,True,278
j0-56,0,2145,28171600713473945,851,268,236,13,True,236
j0-56,0,2146,8021900534477030,9,278,304,14,False,278
j0-56,0,2147,20437798066051912,835,278,278,14,True,278
j0-56,0,2148,5668987709820011,215,278,278,14,True,278
j0-56,0,2149,39650305041344946,867,278,294,13,False,278
j0-56,0,2150,38429172603433293,293,252,252,13,True,252
j0-56,0,2151,17773653749460362,846,268,278,13,True,278
j0-56,0,2152,34222588923617509,3,288,304,14,False,288
j0-56,0,2153,43992775624081014,697,278,278,14,True,278
j0-56,0,2154,51768890082126023,845,262,246,14,True,246
j0-56,0,2155,17380408247195594,877,278,252,13,True,252
j0-56,0,2156,25978229527197318,1023,262,262,14,False,262
j0-56,0,2157,18236720110826463,318,252,284,13,True,284
j0-56,0,2158,40790370463644610,746,288,278,14,True,278
j0-56,0,2159,32265244860669304,107,262,272,14,False,262
j0-56,0,2160,27600194820587287,238,268,268,13,True,268
j0-56,0,2161,46611031981202088,350,278,262,14,True,262
j0-56,0,2162,35005216361363120,8,294,310,14,False,294
j0-56,0,2163,20219782489022699,355,278,272,14,True,272
j0-56,0,2164,21967036628904604,834,268,284,12,True,284
j0-56,0,2165,30731998008334527,95,278,294,14,False,278
j0-56,0,2166,19264193009779667,216,278,278,14,True,278
j0-56,0,2167,35610406892649123,7,268,284,12,False,268
j0-56,0,2168,24073063513098664,865,268,310,13,True,310
j0-56,0,2169,33504428856007037,1023,262,278,14,False,262
j0-56,0,2170,31480766115612126,298,278,268,13,True,268
j0-56,0,2171,38455896628891927,104,258,274,11,False,258
j0-56,0,2172,7249704021905361,95,262,268,13,False,262
j0-56,0,2173,31687452515534989,217,258,252,12,True,252
j0-56,0,2174,6666382435180126,842,268,262,13,True,262
j0-56,0,2175,38574521006764174,9,278,294,14,False,278
j0-56,0,2176,32071845041035247,309,252,262,13,False,252
j0-56,0,2177,8395436436531542,7,278,310,14,False,278
j0-56,0,2178,34091651076489012,292,278,304,14,True,304
j0-56,0,2179,13149324258135972,0,278,294,14,False,278
j0-56,0,2180,9924209948743255,308,294,278,14,True,278
j0-56,0,2181,8680103835563981,835,252,226,13,True,226
j0-56,0,2182,36118561245572648,235,262,262,14,True,262
j0-56,0,2183,9323160051867598,1023,288,288,14,False,288
j0-56,0,2184,33919937851466796,4,236,268,13,False,236
j0-56,0,2185,43541193881092304,1023,278,262,14,False,278
j0-56,0,2186,25728818136227933,106,252,252,12,False,252
j0-56,0,2187,30547961149885374,231,278,252,13,True,252
j0-56,0,2188,53501260526499456,7,268,284,13,False,268
j0-56,0,2189,10379556279858414,703,278,278,14,True,278
j0-56,0,2190,30051226999155400,11,294,284,13,False,294
j0-56,0,2191,43489151421321997,106,268,252,13,False,268
j0-56,0,2192,8361169102496982,8,268,284,13,False,268
j0-56,0,2193,11452769868881535,306,278,262,14,True,262
j0-56,0,2194,45865582105932651,1023,278,288,14,False,278
j0-56,0,2195,52074639005465969,366,252,268,13,False,252
j0-56,0,2196,14874866949956222,812,288,272,15,True,272
j0-56,0,2197,1649881624383693,855,278,262,13,True,262
j0-56,0,2198,8647821345572603,7,278,278,14,False,278
j0-56,0,2199,39847353805532266,329,294,278,14,True,278
j0-56,0,2200,5813366595967198,16,278,288,15,False,278
j0-56,0,2201,17655089253216451,1023,246,304,14,False,246
j0-56,0,2202,52191248330760963,1,278,294,14,False,278
j0-56,0,2203,12606133506967317,1,272,288,14,False,272
j0-56,0,2204,20217346525560924,731,268,252,12,True,252
j0-56,0,2205,33249414904089455,1023,252,236,13,False,252
j0-56,0,2206,16185061148022433,1023,262,262,13,False,262
j0-56,0,2207,49382018405374792,807,294,262,14,True,262
j0-56,0,2208,34420964437003700,95,278,310,14,False,278
j0-56,0,2209,28698175522707461,95,288,278,13,False,288
j0-56,0,2210,23963330781068084,8,278,310,14,False,278
j0-56,0,2211,39329156440671421,857,278,246,14,False,278
j0-56,0,2212,19816607956198812,657,278,288,14,True,288
j0-56,0,2213,8534609445421204,7,278,310,14,False,278
j0-56,0,2214,49702055609948666,95,304,294,14,False,304
j0-56,0,2215,284890911015978,212,252,252,13,True,252
j0-56,0,2216,45859773188049386,156,278,252,13,True,252
j0-56,0,2217,42784399474139367,866,278,256,14,True,256
j0-56,0,2218,3817644864769118,858,278,278,14,True,278
j0-56,0,2219,4081703812604034,95,262,262,14,False,262
j0-56,0,2220,3765702108883189,105,278,278,13,False,278
j0-56,0,2221,23162338060481039,630,252,252,13,False,252
j0-56,0,2222,35767994926483891,376,262,246,14,True,246
j0-56,0,2223,6346055090656386,842,278,256,14,True,256
j0-56,0,2224,34359834419580745,287,294,278,14,True,278
j0-56,0,2225,48242947300438837,220,294,246,14,True,246
j0-56,0,2226,50135287817983668,1023,278,262,14,False,278
j0-56,0,2227,51559000369302865,11,242,242,12,False,242
j0-56,0,2228,14132263328784207,96,278,278,13,True,278
j0-56,0,2229,22350899695481296,608,278,268,13,True,268
j0-56,0,2230,6795215861356020,1,278,278,13,False,278
j0-56,0,2231,730254740307166,0,278,278,14,False,278
j0-56,0,2232,52173433782662424,95,268,268,13,False,268
j0-56,0,2233,20978010547102057,798,268,252,13,True,252
j0-56,0,2234,16214090040896764,283,278,278,14,True,278
j0-56,0,2235,4793067393781453,104,278,252,14,False,278
j0-56,0,2236,32315679973444211,297,268,304,14,True,304
j0-56,0,2237,17078019223154330,315,278,278,13,True,278
j0-56,0,2238,9317323691776254,113,262,278,14,False,262
j0-56,0,2239,21798740104753954,8,294,284,13,False,294
j0-56,0,2240,1273662633655005,1,252,268,13,False,252
j0-56,0,2241,40422232204358086,16,278,278,13,False,278
j0-56,0,2242,12773753973230839,873,278,278,14,True,278
j0-56,0,2243,18203589122137963,804,294,278,13,True,278
j0-56,0,2244,39313888668041784,1023,262,252,12,False,262
j0-56,0,2245,40114871476936783,95,278,336,14,False,278
j0-56,0,2246,15248990307125398,8,278,278,13,False,278
j0-56,0,2247,35325815837161050,1,294,272,14,False,294
j0-56,0,2248,26016707302880285,0,278,284,14,False,278
j0-56,0,2249,14671553185272192,306,262,262,14,True,262
j0-56,0,2250,5430648972890273,7,258,290,12,False,258
j0-56,0,2251,50996188962517862,16,278,268,13,False,278
j0-56,0,2252,38658347963860765,95,252,310,14,False,252
j0-56,0,2253,27455741128221618,348,262,278,14,True,278
j0-56,0,2254,18179111722291919,823,252,236,13,True,236
j0-56,0,2255,11681644601742930,1023,278,262,14,False,278
j0-56,0,2256,3180873242252510,1023,262,278,13,False,262
j0-56,0,2257,11576948146545321,315,278,288,14,True,288
j0-56,0,2258,4955001298874194,104,278,252,13,False,278
j0-56,0,2259,33477747060071397,741,304,272,14,True,272
j0-56,0,2260,48755597657172783,730,252,252,13,True,252
j0-56,0,2261,49475155498237392,687,288,278,14,True,278
j0-56,0,2262,38493109732465828,95,278,262,14,False,278
j0-56,0,2263,29423519314139828,306,278,284,14,True,284
j0-56,0,2264,48673392895087534,3,304,310,14,False,304
j0-56,0,2265,7813829321235970,11,278,310,14,False,278
j0-56,0,2266,16224288182411334,93,278,246,13,True,246
j0-56,0,2267,38151257728651306,1023,278,288,14,False,278
j0-56,0,2268,53491961177162643,362,278,272,14,False,278
j0-56,0,2269,25947564103693494,11,262,288,14,False,262
j0-56,0,2270,11030365509235171,104,278,284,14,False,278
j0-56,0,2271,10830870666598068,805,278,278,14,True,278
j0-56,0,2272,12335916106896854,8,268,284,13,False,268
j0-56,0,2273,32607097107866997,1023,262,268,14,False,262
j0-56,0,2274,24759621503589816,1023,262,294,14,False,262
j0-56,0,2275,39706685579120494,2,268,310,13,False,268
j0-56,0,2276,23171835909696339,107,268,252,13,False,268
j0-56,0,2277,52411331883715216,827,268,252,12,True,252
j0-56,0,2278,50269436351301626,105,288,304,14,False,288
j0-56,0,2279,37723816785887690,298,278,262,14,True,262
j0-56,0,2280,5855084329774100,1023,262,262,14,False,262
j0-56,0,2281,15304962730162603,1023,278,278,13,False,278
j0-56,0,2282,40467765835691640,105,278,262,13,False,278
j0-56,0,2283,18090487038929209,1023,252,242,12,False,252
j0-56,0,2284,2686793788460973,11,278,310,14,False,278
j0-56,0,2285,12402406992063907,116,268,252,13,True,252
j0-56,0,2286,42218463004189438,1023,262,304,14,False,262
j0-56,0,2287,40350853543094336,331,278,252,14,True,252
j0-56,0,2288,46784527024790601,0,278,284,14,False,278
j0-56,0,2289,7474328860106540,356,294,288,14,True,288
j0-56,0,2290,37427002206945101,1023,278,294,14,False,278
j0-56,0,2291,1835983309579017,836,278,278,14,True,278
j0-56,0,2292,46739278302357967,1,268,278,13,False,268
j0-56,0,2293,51905128086717888,0,252,336,14,False,252
j0-56,0,2294,36347789188171313,106,262,262,14,False,262
j0-56,0,2295,1179085653807492,13,278,262,14,False,278
j0-56,0,2296,42056445724888498,1023,278,294,14,False,278
j0-56,0,2297,12496100393732762,1023,262,310,14,False,262
j0-56,0,2298,44291336062671885,833,262,268,12,True,268
j0-56,0,2299,38662470097572077,104,278,310,13,False,278
j0-56,0,2300,51703656030316311,359,294,284,13,True,284
j0-56,0,2301,27766365769927516,798,288,310,14,True,310
j0-56,0,2302,36610095479533270,104,252,284,14,False,252
j0-56,0,2303,40692054986167201,1023,262,262,13,False,262
j0-56,0,2304,24358175020450712,1023,288,326,14,False,288
j0-56,0,2305,29036415838786188,370,252,278,14,False,252
j0-56,0,2306,29126466214083270,819,268,262,12,True,262
j0-56,0,2307,44689324312444780,278,262,294,14,False,262
j0-56,0,2308,22915494156782653,107,272,278,14,False,272
j0-56,0,2309,8030944888650526,181,294,278,13,True,278
j0-56,0,2310,22745964070804804,1,278,278,14,False,278
j0-56,0,2311,5234454470700239,105,268,278,13,False,268
j0-56,0,2312,7718723159908385,878,252,236,14,True,236
j0-56,0,2313,837016267779383,833,304,278,14,True,278
j0-56,0,2314,49309590637224272,229,278,262,14,True,262
j0-56,0,2315,21321257813320506,98,268,278,13,True,278
j0-56,0,2316,46177863060547943,119,278,252,13,True,252
j0-56,0,2317,30022212918170214,612,268,236,13,True,236
j0-56,0,2318,29237710487628389,221,278,310,13,True,310
j0-56,0,2319,18566183432175965,722,268,252,13,True,252
j0-56,0,2320,2990126871715941,800,252,252,13,True,252
j0-56,0,2321,24884837189684123,739,268,278,13,True,278
j0-56,0,2322,15536418988268818,106,278,310,14,False,278
j0-56,0,2323,22471512289737377,750,278,278,14,False,278
j0-56,0,2324,18238787003324705,104,278,310,13,False,278
j0-56,0,2325,18938836700642004,754,268,284,13,False,268
j0-56,0,2326,27131257163853829,1023,272,288,14,False,272
j0-56,0,2327,41378645108387440,294,288,272,14,True,272
j0-56,0,2328,33474468392295892,841,288,272,14,True,272
j0-56,0,2329,21560359954059666,228,288,272,14,True,272
j0-56,0,2330,40545660133690193,11,278,268,14,False,278
j0-56,0,2331,15558197268764266,8,278,268,14,False,278
j0-56,0,2332,40766610339087824,104,278,304,14,False,278
j0-56,0,2333,24957164090456018,9,294,310,14,False,294
j0-56,0,2334,10072777028669169,292,294,246,13,True,246
j0-56,0,2335,41497393089641507,3,278,288,14,False,278
j0-56,0,2336,6915946329180887,631,252,268,13,True,268
j0-56,0,2337,36784333560587664,95,304,278,14,False,304
j0-56,0,2338,27255514831636792,625,278,278,13,False,278
j0-56,0,2339,776843328481690,703,252,252,13,True,252
j0-56,0,2340,7844048096364924,146,294,310,14,True,310
j0-56,0,2341,15655057490606876,1023,252,268,13,False,252
j0-56,0,2342,49926046488610386,1,262,278,14,False,262
j0-56,0,2343,1558874312607274,854,278,272,14,True,272
j0-56,0,2344,8994546592198549,1023,268,268,13,False,268
j0-56,0,2345,35229758213726173,843,278,310,14,True,310
j0-56,0,2346,276218038408803,12,304,310,14,False,304
j0-56,0,2347,24931974670864949,335,268,236,13,True,236
j0-56,0,2348,48195516698819718,106,242,252,13,False,242
j0-56,0,2349,33469555598341529,3,262,310,14,False,262
j0-56,0,2350,52491834282862038,7,268,278,13,False,268
j0-56,0,2351,20657114042452986,337,268,262,13,True,262
j0-56,0,2352,35836019885228057,13,278,336,14,False,278
j0-56,0,2353,52110908139324675,1023,288,294,14,False,288
j0-56,0,2354,44867389645565372,874,252,278,13,False,252
j0-56,0,2355,24317039521185477,299,268,268,13,True,268
j0-56,0,2356,9941541566368418,1023,278,352,14,False,278
j0-56,0,2357,3775527998303660,309,278,268,14,False,278
j0-56,0,2358,1380377649539545,1023,278,326,14,False,278
j0-56,0,2359,26079802010240077,865,268,278,13,True,278
j0-56,0,2360,37818704075601764,615,278,272,14,True,272
j0-56,0,2361,31967570031900999,2,288,278,14,False,288
j0-56,0,2362,26098559258398490,887,278,252,13,False,278
j0-56,0,2363,27757487414943368,214,278,236,13,True,236
j0-56,0,2364,14878396717945678,728,288,278,14,True,278
j0-56,0,2365,52012864624948913,221,294,252,13,True,252
j0-56,0,2366,40670939955650755,309,268,284,13,False,268
j0-56,0,2367,24542123425086077,358,278,262,14,True,262
j0-56,0,2368,20139664499515375,310,294,278,14,True,278
j0-56,0,2369,13568391292088160,245,262,278,14,False,262
j0-56,0,2370,39095286203240385,95,252,272,14,False,252
j0-56,0,2371,2961312160950699,1023,272,262,14,False,272
j0-56,0,2372,38011683995764260,800,268,236,13,True,236
j0-56,0,2373,44775196382820578,2,278,278,14,False,278
j0-56,0,2374,48051379478959724,753,246,230,13,True,230
j0-56,0,2375,50458247284025205,884,278,304,14,False,278
j0-56,0,2376,7637835442835783,829,278,268,13,True,268
j0-56,0,2377,6479193541125243,674,294,278,14,True,278
j0-56,0,2378,25767968499610784,169,294,262,14,True,262
j0-56,0,2379,37144772402103957,13,278,314,14,False,278
j0-56,0,2380,14825673398843304,8,268,316,13,False,268
j0-56,0,2381,30072038671374395,105,288,288,14,False,288
j0-56,0,2382,53171534470485111,195,278,252,13,True,252
j0-56,0,2383,36531814631621865,1023,252,262,13,False,252
j0-56,0,2384,49451684538271031,95,252,252,12,False,252
j0-56,0,2385,11476312846218271,883,278,256,14,True,256
j0-56,0,2386,21677914281210309,310,304,294,14,True,294
j0-56,0,2387,7855644621277301,732,294,284,13,True,284
j0-56,0,2388,46782222765391738,104,252,236,13,False,252
j0-56,0,2389,10426488613745188,95,262,294,14,False,262
j0-56,0,2390,28492640118199354,301,304,304,14,False,304
j0-56,0,2391,26032468191652697,95,294,284,14,False,294
j0-56,0,2392,45052336626988148,819,262,236,13,True,236
j0-56,0,2393,17044021192293361,369,272,246,14,True,246
j0-56,0,2394,15133964869452542,353,278,262,14,True,262
j0-56,0,2395,6130194309804235,623,252,284,13,False,252
j0-56,0,2396,45683232270864286,239,246,246,13,False,246
j0-56,0,2397,32766175014663137,862,294,272,14,True,272
j0-56,0,2398,800348052243174,101,262,262,14,True,262
j0-56,0,2399,30561548885391002,13,262,246,14,False,262
j0-56,0,2400,41159325415367460,95,278,272,14,False,278
j0-56,0,2401,759732464836270,105,278,304,14,False,278
j0-56,0,2402,44418256043517814,100,278,278,13,True,278
j0-56,0,2403,44501397352805756,798,278,284,13,True,284
j0-56,0,2404,36727164679869609,0,268,252,13,False,268
j0-56,0,2405,32830978673948160,1023,304,326,14,False,304
j0-56,0,2406,13802270965735540,835,278,262,13,True,262
j0-56,0,2407,6919265480303838,851,304,272,14,True,272
j0-56,0,2408,17592810544723546,95,294,278,14,False,294
j0-56,0,2409,34272784025314770,1023,278,252,13,False,278
j0-56,0,2410,10449145908305125,711,278,256,14,True,256
j0-56,0,2411,17126071558075872,0,262,278,13,False,262
j0-56,0,2412,53162278152503932,95,278,310,14,False,278
j0-56,0,2413,48263432799828393,2,268,284,13,False,268
j0-56,0,2414,9148963650828846,630,304,304,15,False,304
j0-56,0,2415,11476491084307812,217,288,304,14,True,304
j0-56,0,2416,22257681881377711,845,278,278,14,True,278
j0-56,0,2417,51861530349121604,804,256,236,14,True,236
j0-56,0,2418,18487101275952430,8,242,258,11,False,242
j0-56,0,2419,7080760103391071,621,278,310,14,False,278
j0-56,0,2420,29258991594461931,759,268,252,13,False,268
j0-56,0,2421,10776367539737966,95,294,304,14,False,294
j0-56,0,2422,51216772563915137,231,294,262,14,True,262
j0-56,0,2423,23803678126432041,375,252,242,12,False,252
j0-56,0,2424,34582309413524917,0,278,304,13,False,278
j0-56,0,2425,16256628577334778,1,294,310,13,False,294
j0-56,0,2426,30352493228803047,1023,304,288,14,False,304
j0-56,0,2427,53249261376771492,334,294,278,14,True,278
j0-56,0,2428,14446445717210152,7,268,294,13,False,268
j0-56,0,2429,3041864199219099,623,252,262,13,False,252
j0-56,0,2430,8015534101723844,0,294,284,14,False,294
j0-56,0,2431,17547795437218925,1023,278,246,14,False,278
j0-56,0,2432,23412846411099945,104,278,294,14,False,278
j0-56,0,2433,5883050862776365,0,278,288,15,False,278
j0-56,0,2434,6728464120118270,95,278,294,13,False,278
j0-56,0,2435,16627507537314755,95,278,278,13,False,278
j0-56,0,2436,34455264912869013,4,278,310,14,False,278
j0-56,0,2437,25968538718045229,850,278,252,13,True,252
j0-56,0,2438,40764956765079112,324,268,278,13,True,278
j0-56,0,2439,27943931119523834,1,304,278,14,False,304
j0-56,0,2440,51768834726375273,8,294,252,14,False,294
j0-56,0,2441,1407206783780516,7,272,288,14,False,272
j0-56,0,2442,39322220459263152,884,278,278,14,False,278
j0-56,0,2443,27100295999694087,865,294,278,14,True,278
j0-56,0,2444,5949232710139283,712,294,278,14,True,278
j0-56,0,2445,707633528079898,2,294,310,14,False,294
j0-56,0,2446,7603832306304157,2,262,278,14,False,262
j0-56,0,2447,26687928324435989,301,242,252,12,False,242
j0-56,0,2448,5304535396328946,2,268,262,13,False,268
j0-56,0,2449,8524185683376385,7,252,252,13,False,252
j0-56,0,2450,44857664038276194,12,294,310,14,False,294
j0-56,0,2451,50041013763133384,104,268,268,13,False,268
j0-56,0,2452,35377339298080897,322,278,284,13,True,284
j0-56,0,2453,8672449640758665,104,278,304,14,False,278
j0-56,0,2454,3796740002451233,868,294,278,14,True,278
j0-56,0,2455,30216612465306465,95,288,278,14,False,288
j0-56,0,2456,5568974622755786,0,268,252,13,False,268
j0-56,0,2457,3583905397713944,1,278,278,14,False,278
j0-56,0,2458,32569952436563698,0,268,252,12,False,268
j0-56,0,2459,1006837285663751,2,278,278,14,False,278
j0-56,0,2460,51431276262135796,7,294,284,13,False,294
j0-56,0,2461,29172808389219836,363,268,284,13,True,284
j0-56,0,2462,14413346587270469,693,268,268,12,True,268
j0-56,0,2463,14449486634717756,201,268,236,13,True,236
j0-56,0,2464,27162362409383278,1023,268,246,13,False,268
j0-56,0,2465,14292375768521193,1023,236,252,12,False,236
j0-56,0,2466,7785812039249815,823,268,258,13,True,258
j0-56,0,2467,31395147220913646,712,278,278,14,True,278
j0-56,0,2468,43988238799626119,11,268,268,13,False,268
j0-56,0,2469,23661258722135195,2,268,242,12,False,268
j0-56,0,2470,4355363357405252,749,252,278,13,False,252
j0-56,0,2471,27226939079938700,363,268,252,13,True,252
j0-56,0,2472,50569289928050287,726,258,232,11,True,232
j0-56,0,2473,47925847758710583,7,268,284,13,False,268
j0-56,0,2474,27579064374789451,1,288,288,14,False,288
j0-56,0,2475,8310902661648150,810,278,236,13,True,236
j0-56,0,2476,32973888884854456,3,278,252,14,False,278
j0-56,0,2477,39527258069290343,221,294,304,14,True,304
j0-56,0,2478,12224178893949040,804,278,278,13,True,278
j0-56,0,2479,32919530229717588,240,252,278,12,False,252
j0-56,0,2480,30320115278210225,874,252,252,13,False,252
j0-56,0,2481,40795694637490216,104,278,310,14,False,278
j0-56,0,2482,33075490105308325,818,268,236,13,True,236
j0-56,0,2483,18204208950051624,185,294,304,14,True,304
j0-56,0,2484,51960644335288212,334,262,246,14,True,246
j0-56,0,2485,24211687101425689,191,278,262,14,True,262
j0-56,0,2486,26100742386843805,3,268,284,13,False,268
j0-56,0,2487,46904147523283544,698,278,304,14,True,304
j0-56,0,2488,42249853946716058,95,278,304,14,False,278
j0-56,0,2489,4620344075831605,1023,278,252,13,False,278
j0-56,0,2490,29661602591798424,95,268,252,13,False,268
j0-56,0,2491,42553581531010950,106,252,304,13,False,252
j0-56,0,2492,6815852496732167,7,278,304,14,False,278
j0-56,0,2493,2389265360583992,743,268,246,13,True,246
j0-56,0,2494,19926667069899730,733,268,268,12,True,268
j0-56,0,2495,215727062346447,753,304,278,14,True,278
j0-56,0,2496,27697116667343731,105,278,278,14,False,278
j0-56,0,2497,11678814569101274,8,258,290,12,False,258
j0-56,0,2498,47640288612129088,836,262,262,14,True,262
j0-56,0,2499,37369070144791035,828,294,310,14,True,310
j0-56,0,2500,13805553121698918,861,268,246,13,True,246
j0-56,0,2501,31101060022074420,9,304,288,14,False,304
j0-56,0,2502,14459557951016451,813,252,252,13,True,252
j0-56,0,2503,34895617204194706,95,252,284,12,False,252
j0-56,0,2504,13861011168544158,231,268,268,13,True,268
j0-56,0,2505,38952088770969220,853,304,288,14,True,288
j0-56,0,2506,33049382136381929,629,268,252,12,False,268
j0-56,0,2507,7895524546071174,1023,262,278,13,False,262
j0-56,0,2508,39414185179495690,211,278,278,13,True,278
j0-56,0,2509,8204852438106835,105,278,310,14,False,278
j0-56,0,2510,44663540287635868,299,294,262,14,True,262
j0-56,0,2511,47954569804404075,299,252,252,13,True,252
j0-56,0,2512,14349302685036083,104,246,284,13,False,246
j0-56,0,2513,8633716645137804,214,278,278,14,True,278
j0-56,0,2514,17272960435006652,869,294,278,14,True,278
j0-56,0,2515,42999079458516743,1023,262,272,14,False,262
j0-56,0,2516,53573916632535293,7,294,310,14,False,294
j0-56,0,2517,20734420836950665,862,252,252,13,True,252
j0-56,0,2518,6489317769262596,96,268,236,13,True,236
j0-56,0,2519,8559459015771951,318,278,278,14,True,278
j0-56,0,2520,14457850081151453,3,304,304,14,False,304
j0-56,0,2521,20334794398394610,857,278,310,14,False,278
j0-56,0,2522,48612458557233471,861,294,278,14,True,278
j0-56,0,2523,49605135647252738,726,278,262,14,True,262
j0-56,0,2524,3620639202538045,104,268,278,13,False,268
j0-56,0,2525,31653808348640614,104,278,278,14,False,278
j0-56,0,2526,45516280167979459,1,294,268,13,False,294
j0-56,0,2527,1029013544596966,104,278,288,14,False,278
j0-56,0,2528,24825423796892111,336,278,278,14,True,278
j0-56,0,2529,12833355419019292,1023,268,236,13,False,268
j0-56,0,2530,47867925634072627,2,262,278,14,False,262
j0-56,0,2531,16731971212083750,0,288,288,14,False,288
j0-56,0,2532,33550287413331151,12,294,278,14,False,294
j0-56,0,2533,4622862648641392,297,268,258,12,True,258
j0-56,0,2534,29622014609625162,1023,304,262,13,False,304
j0-56,0,2535,32558162335044646,338,278,272,14,True,272
j0-56,0,2536,34587281281502220,6,278,294,14,False,278
j0-56,0,2537,5284660804231957,224,304,282,14,False,304
j0-56,0,2538,9226974517053240,0,268,268,13,False,268
j0-56,0,2539,3766374011938399,104,278,278,14,False,278
j0-56,0,2540,45337654446201768,16,268,262,12,False,268
j0-56,0,2541,29988520437520479,718,304,278,14,True,278
j0-56,0,2542,847307524117115,106,252,294,14,False,252
j0-56,0,2543,19355523851701736,7,268,278,13,False,268
j0-56,0,2544,99393161571404,186,278,268,13,True,268
j0-56,0,2545,25945355650961131,228,268,278,13,True,278
j0-56,0,2546,15538380775996307,91,294,268,13,True,268
j0-56,0,2547,6966354357035918,7,268,252,13,False,268
j0-56,0,2548,31878629078857291,1023,262,278,14,False,262
j0-56,0,2549,3701202615929201,1,304,326,14,False,304
j0-56,0,2550,16567906655726905,12,304,342,14,False,304
j0-56,0,2551,3114050724562941,1023,262,310,14,False,262
j0-56,0,2552,52892908708491785,95,278,304,14,False,278
j0-56,0,2553,40412473518617982,340,288,294,14,True,294
j0-56,0,2554,17486478197258091,626,278,272,14,False,278
j0-56,0,2555,28699354256675614,104,304,342,14,False,304
j0-56,0,2556,11048673299442244,104,278,310,14,False,278
j0-56,0,2557,21200629010867960,693,294,278,14,True,278
j0-56,0,2558,14347893038630450,0,278,294,14,False,278
j0-56,0,2559,4142252145948778,7,288,278,14,False,288
j0-56,0,2560,16409294065750178,629,288,278,14,False,288
j0-56,0,2561,17846659394674777,882,252,246,13,True,246
j0-56,0,2562,49763269239437081,355,294,272,14,True,272
j0-56,0,2563,46158908775253261,13,252,252,13,False,252
j0-56,0,2564,25550714691384847,4,294,316,13,False,294
j0-56,0,2565,51616045092144328,225,294,336,14,True,336
j0-56,0,2566,21179094260076797,8,278,310,14,False,278
j0-56,0,2567,12618960217300391,95,278,310,14,False,278
j0-56,0,2568,42231401470660150,298,278,236,12,True,236
j0-56,0,2569,45705895299731183,95,294,284,13,False,294
j0-56,0,2570,28440743021213197,11,252,290,13,False,252
j0-56,0,2571,18079645356633468,328,278,262,13,True,262
j0-56,0,2572,5535928124123904,632,278,278,13,True,278
j0-56,0,2573,23340731249716184,342,268,262,13,True,262
j0-56,0,2574,19803321448216747,873,278,278,14,True,278
j0-56,0,2575,44450328215710436,104,268,284,13,False,268
j0-56,0,2576,47830310901441315,12,278,268,13,False,278
j0-56,0,2577,45860109908840519,95,268,320,13,False,268
j0-56,0,2578,3658872851448384,731,304,304,14,True,304
j0-56,0,2579,53471321826325224,321,262,278,14,False,262
j0-56,0,2580,26352497759407975,1023,272,300,14,False,272
j0-56,0,2581,44604733215230087,1023,268,268,13,False,268
j0-56,0,2582,21292748107200157,4,304,304,14,False,304
j0-56,0,2583,14571223990250396,104,278,310,14,False,278
j0-56,0,2584,49635479466532812,1023,278,294,14,False,278
j0-56,0,2585,49410980926804680,217,268,252,13,True,252
j0-56,0,2586,42399925944263007,242,252,262,13,False,252
j0-56,0,2587,42027589981855073,8,278,272,14,False,278
j0-56,0,2588,22128928716890275,306,278,278,14,True,278
j0-56,0,2589,50629183037840040,656,278,310,14,True,310
j0-56,0,2590,52105748608515513,7,262,262,13,False,262
j0-56,0,2591,26224897870491450,185,278,278,14,True,278
j0-56,0,2592,32968180333722225,8,252,290,12,False,252
j0-56,0,2593,51332687968673821,0,252,252,13,False,252
j0-56,0,2594,29350043339594561,615,278,278,14,True,278
j0-56,0,2595,3945496552470045,822,268,258,12,True,258
j0-56,0,2596,36481471380130539,1,278,294,14,False,278
j0-56,0,2597,29447724752447398,733,278,284,13,True,284
j0-56,0,2598,31510794402727338,217,278,304,14,True,304
j0-56,0,2599,30419509463054793,301,288,272,14,False,288
j0-56,0,2600,47139097488614125,1023,262,268,13,False,262
j0-56,0,2601,52711725989116337,1023,268,246,13,False,268
j0-56,0,2602,40863361562054583,626,278,278,13,False,278
j0-56,0,2603,20951693682197860,102,268,268,13,True,268
j0-56,0,2604,52615491273753021,12,294,278,14,False,294
j0-56,0,2605,25774993830493975,104,268,252,13,False,268
j0-56,0,2606,38192710093236111,1023,278,284,13,False,278
j0-56,0,2607,548225337782296,105,268,268,12,False,268
j0-56,0,2608,14583191285158866,104,304,310,14,False,304
j0-56,0,2609,23768205085096656,95,268,278,13,False,268
j0-56,0,2610,51235333640475212,105,278,278,14,False,278
j0-56,0,2611,19148935689310632,278,278,310,14,False,278
j0-56,0,2612,34335915653847514,236,252,236,13,True,236
j0-56,0,2613,12651512286835603,3,304,262,14,False,304
j0-56,0,2614,18087210807123061,106,262,326,13,False,262
j0-56,0,2615,46413551449853068,94,278,278,14,True,278
j0-56,0,2616,35029535292496857,658,268,278,14,True,278
j0-56,0,2617,18679159400572602,104,278,284,13,False,278
j0-56,0,2618,35630006427604739,8,304,278,14,False,304
j0-56,0,2619,20486250043843951,95,262,278,14,False,262
j0-56,0,2620,49260509080526633,106,304,304,14,False,304
j0-56,0,2621,1987866042356905,0,278,278,13,False,278
j0-56,0,2622,53258905509825718,367,278,246,13,False,278
j0-56,0,2623,23667714468344729,1023,278,278,14,False,278
j0-56,0,2624,26879371674600421,95,278,304,14,False,278
j0-56,0,2625,21583662673206511,742,268,284,13,True,284
j0-56,0,2626,41858781186509036,104,252,284,13,False,252
j0-56,0,2627,41791103796554187,299,252,252,12,True,252
j0-56,0,2628,32356429219860107,104,278,278,13,False,278
j0-56,0,2629,26854808963230281,1023,278,268,14,False,278
j0-56,0,2630,42082255132087774,887,278,278,14,False,278
j0-56,0,2631,19359733197789313,1023,268,300,13,False,268
j0-56,0,2632,4769964997786547,106,278,304,14,False,278
j0-56,0,2633,1998932568929298,729,252,252,13,True,252
j0-56,0,2634,10851531839686008,104,278,278,13,False,278
j0-56,0,2635,14860839793854022,8,278,294,14,False,278
j0-56,0,2636,18535022996279898,211,256,240,13,True,240
j0-56,0,2637,16568137883809525,365,278,278,14,True,278
j0-56,0,2638,33224318658143617,799,246,262,14,True,262
j0-56,0,2639,20301479710892318,106,278,320,13,False,278
j0-56,0,2640,35922088201094679,1023,262,272,14,False,262
j0-56,0,2641,12799300838915565,1023,262,262,14,False,262
j0-56,0,2642,943330390876574,355,278,262,14,True,262
j0-56,0,2643,18221426616523064,104,268,284,13,False,268
j0-56,0,2644,13691105742123965,2,278,278,13,False,278
j0-56,0,2645,10108492026132143,2,278,278,14,False,278
j0-56,0,2646,19321795547610599,334,258,258,12,True,258
j0-56,0,2647,42650808978146141,3,278,262,13,False,278
j0-56,0,2648,52897353615137779,1023,304,288,14,False,304
j0-56,0,2649,28697834112188848,0,268,252,13,False,268
j0-56,0,2650,24278319245544204,848,278,278,14,True,278
j0-56,0,2651,27990991104931795,224,314,272,14,False,314
j0-56,0,2652,43752576880302005,333,278,278,13,True,278
j0-56,0,2653,37135721161579344,835,268,262,13,True,262
j0-56,0,2654,504909834457674,713,294,284,13,True,284
j0-56,0,2655,36334846131930376,854,268,252,13,True,252
j0-56,0,2656,33594500327094674,205,268,252,13,True,252
j0-56,0,2657,24228274595920784,1023,278,256,14,False,278
j0-56,0,2658,12782122881983105,1023,278,262,14,False,278
j0-56,0,2659,47340482163030208,8,304,342,14,False,304
j0-56,0,2660,3165520503682733,7,294,278,14,False,294
j0-56,0,2661,2546115115400673,739,294,252,13,True,252
j0-56,0,2662,9796088190304557,736,268,252,13,True,252
j0-56,0,2663,36359808855022563,724,294,294,14,True,294
j0-56,0,2664,12250899559938982,812,278,278,14,True,278
j0-56,0,2665,31568744419572338,717,278,236,14,True,236
j0-56,0,2666,48910519697886223,104,304,304,14,False,304
j0-56,0,2667,39979151420742722,703,278,256,14,True,256
j0-56,0,2668,1729676258948396,7,278,288,14,False,278
j0-56,0,2669,35911668190707414,741,278,304,14,True,304
j0-56,0,2670,30184773871856572,94,294,278,14,True,278
j0-56,0,2671,26085741583898624,310,294,336,14,True,336
j0-56,0,2672,2189622606613803,8,252,252,13,False,252
j0-56,0,2673,13193618781646497,104,268,284,13,False,268
j0-56,0,2674,25508832247855836,833,294,278,13,True,278
j0-56,0,2675,15131105977646078,680,294,310,14,True,310
j0-56,0,2676,48345361822880451,317,278,278,14,True,278
j0-56,0,2677,6812415216199108,104,262,304,14,False,262
j0-56,0,2678,18504176239609590,712,278,278,14,True,278
j0-56,0,2679,16005624713724967,868,268,236,13,True,236
j0-56,0,2680,15126955266262283,853,294,278,14,True,278
j0-56,0,2681,17938772293350447,3,278,310,14,False,278
j0-56,0,2682,45349660571033618,625,288,272,14,False,288
j0-56,0,2683,34421789730279072,1023,278,288,13,False,278
j0-56,0,2684,2081925071496654,3,278,278,14,False,278
j0-56,0,2685,52749353550263035,621,278,304,14,False,278
j0-56,0,2686,53354599647664351,221,304,278,14,True,278
j0-56,0,2687,17314762068096981,12,262,262,13,False,262
j0-56,0,2688,6981719329623181,329,288,256,14,True,256
j0-56,0,2689,46502657961449611,1023,278,294,14,False,278
j0-56,0,2690,10627508346245169,104,262,252,14,False,262
j0-56,0,2691,21234560388793429,2,242,242,12,False,242
j0-56,0,2692,46131179145861066,1,268,268,13,False,268
j0-56,0,2693,38264169410433517,231,278,278,14,True,278
j0-56,0,2694,11165567342533408,688,278,278,13,True,278
j0-56,0,2695,51178210603259587,699,288,262,14,True,262
j0-56,0,2696,34173354748252247,8,278,278,14,False,278
j0-56,0,2697,50190375146438039,195,278,278,13,True,278
j0-56,0,2698,43685337461948709,624,236,236,13,False,236
j0-56,0,2699,34315032805104449,217,252,262,13,True,262
j0-56,0,2700,13549395197452474,9,294,278,13,False,294
j0-56,0,2701,34676753528111998,0,278,262,13,False,278
j0-56,0,2702,2126318495336932,760,288,278,14,False,288
j0-56,0,2703,31340603381793209,1023,252,258,12,False,252
j0-56,0,2704,35671979521388858,1023,278,262,14,False,278
j0-56,0,2705,18941229992542210,105,278,262,14,False,278
j0-56,0,2706,40206605229170070,0,278,310,13,False,278
j0-56,0,2707,46437091389577385,724,278,252,13,True,252
j0-56,0,2708,46014570578603008,1023,278,288,14,False,278
j0-56,0,2709,20896297194011077,95,268,316,13,False,268
j0-56,0,2710,41377811859240391,181,304,278,15,True,278
j0-56,0,2711,48734940119756769,1023,278,262,14,False,278
j0-56,0,2712,11430079155051783,97,268,252,13,True,252
j0-56,0,2713,7685439336747946,12,252,236,12,False,252
j0-56,0,2714,40764896237635851,104,278,294,14,False,278
j0-56,0,2715,5168578517785433,699,304,262,14,True,262
j0-56,0,2716,51465531683573936,1023,278,294,13,False,278
j0-56,0,2717,26898148752233936,855,294,262,13,True,262
j0-56,0,2718,44701675215980663,104,278,304,14,False,278
j0-56,0,2719,45461634416234929,309,278,278,14,False,278
j0-56,0,2720,30561392252025179,722,252,252,12,True,252
j0-56,0,2721,819048449840112,856,288,272,14,True,272
j0-56,0,2722,1396798882467736,687,288,288,14,True,288
j0-56,0,2723,16152343074608115,104,242,258,11,False,242
j0-56,0,2724,7568719080609409,13,294,310,13,False,294
j0-56,0,2725,5544226950578291,7,278,294,14,False,278
j0-56,0,2726,29906171126601349,806,278,282,14,True,282
j0-56,0,2727,29623123552174354,104,252,252,13,False,252
j0-56,0,2728,37858621187701466,673,242,226,12,True,226
j0-56,0,2729,46898425585662299,13,294,310,14,False,294
j0-56,0,2730,36868256075839991,104,268,284,13,False,268
j0-56,0,2731,47050670349673803,242,226,242,12,False,226
j0-56,0,2732,27214946470730192,292,294,252,13,True,252
j0-56,0,2733,47557879352494708,728,268,252,13,True,252
j0-56,0,2734,29041494400662238,0,268,268,13,False,268
j0-56,0,2735,7743610976249238,105,278,278,14,False,278
j0-56,0,2736,4970704779835560,7,278,262,14,False,278
j0-56,0,2737,41746628479989904,699,294,262,14,True,262
j0-56,0,2738,7852628478633109,193,294,278,14,True,278
j0-56,0,2739,24795763790925659,1023,252,268,13,False,252
j0-56,0,2740,40073256635107842,755,262,252,13,True,252
j0-56,0,2741,15330875191682241,668,278,278,14,True,278
j0-56,0,2742,51283018889078030,0,294,284,13,False,294
j0-56,0,2743,47082674079661751,747,262,262,13,True,262
j0-56,0,2744,18152372579858536,116,288,304,14,True,304
j0-56,0,2745,12490244999967305,3,268,284,13,False,268
j0-56,0,2746,14143756848237920,8,278,304,14,False,278
j0-56,0,2747,11965282473689989,608,268,278,13,True,278
j0-56,0,2748,36129166003387781,1,278,252,14,False,278
j0-56,0,2749,23378584713123566,287,288,304,14,True,304
j0-56,0,2750,29250607736388185,104,278,278,14,False,278
j0-56,0,2751,15177022491982416,866,304,304,14,True,304
j0-56,0,2752,23534492358811864,206,278,246,13,True,246
j0-56,0,2753,40282913261883636,13,252,268,13,False,252
j0-56,0,2754,39368114912038551,0,294,310,13,False,294
j0-56,0,2755,39159830945657061,9,278,262,13,False,278
j0-56,0,2756,50262150360148112,608,304,262,14,True,262
j0-56,0,2757,53113823459635878,817,278,278,14,True,278
j0-56,0,2758,41487377838289718,809,288,252,13,True,252
j0-56,0,2759,13458048532324950,95,304,310,14,False,304
j0-56,0,2760,29485136002902504,1023,288,256,14,False,288
j0-56,0,2761,1116989807702482,105,304,310,14,False,304
j0-56,0,2762,17164636653559977,95,278,304,14,False,278
j0-56,0,2763,34820497309556064,1023,262,262,13,False,262
j0-56,0,2764,8301522336838685,4,278,284,14,False,278
j0-56,0,2765,13698745320670379,0,288,320,14,False,288
j0-56,0,2766,17614787826653642,108,278,310,14,False,278
j0-56,0,2767,41404208285066383,868,278,278,14,True,278
j0-56,0,2768,41086838526169890,747,288,288,15,True,288
j0-56,0,2769,15546196513525096,827,278,262,14,True,262
j0-56,0,2770,7284367775866603,355,268,278,13,True,278
j0-56,0,2771,52455294013453922,7,252,316,13,False,252
j0-56,0,2772,29973366146229121,104,268,252,13,False,268
j0-56,0,2773,1015739548796710,95,268,252,13,False,268
j0-56,0,2774,53321700356008804,7,268,268,13,False,268
j0-56,0,2775,36099435454720057,105,278,252,13,False,278
j0-56,0,2776,42192247948799410,847,278,278,14,True,278
j0-56,0,2777,20557646549998860,288,278,272,14,True,272
j0-56,0,2778,37126550619309218,12,278,294,14,False,278
j0-56,0,2779,9878808152698371,9,278,278,14,False,278
j0-56,0,2780,36314722114633700,9,294,252,13,False,294
j0-56,0,2781,29580804527317093,305,268,252,13,True,252
j0-56,0,2782,53597338049164908,8,268,252,13,False,268
j0-56,0,2783,1395952513104150,12,252,236,12,False,252
j0-56,0,2784,33996409472436018,632,288,272,14,True,272
j0-56,0,2785,48837846470233077,219,252,236,13,False,252
j0-56,0,2786,31244993474352964,8,278,310,14,False,278
j0-56,0,2787,17671382325875291,95,268,310,13,False,268
j0-56,0,2788,52038887689517897,656,236,230,13,True,230
j0-56,0,2789,40447682276615444,7,304,278,14,False,304
j0-56,0,2790,21041517861658484,620,236,246,13,False,236
j0-56,0,2791,34524031445248184,846,288,272,14,True,272
j0-56,0,2792,21517525031421628,746,242,210,12,True,210
j0-56,0,2793,49467915020097167,95,268,316,13,False,268
j0-56,0,2794,25759678209140641,1023,252,252,14,False,252
j0-56,0,2795,52219436974211271,7,278,304,14,False,278
j0-56,0,2796,46041455143461296,3,252,262,13,False,252
j0-56,0,2797,26818178031790809,1,278,278,13,False,278
j0-56,0,2798,38782242946069951,2,294,262,14,False,294
j0-56,0,2799,23710369455242813,4,252,278,13,False,252
j0-56,0,2800,37324527187925420,13,258,226,12,False,258
j0-56,0,2801,44481121211069367,105,262,246,14,False,262
j0-56,0,2802,10748030686803512,0,278,252,14,False,278
j0-56,0,2803,22345650578770148,1023,278,294,14,False,278
j0-56,0,2804,34508973612969391,1023,252,262,13,False,252
j0-56,0,2805,42005233518451387,850,278,262,14,True,262
j0-56,0,2806,36631327743373334,306,278,278,14,True,278
j0-56,0,2807,41706604951855410,144,304,278,14,True,278
j0-56,0,2808,7283331330966532,16,278,278,13,False,278
j0-56,0,2809,46396671175708970,0,278,294,14,False,278
j0-56,0,2810,44982433710585970,8,278,278,14,False,278
j0-56,0,2811,34532551141550922,2,262,294,14,False,262
j0-56,0,2812,37445405468252704,3,294,310,14,False,294
j0-56,0,2813,51760621160821719,104,262,326,14,False,262
j0-56,0,2814,25530733473420256,795,268,284,13,True,284
j0-56,0,2815,770566365548801,151,268,278,13,True,278
j0-56,0,2816,50270061623733822,855,268,278,13,True,278
j0-56,0,2817,34270431463789274,3,278,278,14,False,278
j0-56,0,2818,43771795201337464,108,252,258,13,False,252
j0-56,0,2819,12898790689807887,9,278,310,14,False,278
j0-56,0,2820,50994501507994640,4,294,278,13,False,294
j0-56,0,2821,46694751472324051,1,278,278,14,False,278
j0-56,0,2822,36268657716449608,0,278,304,14,False,278
j0-56,0,2823,9636080568486961,9,278,304,14,False,278
j0-56,0,2824,38538470897455631,673,278,284,13,True,284
j0-56,0,2825,12434781739596010,867,268,252,13,False,268
j0-56,0,2826,16422018181676780,7,288,342,14,False,288
j0-56,0,2827,17180456173530073,105,262,256,14,False,262
j0-56,0,2828,22622537846494637,207,242,226,12,True,226
j0-56,0,2829,26601317581013259,604,278,252,14,True,252
j0-56,0,2830,34273601941699054,342,278,278,14,True,278
j0-56,0,2831,27884866863903886,1023,252,252,13,False,252
j0-56,0,2832,43494963516960496,12,278,294,14,False,278
j0-56,0,2833,26026366319835060,622,278,294,14,False,278
j0-56,0,2834,48083385177357356,104,278,294,14,False,278
j0-56,0,2835,10495670188759113,13,278,294,14,False,278
j0-56,0,2836,48668414172604633,239,252,252,13,False,252
j0-56,0,2837,4826251432092463,11,278,342,14,False,278
j0-56,0,2838,37919941785614019,376,262,278,14,True,278
j0-56,0,2839,20200288619203843,118,252,252,13,True,252
j0-56,0,2840,4670504482189722,104,278,288,14,False,278
j0-56,0,2841,28596020998197426,1023,252,252,13,False,252
j0-56,0,2842,18478602885127920,95,278,284,13,False,278
j0-56,0,2843,18569888782618878,867,294,310,14,False,294
j0-56,0,2844,19707114554116063,191,294,278,13,True,278
j0-56,0,2845,19697140729254903,110,262,288,14,False,262
j0-56,0,2846,25409827246990928,610,278,278,14,True,278
j0-56,0,2847,11746200537212227,95,294,262,14,False,294
j0-56,0,2848,8758254150144764,13,294,268,14,False,294
j0-56,0,2849,20431284095209206,324,294,278,13,True,278
j0-56,0,2850,7430436045883968,93,258,242,12,True,242
j0-56,0,2851,34709343810532573,237,262,278,14,False,262
j0-56,0,2852,21774466894509373,2,258,252,12,False,258
j0-56,0,2853,16500848951164522,752,262,310,14,False,262
j0-56,0,2854,41306608631940760,0,278,304,13,False,278
j0-56,0,2855,52290151108369896,104,278,326,14,False,278
j0-56,0,2856,24061826094607271,1,268,284,13,False,268
j0-56,0,2857,10928271958250587,95,288,320,14,False,288
j0-56,0,2858,23713509069355250,13,278,310,13,False,278
j0-56,0,2859,14323849794768744,8,262,294,14,False,262
j0-56,0,2860,48481452925266894,12,268,236,14,False,268
j0-56,0,2861,9762989158013656,1023,278,262,14,False,278
j0-56,0,2862,26175093930881512,187,294,278,13,True,278
j0-56,0,2863,41429158502196689,729,278,262,14,True,262
j0-56,0,2864,4551784117687027,1023,278,262,13,False,278
j0-56,0,2865,8546492991368458,1023,278,268,13,False,278
j0-56,0,2866,40300746282913069,12,288,320,14,False,288
j0-56,0,2867,39662232909958836,104,304,310,14,False,304
j0-56,0,2868,49013897804676162,93,268,268,13,True,268
j0-56,0,2869,46126738543133154,331,288,262,13,True,262
j0-56,0,2870,23818689308654264,278,252,252,13,False,252
j0-56,0,2871,10111853605591244,806,294,284,13,True,284
j0-56,0,2872,3730425002139102,846,294,272,14,True,272
j0-56,0,2873,52235104054249144,3,268,284,13,False,268
j0-56,0,2874,50622882287953387,4,278,272,14,False,278
j0-56,0,2875,24633910657571987,1023,272,272,14,False,272
j0-56,0,2876,44540424535710982,3,278,310,14,False,278
j0-56,0,2877,47477667400887905,322,288,288,14,True,288
j0-56,0,2878,25681627707067995,145,262,246,14,True,246
j0-56,0,2879,43293541099510131,95,242,284,13,False,242
j0-56,0,2880,14100250092782457,305,304,304,14,True,304
j0-56,0,2881,48134737911424925,693,278,262,14,True,262
j0-56,0,2882,13949316831854764,686,304,288,14,True,288
j0-56,0,2883,15494174809524663,104,232,258,11,False,232
j0-56,0,2884,25577383679242818,1023,278,262,14,False,278
j0-56,0,2885,52708592584552372,175,262,246,14,False,262
j0-56,0,2886,20581750400507067,3,268,278,13,False,268
j0-56,0,2887,27468745274568982,674,294,316,13,True,316
j0-56,0,2888,27583810055942665,885,216,232,11,False,216
j0-56,0,2889,15900605137898288,759,252,278,14,False,252
j0-56,0,2890,34030022013293159,880,252,262,13,False,252
j0-56,0,2891,29646510664125262,105,294,336,15,False,294
j0-56,0,2892,15575483429938943,7,268,310,14,False,268
j0-56,0,2893,8982861219395708,2,262,278,14,False,262
j0-56,0,2894,37865895066254018,1,278,304,14,False,278
j0-56,0,2895,21615069641612759,1023,278,262,14,False,278
j0-56,0,2896,38017278561583415,804,288,310,14,True,310
j0-56,0,2897,16736418198633950,733,294,272,14,True,272
j0-56,0,2898,36928420752822586,16,278,310,14,False,278
j0-56,0,2899,26114782290161155,176,268,284,13,True,284
j0-56,0,2900,9025114716182583,104,294,252,14,False,294
j0-56,0,2901,10615895018574452,881,268,252,13,False,268
j0-56,0,2902,7579872762020059,8,268,252,13,False,268
j0-56,0,2903,27619883462239491,1023,252,268,13,False,252
j0-56,0,2904,27351527954615739,106,278,288,14,False,278
j0-56,0,2905,30867255001925916,858,278,262,13,True,262
j0-56,0,2906,6972614041828940,818,294,262,14,True,262
j0-56,0,2907,20587311224574409,365,304,278,14,True,278
j0-56,0,2908,9399382926863673,8,268,284,13,False,268
j0-56,0,2909,6928243935020807,8,272,304,14,False,272
j0-56,0,2910,41502638318941385,1023,278,252,13,False,278
j0-56,0,2911,2967759311166400,1,268,284,13,False,268
j0-56,0,2912,24199451626133021,1023,252,300,13,False,252
j0-56,0,2913,12996467813288587,0,304,320,14,False,304
j0-56,0,2914,30826964329011365,885,278,262,13,False,278
j0-56,0,2915,42852605703068241,860,252,278,13,True,278
j0-56,0,2916,32519699560830435,1023,252,252,13,False,252
j0-56,0,2917,18456773309139767,8,288,304,14,False,288
j0-56,0,2918,16102495179228534,300,288,284,14,True,284
j0-56,0,2919,36203193658463097,3,294,310,14,False,294
j0-56,0,2920,39047445930383451,856,242,242,12,True,242
j0-56,0,2921,19628927014499809,104,262,288,14,False,262
j0-56,0,2922,36509342955450451,95,278,278,14,False,278
j0-56,0,2923,9330669596624885,688,262,284,14,True,284
j0-56,0,2924,39078758944709547,8,252,252,13,False,252
j0-56,0,2925,13212107357732657,2,278,294,13,False,278
j0-56,0,2926,35804904577674368,872,226,248,12,False,226
j0-56,0,2927,12627700304466489,7,304,304,14,False,304
j0-56,0,2928,11897096980053603,3,268,252,12,False,268
j0-56,0,2929,36612033532951245,95,258,252,12,False,258
j0-56,0,2930,7886047415073785,8,258,290,12,False,258
j0-56,0,2931,4094832893565295,104,278,310,14,False,278
j0-56,0,2932,4018710652430180,104,294,262,14,False,294
j0-56,0,2933,31741587844264005,201,278,278,14,True,278
j0-56,0,2934,35840883783694975,620,252,252,14,False,252
j0-56,0,2935,39081518230555042,1023,278,252,13,False,278
j0-56,0,2936,13508220420756998,1,288,320,14,False,288
j0-56,0,2937,48724604862891582,306,294,278,14,True,278
j0-56,0,2938,3651514408561230,0,268,284,13,False,268
j0-56,0,2939,4181118168597481,106,278,278,14,False,278
j0-56,0,2940,30666066211690505,156,278,304,14,True,304
j0-56,0,2941,10888542103364119,856,288,288,14,True,288
j0-56,0,2942,12692895118465024,0,268,278,13,False,268
j0-56,0,2943,21390153212742152,0,278,278,14,False,278
j0-56,0,2944,27816646544731793,310,252,252,13,True,252
j0-56,0,2945,12606326070192314,156,278,262,13,True,262
j0-56,0,2946,49534419133339836,1023,262,288,14,False,262
j0-56,0,2947,11786606830342642,630,262,304,15,False,262
j0-56,0,2948,45148303723767176,11,268,252,13,False,268
j0-56,0,2949,52823263153649941,95,262,278,14,False,262
j0-56,0,2950,9805385536459240,1023,252,268,13,False,252
j0-56,0,2951,24730131155125831,95,278,284,14,False,278
j0-56,0,2952,39375344004431576,0,294,310,14,False,294
j0-56,0,2953,22658513755885894,350,252,252,13,True,252
j0-56,0,2954,13974053759635464,240,236,236,13,False,236
j0-56,0,2955,38927821690878608,7,252,284,13,False,252
j0-56,0,2956,39056884627955991,364,272,246,14,False,272
j0-56,0,2957,14423966485052746,4,294,316,13,False,294
j0-56,0,2958,8625302065555998,110,262,262,14,False,262
j0-56,0,2959,37178314116237411,7,288,288,14,False,288
j0-56,0,2960,17345386429634497,8,268,252,12,False,268
j0-56,0,2961,33239205797650142,1023,242,290,12,False,242
j0-56,0,2962,6810213380348642,329,278,278,14,True,278
j0-56,0,2963,52063240542176402,16,278,294,14,False,278
j0-56,0,2964,7266260568312135,1023,268,268,13,False,268
j0-56,0,2965,32323619276378498,1023,252,252,13,False,252
j0-56,0,2966,14662081467160609,104,252,316,13,False,252
j0-56,0,2967,19950666537087134,146,262,262,14,True,262
j0-56,0,2968,34399584618454032,245,268,252,13,False,268
j0-56,0,2969,38208746184098822,239,262,278,14,False,262
j0-56,0,2970,293518343535781,724,294,314,14,True,314
j0-56,0,2971,50639321782392971,9,304,304,14,False,304
j0-56,0,2972,1267415809736318,204,262,272,14,True,272
j0-56,0,2973,31634025934327550,239,278,278,14,False,278
j0-56,0,2974,42485190540228956,95,268,252,13,False,268
j0-56,0,2975,9784582831630527,3,278,294,14,False,278
j0-56,0,2976,11948056164084166,608,278,252,13,True,252
j0-56,0,2977,8493794831116824,95,294,304,14,False,294
j0-56,0,2978,34031435716830798,1023,210,184,12,False,210
j0-56,0,2979,45400855196109666,8,268,252,14,False,268
j0-56,0,2980,19676772016521483,703,278,310,14,True,310
j0-56,0,2981,35246410946135947,680,304,278,14,True,278
j0-56,0,2982,50128452699633514,874,278,298,14,False,278
j0-56,0,2983,24527389378927403,657,294,284,13,True,284
j0-56,0,2984,3717943209965303,790,278,288,14,True,288
j0-56,0,2985,8561825768283984,11,278,236,14,False,278
j0-56,0,2986,7226978611455153,322,252,246,13,True,246
j0-56,0,2987,49258683405356569,687,252,236,12,True,236
j0-56,0,2988,5507083462103478,750,278,262,13,False,278
j0-56,0,2989,4282036390305284,13,252,268,13,False,252
j0-56,0,2990,16772341929370844,3,278,310,14,False,278
j0-56,0,2991,6098612582526143,1023,278,230,14,False,278
j0-56,0,2992,15797326897252307,369,278,252,13,True,252
j0-56,0,2993,4268496733468803,104,278,278,14,False,278
j0-56,0,2994,14441178980592053,821,294,284,13,True,284
j0-56,0,2995,40266566474520269,1,258,284,12,False,258
j0-56,0,2996,1987717824203773,102,278,246,13,True,246
j0-56,0,2997,32413937862409563,206,268,252,13,True,252
j0-56,0,2998,36991884693255401,630,252,284,13,False,252
j0-56,0,2999,12004616517608620,703,268,268,13,True,268
j0-56,0,3000,21440694599356873,710,294,278,14,True,278
j0-56,0,3001,21240237863257785,286,268,252,13,True,252
j0-56,0,3002,33337177144822824,13,268,268,13,False,268
j0-56,0,3003,32347354651387362,193,294,278,13,True,278
j0-56,0,3004,6867903577191993,106,278,288,14,False,278
j0-56,0,3005,34167871911512822,8,278,288,13,False,278
j0-56,0,3006,44947513560611275,1023,252,268,12,False,252
j0-56,0,3007,15640749161240906,324,268,252,12,True,252
j0-56,0,3008,30097430727960652,8,262,278,13,False,262
j0-56,0,3009,1480849255118755,95,268,284,13,False,268
j0-56,0,3010,15589874405747729,110,262,268,14,False,262
j0-56,0,3011,4158815072777861,104,278,314,14,False,278
j0-56,0,3012,5678808430836617,750,226,226,12,False,226
j0-56,0,3013,37823822264355035,227,242,226,12,True,226
j0-56,0,3014,4009585682698953,343,278,288,14,True,288
j0-56,0,3015,49133532497159189,95,258,284,12,False,258
j0-56,0,3016,39880430840628982,312,278,278,14,True,278
j0-56,0,3017,31012201131116317,883,278,304,14,True,304
j0-56,0,3018,511268769504864,306,294,262,14,True,262
j0-56,0,3019,33822107162164449,9,278,278,14,False,278
j0-56,0,3020,761444525544979,619,288,262,14,True,262
j0-56,0,3021,42112289862754469,297,294,284,13,True,284
j0-56,0,3022,45306028388129120,104,294,310,14,False,294
j0-56,0,3023,18335831050580141,752,278,262,14,False,278
j0-56,0,3024,40528015575881841,1,258,264,11,False,258
j0-56,0,3025,29245347537553460,1023,304,294,14,False,304
j0-56,0,3026,31377285684619553,0,304,272,14,False,304
j0-56,0,3027,45434340772330083,747,278,262,14,True,262
j0-56,0,3028,10364104802827231,2,288,320,13,False,288
j0-56,0,3029,13565409837856944,693,288,272,15,True,272
j0-56,0,3030,34552316210384204,812,268,278,13,True,278
j0-56,0,3031,16668929048024118,0,268,284,13,False,268
j0-56,0,3032,36559101079859999,104,304,304,14,False,304
j0-56,0,3033,42580197508266814,1023,278,262,14,False,278
j0-56,0,3034,53545082474984950,0,252,252,13,False,252
j0-56,0,3035,1929363138146481,751,262,262,13,False,262
j0-56,0,3036,9960660071686649,16,262,304,15,False,262
j0-56,0,3037,20776761483699263,1023,262,294,14,False,262
j0-56,0,3038,32774901793681178,7,272,262,14,False,272
j0-56,0,3039,44922082465866813,364,288,298,15,False,288
j0-56,0,3040,14469724292109783,2,268,310,13,False,268
j0-56,0,3041,32042518674825001,228,294,278,14,True,278
j0-56,0,3042,23729250013057624,12,252,268,13,False,252
j0-56,0,3043,41246291989979370,692,294,278,14,True,278
j0-56,0,3044,32218824261608718,719,268,278,13,True,278
j0-56,0,3045,31524615930462695,194,262,278,13,True,278
j0-56,0,3046,27238358908019594,180,278,284,13,True,284
j0-56,0,3047,10845338089806450,851,278,304,14,True,304
j0-56,0,3048,49794273419935606,698,278,278,14,True,278
j0-56,0,3049,38022436247590103,348,252,268,13,True,268
j0-56,0,3050,48465268497294460,9,268,310,13,False,268
j0-56,0,3051,16729044903957015,711,278,272,14,True,272
j0-56,0,3052,29956003040508488,3,278,278,13,False,278
j0-56,0,3053,45561347745520072,749,268,236,12,False,268
j0-56,0,3054,8520485267852892,11,252,288,14,False,252
j0-56,0,3055,52126102299078691,810,304,304,14,True,304
j0-56,0,3056,43953967834921748,2,268,268,12,False,268
j0-56,0,3057,42524613279089642,0,278,304,14,False,278
j0-56,0,3058,23544593235973981,104,294,310,14,False,294
j0-56,0,3059,47483348355505622,724,278,310,14,True,310
j0-56,0,3060,47046851007122821,874,252,262,14,False,252
j0-56,0,3061,42080130855504051,298,278,278,14,True,278
j0-56,0,3062,51666992429763496,310,242,236,12,True,236
j0-56,0,3063,39427502177050432,358,268,284,13,True,284
j0-56,0,3064,43491892305357553,95,278,278,14,False,278
j0-56,0,3065,882911027665536,151,252,272,14,True,272
j0-56,0,3066,1887198051088534,16,252,304,14,False,252
j0-56,0,3067,20777946967878466,228,288,304,14,True,304
j0-56,0,3068,2240730932324118,105,268,284,13,False,268
j0-56,0,3069,28249620722201786,347,268,252,14,False,268
j0-56,0,3070,12590675128317377,811,278,256,14,True,256
j0-56,0,3071,29005801344540201,3,252,284,14,False,252
j0-56,0,3072,5535751403485314,106,278,278,14,False,278
j0-56,0,3073,27732141621877742,328,278,278,14,True,278
j0-56,0,3074,14798400400523725,1023,252,236,13,False,252
j0-56,0,3075,40176216492422724,95,268,284,13,False,268
j0-56,0,3076,46617640932224858,191,288,236,14,True,236
j0-56,0,3077,49767399347834250,1023,262,262,13,False,262
j0-56,0,3078,2179311114348465,104,252,258,12,False,252
j0-56,0,3079,35653828653556234,622,262,278,14,False,262
j0-56,0,3080,11566082572259655,95,262,304,14,False,262
j0-56,0,3081,16427169890994946,1023,278,236,14,False,278
j0-56,0,3082,33053451254671595,8,278,304,14,False,278
j0-56,0,3083,9733985529551949,104,278,278,14,False,278
j0-56,0,3084,27996902344046295,8,294,310,14,False,294
j0-56,0,3085,20975573129462121,687,262,246,13,True,246
j0-56,0,3086,26071043181384722,210,294,284,14,True,284
j0-56,0,3087,14491432711003684,95,278,316,14,False,278
j0-56,0,3088,24830522062627906,1023,252,252,14,False,252
j0-56,0,3089,8318235178125723,1023,262,262,14,False,262
j0-56,0,3090,39369379167337966,105,262,278,14,False,262
j0-56,0,3091,46618774671203435,887,242,242,13,False,242
j0-56,0,3092,34381088251419002,1023,262,320,14,False,262
j0-56,0,3093,28926164669108956,3,304,284,14,False,304
j0-56,0,3094,51633149226998800,7,294,252,13,False,294
j0-56,0,3095,27005665178209890,742,278,268,14,True,268
j0-56,0,3096,37445496002968919,0,288,252,14,False,288
j0-56,0,3097,19616565671073076,3,242,290,12,False,242
j0-56,0,3098,4414555056363396,221,232,264,11,True,264
j0-56,0,3099,19316321663405955,240,252,268,13,False,252
j0-56,0,3100,34391219161478227,3,268,262,13,False,268
j0-56,0,3101,23354402016980689,11,304,330,15,False,304
j0-56,0,3102,568717887634645,224,278,278,14,False,278
j0-56,0,3103,47010138618107891,4,278,304,14,False,278
j0-56,0,3104,19272590962804135,16,294,278,14,False,294
j0-56,0,3105,3644641779212102,612,294,278,14,True,278
j0-56,0,3106,34175088250346815,104,278,278,14,False,278
j0-56,0,3107,44937689842044944,9,304,310,14,False,304
j0-56,0,3108,8162079682168284,1023,262,256,14,False,262
j0-56,0,3109,49847146760850627,104,304,304,14,False,304
j0-56,0,3110,5939815598660797,7,294,278,13,False,294
j0-56,0,3111,40859664008273212,243,246,220,13,True,220
j0-56,0,3112,8383429255078955,2,294,294,14,False,294
j0-56,0,3113,49135188005581174,857,252,284,13,False,252
j0-56,0,3114,16678551542298737,1023,278,268,13,False,278
j0-56,0,3115,50954834063800825,0,252,294,14,False,252
j0-56,0,3116,14462836642239050,1023,268,300,13,False,268
j0-56,0,3117,38877107402605638,13,252,252,14,False,252
j0-56,0,3118,33725700565098547,191,294,284,13,True,284
j0-56,0,3119,51115789396529545,1,304,310,14,False,304
j0-56,0,3120,51129043541871653,1023,252,220,13,False,252
j0-56,0,3121,19792346399550159,104,262,252,14,False,262
j0-56,0,3122,18010286736519677,230,278,288,14,True,288
j0-56,0,3123,53134536171467751,8,278,310,14,False,278
j0-56,0,3124,46533332725533613,95,268,252,13,False,268
j0-56,0,3125,3324327183826711,753,252,236,13,True,236
j0-56,0,3126,40125559898176036,830,278,278,13,True,278
j0-56,0,3127,5250543162715201,608,252,284,13,True,284
j0-56,0,3128,48118628194079002,225,268,252,13,True,252
j0-56,0,3129,5828145590583623,237,252,252,12,False,252
j0-56,0,3130,18764295869739554,315,278,284,14,True,284
j0-56,0,3131,31256260918275299,95,278,304,14,False,278
j0-56,0,3132,1587769811815949,1023,288,288,14,False,288
j0-56,0,3133,32101337721347935,1023,272,220,14,False,272
j0-56,0,3134,14573648319799104,0,278,284,13,False,278
j0-56,0,3135,44303204457665340,145,294,278,13,True,278
j0-56,0,3136,32115117531660421,226,258,226,12,True,226
j0-56,0,3137,22030529730550931,3,262,294,13,False,262
j0-56,0,3138,8029327640702486,614,268,284,13,True,284
j0-56,0,3139,48613308087369952,611,294,278,13,True,278
j0-56,0,3140,8355683183912801,224,278,304,13,False,278
j0-56,0,3141,453246835338714,3,268,268,13,False,268
j0-56,0,3142,28108802283209825,91,278,310,14,True,310
j0-56,0,3143,33638168554898975,617,288,262,14,False,288
j0-56,0,3144,3211828683562733,716,278,294,14,True,294
j0-56,0,3145,17543843241091034,8,252,284,13,False,252
j0-56,0,3146,28975196616798781,298,278,278,14,True,278
j0-56,0,3147,50139357205752752,668,262,246,14,True,246
j0-56,0,3148,20203153116139997,753,272,272,14,True,272
j0-56,0,3149,51110104521922954,705,304,320,15,True,320
j0-56,0,3150,14914485288348227,887,262,278,14,False,262
j0-56,0,3151,36396334636162613,225,268,300,13,True,300
j0-56,0,3152,17309526472105346,2,294,310,14,False,294
j0-56,0,3153,17831174718885970,723,294,262,14,True,262
j0-56,0,3154,9058560815709446,168,278,262,14,True,262
j0-56,0,3155,34694589316227337,235,226,210,13,True,210
j0-56,0,3156,39946670217817467,1023,278,262,13,False,278
j0-56,0,3157,6479481087935029,613,278,278,13,True,278
j0-56,0,3158,770993918521162,195,278,246,13,True,246
j0-56,0,3159,8842948517307446,12,278,272,14,False,278
j0-56,0,3160,44615190316313056,7,242,284,12,False,242
j0-56,0,3161,47961814739015868,220,278,262,14,True,262
j0-56,0,3162,38829591991201934,1023,252,252,12,False,252
j0-56,0,3163,8340954566332527,95,268,278,13,False,268
j0-56,0,3164,47121244529408201,733,278,236,13,True,236
j0-56,0,3165,6415534831214034,692,252,252,13,True,252
j0-56,0,3166,11378925275349641,2,278,320,14,False,278
j0-56,0,3167,50381264087963986,860,262,262,14,True,262
j0-56,0,3168,45624416157511463,95,252,262,13,False,252
j0-56,0,3169,49539161709105783,867,278,278,14,False,278
j0-56,0,3170,45931458573589999,375,268,284,13,False,268
j0-56,0,3171,41308430872825281,619,278,278,14,True,278
j0-56,0,3172,31171523710940118,822,294,278,14,True,278
j0-56,0,3173,23745324263138100,0,294,310,14,False,294
j0-56,0,3174,47209433690081486,756,278,278,14,True,278
j0-56,0,3175,21216767125131057,104,288,298,15,False,288
j0-56,0,3176,35937394290949341,205,268,236,13,True,236
j0-56,0,3177,28901791061884695,1023,278,294,14,False,278
j0-56,0,3178,24649700237826752,318,278,262,14,True,262
j0-56,0,3179,31821099222517425,95,278,278,13,False,278
j0-56,0,3180,37353158911704096,373,262,278,14,False,262
j0-56,0,3181,45036378583119803,96,278,278,14,True,278
j0-56,0,3182,15502448752868287,97,268,252,13,True,252
j0-56,0,3183,35054874308444895,1023,272,272,14,False,272
j0-56,0,3184,22827766907949096,881,246,226,12,False,246
j0-56,0,3185,18800448688459966,614,294,278,14,True,278
j0-56,0,3186,15962582106049158,220,268,252,13,True,252
j0-56,0,3187,52186753442528791,613,278,262,13,True,262
j0-56,0,3188,30500829335908414,9,294,284,13,False,294
j0-56,0,3189,48747359907535445,861,294,294,14,True,294
j0-56,0,3190,40107477738029144,365,278,288,14,True,288
j0-56,0,3191,11917957731512110,8,252,236,13,False,252
j0-56,0,3192,41782455811420397,361,262,262,14,True,262
j0-56,0,3193,33954647794298765,603,278,278,14,True,278
j0-56,0,3194,43902961999796424,106,278,310,14,False,278
j0-56,0,3195,24251630331428576,104,268,284,12,False,268
j0-56,0,3196,36048542630963728,100,278,262,13,True,262
j0-56,0,3197,37444525641352509,12,288,288,14,False,288
j0-56,0,3198,44055801904080409,115,262,278,14,False,262
j0-56,0,3199,11830274019503660,16,294,278,14,False,294
j0-56,0,3200,2720079476359416,609,278,278,14,True,278
j0-56,0,3201,44733833283119073,175,288,304,14,False,288
j0-56,0,3202,46733885886637859,846,278,272,14,True,272
j0-56,0,3203,49242513626642825,878,262,220,13,True,220
j0-56,0,3204,43706379372468509,720,294,262,13,True,262
j0-56,0,3205,7497719041338116,884,262,278,14,False,262
j0-56,0,3206,30054316739376882,3,294,294,13,False,294
j0-56,0,3207,48451660702401924,278,252,252,14,False,252
j0-56,0,3208,10197315034771695,822,294,342,14,True,342
j0-56,0,3209,22510819128291333,656,268,252,13,True,252
j0-56,0,3210,34529661023311747,0,278,284,13,False,278
j0-56,0,3211,2009371163931328,828,252,236,12,True,236
j0-56,0,3212,24412571273146261,719,294,288,14,True,288
j0-56,0,3213,36222437623854899,657,304,246,14,True,246
j0-56,0,3214,45177089442574428,751,262,246,14,False,262
j0-56,0,3215,48895128987603192,611,288,288,14,True,288
j0-56,0,3216,14842705266186301,95,278,310,14,False,278
j0-56,0,3217,1969035641214492,308,268,252,13,True,252
j0-56,0,3218,49095509289460735,833,294,278,14,True,278
j0-56,0,3219,31371025700924120,13,278,314,14,False,278
j0-56,0,3220,41132717537338118,0,278,278,13,False,278
j0-56,0,3221,22186861608506175,300,278,284,12,True,284
j0-56,0,3222,44251953085961762,95,288,320,14,False,288
j0-56,0,3223,19028437454015769,104,242,252,12,False,242
j0-56,0,3224,16523471833301807,755,304,262,14,True,262
j0-56,0,3225,14245473811234212,104,304,310,14,False,304
j0-56,0,3226,41217364265207260,104,294,284,13,False,294
j0-56,0,3227,33652672455831626,11,278,310,14,False,278
j0-56,0,3228,39908023102453542,201,268,236,13,True,236
j0-56,0,3229,46589320703245241,681,288,256,14,True,256
j0-56,0,3230,45586735480483964,13,304,304,14,False,304
j0-56,0,3231,18291605562948560,244,278,310,14,False,278
j0-56,0,3232,5980769409641400,1023,252,252,13,False,252
j0-56,0,3233,29437227726631795,748,278,262,14,True,262
j0-56,0,3234,44481393633545109,361,262,252,13,True,252
j0-56,0,3235,23620023063410227,1,278,304,14,False,278
j0-56,0,3236,41201275129243813,757,278,252,13,True,252
j0-56,0,3237,928443612501278,1023,298,294,14,False,298
j0-56,0,3238,3609413953651977,617,236,252,14,False,236
j0-56,0,3239,27829527661238214,743,294,310,13,True,310
j0-56,0,3240,22648516842514326,1,268,252,12,False,268
j0-56,0,3241,35930195329656661,12,278,310,14,False,278
j0-56,0,3242,26580379626561986,9,268,284,13,False,268
j0-56,0,3243,19686976845983456,16,262,278,13,False,262
j0-56,0,3244,37281576738666567,751,236,252,13,False,236
j0-56,0,3245,32504989250809612,104,268,252,13,False,268
j0-56,0,3246,27405218287972078,175,278,278,14,False,278
j0-56,0,3247,15998350696993865,0,288,310,14,False,288
j0-56,0,3248,28978629144833974,376,268,252,13,True,252
j0-56,0,3249,44376868567889734,0,294,346,14,False,294
j0-56,0,3250,13098170294958132,12,236,252,12,False,236
j0-56,0,3251,4091575493668822,308,294,272,14,True,272
j0-56,0,3252,43900144270063258,1023,262,262,14,False,262
j0-56,0,3253,14608920235201465,862,242,226,13,True,226
j0-56,0,3254,42006836164716979,223,262,288,14,False,262
j0-56,0,3255,24796049003408016,217,268,252,13,True,252
j0-56,0,3256,46316352980001239,1,258,258,12,False,258
j0-56,0,3257,12243799500354395,231,288,256,13,True,256
j0-56,0,3258,46464539989308586,95,268,284,12,False,268
j0-56,0,3259,6795764799452415,104,278,278,13,False,278
j0-56,0,3260,3024658602189890,1023,262,272,14,False,262
j0-56,0,3261,21638616285244794,105,278,268,13,False,278
j0-56,0,3262,51746430861644128,350,304,272,14,True,272
j0-56,0,3263,24006653962569518,333,294,278,14,True,278
j0-56,0,3264,35302294486429459,13,294,310,13,False,294
j0-56,0,3265,19989063995228659,10,278,258,13,False,278
j0-56,0,3266,53594470826019925,1,278,262,14,False,278
j0-56,0,3267,14078730976821665,101,242,236,13,True,236
j0-56,0,3268,9335562041103569,205,294,304,14,True,304
j0-56,0,3269,13320692199680912,105,278,304,14,False,278
j0-56,0,3270,4881655036011521,199,232,232,11,True,232
j0-56,0,3271,31888017591757022,616,278,246,13,True,246
j0-56,0,3272,49927849628003008,1023,278,262,14,False,278
j0-56,0,3273,38524083640197321,186,278,278,14,True,278
j0-56,0,3274,16832571627807164,8,278,326,14,False,278
j0-56,0,3275,29398860113591313,615,304,278,14,True,278
j0-56,0,3276,30790012036201933,16,258,258,12,False,258
j0-56,0,3277,20903607938885920,1023,262,246,13,False,262
j0-56,0,3278,36174504121073173,1023,268,300,13,False,268
j0-56,0,3279,21600051707369248,12,304,336,15,False,304
j0-56,0,3280,10279611949418448,317,268,278,13,True,278
j0-56,0,3281,40430270579430380,223,268,272,13,False,268
j0-56,0,3282,9072948068505824,335,304,256,14,True,256
j0-56,0,3283,40597135942905810,1023,252,262,13,False,252
j0-56,0,3284,25343009007262897,1023,304,304,14,False,304
j0-56,0,3285,19526541670458950,728,268,284,13,True,284
j0-56,0,3286,35978266973209785,4,288,288,14,False,288
j0-56,0,3287,28493487205844835,883,304,304,14,True,304
j0-56,0,3288,43879450285056756,706,262,256,14,True,256
j0-56,0,3289,32048916028403347,836,278,278,14,True,278
j0-56,0,3290,18803643488098716,624,252,252,13,False,252
j0-56,0,3291,52433450572667151,1023,262,252,14,False,262
j0-56,0,3292,16603449853293897,116,278,262,14,True,262
j0-56,0,3293,27293255897155914,105,288,278,14,False,288
j0-56,0,3294,3523000661755751,860,294,272,14,True,272
j0-56,0,3295,15923924186468128,95,278,262,14,False,278
j0-56,0,3296,38082466970205333,1023,252,272,13,False,252
j0-56,0,3297,18258484609824920,7,278,252,14,False,278
j0-56,0,3298,23374889567141125,95,278,278,14,False,278
j0-56,0,3299,27414597560187100,13,278,272,14,False,278
j0-56,0,3300,22583574567496754,226,294,262,14,True,262
j0-56,0,3301,41418667915102694,864,294,272,14,True,272
j0-56,0,3302,41323748933695642,1023,262,262,14,False,262
j0-56,0,3303,16004184121862501,1023,242,274,12,False,242
j0-56,0,3304,5409891599300904,879,268,284,13,False,268
j0-56,0,3305,1860014654502529,111,262,252,14,False,262
j0-56,0,3306,43444254942147582,0,268,320,13,False,268
j0-56,0,3307,26177543753921528,4,258,274,12,False,258
j0-56,0,3308,15978422321651180,810,268,304,14,True,304
j0-56,0,3309,19057098995692548,847,304,278,14,True,278
j0-56,0,3310,21794369885632590,117,278,262,14,False,278
j0-56,0,3311,38396613538445448,104,278,288,14,False,278
j0-56,0,3312,21071227481344113,674,278,262,14,True,262
j0-56,0,3313,19404417962886683,2,268,268,12,False,268
j0-56,0,3314,50622232150312602,1,262,262,13,False,262
j0-56,0,3315,47745689156119176,95,268,284,13,False,268
j0-56,0,3316,6546647229036669,610,278,294,14,True,294
j0-56,0,3317,41072293889981363,95,278,304,14,False,278
j0-56,0,3318,37580508778467825,1,294,314,14,False,294
j0-56,0,3319,12984729237592106,104,252,284,13,False,252
j0-56,0,3320,17477324510815061,235,304,310,14,True,310
j0-56,0,3321,21045921753673312,4,294,278,13,False,294
j0-56,0,3322,29446803079254051,3,294,284,13,False,294
j0-56,0,3323,35990999318956710,146,252,268,13,True,268
j0-56,0,3324,32506271287069604,1023,262,278,14,False,262
j0-56,0,3325,239494193829880,688,294,310,14,True,310
j0-56,0,3326,31210651477486310,11,268,278,13,False,268
j0-56,0,3327,5332556490565103,104,268,300,13,False,268
j0-56,0,3328,4115710097824315,795,278,246,14,True,246
j0-56,0,3329,14865106105785686,104,262,294,14,False,262
j0-56,0,3330,29081700249082022,104,278,300,13,False,278
j0-56,0,3331,19086348901676484,852,268,294,12,False,268
j0-56,0,3332,53086661417423771,104,278,252,14,False,278
j0-56,0,3333,49869111082146184,3,268,252,13,False,268
j0-56,0,3334,9703655011739003,95,278,252,14,False,278
j0-56,0,3335,12329544981792615,2,294,314,14,False,294
j0-56,0,3336,38236883677202698,13,278,310,14,False,278
j0-56,0,3337,37206770236990003,710,304,278,14,True,278
j0-56,0,3338,24866443601934630,4,278,278,14,False,278
j0-56,0,3339,24672182744783134,719,278,278,14,True,278
j0-56,0,3340,43128966677548340,1023,288,262,14,False,288
j0-56,0,3341,23559921626546486,1023,268,268,13,False,268
j0-56,0,3342,53279616144741011,12,268,268,13,False,268
j0-56,0,3343,29849766496766082,106,294,284,13,False,294
j0-56,0,3344,3144122795690957,859,278,278,14,False,278
j0-56,0,3345,27441309485240948,12,278,294,14,False,278
j0-56,0,3346,46895025394775580,1023,262,268,13,False,262
j0-56,0,3347,38544083256689163,9,268,278,13,False,268
j0-56,0,3348,5295782527102349,174,278,272,14,True,272
j0-56,0,3349,48370485466493915,866,278,278,14,True,278
j0-56,0,3350,19283907640345473,230,268,310,13,True,310
j0-56,0,3351,12784554994755184,3,294,284,14,False,294
j0-56,0,3352,38801929757387556,12,294,310,14,False,294
j0-56,0,3353,36951936547630907,2,278,268,13,False,278
j0-56,0,3354,19515426647984722,242,262,246,13,False,262
j0-56,0,3355,36921975133150580,12,278,252,13,False,278
j0-56,0,3356,41650333441584331,104,268,278,13,False,268
j0-56,0,3357,8253074274605975,325,278,278,13,True,278
j0-56,0,3358,16262154857648541,719,278,284,13,True,284
j0-56,0,3359,37140944505326715,12,278,304,14,False,278
j0-56,0,3360,28563548255875143,312,252,262,13,True,262
j0-56,0,3361,15751632905204599,293,268,284,13,True,284
j0-56,0,3362,24239232355651265,7,278,268,13,False,278
j0-56,0,3363,12358639245366675,7,268,310,13,False,268
j0-56,0,3364,44672753252992467,12,304,304,14,False,304
j0-56,0,3365,12349850944094548,106,278,310,14,False,278
j0-56,0,3366,28128690142087178,9,304,278,14,False,304
j0-56,0,3367,49905448986652578,732,268,252,13,True,252
j0-56,0,3368,8412366105175870,729,288,288,14,True,288
j0-56,0,3369,24124002214356359,12,304,304,14,False,304
j0-56,0,3370,47104767943307010,237,278,262,14,False,278
j0-56,0,3371,40328608305550572,104,294,268,12,False,294
j0-56,0,3372,21046885173593104,0,278,252,13,False,278
j0-56,0,3373,41172584152377110,7,278,304,14,False,278
j0-56,0,3374,22797658569832387,220,304,262,14,True,262
j0-56,0,3375,43317457905283325,116,278,246,14,True,246
j0-56,0,3376,26802776459343488,104,278,268,12,False,278
j0-56,0,3377,17459446433674890,287,252,252,14,True,252
j0-56,0,3378,14292054569891688,622,278,278,14,False,278
j0-56,0,3379,46790124883847571,3,278,298,14,False,278
j0-56,0,3380,7570377173357690,2,278,278,14,False,278
j0-56,0,3381,731840417543723,9,278,278,13,False,278
j0-56,0,3382,8614193065386659,104,304,310,14,False,304
j0-56,0,3383,5117948041320248,731,268,252,13,True,252
j0-56,0,3384,21570157633895446,340,278,268,13,True,268
j0-56,0,3385,46938357310996296,818,294,252,13,True,252
j0-56,0,3386,47892462393909350,829,278,246,14,True,246
j0-56,0,3387,44402262766391178,705,294,278,13,True,278
j0-56,0,3388,23947876894141940,1023,236,236,13,False,236
j0-56,0,3389,9099660020567800,823,262,272,14,True,272
j0-56,0,3390,48450235375621336,2,294,320,14,False,294
j0-56,0,3391,20100736684651821,1023,278,320,15,False,278
j0-56,0,3392,16803606142357731,8,294,278,13,False,294
j0-56,0,3393,13453949974660834,227,278,252,13,True,252
j0-56,0,3394,47197214677316973,104,294,262,14,False,294
j0-56,0,3395,30501150196321937,104,268,294,13,False,268
j0-56,0,3396,22195891008430395,1023,262,256,14,False,262
j0-56,0,3397,45922698532210242,95,304,278,14,False,304
j0-56,0,3398,46856853821358885,4,262,278,14,False,262
j0-56,0,3399,28539181224732688,299,262,246,14,True,246
j0-56,0,3400,2882578386107646,105,278,278,14,False,278
j0-56,0,3401,10168675645347226,194,278,252,14,True,252
j0-56,0,3402,30858494841977558,104,268,278,13,False,268
j0-56,0,3403,25067675416614199,104,278,310,14,False,278
j0-56,0,3404,38493862791463441,104,278,278,14,False,278
j0-56,0,3405,15794272157093140,1023,288,272,14,False,288
j0-56,0,3406,15500412831079473,111,278,284,13,False,278
j0-56,0,3407,47348153155132838,2,278,268,12,False,278
j0-56,0,3408,35484829739879122,230,268,284,12,True,284
j0-56,0,3409,42178814638067968,9,268,284,13,False,268
j0-56,0,3410,422675038077846,0,252,300,12,False,252
j0-56,0,3411,16275376037996069,806,278,262,14,True,262
j0-56,0,3412,6121649993436202,0,278,278,14,False,278
j0-56,0,3413,38565716965877293,1023,252,268,13,False,252
j0-56,0,3414,41738648079554266,800,278,304,14,True,304
j0-56,0,3415,34917060096531005,3,304,278,14,False,304
j0-56,0,3416,21604472610893211,1,294,310,14,False,294
j0-56,0,3417,29784675966858319,1,278,304,14,False,278
j0-56,0,3418,27838716016423740,7,252,268,13,False,252
j0-56,0,3419,34578470950036754,0,268,310,13,False,268
j0-56,0,3420,49006623845353207,1023,278,278,13,False,278
j0-56,0,3421,37573654216404940,106,262,262,14,False,262
j0-56,0,3422,39794419038379655,1023,278,272,14,False,278
j0-56,0,3423,5376016215988417,3,278,304,14,False,278
j0-56,0,3424,16869530329618123,1,278,304,14,False,278
j0-56,0,3425,13198889529900436,8,268,294,13,False,268
j0-56,0,3426,14487874887835104,2,268,246,13,False,268
j0-56,0,3427,29461308201164555,11,278,262,14,False,278
j0-56,0,3428,12063396980366205,668,262,278,13,True,278
j0-56,0,3429,15427771776155095,0,268,300,13,False,268
j0-56,0,3430,16124862882085110,699,294,246,14,True,246
j0-56,0,3431,16456949139090577,1023,268,300,13,False,268
j0-56,0,3432,12935351398561321,1023,252,246,13,False,252
j0-56,0,3433,5585775486697703,870,294,278,14,True,278
j0-56,0,3434,12232788043769123,101,252,252,13,True,252
j0-56,0,3435,37509587411985183,1,294,316,13,False,294
j0-56,0,3436,49589168683399546,146,278,268,12,True,268
j0-56,0,3437,28735321344112656,91,304,278,14,True,278
j0-56,0,3438,13738127970190871,737,294,272,14,True,272
j0-56,0,3439,32830195678305757,95,268,316,13,False,268
j0-56,0,3440,36034698616930761,369,288,272,14,True,272
j0-56,0,3441,45952573836512428,4,242,262,12,False,242
j0-56,0,3442,12660342539359826,705,278,278,14,True,278
j0-56,0,3443,20503528246641023,858,278,262,13,True,262
j0-56,0,3444,22815093021211784,843,242,226,12,True,226
j0-56,0,3445,12714042730274321,338,288,304,14,True,304
j0-56,0,3446,24084947992365635,2,294,310,13,False,294
j0-56,0,3447,20114990615524871,1023,262,294,14,False,262
j0-56,0,3448,23923460781224591,843,272,256,14,True,256
j0-56,0,3449,33509643824114969,8,278,284,13,False,278
j0-56,0,3450,42228665193288991,1023,252,236,13,False,252
j0-56,0,3451,42804418198563899,760,262,278,15,False,262
j0-56,0,3452,49335055793960083,3,268,284,13,False,268
j0-56,0,3453,28239503445613148,8,304,310,14,False,304
j0-56,0,3454,13394005938449646,1,278,278,14,False,278
j0-56,0,3455,5215763795133295,604,294,236,13,True,236
j0-56,0,3456,12191485249960132,104,278,320,14,False,278
j0-56,0,3457,43891349772365630,13,278,284,13,False,278
j0-56,0,3458,36244499746869512,16,268,278,13,False,268
j0-56,0,3459,38648021317988481,2,278,294,14,False,278
j0-56,0,3460,17029607018046107,363,236,246,13,True,246
j0-56,0,3461,40041971946819626,104,278,288,14,False,278
j0-56,0,3462,11996868223957487,12,278,326,14,False,278
j0-56,0,3463,31971385703669552,737,294,278,13,True,278
j0-56,0,3464,3939314256555941,241,304,278,14,True,278
j0-56,0,3465,37868067947552585,1023,268,268,13,False,268
j0-56,0,3466,8243519543813118,0,294,310,13,False,294
j0-56,0,3467,36777030949368120,106,278,284,14,False,278
j0-56,0,3468,1877203151692560,2,242,258,12,False,242
j0-56,0,3469,42136611900236291,842,268,278,13,True,278
j0-56,0,3470,23585478944772947,104,252,252,14,False,252
j0-56,0,3471,31730562644669992,104,268,268,13,False,268
j0-56,0,3472,21907924541889344,1023,262,278,14,False,262
j0-56,0,3473,35765931578841180,4,294,304,14,False,294
j0-56,0,3474,20353775123183459,703,278,272,14,True,272
j0-56,0,3475,16741603919918215,288,294,304,14,True,304
j0-56,0,3476,48084324377925098,8,278,262,13,False,278
j0-56,0,3477,51382392679327264,194,268,252,13,True,252
j0-56,0,3478,15296192532175892,882,252,236,12,True,236
j0-56,0,3479,38400532333569639,228,278,278,14,True,278
j0-56,0,3480,17455610328112017,114,262,232,11,True,232
j0-56,0,3481,38695232099964928,105,278,278,14,False,278
j0-56,0,3482,48995351449239974,104,278,272,14,False,278
j0-56,0,3483,10770571822101555,310,268,230,13,True,230
j0-56,0,3484,30245456107869589,174,278,262,13,True,262
j0-56,0,3485,39391069409027062,376,236,246,13,True,246
j0-56,0,3486,36393916252966394,611,268,284,13,True,284
j0-56,0,3487,26522026729831373,1023,252,252,13,False,252
j0-56,0,3488,38073703049393233,349,294,252,13,True,252
j0-56,0,3489,4751311742110014,7,278,284,13,False,278
j0-56,0,3490,19367150297003930,1023,262,246,13,False,262
j0-56,0,3491,3962671021861135,699,268,262,13,True,262
j0-56,0,3492,19693397385256097,1023,252,268,13,False,252
j0-56,0,3493,42333823428602296,323,294,278,14,True,278
j0-56,0,3494,1077459607054477,12,304,278,14,False,304
j0-56,0,3495,18641899024743380,104,278,278,13,False,278
j0-56,0,3496,25304979757706617,1023,252,242,12,False,252
j0-56,0,3497,51003698037622022,1,262,278,13,False,262
j0-56,0,3498,6176076089591171,107,278,262,14,False,278
j0-56,0,3499,14522653565778998,805,304,262,14,True,262
j0-56,0,3500,15732473008775540,120,278,310,14,False,278
j0-56,0,3501,42149717017551721,707,294,278,13,True,278
j0-56,0,3502,34712632949398401,1023,272,256,14,False,272
j0-56,0,3503,4089577761890853,360,246,246,13,True,246
j0-56,0,3504,18421078903913578,628,288,304,15,True,304
j0-56,0,3505,34934734393958829,104,304,288,14,False,304
j0-56,0,3506,39342069828612701,837,252,268,13,True,268
j0-56,0,3507,28153166836738440,106,252,262,14,False,252
j0-56,0,3508,2442653133056730,95,278,284,14,False,278
j0-56,0,3509,26674858132016983,95,278,284,14,False,278
j0-56,0,3510,27231980828283138,8,278,316,14,False,278
j0-56,0,3511,30017895180178068,95,278,288,14,False,278
j0-56,0,3512,41920408816508042,759,262,236,13,False,262
j0-56,0,3513,49086512902930230,1,278,294,13,False,278
j0-56,0,3514,52959602439544460,673,236,236,14,True,236
j0-56,0,3515,32273390995296728,705,278,262,13,True,262
j0-56,0,3516,53351968866345541,732,252,252,13,True,252
j0-56,0,3517,50844586471670715,13,288,284,14,False,288
j0-56,0,3518,11568142107234258,194,278,262,14,True,262
j0-56,0,3519,19191603492556097,306,278,262,14,True,262
j0-56,0,3520,37944876705002760,1023,252,262,14,False,252
j0-56,0,3521,27984580393738611,795,262,278,13,True,278
j0-56,0,3522,42187003556170301,727,288,304,14,True,304
j0-56,0,3523,47711736835256593,681,278,342,14,True,342
j0-56,0,3524,20590979652686616,733,268,252,13,True,252
j0-56,0,3525,5094140467607174,713,232,232,11,True,232
j0-56,0,3526,40843562421200258,699,294,272,14,True,272
j0-56,0,3527,46252287266436303,813,262,272,14,True,272
j0-56,0,3528,15085640905318702,339,258,236,12,True,236
j0-56,0,3529,31682900371852532,1023,268,288,14,False,268
j0-56,0,3530,52238773177434147,106,278,278,14,False,278
j0-56,0,3531,2334651806214884,2,294,310,14,False,294
j0-56,0,3532,16616715356244793,0,262,284,14,False,262
j0-56,0,3533,14213810659533575,861,252,236,12,True,236
j0-56,0,3534,38959852262933005,333,278,246,13,True,246
j0-56,0,3535,1173753538521713,95,288,304,14,False,288
j0-56,0,3536,50294012008594544,10,268,284,13,False,268
j0-56,0,3537,34703081371976393,216,278,246,14,True,246
j0-56,0,3538,44782344469289851,366,278,262,13,False,278
j0-56,0,3539,24867676415635517,888,268,252,12,False,268
j0-56,0,3540,14190941931638076,105,288,278,14,False,288
j0-56,0,3541,51597170884954890,1023,272,288,14,False,272
j0-56,0,3542,12872841078063404,1,304,304,15,False,304
j0-56,0,3543,29660537478392945,104,252,236,12,False,252
j0-56,0,3544,49691616865025828,612,268,252,13,True,252
j0-56,0,3545,7602185186824165,212,268,236,13,True,236
j0-56,0,3546,16842184717580619,1023,278,268,14,False,278
j0-56,0,3547,38249123294919992,686,278,272,14,True,272
j0-56,0,3548,52837799987625668,111,236,252,12,False,236
j0-56,0,3549,42186020599480678,107,262,278,13,False,262
j0-56,0,3550,26279744713666752,754,262,278,14,False,262
j0-56,0,3551,37857078233348404,1023,252,242,12,False,252
j0-56,0,3552,8921587847225629,113,278,310,14,False,278
j0-56,0,3553,16042622730239960,824,278,252,13,True,252
j0-56,0,3554,49519058664155569,11,268,252,13,False,268
j0-56,0,3555,44295449740853816,3,268,252,13,False,268
j0-56,0,3556,10605572141073710,1023,262,284,14,False,262
j0-56,0,3557,36176588898966708,753,252,252,13,True,252
j0-56,0,3558,13262455018611192,847,268,252,13,True,252
j0-56,0,3559,21165909820114907,1023,262,298,14,False,262
j0-56,0,3560,50074967540815144,1,252,304,14,False,252
j0-56,0,3561,33744523549274255,1023,252,310,13,False,252
j0-56,0,3562,50192499155763469,16,252,310,13,False,252
j0-56,0,3563,33797003730000806,9,268,300,13,False,268
j0-56,0,3564,22444589933873645,0,278,278,14,False,278
j0-56,0,3565,1713386156505372,722,294,278,14,True,278
j0-56,0,3566,48469309354947321,13,268,290,13,False,268
j0-56,0,3567,30384538346718703,2,278,268,14,False,278
j0-56,0,3568,37800680680039357,0,278,278,14,False,278
j0-56,0,3569,49531275580372273,9,294,252,13,False,294
j0-56,0,3570,26235130599772652,1023,262,246,13,False,262
j0-56,0,3571,7321404544523467,161,288,304,14,True,304
j0-56,0,3572,6596047818635291,836,268,252,13,True,252
j0-56,0,3573,2123988175721558,237,288,288,14,False,288
j0-56,0,3574,9854518272732034,883,252,262,13,True,262
j0-56,0,3575,48986946380439058,95,278,368,14,False,278
j0-56,0,3576,51026627905145950,104,268,310,13,False,268
j0-56,0,3577,21690532799660418,0,288,272,14,False,288
j0-56,0,3578,50811252884899174,218,294,252,14,True,252
j0-56,0,3579,21550363555215939,97,294,336,14,True,336
j0-56,0,3580,25566158251646509,611,294,268,13,True,268
j0-56,0,3581,27564222958531190,227,252,236,14,True,236
j0-56,0,3582,32261861745321448,612,304,326,14,True,326
j0-56,0,3583,22988785743747168,2,278,304,14,False,278
j0-56,0,3584,19442859736996885,8,278,304,14,False,278
j0-56,0,3585,17566615651304320,1023,288,262,14,False,288
j0-56,0,3586,51804091596248909,631,278,278,14,True,278
j0-56,0,3587,28248644150634321,221,278,252,13,True,252
j0-56,0,3588,17809993795873734,612,278,278,13,True,278
j0-56,0,3589,28929025810979588,871,304,304,14,True,304
j0-56,0,3590,33127787851889870,4,278,252,13,False,278
j0-56,0,3591,45702234024551509,204,304,304,14,True,304
j0-56,0,3592,33332984928164470,106,252,284,13,False,252
j0-56,0,3593,38750345331511103,1,268,272,14,False,268
j0-56,0,3594,51466903469789599,7,288,304,14,False,288
j0-56,0,3595,30034698363355982,336,294,278,14,True,278
j0-56,0,3596,24598645473858670,724,278,256,14,True,256
j0-56,0,3597,40259400352391300,312,272,272,14,True,272
j0-56,0,3598,46014944667448445,3,288,288,14,False,288
j0-56,0,3599,53232736743211778,216,278,278,14,True,278
j0-56,0,3600,6195852871831319,105,278,310,14,False,278
j0-56,0,3601,33113596364142610,12,262,310,14,False,262
j0-56,0,3602,28106162792692692,875,278,278,14,True,278
j0-56,0,3603,32306322737616893,156,288,262,14,True,262
j0-56,0,3604,17446947044878225,631,262,272,14,True,272
j0-56,0,3605,52948532850984957,104,278,272,14,False,278
j0-56,0,3606,52608613944487313,759,262,304,14,False,262
j0-56,0,3607,21519985204889392,3,288,310,13,False,288
j0-56,0,3608,42272127679268733,337,278,294,14,True,294
j0-56,0,3609,21438429766997186,11,278,278,14,False,278
j0-56,0,3610,17653400588124094,288,278,284,13,True,284
j0-56,0,3611,26259682819633882,104,278,278,13,False,278
j0-56,0,3612,26835835270331919,106,262,272,14,False,262
j0-56,0,3613,24353758766403457,628,268,252,13,True,252
j0-56,0,3614,38219209933959040,298,278,278,14,True,278
j0-56,0,3615,34187165004597627,728,278,304,14,True,304
j0-56,0,3616,47320469815316815,297,268,236,13,True,236
j0-56,0,3617,17413162858976535,609,268,278,13,True,278
j0-56,0,3618,50248171220657338,192,268,252,13,True,252
j0-56,0,3619,15957707640738541,16,294,268,13,False,294
j0-56,0,3620,40687930215623377,7,278,310,14,False,278
j0-56,0,3621,42268899201818268,3,278,252,14,False,278
j0-56,0,3622,14702485621758594,1023,262,272,14,False,262
j0-56,0,3623,52821296259875496,610,268,278,14,True,278
j0-56,0,3624,2510089983667158,805,278,304,14,True,304
j0-56,0,3625,25213240124028230,697,268,262,13,True,262
j0-56,0,3626,33808183770673491,206,268,236,13,True,236
j0-56,0,3627,11621892564719754,1,288,304,14,False,288
j0-56,0,3628,26092324386992763,16,278,310,14,False,278
j0-56,0,3629,28707565172255572,2,294,310,14,False,294
j0-56,0,3630,26410318307272692,1023,262,246,14,False,262
j0-56,0,3631,30382544297925526,105,278,320,14,False,278
j0-56,0,3632,39214226420358415,95,262,278,13,False,262
j0-56,0,3633,2539199085350939,104,278,278,14,False,278
j0-56,0,3634,21690071084625760,0,268,252,13,False,268
j0-56,0,3635,14205634951165712,8,278,278,14,False,278
j0-56,0,3636,9890518905248813,104,278,284,13,False,278
j0-56,0,3637,794669351189641,104,268,284,13,False,268
j0-56,0,3638,13468049755536138,342,304,262,14,True,262
j0-56,0,3639,46185376607898665,0,252,294,14,False,252
j0-56,0,3640,53506031613111940,0,268,268,13,False,268
j0-56,0,3641,31281572433203986,8,242,258,12,False,242
j0-56,0,3642,42563718801640353,811,268,236,13,True,236
j0-56,0,3643,7091413925622000,300,304,246,15,True,246
j0-56,0,3644,7682208816613054,7,304,304,14,False,304
j0-56,0,3645,5081891277672233,1,294,294,14,False,294
j0-56,0,3646,26171267870230285,287,262,272,14,True,272
j0-56,0,3647,6882238878043691,711,278,278,13,True,278
j0-56,0,3648,22735624975678773,95,268,284,13,False,268
j0-56,0,3649,21583328175829470,9,252,252,13,False,252
j0-56,0,3650,21958650347974392,292,278,252,13,True,252
j0-56,0,3651,879091293544453,7,278,288,14,False,278
j0-56,0,3652,8767016387623705,0,304,288,14,False,304
j0-56,0,3653,44925436470455018,168,268,316,13,True,316
j0-56,0,3654,8914685182868844,104,288,278,15,False,288
j0-56,0,3655,10447222902638595,742,294,284,13,True,284
j0-56,0,3656,24843870779935386,337,294,304,14,True,304
j0-56,0,3657,2694241666143214,1023,236,262,13,False,236
j0-56,0,3658,26799264795606362,858,278,284,13,True,284
j0-56,0,3659,23186091183422755,371,268,236,12,False,268
j0-56,0,3660,24182402295980501,822,304,262,14,True,262
j0-56,0,3661,53607605036638597,3,304,304,15,False,304
j0-56,0,3662,25379783707834999,885,278,304,14,False,278
j0-56,0,3663,28991101653487516,106,278,284,13,False,278
j0-56,0,3664,10694365948735006,741,262,262,14,True,262
j0-56,0,3665,12545077860429581,95,304,330,15,False,304
j0-56,0,3666,43661439505577042,3,252,268,12,False,252
j0-56,0,3667,10893270395205777,3,268,278,13,False,268
j0-56,0,3668,1395015780690052,11,278,310,14,False,278
j0-56,0,3669,43276406149556464,0,294,342,14,False,294
j0-56,0,3670,22037363543239884,118,252,236,13,True,236
j0-56,0,3671,28032939068086041,9,278,278,14,False,278
j0-56,0,3672,43738914012821333,4,268,316,13,False,268
j0-56,0,3673,47228620791525065,8,294,304,14,False,294
j0-56,0,3674,22521368809534739,1023,272,272,14,False,272
j0-56,0,3675,36486104716659111,881,236,284,13,False,236
j0-56,0,3676,30000793348669973,222,288,294,14,False,288
j0-56,0,3677,7016021800335514,807,268,252,13,True,252
j0-56,0,3678,8024432938260467,606,278,278,14,True,278
j0-56,0,3679,14680328544111316,724,262,268,13,True,268
j0-56,0,3680,33733906349616178,821,268,288,14,True,288
j0-56,0,3681,40450743214576486,680,278,252,13,True,252
j0-56,0,3682,31724079326732290,95,294,320,13,False,294
j0-56,0,3683,31200143047890479,99,278,278,14,True,278
j0-56,0,3684,36036852842871490,2,268,278,13,False,268
j0-56,0,3685,10148672640667879,1023,262,304,14,False,262
j0-56,0,3686,27211909678639038,848,268,252,13,True,252
j0-56,0,3687,15877204193143729,11,304,288,14,False,304
j0-56,0,3688,42892388611670512,3,268,252,13,False,268
j0-56,0,3689,30103775791290506,12,278,278,14,False,278
j0-56,0,3690,34234295596314541,1023,226,226,12,False,226
j0-56,0,3691,51695246604983510,4,268,252,13,False,268
j0-56,0,3692,49856816554891534,1023,262,262,13,False,262
j0-56,0,3693,24080863916604407,180,268,310,13,True,310
j0-56,0,3694,43321638965248895,13,252,304,13,False,252
j0-56,0,3695,24429090035865802,8,278,294,13,False,278
j0-56,0,3696,49108213482337038,0,252,278,14,False,252
j0-56,0,3697,28688399913852183,12,268,288,13,False,268
j0-56,0,3698,34283906689692383,887,278,278,13,False,278
j0-56,0,3699,32232050696408109,191,278,246,14,True,246
j0-56,0,3700,39965322203010860,111,278,252,13,False,278
j0-56,0,3701,2549545655446701,698,242,258,11,True,258
j0-56,0,3702,27063641802391112,205,294,278,14,True,278
j0-56,0,3703,53160567550627654,186,294,272,14,True,272
j0-56,0,3704,2681849539392867,1023,288,288,14,False,288
j0-56,0,3705,32002865849420303,95,252,310,13,False,252
j0-56,0,3706,26265592878266906,105,268,268,12,False,268
j0-56,0,3707,30905665727091518,104,252,272,14,False,252
j0-56,0,3708,40630745233059483,236,268,252,13,True,252
j0-56,0,3709,44232846015243857,1023,246,262,14,False,246
j0-56,0,3710,14422565644985762,1023,262,246,14,False,262
j0-56,0,3711,16479747459700560,345,268,236,13,True,236
j0-56,0,3712,19745830986728967,812,278,314,14,True,314
j0-56,0,3713,20477201605060440,799,278,252,14,True,252
j0-56,0,3714,19079468493230539,200,268,252,13,True,252
j0-56,0,3715,29111654180006095,1023,278,268,13,False,278
j0-56,0,3716,19816751338209452,8,294,268,13,False,294
j0-56,0,3717,19710978651135366,372,252,246,13,False,252
j0-56,0,3718,27021931860228091,105,278,294,13,False,278
j0-56,0,3719,51938036833637916,3,294,310,14,False,294
j0-56,0,3720,7892006222811320,95,304,310,15,False,304
j0-56,0,3721,36916614135985112,115,278,252,13,False,278
j0-56,0,3722,21843294033181632,1023,236,288,14,False,236
j0-56,0,3723,43553033593465424,829,278,310,13,True,310
j0-56,0,3724,26779879972850771,174,268,284,13,True,284
j0-56,0,3725,3230195915683283,4,278,310,13,False,278
j0-56,0,3726,30414047596411062,361,278,262,14,True,262
j0-56,0,3727,10902310516125507,9,278,278,14,False,278
j0-56,0,3728,25935231661751632,95,288,310,14,False,288
j0-56,0,3729,4103800606402800,13,278,268,13,False,278
j0-56,0,3730,27119512588151954,1023,236,246,13,False,236
j0-56,0,3731,26816177660560233,8,258,258,12,False,258
j0-56,0,3732,5843240828262478,7,262,278,13,False,262
j0-56,0,3733,17927806405161006,0,278,294,14,False,278
j0-56,0,3734,13883802671584627,843,252,258,12,True,258
j0-56,0,3735,10072784310507791,330,278,278,14,True,278
j0-56,0,3736,8194497240098676,699,278,294,14,True,294
j0-56,0,3737,26479819582431131,174,262,252,13,True,252
j0-56,0,3738,41020649123654821,366,236,252,14,False,236
j0-56,0,3739,30277943019484686,308,294,294,14,True,294
j0-56,0,3740,13349931334265501,104,268,284,13,False,268
j0-56,0,3741,48102003635238164,105,304,278,14,False,304
j0-56,0,3742,47578198717773745,104,252,252,13,False,252
j0-56,0,3743,47300342134390042,104,262,294,13,False,262
j0-56,0,3744,39730015238812717,206,278,262,14,True,262
j0-56,0,3745,24658144998660402,7,294,310,14,False,294
j0-56,0,3746,1809049651746240,609,294,278,14,True,278
j0-56,0,3747,30208844352120377,95,268,284,13,False,268
j0-56,0,3748,51176966626134169,8,242,258,12,False,242
j0-56,0,3749,47916144781914432,719,268,262,13,True,262
j0-56,0,3750,36900789616688962,340,252,252,13,True,252
j0-56,0,3751,14093307114818536,1023,252,236,13,False,252
j0-56,0,3752,12141274103706203,1023,262,252,13,False,262
j0-56,0,3753,12856823422346545,95,294,304,14,False,294
j0-56,0,3754,23099701195430554,1023,278,262,14,False,278
j0-56,0,3755,22673643489542585,245,252,252,13,False,252
j0-56,0,3756,16689686870341322,375,252,262,13,False,252
j0-56,0,3757,14127077571167317,362,262,278,14,False,262
j0-56,0,3758,34498423469416893,753,278,304,14,True,304
j0-56,0,3759,2725638599685126,1,288,278,14,False,288
j0-56,0,3760,50666372634363299,8,294,278,14,False,294
j0-56,0,3761,51589563130800672,106,252,278,13,False,252
j0-56,0,3762,1148947445079856,13,278,310,14,False,278
j0-56,0,3763,46114566043793390,800,242,242,12,True,242
j0-56,0,3764,13600576799897800,286,294,304,14,True,304
j0-56,0,3765,39020613402367987,1023,288,288,14,False,288
j0-56,0,3766,44960611861939372,98,258,258,12,True,258
j0-56,0,3767,9734196652558598,604,304,262,14,True,262
j0-56,0,3768,9852732456146384,3,278,278,14,False,278
j0-56,0,3769,30486645784491140,799,252,252,13,True,252
j0-56,0,3770,15857599109590751,104,294,268,13,False,294
j0-56,0,3771,7509978228060054,360,252,252,13,True,252
j0-56,0,3772,16703440661339123,343,294,252,14,True,252
j0-56,0,3773,33504740483130803,11,278,268,13,False,278
j0-56,0,3774,52781863440488756,4,288,320,14,False,288
j0-56,0,3775,17266460918912169,687,242,252,12,True,252
j0-56,0,3776,32387700481505972,7,278,336,14,False,278
j0-56,0,3777,35872990307027274,221,268,268,13,True,268
j0-56,0,3778,30832008882348683,311,278,262,14,True,262
j0-56,0,3779,19889447707584512,199,278,278,14,True,278
j0-56,0,3780,10823411969617080,297,252,252,13,True,252
j0-56,0,3781,10921196115074004,93,278,258,13,True,258
j0-56,0,3782,12317555635011586,1023,252,268,13,False,252
j0-56,0,3783,38100744011154845,106,278,310,14,False,278
j0-56,0,3784,48833704772090528,872,252,252,13,False,252
j0-56,0,3785,21646534893868947,95,242,242,13,False,242
j0-56,0,3786,40790332458172748,294,278,278,14,True,278
j0-56,0,3787,44059259044373895,884,262,258,11,False,262
j0-56,0,3788,16745382611463673,4,252,236,14,False,252
j0-56,0,3789,51817051035689577,704,258,258,12,True,258
j0-56,0,3790,21664254411451408,186,278,310,14,True,310
j0-56,0,3791,21831474676735561,300,242,236,12,True,236
j0-56,0,3792,2297576054447986,363,288,278,14,True,278
j0-56,0,3793,3921716300227214,11,268,288,13,False,268
j0-56,0,3794,50499857338245196,1,278,326,14,False,278
j0-56,0,3795,16831649596996046,328,268,252,13,True,252
j0-56,0,3796,2653624551354369,723,278,262,14,True,262
j0-56,0,3797,12071924936174074,216,278,278,14,True,278
j0-56,0,3798,41774922642882722,364,278,304,14,False,278
j0-56,0,3799,5880512938317378,869,262,236,13,True,236
j0-56,0,3800,28561657396229352,1023,220,220,14,False,220
j0-56,0,3801,15173184226000094,225,294,288,14,True,288
j0-56,0,3802,12093180998268372,663,278,288,14,True,288
j0-56,0,3803,14850771516719644,807,278,252,13,True,252
j0-56,0,3804,896205307646642,688,278,252,14,True,252
j0-56,0,3805,43415805315267222,146,268,252,13,True,252
j0-56,0,3806,43357381169887047,817,278,262,13,True,262
j0-56,0,3807,1730098538813952,663,294,262,14,True,262
j0-56,0,3808,18639189781922212,819,268,278,13,True,278
j0-56,0,3809,7962257064616056,752,262,294,14,False,262
j0-56,0,3810,30789746402145313,218,278,304,14,True,304
j0-56,0,3811,38154349404203077,3,294,342,14,False,294
j0-56,0,3812,24932327654968463,1023,252,252,13,False,252
j0-56,0,3813,48414593934827049,11,278,262,14,False,278
j0-56,0,3814,41219465943453523,298,268,278,12,True,278
j0-56,0,3815,26722236832731306,9,268,304,14,False,268
j0-56,0,3816,5686945028086470,1023,252,278,13,False,252
j0-56,0,3817,35070503545597916,104,304,310,14,False,304
j0-56,0,3818,37709622636419724,174,278,262,14,True,262
j0-56,0,3819,46781835833298727,116,288,278,14,True,278
j0-56,0,3820,5875774014947859,16,268,268,13,False,268
j0-56,0,3821,28983452756057628,754,278,278,14,False,278
j0-56,0,3822,11935391797039101,1023,252,242,12,False,252
j0-56,0,3823,7565764899200015,729,268,294,13,True,294
j0-56,0,3824,47463978629152778,1023,262,278,14,False,262
j0-56,0,3825,47364527026283892,1023,278,262,14,False,278
j0-56,0,3826,26412532758469136,612,294,246,13,True,246
j0-56,0,3827,29036308053974737,7,252,288,13,False,252
j0-56,0,3828,36752640607573634,790,252,252,13,True,252
j0-56,0,3829,1927556700053763,0,278,278,14,False,278
j0-56,0,3830,9146993626225719,358,268,252,13,True,252
j0-56,0,3831,17933281979289751,2,304,278,15,False,304
j0-56,0,3832,41698668269462224,821,294,246,15,True,246
j0-56,0,3833,9141129314511685,349,258,258,12,True,258
j0-56,0,3834,24720652926561204,727,242,258,12,True,258
j0-56,0,3835,38188254959155425,1023,252,288,14,False,252
j0-56,0,3836,29774549378240724,102,268,284,13,True,284
j0-56,0,3837,48412726856033768,1,278,326,13,False,278
j0-56,0,3838,5016318970585375,95,294,310,13,False,294
j0-56,0,3839,48236562262754348,869,268,268,13,True,268
j0-56,0,3840,21891358865369679,92,294,252,14,True,252
j0-56,0,3841,2555045915967130,95,268,262,13,False,268
j0-56,0,3842,51366768289307061,106,268,300,13,False,268
j0-56,0,3843,9707174864270109,885,262,246,13,False,262
j0-56,0,3844,22726679578565881,8,242,216,12,False,242
j0-56,0,3845,20774296202071318,3,304,310,14,False,304
j0-56,0,3846,3586088027756949,0,278,278,14,False,278
j0-56,0,3847,48476991080293815,104,278,278,14,False,278
j0-56,0,3848,6477804826907660,186,268,262,13,True,262
j0-56,0,3849,11740255991720275,364,278,262,14,False,278
j0-56,0,3850,47234037562174537,363,252,226,13,True,226
j0-56,0,3851,39155742617345029,7,252,278,13,False,252
j0-56,0,3852,33860792817649315,13,278,310,14,False,278
j0-56,0,3853,16864109656888029,300,226,242,12,True,242
j0-56,0,3854,15707846778710895,104,294,278,14,False,294
j0-56,0,3855,4003906889754316,1023,262,262,13,False,262
j0-56,0,3856,46698317278824193,191,294,252,13,True,252
j0-56,0,3857,53405486912810109,104,304,294,14,False,304
j0-56,0,3858,12190578471939367,175,262,262,14,False,262
j0-56,0,3859,42103751060804964,760,278,282,14,False,278
j0-56,0,3860,37038586350823832,3,278,342,14,False,278
j0-56,0,3861,46470182357212231,309,278,342,14,False,278
j0-56,0,3862,44880054420275905,117,252,278,14,False,252
j0-56,0,3863,22145119360533466,1023,262,342,14,False,262
j0-56,0,3864,36636757934432812,13,278,288,14,False,278
j0-56,0,3865,14476256741378461,880,268,284,13,False,268
j0-56,0,3866,2842367524810912,1023,252,262,13,False,252
j0-56,0,3867,27600444671117551,2,278,278,13,False,278
j0-56,0,3868,15832753394354488,104,278,278,14,False,278
j0-56,0,3869,7591554134808742,13,268,262,13,False,268
j0-56,0,3870,26378214431844395,7,294,284,13,False,294
j0-56,0,3871,53015371405824422,353,294,278,13,True,278
j0-56,0,3872,27800898954325948,0,288,284,14,False,288
j0-56,0,3873,47029834433730535,181,268,252,13,True,252
j0-56,0,3874,24718352256730079,187,268,272,14,True,272
j0-56,0,3875,29179269924807642,105,268,252,13,False,268
j0-56,0,3876,15963813325571560,3,278,272,14,False,278
j0-56,0,3877,15704060701760242,625,278,310,14,False,278
j0-56,0,3878,47902532228308607,724,278,278,14,True,278
j0-56,0,3879,31106356676782586,4,278,310,14,False,278
j0-56,0,3880,5496043941228481,104,262,278,14,False,262
j0-56,0,3881,46428589337816453,361,278,252,13,True,252
j0-56,0,3882,12462633600568359,1,288,304,13,False,288
j0-56,0,3883,32047048208609263,228,268,268,13,True,268
j0-56,0,3884,44054848607146871,862,252,252,13,True,252
j0-56,0,3885,23408589518688574,885,268,272,14,False,268
j0-56,0,3886,21461571806673556,1023,278,288,14,False,278
j0-56,0,3887,22795810605286118,168,304,262,14,True,262
j0-56,0,3888,31116434914341669,117,272,310,14,False,272
j0-56,0,3889,13069012405829158,858,288,272,14,True,272
j0-56,0,3890,21274480971253374,95,294,304,14,False,294
j0-56,0,3891,39062608168616075,11,262,278,13,False,262
j0-56,0,3892,27273514317571090,11,268,304,13,False,268
j0-56,0,3893,17926619951918262,300,288,304,14,True,304
j0-56,0,3894,7762642873014530,1023,278,294,13,False,278
j0-56,0,3895,15729056713922307,3,278,278,13,False,278
j0-56,0,3896,7258795008142435,614,262,278,14,True,278
j0-56,0,3897,2886098559480856,1023,288,246,14,False,288
j0-56,0,3898,32101727055268933,104,262,278,14,False,262
j0-56,0,3899,18113885478238089,1023,278,304,14,False,278
j0-56,0,3900,4121866767067648,114,278,278,14,True,278
j0-56,0,3901,41345487894639583,879,252,226,12,False,252
j0-56,0,3902,18732615348926205,95,304,368,14,False,304
j0-56,0,3903,35427117191279042,7,268,252,13,False,268
j0-56,0,3904,9531887822605398,743,304,304,15,True,304
j0-56,0,3905,48403762777023241,1023,252,236,14,False,252
j0-56,0,3906,6260596337091040,1023,252,262,13,False,252
j0-56,0,3907,16380071795892537,857,252,288,13,False,252
j0-56,0,3908,13107037583377254,310,278,246,14,True,246
j0-56,0,3909,19923367012636815,104,278,310,14,False,278
j0-56,0,3910,37577679022992820,3,272,288,14,False,272
j0-56,0,3911,24349036679782460,1023,278,252,13,False,278
j0-56,0,3912,45980224580505413,2,268,278,13,False,268
j0-56,0,3913,52806037529314099,365,278,278,14,True,278
j0-56,0,3914,36823818855110741,870,278,262,13,True,262
j0-56,0,3915,48261629307430916,9,294,310,14,False,294
j0-56,0,3916,9833968563332867,749,278,304,14,False,278
j0-56,0,3917,49245518624156911,4,278,288,14,False,278
j0-56,0,3918,29123850148212948,104,304,310,14,False,304
j0-56,0,3919,18913373167638867,118,236,246,13,True,246
j0-56,0,3920,18218287332291628,340,294,310,14,True,310
j0-56,0,3921,27725915257372386,244,278,278,14,False,278
j0-56,0,3922,17444271254038778,105,278,284,13,False,278
j0-56,0,3923,20391622087039564,104,252,316,13,False,252
j0-56,0,3924,19459086924924548,609,278,284,13,True,284
j0-56,0,3925,15940574458132416,1023,252,288,14,False,252
j0-56,0,3926,31466705120379458,3,268,310,13,False,268
j0-56,0,3927,32056393032020272,798,278,278,14,True,278
j0-56,0,3928,13799702791905036,1023,268,268,13,False,268
j0-56,0,3929,37226600501849442,235,278,262,14,True,262
j0-56,0,3930,51691178949835322,742,268,284,13,True,284
j0-56,0,3931,38526938361808501,0,278,298,15,False,278
j0-56,0,3932,27530388828612503,95,304,336,14,False,304
j0-56,0,3933,35269177392849447,7,278,310,14,False,278
j0-56,0,3934,15830989200462521,833,278,310,14,True,310
j0-56,0,3935,22539761228092730,102,278,310,14,True,310
j0-56,0,3936,20039854233052558,873,278,278,14,True,278
j0-56,0,3937,34361196787573485,626,252,262,13,False,252
j0-56,0,3938,42588128157630906,105,272,272,14,False,272
j0-56,0,3939,12014581389211587,859,268,268,13,False,268
j0-56,0,3940,52801441998682627,7,252,236,14,False,252
j0-56,0,3941,18483101167682956,102,278,262,13,True,262
j0-56,0,3942,15538933084036953,747,268,226,12,True,226
j0-56,0,3943,7377551001304102,241,278,252,13,True,252
j0-56,0,3944,23020276829373522,810,304,246,14,True,246
j0-56,0,3945,15460501845887276,361,252,262,13,True,262
j0-56,0,3946,23459259557612867,104,268,284,13,False,268
j0-56,0,3947,43699419015895708,311,278,284,14,True,284
j0-56,0,3948,22964642372289864,371,278,278,13,False,278
j0-56,0,3949,36038764130480967,95,294,304,14,False,294
j0-56,0,3950,46913570481883819,7,268,284,12,False,268
j0-56,0,3951,19083071253283864,657,294,284,13,True,284
j0-56,0,3952,19177512673541598,724,304,288,14,True,288
j0-56,0,3953,40292058211970853,321,268,284,13,False,268
j0-56,0,3954,37393896769413890,1,278,278,14,False,278
j0-56,0,3955,25701889155005380,823,268,278,13,True,278
j0-56,0,3956,36154221900437586,0,288,310,14,False,288
j0-56,0,3957,46032750983479308,106,304,278,14,False,304
j0-56,0,3958,531534188750827,350,278,262,14,True,262
j0-56,0,3959,17398498498758524,356,268,262,13,True,262
j0-56,0,3960,20378214051337126,156,278,252,13,True,252
j0-56,0,3961,51593204101672332,12,294,278,14,False,294
j0-56,0,3962,11475380223804560,8,268,284,13,False,268
j0-56,0,3963,43731659019051783,1023,262,288,14,False,262
j0-56,0,3964,47183815715239410,95,288,272,14,False,288
j0-56,0,3965,53133950581368665,236,262,278,14,True,278
j0-56,0,3966,31640342420137240,95,226,242,12,False,226
j0-56,0,3967,34563500664711748,105,288,310,14,False,288
j0-56,0,3968,13787076742064803,723,294,246,14,True,246
j0-56,0,3969,18419032816048871,104,304,342,14,False,304
j0-56,0,3970,38008030872864731,631,262,256,14,True,256
j0-56,0,3971,11626622333942394,227,278,278,13,True,278
j0-56,0,3972,41161682002479774,95,268,284,13,False,268
j0-56,0,3973,36920424423197459,0,288,326,14,False,288
j0-56,0,3974,50370266760897007,306,288,272,14,True,272
j0-56,0,3975,2857748956137634,104,278,294,14,False,278
j0-56,0,3976,23202975278381138,824,304,310,14,True,310
j0-56,0,3977,51695847945436803,7,294,320,14,False,294
j0-56,0,3978,699108316088874,620,278,278,14,False,278
j0-56,0,3979,4279758438847609,208,242,252,11,True,252
j0-56,0,3980,17453807806400662,733,294,304,14,True,304
j0-56,0,3981,28558393471854246,830,262,252,13,True,252
j0-56,0,3982,3035819810878855,227,258,252,12,True,252
j0-56,0,3983,7454033561779490,104,278,272,14,False,278
j0-56,0,3984,26482854542675486,95,278,310,14,False,278
j0-56,0,3985,8896164989144592,355,252,252,13,True,252
j0-56,0,3986,18899395075571238,809,278,278,14,True,278
j0-56,0,3987,51998249006402665,866,294,272,14,True,272
j0-56,0,3988,13528724390552580,697,294,268,13,True,268
j0-56,0,3989,13514987201510629,13,294,284,13,False,294
j0-56,0,3990,5128668327314132,7,268,278,13,False,268
j0-56,0,3991,24799772968628843,187,278,262,14,True,262
j0-56,0,3992,5539884474697757,799,252,256,13,True,256
j0-56,0,3993,6172208635651599,3,294,262,14,False,294
j0-56,0,3994,38176914385496642,9,294,288,14,False,294
j0-56,0,3995,31398354566296332,95,278,336,14,False,278
j0-56,0,3996,28378192034917315,95,304,304,14,False,304
j0-56,0,3997,47773230452438527,11,288,304,14,False,288
j0-56,0,3998,34871059659113455,340,278,262,14,True,262
j0-56,0,3999,4588033302297739,359,252,236,13,True,236
j0-56,0,4000,36024905900966926,1,288,272,14,False,288
j0-56,0,4001,39815133499925571,754,278,272,14,False,278
j0-56,0,4002,14007099436585458,618,278,272,14,True,272
j0-56,0,4003,13455787625816773,1023,252,236,12,False,252
j0-56,0,4004,28278050977794290,13,294,268,13,False,294
j0-56,0,4005,28341551600771919,16,252,252,14,False,252
j0-56,0,4006,953924059273955,834,294,304,14,True,304
j0-56,0,4007,38567809237087961,630,288,256,14,False,288
j0-56,0,4008,25239444493585922,371,288,278,14,False,288
j0-56,0,4009,25273836629223133,4,294,278,13,False,294
j0-56,0,4010,11051763458822627,174,294,300,13,True,300
j0-56,0,4011,50205780466815934,752,278,268,13,False,278
j0-56,0,4012,35545975559434787,298,278,252,13,True,252
j0-56,0,4013,13591118251046621,800,268,252,13,True,252
j0-56,0,4014,51527293259162852,7,294,278,14,False,294
j0-56,0,4015,47499683798736439,11,294,310,14,False,294
j0-56,0,4016,21121829869245109,6,278,294,13,False,278
j0-56,0,4017,24436099581513237,16,262,278,14,False,262
j0-56,0,4018,28073076085310091,299,252,262,13,True,262
j0-56,0,4019,26816045833977580,237,278,278,14,False,278
j0-56,0,4020,290728858249557,864,278,262,14,True,262
j0-56,0,4021,14460504420443951,0,294,310,14,False,294
j0-56,0,4022,24355605804112253,1023,278,262,14,False,278
j0-56,0,4023,24282600988069121,301,268,278,13,False,268
j0-56,0,4024,25276419649910022,347,262,278,13,False,262
j0-56,0,4025,45853317990160636,317,288,272,14,True,272
j0-56,0,4026,47589886972054945,12,278,284,13,False,278
j0-56,0,4027,47490813265259215,2,278,304,14,False,278
j0-56,0,4028,52683224006335769,1023,262,272,14,False,262
j0-56,0,4029,2837625783051824,741,278,262,13,True,262
j0-56,0,4030,39281809046640155,368,288,278,14,False,288
j0-56,0,4031,8329513482841100,201,252,256,13,True,256
j0-56,0,4032,9764627312825635,104,304,368,14,False,304
j0-56,0,4033,22775035299128595,656,278,272,14,True,272
j0-56,0,4034,36123047277650090,13,252,268,14,False,252
j0-56,0,4035,30305180342335980,116,252,252,13,True,252
j0-56,0,4036,7050374244325259,95,268,284,13,False,268
j0-56,0,4037,52954836859104554,349,278,252,13,True,252
j0-56,0,4038,17779719445114724,217,294,278,14,True,278
j0-56,0,4039,44295579685106829,705,294,256,14,True,256
j0-56,0,4040,13493350101216891,104,262,278,14,False,262
j0-56,0,4041,14064262491335356,222,268,236,13,False,268
j0-56,0,4042,4335596044355147,342,268,268,13,True,268
j0-56,0,4043,31058089935616960,674,268,262,13,True,262
j0-56,0,4044,48188153155368421,829,252,268,13,True,268
j0-56,0,4045,2867633935876968,317,278,294,14,True,294
j0-56,0,4046,21167866752980208,1023,304,272,14,False,304
j0-56,0,4047,47444168553815506,835,278,268,13,True,268
j0-56,0,4048,66844977407294,0,278,310,14,False,278
j0-56,0,4049,12512705122358974,1023,262,230,14,False,262
j0-56,0,4050,50749278841930558,0,268,236,13,False,268
j0-56,0,4051,20294103196096254,2,268,252,13,False,268
j0-56,0,4052,49465269077529619,1,304,304,14,False,304
j0-56,0,4053,50299790700825073,681,268,236,12,True,236
j0-56,0,4054,39029219905451353,208,294,278,14,True,278
j0-56,0,4055,18224296053921803,4,294,336,14,False,294
j0-56,0,4056,10785461129769715,100,268,252,13,True,252
j0-56,0,4057,36243125421036507,109,268,278,13,False,268
j0-56,0,4058,11405976067965800,95,288,278,14,False,288
j0-56,0,4059,4987442075181623,795,268,262,13,True,262
j0-56,0,4060,12107084941464435,95,278,262,13,False,278
j0-56,0,4061,8421315300091792,1023,236,252,13,False,236
j0-56,0,4062,37129457202390166,3,278,278,13,False,278
j0-56,0,4063,23136384681093654,95,252,274,12,False,252
j0-56,0,4064,9295524031677545,2,236,278,14,False,236
j0-56,0,4065,26058793376166275,610,304,304,14,True,304
j0-56,0,4066,47474991730722783,0,288,294,14,False,288
j0-56,0,4067,11699257635521160,104,278,252,14,False,278
j0-56,0,4068,48502050066932659,101,304,278,14,True,278
j0-56,0,4069,34184547556329153,2,278,294,14,False,278
j0-56,0,4070,13718134663715797,227,294,278,14,True,278
j0-56,0,4071,51414889613820997,219,294,282,14,False,294
j0-56,0,4072,37389340763514642,833,268,262,13,True,262
j0-56,0,4073,50693356490729975,156,252,236,14,True,236
j0-56,0,4074,51541518023107081,7,268,278,13,False,268
j0-56,0,4075,1326398154215325,9,304,304,14,False,304
j0-56,0,4076,37832756892808850,626,262,246,14,False,262
j0-56,0,4077,10316273676509500,343,278,262,14,True,262
j0-56,0,4078,10894099940411923,7,278,310,14,False,278
j0-56,0,4079,23340333861405238,338,278,272,14,True,272
j0-56,0,4080,23036892305403130,833,262,278,14,True,278
j0-56,0,4081,33423882679672649,95,294,284,13,False,294
j0-56,0,4082,14344549285784363,1023,278,246,14,False,278
j0-56,0,4083,21353279130049616,4,278,278,14,False,278
j0-56,0,4084,9115959385696318,681,278,252,13,True,252
j0-56,0,4085,37871241978012872,95,262,262,14,False,262
j0-56,0,4086,5847361658461177,4,252,326,13,False,252
j0-56,0,4087,31956373323993284,1023,268,262,13,False,268
j0-56,0,4088,35582066877605248,104,278,278,14,False,278
j0-56,0,4089,5135299338318009,3,294,342,14,False,294
j0-56,0,4090,12857874389498150,748,288,272,14,True,272
j0-56,0,4091,31078052819200483,1023,278,294,13,False,278
j0-56,0,4092,51761615757517659,315,262,262,14,True,262
j0-56,0,4093,22339645874804617,8,268,252,13,False,268
j0-56,0,4094,46644075235386566,611,258,258,12,True,258
j0-56,0,4095,45204916068378549,95,294,310,14,False,294
j0-56,1,0,19570361505943991,3,252,278,13,False,252
j0-56,1,1,29496303972250531,1,278,262,14,False,278
j0-56,1,2,33372853279500752,875,226,258,12,True,258
j0-56,1,3,29344608793507259,757,278,272,14,True,272
j0-56,1,4,19410464005441185,1023,262,236,13,False,262
j0-56,1,5,38512639272268376,11,278,336,14,False,278
j0-56,1,6,28556942500807024,2,294,288,14,False,294
j0-56,1,7,49473591883374268,866,278,262,14,True,262
j0-56,1,8,13580238568374057,11,252,288,13,False,252
j0-56,1,9,50025296965203689,322,278,310,14,True,310
j0-56,1,10,3999072074860177,0,278,272,14,False,278
j0-56,1,11,3471789341555578,1,268,316,13,False,268
j0-56,1,12,10607588877892935,0,268,284,12,False,268
j0-56,1,13,36505111766608857,9,262,310,14,False,262
j0-56,1,14,41951305343152868,7,278,288,14,False,278
j0-56,1,15,6190463407777415,1023,288,326,14,False,288
j0-56,1,16,39983516411696266,2,268,294,13,False,268
j0-56,1,17,42321971307309905,737,278,278,14,True,278
j0-56,1,18,43734242768519309,97,294,284,13,True,284
j0-56,1,19,14711708032837787,95,268,320,13,False,268
j0-56,1,20,32462102514622066,848,294,284,14,True,284
j0-56,1,21,6591207258828783,292,268,246,12,True,246
j0-56,1,22,50730201052998842,606,252,236,13,True,236
j0-56,1,23,40062019168526433,248,252,252,13,True,252
j0-56,1,24,2584599850415811,8,268,304,13,False,268
j0-56,1,25,50551630912849360,1,252,268,13,False,252
j0-56,1,26,14152113747439734,1,278,320,14,False,278
j0-56,1,27,42254703256531705,7,278,262,13,False,278
j0-56,1,28,14984100646791867,216,268,252,13,True,252
j0-56,1,29,30624827437204358,712,294,278,13,True,278
j0-56,1,30,45226524193709980,93,288,288,13,True,288
j0-56,1,31,8039901390865991,627,288,288,14,True,288
j0-56,1,32,48527821376621763,7,278,304,14,False,278
j0-56,1,33,46147067030529302,105,304,278,14,False,304
j0-56,1,34,11443790514279011,223,262,294,14,False,262
j0-56,1,35,166209528333140,668,272,272,14,True,272
j0-56,1,36,24485032581918796,94,278,278,14,True,278
j0-56,1,37,44034649134891105,11,288,294,14,False,288
j0-56,1,38,47846528841458131,730,288,272,14,True,272
j0-56,1,39,27758582316099597,7,278,288,14,False,278
j0-56,1,40,513204795479921,2,288,288,14,False,288
j0-56,1,41,48504164693082774,11,278,304,14,False,278
j0-56,1,42,12293860952703539,13,304,278,14,False,304
j0-56,1,43,7967248011075207,8,294,310,14,False,294
j0-56,1,44,45948368948336805,730,252,304,14,True,304
j0-56,1,45,20388940974659008,1023,278,294,14,False,278
j0-56,1,46,42801712141332536,1,304,304,14,False,304
j0-56,1,47,3988674827440223,366,252,246,13,False,252
j0-56,1,48,39528919913334727,94,262,230,14,True,230
j0-56,1,49,9981901449162431,867,252,262,14,False,252
j0-56,1,50,32523018166909176,105,268,300,13,False,268
j0-56,1,51,14776353681630901,835,278,284,13,True,284
j0-56,1,52,774136804378624,731,226,268,12,True,268
j0-56,1,53,15043802621020347,2,278,288,14,False,278
j0-56,1,54,14953853834459349,1023,272,288,14,False,272
j0-56,1,55,40240494178407496,1023,252,252,14,False,252
j0-56,1,56,43269572716496183,836,252,262,13,True,262
j0-56,1,57,45292284615467743,193,272,252,13,True,252
j0-56,1,58,258125050520970,99,278,252,13,True,252
j0-56,1,59,36786965804415113,3,258,226,12,False,258
j0-56,1,60,14778653402888405,369,268,252,13,True,252
j0-56,1,61,15101319888067145,879,252,252,13,False,252
j0-56,1,62,38506790565253291,95,262,300,13,False,262
j0-56,1,63,301454616506903,1,294,278,14,False,294
j0-56,1,64,49732463761594112,1,278,310,14,False,278
j0-56,1,65,1801542774091736,330,268,262,13,True,262
j0-56,1,66,38474398076989884,848,278,278,13,True,278
j0-56,1,67,5691498020102233,239,272,288,14,False,272
j0-56,1,68,28460042417746958,104,304,304,14,False,304
j0-56,1,69,20540224056894427,13,294,336,14,False,294
j0-56,1,70,28789884106753775,340,294,310,14,True,310
j0-56,1,71,45958672998062449,104,304,304,14,False,304
j0-56,1,72,4893818557961033,2,278,304,14,False,278
j0-56,1,73,10019195348054813,104,268,252,13,False,268
j0-56,1,74,31721575529961212,13,268,284,12,False,268
j0-56,1,75,7042258029869187,1023,262,278,13,False,262
j0-56,1,76,40829022393100357,871,252,268,12,True,268
j0-56,1,77,43536861311458840,116,262,298,14,True,298
j0-56,1,78,30168537327741723,243,268,236,13,True,236
j0-56,1,79,50995495281293705,95,278,278,14,False,278
j0-56,1,80,46744113290335877,8,304,278,14,False,304
j0-56,1,81,3335079032752683,96,278,278,14,True,278
j0-56,1,82,37049224533856614,292,268,278,13,True,278
j0-56,1,83,43735485031952269,7,278,284,13,False,278
j0-56,1,84,13112892191569477,618,252,252,13,True,252
j0-56,1,85,48472642067871134,360,278,304,14,True,304
j0-56,1,86,23337157198489926,104,262,262,13,False,262
j0-56,1,87,46526215441090980,1,262,262,14,False,262
j0-56,1,88,46014223947244133,330,268,284,13,True,284
j0-56,1,89,30525629588677582,12,294,278,13,False,294
j0-56,1,90,12315286730821231,1023,252,262,13,False,252
j0-56,1,91,46432517282058108,731,278,314,14,True,314
j0-56,1,92,46979441862745240,118,278,278,14,True,278
j0-56,1,93,20668413918520320,11,278,278,14,False,278
j0-56,1,94,53192717757893183,361,278,278,14,True,278
j0-56,1,95,6568631517488398,243,304,310,14,True,310
j0-56,1,96,51644970695550207,2,278,310,14,False,278
j0-56,1,97,19750201987148385,760,262,236,14,False,262
j0-56,1,98,7836947645471698,104,288,310,14,False,288
j0-56,1,99,31220226911346763,1,278,278,14,False,278
j0-56,1,100,22986681554749068,340,268,252,13,True,252
j0-56,1,101,48355829412431958,885,278,262,13,False,278
j0-56,1,102,39288562769629922,3,262,304,14,False,262
j0-56,1,103,48532221564657561,211,314,272,15,True,272
j0-56,1,104,3046004147469397,12,304,310,14,False,304
j0-56,1,105,3995939619450575,363,278,304,14,True,304
j0-56,1,106,39162574771309196,864,294,284,13,True,284
j0-56,1,107,1137066045309759,4,294,310,14,False,294
j0-56,1,108,3303828524293322,1023,278,262,14,False,278
j0-56,1,109,30059006339286639,624,278,304,14,False,278
j0-56,1,110,46158482904297949,337,278,278,14,True,278
j0-56,1,111,30794880474424820,1023,268,252,13,False,268
j0-56,1,112,8743273185257804,7,268,252,12,False,268
j0-56,1,113,26907972976315664,688,278,278,14,True,278
j0-56,1,114,6703817670509951,1023,252,268,13,False,252
j0-56,1,115,28304796007236775,329,278,252,14,True,252
j0-56,1,116,52497781420415109,168,252,268,13,True,268
j0-56,1,117,50086627872546186,706,268,310,13,True,310
j0-56,1,118,10196282412304457,111,252,268,12,False,252
j0-56,1,119,21666181779005190,242,252,252,13,False,252
j0-56,1,120,35874770637830264,7,278,278,14,False,278
j0-56,1,121,728243317352324,876,242,252,12,False,242
j0-56,1,122,41136736151974091,823,278,278,14,True,278
j0-56,1,123,24391825403918533,1023,252,236,12,False,252
j0-56,1,124,20551956673921898,663,252,252,14,True,252
j0-56,1,125,28772650106997273,876,252,288,13,False,252
j0-56,1,126,22268448571074834,834,294,284,13,True,284
j0-56,1,127,46773827146577625,115,262,246,14,False,262
j0-56,1,128,13360791514273087,8,294,320,13,False,294
j0-56,1,129,49870256457358698,884,272,304,14,False,272
j0-56,1,130,27715018309333409,835,278,272,14,True,272
j0-56,1,131,3098859028420997,673,294,278,13,True,278
j0-56,1,132,6293090919666230,611,304,294,14,True,294
j0-56,1,133,1757930440355434,603,294,246,13,True,246
j0-56,1,134,23409631019996047,1023,288,288,14,False,288
j0-56,1,135,21757744471363496,0,278,288,14,False,278
j0-56,1,136,51943385369937128,1023,278,288,14,False,278
j0-56,1,137,50309971286168644,92,252,262,13,True,262
j0-56,1,138,52763234630385813,0,252,268,13,False,252
j0-56,1,139,42141171489246859,612,268,236,13,True,236
j0-56,1,140,8320312197409740,113,288,310,14,False,288
j0-56,1,141,13244937017688470,95,262,262,14,False,262
j0-56,1,142,50645899421595973,656,278,262,13,True,262
j0-56,1,143,12371264416691421,7,304,288,14,False,304
j0-56,1,144,36743103922712386,310,268,252,13,True,252
j0-56,1,145,43588244499454838,1023,278,294,14,False,278
j0-56,1,146,40193583357757682,376,262,278,13,True,278
j0-56,1,147,36134399631243706,697,304,294,14,True,294
j0-56,1,148,47949958774379972,855,252,268,13,True,268
j0-56,1,149,19390323368193207,104,262,278,14,False,262
j0-56,1,150,26137506845597521,0,294,278,13,False,294
j0-56,1,151,8879730065471822,238,278,262,14,True,262
j0-56,1,152,17458666761144377,12,268,268,12,False,268
j0-56,1,153,12100034779861814,752,278,314,14,False,278
j0-56,1,154,3640903608046012,1023,262,278,14,False,262
j0-56,1,155,35256285793048090,3,278,278,14,False,278
j0-56,1,156,27742408777294911,7,278,252,13,False,278
j0-56,1,157,51393682309806098,104,288,262,14,False,288
j0-56,1,158,2826644970378914,95,268,278,13,False,268
j0-56,1,159,32935345597179003,710,278,262,13,True,262
j0-56,1,160,47384768470334574,878,262,236,13,True,236
j0-56,1,161,43008282940653646,92,294,304,14,True,304
j0-56,1,162,3101687599823978,1,268,262,12,False,268
j0-56,1,163,44549233335489115,821,278,278,14,True,278
j0-56,1,164,51314205137143966,658,278,288,14,True,288
j0-56,1,165,17504820936400943,604,294,278,14,True,278
j0-56,1,166,25951960795396247,819,268,236,13,True,236
j0-56,1,167,29788496032634552,7,278,278,14,False,278
j0-56,1,168,38149675171542907,95,268,284,13,False,268
j0-56,1,169,42616981109758519,4,278,284,14,False,278
j0-56,1,170,11647623317183950,247,304,278,15,False,304
j0-56,1,171,43232454465911278,7,304,304,14,False,304
j0-56,1,172,10409075781658793,11,252,268,13,False,252
j0-56,1,173,31330633303761607,4,288,310,14,False,288
j0-56,1,174,35018337341747143,13,278,294,13,False,278
j0-56,1,175,10626565076480216,162,278,278,14,False,278
j0-56,1,176,12111967391199306,618,262,262,14,True,262
j0-56,1,177,20672924308915810,8,242,290,12,False,242
j0-56,1,178,12009391006782975,747,268,284,13,True,284
j0-56,1,179,50277284098499586,228,268,252,13,True,252
j0-56,1,180,37259160629052333,605,268,220,14,True,220
j0-56,1,181,24335983507389973,362,278,304,14,False,278
j0-56,1,182,12296942133423891,9,278,278,14,False,278
j0-56,1,183,14189640753187803,199,278,294,13,True,294
j0-56,1,184,2618565008143305,706,278,262,14,True,262
j0-56,1,185,30320920223407084,851,268,294,13,True,294
j0-56,1,186,37417014818270076,151,268,246,13,True,246
j0-56,1,187,27054439408192858,11,268,278,13,False,268
j0-56,1,188,29741368782509773,699,278,252,14,True,252
j0-56,1,189,4457579085765332,8,288,310,14,False,288
j0-56,1,190,11013091237764055,754,304,278,14,False,304
j0-56,1,191,45472199356855265,0,294,288,14,False,294
j0-56,1,192,45924176944220029,241,278,284,13,True,284
j0-56,1,193,4219701199279624,1023,262,262,14,False,262
j0-56,1,194,34368610293422717,2,278,278,13,False,278
j0-56,1,195,21757767706232843,310,268,268,13,True,268
j0-56,1,196,26681956182169455,703,278,314,14,True,314
j0-56,1,197,31096820226602525,706,294,278,13,True,278
j0-56,1,198,16581171222622710,7,268,294,12,False,268
j0-56,1,199,45756022204529046,819,268,336,13,True,336
j0-56,1,200,2682373112148231,106,242,242,12,False,242
j0-56,1,201,6237180134290355,854,278,262,14,True,262
j0-56,1,202,1593884206655478,361,278,304,14,True,304
j0-56,1,203,8987326620032639,1023,236,262,13,False,236
j0-56,1,204,16954306771265319,95,268,268,13,False,268
j0-56,1,205,48120191239566061,1023,278,294,14,False,278
j0-56,1,206,48786316252952104,1023,278,294,14,False,278
j0-56,1,207,21509723960947218,3,268,278,13,False,268
j0-56,1,208,46186265614281203,3,294,336,14,False,294
j0-56,1,209,48142440403667014,12,288,304,15,False,288
j0-56,1,210,36581568777449475,106,278,310,14,False,278
j0-56,1,211,35388801956469869,821,288,252,14,True,252
j0-56,1,212,41972432323177894,1023,278,278,14,False,278
j0-56,1,213,35572686443898595,112,288,288,14,False,288
j0-56,1,214,31504170013129810,1023,278,268,13,False,278
j0-56,1,215,20785127180656753,0,278,282,14,False,278
j0-56,1,216,46527809841560195,1023,252,262,13,False,252
j0-56,1,217,3866907162360242,104,278,284,14,False,278
j0-56,1,218,43582833027740458,1023,268,268,13,False,268
j0-56,1,219,8480872738081782,95,278,278,14,False,278
j0-56,1,220,47396691830998417,104,262,278,13,False,262
j0-56,1,221,31908071982769475,97,278,246,14,True,246
j0-56,1,222,50977236806327839,301,262,252,13,False,262
j0-56,1,223,44726740682885659,835,288,262,14,True,262
j0-56,1,224,21093130268348233,724,268,284,13,True,284
j0-56,1,225,17204255818923138,344,268,278,13,True,278
j0-56,1,226,21878187955224239,630,242,252,12,False,242
j0-56,1,227,15474804568179953,4,288,304,15,False,288
j0-56,1,228,20254234911973182,8,272,304,15,False,272
j0-56,1,229,777574914445061,105,278,278,14,False,278
j0-56,1,230,47983387437840520,356,288,278,14,True,278
j0-56,1,231,21206408341929875,1,252,300,13,False,252
j0-56,1,232,1674984874248601,105,278,278,14,False,278
j0-56,1,233,37257532122101116,755,262,252,14,True,252
j0-56,1,234,23092654271235130,4,268,278,13,False,268
j0-56,1,235,40218808525535591,16,278,294,14,False,278
j0-56,1,236,7216710937330593,1023,252,268,13,False,252
j0-56,1,237,19477383740672993,3,294,310,14,False,294
j0-56,1,238,15177403831481754,95,278,278,13,False,278
j0-56,1,239,20394332849880750,104,278,310,14,False,278
j0-56,1,240,14879483071795111,95,288,278,14,False,288
j0-56,1,241,13448923783414397,106,288,320,14,False,288
j0-56,1,242,25889949196857172,106,278,252,14,False,278
j0-56,1,243,19702341995257205,219,294,272,14,False,294
j0-56,1,244,10507463059324181,9,252,288,13,False,252
j0-56,1,245,51279950200008205,1023,252,316,12,False,252
j0-56,1,246,37673439435912274,851,278,278,14,True,278
j0-56,1,247,29578461874198878,119,278,262,14,True,262
j0-56,1,248,44844967629122089,720,268,252,12,True,252
j0-56,1,249,25602557588942037,748,268,278,13,True,278
j0-56,1,250,13861383563584846,240,288,336,15,False,288
j0-56,1,251,10920020284511957,324,278,252,13,True,252
j0-56,1,252,8660786295751427,3,278,262,14,False,278
j0-56,1,253,19450290745617764,8,268,278,13,False,268
j0-56,1,254,32099090782189492,738,278,304,14,True,304
j0-56,1,255,23651130722843038,12,294,262,14,False,294
j0-56,1,256,17429019347136313,1023,272,262,14,False,272
j0-56,1,257,10942504637578058,104,268,258,12,False,268
j0-56,1,258,28544757961912053,104,278,278,14,False,278
j0-56,1,259,27508428826661027,3,268,252,13,False,268
j0-56,1,260,36910534446057539,16,252,268,13,False,252
j0-56,1,261,21339037160330111,107,278,304,14,False,278
j0-56,1,262,40345895133135218,373,278,262,14,False,278
j0-56,1,263,7311152599655695,12,304,294,14,False,304
j0-56,1,264,24097752640126589,104,252,284,13,False,252
j0-56,1,265,52927526665212821,151,294,262,14,True,262
j0-56,1,266,6597973239842522,0,268,284,13,False,268
j0-56,1,267,21734898177055120,1023,262,310,14,False,262
j0-56,1,268,7225819012610001,716,268,284,13,True,284
j0-56,1,269,28923510414287089,104,242,258,12,False,242
j0-56,1,270,36652240982863443,860,242,278,13,True,278
j0-56,1,271,47276362959027893,854,278,278,14,True,278
j0-56,1,272,22479026847819828,295,288,262,14,True,262
j0-56,1,273,41626634007537002,1023,278,326,14,False,278
j0-56,1,274,21521702763857439,856,294,310,14,True,310
j0-56,1,275,29810370246151483,692,262,246,13,True,246
j0-56,1,276,23625900389180385,851,294,262,14,True,262
j0-56,1,277,49448239896352898,107,288,320,14,False,288
j0-56,1,278,33314624598181329,822,294,278,14,True,278
j0-56,1,279,10040822708850881,364,236,230,13,False,236
j0-56,1,280,50803864875972978,104,278,278,14,False,278
j0-56,1,281,14009524657833162,107,278,272,14,False,278
j0-56,1,282,16081954991547496,887,272,262,14,False,272
j0-56,1,283,19410828192427067,4,288,288,13,False,288
j0-56,1,284,17117685431594775,95,278,326,14,False,278
j0-56,1,285,5212007132272151,873,278,278,13,True,278
j0-56,1,286,17738417017583915,1023,262,304,13,False,262
j0-56,1,287,30994132501752199,1023,252,268,13,False,252
j0-56,1,288,5078790861470029,1023,220,220,12,False,220
j0-56,1,289,6061839797692709,297,278,278,13,True,278
j0-56,1,290,9693282512820874,224,294,268,13,False,294
j0-56,1,291,47527095834923602,187,252,252,13,True,252
j0-56,1,292,51043328622390257,663,268,226,13,True,226
j0-56,1,293,12629698884585320,16,278,310,14,False,278
j0-56,1,294,38443179097906304,7,278,310,14,False,278
j0-56,1,295,13218585198392020,883,268,278,13,True,278
j0-56,1,296,14123159236737786,840,294,304,14,True,304
j0-56,1,297,23633849904830810,316,304,262,14,True,262
j0-56,1,298,6751556829882817,824,262,272,14,True,272
j0-56,1,299,25070622079437788,873,268,288,13,True,288
j0-56,1,300,26704530377048086,16,294,310,14,False,294
j0-56,1,301,45368180788355158,106,268,284,13,False,268
j0-56,1,302,559131763613452,1,278,278,13,False,278
j0-56,1,303,43224993113041890,822,268,288,13,True,288
j0-56,1,304,29963476722958304,1023,278,262,14,False,278
j0-56,1,305,44126254673453434,732,268,252,13,True,252
j0-56,1,306,38819349087955818,12,278,310,14,False,278
j0-56,1,307,12584112403884234,95,278,268,13,False,278
j0-56,1,308,10999345162715829,318,278,278,13,True,278
j0-56,1,309,45900063431216734,742,304,278,14,True,278
j0-56,1,310,11208371462339559,0,252,252,13,False,252
j0-56,1,311,9581840368654044,11,294,294,14,False,294
j0-56,1,312,27541703082147624,1023,262,284,14,False,262
j0-56,1,313,36542598241178768,10,278,262,14,False,278
j0-56,1,314,1642838366313094,341,304,310,14,True,310
j0-56,1,315,53140713393896660,104,252,242,12,False,252
j0-56,1,316,32104090671425229,822,278,230,14,True,230
j0-56,1,317,31570020079938278,192,294,294,14,True,294
j0-56,1,318,10798567100532110,4,278,310,13,False,278
j0-56,1,319,5510723605401071,747,252,284,13,True,284
j0-56,1,320,41439388092598791,747,252,284,13,True,284
j0-56,1,321,16549799177993320,606,278,262,14,True,262
j0-56,1,322,34003765149112931,3,278,278,14,False,278
j0-56,1,323,14914871394135216,310,268,252,13,True,252
j0-56,1,324,5844367808141139,355,304,336,14,True,336
j0-56,1,325,725443332380610,828,294,262,14,True,262
j0-56,1,326,16022437311818752,869,262,262,13,True,262
j0-56,1,327,48227321290909689,856,278,256,14,True,256
j0-56,1,328,23849751041648489,12,304,262,14,False,304
j0-56,1,329,17638313088254783,95,252,284,14,False,252
j0-56,1,330,20735654659617038,205,278,284,14,True,284
j0-56,1,331,32727192753090881,104,272,294,14,False,272
j0-56,1,332,39699217199248127,0,278,284,13,False,278
j0-56,1,333,273416461610514,176,278,262,13,True,262
j0-56,1,334,21724646469013471,630,252,336,14,False,252
j0-56,1,335,2204517341664169,706,262,278,14,True,278
j0-56,1,336,569149713296509,1,288,310,14,False,288
j0-56,1,337,25267953460819004,1023,272,278,14,False,272
j0-56,1,338,13984563079296687,212,272,278,14,True,278
j0-56,1,339,26301828526691123,358,294,304,14,True,304
j0-56,1,340,4861635360182161,1023,278,294,14,False,278
j0-56,1,341,28359556553971103,372,252,268,12,False,252
j0-56,1,342,35913879809711128,875,278,310,14,True,310
j0-56,1,343,25661766453365451,104,252,258,12,False,252
j0-56,1,344,48353712597671965,754,278,284,13,False,278
j0-56,1,345,35641852602706194,310,268,220,13,True,220
j0-56,1,346,21072342003518705,104,252,262,13,False,252
j0-56,1,347,2690106298319645,354,294,294,14,True,294
j0-56,1,348,25838781066241204,95,304,304,14,False,304
j0-56,1,349,7414701444833203,3,278,310,14,False,278
j0-56,1,350,30563183420557777,118,278,278,14,True,278
j0-56,1,351,8429968917042714,811,262,262,13,True,262
j0-56,1,352,16464452314271011,106,268,288,13,False,268
j0-56,1,353,14926015125452361,293,304,272,14,True,272
j0-56,1,354,39752437823570453,295,278,310,14,True,310
j0-56,1,355,18814495130113616,790,278,272,14,True,272
j0-56,1,356,32904665665881924,1023,278,294,14,False,278
j0-56,1,357,39341448212160293,96,294,252,13,True,252
j0-56,1,358,32987915460118843,212,278,278,14,True,278
j0-56,1,359,37162425267697924,227,278,288,13,True,288
j0-56,1,360,53189946673067279,283,278,294,14,True,294
j0-56,1,361,11083469146302685,810,242,252,12,True,252
j0-56,1,362,52091849985728867,106,252,268,13,False,252
j0-56,1,363,1908795110045001,7,278,304,14,False,278
j0-56,1,364,3370050410192684,95,268,268,13,False,268
j0-56,1,365,18156819519212209,95,278,278,14,False,278
j0-56,1,366,35254427293135004,12,262,288,14,False,262
j0-56,1,367,32995304208382538,9,278,310,14,False,278
j0-56,1,368,46511740082737454,10,278,310,14,False,278
j0-56,1,369,35566899491295468,728,278,278,14,True,278
j0-56,1,370,51407393481828529,1,278,262,13,False,278
j0-56,1,371,12753487682450317,105,252,252,13,False,252
j0-56,1,372,47112789170080352,208,294,252,13,True,252
j0-56,1,373,24247930051837711,95,278,278,14,False,278
j0-56,1,374,7623306879675773,3,294,304,14,False,294
j0-56,1,375,15528050524377191,219,278,246,13,False,278
j0-56,1,376,34285227250767527,820,252,252,12,True,252
j0-56,1,377,6149854240993616,95,262,288,14,False,262
j0-56,1,378,14784642839840208,113,278,278,14,False,278
j0-56,1,379,47400458210767762,720,294,278,14,True,278
j0-56,1,380,41237682051800373,854,294,284,13,True,284
j0-56,1,381,44223157996738894,104,278,294,14,False,278
j0-56,1,382,15175932135706836,718,278,278,14,True,278
j0-56,1,383,29379360061293735,4,278,272,14,False,278
j0-56,1,384,803764784038134,7,252,300,13,False,252
j0-56,1,385,11235004520102081,181,268,252,13,True,252
j0-56,1,386,13955330337537842,104,268,268,13,False,268
j0-56,1,387,5099457359753842,885,252,246,14,False,252
j0-56,1,388,1472976720949496,11,268,258,13,False,268
j0-56,1,389,25524689682294344,105,288,310,14,False,288
j0-56,1,390,30677117924341818,743,288,272,14,True,272
j0-56,1,391,41417647286580301,741,278,262,13,True,262
j0-56,1,392,19456787559024482,0,278,342,14,False,278
j0-56,1,393,8783488676792554,627,304,278,14,True,278
j0-56,1,394,12508738442456075,827,294,284,13,True,284
j0-56,1,395,8456447044768789,849,294,278,14,True,278
j0-56,1,396,52317181275740234,376,278,278,14,True,278
j0-56,1,397,40600156525669581,876,278,284,13,False,278
j0-56,1,398,13597086372298153,837,268,284,13,True,284
j0-56,1,399,3689209790768487,1023,262,262,14,False,262
j0-56,1,400,53037442627851268,1023,268,268,13,False,268
j0-56,1,401,21883817578026534,2,268,252,13,False,268
j0-56,1,402,40908773595057948,8,278,310,13,False,278
j0-56,1,403,41842541775380966,0,268,310,13,False,268
j0-56,1,404,52824513226612178,1023,262,262,14,False,262
j0-56,1,405,38975191516286763,1,278,278,14,False,278
j0-56,1,406,46542969678820257,368,278,278,14,False,278
j0-56,1,407,7788880777032366,798,236,268,13,True,268
j0-56,1,408,30901541555258173,687,278,272,14,True,272
j0-56,1,409,65553483741932,230,278,278,14,True,278
j0-56,1,410,4185045768296700,878,278,310,14,True,310
j0-56,1,411,44374344015659363,362,236,220,14,False,236
j0-56,1,412,3859750786635261,8,278,278,14,False,278
j0-56,1,413,41015168145351927,818,294,262,14,True,262
j0-56,1,414,36991067076125335,1023,242,242,12,False,242
j0-56,1,415,44722427797529049,105,262,310,14,False,262
j0-56,1,416,22118338010826696,16,268,284,13,False,268
j0-56,1,417,8828921585202524,2,268,310,13,False,268
j0-56,1,418,30558412666064092,760,252,252,13,False,252
j0-56,1,419,15975854157874297,1023,246,220,12,False,246
j0-56,1,420,17229282699915469,800,278,278,14,True,278
j0-56,1,421,51388044059135602,181,268,252,13,True,252
j0-56,1,422,37633412569383917,115,252,252,13,False,252
j0-56,1,423,45416801560602015,718,294,272,14,True,272
j0-56,1,424,25402546012162844,104,294,304,14,False,294
j0-56,1,425,22945700673259998,105,252,268,13,False,252
j0-56,1,426,17521552096122799,616,262,284,14,True,284
j0-56,1,427,10756592699638014,230,278,272,14,True,272
j0-56,1,428,35383141798546658,8,278,294,14,False,278
j0-56,1,429,49962121734726290,0,294,336,14,False,294
j0-56,1,430,7017331150117042,736,242,258,11,True,258
j0-56,1,431,41263849977244063,1023,262,278,13,False,262
j0-56,1,432,36712577356841639,243,278,272,14,True,272
j0-56,1,433,20730878535301339,343,278,278,13,True,278
j0-56,1,434,19960701200108517,1023,252,268,13,False,252
j0-56,1,435,12796223248172185,9,294,278,13,False,294
j0-56,1,436,19809603772716705,2,268,268,13,False,268
j0-56,1,437,8007418145254963,9,278,294,14,False,278
j0-56,1,438,5561139666233225,94,278,252,13,True,252
j0-56,1,439,20764248869777525,104,304,304,15,False,304
j0-56,1,440,36302314234995110,795,288,272,14,True,272
j0-56,1,441,53316303756740965,306,278,278,14,True,278
j0-56,1,442,43404579629966299,3,294,284,14,False,294
j0-56,1,443,9818293955098961,7,278,310,14,False,278
j0-56,1,444,46739635522483825,353,294,304,15,True,304
j0-56,1,445,11206878777583148,316,252,268,13,True,268
j0-56,1,446,37484464135504520,0,278,310,13,False,278
j0-56,1,447,38074249990474059,632,272,288,14,True,288
j0-56,1,448,41445474569092214,210,288,278,14,True,278
j0-56,1,449,17615421328203080,3,294,310,14,False,294
j0-56,1,450,427847073110765,229,268,236,13,True,236
j0-56,1,451,36990196524058189,376,288,288,14,True,288
j0-56,1,452,44300655758208969,364,262,268,13,False,262
j0-56,1,453,49768719176501560,340,268,284,14,True,284
j0-56,1,454,44791482775911365,621,268,278,13,False,268
j0-56,1,455,7028463392770268,624,262,282,14,False,262
j0-56,1,456,26788349746205682,11,288,310,14,False,288
j0-56,1,457,53516266962932188,229,278,246,14,True,246
j0-56,1,458,35895720841130468,3,294,278,14,False,294
j0-56,1,459,12191917784676955,618,236,236,13,True,236
j0-56,1,460,39285437090660904,805,278,278,14,True,278
j0-56,1,461,43197961083259194,2,278,304,14,False,278
j0-56,1,462,48457488811483696,145,268,252,13,True,252
j0-56,1,463,42138051405125230,1023,268,236,12,False,268
j0-56,1,464,40690009160051067,1,268,278,13,False,268
j0-56,1,465,52501010158814047,207,278,288,14,True,288
j0-56,1,466,29593440268477487,1023,262,278,14,False,262
j0-56,1,467,15549358278919593,106,288,320,14,False,288
j0-56,1,468,27859160566210312,230,294,262,14,True,262
j0-56,1,469,16173688929540858,615,294,246,13,True,246
j0-56,1,470,20997661375747008,674,268,252,13,True,252
j0-56,1,471,38634013747010411,840,294,268,12,True,268
j0-56,1,472,26896964731199500,741,304,278,14,True,278
j0-56,1,473,28242479350020012,11,268,284,13,False,268
j0-56,1,474,39385244129889965,728,294,252,13,True,252
j0-56,1,475,12664711344096611,810,278,268,14,True,268
j0-56,1,476,44927394305492471,95,278,284,13,False,278
j0-56,1,477,21244796433356141,105,278,304,14,False,278
j0-56,1,478,12903304704664209,760,252,246,13,False,252
j0-56,1,479,36739476530094671,201,268,258,12,True,258
j0-56,1,480,4205746690181680,181,294,268,13,True,268
j0-56,1,481,34988460373503589,111,262,262,14,False,262
j0-56,1,482,50883689656298585,704,268,252,12,True,252
j0-56,1,483,20919467323727144,169,278,278,14,True,278
j0-56,1,484,25236921728901883,7,278,272,14,False,278
j0-56,1,485,25502283613395383,0,278,288,14,False,278
j0-56,1,486,11412111814853524,105,268,252,13,False,268
j0-56,1,487,18624639721363914,820,278,278,14,True,278
j0-56,1,488,41256655118975268,221,278,236,14,True,236
j0-56,1,489,18571547419181603,2,278,278,14,False,278
j0-56,1,490,18047996990125097,298,252,246,13,True,246
j0-56,1,491,29692527981984417,733,278,298,14,True,298
j0-56,1,492,2170152462868852,631,278,310,14,True,310
j0-56,1,493,2177954423324526,1023,278,300,13,False,278
j0-56,1,494,23425171517269723,104,268,236,13,False,268
j0-56,1,495,25649995194126820,2,294,284,13,False,294
j0-56,1,496,19434783455372703,1023,278,262,14,False,278
j0-56,1,497,51471834853813562,104,304,278,14,False,304
j0-56,1,498,49567675480229501,217,294,252,14,True,252
j0-56,1,499,20291691363028525,2,278,304,14,False,278
j0-56,1,500,34310620977752354,799,278,262,13,True,262
j0-56,1,501,6415999466144080,4,268,278,13,False,268
j0-56,1,502,9273974337404147,95,268,310,12,False,268
j0-56,1,503,45463068780331755,104,278,278,14,False,278
j0-56,1,504,20958251257406253,2,278,278,14,False,278
j0-56,1,505,43510745673241297,1023,268,252,13,False,268
j0-56,1,506,8183501396739885,753,268,252,13,True,252
j0-56,1,507,37295611129886190,293,246,246,13,True,246
j0-56,1,508,39096803360738694,1023,268,262,13,False,268
j0-56,1,509,13948169539708706,1023,278,262,14,False,278
j0-56,1,510,23809448918063096,8,294,284,14,False,294
j0-56,1,511,47743462251851894,106,278,310,14,False,278
j0-56,1,512,24852854989217752,8,268,252,13,False,268
j0-56,1,513,32771812518101388,8,294,252,13,False,294
j0-56,1,514,15180078675954109,8,304,278,14,False,304
j0-56,1,515,39106498119494292,2,268,252,13,False,268
j0-56,1,516,15790335674696892,757,304,294,14,True,294
j0-56,1,517,21171393150868409,105,278,304,14,False,278
j0-56,1,518,35894060383196364,7,268,278,12,False,268
j0-56,1,519,36491998395574653,8,294,268,13,False,294
j0-56,1,520,31012518239235774,95,278,278,14,False,278
j0-56,1,521,33603487394466210,2,268,278,13,False,268
j0-56,1,522,16721686973569923,1,278,258,12,False,278
j0-56,1,523,25958891002152210,859,252,236,13,False,252
j0-56,1,524,35746714983306404,0,268,258,12,False,268
j0-56,1,525,22722222836996146,104,268,252,13,False,268
j0-56,1,526,40063392530960481,8,278,272,14,False,278
j0-56,1,527,5064737907842517,311,278,278,14,True,278
j0-56,1,528,30395257443598471,828,288,252,13,True,252
j0-56,1,529,34048801334954788,611,288,288,14,True,288
j0-56,1,530,40335951083911711,859,278,278,14,False,278
j0-56,1,531,11360340586908536,4,278,310,14,False,278
j0-56,1,532,23931228938546665,315,278,278,14,True,278
j0-56,1,533,14163441305831206,4,288,310,14,False,288
j0-56,1,534,29185769125295954,1,262,294,14,False,262
j0-56,1,535,15431505009021811,1023,278,300,13,False,278
j0-56,1,536,29932435224603569,294,278,278,14,True,278
j0-56,1,537,1703587466221357,104,268,284,13,False,268
j0-56,1,538,9555570947133598,328,278,310,13,True,310
j0-56,1,539,33037073020421918,1023,226,210,12,False,226
j0-56,1,540,34480119268555666,1023,268,300,13,False,268
j0-56,1,541,30442649776317617,104,294,336,14,False,294
j0-56,1,542,12627809378379542,95,278,284,13,False,278
j0-56,1,543,23433413526783462,800,278,278,12,True,278
j0-56,1,544,21112930401580711,2,278,320,14,False,278
j0-56,1,545,3945674194979374,2,268,284,13,False,268
j0-56,1,546,47441591442209907,1023,288,288,14,False,288
j0-56,1,547,32607299393421262,16,294,284,13,False,294
j0-56,1,548,43098726695652036,1023,262,294,14,False,262
j0-56,1,549,47572850329385165,373,262,272,14,False,262
j0-56,1,550,7451158917704809,2,268,258,13,False,268
j0-56,1,551,46130569086069234,720,268,272,13,True,272
j0-56,1,552,32016053644836016,349,278,262,14,True,262
j0-56,1,553,47056945914112358,3,278,294,14,False,278
j0-56,1,554,39781470638656929,848,268,278,13,True,278
j0-56,1,555,12214202382973458,145,268,252,13,True,252
j0-56,1,556,45557147280081959,1,304,310,14,False,304
j0-56,1,557,47990894935032880,870,294,278,14,True,278
j0-56,1,558,48472240757710596,699,268,252,12,True,252
j0-56,1,559,25608502849267621,8,268,310,13,False,268
j0-56,1,560,16196820100789997,354,262,236,13,True,236
j0-56,1,561,16505008220986893,106,268,284,12,False,268
j0-56,1,562,42740983298785167,612,294,278,14,True,278
j0-56,1,563,449835259719048,888,252,252,13,False,252
j0-56,1,564,4368378252020422,104,268,278,13,False,268
j0-56,1,565,13457796693919778,0,278,294,14,False,278
j0-56,1,566,53185818096150715,106,262,262,14,False,262
j0-56,1,567,51095881936126121,1023,252,262,13,False,252
j0-56,1,568,1663361351949402,97,294,278,14,True,278
j0-56,1,569,9243254346653100,16,262,246,14,False,262
j0-56,1,570,33034832731453301,1023,278,294,14,False,278
j0-56,1,571,951205834037793,845,288,310,14,True,310
j0-56,1,572,4875448161692456,8,278,310,14,False,278
j0-56,1,573,4498662781916953,226,268,252,13,True,252
j0-56,1,574,35753205497566826,95,232,248,11,False,232
j0-56,1,575,48700631468971725,352,252,252,13,True,252
j0-56,1,576,16725684823056010,1023,262,310,14,False,262
j0-56,1,577,28134207317556574,8,268,326,13,False,268
j0-56,1,578,12361442805820833,0,262,310,13,False,262
j0-56,1,579,9237427995825089,614,278,262,13,True,262
j0-56,1,580,14041970332496775,11,268,252,12,False,268
j0-56,1,581,8051577255670509,819,278,252,13,True,252
j0-56,1,582,36932234858490533,1023,278,262,13,False,278
j0-56,1,583,32158539271977111,366,278,304,14,False,278
j0-56,1,584,25632823213885039,12,262,262,14,False,262
j0-56,1,585,23502417069265458,364,288,262,14,False,288
j0-56,1,586,40574839842468539,8,252,262,14,False,252
j0-56,1,587,21343413625523034,245,268,272,13,False,268
j0-56,1,588,15088954090955010,95,268,284,13,False,268
j0-56,1,589,10844080465845584,145,268,252,13,True,252
j0-56,1,590,32670715159074361,359,294,278,14,True,278
j0-56,1,591,36425343266750319,16,278,294,13,False,278
j0-56,1,592,43826106328566949,9,252,304,13,False,252
j0-56,1,593,34807757761390489,104,278,326,14,False,278
j0-56,1,594,36162693291769717,1023,262,294,14,False,262
j0-56,1,595,19454979743210725,609,252,210,12,True,210
j0-56,1,596,17780978265898953,104,278,304,14,False,278
j0-56,1,597,34353670828482786,109,278,278,14,False,278
j0-56,1,598,52235756026751614,1,294,284,13,False,294
j0-56,1,599,51854004485594156,1023,278,326,14,False,278
j0-56,1,600,42576069533669437,241,242,252,12,True,252
j0-56,1,601,5693459762501929,347,294,262,14,False,294
j0-56,1,602,8401406747412347,656,294,246,14,True,246
j0-56,1,603,31594795107064180,1,278,288,14,False,278
j0-56,1,604,45945824290923545,104,268,262,13,False,268
j0-56,1,605,5023971385597160,359,268,252,13,True,252
j0-56,1,606,41155706382879148,13,278,262,14,False,278
j0-56,1,607,11341515731215798,104,294,278,14,False,294
j0-56,1,608,39400634772886855,288,262,246,14,True,246
j0-56,1,609,51317558599681178,1023,252,262,13,False,252
j0-56,1,610,27749226249673932,95,278,310,14,False,278
j0-56,1,611,37244394616001851,329,278,294,14,True,294
j0-56,1,612,30072302695022068,692,252,268,13,True,268
j0-56,1,613,10866940083280768,278,268,278,13,False,268
j0-56,1,614,34129287293207802,106,278,268,13,False,278
j0-56,1,615,48556091190605327,207,268,268,13,True,268
j0-56,1,616,50479175334153114,95,268,252,13,False,268
j0-56,1,617,23648733568937682,109,262,320,14,False,262
j0-56,1,618,37097858828343994,1,252,294,14,False,252
j0-56,1,619,34611543923788683,1023,252,252,13,False,252
j0-56,1,620,4654773915099243,687,278,236,13,True,236
j0-56,1,621,17343074934054617,9,268,268,13,False,268
j0-56,1,622,26750339730717127,120,252,278,13,False,252
j0-56,1,623,16597905945872224,105,294,316,13,False,294
j0-56,1,624,21296888231868123,104,268,278,13,False,268
j0-56,1,625,46711419685235449,7,268,278,13,False,268
j0-56,1,626,23713965886412973,13,278,310,14,False,278
j0-56,1,627,41530814108606405,7,252,268,12,False,252
j0-56,1,628,9242659698183006,368,278,268,13,False,278
j0-56,1,629,22886007077967212,169,252,272,14,True,272
j0-56,1,630,50317564379064554,105,262,278,13,False,262
j0-56,1,631,32613489173817313,1023,262,262,14,False,262
j0-56,1,632,1490150743487455,95,258,258,12,False,258
j0-56,1,633,20911150342522036,95,268,284,13,False,268
j0-56,1,634,35690051365196846,95,226,258,12,False,226
j0-56,1,635,40711117843702672,95,278,294,14,False,278
j0-56,1,636,37868964415523328,881,252,246,14,False,252
j0-56,1,637,22864388567481156,1023,278,288,14,False,278
j0-56,1,638,17161824971810115,104,278,310,14,False,278
j0-56,1,639,14482256329871237,712,278,252,14,True,252
j0-56,1,640,49088414575178984,880,272,288,14,False,272
j0-56,1,641,26005963030775386,8,242,258,12,False,242
j0-56,1,642,2037416723337147,7,278,278,14,False,278
j0-56,1,643,21123729478665422,0,304,278,14,False,304
j0-56,1,644,32040455505136140,95,262,268,14,False,262
j0-56,1,645,39688915773232624,3,294,284,13,False,294
j0-56,1,646,6175982349557210,105,262,272,14,False,262
j0-56,1,647,48546493629216859,8,252,304,14,False,252
j0-56,1,648,27654001607442975,95,262,272,14,False,262
j0-56,1,649,8851033787541936,235,252,252,13,True,252
j0-56,1,650,16812567016139063,878,262,278,14,True,278
j0-56,1,651,8757803462522633,734,268,246,13,True,246
j0-56,1,652,14182470044791292,1023,278,262,14,False,278
j0-56,1,653,15567754561326757,95,268,252,13,False,268
j0-56,1,654,16961521412516070,748,278,288,14,True,288
j0-56,1,655,17463884828867129,1023,288,320,14,False,288
j0-56,1,656,9427794807389194,711,278,294,14,True,294
j0-56,1,657,29983625963855699,9,268,268,12,False,268
j0-56,1,658,22580353915546496,12,294,278,14,False,294
j0-56,1,659,22034905276763412,717,268,246,13,True,246
j0-56,1,660,32146537107228004,817,268,252,12,True,252
j0-56,1,661,12032932970470516,106,242,252,12,False,242
j0-56,1,662,25788732900027630,0,304,310,14,False,304
j0-56,1,663,49311222731987717,376,278,262,14,True,262
j0-56,1,664,45056315166305831,741,268,252,13,True,252
j0-56,1,665,13245356488965991,827,268,236,13,True,236
j0-56,1,666,43471105623117486,106,252,284,13,False,252
j0-56,1,667,44708790701538882,728,288,272,14,True,272
j0-56,1,668,52396225886782312,716,278,262,14,True,262
j0-56,1,669,45853084488908277,0,294,268,14,False,294
j0-56,1,670,30367564432509190,101,278,310,14,True,310
j0-56,1,671,12357168838917672,108,268,284,13,False,268
j0-56,1,672,20503693410914349,7,278,278,14,False,278
j0-56,1,673,28957873718191236,1023,278,320,14,False,278
j0-56,1,674,6726575467363969,293,288,256,14,True,256
j0-56,1,675,26959418020212640,244,256,256,13,False,256
j0-56,1,676,7845606745179569,0,278,262,14,False,278
j0-56,1,677,43681114372905970,278,278,262,14,False,278
j0-56,1,678,26320711000048178,95,288,304,14,False,288
j0-56,1,679,29823467713918915,226,252,236,13,True,236
j0-56,1,680,2281898934214096,609,294,262,14,True,262
j0-56,1,681,21468917865199510,91,268,284,12,True,284
j0-56,1,682,47548255922714203,729,278,278,13,True,278
j0-56,1,683,6152699357826380,2,278,262,14,False,278
j0-56,1,684,16509607172722279,309,294,258,12,False,294
j0-56,1,685,15073043633755185,175,268,268,12,False,268
j0-56,1,686,9693888750337714,1023,252,236,13,False,252
j0-56,1,687,34610183757140464,106,272,288,13,False,272
j0-56,1,688,21861900984427833,719,278,310,14,True,310
j0-56,1,689,5823510472472460,325,268,252,12,True,252
j0-56,1,690,41474601682357953,4,278,278,13,False,278
j0-56,1,691,1531549082162071,95,252,252,12,False,252
j0-56,1,692,32084358815802783,1,268,252,14,False,268
j0-56,1,693,12309526169570140,10,268,278,13,False,268
j0-56,1,694,48903899167192974,339,278,278,14,True,278
j0-56,1,695,29050309829331220,857,294,278,14,False,294
j0-56,1,696,48125755510003880,737,278,278,14,True,278
j0-56,1,697,22108890533781801,1,304,362,15,False,304
j0-56,1,698,33288249480977162,95,278,262,14,False,278
j0-56,1,699,11674554249880702,104,252,252,13,False,252
j0-56,1,700,39094826995510991,4,268,284,13,False,268
j0-56,1,701,50829081740681468,10,304,278,15,False,304
j0-56,1,702,41768533381223046,0,242,226,13,False,242
j0-56,1,703,50739164030330858,733,294,310,14,True,310
j0-56,1,704,50566268923118855,352,284,284,12,True,284
j0-56,1,705,47152849982743653,95,304,342,14,False,304
j0-56,1,706,48371585663313503,110,226,226,12,False,226
j0-56,1,707,52444266742484036,1023,252,268,13,False,252
j0-56,1,708,4240928584911582,12,268,278,13,False,268
j0-56,1,709,12193166878373716,206,278,272,14,True,272
j0-56,1,710,26720798981414248,622,278,304,14,False,278
j0-56,1,711,2798222597985575,7,294,278,14,False,294
j0-56,1,712,11595826985010969,604,252,246,13,True,246
j0-56,1,713,2948193899361084,95,268,284,13,False,268
j0-56,1,714,20876651003140881,884,288,252,12,False,288
j0-56,1,715,23647742443692226,2,278,262,14,False,278
j0-56,1,716,46419334306027332,1023,288,288,14,False,288
j0-56,1,717,40611672517919071,1023,278,278,13,False,278
j0-56,1,718,28993005389573686,1023,262,288,14,False,262
j0-56,1,719,23446323853284056,16,294,278,14,False,294
j0-56,1,720,50794079086920830,205,268,252,12,True,252
j0-56,1,721,16228328349651593,307,262,262,14,True,262
j0-56,1,722,12800454167714402,1023,278,262,14,False,278
j0-56,1,723,35730413071479799,104,268,284,13,False,268
j0-56,1,724,43325388430161580,13,294,304,14,False,294
j0-56,1,725,3932383206882804,7,288,294,14,False,288
j0-56,1,726,40723480656276868,2,262,262,14,False,262
j0-56,1,727,17745401215626944,1,278,278,13,False,278
j0-56,1,728,6070359865538184,868,278,278,13,True,278
j0-56,1,729,22750710590894533,301,252,278,13,False,252
j0-56,1,730,18086940135449295,703,268,284,13,True,284
j0-56,1,731,49799647529531087,101,262,262,14,True,262
j0-56,1,732,11190186439910433,836,278,284,14,True,284
j0-56,1,733,34846286885950596,311,278,272,14,True,272
j0-56,1,734,40052293831703173,1023,304,298,15,False,304
j0-56,1,735,40382938301332209,13,242,252,11,False,242
j0-56,1,736,19005957927317580,9,278,288,14,False,278
j0-56,1,737,49587145720449862,106,268,268,13,False,268
j0-56,1,738,39643058573288315,877,278,272,14,True,272
j0-56,1,739,20884836619354197,2,294,284,13,False,294
j0-56,1,740,31914485098871737,877,226,226,12,True,226
j0-56,1,741,9883263637719554,0,304,304,14,False,304
j0-56,1,742,7837258242355951,7,268,278,13,False,268
j0-56,1,743,25262464990410179,2,278,278,14,False,278
j0-56,1,744,34202539609609459,8,262,294,14,False,262
j0-56,1,745,50935678437903140,869,294,278,14,True,278
j0-56,1,746,29163934941130381,9,268,284,14,False,268
j0-56,1,747,6518917698442871,367,252,268,13,False,252
j0-56,1,748,5551039107819868,1,304,294,14,False,304
j0-56,1,749,24739571593250157,210,268,278,13,True,278
j0-56,1,750,4968244715798435,200,288,262,14,True,262
j0-56,1,751,24600146831760622,16,268,316,13,False,268
j0-56,1,752,45696734555798504,736,294,252,14,True,252
j0-56,1,753,12113559088751256,1,294,262,13,False,294
j0-56,1,754,17796477927569674,1023,278,294,14,False,278
j0-56,1,755,43579735299954298,104,262,262,14,False,262
j0-56,1,756,19415198834401546,106,278,284,14,False,278
j0-56,1,757,21793810491523758,1023,278,304,14,False,278
j0-56,1,758,19283657212092835,341,278,262,13,True,262
j0-56,1,759,31377829640222215,834,268,284,13,True,284
j0-56,1,760,44429910037952897,343,268,272,13,True,272
j0-56,1,761,40812034618959589,375,278,262,13,False,278
j0-56,1,762,18118324913932133,710,288,272,14,True,272
j0-56,1,763,34971035001880220,860,268,310,12,True,310
j0-56,1,764,35894641710079452,11,304,310,14,False,304
j0-56,1,765,11856397307506861,9,294,284,13,False,294
j0-56,1,766,49371109755415333,104,268,252,13,False,268
j0-56,1,767,29287926298069549,3,294,284,14,False,294
j0-56,1,768,42782924255940106,342,278,236,13,True,236
j0-56,1,769,44132993149354818,622,288,262,15,False,288
j0-56,1,770,44927409076306374,11,252,278,13,False,252
j0-56,1,771,14705351313958460,617,262,278,14,False,262
j0-56,1,772,17122706268611819,681,294,284,13,True,284
j0-56,1,773,857116922970352,95,288,320,13,False,288
j0-56,1,774,1364356262890642,1023,278,262,13,False,278
j0-56,1,775,41850255804215137,227,268,236,13,True,236
j0-56,1,776,6115234941439975,108,278,278,14,False,278
j0-56,1,777,13828051208297296,11,268,278,13,False,268
j0-56,1,778,37412115449006476,807,304,288,14,True,288
j0-56,1,779,14321708816163861,375,262,262,14,False,262
j0-56,1,780,48255343363407240,855,294,288,14,True,288
j0-56,1,781,6163316779554700,1023,278,284,13,False,278
j0-56,1,782,36610983395066991,95,278,252,14,False,278
j0-56,1,783,34907135969235406,222,278,310,14,False,278
j0-56,1,784,20304558786800862,737,278,262,14,True,262
j0-56,1,785,4363806879711757,866,294,278,14,True,278
j0-56,1,786,50421468023804448,8,268,278,13,False,268
j0-56,1,787,9535361340156208,1023,252,326,14,False,252
j0-56,1,788,2438402912542773,732,294,246,13,True,246
j0-56,1,789,14100704415391268,0,298,304,15,False,298
j0-56,1,790,48376632545179565,698,262,272,14,True,272
j0-56,1,791,4352752720790028,7,262,304,14,False,262
j0-56,1,792,17675050896710274,212,242,258,13,True,258
j0-56,1,793,9252776560127400,349,288,288,14,True,288
j0-56,1,794,11748246469000236,712,268,252,13,True,252
j0-56,1,795,12797642563908403,102,294,288,14,True,288
j0-56,1,796,26478510825625858,9,278,294,14,False,278
j0-56,1,797,14540565637919257,8,278,278,14,False,278
j0-56,1,798,3137966538132121,169,278,278,14,True,278
j0-56,1,799,4736936191163286,116,278,268,14,True,268
j0-56,1,800,33378324604681434,104,268,300,13,False,268
j0-56,1,801,43800004534052803,1023,252,252,13,False,252
j0-56,1,802,52396375682027112,185,288,272,14,True,272
j0-56,1,803,32430562721149695,104,262,294,14,False,262
j0-56,1,804,38779814851696764,859,252,236,11,False,252
j0-56,1,805,10782331612555391,1,294,304,14,False,294
j0-56,1,806,37577245650077467,104,278,304,14,False,278
j0-56,1,807,775181696387109,752,272,252,14,False,272
j0-56,1,808,23535323856437016,1023,268,294,13,False,268
j0-56,1,809,8799365355924438,95,278,310,14,False,278
j0-56,1,810,3033584579685368,105,288,278,14,False,288
j0-56,1,811,27159804339948663,629,304,288,14,False,304
j0-56,1,812,7267553017948710,16,268,284,13,False,268
j0-56,1,813,5194144158234872,211,268,272,13,True,272
j0-56,1,814,26165192136012267,95,278,262,13,False,278
j0-56,1,815,47551278107924828,0,278,278,14,False,278
j0-56,1,816,31261124018894771,361,278,268,13,True,268
j0-56,1,817,26639345802134856,729,294,310,14,True,310
j0-56,1,818,39766376139132986,95,252,262,13,False,252
j0-56,1,819,26535546749187568,117,268,278,13,False,268
j0-56,1,820,50504240114806290,104,262,278,14,False,262
j0-56,1,821,16066142991688902,805,242,226,13,True,226
j0-56,1,822,38706189080486251,357,268,268,13,True,268
j0-56,1,823,13943052684399648,4,278,278,14,False,278
j0-56,1,824,7060473094516992,867,262,246,13,False,262
j0-56,1,825,41556761578408532,104,252,252,12,False,252
j0-56,1,826,30422429956104240,4,304,278,14,False,304
j0-56,1,827,14253565947858898,876,278,262,14,False,278
j0-56,1,828,1411964977237712,0,278,262,14,False,278
j0-56,1,829,21512840595110224,872,268,252,13,False,268
j0-56,1,830,17516519949253487,95,262,278,14,False,262
j0-56,1,831,12334828297569271,11,294,278,13,False,294
j0-56,1,832,36764484085527896,1,294,284,13,False,294
j0-56,1,833,21332275355321364,1023,262,230,14,False,262
j0-56,1,834,9600034178846964,0,294,300,13,False,294
j0-56,1,835,51945241049363952,1023,278,288,14,False,278
j0-56,1,836,9817294794167900,338,258,284,12,True,284
j0-56,1,837,52057159228984739,867,268,236,12,False,268
j0-56,1,838,11111216512417938,361,252,288,13,True,288
j0-56,1,839,41820717100262700,2,294,278,14,False,294
j0-56,1,840,13839453622951469,8,294,278,14,False,294
j0-56,1,841,22611621386902425,1023,278,300,13,False,278
j0-56,1,842,29777905443631178,321,278,252,13,False,278
j0-56,1,843,27898071332752557,311,278,272,14,True,272
j0-56,1,844,20994602420156436,1023,272,288,14,False,272
j0-56,1,845,38711697593768994,187,268,236,13,True,236
j0-56,1,846,5619160031370041,13,278,310,14,False,278
j0-56,1,847,46887906342548248,12,262,304,14,False,262
j0-56,1,848,29727565674412029,1023,236,236,14,False,236
j0-56,1,849,4730380456627563,742,294,278,14,True,278
j0-56,1,850,4622308747467489,191,278,256,14,True,256
j0-56,1,851,44498787318568431,1,294,310,14,False,294
j0-56,1,852,7585276325467634,104,288,278,14,False,288
j0-56,1,853,11297223666787603,7,268,278,13,False,268
j0-56,1,854,5182215226521266,873,242,226,12,True,226
j0-56,1,855,17938290483123649,846,304,272,14,True,272
j0-56,1,856,20855078363658011,224,294,278,14,False,294
j0-56,1,857,51930748340042945,1023,252,236,14,False,252
j0-56,1,858,44847361037533936,105,262,262,13,False,262
j0-56,1,859,49893557534779121,687,278,272,14,True,272
j0-56,1,860,48272038357200703,348,252,272,14,True,272
j0-56,1,861,6563219057758584,4,278,304,14,False,278
j0-56,1,862,9619472984353377,760,252,252,13,False,252
j0-56,1,863,50401119210198277,1023,252,262,13,False,252
j0-56,1,864,46321909870727910,104,252,262,13,False,252
j0-56,1,865,24113081269592254,8,278,310,14,False,278
j0-56,1,866,6928967286886735,3,252,284,13,False,252
j0-56,1,867,865599048900284,104,252,252,14,False,252
j0-56,1,868,52468161383846393,95,288,304,15,False,288
j0-56,1,869,36737921549639947,95,252,290,12,False,252
j0-56,1,870,36977384980886869,10,278,278,13,False,278
j0-56,1,871,17551041301929983,105,288,320,14,False,288
j0-56,1,872,3859441310367367,657,288,304,14,True,304
j0-56,1,873,29193008578285325,340,262,278,14,True,278
j0-56,1,874,9779187176494098,717,304,272,14,True,272
j0-56,1,875,28421086794608503,1023,262,262,14,False,262
j0-56,1,876,40002325588580190,104,288,304,14,False,288
j0-56,1,877,45913563539480339,104,252,268,14,False,252
j0-56,1,878,7517101327373149,341,278,310,14,True,310
j0-56,1,879,51471489815144203,790,278,262,13,True,262
j0-56,1,880,42654648206889355,612,252,284,13,True,284
j0-56,1,881,43517445088806548,104,278,278,14,False,278
j0-56,1,882,9317250308973863,239,252,284,14,False,252
j0-56,1,883,40273841633476147,0,294,310,14,False,294
j0-56,1,884,5452315006003930,727,278,262,14,True,262
j0-56,1,885,51249528625148930,1,278,278,14,False,278
j0-56,1,886,45568525571790663,8,268,252,13,False,268
j0-56,1,887,26921923406539718,114,262,288,14,True,288
j0-56,1,888,3622256363569435,333,262,278,13,True,278
j0-56,1,889,52018422837982827,819,294,288,14,True,288
j0-56,1,890,15787778110112130,1,288,304,14,False,288
j0-56,1,891,34217306196858680,95,278,278,14,False,278
j0-56,1,892,13275617409532965,1023,288,288,15,False,288
j0-56,1,893,44425052575028511,95,288,304,14,False,288
j0-56,1,894,49290001701778300,7,278,320,14,False,278
j0-56,1,895,33681531047939004,376,252,256,13,True,256
j0-56,1,896,49948737929712019,0,268,284,13,False,268
j0-56,1,897,3503537752609211,856,288,262,14,True,262
j0-56,1,898,24709310423101252,873,288,262,14,True,262
j0-56,1,899,32237923443710100,95,252,268,13,False,252
j0-56,1,900,33327668487106830,104,304,294,14,False,304
j0-56,1,901,2170847126638232,95,278,310,14,False,278
j0-56,1,902,29682025947555678,104,268,268,13,False,268
j0-56,1,903,38181974223677430,3,304,262,14,False,304
j0-56,1,904,1945986527205905,1023,278,262,14,False,278
j0-56,1,905,13916869156149037,619,278,288,13,True,288
j0-56,1,906,27601398752525945,720,262,278,14,True,278
j0-56,1,907,52916135421384234,331,304,278,15,True,278
j0-56,1,908,22379128328839926,754,252,252,13,False,252
j0-56,1,909,13577779238614844,3,268,284,13,False,268
j0-56,1,910,44884210291352617,144,268,262,13,True,262
j0-56,1,911,50089935865656967,1023,278,326,14,False,278
j0-56,1,912,17222810331190967,1023,252,300,12,False,252
j0-56,1,913,41271379263848955,1,268,310,13,False,268
j0-56,1,914,31339916922733819,680,278,236,14,True,236
j0-56,1,915,50886434023940041,16,268,262,13,False,268
j0-56,1,916,39842239542385059,240,304,252,14,False,304
j0-56,1,917,7617953588758285,95,278,252,13,False,278
j0-56,1,918,2200960692713453,11,268,294,13,False,268
j0-56,1,919,31337264373434641,610,262,278,14,True,278
j0-56,1,920,21103189693782347,16,268,284,13,False,268
j0-56,1,921,503530627137447,104,288,310,14,False,288
j0-56,1,922,2951806679503663,2,262,278,14,False,262
j0-56,1,923,13887243105188415,234,278,278,14,False,278
j0-56,1,924,35937351944019291,358,242,226,11,True,226
j0-56,1,925,42398363223883793,144,278,278,14,True,278
j0-56,1,926,21334150797121380,743,272,256,14,True,256
j0-56,1,927,23379982338538548,7,278,288,14,False,278
j0-56,1,928,33852248017968152,618,278,278,12,True,278
j0-56,1,929,26206588767711022,1023,252,268,12,False,252
j0-56,1,930,50024631797015821,367,268,284,13,False,268
j0-56,1,931,17065147156617010,2,278,278,14,False,278
j0-56,1,932,8765917772819672,104,242,226,12,False,242
j0-56,1,933,30262112048903475,699,268,262,13,True,262
j0-56,1,934,50045835413800263,340,278,246,13,True,246
j0-56,1,935,50265941246231591,860,268,252,13,True,252
j0-56,1,936,23627476227137914,95,268,316,13,False,268
j0-56,1,937,19518899578257412,95,278,288,14,False,278
j0-56,1,938,8076687745112643,624,278,252,14,False,278
j0-56,1,939,15358259769779913,1023,262,268,14,False,262
j0-56,1,940,7339075917062655,829,268,284,13,True,284
j0-56,1,941,35763443048145744,144,268,252,13,True,252
j0-56,1,942,2358827590938004,350,252,236,13,True,236
j0-56,1,943,7847874806743508,656,278,304,14,True,304
j0-56,1,944,22183592163006926,1023,288,262,14,False,288
j0-56,1,945,17475313625100310,104,278,304,14,False,278
j0-56,1,946,45515229290691813,1,236,268,13,False,236
j0-56,1,947,40257313916195370,104,262,278,13,False,262
j0-56,1,948,7974786548052901,104,278,284,13,False,278
j0-56,1,949,33580961063784463,229,314,288,14,True,288
j0-56,1,950,2791743277637213,106,268,284,13,False,268
j0-56,1,951,45458884550436918,1023,262,310,14,False,262
j0-56,1,952,1557768561415679,0,268,288,13,False,268
j0-56,1,953,39999663573719353,811,304,278,14,True,278
j0-56,1,954,3143108321515995,747,246,262,13,True,262
j0-56,1,955,47258632452214512,616,262,252,14,True,252
j0-56,1,956,41301539834914888,874,278,278,14,False,278
j0-56,1,957,21782079103901623,1023,252,278,14,False,252
j0-56,1,958,2853560625884016,16,294,262,14,False,294
j0-56,1,959,23128007278140060,104,304,310,14,False,304
j0-56,1,960,12220624276090293,608,294,310,14,True,310
j0-56,1,961,40932664522502391,292,268,278,13,True,278
j0-56,1,962,43090658256510407,95,294,268,13,False,294
j0-56,1,963,48627456935475921,8,278,278,14,False,278
j0-56,1,964,20807933118525260,817,268,278,13,True,278
j0-56,1,965,7649522074505376,95,262,272,14,False,262
j0-56,1,966,10691095304360824,0,278,304,14,False,278
j0-56,1,967,30034375933093606,8,262,316,13,False,262
j0-56,1,968,29313449146943486,104,262,262,13,False,262
j0-56,1,969,26022227934823428,885,278,278,14,False,278
j0-56,1,970,39449275532361421,1023,262,298,14,False,262
j0-56,1,971,22997688165396501,0,268,252,12,False,268
j0-56,1,972,47574689760613158,830,288,256,14,True,256
j0-56,1,973,29332187884975702,1,278,268,13,False,278
j0-56,1,974,24503334548002574,194,268,236,13,True,236
j0-56,1,975,32455018346200999,830,278,294,14,True,294
j0-56,1,976,11083120952803136,9,242,310,13,False,242
j0-56,1,977,16537117419503730,718,278,272,14,True,272
j0-56,1,978,9091677383600111,0,252,252,13,False,252
j0-56,1,979,1948240253007046,104,304,278,14,False,304
j0-56,1,980,10799523352668094,8,278,278,14,False,278
j0-56,1,981,1136774390887101,235,278,246,14,True,246
j0-56,1,982,4678742489394322,107,278,304,14,False,278
j0-56,1,983,34416890045682262,1023,278,268,13,False,278
j0-56,1,984,32602710689003683,104,304,288,14,False,304
j0-56,1,985,27031424804343650,186,278,278,14,True,278
j0-56,1,986,47903241301974732,336,278,278,14,True,278
j0-56,1,987,39216387759489137,750,278,252,13,False,278
j0-56,1,988,14992720545053410,1,304,288,14,False,304
j0-56,1,989,18707576914599741,318,278,268,13,True,268
j0-56,1,990,34405166014076672,0,294,294,14,False,294
j0-56,1,991,6819704417365988,806,278,278,14,True,278
j0-56,1,992,2601451612609583,192,294,262,13,True,262
j0-56,1,993,50217587951278680,624,278,294,13,False,278
j0-56,1,994,47448243333958530,631,278,284,13,True,284
j0-56,1,995,36323344242861474,100,278,278,14,True,278
j0-56,1,996,7921107193584121,95,252,262,13,False,252
j0-56,1,997,15492409710391437,115,252,278,13,False,252
j0-56,1,998,22386978996934155,106,278,278,14,False,278
j0-56,1,999,46082602210335891,1023,252,284,13,False,252
j0-56,1,1000,3269836482884283,760,252,268,13,False,252
j0-56,1,1001,2055120858073941,847,294,284,13,True,284
j0-56,1,1002,45929970823246110,727,278,282,14,True,282
j0-56,1,1003,4888836437522029,95,278,310,14,False,278
j0-56,1,1004,17615668948461773,1,278,278,14,False,278
j0-56,1,1005,15322997434213986,8,262,294,13,False,262
j0-56,1,1006,12441946350150903,1023,278,236,13,False,278
j0-56,1,1007,46734731608215975,9,288,252,13,False,288
j0-56,1,1008,43884262683567083,111,262,278,14,False,262
j0-56,1,1009,12115564806193703,9,304,288,14,False,304
j0-56,1,1010,15832276859038673,186,294,246,14,True,246
j0-56,1,1011,45632811394948106,656,278,252,14,True,252
j0-56,1,1012,24707686380625371,95,262,278,14,False,262
j0-56,1,1013,10147862204675162,364,278,288,14,False,278
j0-56,1,1014,38331639885356280,95,304,310,14,False,304
j0-56,1,1015,42602738236323877,720,304,288,14,True,288
j0-56,1,1016,6457412282234098,866,288,256,13,True,256
j0-56,1,1017,52231327534736948,790,252,246,12,True,246
j0-56,1,1018,30899228532405766,104,278,300,13,False,278
j0-56,1,1019,25939471316986898,13,278,336,14,False,278
j0-56,1,1020,39621415917905886,95,278,268,12,False,278
j0-56,1,1021,37176866078689299,224,294,278,14,False,294
j0-56,1,1022,40231578878834774,753,272,272,14,True,272
j0-56,1,1023,19074949280063845,369,262,262,14,True,262
j0-56,1,1024,43284226191777392,8,278,294,14,False,278
j0-56,1,1025,38607841429166961,104,278,310,14,False,278
j0-56,1,1026,42787613940229422,8,288,310,14,False,288
j0-56,1,1027,44954115425550306,734,278,246,14,True,246
j0-56,1,1028,1851595542794355,830,278,252,14,True,252
j0-56,1,1029,8163168330934924,104,278,268,13,False,278
j0-56,1,1030,24021451970835126,8,278,278,13,False,278
j0-56,1,1031,13682335939320537,856,278,272,14,True,272
j0-56,1,1032,44799637299635866,174,304,278,14,True,278
j0-56,1,1033,25444095696994685,104,278,310,13,False,278
j0-56,1,1034,51861338806477829,820,278,278,14,True,278
j0-56,1,1035,9955743044936045,623,252,288,13,False,252
j0-56,1,1036,26628857679549071,1023,278,278,14,False,278
j0-56,1,1037,15158994872383163,104,278,304,15,False,278
j0-56,1,1038,27051524349296307,12,288,278,14,False,288
j0-56,1,1039,7248737325833482,1,278,252,13,False,278
j0-56,1,1040,9685439397643953,613,288,278,14,True,278
j0-56,1,1041,23785823709647630,882,278,288,14,True,288
j0-56,1,1042,20888209763443792,95,268,252,13,False,268
j0-56,1,1043,27591855758390965,4,252,272,13,False,252
j0-56,1,1044,15654402616165047,226,304,246,14,True,246
j0-56,1,1045,46496244063877148,603,252,278,14,True,278
j0-56,1,1046,27826044983460563,287,278,278,14,True,278
j0-56,1,1047,17075487187070188,104,278,268,12,False,278
j0-56,1,1048,13741930480684112,8,288,330,15,False,288
j0-56,1,1049,4209893401495364,341,294,246,13,True,246
j0-56,1,1050,20864392912589207,104,278,262,14,False,278
j0-56,1,1051,39208076815398672,315,288,288,13,True,288
j0-56,1,1052,46316214833989982,373,288,272,14,False,288
j0-56,1,1053,4354900838664137,294,278,278,14,True,278
j0-56,1,1054,52526945000503081,710,268,278,13,True,278
j0-56,1,1055,12968951167340044,8,294,310,14,False,294
j0-56,1,1056,1575688930396416,9,304,304,15,False,304
j0-56,1,1057,15866685477653362,1023,278,326,14,False,278
j0-56,1,1058,17799444261410154,2,278,284,14,False,278
j0-56,1,1059,38817257883701412,95,278,288,14,False,278
j0-56,1,1060,19130891476454495,1023,304,330,14,False,304
j0-56,1,1061,42111388545920712,210,262,278,13,True,278
j0-56,1,1062,24581567265415202,3,294,284,14,False,294
j0-56,1,1063,608405565939660,7,304,278,14,False,304
j0-56,1,1064,8550684423832138,95,268,278,12,False,268
j0-56,1,1065,35752162146564781,16,268,316,13,False,268
j0-56,1,1066,44277684745474905,224,252,268,13,False,252
j0-56,1,1067,48569337464788674,95,278,310,14,False,278
j0-56,1,1068,36763610845258704,790,252,236,13,True,236
j0-56,1,1069,25823027267808404,104,278,294,14,False,278
j0-56,1,1070,36463559380405250,730,288,304,14,True,304
j0-56,1,1071,46774969807425318,95,304,304,14,False,304
j0-56,1,1072,7053271051186087,350,278,278,14,True,278
j0-56,1,1073,34080966602405597,681,252,252,13,True,252
j0-56,1,1074,8322015001108080,104,288,272,14,False,288
j0-56,1,1075,43319378161500036,0,294,278,14,False,294
j0-56,1,1076,4825617415438065,829,262,262,13,True,262
j0-56,1,1077,33184543355523857,861,258,226,12,True,226
j0-56,1,1078,13305648875121971,230,252,236,13,True,236
j0-56,1,1079,15810303177683960,8,278,272,14,False,278
j0-56,1,1080,38465090266240165,362,278,278,14,False,278
j0-56,1,1081,24970554548451476,104,278,320,14,False,278
j0-56,1,1082,15765038790324600,1023,278,278,13,False,278
j0-56,1,1083,1180645605224496,1023,268,236,13,False,268
j0-56,1,1084,46618390149900801,106,268,262,13,False,268
j0-56,1,1085,29530816396781663,873,278,288,14,True,288
j0-56,1,1086,52242782689808342,820,294,310,14,True,310
j0-56,1,1087,49042542094639924,1023,272,272,14,False,272
j0-56,1,1088,283979412969940,95,262,272,14,False,262
j0-56,1,1089,48619886200292581,1023,268,252,13,False,268
j0-56,1,1090,35714931149349570,363,278,310,14,True,310
j0-56,1,1091,21593527900546141,13,294,284,13,False,294
j0-56,1,1092,1762507742505391,760,262,278,14,False,262
j0-56,1,1093,12919510159198071,223,278,252,13,False,278
j0-56,1,1094,7571679062872737,1023,262,256,14,False,262
j0-56,1,1095,52285340719210784,13,258,258,12,False,258
j0-56,1,1096,23655779983557755,3,278,310,13,False,278
j0-56,1,1097,15925140936701818,93,288,256,13,True,256
j0-56,1,1098,6779246184167359,104,272,272,14,False,272
j0-56,1,1099,7348831893568239,11,236,252,13,False,236
j0-56,1,1100,3250637723065772,95,294,252,14,False,294
j0-56,1,1101,48281317813407312,609,278,246,14,True,246
j0-56,1,1102,28168007586435126,104,272,272,13,False,272
j0-56,1,1103,46379082236256061,104,278,342,12,False,278
j0-56,1,1104,11094460698342330,339,252,252,13,True,252
j0-56,1,1105,35169141060690588,7,278,310,14,False,278
j0-56,1,1106,8354709988750103,120,252,236,13,False,252
j0-56,1,1107,12946766554299002,104,288,320,13,False,288
j0-56,1,1108,17197610672546647,720,294,310,14,True,310
j0-56,1,1109,4094047723370510,1023,242,274,12,False,242
j0-56,1,1110,51100960745997757,8,294,284,13,False,294
j0-56,1,1111,18268956540222464,95,304,278,14,False,304
j0-56,1,1112,39072642653540633,95,278,278,14,False,278
j0-56,1,1113,41840006658869271,2,304,278,14,False,304
j0-56,1,1114,2053406927507779,352,268,236,12,True,236
j0-56,1,1115,38723452464672269,3,294,284,13,False,294
j0-56,1,1116,36580948292338150,1023,236,236,13,False,236
j0-56,1,1117,34342921247335807,187,268,262,13,True,262
j0-56,1,1118,2925909255024943,245,278,278,14,False,278
j0-56,1,1119,47981521742658176,105,278,262,13,False,278
j0-56,1,1120,4892388700550098,95,262,252,13,False,262
j0-56,1,1121,46094940193919595,872,278,278,13,False,278
j0-56,1,1122,796826129737897,1023,252,252,13,False,252
j0-56,1,1123,40905700649364265,207,268,252,13,True,252
j0-56,1,1124,50407243150679123,706,278,262,14,True,262
j0-56,1,1125,34920779175314626,199,294,278,14,True,278
j0-56,1,1126,29639849498155054,207,288,288,13,True,288
j0-56,1,1127,40597490863606452,8,252,262,13,False,252
j0-56,1,1128,44203279780187723,191,242,252,12,True,252
j0-56,1,1129,14319070476038386,9,304,304,14,False,304
j0-56,1,1130,26214401919070103,1023,268,268,13,False,268
j0-56,1,1131,19732875464928250,1023,268,268,13,False,268
j0-56,1,1132,53106562528048804,357,278,262,14,True,262
j0-56,1,1133,48373868299464532,688,252,252,13,True,252
j0-56,1,1134,21034276128097842,7,268,278,13,False,268
j0-56,1,1135,24215020157121081,7,294,336,14,False,294
j0-56,1,1136,19165802651715268,248,304,310,14,True,310
j0-56,1,1137,33538684841088076,8,262,336,14,False,262
j0-56,1,1138,7754401062454707,0,268,252,12,False,268
j0-56,1,1139,43535116271012575,613,232,232,11,True,232
j0-56,1,1140,12452389320208862,312,252,262,13,True,262
j0-56,1,1141,45204255765983423,105,278,336,14,False,278
j0-56,1,1142,14641839334301831,851,294,278,14,True,278
j0-56,1,1143,42943992818221425,308,304,288,14,True,288
j0-56,1,1144,22553904002890947,95,278,284,14,False,278
j0-56,1,1145,43943672095713784,240,278,310,14,False,278
j0-56,1,1146,32349367679352945,810,288,288,14,True,288
j0-56,1,1147,30766667702551135,373,252,258,12,False,252
j0-56,1,1148,36217818320428232,719,294,252,13,True,252
j0-56,1,1149,32965441638409139,606,294,262,13,True,262
j0-56,1,1150,49949944642127932,1023,278,272,14,False,278
j0-56,1,1151,36681633521876364,104,268,284,13,False,268
j0-56,1,1152,53349297275253660,104,278,304,14,False,278
j0-56,1,1153,29616967606687586,104,278,336,14,False,278
j0-56,1,1154,4400654578779152,1,278,368,14,False,278
j0-56,1,1155,4214604377627599,105,252,268,13,False,252
j0-56,1,1156,23185387970182602,104,242,268,12,False,242
j0-56,1,1157,49889167663929193,8,268,320,13,False,268
j0-56,1,1158,1651083730360408,854,294,278,14,True,278
j0-56,1,1159,43900207453351989,226,268,236,13,True,236
j0-56,1,1160,7891464726189656,1,268,236,13,False,268
j0-56,1,1161,11072886135050323,104,278,304,14,False,278
j0-56,1,1162,31929385879434002,95,278,278,14,False,278
j0-56,1,1163,9015080039863742,16,268,284,13,False,268
j0-56,1,1164,29056978957670570,1023,262,294,14,False,262
j0-56,1,1165,28116823668324061,1,268,242,12,False,268
j0-56,1,1166,16585549665278622,860,278,262,13,True,262
j0-56,1,1167,26945049518307418,168,252,236,13,True,236
j0-56,1,1168,38745347503883668,850,278,278,14,True,278
j0-56,1,1169,29076517110120066,104,262,294,14,False,262
j0-56,1,1170,34159419767657377,823,288,262,13,True,262
j0-56,1,1171,23733329799668552,0,294,284,13,False,294
j0-56,1,1172,49143206137302657,2,268,278,13,False,268
j0-56,1,1173,32895473892174360,693,252,268,14,True,268
j0-56,1,1174,10364483086308465,8,278,278,13,False,278
j0-56,1,1175,29332828623047773,7,252,262,14,False,252
j0-56,1,1176,6503708064837285,12,278,310,14,False,278
j0-56,1,1177,7326254373291029,705,294,278,14,True,278
j0-56,1,1178,41815657090153422,727,232,226,12,True,226
j0-56,1,1179,48591112357342540,1023,288,272,14,False,288
j0-56,1,1180,41989711140093826,247,262,278,14,False,262
j0-56,1,1181,32191291386592176,4,236,258,12,False,236
j0-56,1,1182,31477241686828718,1,288,310,14,False,288
j0-56,1,1183,47940573074565512,822,278,262,14,True,262
j0-56,1,1184,22959390734852804,104,278,310,14,False,278
j0-56,1,1185,36751779028094050,242,278,278,14,False,278
j0-56,1,1186,41251810108902863,852,278,278,14,False,278
j0-56,1,1187,4706233051091210,318,268,284,13,True,284
j0-56,1,1188,32912035977817400,355,268,252,13,True,252
j0-56,1,1189,11982378096422629,12,278,278,14,False,278
j0-56,1,1190,22537531082494085,1023,252,268,13,False,252
j0-56,1,1191,30232310780327143,618,262,262,13,True,262
j0-56,1,1192,21614832841585490,309,304,282,14,False,304
j0-56,1,1193,13955776659816571,800,232,232,11,True,232
j0-56,1,1194,20846370545168264,756,262,284,14,True,284
j0-56,1,1195,26016551015546728,309,278,298,14,False,278
j0-56,1,1196,32603643849684007,236,278,304,14,True,304
j0-56,1,1197,593290788504319,6,268,284,13,False,268
j0-56,1,1198,38960739417948709,1023,304,294,14,False,304
j0-56,1,1199,45791402494147119,12,268,242,12,False,268
j0-56,1,1200,1561532800954525,743,268,236,13,True,236
j0-56,1,1201,11394347697821549,7,232,226,11,False,232
j0-56,1,1202,15301019412853803,858,294,272,14,True,272
j0-56,1,1203,32756483679322758,1023,288,268,14,False,288
j0-56,1,1204,33458744991409747,95,278,304,14,False,278
j0-56,1,1205,19892692477657840,1023,278,246,14,False,278
j0-56,1,1206,8871061165111085,0,294,284,13,False,294
j0-56,1,1207,6221713899177255,756,288,288,14,True,288
j0-56,1,1208,39280263614807972,104,262,294,14,False,262
j0-56,1,1209,45277410513008511,1,294,310,14,False,294
j0-56,1,1210,10963004392633928,1023,252,268,13,False,252
j0-56,1,1211,48584590357685058,1023,252,246,13,False,252
j0-56,1,1212,46182587889877769,95,252,268,13,False,252
j0-56,1,1213,36809622492835556,104,278,310,14,False,278
j0-56,1,1214,52409866962412077,853,268,252,13,True,252
j0-56,1,1215,43560615737207877,104,278,310,14,False,278
j0-56,1,1216,45624242211343966,658,278,304,14,True,304
j0-56,1,1217,18865469538331948,324,294,268,13,True,268
j0-56,1,1218,8960812994263082,218,268,252,12,True,252
j0-56,1,1219,17485151426950918,322,278,252,14,True,252
j0-56,1,1220,47751428889312748,1023,256,268,13,False,256
j0-56,1,1221,43964727819427418,95,294,310,14,False,294
j0-56,1,1222,41738577559237217,180,294,284,13,True,284
j0-56,1,1223,24642835439629474,813,268,278,13,True,278
j0-56,1,1224,49431243271401544,95,278,310,14,False,278
j0-56,1,1225,22368783244101199,3,262,272,14,False,262
j0-56,1,1226,24266408949331777,4,294,262,14,False,294
j0-56,1,1227,23177461189047282,342,268,284,13,True,284
j0-56,1,1228,51489322703216970,885,262,246,14,False,262
j0-56,1,1229,9424309761211873,16,304,342,14,False,304
j0-56,1,1230,27174425585679585,104,294,326,13,False,294
j0-56,1,1231,27640841032275534,104,242,258,11,False,242
j0-56,1,1232,20734452073810076,866,268,278,13,True,278
j0-56,1,1233,13825425940821816,840,268,278,13,True,278
j0-56,1,1234,2461721998401425,215,278,252,13,True,252
j0-56,1,1235,24139847008747462,7,288,288,14,False,288
j0-56,1,1236,6538136013026525,363,288,304,14,True,304
j0-56,1,1237,25749233692512604,686,278,262,14,True,262
j0-56,1,1238,29385230830442610,1,258,226,12,False,258
j0-56,1,1239,17847346765667145,0,278,272,14,False,278
j0-56,1,1240,11011641193062570,3,294,278,13,False,294
j0-56,1,1241,23930687789233307,0,252,268,13,False,252
j0-56,1,1242,51619990738524709,1023,268,246,13,False,268
j0-56,1,1243,50802465613237604,852,268,284,13,False,268
j0-56,1,1244,23098328662223574,790,262,272,14,True,272
j0-56,1,1245,16532686618098205,105,278,304,14,False,278
j0-56,1,1246,46736395791803381,3,278,310,14,False,278
j0-56,1,1247,7700087081828269,1,262,278,14,False,262
j0-56,1,1248,51109032761674474,8,304,342,14,False,304
j0-56,1,1249,20676813096992851,622,278,272,14,False,278
j0-56,1,1250,49127520865577248,114,288,246,14,True,246
j0-56,1,1251,5391550777744118,624,278,310,14,False,278
j0-56,1,1252,37551214750284088,849,294,262,14,True,262
j0-56,1,1253,396784023454252,105,278,268,13,False,278
j0-56,1,1254,46678111320127782,106,268,268,12,False,268
j0-56,1,1255,42452866902797581,0,278,284,14,False,278
j0-56,1,1256,37426189714029203,8,294,282,14,False,294
j0-56,1,1257,15266774736684349,3,278,278,14,False,278
j0-56,1,1258,44666356706591286,1023,262,262,13,False,262
j0-56,1,1259,11034259534412013,230,268,284,13,True,284
j0-56,1,1260,8708649805982131,1023,268,294,13,False,268
j0-56,1,1261,841371864943661,100,304,310,14,True,310
j0-56,1,1262,47728301957193804,819,278,294,14,True,294
j0-56,1,1263,53456343839537948,656,262,278,14,True,278
j0-56,1,1264,34532472468664636,151,268,284,13,True,284
j0-56,1,1265,20308784683235016,1023,226,226,12,False,226
j0-56,1,1266,33878534868688440,658,252,252,13,True,252
j0-56,1,1267,42560457464155082,102,278,246,13,True,246
j0-56,1,1268,31198481157629670,629,262,278,13,False,262
j0-56,1,1269,18307862652882039,1023,262,278,14,False,262
j0-56,1,1270,27706691283315092,376,262,288,14,True,288
j0-56,1,1271,37398582864496762,703,294,278,13,True,278
j0-56,1,1272,18171678333994891,3,288,288,14,False,288
j0-56,1,1273,38083646598501544,360,262,236,14,True,236
j0-56,1,1274,10673964446662566,245,278,278,14,False,278
j0-56,1,1275,12692192042246007,1,268,278,13,False,268
j0-56,1,1276,25586338701411103,1023,242,258,11,False,242
j0-56,1,1277,49902574345560513,95,272,272,14,False,272
j0-56,1,1278,45245064572900179,11,278,310,12,False,278
j0-56,1,1279,40006083617426044,752,252,252,13,False,252
j0-56,1,1280,48800828342424368,1023,252,256,14,False,252
j0-56,1,1281,11950861197717524,292,294,278,13,True,278
j0-56,1,1282,7211653438809621,222,304,272,14,False,304
j0-56,1,1283,10960016347436846,145,268,278,13,True,278
j0-56,1,1284,53529686602930101,210,262,230,12,True,230
j0-56,1,1285,24508603915363906,95,278,284,13,False,278
j0-56,1,1286,24056327256578405,104,268,284,13,False,268
j0-56,1,1287,52416585448512100,7,268,310,13,False,268
j0-56,1,1288,30808966614859757,104,278,262,14,False,278
j0-56,1,1289,18989827865797581,341,268,252,12,True,252
j0-56,1,1290,41950410106925526,2,288,272,14,False,288
j0-56,1,1291,28595694069222717,95,262,278,14,False,262
j0-56,1,1292,5115281519817699,201,278,262,14,True,262
j0-56,1,1293,12320406414290106,16,278,304,14,False,278
j0-56,1,1294,14675031325097919,2,288,320,15,False,288
j0-56,1,1295,27193477927018050,1023,278,252,13,False,278
j0-56,1,1296,3324622254655080,104,278,304,14,False,278
j0-56,1,1297,21632422047397072,95,268,258,12,False,268
j0-56,1,1298,32654650996200350,628,246,246,14,True,246
j0-56,1,1299,34631821604009263,879,242,252,12,False,242
j0-56,1,1300,7496862081124368,713,278,288,14,True,288
j0-56,1,1301,30694809951455018,105,278,262,13,False,278
j0-56,1,1302,20080179174991181,95,294,288,14,False,294
j0-56,1,1303,32457979557635063,710,298,298,15,True,298
j0-56,1,1304,30635315328288520,828,252,252,13,True,252
j0-56,1,1305,35547212427889481,829,268,242,12,True,242
j0-56,1,1306,50628024631643162,3,262,310,14,False,262
j0-56,1,1307,18348162209875595,813,268,316,13,True,316
j0-56,1,1308,44313289197003570,12,294,278,14,False,294
j0-56,1,1309,28946913799022608,7,268,268,13,False,268
j0-56,1,1310,10809261436525105,1023,278,278,13,False,278
j0-56,1,1311,23203668308616866,1,294,284,14,False,294
j0-56,1,1312,27581215718620704,104,268,278,14,False,268
j0-56,1,1313,47642789731990576,12,278,304,14,False,278
j0-56,1,1314,31837676737876235,728,268,252,13,True,252
j0-56,1,1315,17018332296886793,1023,262,236,13,False,262
j0-56,1,1316,33336048854218943,292,262,236,13,True,236
j0-56,1,1317,6649808580631499,11,278,288,14,False,278
j0-56,1,1318,42794420688829385,343,268,284,13,True,284
j0-56,1,1319,13002019252173929,371,252,268,14,False,252
j0-56,1,1320,4102867709805908,3,262,304,14,False,262
j0-56,1,1321,28334491716038184,104,278,310,14,False,278
j0-56,1,1322,5912790898994464,1,268,252,13,False,268
j0-56,1,1323,20693491753830829,278,252,284,13,False,252
j0-56,1,1324,15424980867042397,194,278,294,13,True,294
j0-56,1,1325,11197525714198696,1023,252,268,12,False,252
j0-56,1,1326,38506571561127910,711,268,252,13,True,252
j0-56,1,1327,20215434593237127,624,268,284,12,False,268
j0-56,1,1328,16751790793692499,612,262,262,14,True,262
j0-56,1,1329,38738622215062152,1,268,304,14,False,268
j0-56,1,1330,20359406653009278,1023,236,220,12,False,236
j0-56,1,1331,7735187606598348,307,278,304,14,True,304
j0-56,1,1332,28194692982055361,104,278,294,13,False,278
j0-56,1,1333,21743545029637900,12,294,294,14,False,294
j0-56,1,1334,6686804719869068,201,268,252,13,True,252
j0-56,1,1335,44602184941013874,11,236,236,11,False,236
j0-56,1,1336,53005468516479506,317,294,284,14,True,284
j0-56,1,1337,26567510299469751,712,236,236,13,True,236
j0-56,1,1338,31268025030948335,297,268,284,13,True,284
j0-56,1,1339,38793321222783321,7,268,268,13,False,268
j0-56,1,1340,43223406401006748,835,268,262,13,True,262
j0-56,1,1341,5781228454472073,687,278,252,13,True,252
j0-56,1,1342,2456765207543506,8,278,262,14,False,278
j0-56,1,1343,36734387585231139,8,288,278,14,False,288
j0-56,1,1344,1710021373338359,278,278,278,14,False,278
j0-56,1,1345,33295329824752901,95,294,278,13,False,294
j0-56,1,1346,10619774170224205,4,288,272,14,False,288
j0-56,1,1347,35207612203053326,7,268,272,13,False,268
j0-56,1,1348,15367153973303084,104,278,294,14,False,278
j0-56,1,1349,51628266165235350,1023,278,294,14,False,278
j0-56,1,1350,12980361123460592,224,268,278,13,False,268
j0-56,1,1351,12168668070994392,1023,278,278,14,False,278
j0-56,1,1352,2316602689865867,756,278,298,15,True,298
j0-56,1,1353,9613822067111935,104,304,278,13,False,304
j0-56,1,1354,37190460385688672,0,278,262,14,False,278
j0-56,1,1355,20851178372892807,608,262,246,13,True,246
j0-56,1,1356,47673060224652677,8,304,310,14,False,304
j0-56,1,1357,31071927113147012,867,268,252,13,False,268
j0-56,1,1358,41379274891518732,1023,278,288,14,False,278
j0-56,1,1359,10520344023256256,206,268,284,13,True,284
j0-56,1,1360,18981849932649319,759,262,268,13,False,262
j0-56,1,1361,24928773932706862,7,278,310,13,False,278
j0-56,1,1362,14806792931487606,204,268,236,13,True,236
j0-56,1,1363,24823555554835053,105,288,288,14,False,288
j0-56,1,1364,823776196213579,95,278,336,13,False,278
j0-56,1,1365,50188586864756493,720,288,310,14,True,310
j0-56,1,1366,39349088714204430,223,288,262,14,False,288
j0-56,1,1367,28161649296304013,718,278,246,13,True,246
j0-56,1,1368,29423806776946641,96,294,278,14,True,278
j0-56,1,1369,53144539055903740,707,278,246,14,True,246
j0-56,1,1370,15903701357836779,1023,262,262,13,False,262
j0-56,1,1371,20761895495859810,104,268,278,13,False,268
j0-56,1,1372,9954228499409892,106,268,284,13,False,268
j0-56,1,1373,49872626168859157,199,268,310,13,True,310
j0-56,1,1374,51586516966859370,3,278,304,14,False,278
j0-56,1,1375,18801387949089830,704,258,262,12,True,262
j0-56,1,1376,48026540446740504,106,278,278,14,False,278
j0-56,1,1377,6154812960047291,181,294,278,14,True,278
j0-56,1,1378,11604156336095946,235,252,268,13,True,268
j0-56,1,1379,18265399070718997,331,278,278,14,True,278
j0-56,1,1380,51806513458343135,105,268,310,14,False,268
j0-56,1,1381,14838961628550376,104,268,278,13,False,268
j0-56,1,1382,21663715593061267,693,278,278,13,True,278
j0-56,1,1383,11710105789713682,8,252,252,13,False,252
j0-56,1,1384,51790316517592638,1,288,304,14,False,288
j0-56,1,1385,44302969731218324,630,304,278,14,False,304
j0-56,1,1386,23222714884344970,104,278,304,15,False,278
j0-56,1,1387,52067072931215283,102,268,236,13,True,236
j0-56,1,1388,10385271771545494,95,278,310,14,False,278
j0-56,1,1389,26387275520719960,829,268,284,13,True,284
j0-56,1,1390,36512305532468826,1023,268,320,14,False,268
j0-56,1,1391,38758660165381757,711,294,278,13,True,278
j0-56,1,1392,6350224754170771,4,278,310,14,False,278
j0-56,1,1393,29530556396557689,95,278,284,13,False,278
j0-56,1,1394,22228285930701252,11,278,304,14,False,278
j0-56,1,1395,7663940769665779,7,278,304,14,False,278
j0-56,1,1396,23011470809783391,1023,278,288,14,False,278
j0-56,1,1397,46702323412089397,95,252,268,13,False,252
j0-56,1,1398,13067814167931404,736,294,304,14,True,304
j0-56,1,1399,11286209610517121,95,288,288,15,False,288
j0-56,1,1400,23894702845365397,2,252,236,14,False,252
j0-56,1,1401,6613935353899433,748,252,236,13,True,236
j0-56,1,1402,8691575777445870,207,268,268,13,True,268
j0-56,1,1403,52678463475598545,238,268,278,13,True,278
j0-56,1,1404,9742761546180099,215,268,284,13,True,284
j0-56,1,1405,13764170057191205,1023,252,236,13,False,252
j0-56,1,1406,43789237310094295,95,278,278,14,False,278
j0-56,1,1407,11474501646652571,873,278,278,14,True,278
j0-56,1,1408,28120645041929309,113,252,236,12,False,252
j0-56,1,1409,15534278581145652,104,268,268,13,False,268
j0-56,1,1410,5812481038568406,687,288,256,14,True,256
j0-56,1,1411,8212075745449251,104,278,368,15,False,278
j0-56,1,1412,23314474990508636,104,294,310,14,False,294
j0-56,1,1413,50741586198339130,853,252,236,13,True,236
j0-56,1,1414,48459756540981600,169,268,284,13,True,284
j0-56,1,1415,9117830376902110,805,278,294,14,True,294
j0-56,1,1416,27526588523486667,118,278,278,13,True,278
j0-56,1,1417,42230627087457817,13,278,278,14,False,278
j0-56,1,1418,38877578380369188,1023,262,252,13,False,262
j0-56,1,1419,5713335073831832,710,294,278,14,True,278
j0-56,1,1420,18999031231383373,1023,278,246,14,False,278
j0-56,1,1421,324428800615281,104,278,278,14,False,278
j0-56,1,1422,4715176841433573,0,268,284,13,False,268
j0-56,1,1423,19158827238948560,824,288,262,14,True,262
j0-56,1,1424,37889108873269882,6,268,278,13,False,268
j0-56,1,1425,36223195183758103,790,278,304,13,True,304
j0-56,1,1426,38465024179594294,836,294,268,13,True,268
j0-56,1,1427,34060446514230381,657,278,278,13,True,278
j0-56,1,1428,48573783822526702,0,268,294,14,False,268
j0-56,1,1429,15298792658560899,697,278,278,14,True,278
j0-56,1,1430,6651438990000933,95,252,304,14,False,252
j0-56,1,1431,47273972226453336,118,272,272,14,True,272
j0-56,1,1432,13014254767716871,95,278,304,14,False,278
j0-56,1,1433,53218811255832672,736,242,200,12,True,200
j0-56,1,1434,3765610789570388,1023,262,246,14,False,262
j0-56,1,1435,2366079446066770,104,262,294,14,False,262
j0-56,1,1436,49166723269856425,104,304,336,14,False,304
j0-56,1,1437,48649193228726031,8,252,252,12,False,252
j0-56,1,1438,14979180985797017,717,252,272,14,True,272
j0-56,1,1439,21324902186055051,3,278,288,14,False,278
j0-56,1,1440,6019507481995446,819,304,278,14,True,278
j0-56,1,1441,1694144923930222,104,278,278,13,False,278
j0-56,1,1442,26786837907527397,13,304,304,14,False,304
j0-56,1,1443,39640984774983642,95,278,316,13,False,278
j0-56,1,1444,48911946780504591,297,294,278,14,True,278
j0-56,1,1445,6655738891180926,610,294,284,13,True,284
j0-56,1,1446,51577781930718242,7,268,252,13,False,268
j0-56,1,1447,11072368926989758,1023,252,236,14,False,252
j0-56,1,1448,18495879274510662,105,226,274,11,False,226
j0-56,1,1449,6895032541008434,321,304,304,14,False,304
j0-56,1,1450,27786050969797187,697,294,252,13,True,252
j0-56,1,1451,3769510240541956,11,236,236,13,False,236
j0-56,1,1452,16637420196109109,855,262,294,14,True,294
j0-56,1,1453,45381161044814839,706,288,298,15,True,298
j0-56,1,1454,41152623188415970,752,268,284,13,False,268
j0-56,1,1455,19486220255718845,3,268,294,13,False,268
j0-56,1,1456,5872364399689478,366,268,278,13,False,268
j0-56,1,1457,27961636576678100,861,278,278,13,True,278
j0-56,1,1458,51889871911566913,628,252,226,13,True,226
j0-56,1,1459,22260325126250154,1023,278,246,14,False,278
j0-56,1,1460,26168324009710041,16,268,284,13,False,268
j0-56,1,1461,17637175324309238,751,278,252,13,False,278
j0-56,1,1462,28861067849772554,2,278,284,13,False,278
j0-56,1,1463,50333695463359718,95,252,262,14,False,252
j0-56,1,1464,34117455506935264,16,294,310,14,False,294
j0-56,1,1465,188805391259218,813,268,226,13,True,226
j0-56,1,1466,46448268936005431,199,272,272,14,True,272
j0-56,1,1467,19008612227061867,168,304,288,14,True,288
j0-56,1,1468,22552696169396563,1023,262,246,14,False,262
j0-56,1,1469,743666582031980,1023,278,294,14,False,278
j0-56,1,1470,33705786449418064,1023,246,246,14,False,246
j0-56,1,1471,52766307693135466,680,278,246,14,True,246
j0-56,1,1472,6596692937842708,8,278,278,14,False,278
j0-56,1,1473,20265338302104926,629,272,272,15,False,272
j0-56,1,1474,560993659137943,95,278,278,14,False,278
j0-56,1,1475,18012535869497841,1023,268,268,13,False,268
j0-56,1,1476,38211805476157876,870,278,278,14,True,278
j0-56,1,1477,18009145012963966,104,278,288,14,False,278
j0-56,1,1478,10912111190346400,623,262,278,13,False,262
j0-56,1,1479,7542315355424995,214,278,246,14,True,246
j0-56,1,1480,32877800083585734,95,278,278,14,False,278
j0-56,1,1481,36207695637657877,325,262,272,14,True,272
j0-56,1,1482,43623637462494658,104,272,272,14,False,272
j0-56,1,1483,6625851996497701,1023,262,278,14,False,262
j0-56,1,1484,18728909372125141,10,278,304,14,False,278
j0-56,1,1485,19129344422926587,1,278,294,14,False,278
j0-56,1,1486,10791598112254539,241,278,246,14,True,246
j0-56,1,1487,28799044343501725,4,278,304,14,False,278
j0-56,1,1488,13241598505906917,729,268,236,13,True,236
j0-56,1,1489,17885358470983344,226,278,252,13,True,252
j0-56,1,1490,42915690075186121,1,268,284,13,False,268
j0-56,1,1491,21992028418841154,817,278,262,13,True,262
j0-56,1,1492,24433872969841255,13,258,258,12,False,258
j0-56,1,1493,32291262766025113,224,278,262,14,False,278
j0-56,1,1494,9126182665731278,738,278,310,14,True,310
j0-56,1,1495,38226388608123217,860,304,288,15,True,288
j0-56,1,1496,27560415030003447,308,278,220,14,True,220
j0-56,1,1497,36306558471709846,0,294,310,14,False,294
j0-56,1,1498,45545972253369593,104,268,252,13,False,268
j0-56,1,1499,10835548525210921,658,268,278,13,True,278
j0-56,1,1500,12947456887790259,181,278,278,14,True,278
j0-56,1,1501,43321612490415411,1023,268,252,13,False,268
j0-56,1,1502,37453565679843327,2,252,268,14,False,252
j0-56,1,1503,36697538815503086,95,262,294,14,False,262
j0-56,1,1504,26397310169963413,693,278,278,14,True,278
j0-56,1,1505,31512368227519525,104,268,262,13,False,268
j0-56,1,1506,52793774365125324,288,284,284,12,True,284
j0-56,1,1507,46800284461469851,759,278,284,14,False,278
j0-56,1,1508,33536700380654426,373,288,272,14,False,288
j0-56,1,1509,13525144820976638,299,268,220,13,True,220
j0-56,1,1510,2731102837589051,334,268,252,12,True,252
j0-56,1,1511,35906903336528831,2,268,326,13,False,268
j0-56,1,1512,17551034071064274,1023,268,246,13,False,268
j0-56,1,1513,37454590289194926,104,294,284,13,False,294
j0-56,1,1514,27489246395830473,841,258,278,12,True,278
j0-56,1,1515,36273012562627792,867,294,272,14,False,294
j0-56,1,1516,34093612727947702,734,294,310,13,True,310
j0-56,1,1517,12723613433437158,108,262,278,13,False,262
j0-56,1,1518,36194512109183834,834,294,342,14,True,342
j0-56,1,1519,29659030241475704,146,252,252,14,True,252
j0-56,1,1520,12136318315446867,10,294,304,14,False,294
j0-56,1,1521,15396395799451545,619,252,268,13,True,268
j0-56,1,1522,8973633396494877,95,268,268,13,False,268
j0-56,1,1523,24898252649644792,680,278,252,13,True,252
j0-56,1,1524,39247927334202105,219,294,252,13,False,294
j0-56,1,1525,17571341836375599,717,278,268,13,True,268
j0-56,1,1526,44420693143205354,95,262,294,14,False,262
j0-56,1,1527,39342174367376503,605,268,262,13,True,262
j0-56,1,1528,38900904516977197,13,294,278,14,False,294
j0-56,1,1529,46656063626804355,628,268,252,13,True,252
j0-56,1,1530,26550664387165656,328,278,304,14,True,304
j0-56,1,1531,7637481720901861,713,268,252,13,True,252
j0-56,1,1532,42792883996415540,8,268,320,13,False,268
j0-56,1,1533,28223698730878441,118,278,278,13,True,278
j0-56,1,1534,14257710839718064,106,262,304,15,False,262
j0-56,1,1535,30583470906433712,614,304,304,14,True,304
j0-56,1,1536,21451307778926885,104,272,268,13,False,272
j0-56,1,1537,25792743811566166,743,268,242,12,True,242
j0-56,1,1538,1346503663382014,748,268,278,13,True,278
j0-56,1,1539,491646134728758,859,268,268,12,False,268
j0-56,1,1540,24280752604908646,718,272,288,14,True,288
j0-56,1,1541,23605028977020491,747,246,252,13,True,252
j0-56,1,1542,14114089757360715,225,278,278,13,True,278
j0-56,1,1543,11880814291823290,716,278,246,14,True,246
j0-56,1,1544,5859160412015150,95,226,258,12,False,226
j0-56,1,1545,49794713729565679,220,268,252,13,True,252
j0-56,1,1546,32956849559283924,687,304,284,14,True,284
j0-56,1,1547,38654561322030815,7,294,294,13,False,294
j0-56,1,1548,34005301179667443,2,288,326,14,False,288
j0-56,1,1549,33466046737874422,1023,272,268,13,False,272
j0-56,1,1550,13081773714467954,7,252,284,13,False,252
j0-56,1,1551,27523533006564431,1023,288,262,14,False,288
j0-56,1,1552,16420759339332749,3,278,310,14,False,278
j0-56,1,1553,16293019226561239,11,278,310,14,False,278
j0-56,1,1554,16984763264603559,1,278,278,13,False,278
j0-56,1,1555,45971465712012192,207,304,310,14,True,310
j0-56,1,1556,37949282165790861,11,262,278,14,False,262
j0-56,1,1557,24200041003500213,111,278,288,14,False,278
j0-56,1,1558,47540264304043492,221,278,278,14,True,278
j0-56,1,1559,39061415497814533,231,278,278,14,True,278
j0-56,1,1560,35586002616050031,357,278,304,14,True,304
j0-56,1,1561,1900832830774731,212,294,278,14,True,278
j0-56,1,1562,27129651379677535,9,278,272,14,False,278
j0-56,1,1563,38149013596136952,288,278,278,14,True,278
j0-56,1,1564,9474359534607796,823,304,288,14,True,288
j0-56,1,1565,49372373003279223,11,278,294,14,False,278
j0-56,1,1566,25970493605162591,733,278,288,14,True,288
j0-56,1,1567,30286188416522108,4,268,278,13,False,268
j0-56,1,1568,15505171426515048,0,268,236,13,False,268
j0-56,1,1569,50226044000163143,743,278,272,14,True,272
j0-56,1,1570,7433997100405639,711,278,310,14,True,310
j0-56,1,1571,49971119970968599,95,268,284,13,False,268
j0-56,1,1572,27267555831264335,1023,232,248,11,False,232
j0-56,1,1573,7086350976869359,305,304,284,14,True,284
j0-56,1,1574,16719445061377325,359,278,294,14,True,294
j0-56,1,1575,53454121469100140,345,294,310,14,True,310
j0-56,1,1576,18953808771648775,612,288,336,14,True,336
j0-56,1,1577,40322677257137464,3,262,278,14,False,262
j0-56,1,1578,7372206428979843,2,278,310,14,False,278
j0-56,1,1579,22818051169382091,95,278,278,14,False,278
j0-56,1,1580,11538497437232274,104,268,278,13,False,268
j0-56,1,1581,41320170553099328,104,288,304,14,False,288
j0-56,1,1582,10217086970111133,0,278,262,14,False,278
j0-56,1,1583,40005958193544825,711,278,262,13,True,262
j0-56,1,1584,17541113545267518,292,304,272,14,True,272
j0-56,1,1585,10593718549261603,194,242,242,12,True,242
j0-56,1,1586,3466905159935935,9,268,284,12,False,268
j0-56,1,1587,41935836483464312,366,262,294,14,False,262
j0-56,1,1588,21699120994368492,811,278,272,14,True,272
j0-56,1,1589,36617369154208437,734,252,236,14,True,236
j0-56,1,1590,6969963391206192,243,278,304,14,True,304
j0-56,1,1591,18357502246905122,0,294,252,13,False,294
j0-56,1,1592,18504001204820004,199,268,252,13,True,252
j0-56,1,1593,2645247390018090,656,226,226,12,True,226
j0-56,1,1594,38149516536849740,1023,252,236,13,False,252
j0-56,1,1595,29737609480921674,321,294,310,14,False,294
j0-56,1,1596,46286999202317121,7,294,278,13,False,294
j0-56,1,1597,18221911890439266,4,268,278,13,False,268
j0-56,1,1598,45951286613330225,871,268,252,13,True,252
j0-56,1,1599,30432813658351917,837,278,272,14,True,272
j0-56,1,1600,41741009705205768,0,252,284,13,False,252
j0-56,1,1601,50289669679945265,604,268,236,13,True,236
j0-56,1,1602,31280768155456112,1023,278,268,14,False,278
j0-56,1,1603,13369324316893538,1,246,262,13,False,246
j0-56,1,1604,4632602259758586,104,304,304,14,False,304
j0-56,1,1605,16254785948694076,369,278,262,14,True,262
j0-56,1,1606,39628936863504176,1023,288,272,14,False,288
j0-56,1,1607,35709127762541505,95,252,294,12,False,252
j0-56,1,1608,27668686279506118,1023,262,310,14,False,262
j0-56,1,1609,15936303679505831,0,294,252,13,False,294
j0-56,1,1610,10596218560043530,364,262,246,13,False,262
j0-56,1,1611,8263020488508065,7,288,336,14,False,288
j0-56,1,1612,30792723662889918,201,268,236,12,True,236
j0-56,1,1613,40729194408351472,104,278,252,13,False,278
j0-56,1,1614,37616113399374908,872,278,278,14,False,278
j0-56,1,1615,18808470577913463,95,278,310,14,False,278
j0-56,1,1616,20047494690151026,8,268,348,13,False,268
j0-56,1,1617,52787817265458109,199,252,236,13,True,236
j0-56,1,1618,49376492972631826,1023,288,294,14,False,288
j0-56,1,1619,1285781674007297,10,268,316,13,False,268
j0-56,1,1620,30015349399093615,1023,262,278,14,False,262
j0-56,1,1621,39314542241424586,4,294,310,14,False,294
j0-56,1,1622,22100432719720424,12,252,268,13,False,252
j0-56,1,1623,19108942719418697,207,268,258,13,True,258
j0-56,1,1624,27701760265143488,330,242,226,12,True,226
j0-56,1,1625,23541228907050322,2,304,278,14,False,304
j0-56,1,1626,15299003709381034,324,268,268,13,True,268
j0-56,1,1627,47581643529622670,9,278,310,14,False,278
j0-56,1,1628,32385267812873056,2,278,272,14,False,278
j0-56,1,1629,53088517003570713,106,262,252,13,False,262
j0-56,1,1630,52367050468415613,1023,252,262,13,False,252
j0-56,1,1631,29690916680736098,616,278,288,13,True,288
j0-56,1,1632,32020501519740679,3,252,252,13,False,252
j0-56,1,1633,46574732578221275,6,284,284,12,False,284
j0-56,1,1634,12547928728746481,13,242,258,12,False,242
j0-56,1,1635,9564557129472236,299,268,278,14,True,278
j0-56,1,1636,15989024173213181,95,278,252,13,False,278
j0-56,1,1637,44479531263175928,1023,262,294,14,False,262
j0-56,1,1638,14253625474111191,734,278,278,14,True,278
j0-56,1,1639,46912030955689917,240,288,262,14,False,288
j0-56,1,1640,36307869457645077,879,262,252,14,False,262
j0-56,1,1641,24328982759865245,743,278,284,13,True,284
j0-56,1,1642,27444188329600181,622,278,252,13,False,278
j0-56,1,1643,25962699402989594,1023,278,294,14,False,278
j0-56,1,1644,4682700118918025,104,268,284,13,False,268
j0-56,1,1645,8115445691929816,95,278,284,13,False,278
j0-56,1,1646,42171839933084739,0,278,310,14,False,278
j0-56,1,1647,16313563165986102,739,278,272,14,True,272
j0-56,1,1648,19758602086846731,204,278,278,14,True,278
j0-56,1,1649,34259800674848050,286,262,246,13,True,246
j0-56,1,1650,35435518163853084,858,294,278,14,True,278
j0-56,1,1651,52657502345384084,3,298,278,14,False,298
j0-56,1,1652,27831331766007349,847,278,262,13,True,262
j0-56,1,1653,6228236842749273,16,294,272,14,False,294
j0-56,1,1654,9631233208773645,212,278,246,14,True,246
j0-56,1,1655,7305850064976070,626,278,278,13,False,278
j0-56,1,1656,6115038905539030,1023,262,262,14,False,262
j0-56,1,1657,12843255288608883,104,278,284,13,False,278
j0-56,1,1658,27408403746965122,106,304,310,14,False,304
j0-56,1,1659,20087691478492320,8,278,268,13,False,278
j0-56,1,1660,21840960218883349,106,278,342,14,False,278
j0-56,1,1661,43871999475112339,7,278,278,14,False,278
j0-56,1,1662,46561185786979704,7,272,282,15,False,272
j0-56,1,1663,45586964699412168,2,216,232,10,False,216
j0-56,1,1664,47679309902521102,104,252,284,12,False,252
j0-56,1,1665,11132789428566640,13,278,304,14,False,278
j0-56,1,1666,30877964109966998,2,268,252,13,False,268
j0-56,1,1667,20881579937572840,4,278,246,14,False,278
j0-56,1,1668,15754288559579103,3,278,310,14,False,278
j0-56,1,1669,23789066279973614,95,278,284,14,False,278
j0-56,1,1670,49665648031127062,95,268,284,13,False,268
j0-56,1,1671,32605196532910874,827,268,284,13,True,284
j0-56,1,1672,29462820151933395,869,294,262,14,True,262
j0-56,1,1673,13801681453357441,821,278,266,14,True,266
j0-56,1,1674,28894118950868426,1023,262,246,14,False,262
j0-56,1,1675,25123296040900402,0,278,304,14,False,278
j0-56,1,1676,23294522284273330,7,294,304,14,False,294
j0-56,1,1677,22461152180358985,8,304,310,14,False,304
j0-56,1,1678,26684918327331638,349,252,252,13,True,252
j0-56,1,1679,52628846615982019,104,252,268,13,False,252
j0-56,1,1680,4325706647800410,325,252,252,13,True,252
j0-56,1,1681,50794122868321942,1023,252,294,13,False,252
j0-56,1,1682,25602905342778816,1023,262,278,14,False,262
j0-56,1,1683,17672218872801702,7,278,310,14,False,278
j0-56,1,1684,32224448222075883,294,268,278,14,True,278
j0-56,1,1685,4728930569976122,878,288,298,14,True,298
j0-56,1,1686,26565065176690536,309,288,256,14,False,288
j0-56,1,1687,39273669056540960,95,294,304,14,False,294
j0-56,1,1688,49081748892464251,106,268,252,13,False,268
j0-56,1,1689,13150569987517193,95,278,278,14,False,278
j0-56,1,1690,30733119702852960,663,278,262,14,True,262
j0-56,1,1691,43350151483756546,278,268,300,13,False,268
j0-56,1,1692,13492298388627401,1,294,304,14,False,294
j0-56,1,1693,23946611051270863,12,294,252,13,False,294
j0-56,1,1694,17546022497646366,187,294,272,14,True,272
j0-56,1,1695,3899672976303557,217,268,316,13,True,316
j0-56,1,1696,26947160068309898,4,252,246,13,False,252
j0-56,1,1697,40594056275553392,0,294,278,13,False,294
j0-56,1,1698,40155177979126812,191,288,310,14,True,310
j0-56,1,1699,34091780657050686,95,278,336,14,False,278
j0-56,1,1700,16616617691016325,1,278,304,14,False,278
j0-56,1,1701,39212001116842930,7,278,310,14,False,278
j0-56,1,1702,16451741451414924,868,262,294,14,True,294
j0-56,1,1703,5799068126881858,1023,252,252,12,False,252
j0-56,1,1704,5761788332940764,724,268,246,13,True,246
j0-56,1,1705,28508572225565836,615,278,256,14,True,256
j0-56,1,1706,286800346038148,1023,236,242,13,False,236
j0-56,1,1707,37986023208935930,629,252,278,13,False,252
j0-56,1,1708,764069913357697,728,288,288,14,True,288
j0-56,1,1709,46665392247480229,673,262,246,13,True,246
j0-56,1,1710,27016776519748563,1,222,238,10,False,222
j0-56,1,1711,44811273341302998,1023,242,226,11,False,242
j0-56,1,1712,23903089375638685,854,278,278,13,True,278
j0-56,1,1713,40071211310582422,95,268,284,13,False,268
j0-56,1,1714,4919351696041220,8,294,294,13,False,294
j0-56,1,1715,36981172759712710,623,268,278,13,False,268
j0-56,1,1716,16951216708595909,13,278,278,13,False,278
j0-56,1,1717,31022908735810667,104,262,278,13,False,262
j0-56,1,1718,490120567198560,9,278,310,14,False,278
j0-56,1,1719,25514548768815625,328,268,236,13,True,236
j0-56,1,1720,20082141643472116,1023,262,262,14,False,262
j0-56,1,1721,13742438364869649,104,268,268,13,False,268
j0-56,1,1722,25712901199157665,201,278,278,14,True,278
j0-56,1,1723,13392486331294625,340,278,304,14,True,304
j0-56,1,1724,17781983748328839,1023,246,262,14,False,246
j0-56,1,1725,35937462886476016,710,252,268,13,True,268
j0-56,1,1726,5424863490735147,812,278,278,14,True,278
j0-56,1,1727,44134003284497678,827,288,278,14,True,278
j0-56,1,1728,52965338780874274,201,278,294,14,True,294
j0-56,1,1729,47027044939055149,749,252,278,13,False,252
j0-56,1,1730,10332570860609424,7,268,268,13,False,268
j0-56,1,1731,50477008260729940,1023,262,278,14,False,262
j0-56,1,1732,44843514366515820,1,294,294,14,False,294
j0-56,1,1733,51317418603878614,874,252,252,14,False,252
j0-56,1,1734,41269321952790907,13,268,268,12,False,268
j0-56,1,1735,52944816609068320,106,278,262,13,False,278
j0-56,1,1736,48497988468221354,104,278,278,14,False,278
j0-56,1,1737,4129047902875868,858,268,236,13,True,236
j0-56,1,1738,52276198705103171,888,278,304,14,False,278
j0-56,1,1739,2521638459054226,95,258,258,12,False,258
j0-56,1,1740,27412903770261983,620,262,262,14,False,262
j0-56,1,1741,32640593785416302,95,278,278,13,False,278
j0-56,1,1742,49297800647601200,95,278,278,14,False,278
j0-56,1,1743,1466917695106445,95,268,278,13,False,268
j0-56,1,1744,43176525918730216,1023,262,336,15,False,262
j0-56,1,1745,51084250317394315,180,278,252,14,True,252
j0-56,1,1746,49468002095867583,8,294,278,14,False,294
j0-56,1,1747,19895023200693387,309,278,272,14,False,278
j0-56,1,1748,17700829458962541,873,278,278,14,True,278
j0-56,1,1749,45609281803987329,95,246,262,14,False,246
j0-56,1,1750,8599511968990211,866,278,278,14,True,278
j0-56,1,1751,9074037545949583,2,294,284,13,False,294
j0-56,1,1752,34598411779977169,4,252,268,12,False,252
j0-56,1,1753,6718312860839105,95,252,268,14,False,252
j0-56,1,1754,19341261514871401,1023,278,272,14,False,278
j0-56,1,1755,13086624131669029,95,278,304,14,False,278
j0-56,1,1756,24939862024897571,12,278,278,14,False,278
j0-56,1,1757,51560300982676976,880,252,252,13,False,252
j0-56,1,1758,33166293870262419,698,294,304,13,True,304
j0-56,1,1759,24525173665217499,9,304,310,14,False,304
j0-56,1,1760,12153453132288188,3,294,278,14,False,294
j0-56,1,1761,49030502896408443,358,262,246,13,True,246
j0-56,1,1762,36277795196844975,681,278,262,14,True,262
j0-56,1,1763,38616285360748082,8,278,300,14,False,278
j0-56,1,1764,15083247559797812,104,262,278,13,False,262
j0-56,1,1765,18685470597674268,293,278,236,13,True,236
j0-56,1,1766,22717675535285898,12,294,284,13,False,294
j0-56,1,1767,27784054369618564,8,278,294,14,False,278
j0-56,1,1768,21439362264261956,0,278,252,14,False,278
j0-56,1,1769,25682839933059187,1,262,294,14,False,262
j0-56,1,1770,27538411349700887,7,278,278,14,False,278
j0-56,1,1771,11545498794740183,208,268,246,13,True,246
j0-56,1,1772,426191146233857,105,268,278,14,False,268
j0-56,1,1773,5546693218427065,239,278,252,14,False,278
j0-56,1,1774,16749986654226791,104,294,294,14,False,294
j0-56,1,1775,29042050076856312,194,294,278,14,True,278
j0-56,1,1776,32906450221817385,368,288,304,14,False,288
j0-56,1,1777,38669268938059899,95,278,262,13,False,278
j0-56,1,1778,44833355798578927,95,252,252,13,False,252
j0-56,1,1779,33792983244484226,318,262,284,13,True,284
j0-56,1,1780,48932823638146515,104,252,252,13,False,252
j0-56,1,1781,103315948963204,104,268,288,13,False,268
j0-56,1,1782,37739357732211445,340,278,262,13,True,262
j0-56,1,1783,44331050014750209,827,294,304,14,True,304
j0-56,1,1784,49676365886934902,884,272,272,14,False,272
j0-56,1,1785,3084248933531451,104,278,272,14,False,278
j0-56,1,1786,17904064082679822,12,294,278,14,False,294
j0-56,1,1787,14099782086724638,866,268,246,13,True,246
j0-56,1,1788,33843443504726192,1023,278,262,14,False,278
j0-56,1,1789,3678308950347845,834,278,230,14,True,230
j0-56,1,1790,28660341112719597,1023,278,288,14,False,278
j0-56,1,1791,44713919344003560,853,268,268,13,True,268
j0-56,1,1792,22200681045208673,846,278,262,14,True,262
j0-56,1,1793,1244091945462542,96,268,252,13,True,252
j0-56,1,1794,33590740036074764,11,258,278,13,False,258
j0-56,1,1795,46997239402542060,1023,272,262,13,False,272
j0-56,1,1796,43898582195954136,358,294,252,13,True,252
j0-56,1,1797,50041187746620177,12,268,278,13,False,268
j0-56,1,1798,52813903330776734,830,278,278,14,True,278
j0-56,1,1799,28335781538478579,104,216,216,10,False,216
j0-56,1,1800,28512122369296416,1,278,262,14,False,278
j0-56,1,1801,13429947024706469,864,294,278,14,True,278
j0-56,1,1802,42462741900543234,366,268,242,12,False,268
j0-56,1,1803,6168970415054272,609,268,252,13,True,252
j0-56,1,1804,7329645941142105,311,278,284,13,True,284
j0-56,1,1805,36267848232531738,842,252,210,13,True,210
j0-56,1,1806,30426469368623867,104,278,314,14,False,278
j0-56,1,1807,19329124789712078,95,252,278,13,False,252
j0-56,1,1808,22097013445130909,108,288,298,15,False,288
j0-56,1,1809,41678278581822380,0,246,236,13,False,246
j0-56,1,1810,18420355457205970,316,278,268,13,True,268
j0-56,1,1811,2768568902281028,1023,246,262,14,False,246
j0-56,1,1812,10099201906132161,858,268,252,13,True,252
j0-56,1,1813,27533049241314582,186,294,278,13,True,278
j0-56,1,1814,3302314324820446,8,262,278,14,False,262
j0-56,1,1815,26647618146006409,1023,304,268,14,False,304
j0-56,1,1816,4885572697726492,7,278,268,13,False,278
j0-56,1,1817,9407100783388582,334,304,262,14,True,262
j0-56,1,1818,6259382896684218,104,268,284,13,False,268
j0-56,1,1819,15751750378420535,295,294,310,14,True,310
j0-56,1,1820,12920105320121097,2,258,258,12,False,258
j0-56,1,1821,4682819931486677,750,252,252,13,False,252
j0-56,1,1822,18448677635932499,2,262,262,14,False,262
j0-56,1,1823,42429976923623548,16,278,336,14,False,278
j0-56,1,1824,4512772900831494,215,268,236,13,True,236
j0-56,1,1825,3628905327984928,211,268,252,12,True,252
j0-56,1,1826,45503422674885157,1023,252,268,13,False,252
j0-56,1,1827,39772245661888927,619,242,226,12,True,226
j0-56,1,1828,22309229246513829,95,278,310,14,False,278
j0-56,1,1829,37595973531033302,1023,278,262,14,False,278
j0-56,1,1830,13824471970656553,1023,226,226,11,False,226
j0-56,1,1831,31858806762012872,8,268,284,13,False,268
j0-56,1,1832,50732922385545762,8,294,278,13,False,294
j0-56,1,1833,35570717992995314,872,268,252,13,False,268
j0-56,1,1834,20078393795033067,824,236,236,13,True,236
j0-56,1,1835,25546952795179148,658,268,262,13,True,262
j0-56,1,1836,53417915283001402,278,278,262,14,False,278
j0-56,1,1837,31000415400821234,1023,304,294,15,False,304
j0-56,1,1838,22421046380254899,1023,278,262,14,False,278
j0-56,1,1839,25191817485923021,1023,278,294,14,False,278
j0-56,1,1840,51360272607214794,3,278,304,14,False,278
j0-56,1,1841,19125118122479859,8,278,262,14,False,278
j0-56,1,1842,11955240803576183,207,288,278,14,True,278
j0-56,1,1843,27233708215359047,95,278,304,14,False,278
j0-56,1,1844,52993325366670260,1023,268,268,12,False,268
j0-56,1,1845,1060007386038362,95,278,284,13,False,278
j0-56,1,1846,42039703706534691,1023,272,320,14,False,272
j0-56,1,1847,46699443690925720,8,288,288,13,False,288
j0-56,1,1848,4142202483115041,104,268,278,13,False,268
j0-56,1,1849,23333191354073378,105,226,258,13,False,226
j0-56,1,1850,39686668005624183,874,278,278,13,False,278
j0-56,1,1851,32338936544537780,295,294,278,14,True,278
j0-56,1,1852,17645307922792237,817,294,278,13,True,278
j0-56,1,1853,42559002807708971,1023,278,326,14,False,278
j0-56,1,1854,43256152549055010,864,278,262,14,True,262
j0-56,1,1855,14131101839052702,874,242,226,12,False,242
j0-56,1,1856,5951590062923091,104,278,294,14,False,278
j0-56,1,1857,7955645720507857,7,262,252,13,False,262
j0-56,1,1858,53032677939511808,104,278,304,14,False,278
j0-56,1,1859,41236261101430237,144,278,256,14,True,256
j0-56,1,1860,17426895145084322,346,242,246,12,False,242
j0-56,1,1861,28207321294737720,16,294,278,13,False,294
j0-56,1,1862,2891266904225418,856,278,278,13,True,278
j0-56,1,1863,2914044197739314,795,278,272,14,True,272
j0-56,1,1864,29034748795818235,287,294,310,14,True,310
j0-56,1,1865,10805514918934605,2,294,310,14,False,294
j0-56,1,1866,52394855020740740,705,294,236,14,True,236
j0-56,1,1867,45983734096995113,106,268,294,13,False,268
j0-56,1,1868,46566450895431197,852,278,272,14,False,278
j0-56,1,1869,30798858911047191,95,288,278,14,False,288
j0-56,1,1870,35902112446029405,329,252,246,13,True,246
j0-56,1,1871,5888087891981437,7,288,288,14,False,288
j0-56,1,1872,22110252530897740,3,294,294,14,False,294
j0-56,1,1873,48365711003714838,187,278,272,14,True,272
j0-56,1,1874,23290622586959040,1023,226,284,12,False,226
j0-56,1,1875,21600868450887614,343,288,288,13,True,288
j0-56,1,1876,36877154501994863,104,304,304,14,False,304
j0-56,1,1877,25763972658600976,95,278,304,14,False,278
j0-56,1,1878,40786911068178919,95,252,252,12,False,252
j0-56,1,1879,36971152105026462,104,242,258,12,False,242
j0-56,1,1880,25483821842334810,353,294,252,13,True,252
j0-56,1,1881,33794701699583569,227,268,252,13,True,252
j0-56,1,1882,16350602040254361,1023,262,278,14,False,262
j0-56,1,1883,11819222784181311,0,304,310,14,False,304
j0-56,1,1884,36227072790393527,692,278,310,14,True,310
j0-56,1,1885,8319728232898231,230,294,278,14,True,278
j0-56,1,1886,49132121236352838,95,304,252,14,False,304
j0-56,1,1887,12079912280271381,0,294,278,13,False,294
j0-56,1,1888,3717092602799727,1023,268,294,13,False,268
j0-56,1,1889,19063095538089363,824,268,262,13,True,262
j0-56,1,1890,20418979907049879,1023,278,268,13,False,278
j0-56,1,1891,6439396919401701,2,294,278,13,False,294
j0-56,1,1892,13703548565144085,331,294,278,14,True,278
j0-56,1,1893,49908583881160735,1023,278,294,14,False,278
j0-56,1,1894,48452962349823962,12,278,326,14,False,278
j0-56,1,1895,4408638578164774,95,262,310,13,False,262
j0-56,1,1896,1137706871318990,879,246,246,14,False,246
j0-56,1,1897,44092856502896751,3,268,284,13,False,268
j0-56,1,1898,44588070021349180,0,252,268,12,False,252
j0-56,1,1899,3793606659295506,840,278,294,14,True,294
j0-56,1,1900,28316950518885996,1023,252,236,14,False,252
j0-56,1,1901,11669465659360904,104,252,284,13,False,252
j0-56,1,1902,12479446220220592,0,252,258,13,False,252
j0-56,1,1903,26676125274906861,337,278,294,14,True,294
j0-56,1,1904,48969659338686120,604,258,210,12,True,210
j0-56,1,1905,13295823677402781,707,262,294,14,True,294
j0-56,1,1906,25234558951478578,346,294,278,14,False,294
j0-56,1,1907,15745905685446726,2,268,278,13,False,268
j0-56,1,1908,6621818807755631,710,232,232,11,True,232
j0-56,1,1909,52132373866896983,161,278,314,14,True,314
j0-56,1,1910,28128513652388947,234,252,284,13,False,252
j0-56,1,1911,8274076292050568,220,278,278,14,True,278
j0-56,1,1912,33972815011721140,877,242,242,12,True,242
j0-56,1,1913,19799475672707424,681,278,268,13,True,268
j0-56,1,1914,12673195062813587,220,242,268,12,True,268
j0-56,1,1915,45297372554619041,373,278,278,14,False,278
j0-56,1,1916,32761102605222822,11,294,278,14,False,294
j0-56,1,1917,40353038945680820,811,262,272,14,True,272
j0-56,1,1918,5003451831129392,13,268,268,13,False,268
j0-56,1,1919,5770909720768445,215,278,304,14,True,304
j0-56,1,1920,20492942219743194,104,268,284,12,False,268
j0-56,1,1921,24229118663583882,1,288,278,14,False,288
j0-56,1,1922,1686251446335949,104,278,310,14,False,278
j0-56,1,1923,3710218461701702,338,278,246,13,True,246
j0-56,1,1924,39559238383961756,104,268,278,13,False,268
j0-56,1,1925,4787525485223068,104,278,288,14,False,278
j0-56,1,1926,32703841729169692,180,278,262,14,True,262
j0-56,1,1927,53480595428546075,104,278,304,14,False,278
j0-56,1,1928,43076369366022161,205,278,278,14,True,278
j0-56,1,1929,32784972133026543,881,288,262,15,False,288
j0-56,1,1930,31528954035681288,811,252,236,12,True,236
j0-56,1,1931,15668006234524171,0,278,278,14,False,278
j0-56,1,1932,49735440684342831,1023,242,226,12,False,242
j0-56,1,1933,25398152569626682,200,278,304,14,True,304
j0-56,1,1934,10015813455423082,348,278,256,14,True,256
j0-56,1,1935,19517816847601776,205,262,278,14,True,278
j0-56,1,1936,27893494528041657,98,268,284,13,True,284
j0-56,1,1937,42007748030157884,315,278,262,14,True,262
j0-56,1,1938,10531498874142744,95,268,268,13,False,268
j0-56,1,1939,24948011028852820,707,268,252,13,True,252
j0-56,1,1940,40197290652289359,0,278,278,14,False,278
j0-56,1,1941,31420602092961951,204,258,288,13,True,288
j0-56,1,1942,49665547502349954,234,252,236,13,False,252
j0-56,1,1943,7655328748329586,688,294,252,13,True,252
j0-56,1,1944,49662703480512416,186,288,288,14,True,288
j0-56,1,1945,19152643994157693,12,252,252,13,False,252
j0-56,1,1946,11471584391570263,95,268,268,13,False,268
j0-56,1,1947,2767669544546012,707,304,278,14,True,278
j0-56,1,1948,8228733203877020,753,278,272,14,True,272
j0-56,1,1949,47895973114426151,323,278,278,14,True,278
j0-56,1,1950,16115640442540349,1023,278,246,14,False,278
j0-56,1,1951,13193743961385040,1023,252,236,13,False,252
j0-56,1,1952,49427853013237409,879,268,268,13,False,268
j0-56,1,1953,17604544112470348,229,268,258,12,True,258
j0-56,1,1954,8751724139326147,95,252,310,13,False,252
j0-56,1,1955,19186693507482125,849,278,246,14,True,246
j0-56,1,1956,5322364837359259,752,268,258,12,False,268
j0-56,1,1957,22699903019257762,116,242,258,12,True,258
j0-56,1,1958,30578297433005482,827,262,246,14,True,246
j0-56,1,1959,27018676257281735,106,278,310,14,False,278
j0-56,1,1960,5734989116928125,105,268,278,13,False,268
j0-56,1,1961,15482900656448003,855,278,310,14,True,310
j0-56,1,1962,24772109401250612,829,304,310,14,True,310
j0-56,1,1963,27929771219631554,346,294,262,14,False,294
j0-56,1,1964,41003296184717461,1023,304,294,14,False,304
j0-56,1,1965,4382340793888994,204,268,226,13,True,226
j0-56,1,1966,47000994055519137,726,288,288,14,True,288
j0-56,1,1967,48029152415339441,104,278,278,14,False,278
j0-56,1,1968,39046978144444545,632,278,256,14,True,256
j0-56,1,1969,45092396676711260,360,252,262,13,True,262
j0-56,1,1970,33428316061048313,13,268,262,13,False,268
j0-56,1,1971,2619591711688374,95,242,258,12,False,242
j0-56,1,1972,28499903970739581,224,268,278,13,False,268
j0-56,1,1973,17421988403856965,2,262,262,14,False,262
j0-56,1,1974,22091276650760618,198,278,262,14,True,262
j0-56,1,1975,25780973527601376,229,236,236,13,True,236
j0-56,1,1976,51888640982057974,1023,226,226,12,False,226
j0-56,1,1977,13560650402642395,871,278,236,14,True,236
j0-56,1,1978,11534135716643520,95,252,236,12,False,252
j0-56,1,1979,10722964307080535,867,278,278,14,False,278
j0-56,1,1980,14347808323873855,13,278,278,14,False,278
j0-56,1,1981,24534819570177059,1023,268,268,13,False,268
j0-56,1,1982,26430395574556889,1023,288,246,14,False,288
j0-56,1,1983,21628725928609686,1,268,262,13,False,268
j0-56,1,1984,1217636688578103,1023,268,236,13,False,268
j0-56,1,1985,17516936261808236,1023,278,262,14,False,278
j0-56,1,1986,29178065502715349,805,252,268,13,True,268
j0-56,1,1987,8711720058802744,807,278,262,14,True,262
j0-56,1,1988,39749574172097978,630,252,262,13,False,252
j0-56,1,1989,47745127454391161,881,252,236,13,False,252
j0-56,1,1990,42229971488031288,219,278,236,14,False,278
j0-56,1,1991,43993588322284979,105,268,310,13,False,268
j0-56,1,1992,47969837859028542,1023,278,294,13,False,278
j0-56,1,1993,49906208808896122,1,268,258,12,False,268
j0-56,1,1994,14515457402198079,283,262,294,14,True,294
j0-56,1,1995,38900196389959833,95,294,336,14,False,294
j0-56,1,1996,47548111989402623,853,272,272,13,True,272
j0-56,1,1997,14771504203253909,867,288,288,15,False,288
j0-56,1,1998,945667637266505,11,294,294,14,False,294
j0-56,1,1999,51888832305182913,95,268,252,13,False,268
j0-56,1,2000,20703867227666443,104,262,262,14,False,262
j0-56,1,2001,21039311392256659,2,304,294,14,False,304
j0-56,1,2002,29533522294459301,629,268,284,13,False,268
j0-56,1,2003,18161377815682085,1023,252,262,13,False,252
j0-56,1,2004,951877775935747,1,278,294,14,False,278
j0-56,1,2005,5121900132114362,95,262,272,14,False,262
j0-56,1,2006,20447377760565800,104,278,310,14,False,278
j0-56,1,2007,16302772140844409,1023,252,236,12,False,252
j0-56,1,2008,7258523360404422,833,268,258,12,True,258
j0-56,1,2009,35091248861502811,4,304,278,14,False,304
j0-56,1,2010,44227667487732753,656,268,262,13,True,262
j0-56,1,2011,38537635031652688,16,278,262,13,False,278
j0-56,1,2012,32987740050229727,1023,236,236,14,False,236
j0-56,1,2013,44314590947692199,805,294,278,13,True,278
j0-56,1,2014,46366346262222124,91,294,278,14,True,278
j0-56,1,2015,41797849286953925,104,278,278,15,False,278
j0-56,1,2016,2648387895997818,673,252,268,13,True,268
j0-56,1,2017,6368100013281852,369,262,272,14,True,272
j0-56,1,2018,43788058709723438,4,278,284,13,False,278
j0-56,1,2019,35723481923405021,3,268,288,13,False,268
j0-56,1,2020,30974103016127760,104,294,278,14,False,294
j0-56,1,2021,26533987946212628,104,278,310,14,False,278
j0-56,1,2022,43068550620146871,368,278,252,13,False,278
j0-56,1,2023,6663056632689476,3,268,284,13,False,268
j0-56,1,2024,26692180128895088,1023,262,288,14,False,262
j0-56,1,2025,46874574737144933,215,252,236,12,True,236
j0-56,1,2026,38944410860043505,375,262,262,14,False,262
j0-56,1,2027,9373927619154734,7,252,258,12,False,252
j0-56,1,2028,4515042598897107,105,278,294,13,False,278
j0-56,1,2029,8217499211790176,322,288,272,14,True,272
j0-56,1,2030,4829838775293865,800,262,246,13,True,246
j0-56,1,2031,27713639816732194,1023,262,262,14,False,262
j0-56,1,2032,33817638193839348,367,278,278,14,False,278
j0-56,1,2033,138873068751061,311,252,252,13,True,252
j0-56,1,2034,1237848054525942,105,294,278,14,False,294
j0-56,1,2035,20081533730569636,800,278,278,14,True,278
j0-56,1,2036,20262902792189874,1023,288,288,14,False,288
j0-56,1,2037,9635069343748401,821,284,278,14,True,278
j0-56,1,2038,27160350180796638,373,268,252,12,False,268
j0-56,1,2039,47384862222493138,218,268,288,13,True,288
j0-56,1,2040,24350968021018754,3,278,342,14,False,278
j0-56,1,2041,20369467304489213,216,304,288,14,True,288
j0-56,1,2042,34921122290374956,610,268,236,13,True,236
j0-56,1,2043,22989290995112700,3,268,284,12,False,268
j0-56,1,2044,15340694838773419,630,252,252,13,False,252
j0-56,1,2045,40403745652147972,144,278,252,14,True,252
j0-56,1,2046,5173611653068703,759,278,272,14,False,278
j0-56,1,2047,52054538337404359,241,262,304,14,True,304
j0-56,1,2048,13898684953917961,217,304,278,14,True,278
j0-56,1,2049,51183426043708782,13,288,284,14,False,288
j0-56,1,2050,9633746975602296,161,262,262,14,True,262
j0-56,1,2051,24097276953302845,180,278,278,13,True,278
j0-56,1,2052,31455328467183653,848,268,252,13,True,252
j0-56,1,2053,42656096261676185,104,268,300,12,False,268
j0-56,1,2054,46095483647271382,873,252,262,13,True,262
j0-56,1,2055,3272918034295721,4,268,284,13,False,268
j0-56,1,2056,28080672964452279,880,252,236,13,False,252
j0-56,1,2057,25699006597574839,1,268,284,13,False,268
j0-56,1,2058,13461609645562581,7,268,310,13,False,268
j0-56,1,2059,45028742094966310,372,262,262,14,False,262
j0-56,1,2060,30339987677366129,286,278,278,13,True,278
j0-56,1,2061,50517255391829172,746,226,258,12,True,258
j0-56,1,2062,25423996089641845,9,278,278,14,False,278
j0-56,1,2063,35141561431352083,7,262,262,13,False,262
j0-56,1,2064,16626899248288224,692,262,230,13,True,230
j0-56,1,2065,33624640925970829,100,278,284,13,True,284
j0-56,1,2066,51086878593017166,95,278,262,14,False,278
j0-56,1,2067,52532856049221345,104,262,262,14,False,262
j0-56,1,2068,2353436958253,104,268,278,13,False,268
j0-56,1,2069,51437195914299823,0,278,284,13,False,278
j0-56,1,2070,53290253319804310,731,294,278,14,True,278
j0-56,1,2071,34755771642571084,868,278,278,14,True,278
j0-56,1,2072,38400419402373100,318,278,284,14,True,284
j0-56,1,2073,34819994900005503,674,272,252,13,True,252
j0-56,1,2074,23674324360428283,742,268,284,12,True,284
j0-56,1,2075,530848769928361,104,278,278,14,False,278
j0-56,1,2076,27908869591068752,221,242,258,12,True,258
j0-56,1,2077,22888332180519094,1023,236,236,13,False,236
j0-56,1,2078,4499739884730030,95,278,278,14,False,278
j0-56,1,2079,27574986907526635,829,242,226,12,True,226
j0-56,1,2080,30222133454344461,105,252,272,14,False,252
j0-56,1,2081,3580520246910476,1023,278,262,14,False,278
j0-56,1,2082,52036004690876540,156,278,304,14,True,304
j0-56,1,2083,4166383882997692,228,278,278,14,True,278
j0-56,1,2084,37364854930918180,855,252,262,14,True,262
j0-56,1,2085,2009086301506765,623,288,304,14,False,288
j0-56,1,2086,46604138461097020,169,278,294,14,True,294
j0-56,1,2087,26019855028283208,0,304,310,14,False,304
j0-56,1,2088,52451808477139711,2,268,284,13,False,268
j0-56,1,2089,686693228189282,870,294,278,14,True,278
j0-56,1,2090,44568843534617676,11,252,278,13,False,252
j0-56,1,2091,45172016889833841,1023,236,262,13,False,236
j0-56,1,2092,53227351316709643,104,268,268,13,False,268
j0-56,1,2093,10220527639619104,829,268,278,13,True,278
j0-56,1,2094,39055125042145468,0,278,236,14,False,278
j0-56,1,2095,50551044457558876,106,272,288,14,False,272
j0-56,1,2096,2407212039900052,626,262,278,14,False,262
j0-56,1,2097,5203707123092897,315,294,284,13,True,284
j0-56,1,2098,33140784024271706,100,288,272,14,True,272
j0-56,1,2099,22973177176017362,104,262,304,14,False,262
j0-56,1,2100,20441079172875036,1,294,278,14,False,294
j0-56,1,2101,12572500911963302,16,304,278,14,False,304
j0-56,1,2102,8825973188928008,13,278,316,14,False,278
j0-56,1,2103,11902112215368623,846,278,252,14,True,252
j0-56,1,2104,26186987855400023,829,278,278,14,True,278
j0-56,1,2105,45376704723879279,8,294,304,14,False,294
j0-56,1,2106,34193712366050895,104,278,278,14,False,278
j0-56,1,2107,16906904212261864,751,272,272,14,False,272
j0-56,1,2108,42624842954208571,95,262,284,13,False,262
j0-56,1,2109,52615022518747434,837,278,246,14,True,246
j0-56,1,2110,9630124871538479,751,262,304,14,False,262
j0-56,1,2111,48876782365717928,4,278,284,13,False,278
j0-56,1,2112,31991183197504194,105,278,294,14,False,278
j0-56,1,2113,41602796540816683,103,278,282,14,True,282
j0-56,1,2114,32190995921502353,104,278,294,14,False,278
j0-56,1,2115,40355515497264903,7,278,304,14,False,278
j0-56,1,2116,9405340176438437,11,268,316,13,False,268
j0-56,1,2117,44395067497356992,866,258,242,12,True,242
j0-56,1,2118,12970335435546612,1023,262,262,14,False,262
j0-56,1,2119,47558307717211011,312,288,272,14,True,272
j0-56,1,2120,15771638717186475,322,278,278,14,True,278
j0-56,1,2121,18981978440312918,790,304,342,14,True,342
j0-56,1,2122,31367671854503351,713,294,278,13,True,278
j0-56,1,2123,26844115361450723,12,252,252,14,False,252
j0-56,1,2124,43339975170086716,334,294,278,14,True,278
j0-56,1,2125,44869133039133413,0,288,288,14,False,288
j0-56,1,2126,8581168349252951,104,278,284,13,False,278
j0-56,1,2127,42252868884237430,614,268,252,12,True,252
j0-56,1,2128,45466788220460282,718,268,278,12,True,278
j0-56,1,2129,30627962465096225,105,278,304,14,False,278
j0-56,1,2130,38865614590122881,110,278,278,14,False,278
j0-56,1,2131,26863893100232436,1023,268,268,13,False,268
j0-56,1,2132,30027304647197187,1023,262,256,14,False,262
j0-56,1,2133,32651120861584977,12,278,268,12,False,278
j0-56,1,2134,30287673249674998,741,242,226,12,True,226
j0-56,1,2135,39609588036463232,705,278,278,14,True,278
j0-56,1,2136,16628730752534993,95,288,304,14,False,288
j0-56,1,2137,21188999401016200,629,278,278,14,False,278
j0-56,1,2138,15561326465627016,242,252,236,13,False,252
j0-56,1,2139,53003367878852644,16,278,278,14,False,278
j0-56,1,2140,29512100658691969,823,278,262,14,True,262
j0-56,1,2141,34113444036397959,853,278,246,13,True,246
j0-56,1,2142,17994548031310067,373,278,304,14,False,278
j0-56,1,2143,30651070113694721,9,288,294,14,False,288
j0-56,1,2144,7725875835920041,807,278,262,14,True,262
j0-56,1,2145,21858824099503665,2,268,294,13,False,268
j0-56,1,2146,38040889640928186,363,288,304,14,True,304
j0-56,1,2147,51841320316315562,146,268,252,13,True,252
j0-56,1,2148,18913837906518914,757,278,278,13,True,278
j0-56,1,2149,48273633261325726,13,278,252,14,False,278
j0-56,1,2150,52057470327326693,236,252,236,13,True,236
j0-56,1,2151,9251804659951561,628,268,284,12,True,284
j0-56,1,2152,49524059178854110,194,288,278,14,True,278
j0-56,1,2153,7645098734407290,204,278,272,14,True,272
j0-56,1,2154,19514125885434749,95,278,342,14,False,278
j0-56,1,2155,49627504663573942,112,252,262,13,False,252
j0-56,1,2156,36854393335344638,104,278,278,14,False,278
j0-56,1,2157,46945599251527433,1023,278,246,13,False,278
j0-56,1,2158,19543102957221158,310,278,278,12,True,278
j0-56,1,2159,18458883965451315,16,278,262,14,False,278
j0-56,1,2160,40724233204799883,717,278,262,14,True,262
j0-56,1,2161,8398276211543657,2,262,262,14,False,262
j0-56,1,2162,19399115003883384,0,268,252,14,False,268
j0-56,1,2163,13041339733750495,104,268,278,13,False,268
j0-56,1,2164,47595189821916609,13,278,278,14,False,278
j0-56,1,2165,40461538576944561,834,294,262,13,True,262
j0-56,1,2166,2181442874174651,333,304,278,14,True,278
j0-56,1,2167,29906119220159583,754,252,262,13,False,252
j0-56,1,2168,17328030095269116,1023,278,272,14,False,278
j0-56,1,2169,8339407164746708,4,278,288,14,False,278
j0-56,1,2170,7571682427705417,663,268,258,12,True,258
j0-56,1,2171,20532021443287875,2,268,320,13,False,268
j0-56,1,2172,44463503756253879,8,268,284,13,False,268
j0-56,1,2173,19837252263823481,1023,236,236,13,False,236
j0-56,1,2174,42151035312683621,878,288,310,14,True,310
j0-56,1,2175,3719243313334107,0,252,252,14,False,252
j0-56,1,2176,34016314457808519,297,278,304,15,True,304
j0-56,1,2177,43246631109130958,723,278,246,13,True,246
j0-56,1,2178,8976395238679741,8,288,326,14,False,288
j0-56,1,2179,3315069699309303,1023,262,246,14,False,262
j0-56,1,2180,14758352147243767,727,288,272,14,True,272
j0-56,1,2181,2990612973731000,2,304,294,14,False,304
j0-56,1,2182,47265345758622434,104,304,284,13,False,304
j0-56,1,2183,35025914650550257,851,268,252,13,True,252
j0-56,1,2184,24504122056822078,242,262,294,14,False,262
j0-56,1,2185,26306890337713829,105,262,304,14,False,262
j0-56,1,2186,29827311672706547,223,272,320,13,False,272
j0-56,1,2187,33102934528144476,95,268,274,12,False,268
j0-56,1,2188,23335151769970309,1023,278,288,14,False,278
j0-56,1,2189,6722673891833220,819,294,310,14,True,310
j0-56,1,2190,42535956718258130,739,294,284,13,True,284
j0-56,1,2191,16650185830870051,842,304,304,14,True,304
j0-56,1,2192,36331302809754056,1023,242,268,12,False,242
j0-56,1,2193,14184315545869590,1,304,304,14,False,304
j0-56,1,2194,29655677886887774,4,268,284,13,False,268
j0-56,1,2195,45966821682785166,0,252,284,13,False,252
j0-56,1,2196,8606151749084294,244,262,294,14,False,262
j0-56,1,2197,157804189218413,614,268,226,13,True,226
j0-56,1,2198,31477707349854523,118,268,252,13,True,252
j0-56,1,2199,2086745450581377,115,304,278,14,False,304
j0-56,1,2200,11818165919852641,106,242,242,11,False,242
j0-56,1,2201,14266266941002194,161,262,236,14,True,236
j0-56,1,2202,30701334886156585,4,304,336,15,False,304
j0-56,1,2203,47541899720009183,1023,242,280,11,False,242
j0-56,1,2204,19514392272076641,112,278,278,14,False,278
j0-56,1,2205,5184927770386102,12,268,252,12,False,268
j0-56,1,2206,38536318205059153,239,262,246,14,False,262
j0-56,1,2207,40002943715320570,106,268,284,13,False,268
j0-56,1,2208,4922039710653868,2,268,252,13,False,268
j0-56,1,2209,22822861385299310,100,278,262,14,True,262
j0-56,1,2210,36079431959143388,309,268,252,13,False,268
j0-56,1,2211,8108772780035323,1023,288,310,14,False,288
j0-56,1,2212,40601641447840519,12,278,310,14,False,278
j0-56,1,2213,26595454799313106,616,278,304,14,True,304
j0-56,1,2214,33089929442539645,95,272,304,13,False,272
j0-56,1,2215,5795028985643321,842,288,320,14,True,320
j0-56,1,2216,8009604771130379,1023,252,252,13,False,252
j0-56,1,2217,1156534977650048,105,268,268,13,False,268
j0-56,1,2218,49222581937049254,1023,278,294,14,False,278
j0-56,1,2219,14908972351388829,0,288,288,14,False,288
j0-56,1,2220,20501073152931718,95,278,304,14,False,278
j0-56,1,2221,50212280838088809,104,278,310,14,False,278
j0-56,1,2222,9877019875927976,673,252,272,13,True,272
j0-56,1,2223,28198363930126513,4,268,268,12,False,268
j0-56,1,2224,20633641275253238,104,268,278,13,False,268
j0-56,1,2225,50591292762410524,627,278,246,13,True,246
j0-56,1,2226,29426999316713330,1,268,252,12,False,268
j0-56,1,2227,25947321078331738,16,278,284,13,False,278
j0-56,1,2228,42394491002969694,1023,252,252,12,False,252
j0-56,1,2229,17385294155283862,705,252,220,13,True,220
j0-56,1,2230,47322241613128130,105,278,278,14,False,278
j0-56,1,2231,52403483397128397,864,294,272,14,True,272
j0-56,1,2232,3696624601389398,827,252,274,11,True,274
j0-56,1,2233,15841204425777237,861,278,272,14,True,272
j0-56,1,2234,26205256813845605,1023,252,272,13,False,252
j0-56,1,2235,19818151354218411,9,278,310,14,False,278
j0-56,1,2236,23387399514869989,95,288,320,14,False,288
j0-56,1,2237,46900605146976605,95,252,268,13,False,252
j0-56,1,2238,21359119078076396,1023,278,272,14,False,278
j0-56,1,2239,26872501397994067,115,252,288,13,False,252
j0-56,1,2240,15238534155727959,13,304,278,14,False,304
j0-56,1,2241,47075054608316984,95,268,252,13,False,268
j0-56,1,2242,10818570409175844,7,278,278,13,False,278
j0-56,1,2243,6163301394613973,106,304,330,15,False,304
j0-56,1,2244,30952528443223820,730,294,252,13,True,252
j0-56,1,2245,52920490637962752,1023,262,262,14,False,262
j0-56,1,2246,47388026799098912,1023,278,294,14,False,278
j0-56,1,2247,31250472458701575,0,278,262,14,False,278
j0-56,1,2248,40598693437286874,211,304,272,15,True,272
j0-56,1,2249,52162031091553213,730,258,226,12,True,226
j0-56,1,2250,33339222827451127,105,278,310,14,False,278
j0-56,1,2251,52914281157493335,95,294,310,14,False,294
j0-56,1,2252,17412149864422545,1023,246,230,13,False,246
j0-56,1,2253,27267632384922743,1023,304,262,14,False,304
j0-56,1,2254,41325843980773549,809,278,252,13,True,252
j0-56,1,2255,30729967384341859,724,278,252,14,True,252
j0-56,1,2256,23664968404919787,1023,278,262,14,False,278
j0-56,1,2257,49431795550565118,105,278,310,12,False,278
j0-56,1,2258,32666325650772814,11,272,272,14,False,272
j0-56,1,2259,46736701695315216,729,242,226,12,True,226
j0-56,1,2260,45860197071992923,870,268,236,13,True,236
j0-56,1,2261,26808577730067764,16,278,294,14,False,278
j0-56,1,2262,31013542402750625,91,294,278,14,True,278
j0-56,1,2263,7444970902176659,316,268,262,12,True,262
j0-56,1,2264,29164108346951044,7,294,278,14,False,294
j0-56,1,2265,33813458918914751,4,278,278,13,False,278
j0-56,1,2266,50005239517906359,220,278,272,14,True,272
j0-56,1,2267,38863858230224799,215,278,294,14,True,294
j0-56,1,2268,40240119241114243,95,278,268,14,False,278
j0-56,1,2269,24096692964939405,3,278,272,14,False,278
j0-56,1,2270,27304570851630198,743,294,252,13,True,252
j0-56,1,2271,28148535616833670,610,278,284,14,True,284
j0-56,1,2272,52449091130351165,106,278,294,13,False,278
j0-56,1,2273,51156859086541080,206,304,278,14,True,278
j0-56,1,2274,23351503956946688,365,262,294,14,True,294
j0-56,1,2275,41353614247104039,288,262,252,13,True,252
j0-56,1,2276,8926763255810406,95,288,336,14,False,288
j0-56,1,2277,19948913748746050,1,268,322,12,False,268
j0-56,1,2278,36040300730649260,7,268,236,13,False,268
j0-56,1,2279,19541786777374902,292,294,284,13,True,284
j0-56,1,2280,36746644473841268,616,278,252,13,True,252
j0-56,1,2281,48864338663788656,187,278,278,14,True,278
j0-56,1,2282,36383247928190461,1,278,252,13,False,278
j0-56,1,2283,27528924500998270,811,278,278,14,True,278
j0-56,1,2284,28189455212065571,13,294,268,14,False,294
j0-56,1,2285,26319260633967515,216,268,252,13,True,252
j0-56,1,2286,26570359379753595,104,252,290,12,False,252
j0-56,1,2287,10383870478965680,1023,272,278,14,False,272
j0-56,1,2288,3497078288272232,106,278,262,13,False,278
j0-56,1,2289,20744178091874922,845,252,294,13,True,294
j0-56,1,2290,44394504038079479,1023,278,278,13,False,278
j0-56,1,2291,48764603147495720,657,288,272,15,True,272
j0-56,1,2292,17218695237804854,104,278,310,13,False,278
j0-56,1,2293,15673663247120289,95,268,252,13,False,268
j0-56,1,2294,3479340739775875,295,278,278,13,True,278
j0-56,1,2295,8622945472147951,95,268,278,13,False,268
j0-56,1,2296,33893288258331239,104,278,310,14,False,278
j0-56,1,2297,32838413879394913,756,252,252,13,True,252
j0-56,1,2298,1414666865053998,835,294,278,14,True,278
j0-56,1,2299,36988994473606238,3,278,262,14,False,278
j0-56,1,2300,42150046555072995,11,252,278,13,False,252
j0-56,1,2301,23257494061232516,618,288,288,14,True,288
j0-56,1,2302,24981641991653275,95,278,294,14,False,278
j0-56,1,2303,9002012655027369,800,268,252,13,True,252
j0-56,1,2304,23324666574421078,103,268,252,12,True,252
j0-56,1,2305,493351931863294,809,294,252,13,True,252
j0-56,1,2306,30927275439268304,357,294,252,13,True,252
j0-56,1,2307,42696865173876405,106,278,310,14,False,278
j0-56,1,2308,18378951142035703,248,288,288,14,True,288
j0-56,1,2309,33883758015122617,95,252,284,13,False,252
j0-56,1,2310,8003663773366513,104,288,284,14,False,288
j0-56,1,2311,6618716998753498,750,262,278,14,False,262
j0-56,1,2312,12957146751983730,610,268,284,13,True,284
j0-56,1,2313,32918814460856069,330,294,294,13,True,294
j0-56,1,2314,53048221804631133,208,278,246,13,True,246
j0-56,1,2315,16875151943293547,604,268,246,13,True,246
j0-56,1,2316,15522721125431841,2,278,310,13,False,278
j0-56,1,2317,21416159951059652,804,268,252,13,True,252
j0-56,1,2318,23774242614550142,3,242,252,12,False,242
j0-56,1,2319,33521615319841978,623,262,262,15,False,262
j0-56,1,2320,27300435275760186,0,278,278,14,False,278
j0-56,1,2321,11375479085787597,95,252,252,13,False,252
j0-56,1,2322,23292281700177262,7,278,252,14,False,278
j0-56,1,2323,3879678043743652,1,278,316,14,False,278
j0-56,1,2324,43079818418396048,12,262,278,14,False,262
j0-56,1,2325,43829900194868560,812,304,304,14,True,304
j0-56,1,2326,45959396074459444,693,262,252,13,True,252
j0-56,1,2327,42072392731625225,8,278,310,14,False,278
j0-56,1,2328,42998003163103559,1023,278,288,14,False,278
j0-56,1,2329,34586774176476504,100,278,294,13,True,294
j0-56,1,2330,49058807034233539,16,268,236,12,False,268
j0-56,1,2331,43379295899737167,238,288,284,14,True,284
j0-56,1,2332,51281186270946284,104,278,272,14,False,278
j0-56,1,2333,48777513953147864,3,278,320,14,False,278
j0-56,1,2334,27511429581467012,887,262,252,14,False,262
j0-56,1,2335,22356380332294901,104,294,326,14,False,294
j0-56,1,2336,12823760992949456,1023,252,262,13,False,252
j0-56,1,2337,8242557420051664,611,294,310,14,True,310
j0-56,1,2338,829802208055520,1023,252,268,13,False,252
j0-56,1,2339,2146174678833518,0,294,304,13,False,294
j0-56,1,2340,36740925650885123,631,252,252,14,True,252
j0-56,1,2341,29488185531270223,1023,278,278,14,False,278
j0-56,1,2342,25358168602751822,7,294,278,14,False,294
j0-56,1,2343,24089491820574136,674,288,336,15,True,336
j0-56,1,2344,25755136432446152,625,288,256,14,False,288
j0-56,1,2345,4192173038442171,698,252,246,13,True,246
j0-56,1,2346,45182152428495464,95,304,304,14,False,304
j0-56,1,2347,5344974631796844,100,278,246,13,True,246
j0-56,1,2348,23105481606580100,821,288,278,14,True,278
j0-56,1,2349,43168204846185784,1023,278,272,14,False,278
j0-56,1,2350,46917763540052318,3,288,278,14,False,288
j0-56,1,2351,48569745857112024,106,268,252,13,False,268
j0-56,1,2352,34373814696565946,751,252,272,14,False,252
j0-56,1,2353,9272023692776803,674,278,246,14,True,246
j0-56,1,2354,40548583775676753,297,268,278,13,True,278
j0-56,1,2355,16973410460748675,108,278,282,14,False,278
j0-56,1,2356,13745015671232133,9,268,278,13,False,268
j0-56,1,2357,53093864052935385,1023,278,246,14,False,278
j0-56,1,2358,51427362111671354,7,258,290,12,False,258
j0-56,1,2359,41866934915941725,359,278,268,14,True,268
j0-56,1,2360,26635931963030493,208,268,316,13,True,316
j0-56,1,2361,17564611368862280,849,288,278,14,True,278
j0-56,1,2362,47806017690801941,1023,252,288,14,False,252
j0-56,1,2363,50266264031739197,0,288,298,15,False,288
j0-56,1,2364,6869018163944909,716,294,278,13,True,278
j0-56,1,2365,7477761301111744,728,278,278,14,True,278
j0-56,1,2366,17382321068657809,728,268,284,13,True,284
j0-56,1,2367,26900390102810895,3,258,252,12,False,258
j0-56,1,2368,9210512104678484,104,294,310,13,False,294
j0-56,1,2369,4165118506096123,95,278,288,14,False,278
j0-56,1,2370,51530716822980508,824,288,304,14,True,304
j0-56,1,2371,9553940346991395,3,278,278,14,False,278
j0-56,1,2372,4747037494156972,146,278,288,14,True,288
j0-56,1,2373,34634280076294667,309,294,252,13,False,294
j0-56,1,2374,35870391467482066,12,268,284,13,False,268
j0-56,1,2375,36286719394291848,104,268,252,13,False,268
j0-56,1,2376,7027431353388637,8,278,326,14,False,278
j0-56,1,2377,8809009863719179,3,278,278,14,False,278
j0-56,1,2378,33698255083801233,716,294,288,14,True,288
j0-56,1,2379,35094145388769202,95,278,278,14,False,278
j0-56,1,2380,14374084915212446,1,278,268,13,False,278
j0-56,1,2381,43056658767864657,104,262,278,13,False,262
j0-56,1,2382,51536057225885891,8,268,252,13,False,268
j0-56,1,2383,38766441867785340,104,268,258,12,False,268
j0-56,1,2384,28297868665581931,95,242,290,12,False,242
j0-56,1,2385,8738522909600020,1023,252,236,13,False,252
j0-56,1,2386,30019539419696263,631,304,262,14,True,262
j0-56,1,2387,7589529695771077,870,278,262,13,True,262
j0-56,1,2388,27459937899089899,1023,252,252,13,False,252
j0-56,1,2389,27050663169049784,619,304,278,15,True,278
j0-56,1,2390,14110359929528712,95,268,278,13,False,268
j0-56,1,2391,24743601694846432,2,242,290,12,False,242
j0-56,1,2392,33857310329453278,746,304,278,14,True,278
j0-56,1,2393,7338366996596581,234,288,272,14,False,288
j0-56,1,2394,19040374085731679,8,252,268,12,False,252
j0-56,1,2395,13562767970342242,8,268,278,13,False,268
j0-56,1,2396,46295146514359369,625,278,294,14,False,278
j0-56,1,2397,27885573185273693,1023,252,236,13,False,252
j0-56,1,2398,10547188322974153,622,278,278,14,False,278
j0-56,1,2399,22514929501796570,887,278,252,14,False,278
j0-56,1,2400,11630814990197269,757,262,252,13,True,252
j0-56,1,2401,10525608195845733,9,288,304,14,False,288
j0-56,1,2402,18434463695303185,3,268,284,13,False,268
j0-56,1,2403,16730376207897176,8,278,268,14,False,278
j0-56,1,2404,26446202741776071,98,304,278,14,True,278
j0-56,1,2405,47354016172506100,615,268,252,13,True,252
j0-56,1,2406,44072233947532221,299,278,246,14,True,246
j0-56,1,2407,21502144164718230,200,288,272,14,True,272
j0-56,1,2408,38464666209504866,311,268,252,13,True,252
j0-56,1,2409,25822125287176473,1023,288,288,14,False,288
j0-56,1,2410,8638023910663909,214,278,278,14,True,278
j0-56,1,2411,9317240626878286,1023,242,242,12,False,242
j0-56,1,2412,29947461709260900,8,268,310,13,False,268
j0-56,1,2413,19331057003997318,95,278,304,14,False,278
j0-56,1,2414,48948556112558344,248,268,284,13,True,284
j0-56,1,2415,25141015190305590,1023,278,272,14,False,278
j0-56,1,2416,28067901907712182,2,268,262,13,False,268
j0-56,1,2417,43033885991251743,217,262,278,14,True,278
j0-56,1,2418,47315198456103626,349,278,326,14,True,326
j0-56,1,2419,19075785151098866,221,304,310,14,True,310
j0-56,1,2420,4302268933274483,873,268,278,13,True,278
j0-56,1,2421,21620515068044262,609,242,258,12,True,258
j0-56,1,2422,14930877872616297,1023,278,262,13,False,278
j0-56,1,2423,25293374976898516,0,304,278,14,False,304
j0-56,1,2424,47441541491433051,755,278,294,14,True,294
j0-56,1,2425,14959906121817215,809,278,278,14,True,278
j0-56,1,2426,22300820698983328,13,268,300,13,False,268
j0-56,1,2427,26720636582840024,867,262,272,14,False,262
j0-56,1,2428,709910750738474,750,304,278,14,False,304
j0-56,1,2429,46136031044594577,104,278,304,14,False,278
j0-56,1,2430,40976529201925078,3,252,268,13,False,252
j0-56,1,2431,7129532937945730,623,252,246,14,False,252
j0-56,1,2432,39745178116630529,4,252,268,13,False,252
j0-56,1,2433,31678390383250181,1023,288,262,14,False,288
j0-56,1,2434,41739708565403690,95,304,310,14,False,304
j0-56,1,2435,14214862088017378,1023,262,268,14,False,262
j0-56,1,2436,49986163555192968,357,278,252,14,True,252
j0-56,1,2437,50788867637367748,8,278,268,13,False,278
j0-56,1,2438,46268735139131715,1023,252,262,13,False,252
j0-56,1,2439,46344571467405503,7,278,278,14,False,278
j0-56,1,2440,4149705547391929,1023,262,294,14,False,262
j0-56,1,2441,51569490847761179,104,278,316,14,False,278
j0-56,1,2442,27404381545106377,823,278,256,13,True,256
j0-56,1,2443,16739558703616827,180,294,284,13,True,284
j0-56,1,2444,43159979058908772,104,268,284,13,False,268
j0-56,1,2445,5157907515734357,283,278,284,13,True,284
j0-56,1,2446,23213418117062606,8,262,284,13,False,262
j0-56,1,2447,20915311142026242,1,278,252,14,False,278
j0-56,1,2448,2445827786737875,2,242,242,12,False,242
j0-56,1,2449,44020677996891567,95,278,278,14,False,278
j0-56,1,2450,47825240298524309,95,216,232,11,False,216
j0-56,1,2451,32994183468969371,743,268,246,13,True,246
j0-56,1,2452,18966300203481725,1023,262,262,14,False,262
j0-56,1,2453,16226525544021490,2,252,268,13,False,252
j0-56,1,2454,33234072293593157,358,304,288,14,True,288
j0-56,1,2455,50926300858807842,321,288,278,14,False,288
j0-56,1,2456,3831301956829582,1023,252,268,13,False,252
j0-56,1,2457,7150439362276579,95,278,294,14,False,278
j0-56,1,2458,25590810398855553,13,278,278,14,False,278
j0-56,1,2459,51644971033517475,873,288,288,15,True,288
j0-56,1,2460,31567268706696476,729,294,262,14,True,262
j0-56,1,2461,48321280533894449,13,304,288,14,False,304
j0-56,1,2462,16424507978176335,2,278,272,14,False,278
j0-56,1,2463,47238516402727501,3,278,310,14,False,278
j0-56,1,2464,45629858277771711,95,242,258,12,False,242
j0-56,1,2465,15035729682747136,115,278,310,14,False,278
j0-56,1,2466,7378759889379809,612,222,206,10,True,206
j0-56,1,2467,24913065860778327,8,278,310,13,False,278
j0-56,1,2468,51546346006498864,680,262,262,14,True,262
j0-56,1,2469,47469688903878191,1,278,278,13,False,278
j0-56,1,2470,49340607957094570,95,252,284,12,False,252
j0-56,1,2471,29329012292554680,822,294,278,14,True,278
j0-56,1,2472,53174927784699035,97,304,272,15,True,272
j0-56,1,2473,38667305329783129,16,252,268,13,False,252
j0-56,1,2474,41466279957995140,8,278,278,13,False,278
j0-56,1,2475,39270363524941426,198,262,262,14,True,262
j0-56,1,2476,47904447333648668,686,262,304,14,True,304
j0-56,1,2477,47975059412505816,2,268,278,13,False,268
j0-56,1,2478,2612125263428582,105,268,268,13,False,268
j0-56,1,2479,53181303778139646,10,258,290,12,False,258
j0-56,1,2480,26212182573662711,104,278,310,14,False,278
j0-56,1,2481,23478139447318312,192,278,294,13,True,294
j0-56,1,2482,5806130093108846,312,294,278,14,True,278
j0-56,1,2483,12670542406489853,7,278,310,14,False,278
j0-56,1,2484,43868222779436383,234,262,256,14,False,262
j0-56,1,2485,24065988796873663,298,304,288,14,True,288
j0-56,1,2486,49899442105357832,604,268,262,13,True,262
j0-56,1,2487,45014010586089817,1,304,288,14,False,304
j0-56,1,2488,45238158765886603,1023,278,294,14,False,278
j0-56,1,2489,23924600286730976,95,252,284,13,False,252
j0-56,1,2490,34143258423257622,668,268,236,12,True,236
j0-56,1,2491,50579761647574409,95,262,288,14,False,262
j0-56,1,2492,8805195852554520,1023,278,272,14,False,278
j0-56,1,2493,24348308163182443,1023,246,262,13,False,246
j0-56,1,2494,12069791388075929,3,268,252,13,False,268
j0-56,1,2495,2419910929374550,315,288,288,14,True,288
j0-56,1,2496,37623571253962453,343,268,252,14,True,252
j0-56,1,2497,27962242737727527,0,294,310,14,False,294
j0-56,1,2498,30965343790020493,827,294,278,14,True,278
j0-56,1,2499,919334600449606,99,288,278,14,True,278
j0-56,1,2500,47532407621894362,2,268,284,13,False,268
j0-56,1,2501,23591504671506801,1,278,288,14,False,278
j0-56,1,2502,34016483611418282,603,268,258,12,True,258
j0-56,1,2503,11381076055695941,688,278,310,14,True,310
j0-56,1,2504,12805651027716938,873,252,252,12,True,252
j0-56,1,2505,29834468084023494,705,268,236,13,True,236
j0-56,1,2506,36459817389950580,871,278,284,13,True,284
j0-56,1,2507,32022157743271186,1,288,336,14,False,288
j0-56,1,2508,10607624900758222,104,278,310,14,False,278
j0-56,1,2509,48649715708705738,331,294,284,13,True,284
j0-56,1,2510,33516724182038015,7,268,316,13,False,268
j0-56,1,2511,23648551352429855,198,278,246,14,True,246
j0-56,1,2512,52436174416250301,342,258,252,12,True,252
j0-56,1,2513,18504300713222507,363,252,226,12,True,226
j0-56,1,2514,42784726925168962,11,278,262,14,False,278
j0-56,1,2515,31451094480165118,862,278,278,14,True,278
j0-56,1,2516,48775610825684480,218,278,310,14,True,310
j0-56,1,2517,1193155053283264,1023,288,272,14,False,288
j0-56,1,2518,25127426030377306,8,288,288,14,False,288
j0-56,1,2519,9962025949280833,8,242,232,12,False,242
j0-56,1,2520,22564970418950518,156,294,278,13,True,278
j0-56,1,2521,5945998372597359,99,298,262,14,True,262
j0-56,1,2522,5545587632665142,823,268,226,13,True,226
j0-56,1,2523,47519238969534990,7,294,310,13,False,294
j0-56,1,2524,23203081372712713,1023,288,272,14,False,288
j0-56,1,2525,6418726245655689,617,288,310,14,False,288
j0-56,1,2526,34646028241627932,347,278,278,13,False,278
j0-56,1,2527,29156635028734428,0,278,278,14,False,278
j0-56,1,2528,3761133341864917,795,278,256,14,True,256
j0-56,1,2529,1925455698442012,756,268,226,13,True,226
j0-56,1,2530,5754807494599127,0,252,236,13,False,252
j0-56,1,2531,29881341131737343,214,278,262,14,True,262
j0-56,1,2532,29018684337779973,200,294,272,14,True,272
j0-56,1,2533,36850003655009494,12,252,268,13,False,252
j0-56,1,2534,44446494123164361,301,278,252,13,False,278
j0-56,1,2535,27780782062105186,94,278,284,13,True,284
j0-56,1,2536,33573434448453961,3,288,272,14,False,288
j0-56,1,2537,53409808850960345,3,294,336,14,False,294
j0-56,1,2538,14876232234927755,1,278,294,14,False,278
j0-56,1,2539,12791109847968796,8,268,252,12,False,268
j0-56,1,2540,20234949390123649,1,268,278,14,False,268
j0-56,1,2541,38507308583303555,2,278,310,14,False,278
j0-56,1,2542,9096465854305857,2,288,304,14,False,288
j0-56,1,2543,44269432406245709,812,278,252,14,True,252
j0-56,1,2544,44895605747649438,2,294,278,13,False,294
j0-56,1,2545,12776258086239299,187,278,246,14,True,246
j0-56,1,2546,37555745553020207,1023,252,252,13,False,252
j0-56,1,2547,35871224797614034,1023,278,294,14,False,278
j0-56,1,2548,26594813555935305,7,252,236,13,False,252
j0-56,1,2549,19918024889577616,658,278,262,14,True,262
j0-56,1,2550,7499892695708958,847,278,294,14,True,294
j0-56,1,2551,42586085156204267,855,278,278,13,True,278
j0-56,1,2552,39180879336673711,8,268,278,13,False,268
j0-56,1,2553,8057141198059496,866,262,246,13,True,246
j0-56,1,2554,37639219414329825,300,262,262,14,True,262
j0-56,1,2555,11654157395380504,3,288,310,14,False,288
j0-56,1,2556,22582805753000058,760,278,278,14,False,278
j0-56,1,2557,4539017161501589,8,262,300,12,False,262
j0-56,1,2558,34010483473205219,757,278,252,13,True,252
j0-56,1,2559,22479130818700532,1023,278,278,14,False,278
j0-56,1,2560,39973236257074629,1023,268,236,13,False,268
j0-56,1,2561,20850629642847036,849,294,304,14,True,304
j0-56,1,2562,13812043876802757,1023,278,268,13,False,278
j0-56,1,2563,50409284268532845,195,278,246,14,True,246
j0-56,1,2564,24789174870476261,104,252,252,13,False,252
j0-56,1,2565,41006457017358536,248,278,278,14,True,278
j0-56,1,2566,25035890495054067,8,294,284,13,False,294
j0-56,1,2567,51603511060848515,1023,262,288,14,False,262
j0-56,1,2568,20326540642089704,867,278,310,14,False,278
j0-56,1,2569,8161386937996388,306,278,258,13,True,258
j0-56,1,2570,47709740110431135,234,268,262,13,False,268
j0-56,1,2571,6780974533227889,626,288,246,14,False,288
j0-56,1,2572,12013706307397671,858,268,310,14,True,310
j0-56,1,2573,50726689660847401,104,242,242,12,False,242
j0-56,1,2574,18647732499405399,168,268,284,13,True,284
j0-56,1,2575,24214570028638474,321,278,262,14,False,278
j0-56,1,2576,53149299088813421,13,268,310,13,False,268
j0-56,1,2577,47885113242206821,104,268,268,13,False,268
j0-56,1,2578,15589172747162494,221,294,278,14,True,278
j0-56,1,2579,47408266605985971,1023,242,242,11,False,242
j0-56,1,2580,1994890853762382,195,268,284,13,True,284
j0-56,1,2581,24528436416148036,1023,236,236,12,False,236
j0-56,1,2582,42634918032934721,325,278,262,14,True,262
j0-56,1,2583,12880359577509738,612,288,294,14,True,294
j0-56,1,2584,10255848641362269,95,268,284,13,False,268
j0-56,1,2585,22852762113222594,7,252,300,13,False,252
j0-56,1,2586,30052766203421652,11,262,288,15,False,262
j0-56,1,2587,26506085105215954,192,278,310,14,True,310
j0-56,1,2588,49699675071202766,860,288,262,14,True,262
j0-56,1,2589,44486490283143904,219,278,278,14,False,278
j0-56,1,2590,1204394050352212,1,304,310,14,False,304
j0-56,1,2591,42668674125061517,104,262,294,14,False,262
j0-56,1,2592,5884745193744204,749,242,258,12,False,242
j0-56,1,2593,17443255178380994,207,268,284,13,True,284
j0-56,1,2594,38028597920873335,248,262,314,14,True,314
j0-56,1,2595,24971193528801957,1,288,288,14,False,288
j0-56,1,2596,23681637139380548,1023,278,284,13,False,278
j0-56,1,2597,12319746878653187,119,278,310,14,True,310
j0-56,1,2598,39866029615020542,847,268,300,12,True,300
j0-56,1,2599,1086144925596069,95,288,310,13,False,288
j0-56,1,2600,33909416435907948,335,278,278,14,True,278
j0-56,1,2601,4336420063033261,288,288,310,14,True,310
j0-56,1,2602,31140407452069594,104,294,310,14,False,294
j0-56,1,2603,1561760989647487,4,272,252,14,False,272
j0-56,1,2604,37010692826227458,7,294,300,14,False,294
j0-56,1,2605,12829275195452682,8,294,316,13,False,294
j0-56,1,2606,2304914572252824,629,278,252,14,False,278
j0-56,1,2607,12375186862523652,0,268,284,13,False,268
j0-56,1,2608,5678258236728729,105,278,304,14,False,278
j0-56,1,2609,6464624804425530,1,288,294,14,False,288
j0-56,1,2610,52928747526691620,1023,268,236,13,False,268
j0-56,1,2611,44672889060195790,1023,262,262,14,False,262
j0-56,1,2612,3505767539961919,8,268,262,13,False,268
j0-56,1,2613,50441045981642114,1023,304,246,14,False,304
j0-56,1,2614,34240365859221350,840,278,278,14,True,278
j0-56,1,2615,6963970068854744,7,278,278,13,False,278
j0-56,1,2616,24947000905016736,11,304,304,14,False,304
j0-56,1,2617,34251909348988511,7,278,262,14,False,278
j0-56,1,2618,4001594069334183,309,262,278,14,False,262
j0-56,1,2619,10044502435812245,334,294,278,13,True,278
j0-56,1,2620,40036912519606597,9,278,310,14,False,278
j0-56,1,2621,8621801470853092,13,294,284,13,False,294
j0-56,1,2622,16309098106685837,106,268,310,13,False,268
j0-56,1,2623,45648880842935811,817,304,272,14,True,272
j0-56,1,2624,41968981789039953,299,314,294,14,True,294
j0-56,1,2625,17719606410321485,376,278,278,13,True,278
j0-56,1,2626,51693813060565645,16,294,304,14,False,294
j0-56,1,2627,46973776076938492,207,268,258,12,True,258
j0-56,1,2628,27067725244286330,1023,278,262,14,False,278
j0-56,1,2629,47610242716449031,806,278,284,13,True,284
j0-56,1,2630,4765716436872379,8,294,278,14,False,294
j0-56,1,2631,12872008009058891,1,278,304,14,False,278
j0-56,1,2632,24378145742942642,104,278,294,14,False,278
j0-56,1,2633,13495368699171092,95,262,284,13,False,262
j0-56,1,2634,37064050919938775,1023,288,262,14,False,288
j0-56,1,2635,22805495139684663,883,262,294,14,True,294
j0-56,1,2636,23240076847583998,104,262,294,13,False,262
j0-56,1,2637,2939698290951178,3,252,268,12,False,252
j0-56,1,2638,47726168306500612,369,262,246,14,True,246
j0-56,1,2639,46851746411932854,342,294,262,13,True,262
j0-56,1,2640,5615162227019917,1023,278,294,14,False,278
j0-56,1,2641,42373080574811504,4,268,294,12,False,268
j0-56,1,2642,17710405478766888,95,294,284,13,False,294
j0-56,1,2643,37857836097767763,657,268,278,14,True,278
j0-56,1,2644,29841787855432773,729,278,246,13,True,246
j0-56,1,2645,3727596635740804,3,252,272,13,False,252
j0-56,1,2646,41520042757111031,104,252,310,14,False,252
j0-56,1,2647,41972653911147638,366,288,278,14,False,288
j0-56,1,2648,29001245401786370,174,304,262,14,True,262
j0-56,1,2649,35199443132467807,623,288,278,14,False,288
j0-56,1,2650,3350384833457178,4,278,294,14,False,278
j0-56,1,2651,9754798986847389,13,268,268,13,False,268
j0-56,1,2652,42725570701429657,109,252,262,13,False,252
j0-56,1,2653,32360891000257442,8,262,294,14,False,262
j0-56,1,2654,38016600346399618,193,252,236,13,True,236
j0-56,1,2655,28416227997980418,104,242,242,12,False,242
j0-56,1,2656,23952183062675696,95,278,304,14,False,278
j0-56,1,2657,28018198228826948,698,294,268,13,True,268
j0-56,1,2658,43356123473546752,8,268,268,13,False,268
j0-56,1,2659,14007348690778043,95,304,304,14,False,304
j0-56,1,2660,18125401409357897,3,278,278,14,False,278
j0-56,1,2661,21618682673289878,1023,278,278,14,False,278
j0-56,1,2662,32443107254339526,104,288,314,14,False,288
j0-56,1,2663,12138335162803380,823,294,262,14,True,262
j0-56,1,2664,18299628581382058,0,288,310,14,False,288
j0-56,1,2665,12337155736198456,1023,282,246,14,False,282
j0-56,1,2666,4481025064895175,731,288,278,14,True,278
j0-56,1,2667,34711701470274279,334,268,284,13,True,284
j0-56,1,2668,36102627505225926,104,278,268,13,False,278
j0-56,1,2669,7719940638041658,605,278,256,14,True,256
j0-56,1,2670,27949099978538565,843,268,252,12,True,252
j0-56,1,2671,52362840262687084,843,268,252,13,True,252
j0-56,1,2672,39206991420883112,309,252,284,13,False,252
j0-56,1,2673,1600529641588333,312,294,288,14,True,288
j0-56,1,2674,41550750225717285,104,304,304,14,False,304
j0-56,1,2675,36489738509645276,1023,262,268,13,False,262
j0-56,1,2676,45927369327508347,843,278,272,14,True,272
j0-56,1,2677,31993740749469382,829,252,278,14,True,278
j0-56,1,2678,43136899861009518,604,294,288,14,True,288
j0-56,1,2679,12792624330749270,103,252,236,12,True,236
j0-56,1,2680,18325453837656244,105,278,310,14,False,278
j0-56,1,2681,32354894482759424,347,288,288,14,False,288
j0-56,1,2682,23634667064795480,12,278,294,13,False,278
j0-56,1,2683,3896912102173047,95,242,268,12,False,242
j0-56,1,2684,13521934483722451,95,252,252,12,False,252
j0-56,1,2685,25993181560242981,1,304,310,14,False,304
j0-56,1,2686,46430355671642915,106,262,262,13,False,262
j0-56,1,2687,24609871221064053,105,278,294,14,False,278
j0-56,1,2688,42117670887586405,821,278,252,13,True,252
j0-56,1,2689,20295432289214894,1023,216,216,11,False,216
j0-56,1,2690,47864139763321121,760,278,278,13,False,278
j0-56,1,2691,52289406466769829,105,278,288,13,False,278
j0-56,1,2692,10507284905597813,353,268,278,13,True,278
j0-56,1,2693,40233766055406587,161,268,252,13,True,252
j0-56,1,2694,8584687138016737,749,272,272,14,False,272
j0-56,1,2695,36411769343822776,865,268,278,13,True,278
j0-56,1,2696,30860085476278715,7,242,284,12,False,242
j0-56,1,2697,49751365162887560,795,278,262,13,True,262
j0-56,1,2698,48212455275273257,95,252,316,13,False,252
j0-56,1,2699,39719711863926826,349,278,278,14,True,278
j0-56,1,2700,24536310479553144,106,268,310,13,False,268
j0-56,1,2701,26426442639776641,162,252,284,13,False,252
j0-56,1,2702,48656388394416592,204,252,252,13,True,252
j0-56,1,2703,41900090465436541,0,278,278,14,False,278
j0-56,1,2704,18397963458825699,836,294,252,13,True,252
j0-56,1,2705,19317896830365144,2,242,262,13,False,242
j0-56,1,2706,53323927224599530,225,278,278,14,True,278
j0-56,1,2707,39330884121105188,2,278,278,14,False,278
j0-56,1,2708,48093838597198574,804,304,278,15,True,278
j0-56,1,2709,2375077550188028,104,268,316,13,False,268
j0-56,1,2710,53101596053449964,208,268,278,13,True,278
j0-56,1,2711,22267015659597290,371,268,272,13,False,268
j0-56,1,2712,6306149371671551,0,288,298,15,False,288
j0-56,1,2713,12617374601800596,107,278,252,13,False,278
j0-56,1,2714,51975637947688074,8,252,252,13,False,252
j0-56,1,2715,24899527014347770,0,252,284,13,False,252
j0-56,1,2716,36534280088417349,1023,268,268,13,False,268
j0-56,1,2717,35496684180608815,0,278,278,14,False,278
j0-56,1,2718,9757721834190978,4,278,278,14,False,278
j0-56,1,2719,346680553164175,0,278,288,14,False,278
j0-56,1,2720,50977435184721113,759,226,226,11,False,226
j0-56,1,2721,17319672164860731,95,252,252,12,False,252
j0-56,1,2722,12317929897961434,104,304,304,14,False,304
j0-56,1,2723,43410887639105562,798,262,246,14,True,246
j0-56,1,2724,50269574993492132,230,252,220,14,True,220
j0-56,1,2725,51237517366497899,210,268,310,14,True,310
j0-56,1,2726,40728090280100641,736,268,294,13,True,294
j0-56,1,2727,29278792274489222,0,294,288,14,False,294
j0-56,1,2728,31914303252374725,6,294,294,14,False,294
j0-56,1,2729,53492060867913997,0,278,278,14,False,278
j0-56,1,2730,1615725361826566,1023,226,226,12,False,226
j0-56,1,2731,3740399486502501,2,268,284,13,False,268
j0-56,1,2732,50509468237818630,11,268,284,13,False,268
j0-56,1,2733,20752738714723281,8,294,310,13,False,294
j0-56,1,2734,8194725364972570,878,278,252,13,True,252
j0-56,1,2735,22273870839031254,624,262,246,14,False,262
j0-56,1,2736,7197542772141117,731,294,284,13,True,284
j0-56,1,2737,53337212536864276,0,294,304,14,False,294
j0-56,1,2738,1696232228213281,1023,252,246,13,False,252
j0-56,1,2739,48818125358462762,693,294,278,13,True,278
j0-56,1,2740,14453172586389386,192,304,310,14,True,310
j0-56,1,2741,13783366410613061,3,278,336,14,False,278
j0-56,1,2742,47149357180530972,7,278,284,14,False,278
j0-56,1,2743,32188024302893782,627,268,288,13,True,288
j0-56,1,2744,36241321364137151,9,268,284,12,False,268
j0-56,1,2745,52519426196720407,1,294,316,13,False,294
j0-56,1,2746,15634875929331696,1023,262,262,14,False,262
j0-56,1,2747,10168536184778301,703,294,294,13,True,294
j0-56,1,2748,53348099778123983,1,294,252,13,False,294
j0-56,1,2749,30790286895756808,720,278,262,14,True,262
j0-56,1,2750,12100097811248297,212,288,288,14,True,288
j0-56,1,2751,37017780601036588,621,252,252,13,False,252
j0-56,1,2752,850488952655925,238,278,278,13,True,278
j0-56,1,2753,22800232283490878,214,278,278,14,True,278
j0-56,1,2754,16901173873146039,108,278,310,14,False,278
j0-56,1,2755,20094379191759793,795,262,278,12,True,278
j0-56,1,2756,23639885679983308,2,278,310,14,False,278
j0-56,1,2757,20222131194069044,106,278,288,14,False,278
j0-56,1,2758,33253507234511246,754,278,278,14,False,278
j0-56,1,2759,16194548780107793,849,288,272,14,True,272
j0-56,1,2760,315105550713497,4,258,258,12,False,258
j0-56,1,2761,25475061768088965,878,268,284,13,True,284
j0-56,1,2762,41496239176533431,751,252,252,13,False,252
j0-56,1,2763,23914033548567555,95,278,310,13,False,278
j0-56,1,2764,44537682431760615,882,278,288,13,True,288
j0-56,1,2765,20917128885704434,1023,262,288,14,False,262
j0-56,1,2766,41162225941042730,95,288,278,14,False,288
j0-56,1,2767,42047151948630212,169,278,278,14,True,278
j0-56,1,2768,11051161794934418,1023,252,326,13,False,252
j0-56,1,2769,39816143007139138,228,304,294,14,True,294
j0-56,1,2770,33043184485416416,104,278,304,14,False,278
j0-56,1,2771,27203616312628914,7,278,272,14,False,278
j0-56,1,2772,29394519650723470,850,278,262,14,True,262
j0-56,1,2773,20034552823583960,367,262,252,13,False,262
j0-56,1,2774,26651544822604599,6,278,288,14,False,278
j0-56,1,2775,13402088041534959,356,278,288,14,True,288
j0-56,1,2776,23507773607901347,710,268,284,14,True,284
j0-56,1,2777,38512843130542818,105,278,278,14,False,278
j0-56,1,2778,12128181117960667,362,278,278,14,False,278
j0-56,1,2779,39867788010418529,325,278,246,14,True,246
j0-56,1,2780,30822448475005189,13,278,268,13,False,278
j0-56,1,2781,50897295930580863,13,268,284,13,False,268
j0-56,1,2782,41572383962675466,2,278,304,14,False,278
j0-56,1,2783,51549406095649295,1023,268,300,13,False,268
j0-56,1,2784,51974747203880525,104,294,310,14,False,294
j0-56,1,2785,37153829325995042,116,278,278,14,True,278
j0-56,1,2786,46174433478023665,834,278,262,14,True,262
j0-56,1,2787,50126443414421179,341,252,252,13,True,252
j0-56,1,2788,41034261117012947,283,268,278,13,True,278
j0-56,1,2789,51239532912927450,9,262,278,13,False,262
j0-56,1,2790,11013355326209958,16,304,320,14,False,304
j0-56,1,2791,9479602482994564,12,294,288,14,False,294
j0-56,1,2792,6252543272285751,354,278,278,14,True,278
j0-56,1,2793,8336769944041795,16,278,262,14,False,278
j0-56,1,2794,11967130356134536,1023,262,236,14,False,262
j0-56,1,2795,36096829765848230,760,278,310,14,False,278
j0-56,1,2796,51075005189885962,739,278,262,14,True,262
j0-56,1,2797,47560558539878145,722,268,278,13,True,278
j0-56,1,2798,12523453795829817,306,278,288,13,True,288
j0-56,1,2799,810334109195439,723,268,284,13,True,284
j0-56,1,2800,21226208722163399,120,304,310,14,False,304
j0-56,1,2801,46025986342682521,352,294,284,13,True,284
j0-56,1,2802,20119782886119086,1023,278,294,14,False,278
j0-56,1,2803,38539378187998156,1023,252,242,12,False,252
j0-56,1,2804,20461485991231125,1,262,272,14,False,262
j0-56,1,2805,6424173521332895,95,278,284,14,False,278
j0-56,1,2806,19101852087856613,11,262,310,13,False,262
j0-56,1,2807,20372028547902336,1023,304,294,14,False,304
j0-56,1,2808,43974120517881977,1023,262,252,13,False,262
j0-56,1,2809,11133252870817627,1023,252,262,14,False,252
j0-56,1,2810,17261090602147758,95,242,258,12,False,242
j0-56,1,2811,5182440199249443,0,278,284,13,False,278
j0-56,1,2812,14662865789677521,7,268,288,13,False,268
j0-56,1,2813,40867363688264544,244,268,236,13,False,268
j0-56,1,2814,45914802264599806,868,294,300,13,True,300
j0-56,1,2815,14308667556750844,673,278,246,14,True,246
j0-56,1,2816,47596275737217644,106,278,252,14,False,278
j0-56,1,2817,33875094721443715,737,278,262,14,True,262
j0-56,1,2818,48405198241849639,604,278,278,14,True,278
j0-56,1,2819,51398267725099397,94,278,310,13,True,310
j0-56,1,2820,6707394744174547,867,268,252,13,False,268
j0-56,1,2821,18346412914086891,95,278,252,13,False,278
j0-56,1,2822,8055531441776484,2,304,278,14,False,304
j0-56,1,2823,25782613202855927,334,278,304,14,True,304
j0-56,1,2824,17795229616416145,11,278,278,14,False,278
j0-56,1,2825,32697118688746291,211,242,268,12,True,268
j0-56,1,2826,41885379798083852,104,252,290,13,False,252
j0-56,1,2827,15146431851827182,1023,252,268,13,False,252
j0-56,1,2828,34814264756205108,7,288,278,14,False,288
j0-56,1,2829,47984682005290020,819,278,262,14,True,262
j0-56,1,2830,15705615801069995,4,252,268,14,False,252
j0-56,1,2831,38092374673455926,1023,304,262,14,False,304
j0-56,1,2832,12885957045218763,9,268,252,13,False,268
j0-56,1,2833,11176182728311769,95,268,272,13,False,268
j0-56,1,2834,2064273528520843,95,278,310,14,False,278
j0-56,1,2835,31388697504295947,2,268,262,13,False,268
j0-56,1,2836,15367378946135073,229,294,272,14,True,272
j0-56,1,2837,5779880948915685,680,258,236,12,True,236
j0-56,1,2838,45935389205302794,95,242,258,12,False,242
j0-56,1,2839,21007670507120205,108,236,304,14,False,236
j0-56,1,2840,15074325715326084,7,278,278,13,False,278
j0-56,1,2841,6117651653890634,95,252,320,13,False,252
j0-56,1,2842,11639498549564629,107,278,278,14,False,278
j0-56,1,2843,35176855311393552,104,304,304,14,False,304
j0-56,1,2844,48954335018722875,705,258,252,12,True,252
j0-56,1,2845,21677844665219044,16,252,268,13,False,252
j0-56,1,2846,31120548212589069,674,268,252,13,True,252
j0-56,1,2847,10089903661805937,239,278,236,14,False,278
j0-56,1,2848,48422496229824766,12,268,268,12,False,268
j0-56,1,2849,36667075418994080,106,268,310,13,False,268
j0-56,1,2850,15440268994040751,8,278,262,14,False,278
j0-56,1,2851,1457395375748541,728,278,278,14,True,278
j0-56,1,2852,16374222409211677,11,268,278,13,False,268
j0-56,1,2853,38208267397130064,234,272,288,14,False,272
j0-56,1,2854,12129362832156183,1023,278,246,14,False,278
j0-56,1,2855,36258882127259035,620,288,262,14,False,288
j0-56,1,2856,51697889150829538,4,278,284,13,False,278
j0-56,1,2857,27982846744262755,2,252,268,13,False,252
j0-56,1,2858,37894450567477865,1,288,304,15,False,288
j0-56,1,2859,42932297293496792,1023,262,246,13,False,262
j0-56,1,2860,43484758201163546,346,262,230,14,False,262
j0-56,1,2861,10198773113898407,346,288,256,14,False,288
j0-56,1,2862,51408867227996290,623,288,310,14,False,288
j0-56,1,2863,30599680248037914,861,278,288,14,True,288
j0-56,1,2864,12396357804698798,322,278,246,14,True,246
j0-56,1,2865,27549859159007445,0,252,284,13,False,252
j0-56,1,2866,47025270685900794,720,278,246,13,True,246
j0-56,1,2867,52437277758205517,0,252,288,13,False,252
j0-56,1,2868,42741358023842271,168,268,252,13,True,252
j0-56,1,2869,16090916571762556,833,268,278,13,True,278
j0-56,1,2870,25985180325606286,2,294,272,14,False,294
j0-56,1,2871,31201584028647052,95,268,304,14,False,268
j0-56,1,2872,9971689781386791,877,304,278,14,True,278
j0-56,1,2873,48887346354305392,605,242,236,12,True,236
j0-56,1,2874,47459917966421700,336,268,284,13,True,284
j0-56,1,2875,33099908837578063,104,268,284,13,False,268
j0-56,1,2876,3800909712481580,632,252,284,13,True,284
j0-56,1,2877,1211631375385816,2,278,278,14,False,278
j0-56,1,2878,32508828725244362,1023,288,294,14,False,288
j0-56,1,2879,23243707270598605,861,304,252,13,True,252
j0-56,1,2880,5412877180396768,620,288,278,14,False,288
j0-56,1,2881,18098053375441776,104,262,252,14,False,262
j0-56,1,2882,30483000454047849,753,252,236,13,True,236
j0-56,1,2883,30500547715503576,1023,278,246,14,False,278
j0-56,1,2884,51950293363761898,828,268,268,12,True,268
j0-56,1,2885,13936712292027882,104,278,262,13,False,278
j0-56,1,2886,13644285867137010,3,278,310,13,False,278
j0-56,1,2887,1501575816343410,800,278,278,14,True,278
j0-56,1,2888,19999156398158785,95,278,284,14,False,278
j0-56,1,2889,3514757017587139,353,252,252,13,True,252
j0-56,1,2890,2531089692557428,300,304,304,14,True,304
j0-56,1,2891,22428534168558671,1,268,284,13,False,268
j0-56,1,2892,17159735217404181,104,268,252,13,False,268
j0-56,1,2893,48844463329503537,106,278,278,14,False,278
j0-56,1,2894,25262741843829470,7,262,262,14,False,262
j0-56,1,2895,1577120922419258,195,278,310,14,True,310
j0-56,1,2896,51327197037437047,1023,288,288,14,False,288
j0-56,1,2897,31684825228744092,845,268,278,13,True,278
j0-56,1,2898,36726981984472812,95,294,310,14,False,294
j0-56,1,2899,38075927990478716,0,268,284,13,False,268
j0-56,1,2900,46863210842218955,4,278,272,14,False,278
j0-56,1,2901,28624949091621298,8,294,278,14,False,294
j0-56,1,2902,1013649928948314,2,278,294,14,False,278
j0-56,1,2903,50082140106161874,204,278,246,14,True,246
j0-56,1,2904,44979984309154014,4,252,252,13,False,252
j0-56,1,2905,28340096548279115,686,278,236,14,True,236
j0-56,1,2906,40520474735094391,95,262,252,13,False,262
j0-56,1,2907,36012969523136318,7,268,284,13,False,268
j0-56,1,2908,28924639945246786,342,262,262,14,True,262
j0-56,1,2909,23038640648972925,612,268,278,13,True,278
j0-56,1,2910,24686709353220805,616,278,288,14,True,288
j0-56,1,2911,25485015140893656,308,304,278,14,True,278
j0-56,1,2912,28149719725371231,740,278,310,14,True,310
j0-56,1,2913,32920220949891309,7,262,310,14,False,262
j0-56,1,2914,3754249898088325,95,268,284,13,False,268
j0-56,1,2915,26811361460235299,703,278,278,14,True,278
j0-56,1,2916,7474202513748413,95,288,294,14,False,288
j0-56,1,2917,40247127119426441,809,268,310,14,True,310
j0-56,1,2918,8798802461017446,8,268,258,12,False,268
j0-56,1,2919,15515598969220640,717,278,246,14,True,246
j0-56,1,2920,43601805746964825,830,304,304,14,True,304
j0-56,1,2921,16157624617603019,674,288,262,14,True,262
j0-56,1,2922,45142833604414469,331,242,226,12,True,226
j0-56,1,2923,20495188609243088,97,278,272,14,True,272
j0-56,1,2924,28286518916472655,686,288,272,14,True,272
j0-56,1,2925,25568370411267592,104,252,268,11,False,252
j0-56,1,2926,8700016109335303,756,278,256,14,True,256
j0-56,1,2927,20163306974628518,1023,252,236,13,False,252
j0-56,1,2928,9183661370500269,100,294,278,14,True,278
j0-56,1,2929,36129205749506915,4,252,284,12,False,252
j0-56,1,2930,35030331011148662,104,278,310,14,False,278
j0-56,1,2931,6313718564815850,191,278,246,14,True,246
j0-56,1,2932,38256220521079600,342,278,246,13,True,246
j0-56,1,2933,45289311319674100,237,278,268,14,False,278
j0-56,1,2934,39699608452770420,7,268,300,13,False,268
j0-56,1,2935,25226948629610683,11,252,304,14,False,252
j0-56,1,2936,50019837279194386,1023,278,294,14,False,278
j0-56,1,2937,32591504418458857,338,294,246,13,True,246
j0-56,1,2938,14326675333102514,242,278,284,13,False,278
j0-56,1,2939,23012535564733916,105,252,310,13,False,252
j0-56,1,2940,31448407931765998,341,278,278,14,True,278
j0-56,1,2941,6244604036304594,7,278,278,14,False,278
j0-56,1,2942,27397248255300071,1023,278,294,14,False,278
j0-56,1,2943,13784898448124193,106,304,336,14,False,304
j0-56,1,2944,15526677411577122,7,304,278,14,False,304
j0-56,1,2945,35531951518715784,311,252,278,14,True,278
j0-56,1,2946,38720616185286227,11,278,262,13,False,278
j0-56,1,2947,47037727834856161,3,304,310,14,False,304
j0-56,1,2948,7367422036746960,1,278,288,13,False,278
j0-56,1,2949,21746895265692852,1,294,284,14,False,294
j0-56,1,2950,34847922083667131,795,278,262,14,True,262
j0-56,1,2951,40765213781675649,104,268,310,13,False,268
j0-56,1,2952,25342609197834209,806,288,262,14,True,262
j0-56,1,2953,45154657122141110,681,236,220,12,True,220
j0-56,1,2954,6245225214141486,1023,278,278,14,False,278
j0-56,1,2955,35999446242645002,1023,262,294,13,False,262
j0-56,1,2956,6088137897461092,242,278,278,14,False,278
j0-56,1,2957,37549726456724894,870,294,304,14,True,304
j0-56,1,2958,31678534052731430,307,278,262,14,True,262
j0-56,1,2959,45255184264761963,104,304,310,14,False,304
j0-56,1,2960,47780361965368538,195,278,278,14,True,278
j0-56,1,2961,33877204109491329,95,252,284,13,False,252
j0-56,1,2962,50248068453893065,321,242,226,12,False,242
j0-56,1,2963,48746026536838579,204,262,294,13,True,294
j0-56,1,2964,5867243077529269,2,278,278,14,False,278
j0-56,1,2965,16638321397752884,1023,278,268,13,False,278
j0-56,1,2966,16625303985093964,880,278,278,13,False,278
j0-56,1,2967,2524140194094782,104,278,294,13,False,278
j0-56,1,2968,2986833693656759,842,278,268,12,True,268
j0-56,1,2969,49762615570693517,194,294,278,14,True,278
j0-56,1,2970,20662579193839975,12,294,272,14,False,294
j0-56,1,2971,33344269664178290,231,252,236,13,True,236
j0-56,1,2972,22995222047691464,104,268,284,13,False,268
j0-56,1,2973,28397204092379150,2,262,262,13,False,262
j0-56,1,2974,17485046284212516,175,288,288,14,False,288
j0-56,1,2975,48694696384193648,9,268,284,13,False,268
j0-56,1,2976,46247628346370594,104,262,278,14,False,262
j0-56,1,2977,26224532115142854,292,294,310,14,True,310
j0-56,1,2978,28166648908006253,95,278,304,14,False,278
j0-56,1,2979,49385525467202793,104,262,246,14,False,262
j0-56,1,2980,23028840524644215,856,278,278,14,True,278
j0-56,1,2981,36543814015769170,743,278,252,14,True,252
j0-56,1,2982,22791394300651523,1023,278,294,14,False,278
j0-56,1,2983,4932861172378573,10,294,262,14,False,294
j0-56,1,2984,11058495293575442,198,278,278,14,True,278
j0-56,1,2985,8536847903957708,114,278,278,14,True,278
j0-56,1,2986,35110424320627598,1023,252,268,13,False,252
j0-56,1,2987,43325480344794218,1023,278,246,14,False,278
j0-56,1,2988,44301755562850076,827,268,252,13,True,252
j0-56,1,2989,33970041616930580,800,262,278,13,True,278
j0-56,1,2990,30645283878149674,307,232,248,11,True,248
j0-56,1,2991,49183862353273407,214,278,278,14,True,278
j0-56,1,2992,2364228768768522,104,268,262,13,False,268
j0-56,1,2993,49442258721870233,16,278,278,14,False,278
j0-56,1,2994,37531037420940737,663,278,262,13,True,262
j0-56,1,2995,48413987856757127,12,294,272,14,False,294
j0-56,1,2996,39852051639468507,623,278,304,14,False,278
j0-56,1,2997,5928091110487072,16,278,284,13,False,278
j0-56,1,2998,1179713118691740,144,268,262,13,True,262
j0-56,1,2999,18851165625084534,0,268,316,13,False,268
j0-56,1,3000,5763686800942561,697,278,284,14,True,284
j0-56,1,3001,1439510658096484,95,278,284,13,False,278
j0-56,1,3002,21061734132279456,12,252,288,13,False,252
j0-56,1,3003,23614751208811470,104,278,342,13,False,278
j0-56,1,3004,9604039337168079,106,252,226,13,False,252
j0-56,1,3005,51401948813268250,104,294,294,13,False,294
j0-56,1,3006,21279465808400132,7,278,336,14,False,278
j0-56,1,3007,10518812431444470,105,278,278,13,False,278
j0-56,1,3008,26884604098029735,11,268,278,13,False,268
j0-56,1,3009,11405268645312495,329,278,268,13,True,268
j0-56,1,3010,25655315292018696,3,268,274,12,False,268
j0-56,1,3011,51811605883049711,208,278,262,14,True,262
j0-56,1,3012,223790022485805,7,268,284,13,False,268
j0-56,1,3013,42789629233670914,106,262,310,14,False,262
j0-56,1,3014,15301432791226024,1,268,348,13,False,268
j0-56,1,3015,12702241290408007,1023,252,278,14,False,252
j0-56,1,3016,51222044559413520,2,268,284,13,False,268
j0-56,1,3017,29429241302048805,104,268,300,12,False,268
j0-56,1,3018,32497083347359317,2,288,304,14,False,288
j0-56,1,3019,26132499309848830,16,288,320,15,False,288
j0-56,1,3020,5676409311901577,13,278,284,14,False,278
j0-56,1,3021,16942887011646021,846,278,278,14,True,278
j0-56,1,3022,28200565642752836,104,278,294,13,False,278
j0-56,1,3023,27505963798334881,2,294,294,13,False,294
j0-56,1,3024,31076684480694875,16,294,304,14,False,294
j0-56,1,3025,38400163625350736,1023,272,262,14,False,272
j0-56,1,3026,43789314323287945,95,242,262,12,False,242
j0-56,1,3027,29668742555606505,341,268,268,13,True,268
j0-56,1,3028,50927429528371246,1023,278,252,13,False,278
j0-56,1,3029,14124842205938411,286,278,246,14,True,246
j0-56,1,3030,49545788747770551,1023,278,294,14,False,278
j0-56,1,3031,44802188314531621,821,278,278,14,True,278
j0-56,1,3032,37391481775887008,204,278,256,14,True,256
j0-56,1,3033,5493952304565638,733,294,278,14,True,278
j0-56,1,3034,21157897876390499,614,294,278,14,True,278
j0-56,1,3035,39717015611648541,212,278,278,14,True,278
j0-56,1,3036,27743117466276014,336,278,272,14,True,272
j0-56,1,3037,41813726504263622,1023,262,246,14,False,262
j0-56,1,3038,21423220971916636,317,288,304,14,True,304
j0-56,1,3039,36806372038796544,220,294,268,14,True,268
j0-56,1,3040,33512963758592497,628,278,252,13,True,252
j0-56,1,3041,18804414541390629,371,236,252,13,False,236
j0-56,1,3042,9025982581458702,367,268,294,13,False,268
j0-56,1,3043,8391423783102278,623,278,278,14,False,278
j0-56,1,3044,265460412603751,104,278,262,14,False,278
j0-56,1,3045,29336262529136606,1,258,236,12,False,258
j0-56,1,3046,44712355468322272,2,294,336,14,False,294
j0-56,1,3047,4066583785515822,345,288,272,14,True,272
j0-56,1,3048,32140857439254138,1023,252,294,13,False,252
j0-56,1,3049,52595679266179608,104,278,294,14,False,278
j0-56,1,3050,27437626274673067,309,268,262,13,False,268
j0-56,1,3051,28629078391155943,1023,236,278,14,False,236
j0-56,1,3052,44818339944011108,1,294,278,14,False,294
j0-56,1,3053,27385053612206682,245,262,262,14,False,262
j0-56,1,3054,44788046676447682,1023,278,294,14,False,278
j0-56,1,3055,37787275267504477,2,278,262,14,False,278
j0-56,1,3056,3576684208676271,10,278,288,14,False,278
j0-56,1,3057,44747504465590773,13,298,278,14,False,298
j0-56,1,3058,35839195915265166,336,304,294,14,True,294
j0-56,1,3059,12209852143375847,225,278,278,14,True,278
j0-56,1,3060,5130251427421864,95,278,294,14,False,278
j0-56,1,3061,40859155362960460,95,252,342,13,False,252
j0-56,1,3062,169018212417447,350,304,282,14,True,282
j0-56,1,3063,27453051922962305,236,288,282,15,True,282
j0-56,1,3064,10676415605183716,104,242,226,12,False,242
j0-56,1,3065,47701904822501730,3,294,278,14,False,294
j0-56,1,3066,41103450982549192,757,252,272,14,True,272
j0-56,1,3067,45943899096090356,3,268,284,13,False,268
j0-56,1,3068,22660262862060237,800,294,262,13,True,262
j0-56,1,3069,153315958147635,308,262,262,13,True,262
j0-56,1,3070,7376765656313841,611,278,310,14,True,310
j0-56,1,3071,49324752280585808,680,294,336,14,True,336
j0-56,1,3072,10324682955861735,632,278,294,14,True,294
j0-56,1,3073,45661061104362919,357,304,330,15,True,330
j0-56,1,3074,18297012029402253,9,304,304,15,False,304
j0-56,1,3075,53502277329269408,1023,252,268,13,False,252
j0-56,1,3076,34081185747592606,145,278,252,14,True,252
j0-56,1,3077,15688214552154573,106,268,268,13,False,268
j0-56,1,3078,48041793228476507,241,288,278,14,True,278
j0-56,1,3079,14598707688994495,741,252,252,13,True,252
j0-56,1,3080,6269070878417523,862,278,262,14,True,262
j0-56,1,3081,51165798944432018,11,278,278,14,False,278
j0-56,1,3082,49007862184733245,1023,278,252,13,False,278
j0-56,1,3083,16197902009179565,819,278,284,14,True,284
j0-56,1,3084,43253754652275181,241,278,288,14,True,288
j0-56,1,3085,13669536610461067,1023,278,294,13,False,278
j0-56,1,3086,44220352794136170,361,252,252,13,True,252
j0-56,1,3087,27641111211959637,206,278,278,14,True,278
j0-56,1,3088,5882316221449707,371,278,246,14,False,278
j0-56,1,3089,17612214220899290,705,278,272,14,True,272
j0-56,1,3090,24224607645001997,3,262,278,14,False,262
j0-56,1,3091,48393715887586844,710,268,288,14,True,288
j0-56,1,3092,15323238450868898,307,278,278,14,True,278
j0-56,1,3093,4101226184680882,842,278,294,14,True,294
j0-56,1,3094,48985134703553175,710,278,278,14,True,278
j0-56,1,3095,25828858279849648,741,278,294,14,True,294
j0-56,1,3096,30123295157433752,663,268,246,13,True,246
j0-56,1,3097,45866307889415888,16,278,294,14,False,278
j0-56,1,3098,34285268474154538,174,294,284,13,True,284
j0-56,1,3099,41359452074564527,104,262,294,13,False,262
j0-56,1,3100,28196285953476231,168,252,236,13,True,236
j0-56,1,3101,22766282831153911,105,278,310,13,False,278
j0-56,1,3102,33469023885644471,0,262,262,12,False,262
j0-56,1,3103,48932071744110897,717,268,284,13,True,284
j0-56,1,3104,39430209265046284,7,278,278,14,False,278
j0-56,1,3105,27863118118266646,1023,288,246,14,False,288
j0-56,1,3106,39081950420708907,300,242,242,12,True,242
j0-56,1,3107,53007409067070790,1023,246,256,14,False,246
j0-56,1,3108,50151317805132886,2,268,284,13,False,268
j0-56,1,3109,36978949686120306,806,304,278,14,True,278
j0-56,1,3110,38043272743567948,6,268,310,14,False,268
j0-56,1,3111,19798524146375518,0,288,320,14,False,288
j0-56,1,3112,40555493525995339,104,268,316,13,False,268
j0-56,1,3113,24059557225998739,95,268,284,13,False,268
j0-56,1,3114,2791523757346781,11,278,278,14,False,278
j0-56,1,3115,43716802143396008,3,294,310,13,False,294
j0-56,1,3116,33743390473599564,747,262,246,14,True,246
j0-56,1,3117,16881981772117550,2,268,252,13,False,268
j0-56,1,3118,46798129387751958,95,268,278,13,False,268
j0-56,1,3119,11746452616045291,200,304,310,14,True,310
j0-56,1,3120,11390653750332128,16,268,252,13,False,268
j0-56,1,3121,32154638023436268,818,278,294,14,True,294
j0-56,1,3122,48469790233178560,2,262,262,13,False,262
j0-56,1,3123,21382380263542665,629,242,226,11,False,242
j0-56,1,3124,38765587538117892,3,268,268,13,False,268
j0-56,1,3125,34762309034402185,616,242,226,12,True,226
j0-56,1,3126,40150782646003788,95,278,272,14,False,278
j0-56,1,3127,3106538078125467,3,268,252,13,False,268
j0-56,1,3128,47247019364155405,0,278,294,13,False,278
j0-56,1,3129,32727227268423347,198,272,262,14,True,262
j0-56,1,3130,33244221662807066,800,252,252,14,True,252
j0-56,1,3131,24072961728720091,161,278,268,13,True,268
j0-56,1,3132,7762428460482381,615,278,304,14,True,304
j0-56,1,3133,28928978632633612,240,252,268,13,False,252
j0-56,1,3134,50441568416381195,2,268,252,13,False,268
j0-56,1,3135,26395951763292253,1023,268,278,13,False,268
j0-56,1,3136,9123844204247340,12,268,284,13,False,268
j0-56,1,3137,29415067333147767,315,242,226,12,True,226
j0-56,1,3138,35877326127189017,95,262,252,13,False,262
j0-56,1,3139,15837979609646755,11,278,336,14,False,278
j0-56,1,3140,16940311992824198,1,258,236,12,False,258
j0-56,1,3141,38380423200248559,12,252,268,13,False,252
j0-56,1,3142,16055202805934300,231,278,284,13,True,284
j0-56,1,3143,4625847262450944,8,268,252,14,False,268
j0-56,1,3144,50827139302021468,338,268,246,13,True,246
j0-56,1,3145,20896392880749363,95,268,284,13,False,268
j0-56,1,3146,49836787221595127,1023,262,278,13,False,262
j0-56,1,3147,6913843083287242,840,278,278,14,True,278
j0-56,1,3148,52472733709205714,13,278,304,15,False,278
j0-56,1,3149,31150115894662745,8,268,284,13,False,268
j0-56,1,3150,6851699837697347,7,278,284,13,False,278
j0-56,1,3151,23103343908972579,1,252,272,13,False,252
j0-56,1,3152,14608033339465276,221,278,262,13,True,262
j0-56,1,3153,15048279725480366,3,278,284,13,False,278
j0-56,1,3154,8861067100360344,223,278,278,13,False,278
j0-56,1,3155,407210816316549,7,294,278,13,False,294
j0-56,1,3156,9936385058686920,7,294,348,13,False,294
j0-56,1,3157,29235028484916413,0,288,288,14,False,288
j0-56,1,3158,8209263800994422,13,258,258,12,False,258
j0-56,1,3159,623486750854795,297,278,304,13,True,304
j0-56,1,3160,17719210011078182,705,278,262,14,True,262
j0-56,1,3161,53235308011288813,887,304,262,14,False,304
j0-56,1,3162,21291095157408602,885,278,314,14,False,278
j0-56,1,3163,43934198240960798,1023,288,272,14,False,288
j0-56,1,3164,20978600990673018,306,294,278,14,True,278
j0-56,1,3165,33665644225466850,883,262,288,14,True,288
j0-56,1,3166,16885493756853322,1023,278,288,14,False,278
j0-56,1,3167,36570110375545149,104,278,278,13,False,278
j0-56,1,3168,29849137088478724,104,278,294,14,False,278
j0-56,1,3169,28762188198398765,364,288,288,14,False,288
j0-56,1,3170,20591393592651710,3,262,278,14,False,262
j0-56,1,3171,53292298227364919,12,278,336,14,False,278
j0-56,1,3172,48077992177466856,369,278,278,14,True,278
j0-56,1,3173,6326332195606439,608,268,252,13,True,252
j0-56,1,3174,34300030271349118,106,294,310,13,False,294
j0-56,1,3175,18102390903578969,95,268,284,13,False,268
j0-56,1,3176,27031963606191656,226,278,278,14,True,278
j0-56,1,3177,4849287159627951,368,278,278,13,False,278
j0-56,1,3178,21810930523114245,199,294,284,13,True,284
j0-56,1,3179,51261554033092452,346,252,252,13,False,252
j0-56,1,3180,12645461057759499,16,304,320,14,False,304
j0-56,1,3181,2076735546753888,1023,236,252,12,False,236
j0-56,1,3182,10562753632565263,216,278,272,14,True,272
j0-56,1,3183,25978631264772799,105,278,268,13,False,278
j0-56,1,3184,20024832846915366,95,304,272,14,False,304
j0-56,1,3185,11680753439624786,0,278,304,14,False,278
j0-56,1,3186,3784799450647071,851,268,284,13,True,284
j0-56,1,3187,38248070608408374,1023,236,252,13,False,236
j0-56,1,3188,36756162575629962,106,272,262,15,False,272
j0-56,1,3189,48412043463982907,3,272,288,14,False,272
j0-56,1,3190,34238610948722677,3,294,310,14,False,294
j0-56,1,3191,3710453803469712,8,304,252,14,False,304
j0-56,1,3192,2490000905583841,339,304,288,13,True,288
j0-56,1,3193,21446839132595672,855,294,268,13,True,268
j0-56,1,3194,52793561074964292,2,268,272,13,False,268
j0-56,1,3195,1672424797252750,734,252,268,13,True,268
j0-56,1,3196,20471753893797492,1023,278,278,14,False,278
j0-56,1,3197,2444655512531901,2,252,288,13,False,252
j0-56,1,3198,50479736147464616,606,268,252,12,True,252
j0-56,1,3199,28367753820970967,97,268,252,13,True,252
j0-56,1,3200,14728485180698160,698,268,252,13,True,252
j0-56,1,3201,48161627615559498,193,278,278,14,True,278
j0-56,1,3202,4725266291924734,104,278,304,14,False,278
j0-56,1,3203,24684562552591033,347,294,272,14,False,294
j0-56,1,3204,33450600409465065,16,242,226,12,False,242
j0-56,1,3205,33923397073855858,91,278,304,14,True,304
j0-56,1,3206,17059229830821689,610,278,252,13,True,252
j0-56,1,3207,35027272183964393,728,288,272,14,True,272
j0-56,1,3208,34745895515294626,104,268,284,13,False,268
j0-56,1,3209,43434172360488931,104,278,278,14,False,278
j0-56,1,3210,49616969341468593,218,268,252,13,True,252
j0-56,1,3211,4704513013860841,11,278,294,14,False,278
j0-56,1,3212,29419207817417256,3,278,304,14,False,278
j0-56,1,3213,12241298213850087,106,210,226,12,False,210
j0-56,1,3214,30406765801039582,95,294,310,14,False,294
j0-56,1,3215,36914552191250663,7,294,278,13,False,294
j0-56,1,3216,21288964149891983,0,278,294,13,False,278
j0-56,1,3217,52252885746816085,1,294,284,13,False,294
j0-56,1,3218,31101683485529021,356,252,258,13,True,258
j0-56,1,3219,37223333567620371,207,278,246,13,True,246
j0-56,1,3220,16793850398591017,16,278,278,14,False,278
j0-56,1,3221,21721505913316260,1,278,310,13,False,278
j0-56,1,3222,15121725226606761,1023,278,262,14,False,278
j0-56,1,3223,38048092910179508,95,294,278,14,False,294
j0-56,1,3224,36918787398258793,1023,288,262,14,False,288
j0-56,1,3225,32545737141255995,371,278,284,13,False,278
j0-56,1,3226,7889988281339581,12,268,278,13,False,268
j0-56,1,3227,26952735726778561,242,268,284,13,False,268
j0-56,1,3228,39765913375465863,106,278,278,14,False,278
j0-56,1,3229,50531104391993930,2,268,278,13,False,268
j0-56,1,3230,22273563367541932,350,278,278,14,True,278
j0-56,1,3231,21984854894695844,1023,252,294,13,False,252
j0-56,1,3232,44427338019170510,692,268,252,14,True,252
j0-56,1,3233,15132697114700469,309,278,304,14,False,278
j0-56,1,3234,30552713530424378,1023,262,246,14,False,262
j0-56,1,3235,37843273655609196,857,284,284,14,False,284
j0-56,1,3236,4850556333146968,357,252,284,13,True,284
j0-56,1,3237,53073801709588952,1023,262,288,14,False,262
j0-56,1,3238,40906520243876125,614,294,304,14,True,304
j0-56,1,3239,29222601313758257,0,268,252,13,False,268
j0-56,1,3240,53089339251106373,3,294,272,14,False,294
j0-56,1,3241,9413666241264203,707,268,256,13,True,256
j0-56,1,3242,36919799516765629,11,262,278,12,False,262
j0-56,1,3243,29866579261535801,293,278,246,14,True,246
j0-56,1,3244,33997283466866817,234,304,284,14,False,304
j0-56,1,3245,30580509895820059,1023,236,268,13,False,236
j0-56,1,3246,44959192060067293,0,278,310,13,False,278
j0-56,1,3247,44038013186813952,95,304,336,14,False,304
j0-56,1,3248,52861052475322658,11,278,294,13,False,278
j0-56,1,3249,18235771686244179,8,268,284,13,False,268
j0-56,1,3250,34900062004226853,104,288,278,14,False,288
j0-56,1,3251,31712475095725194,806,278,252,13,True,252
j0-56,1,3252,32863819939505358,357,304,310,14,True,310
j0-56,1,3253,51327423352469082,4,278,278,14,False,278
j0-56,1,3254,38819622895489832,106,252,252,14,False,252
j0-56,1,3255,22831877612865929,106,278,278,13,False,278
j0-56,1,3256,7714317142757243,349,278,304,14,True,304
j0-56,1,3257,5685535292119052,95,262,284,13,False,262
j0-56,1,3258,7801468169407847,13,294,310,14,False,294
j0-56,1,3259,16134736823374488,0,252,252,14,False,252
j0-56,1,3260,51306556471499191,2,278,310,14,False,278
j0-56,1,3261,11478341690775085,16,278,262,13,False,278
j0-56,1,3262,22198408322836728,240,252,252,13,False,252
j0-56,1,3263,53185056200319608,352,278,310,14,True,310
j0-56,1,3264,16386857123187451,732,294,278,14,True,278
j0-56,1,3265,25571245349001650,316,268,284,13,True,284
j0-56,1,3266,18645765110843400,286,262,278,14,True,278
j0-56,1,3267,21106254145783015,105,278,294,14,False,278
j0-56,1,3268,38328195658675295,94,304,278,14,True,278
j0-56,1,3269,40288807039182466,806,278,236,13,True,236
j0-56,1,3270,11935069644775951,1023,304,262,14,False,304
j0-56,1,3271,41108541192873129,2,272,272,14,False,272
j0-56,1,3272,40723922996727880,103,278,262,14,True,262
j0-56,1,3273,20476194735081380,884,252,284,13,False,252
j0-56,1,3274,7812054329939592,861,278,278,14,True,278
j0-56,1,3275,11093709946352315,0,268,252,13,False,268
j0-56,1,3276,29903020403388549,107,268,304,14,False,268
j0-56,1,3277,4728256104501611,322,294,252,13,True,252
j0-56,1,3278,29433376028593426,12,278,278,14,False,278
j0-56,1,3279,48960258575861318,3,304,330,15,False,304
j0-56,1,3280,39381288336368178,13,278,278,14,False,278
j0-56,1,3281,6230460158938393,95,304,278,14,False,304
j0-56,1,3282,22562371659391555,877,252,242,13,True,242
j0-56,1,3283,23668513742659667,324,278,278,14,True,278
j0-56,1,3284,4566839667858451,617,304,278,14,False,304
j0-56,1,3285,29790455290300961,358,294,246,13,True,246
j0-56,1,3286,21281734384176602,230,242,226,13,True,226
j0-56,1,3287,26592964176893771,681,278,278,14,True,278
j0-56,1,3288,4835562280792028,819,252,236,14,True,236
j0-56,1,3289,46852209651589507,231,288,288,14,True,288
j0-56,1,3290,46891522241131054,106,278,294,14,False,278
j0-56,1,3291,14850954831411524,879,288,272,14,False,288
j0-56,1,3292,10887953934388176,181,278,256,14,True,256
j0-56,1,3293,43810219809423755,867,278,278,14,False,278
j0-56,1,3294,30446603455441573,611,278,226,13,True,226
j0-56,1,3295,49899102515253325,4,294,262,14,False,294
j0-56,1,3296,26057757660433284,868,288,304,14,True,304
j0-56,1,3297,49713088976972268,115,262,262,14,False,262
j0-56,1,3298,11710521673515003,301,278,278,14,False,278
j0-56,1,3299,8796426194736782,0,294,278,14,False,294
j0-56,1,3300,28295411819942125,329,304,288,14,True,288
j0-56,1,3301,34592297201438736,8,252,252,12,False,252
j0-56,1,3302,45407261568576933,656,252,262,13,True,262
j0-56,1,3303,50797220796312875,0,252,262,13,False,252
j0-56,1,3304,40926106627663492,0,278,304,14,False,278
j0-56,1,3305,3973298275867775,1,288,320,14,False,288
j0-56,1,3306,15366696594713803,813,268,252,12,True,252
j0-56,1,3307,8442370645999645,729,258,242,12,True,242
j0-56,1,3308,29416364707763774,312,268,278,13,True,278
j0-56,1,3309,33863888879411755,104,288,304,14,False,288
j0-56,1,3310,52630252562225084,297,278,278,14,True,278
j0-56,1,3311,46926543264474971,824,294,252,13,True,252
j0-56,1,3312,417023588991153,1023,278,294,14,False,278
j0-56,1,3313,46610051900475655,328,262,262,14,True,262
j0-56,1,3314,5550808692593502,7,304,304,14,False,304
j0-56,1,3315,37924466298808072,105,268,268,13,False,268
j0-56,1,3316,26641177117693350,355,272,272,14,True,272
j0-56,1,3317,3009371912451980,751,242,210,12,False,242
j0-56,1,3318,19365277970677020,835,294,252,13,True,252
j0-56,1,3319,30152798352272805,244,268,252,13,False,268
j0-56,1,3320,11370970213112935,1023,242,242,12,False,242
j0-56,1,3321,7360970247130650,840,294,284,13,True,284
j0-56,1,3322,27115511617886064,1023,268,294,13,False,268
j0-56,1,3323,5656170335798870,1023,252,252,12,False,252
j0-56,1,3324,32972015208224114,353,294,284,14,True,284
j0-56,1,3325,44761165290154412,1023,278,246,14,False,278
j0-56,1,3326,32780562643964455,811,278,278,14,True,278
j0-56,1,3327,19076460729559024,104,262,310,14,False,262
j0-56,1,3328,30514533790945516,111,262,262,13,False,262
j0-56,1,3329,15057685837947489,12,294,310,14,False,294
j0-56,1,3330,22816350659097530,95,262,310,14,False,262
j0-56,1,3331,38592205572229234,294,294,252,14,True,252
j0-56,1,3332,4832600887565792,4,278,278,14,False,278
j0-56,1,3333,32088944263517813,111,278,278,14,False,278
j0-56,1,3334,16843576314685935,344,278,256,14,True,256
j0-56,1,3335,42947103933480776,195,262,246,14,True,246
j0-56,1,3336,2998229419806989,1023,252,268,13,False,252
j0-56,1,3337,26714027547724524,663,278,284,13,True,284
j0-56,1,3338,29519716289171987,343,268,284,13,True,284
j0-56,1,3339,46772271735024915,231,268,278,13,True,278
j0-56,1,3340,48130472351076486,329,252,304,14,True,304
j0-56,1,3341,51256634001419855,1,268,268,13,False,268
j0-56,1,3342,42047987440997245,13,304,310,14,False,304
j0-56,1,3343,5546333628834200,8,278,278,14,False,278
j0-56,1,3344,6641688188552086,95,268,278,13,False,268
j0-56,1,3345,52451731551646904,375,278,294,14,False,278
j0-56,1,3346,43826982791824891,104,278,284,13,False,278
j0-56,1,3347,7235899982813143,1023,252,278,14,False,252
j0-56,1,3348,29355886809073509,723,288,278,14,True,278
j0-56,1,3349,18173129795254690,0,294,320,14,False,294
j0-56,1,3350,5496258266071299,1023,288,294,14,False,288
j0-56,1,3351,42380406498098891,104,278,272,14,False,278
j0-56,1,3352,45069839873596855,2,252,262,13,False,252
j0-56,1,3353,11968579857852792,851,294,272,14,True,272
j0-56,1,3354,36463868624352435,7,262,278,14,False,262
j0-56,1,3355,29355867815410146,104,278,278,14,False,278
j0-56,1,3356,13394811669930204,95,252,252,13,False,252
j0-56,1,3357,1352723993207729,8,268,284,13,False,268
j0-56,1,3358,40222397092165854,755,278,284,13,True,284
j0-56,1,3359,52202474863834741,2,268,284,13,False,268
j0-56,1,3360,48812003121319924,836,268,252,13,True,252
j0-56,1,3361,24977114619082107,623,252,236,13,False,252
j0-56,1,3362,43216986618175599,144,278,278,14,True,278
j0-56,1,3363,21962837396674452,336,278,278,14,True,278
j0-56,1,3364,12200797464130471,301,252,252,13,False,252
j0-56,1,3365,51737552800576041,114,278,246,14,True,246
j0-56,1,3366,35372188579951272,205,278,278,14,True,278
j0-56,1,3367,22555304432894783,2,304,304,14,False,304
j0-56,1,3368,34523493277343159,879,278,278,14,False,278
j0-56,1,3369,26914395816680925,867,278,246,14,False,278
j0-56,1,3370,5159789462686050,1023,278,326,13,False,278
j0-56,1,3371,20604364022554934,118,278,278,14,True,278
j0-56,1,3372,7490837557553381,866,278,304,14,True,304
j0-56,1,3373,52043022658639608,0,278,272,14,False,278
j0-56,1,3374,28134291153456673,104,268,294,13,False,268
j0-56,1,3375,45924229350520926,355,268,278,13,True,278
j0-56,1,3376,8599044094364158,603,262,278,14,True,278
j0-56,1,3377,22136330131775354,156,272,236,13,True,236
j0-56,1,3378,22700579311153115,727,288,288,14,True,288
j0-56,1,3379,30588519259878089,104,278,278,14,False,278
j0-56,1,3380,24043968629336671,104,262,262,13,False,262
j0-56,1,3381,33355665985841325,9,304,310,14,False,304
j0-56,1,3382,40053932271131145,104,278,304,14,False,278
j0-56,1,3383,36725569515135702,13,294,262,14,False,294
j0-56,1,3384,43497519838021872,328,268,278,13,True,278
j0-56,1,3385,18696871472223598,1023,252,236,13,False,252
j0-56,1,3386,35663908562612435,0,278,310,13,False,278
j0-56,1,3387,52310026434379362,104,252,268,13,False,252
j0-56,1,3388,8515006196654385,104,278,310,14,False,278
j0-56,1,3389,8305605785484820,16,278,278,13,False,278
j0-56,1,3390,6012137495491960,698,288,288,13,True,288
j0-56,1,3391,44897571136262910,1,278,310,13,False,278
j0-56,1,3392,23969228046348597,878,278,268,13,True,268
j0-56,1,3393,28252084893889546,3,278,268,13,False,278
j0-56,1,3394,28291104225893397,16,288,278,14,False,288
j0-56,1,3395,41056988274928222,1023,278,268,13,False,278
j0-56,1,3396,16641315034960033,104,278,342,14,False,278
j0-56,1,3397,17810340518140651,812,278,282,14,True,282
j0-56,1,3398,8854043927202612,873,278,262,14,True,262
j0-56,1,3399,9891335563309467,12,294,310,14,False,294
j0-56,1,3400,32940296431460361,4,278,262,13,False,278
j0-56,1,3401,52616408228819147,1023,278,246,14,False,278
j0-56,1,3402,26933427753423250,7,288,288,14,False,288
j0-56,1,3403,50381107424963150,175,278,304,14,False,278
j0-56,1,3404,34523996209964186,681,278,246,14,True,246
j0-56,1,3405,42871155077705084,175,294,288,14,False,294
j0-56,1,3406,24860771080031816,95,268,252,13,False,268
j0-56,1,3407,37856119777133992,879,262,310,14,False,262
j0-56,1,3408,44996511075684142,624,252,268,13,False,252
j0-56,1,3409,35694084440909290,315,294,278,14,True,278
j0-56,1,3410,46957546539565508,104,268,252,13,False,268
j0-56,1,3411,34089897000205984,8,278,278,14,False,278
j0-56,1,3412,1211279309868076,204,288,272,14,True,272
j0-56,1,3413,45684927841153934,106,262,304,14,False,262
j0-56,1,3414,18023700812663581,628,252,278,13,True,278
j0-56,1,3415,31639226984389925,369,288,272,14,True,272
j0-56,1,3416,32444773019295471,175,268,236,12,False,268
j0-56,1,3417,51036063186004255,3,252,284,14,False,252
j0-56,1,3418,48488193467920425,800,278,278,14,True,278
j0-56,1,3419,19630165680281687,810,304,262,14,True,262
j0-56,1,3420,4458409735580887,1,268,278,13,False,268
j0-56,1,3421,7632397037024704,1023,304,314,15,False,304
j0-56,1,3422,4404859537713553,731,262,252,14,True,252
j0-56,1,3423,47019989102489512,16,288,294,14,False,288
j0-56,1,3424,7673392281906408,13,268,284,13,False,268
j0-56,1,3425,43281964199713666,1023,278,310,14,False,278
j0-56,1,3426,28379799071406416,699,278,304,14,True,304
j0-56,1,3427,8525294486566125,110,278,278,13,False,278
j0-56,1,3428,39317989444583851,822,268,284,13,True,284
j0-56,1,3429,4947663637551570,239,252,252,13,False,252
j0-56,1,3430,35544435222157532,755,262,278,14,True,278
j0-56,1,3431,13940744091806451,1023,262,288,14,False,262
j0-56,1,3432,16840526491024419,358,278,294,14,True,294
j0-56,1,3433,45973505917341764,105,278,294,13,False,278
j0-56,1,3434,4710462714066721,805,304,278,14,True,278
j0-56,1,3435,52077511496973660,809,268,236,13,True,236
j0-56,1,3436,52361363989282765,95,278,336,14,False,278
j0-56,1,3437,16794404340142244,10,232,264,11,False,232
j0-56,1,3438,46134927629306079,104,278,278,13,False,278
j0-56,1,3439,7241745538843662,736,268,284,13,True,284
j0-56,1,3440,46218381638740081,2,268,278,13,False,268
j0-56,1,3441,29243492873706222,95,278,310,13,False,278
j0-56,1,3442,44646303551423553,104,262,246,14,False,262
j0-56,1,3443,51043031786568157,95,246,278,14,False,246
j0-56,1,3444,31577432658936279,95,278,310,14,False,278
j0-56,1,3445,576586605349531,174,268,278,13,True,278
j0-56,1,3446,25247042943080390,4,294,304,14,False,294
j0-56,1,3447,13752605516301487,194,288,310,14,True,310
j0-56,1,3448,20789648767059740,2,278,310,14,False,278
j0-56,1,3449,18838447132894684,104,278,310,14,False,278
j0-56,1,3450,4442718894745605,4,278,310,14,False,278
j0-56,1,3451,37344891082539236,104,278,288,13,False,278
j0-56,1,3452,9847519922533058,1023,278,320,14,False,278
j0-56,1,3453,30701331837979216,1023,304,326,14,False,304
j0-56,1,3454,6658371083594013,9,294,278,14,False,294
j0-56,1,3455,21518690284427824,175,262,288,14,False,262
j0-56,1,3456,47689212286765587,736,294,278,13,True,278
j0-56,1,3457,26565908161838317,223,262,272,13,False,262
j0-56,1,3458,31383058371777344,0,278,310,14,False,278
j0-56,1,3459,25622025942474865,693,252,256,13,True,256
j0-56,1,3460,21061485034626671,1023,278,294,14,False,278
j0-56,1,3461,11465852480584717,13,262,310,13,False,262
j0-56,1,3462,30428408472834678,621,252,304,13,False,252
j0-56,1,3463,15364035781727814,356,268,246,12,True,246
j0-56,1,3464,20676810888116520,174,278,278,13,True,278
j0-56,1,3465,9710707099695896,0,288,288,14,False,288
j0-56,1,3466,15386796342740008,617,262,304,14,False,262
j0-56,1,3467,33627133380010968,1023,242,252,12,False,242
j0-56,1,3468,6516600260561755,95,278,278,14,False,278
j0-56,1,3469,23933797416094095,1023,262,294,14,False,262
j0-56,1,3470,41396187779617078,176,294,278,14,True,278
j0-56,1,3471,27040247177082654,2,278,304,14,False,278
j0-56,1,3472,49171750197935730,104,268,268,13,False,268
j0-56,1,3473,342823982792506,3,278,310,14,False,278
j0-56,1,3474,41235474041205201,1023,288,262,14,False,288
j0-56,1,3475,40136125211206546,1023,278,278,14,False,278
j0-56,1,3476,11059083405807219,1023,288,272,14,False,288
j0-56,1,3477,17217021172877541,836,278,246,14,True,246
j0-56,1,3478,21179747766012979,95,278,336,14,False,278
j0-56,1,3479,5611909909282331,104,278,284,13,False,278
j0-56,1,3480,23834790870672903,632,304,278,14,True,278
j0-56,1,3481,53535862117078410,872,252,252,12,False,252
j0-56,1,3482,41474515971816048,1023,278,236,14,False,278
j0-56,1,3483,45682189371350388,91,294,272,14,True,272
j0-56,1,3484,50099239784526214,93,268,278,13,True,278
j0-56,1,3485,40585507857293808,1023,262,320,14,False,262
j0-56,1,3486,4276774705657012,3,268,316,13,False,268
j0-56,1,3487,33923464738716951,11,242,258,11,False,242
j0-56,1,3488,39519818072165993,752,252,262,13,False,252
j0-56,1,3489,37760700847562154,7,278,304,14,False,278
j0-56,1,3490,3189431000115511,369,272,262,14,True,262
j0-56,1,3491,41831074302016334,11,252,284,13,False,252
j0-56,1,3492,36174794691808026,336,304,304,14,True,304
j0-56,1,3493,19245713352889974,16,262,268,13,False,262
j0-56,1,3494,27117888493667175,10,278,262,14,False,278
j0-56,1,3495,30284083132628709,219,272,240,13,False,272
j0-56,1,3496,20977638519205736,1023,278,262,13,False,278
j0-56,1,3497,53561919073090936,860,278,246,14,True,246
j0-56,1,3498,28431920265684484,337,278,246,14,True,246
j0-56,1,3499,40365554632861368,3,288,278,14,False,288
j0-56,1,3500,21651018487440501,105,268,268,13,False,268
j0-56,1,3501,48632631282599400,626,252,278,13,False,252
j0-56,1,3502,9310572488013854,9,294,252,13,False,294
j0-56,1,3503,7349434565085366,2,278,278,13,False,278
j0-56,1,3504,50468964338790770,106,262,294,14,False,262
j0-56,1,3505,51632384205981774,95,278,278,13,False,278
j0-56,1,3506,25474801995906373,11,278,310,14,False,278
j0-56,1,3507,22103118174429394,308,278,262,13,True,262
j0-56,1,3508,31103929192486450,95,278,278,14,False,278
j0-56,1,3509,5740647480597432,1023,262,246,14,False,262
j0-56,1,3510,41738194164579356,104,268,300,13,False,268
j0-56,1,3511,32594949996750557,344,268,252,13,True,252
j0-56,1,3512,20971586380554057,0,252,268,13,False,252
j0-56,1,3513,9994683322801073,1023,278,262,13,False,278
j0-56,1,3514,3846687601268120,852,268,268,12,False,268
j0-56,1,3515,31990726000618934,1023,304,326,14,False,304
j0-56,1,3516,18016426283854351,299,294,272,14,True,272
j0-56,1,3517,8459656061710644,310,268,236,12,True,236
j0-56,1,3518,39732753622506422,104,278,304,14,False,278
j0-56,1,3519,28800938904419983,95,278,262,14,False,278
j0-56,1,3520,46200706829168864,106,262,268,14,False,262
j0-56,1,3521,43980690963298621,106,294,284,13,False,294
j0-56,1,3522,30542396701617471,308,268,252,13,True,252
j0-56,1,3523,8104119840000584,12,294,278,13,False,294
j0-56,1,3524,35529680426634687,104,278,304,14,False,278
j0-56,1,3525,5388385534907466,161,294,278,13,True,278
j0-56,1,3526,12191905655713241,118,288,288,14,True,288
j0-56,1,3527,3668007280889831,868,278,278,14,True,278
j0-56,1,3528,15490663749380997,8,294,278,14,False,294
j0-56,1,3529,26624571443116371,95,304,278,14,False,304
j0-56,1,3530,32410943186883240,287,278,272,14,True,272
j0-56,1,3531,21992017812355984,9,278,342,14,False,278
j0-56,1,3532,1554575686188600,8,294,310,14,False,294
j0-56,1,3533,29642050047595709,711,278,246,14,True,246
j0-56,1,3534,38396942624131481,12,268,278,13,False,268
j0-56,1,3535,24883797788834153,95,268,252,13,False,268
j0-56,1,3536,19343991432430046,3,242,268,12,False,242
j0-56,1,3537,34130121197682357,630,252,284,13,False,252
j0-56,1,3538,13137300094603085,1023,252,268,13,False,252
j0-56,1,3539,50023145765885824,1023,278,262,14,False,278
j0-56,1,3540,15220414406641547,214,278,252,14,True,252
j0-56,1,3541,48933242730074365,1023,252,310,14,False,252
j0-56,1,3542,42130133597047606,1023,278,320,15,False,278
j0-56,1,3543,20381075646538520,624,268,272,14,False,268
j0-56,1,3544,36366958973272457,1023,278,268,13,False,278
j0-56,1,3545,28579843905961896,217,278,252,13,True,252
j0-56,1,3546,11141874426961217,1,268,278,13,False,268
j0-56,1,3547,45257429957433271,622,288,272,14,False,288
j0-56,1,3548,40273745409882943,1,294,278,14,False,294
j0-56,1,3549,30612301058092884,108,252,236,13,False,252
j0-56,1,3550,1206783374364706,0,294,310,14,False,294
j0-56,1,3551,21224125961246837,13,268,268,13,False,268
j0-56,1,3552,42641687180450108,222,246,246,14,False,246
j0-56,1,3553,31440866006240985,95,278,278,14,False,278
j0-56,1,3554,39740626909533728,1023,278,282,14,False,278
j0-56,1,3555,13302218840239531,169,278,284,14,True,284
j0-56,1,3556,49119699818953616,7,304,310,14,False,304
j0-56,1,3557,36448299695160552,732,304,272,15,True,272
j0-56,1,3558,49531377212288809,245,252,236,12,False,252
j0-56,1,3559,26661390125500465,1023,252,294,13,False,252
j0-56,1,3560,49262781399219971,108,278,284,13,False,278
j0-56,1,3561,18339964902117264,1023,278,278,14,False,278
j0-56,1,3562,13307640000173217,3,288,288,13,False,288
j0-56,1,3563,1463735717020215,104,258,252,12,False,258
j0-56,1,3564,22577995990512951,854,252,252,13,True,252
j0-56,1,3565,41032336572336134,13,294,278,14,False,294
j0-56,1,3566,24806586317856434,8,278,310,14,False,278
j0-56,1,3567,5666360823881263,105,262,304,14,False,262
j0-56,1,3568,10810097442647190,104,278,278,14,False,278
j0-56,1,3569,50469980052020775,750,278,278,14,False,278
j0-56,1,3570,53157239390294869,283,294,304,14,True,304
j0-56,1,3571,16721036533380935,867,262,262,13,False,262
j0-56,1,3572,10482153710943038,7,304,304,13,False,304
j0-56,1,3573,52735584006248437,8,278,310,14,False,278
j0-56,1,3574,25474573602393038,318,278,272,14,True,272
j0-56,1,3575,40198480827632648,95,278,278,14,False,278
j0-56,1,3576,21256269992487689,7,278,272,14,False,278
j0-56,1,3577,30317653738837172,104,278,278,14,False,278
j0-56,1,3578,17131774662914577,0,288,278,14,False,288
j0-56,1,3579,311908350943700,861,278,256,14,True,256
j0-56,1,3580,14611328996944932,9,268,256,13,False,268
j0-56,1,3581,2007517195299186,7,278,310,14,False,278
j0-56,1,3582,51388303132308587,95,242,242,12,False,242
j0-56,1,3583,47836531668095072,836,304,288,14,True,288
j0-56,1,3584,53362947452104870,95,252,252,13,False,252
j0-56,1,3585,8371375993527633,757,278,336,14,True,336
j0-56,1,3586,14097296798059235,1023,262,326,14,False,262
j0-56,1,3587,11062135200003384,95,278,284,14,False,278
j0-56,1,3588,14896457739516966,856,252,304,14,True,304
j0-56,1,3589,8243314629298590,105,262,278,14,False,262
j0-56,1,3590,44372507309591349,1023,262,272,14,False,262
j0-56,1,3591,31975781715589816,820,242,284,12,True,284
j0-56,1,3592,47426967329545377,8,252,268,13,False,252
j0-56,1,3593,31310637750554222,1023,272,256,14,False,272
j0-56,1,3594,11008475032027627,104,252,278,13,False,252
j0-56,1,3595,6674856550977758,830,268,284,13,True,284
j0-56,1,3596,21430476712847955,105,278,284,13,False,278
j0-56,1,3597,45343052007914566,8,288,304,14,False,288
j0-56,1,3598,51088415085235991,346,278,262,14,False,278
j0-56,1,3599,38658743851156285,310,294,262,14,True,262
j0-56,1,3600,18897153629348033,95,180,180,9,False,180
j0-56,1,3601,40412877847230264,629,268,316,13,False,268
j0-56,1,3602,35971022556644632,1023,252,226,13,False,252
j0-56,1,3603,16816775617920895,300,278,304,14,True,304
j0-56,1,3604,4559904224542609,221,278,310,14,True,310
j0-56,1,3605,38243463208052363,7,278,284,14,False,278
j0-56,1,3606,38714994433005441,105,294,278,14,False,294
j0-56,1,3607,23861558975580931,234,252,258,13,False,252
j0-56,1,3608,46653491532038652,1023,288,288,14,False,288
j0-56,1,3609,47388655097734410,626,268,278,13,False,268
j0-56,1,3610,29666660680572311,95,278,310,14,False,278
j0-56,1,3611,46169534291903634,3,268,268,13,False,268
j0-56,1,3612,23222248897237427,1,288,348,13,False,288
j0-56,1,3613,6535017771288341,609,278,262,13,True,262
j0-56,1,3614,13040576250823443,292,278,262,13,True,262
j0-56,1,3615,271950493902908,106,294,310,14,False,294
j0-56,1,3616,7251163295197393,104,252,316,13,False,252
j0-56,1,3617,47314443920547775,206,252,268,12,True,268
j0-56,1,3618,27232911610453887,800,278,262,14,True,262
j0-56,1,3619,9028682168471684,240,262,262,14,False,262
j0-56,1,3620,28533604686393376,322,252,252,13,True,252
j0-56,1,3621,11591904729349842,114,288,278,14,True,278
j0-56,1,3622,38006332471533561,9,278,278,13,False,278
j0-56,1,3623,13273808598925961,4,294,284,13,False,294
j0-56,1,3624,30173464703281014,120,236,252,13,False,236
j0-56,1,3625,3733321746395599,95,278,310,14,False,278
j0-56,1,3626,41658525807479083,7,288,236,13,False,288
j0-56,1,3627,32269550673794067,1023,236,252,13,False,236
j0-56,1,3628,2161975375647077,1023,288,288,14,False,288
j0-56,1,3629,53116551313859480,358,268,236,13,True,236
j0-56,1,3630,25752539246852139,104,252,336,14,False,252
j0-56,1,3631,9344583732591206,1023,278,268,13,False,278
j0-56,1,3632,42848385721443455,872,252,284,13,False,252
j0-56,1,3633,37753056055793125,2,288,272,14,False,288
j0-56,1,3634,24052910114629136,12,252,284,12,False,252
j0-56,1,3635,21276596540572715,119,278,310,14,True,310
j0-56,1,3636,3748761645766228,1023,268,268,13,False,268
j0-56,1,3637,43226663141388349,95,252,268,13,False,252
j0-56,1,3638,35725387283248945,1023,278,256,14,False,278
j0-56,1,3639,11249347331782082,12,262,252,13,False,262
j0-56,1,3640,44021613915353652,105,288,252,14,False,288
j0-56,1,3641,34007548308410378,1023,272,262,14,False,272
j0-56,1,3642,17023430230199993,12,278,278,14,False,278
j0-56,1,3643,15104453096922358,16,304,310,14,False,304
j0-56,1,3644,50296011398684517,1,288,268,14,False,288
j0-56,1,3645,7154865062516591,99,252,236,13,True,236
j0-56,1,3646,14563181958575684,613,294,304,14,True,304
j0-56,1,3647,28176377998542696,105,304,278,14,False,304
j0-56,1,3648,18332317387505805,2,278,268,14,False,278
j0-56,1,3649,45940254289450590,656,278,246,14,True,246
j0-56,1,3650,20425611054475605,823,278,236,14,True,236
j0-56,1,3651,30163458843140373,95,252,268,13,False,252
j0-56,1,3652,40074685953545802,104,246,262,14,False,246
j0-56,1,3653,3764349526577507,1023,262,262,14,False,262
j0-56,1,3654,48573816437709149,104,268,284,13,False,268
j0-56,1,3655,44402773123600105,354,278,252,14,True,252
j0-56,1,3656,21580293646773231,193,278,262,14,True,262
j0-56,1,3657,13759710206463186,198,304,262,14,True,262
j0-56,1,3658,41612086522663709,2,278,284,13,False,278
j0-56,1,3659,8706825917939718,723,278,288,14,True,288
j0-56,1,3660,27436178565789690,1023,262,278,14,False,262
j0-56,1,3661,759163949790506,3,252,284,13,False,252
j0-56,1,3662,3875911985377186,105,288,278,14,False,288
j0-56,1,3663,37061627124794500,104,252,268,13,False,252
j0-56,1,3664,41068788747855795,95,278,284,14,False,278
j0-56,1,3665,31078288056068315,195,278,272,14,True,272
j0-56,1,3666,1588704124014652,729,252,268,13,True,268
j0-56,1,3667,29933029115053285,238,262,304,14,True,304
j0-56,1,3668,24343520296665827,342,278,252,13,True,252
j0-56,1,3669,47659023931405217,1023,252,252,13,False,252
j0-56,1,3670,18249760071582074,812,242,258,12,True,258
j0-56,1,3671,28851554936029655,229,242,258,12,True,258
j0-56,1,3672,7228205246053537,104,288,304,14,False,288
j0-56,1,3673,29455695165109991,4,278,310,13,False,278
j0-56,1,3674,23423000425869382,673,268,268,13,True,268
j0-56,1,3675,22467110284089164,9,268,268,12,False,268
j0-56,1,3676,45602884596745952,240,268,284,13,False,268
j0-56,1,3677,45275722431833357,864,268,252,13,True,252
j0-56,1,3678,26933638078358412,610,268,262,14,True,262
j0-56,1,3679,36885135987995548,312,278,310,14,True,310
j0-56,1,3680,40263724630565447,795,304,262,14,True,262
j0-56,1,3681,12901320628150428,4,278,278,14,False,278
j0-56,1,3682,38077052689207614,1023,268,262,13,False,268
j0-56,1,3683,21966398461646797,106,262,278,13,False,262
j0-56,1,3684,4925528279994250,3,268,268,13,False,268
j0-56,1,3685,17036084177231136,299,252,252,13,True,252
j0-56,1,3686,47509550855893994,820,278,294,14,True,294
j0-56,1,3687,6733603515512618,4,242,226,12,False,242
j0-56,1,3688,41977224993169399,11,268,274,12,False,268
j0-56,1,3689,13024776833612458,3,278,278,14,False,278
j0-56,1,3690,43867599227137057,3,278,294,14,False,278
j0-56,1,3691,40716964820799145,105,262,262,14,False,262
j0-56,1,3692,48307500551164676,105,304,288,14,False,304
j0-56,1,3693,46425301255739486,1023,268,300,13,False,268
j0-56,1,3694,12699228340315573,104,278,304,14,False,278
j0-56,1,3695,22759703883977457,105,294,252,13,False,294
j0-56,1,3696,34788544609290011,105,298,278,15,False,298
j0-56,1,3697,31909251655817126,1023,252,268,13,False,252
j0-56,1,3698,12860050590951366,1023,278,294,14,False,278
j0-56,1,3699,35162009190988699,883,242,258,12,True,258
j0-56,1,3700,53208410300437561,315,278,262,14,True,262
j0-56,1,3701,18731628381047583,1,304,320,14,False,304
j0-56,1,3702,51383095754039743,95,278,278,14,False,278
j0-56,1,3703,35360930266844334,8,268,284,13,False,268
j0-56,1,3704,44474526217125082,94,294,278,14,True,278
j0-56,1,3705,35158947717446182,688,278,272,14,True,272
j0-56,1,3706,19927470693460916,299,236,256,13,True,256
j0-56,1,3707,31986604725032932,1023,236,252,13,False,236
j0-56,1,3708,23580012838813212,724,294,304,14,True,304
j0-56,1,3709,11764847521056502,1023,304,294,14,False,304
j0-56,1,3710,43860377225313567,1023,252,236,13,False,252
j0-56,1,3711,38897203946654679,301,278,278,14,False,278
j0-56,1,3712,26497076878866368,663,294,252,13,True,252
j0-56,1,3713,4802387666092474,104,242,252,12,False,242
j0-56,1,3714,44798898413726238,104,304,278,14,False,304
j0-56,1,3715,12094063084089324,12,294,300,13,False,294
j0-56,1,3716,17081932740485053,220,242,226,12,True,226
j0-56,1,3717,13968900806077482,106,268,252,13,False,268
j0-56,1,3718,21235350368779460,104,278,278,14,False,278
j0-56,1,3719,51349450068837555,668,268,246,13,True,246
j0-56,1,3720,52371492657923597,95,268,258,12,False,268
j0-56,1,3721,31122419140816299,106,252,252,13,False,252
j0-56,1,3722,50271108960465970,95,288,320,14,False,288
j0-56,1,3723,6324828302329557,884,304,252,14,False,304
j0-56,1,3724,32418976891787269,9,294,304,14,False,294
j0-56,1,3725,14180652936447800,729,252,252,13,True,252
j0-56,1,3726,37007620710004352,95,278,294,13,False,278
j0-56,1,3727,18122495638621980,187,278,252,13,True,252
j0-56,1,3728,53033676848402482,1023,278,262,14,False,278
j0-56,1,3729,49312596964757257,104,294,284,14,False,294
j0-56,1,3730,22662489968392743,1023,252,268,13,False,252
j0-56,1,3731,11802108922110913,201,242,226,12,True,226
j0-56,1,3732,33447468496320644,2,278,310,13,False,278
j0-56,1,3733,11716621477617573,329,278,278,14,True,278
j0-56,1,3734,44477820730087471,693,278,262,14,True,262
j0-56,1,3735,32903071144538325,706,258,252,12,True,252
j0-56,1,3736,44362952175743661,230,288,268,12,True,268
j0-56,1,3737,42719990381635431,292,268,252,13,True,252
j0-56,1,3738,52579844192733391,99,268,252,13,True,252
j0-56,1,3739,6739379478186799,799,278,252,14,True,252
j0-56,1,3740,39582146588558004,372,278,262,13,False,278
j0-56,1,3741,28246254970855571,218,294,278,14,True,278
j0-56,1,3742,17045304248432660,120,252,278,13,False,252
j0-56,1,3743,48319531044427856,318,268,242,12,True,242
j0-56,1,3744,12626174091873325,3,268,278,13,False,268
j0-56,1,3745,6427322408237235,95,278,288,14,False,278
j0-56,1,3746,6000457518085978,104,252,236,13,False,252
j0-56,1,3747,14174655855777327,105,268,316,13,False,268
j0-56,1,3748,9801365954537365,353,304,278,14,True,278
j0-56,1,3749,18788847895851571,1023,278,236,13,False,278
j0-56,1,3750,20057123612943636,879,304,278,14,False,304
j0-56,1,3751,31050871208338347,688,294,304,14,True,304
j0-56,1,3752,20354895205181780,101,268,284,13,True,284
j0-56,1,3753,8625836159309856,872,278,304,14,False,278
j0-56,1,3754,7052739540505268,175,278,278,14,False,278
j0-56,1,3755,26578641067146531,288,278,246,14,True,246
j0-56,1,3756,1985343355629463,95,252,252,13,False,252
j0-56,1,3757,6104060067398893,219,268,278,13,False,268
j0-56,1,3758,42678215692303231,2,258,258,12,False,258
j0-56,1,3759,29338283263663481,7,278,284,13,False,278
j0-56,1,3760,18989352787416298,7,236,284,13,False,236
j0-56,1,3761,14765519701585925,95,278,268,13,False,278
j0-56,1,3762,44718422989872995,1023,288,288,15,False,288
j0-56,1,3763,65797884562027,3,278,304,14,False,278
j0-56,1,3764,45249371472974271,16,278,294,14,False,278
j0-56,1,3765,22055840326661305,833,278,278,14,True,278
j0-56,1,3766,30481553109895536,8,294,284,13,False,294
j0-56,1,3767,21775964807694451,872,262,262,14,False,262
j0-56,1,3768,51303821597687825,1023,262,262,14,False,262
j0-56,1,3769,8872198610662969,733,278,304,15,True,304
j0-56,1,3770,28069084586793206,235,268,284,13,True,284
j0-56,1,3771,18881029286996947,817,268,252,13,True,252
j0-56,1,3772,2203409548596395,93,268,236,13,True,236
j0-56,1,3773,17538284228881510,106,268,268,13,False,268
j0-56,1,3774,48987363781415478,95,278,278,14,False,278
j0-56,1,3775,28757852103762225,375,278,272,14,False,278
j0-56,1,3776,24753611401166603,2,278,310,14,False,278
j0-56,1,3777,52309908676721934,8,304,310,14,False,304
j0-56,1,3778,39867274678215006,810,294,236,13,True,236
j0-56,1,3779,23313515315787460,8,294,278,13,False,294
j0-56,1,3780,8206711855234522,1,278,294,14,False,278
j0-56,1,3781,32367625944331008,366,262,268,13,False,262
j0-56,1,3782,17083306026498439,858,288,294,14,True,294
j0-56,1,3783,39797668890461400,1,278,278,13,False,278
j0-56,1,3784,8760195875944063,822,268,258,12,True,258
j0-56,1,3785,52020207688554853,309,278,278,13,False,278
j0-56,1,3786,24568718837263920,7,294,346,14,False,294
j0-56,1,3787,38115114075079440,2,268,284,14,False,268
j0-56,1,3788,15586372052217584,104,278,278,14,False,278
j0-56,1,3789,42312549857537774,747,252,252,13,True,252
j0-56,1,3790,20960577619855500,8,304,310,14,False,304
j0-56,1,3791,28503593173331748,241,278,252,13,True,252
j0-56,1,3792,28387509370305805,13,258,242,12,False,258
j0-56,1,3793,15114927103878980,105,262,262,15,False,262
j0-56,1,3794,1245245944044868,357,268,252,13,True,252
j0-56,1,3795,51366980027270306,827,252,268,13,True,268
j0-56,1,3796,34876428464495499,217,268,252,13,True,252
j0-56,1,3797,32447002642913654,104,278,278,14,False,278
j0-56,1,3798,30723331615982169,0,262,278,14,False,262
j0-56,1,3799,42849230058961584,1,268,284,13,False,268
j0-56,1,3800,45641428929646420,837,278,294,14,True,294
j0-56,1,3801,14319885977334688,104,268,304,14,False,268
j0-56,1,3802,47917934375070980,104,278,304,14,False,278
j0-56,1,3803,34922929808802048,1,278,310,14,False,278
j0-56,1,3804,10490192031693053,105,278,314,14,False,278
j0-56,1,3805,12926118482115303,299,252,284,13,True,284
j0-56,1,3806,28393460863181091,111,278,252,13,False,278
j0-56,1,3807,42332005697195979,13,268,332,13,False,268
j0-56,1,3808,5962128383581939,1023,272,236,14,False,272
j0-56,1,3809,42635584629272802,1,268,284,13,False,268
j0-56,1,3810,39423838371697242,237,262,256,14,False,262
j0-56,1,3811,6351169246162871,1023,236,246,13,False,236
j0-56,1,3812,8616053562569106,106,278,262,13,False,278
j0-56,1,3813,1450570642074847,340,278,262,14,True,262
j0-56,1,3814,13736746398811806,104,278,272,14,False,278
j0-56,1,3815,49603229492638001,807,278,278,14,True,278
j0-56,1,3816,14563309681101377,107,278,262,14,False,278
j0-56,1,3817,11273760376278606,333,304,304,14,True,304
j0-56,1,3818,15426503411187717,692,294,288,14,True,288
j0-56,1,3819,28583912213161507,192,278,252,14,True,252
j0-56,1,3820,3869268424959146,104,294,336,14,False,294
j0-56,1,3821,10257089821061155,104,252,284,13,False,252
j0-56,1,3822,16289601054793230,333,304,298,15,True,298
j0-56,1,3823,30929750800008449,2,288,304,14,False,288
j0-56,1,3824,41355631291658776,355,304,278,15,True,278
j0-56,1,3825,41533528019710603,312,294,304,14,True,304
j0-56,1,3826,26424283522636525,743,278,314,14,True,314
j0-56,1,3827,195632552983863,2,268,278,13,False,268
j0-56,1,3828,23649656904453233,301,268,252,13,False,268
j0-56,1,3829,45662006261089031,16,268,284,13,False,268
j0-56,1,3830,40166317726597551,1023,278,262,14,False,278
j0-56,1,3831,14989066243300205,613,294,278,14,True,278
j0-56,1,3832,52151846229867600,95,278,272,14,False,278
j0-56,1,3833,25147492078450428,7,278,278,14,False,278
j0-56,1,3834,17470778304428739,621,278,304,13,False,278
j0-56,1,3835,37225479175147616,104,268,278,13,False,268
j0-56,1,3836,8254096632929266,824,252,278,13,True,278
j0-56,1,3837,49792833468081709,611,232,216,11,True,216
j0-56,1,3838,38732723802047534,874,268,252,13,False,268
j0-56,1,3839,40996346826230972,627,278,304,14,True,304
j0-56,1,3840,540255375888899,181,226,226,12,True,226
j0-56,1,3841,32465964736623359,883,252,236,13,True,236
j0-56,1,3842,6024697138502558,7,268,278,13,False,268
j0-56,1,3843,13836836330426934,307,278,278,14,True,278
j0-56,1,3844,50862906274908083,106,294,316,13,False,294
j0-56,1,3845,5486879893976043,102,268,236,13,True,236
j0-56,1,3846,36063759890467321,9,278,278,14,False,278
j0-56,1,3847,5594892062745733,731,278,252,13,True,252
j0-56,1,3848,19897499507342069,3,278,284,14,False,278
j0-56,1,3849,30165304753018755,1023,252,268,13,False,252
j0-56,1,3850,49390412392939686,95,278,304,14,False,278
j0-56,1,3851,581939935567355,104,262,268,12,False,262
j0-56,1,3852,48344584335905483,3,294,262,13,False,294
j0-56,1,3853,26856352782761478,106,252,262,14,False,252
j0-56,1,3854,45830090364295699,104,278,284,14,False,278
j0-56,1,3855,3873095282217938,9,268,272,14,False,268
j0-56,1,3856,3878635742786659,4,262,294,13,False,262
j0-56,1,3857,9710412524504388,355,268,268,13,True,268
j0-56,1,3858,27019027761619916,7,278,278,14,False,278
j0-56,1,3859,42489602468711059,1023,252,278,13,False,252
j0-56,1,3860,1135102067797275,162,294,284,13,False,294
j0-56,1,3861,37259285737095203,0,278,310,14,False,278
j0-56,1,3862,27234138663863208,8,294,284,13,False,294
j0-56,1,3863,22962133191012001,2,262,262,12,False,262
j0-56,1,3864,30878525701019982,1023,288,294,14,False,288
j0-56,1,3865,9919546071147847,104,252,262,13,False,252
j0-56,1,3866,24073337731524011,693,278,278,14,True,278
j0-56,1,3867,30783773294808650,353,294,272,14,True,272
j0-56,1,3868,16763905206155964,185,278,278,14,True,278
j0-56,1,3869,14494809929932030,7,278,316,13,False,278
j0-56,1,3870,31097014713840871,790,278,304,14,True,304
j0-56,1,3871,10440386756983802,1023,252,294,13,False,252
j0-56,1,3872,26241657504904629,12,278,304,14,False,278
j0-56,1,3873,42903549365527222,370,262,332,13,False,262
j0-56,1,3874,20230501800238753,1023,262,262,14,False,262
j0-56,1,3875,16516901535643988,366,272,304,14,False,272
j0-56,1,3876,35685850450782286,95,278,288,14,False,278
j0-56,1,3877,8603246322251385,11,294,294,13,False,294
j0-56,1,3878,38361569689619099,95,294,284,13,False,294
j0-56,1,3879,34835784953616184,3,278,304,14,False,278
j0-56,1,3880,39650682757527510,104,278,272,14,False,278
j0-56,1,3881,39245915355210541,822,278,272,14,True,272
j0-56,1,3882,1647778092252070,845,304,278,14,True,278
j0-56,1,3883,20130024181255854,162,278,246,14,False,278
j0-56,1,3884,52489711397089136,95,268,252,13,False,268
j0-56,1,3885,22702138892168355,211,262,246,14,True,246
j0-56,1,3886,3692299358304564,288,278,278,14,True,278
j0-56,1,3887,50296750650360768,299,268,284,13,True,284
j0-56,1,3888,46557775328170331,16,268,284,13,False,268
j0-56,1,3889,21350913924999894,104,252,300,13,False,252
j0-56,1,3890,52769576884622729,8,262,304,14,False,262
j0-56,1,3891,7987154617294476,107,278,342,14,False,278
j0-56,1,3892,45768826730907654,3,242,248,12,False,242
j0-56,1,3893,2679653939199960,336,294,278,13,True,278
j0-56,1,3894,30558137723693280,830,278,278,13,True,278
j0-56,1,3895,3173798237786060,673,278,278,14,True,278
j0-56,1,3896,50078536321254446,358,278,236,13,True,236
j0-56,1,3897,37222708134254503,852,258,252,12,False,258
j0-56,1,3898,48691510622131431,104,294,310,14,False,294
j0-56,1,3899,1376179270359995,7,278,278,14,False,278
j0-56,1,3900,21111805721050056,1023,252,236,13,False,252
j0-56,1,3901,29169728803209940,728,278,262,14,True,262
j0-56,1,3902,48476111232865662,7,268,258,12,False,268
j0-56,1,3903,38892910490252762,0,304,268,14,False,304
j0-56,1,3904,26382412901921844,95,252,252,12,False,252
j0-56,1,3905,3912835204263456,7,278,278,14,False,278
j0-56,1,3906,30786469656274227,1,268,284,13,False,268
j0-56,1,3907,24539699460091193,862,236,246,14,True,246
j0-56,1,3908,15647167207374441,7,278,268,13,False,278
j0-56,1,3909,23828258719375613,7,252,252,13,False,252
j0-56,1,3910,5636446541929618,104,278,310,14,False,278
j0-56,1,3911,26431253721412621,13,278,278,14,False,278
j0-56,1,3912,18385194551800302,104,278,278,14,False,278
j0-56,1,3913,3812470931550776,95,262,278,14,False,262
j0-56,1,3914,5448408039335959,245,278,278,13,False,278
j0-56,1,3915,37199926436340835,11,268,336,13,False,268
j0-56,1,3916,7124559491699361,857,258,226,12,False,258
j0-56,1,3917,44816142649453024,95,294,284,13,False,294
j0-56,1,3918,28904799896901474,3,288,278,14,False,288
j0-56,1,3919,22752521397140439,828,278,278,14,True,278
j0-56,1,3920,1739550614707136,656,278,284,13,True,284
j0-56,1,3921,27597348333145089,723,288,246,14,True,246
j0-56,1,3922,27499157783365807,821,268,262,13,True,262
j0-56,1,3923,14953521964353188,345,258,252,12,True,252
j0-56,1,3924,8476878949793224,2,278,278,14,False,278
j0-56,1,3925,30753765725425801,349,294,278,14,True,278
j0-56,1,3926,9699051070941812,13,268,278,13,False,268
j0-56,1,3927,8063027216466803,12,278,304,14,False,278
j0-56,1,3928,16478887647649722,13,242,242,12,False,242
j0-56,1,3929,853680809168016,360,252,236,13,True,236
j0-56,1,3930,26139710691121953,104,278,304,14,False,278
j0-56,1,3931,41289653469416388,1023,262,262,14,False,262
j0-56,1,3932,41662614971557622,104,278,310,14,False,278
j0-56,1,3933,1630469993785409,243,278,262,14,True,262
j0-56,1,3934,20879135044542907,1023,278,246,14,False,278
j0-56,1,3935,44988194349161567,206,278,294,14,True,294
j0-56,1,3936,9386740340646283,104,304,288,14,False,304
j0-56,1,3937,4852035731104579,673,304,310,14,True,310
j0-56,1,3938,2767838779168729,11,278,304,14,False,278
j0-56,1,3939,52950893524556159,848,262,272,14,True,272
j0-56,1,3940,3606892674750160,95,268,268,13,False,268
j0-56,1,3941,42460361371739849,1023,252,252,13,False,252
j0-56,1,3942,6614605485151404,105,288,304,14,False,288
j0-56,1,3943,30133919324719298,2,304,310,14,False,304
j0-56,1,3944,28638597433800792,4,258,290,12,False,258
j0-56,1,3945,13672097478364569,240,278,236,14,False,278
j0-56,1,3946,19378334069552858,616,262,278,13,True,278
j0-56,1,3947,42193015832047662,92,288,272,14,True,272
j0-56,1,3948,20242265345614353,333,278,278,13,True,278
j0-56,1,3949,9847195304249168,95,304,288,14,False,304
j0-56,1,3950,6906613535666039,610,304,262,14,True,262
j0-56,1,3951,1205054108052415,348,278,262,14,True,262
j0-56,1,3952,14001177005863787,301,262,298,14,False,262
j0-56,1,3953,10692157182905257,0,288,272,14,False,288
j0-56,1,3954,44584236130989083,712,258,242,12,True,242
j0-56,1,3955,40940618549640519,307,268,284,13,True,284
j0-56,1,3956,626127502661787,0,278,278,14,False,278
j0-56,1,3957,19906173821107992,2,288,310,14,False,288
j0-56,1,3958,43621812535013455,624,268,252,13,False,268
j0-56,1,3959,35795130251788973,106,278,272,14,False,278
j0-56,1,3960,24036642481887171,104,268,316,13,False,268
j0-56,1,3961,16213739238395696,210,278,278,13,True,278
j0-56,1,3962,16185158958470757,1023,252,236,13,False,252
j0-56,1,3963,6506389533190976,283,262,278,13,True,278
j0-56,1,3964,48113558843085553,2,252,252,12,False,252
j0-56,1,3965,47103955525353842,95,278,304,14,False,278
j0-56,1,3966,53304587782376493,104,278,278,14,False,278
j0-56,1,3967,50695513657404179,3,252,236,13,False,252
j0-56,1,3968,30024003771699986,751,262,272,14,False,262
j0-56,1,3969,50019476589484620,104,278,294,14,False,278
j0-56,1,3970,12270403745678799,95,278,278,14,False,278
j0-56,1,3971,49679444093924264,1023,278,294,14,False,278
j0-56,1,3972,47672712494467610,1023,262,294,14,False,262
j0-56,1,3973,51582755856753849,711,258,258,12,True,258
j0-56,1,3974,21555745350700983,874,268,278,13,False,268
j0-56,1,3975,21964345402039309,713,252,252,14,True,252
j0-56,1,3976,52777319921841743,1023,242,242,12,False,242
j0-56,1,3977,29963909805307724,2,278,304,14,False,278
j0-56,1,3978,25533642169915458,156,278,252,14,True,252
j0-56,1,3979,39770251930853778,841,268,220,13,True,220
j0-56,1,3980,25116045946683179,4,278,262,14,False,278
j0-56,1,3981,5385295969245039,2,278,294,14,False,278
j0-56,1,3982,30740174821023008,301,288,262,14,False,288
j0-56,1,3983,2964157126288499,104,268,268,13,False,268
j0-56,1,3984,27627825681201672,1023,242,242,11,False,242
j0-56,1,3985,20983251291807094,151,294,310,14,True,310
j0-56,1,3986,34240961778778984,95,278,310,14,False,278
j0-56,1,3987,31504136749095755,805,288,288,14,True,288
j0-56,1,3988,24343029045690638,0,278,304,14,False,278
j0-56,1,3989,46984692587035474,13,268,262,13,False,268
j0-56,1,3990,3926351597070436,13,268,262,12,False,268
j0-56,1,3991,9067886317371215,880,278,278,14,False,278
j0-56,1,3992,37268859904087175,12,278,304,14,False,278
j0-56,1,3993,24963326811480400,95,268,278,13,False,268
j0-56,1,3994,29660937190207972,2,278,304,14,False,278
j0-56,1,3995,51333667666856132,310,278,272,14,True,272
j0-56,1,3996,4267311709153738,687,268,252,13,True,252
j0-56,1,3997,15268784664948372,204,294,278,14,True,278
j0-56,1,3998,17726712106148138,372,288,278,14,False,288
j0-56,1,3999,44309084542988608,1023,288,256,15,False,288
j0-56,1,4000,49123457342414159,300,268,284,13,True,284
j0-56,1,4001,36637825675592443,8,278,294,14,False,278
j0-56,1,4002,35539630937717899,292,278,256,14,True,256
j0-56,1,4003,37047012313698329,1023,268,268,13,False,268
j0-56,1,4004,12134960424796027,1023,262,268,14,False,262
j0-56,1,4005,2430168019571022,13,268,284,13,False,268
j0-56,1,4006,34145311618637289,0,278,294,13,False,278
j0-56,1,4007,35345096606223175,1,268,258,12,False,268
j0-56,1,4008,31833396234575031,104,288,288,14,False,288
j0-56,1,4009,8335040622045176,8,294,268,13,False,294
j0-56,1,4010,20101184100108493,372,252,220,13,False,252
j0-56,1,4011,53076177701057138,104,278,304,15,False,278
j0-56,1,4012,36610881324053344,688,294,284,13,True,284
j0-56,1,4013,13090984997109843,297,278,246,13,True,246
j0-56,1,4014,4945439734830369,720,278,278,13,True,278
j0-56,1,4015,2178754512195757,887,288,294,14,False,288
j0-56,1,4016,13347851590344859,1023,252,252,13,False,252
j0-56,1,4017,50377990647410523,316,268,262,13,True,262
j0-56,1,4018,42114719369188888,95,262,278,14,False,262
j0-56,1,4019,7291695689800287,861,278,262,14,True,262
j0-56,1,4020,20880446098183005,698,268,252,12,True,252
j0-56,1,4021,36927932241406543,116,304,278,14,True,278
j0-56,1,4022,12481349213642989,312,278,278,14,True,278
j0-56,1,4023,11647547215391848,95,278,294,14,False,278
j0-56,1,4024,311676797245191,623,242,226,12,False,242
j0-56,1,4025,37215449016809189,95,268,284,12,False,268
j0-56,1,4026,35588543554071916,1,252,252,14,False,252
j0-56,1,4027,50408903638378862,0,242,284,12,False,242
j0-56,1,4028,39375706196744071,1,278,294,13,False,278
j0-56,1,4029,2495555083101465,95,304,284,14,False,304
j0-56,1,4030,47773397970095556,1,294,294,14,False,294
j0-56,1,4031,48632435058992408,239,246,262,13,False,246
j0-56,1,4032,43749411449848580,877,252,294,14,True,294
j0-56,1,4033,9573991393173728,1023,278,294,13,False,278
j0-56,1,4034,27110272967829592,799,278,288,14,True,288
j0-56,1,4035,52288766857202779,12,252,284,14,False,252
j0-56,1,4036,53024916862979112,118,262,278,14,True,278
j0-56,1,4037,50902324015991791,805,278,278,14,True,278
j0-56,1,4038,12833688957276226,2,288,304,14,False,288
j0-56,1,4039,20193301971470260,363,262,246,14,True,246
j0-56,1,4040,5574233565196016,728,268,246,13,True,246
j0-56,1,4041,46417373053603284,12,294,346,14,False,294
j0-56,1,4042,37015949911233342,360,278,272,14,True,272
j0-56,1,4043,6545391295937261,218,268,278,13,True,278
j0-56,1,4044,20642435217389249,1023,252,262,13,False,252
j0-56,1,4045,39076201426992180,741,278,272,14,True,272
j0-56,1,4046,43472574241703585,12,278,294,14,False,278
j0-56,1,4047,52655152332376401,1023,278,272,14,False,278
j0-56,1,4048,51704198095757846,95,278,278,14,False,278
j0-56,1,4049,9099999130531453,712,304,278,14,True,278
j0-56,1,4050,33923868219247736,0,268,316,13,False,268
j0-56,1,4051,3236173600775106,12,278,278,14,False,278
j0-56,1,4052,52970838672848309,104,278,284,13,False,278
j0-56,1,4053,46232154375264078,11,288,278,14,False,288
j0-56,1,4054,43123378867046286,869,278,294,14,True,294
j0-56,1,4055,22703641557370667,341,278,304,14,True,304
j0-56,1,4056,5867024838753346,2,268,252,13,False,268
j0-56,1,4057,5190722381663098,817,268,262,13,True,262
j0-56,1,4058,26456356305584185,104,252,268,14,False,252
j0-56,1,4059,35887715806958251,91,268,278,13,True,278
j0-56,1,4060,2292716612501483,706,268,242,13,True,242
j0-56,1,4061,33355174479791292,800,278,304,14,True,304
j0-56,1,4062,13617105285279029,3,278,278,13,False,278
j0-56,1,4063,23104835676195412,746,252,236,13,True,236
j0-56,1,4064,11541424808353263,93,278,246,14,True,246
j0-56,1,4065,6329832115958700,99,278,246,14,True,246
j0-56,1,4066,47110910829394168,668,252,230,13,True,230
j0-56,1,4067,30728084669712683,95,268,284,13,False,268
j0-56,1,4068,46542679219445682,295,288,272,14,True,272
j0-56,1,4069,11770824993693955,1023,278,294,14,False,278
j0-56,1,4070,3778788439045054,307,294,262,13,True,262
j0-56,1,4071,6244346422732112,1023,262,256,14,False,262
j0-56,1,4072,49561527034184786,104,262,262,14,False,262
j0-56,1,4073,31423718832206123,334,304,336,14,True,336
j0-56,1,4074,14509586224653653,329,294,272,14,True,272
j0-56,1,4075,36269902940269894,8,294,262,13,False,294
j0-56,1,4076,21391283634255867,718,288,278,14,True,278
j0-56,1,4077,51222198085417663,95,278,278,13,False,278
j0-56,1,4078,8339872262166452,362,288,304,14,False,288
j0-56,1,4079,16977350787931662,618,278,272,14,True,272
j0-56,1,4080,41858853899962933,1,278,278,13,False,278
j0-56,1,4081,29508522114676346,97,268,252,13,True,252
j0-56,1,4082,25275859517239628,1023,236,236,14,False,236
j0-56,1,4083,19499688393766320,95,278,268,13,False,278
j0-56,1,4084,14076027939100209,245,252,252,13,False,252
j0-56,1,4085,39690395744427042,111,262,256,14,False,262
j0-56,1,4086,40223220761614635,95,252,268,12,False,252
j0-56,1,4087,10331990462895253,2,278,278,14,False,278
j0-56,1,4088,30127273996501589,882,236,210,12,True,210
j0-56,1,4089,23309688297180364,716,278,278,14,True,278
j0-56,1,4090,47052085040016481,104,268,252,13,False,268
j0-56,1,4091,5409042194525948,876,272,256,14,False,272
j0-56,1,4092,4266198932999192,1023,262,262,14,False,262
j0-56,1,4093,40302498247588790,880,278,278,14,False,278
j0-56,1,4094,50700924399496013,106,288,310,14,False,288
j0-56,1,4095,19089382617017738,1023,246,252,13,False,246
