strategy,high_options_per_residue,beam_width,curve,scalar_index,scalar,baseline_score,candidate_score,baseline_pairs,candidate_pairs,baseline_adds,candidate_adds,expanded,canonical_states
norm,4,1,glv-j0-32,0,20566646,124,124,7,7,4,4,17,7
norm,4,1,glv-j0-32,1,7843221,114,114,6,6,4,4,13,5
norm,4,1,glv-j0-32,2,19391305,88,88,5,5,3,3,12,5
norm,4,1,glv-j0-32,3,16519870,88,88,5,5,3,3,12,5
norm,4,1,glv-j0-32,4,4668766,98,98,6,6,3,3,13,6
norm,4,1,glv-j0-32,5,22575707,108,108,7,7,3,3,16,6
norm,4,1,glv-j0-32,6,5568342,124,124,7,7,4,4,16,7
norm,4,1,glv-j0-32,7,10566719,114,114,6,6,4,4,16,6
norm,4,1,glv-j0-32,8,21158857,114,114,6,6,4,4,12,5
norm,4,1,glv-j0-32,9,19973228,124,124,7,7,4,4,16,6
norm,4,1,glv-j0-32,10,15619414,114,114,6,6,4,4,13,6
norm,4,1,glv-j0-32,11,23150076,114,114,6,6,4,4,12,5
norm,4,1,glv-j0-32,12,16695815,114,114,6,6,4,4,16,6
norm,4,1,glv-j0-32,13,2697002,88,88,5,5,3,3,12,5
norm,4,1,glv-j0-32,14,16045712,108,108,7,7,3,3,17,7
norm,4,1,glv-j0-32,15,19522544,114,114,6,6,4,4,16,6
norm,4,1,glv-j0-32,16,1231995,114,104,6,5,4,4,9,5
norm,4,1,glv-j0-32,17,3896279,98,98,6,6,3,3,16,6
norm,4,1,glv-j0-32,18,19578585,88,88,5,5,3,3,12,5
norm,4,1,glv-j0-32,19,9693278,88,88,5,5,3,3,12,5
norm,4,1,glv-j0-32,20,15330074,114,114,6,6,4,4,13,5
norm,4,1,glv-j0-32,21,6910797,114,114,6,6,4,4,13,6
norm,4,1,glv-j0-32,22,686887,98,98,6,6,3,3,13,6
norm,4,1,glv-j0-32,23,15912434,114,114,6,6,4,4,12,5
norm,4,1,glv-j0-32,24,23366634,114,114,6,6,4,4,12,5
norm,4,1,glv-j0-32,25,3318192,88,88,5,5,3,3,9,5
norm,4,1,glv-j0-32,26,8729071,114,114,6,6,4,4,16,6
norm,4,1,glv-j0-32,27,1838014,114,114,6,6,4,4,16,6
norm,4,1,glv-j0-32,28,8548248,114,114,6,6,4,4,12,6
norm,4,1,glv-j0-32,29,6586328,88,88,5,5,3,3,9,5
norm,4,1,glv-j0-32,30,15493199,88,88,5,5,3,3,16,6
norm,4,1,glv-j0-32,31,2817373,114,114,6,6,4,4,9,4
norm,4,1,glv-j0-32,32,11391268,114,114,6,6,4,4,12,5
norm,4,1,glv-j0-32,33,21542069,88,88,5,5,3,3,12,5
norm,4,1,glv-j0-32,34,3248477,98,98,6,6,3,3,16,6
norm,4,1,glv-j0-32,35,2318204,88,88,5,5,3,3,12,5
norm,4,1,glv-j0-32,36,22960880,114,114,6,6,4,4,12,5
norm,4,1,glv-j0-32,37,3622857,114,114,6,6,4,4,12,5
norm,4,1,glv-j0-32,38,3572562,114,104,6,5,4,4,12,5
norm,4,1,glv-j0-32,39,18381777,88,88,5,5,3,3,12,5
norm,4,1,glv-j0-32,40,5493255,88,88,5,5,3,3,12,5
norm,4,1,glv-j0-32,41,7663525,88,88,5,5,3,3,13,5
norm,4,1,glv-j0-32,42,15958745,124,124,7,7,4,4,20,7
norm,4,1,glv-j0-32,43,23030,114,114,6,6,4,4,12,5
norm,4,1,glv-j0-32,44,10649142,114,114,6,6,4,4,13,6
norm,4,1,glv-j0-32,45,8391221,114,114,6,6,4,4,16,6
norm,4,1,glv-j0-32,46,8071987,114,114,6,6,4,4,12,5
norm,4,1,glv-j0-32,47,22247405,114,114,6,6,4,4,16,6
norm,4,1,glv-j0-32,48,122647,78,78,4,4,3,3,8,4
norm,4,1,glv-j0-32,49,22783709,98,98,6,6,3,3,20,7
norm,4,1,glv-j0-32,50,5253753,114,114,6,6,4,4,12,5
norm,4,1,glv-j0-32,51,13514443,88,88,5,5,3,3,8,4
norm,4,1,glv-j0-32,52,9563597,88,88,5,5,3,3,12,5
norm,4,1,glv-j0-32,53,17150963,52,52,3,3,2,2,4,3
norm,4,1,glv-j0-32,54,12591836,98,98,6,6,3,3,12,5
norm,4,1,glv-j0-32,55,3466673,124,124,7,7,4,4,20,7
norm,4,1,glv-j0-32,56,20290572,98,98,6,6,3,3,11,6
norm,4,1,glv-j0-32,57,20887226,98,98,6,6,3,3,16,6
norm,4,1,glv-j0-32,58,3586798,114,104,6,5,4,4,9,5
norm,4,1,glv-j0-32,59,5046250,98,98,6,6,3,3,16,6
norm,4,1,glv-j0-32,60,6246984,114,114,6,6,4,4,16,6
norm,4,1,glv-j0-32,61,9982923,108,108,7,7,3,3,16,6
norm,4,1,glv-j0-32,62,13120819,114,114,6,6,4,4,16,6
norm,4,1,glv-j0-32,63,8699668,124,124,7,7,4,4,20,7
norm,4,1,j0-56,0,1701235640930529,268,268,15,15,8,8,49,15
norm,4,1,j0-56,1,51209531857192480,268,268,15,15,8,8,49,15
norm,4,1,j0-56,2,48599518593898289,268,268,15,15,8,8,49,15
norm,4,1,j0-56,3,27597576995578806,278,278,16,16,8,8,50,16
norm,4,1,j0-56,4,3817654454660021,268,268,15,15,8,8,48,14
norm,4,1,j0-56,5,48545827656597763,252,252,15,15,7,7,49,15
norm,4,1,j0-56,6,14288319057473904,278,278,16,16,8,8,53,16
norm,4,1,j0-56,7,30552417570233334,252,252,15,15,7,7,46,15
norm,4,1,j0-56,8,35428365444187694,304,304,17,17,9,9,50,16
norm,4,1,j0-56,9,12631911908881298,288,288,17,17,8,8,53,16
norm,4,1,j0-56,10,22206975263005101,268,268,15,15,8,8,43,15
norm,4,1,j0-56,11,1530501890144118,278,278,16,16,8,8,53,16
norm,4,1,j0-56,12,48579291596137043,278,278,16,16,8,8,43,15
norm,4,1,j0-56,13,31691155313374275,268,268,15,15,8,8,49,15
norm,4,1,j0-56,14,16075819056460500,262,262,16,16,7,7,56,16
norm,4,1,j0-56,15,32462769711762082,268,268,15,15,8,8,45,14
norm,4,1,j0-56,16,7963633318843282,278,278,16,16,8,8,53,16
norm,4,1,j0-56,17,18983786612097719,252,252,15,15,7,7,52,15
norm,4,1,j0-56,18,13288556210279355,288,288,17,17,8,8,50,16
norm,4,1,j0-56,19,4496290136107762,278,278,16,16,8,8,43,15
norm,4,1,j0-56,20,20589605919579750,246,246,16,16,6,6,46,15
norm,4,1,j0-56,21,22790144222852090,294,294,16,16,9,9,53,16
norm,4,1,j0-56,22,42340928108677318,262,262,16,16,7,7,53,16
norm,4,1,j0-56,23,25197607550421394,278,278,16,16,8,8,50,16
norm,4,1,j0-56,24,20178356449854996,268,268,15,15,8,8,52,15
norm,4,1,j0-56,25,28644864995100918,278,278,16,16,8,8,50,16
norm,4,1,j0-56,26,830492720152661,294,294,16,16,9,9,49,15
norm,4,1,j0-56,27,51066650839970376,278,278,16,16,8,8,50,16
norm,4,1,j0-56,28,7367209113137255,272,272,17,17,7,7,50,16
norm,4,1,j0-56,29,41495489534377967,278,278,16,16,8,8,53,16
norm,4,1,j0-56,30,18850207754958135,262,262,16,16,7,7,52,15
norm,4,1,j0-56,31,4845133839933892,288,288,17,17,8,8,50,16
norm,4,1,j0-56,32,5193370461102195,268,268,15,15,8,8,49,15
norm,4,1,j0-56,33,1242272748976912,268,268,15,15,8,8,52,15
norm,4,1,j0-56,34,39514372386363214,262,262,16,16,7,7,47,16
norm,4,1,j0-56,35,19675328070911641,268,268,15,15,8,8,46,14
norm,4,1,j0-56,36,41366696232866228,252,252,15,15,7,7,52,15
norm,4,1,j0-56,37,31172817672903867,278,278,16,16,8,8,52,15
norm,4,1,j0-56,38,35367915211123801,268,268,15,15,8,8,52,15
norm,4,1,j0-56,39,35071119051253254,278,278,16,16,8,8,47,16
norm,4,1,j0-56,40,9861492365136984,268,268,15,15,8,8,49,15
norm,4,1,j0-56,41,9178330123649395,288,288,17,17,8,8,50,16
norm,4,1,j0-56,42,45110651565721999,252,252,15,15,7,7,50,16
norm,4,1,j0-56,43,38793885881587753,304,304,17,17,9,9,56,16
norm,4,1,j0-56,44,20861563596356667,252,252,15,15,7,7,52,15
norm,4,1,j0-56,45,40079474742851907,278,278,16,16,8,8,37,15
norm,4,1,j0-56,46,29750184353322879,268,268,15,15,8,8,46,15
norm,4,1,j0-56,47,41775106311314461,236,236,15,15,6,6,40,15
norm,4,1,j0-56,48,30167557982534480,262,262,16,16,7,7,53,16
norm,4,1,j0-56,49,21874390231708974,242,242,14,14,7,7,38,14
norm,4,1,j0-56,50,3105461830624122,294,294,16,16,9,9,42,16
norm,4,1,j0-56,51,34493533756903583,262,262,16,16,7,7,50,16
norm,4,1,j0-56,52,10927138478287741,278,278,16,16,8,8,50,16
norm,4,1,j0-56,53,13041840988692033,242,242,14,14,7,7,44,13
norm,4,1,j0-56,54,17649820318362341,236,236,15,15,6,6,52,15
norm,4,1,j0-56,55,22002188124659772,252,252,15,15,7,7,46,15
norm,4,1,j0-56,56,19276342459370318,278,278,16,16,8,8,53,16
norm,4,1,j0-56,57,21676120109663945,294,294,16,16,9,9,56,16
norm,4,1,j0-56,58,9033696722782453,294,294,16,16,9,9,50,16
norm,4,1,j0-56,59,16406421601179465,294,294,16,16,9,9,53,16
norm,4,1,j0-56,60,27980479105654696,294,294,16,16,9,9,53,16
norm,4,1,j0-56,61,21123314884727665,278,278,16,16,8,8,49,14
norm,4,1,j0-56,62,12742782193394444,278,278,16,16,8,8,53,16
norm,4,1,j0-56,63,21396362371914551,294,294,16,16,9,9,46,15
beam,4,1,glv-j0-32,0,20566646,124,114,7,6,4,4,20,28
beam,4,1,glv-j0-32,1,7843221,114,114,6,6,4,4,13,21
beam,4,1,glv-j0-32,2,19391305,88,88,5,5,3,3,9,15
beam,4,1,glv-j0-32,3,16519870,88,88,5,5,3,3,12,22
beam,4,1,glv-j0-32,4,4668766,98,98,6,6,3,3,13,17
beam,4,1,glv-j0-32,5,22575707,108,104,7,5,3,4,13,16
beam,4,1,glv-j0-32,6,5568342,124,124,7,7,4,4,20,26
beam,4,1,glv-j0-32,7,10566719,114,114,6,6,4,4,13,17
beam,4,1,glv-j0-32,8,21158857,114,104,6,5,4,4,12,19
beam,4,1,glv-j0-32,9,19973228,124,114,7,6,4,4,16,23
beam,4,1,glv-j0-32,10,15619414,114,114,6,6,4,4,13,26
beam,4,1,glv-j0-32,11,23150076,114,104,6,5,4,4,9,12
beam,4,1,glv-j0-32,12,16695815,114,114,6,6,4,4,10,13
beam,4,1,glv-j0-32,13,2697002,88,88,5,5,3,3,16,24
beam,4,1,glv-j0-32,14,16045712,108,108,7,7,3,3,17,26
beam,4,1,glv-j0-32,15,19522544,114,114,6,6,4,4,16,27
beam,4,1,glv-j0-32,16,1231995,114,104,6,5,4,4,9,15
beam,4,1,glv-j0-32,17,3896279,98,98,6,6,3,3,16,21
beam,4,1,glv-j0-32,18,19578585,88,88,5,5,3,3,9,15
beam,4,1,glv-j0-32,19,9693278,88,88,5,5,3,3,12,21
beam,4,1,glv-j0-32,20,15330074,114,114,6,6,4,4,13,18
beam,4,1,glv-j0-32,21,6910797,114,114,6,6,4,4,13,17
beam,4,1,glv-j0-32,22,686887,98,98,6,6,3,3,13,17
beam,4,1,glv-j0-32,23,15912434,114,88,6,5,4,3,12,16
beam,4,1,glv-j0-32,24,23366634,114,114,6,6,4,4,16,24
beam,4,1,glv-j0-32,25,3318192,88,88,5,5,3,3,9,13
beam,4,1,glv-j0-32,26,8729071,114,114,6,6,4,4,10,14
beam,4,1,glv-j0-32,27,1838014,114,114,6,6,4,4,16,21
beam,4,1,glv-j0-32,28,8548248,114,104,6,5,4,4,12,20
beam,4,1,glv-j0-32,29,6586328,88,88,5,5,3,3,9,13
beam,4,1,glv-j0-32,30,15493199,88,88,5,5,3,3,13,18
beam,4,1,glv-j0-32,31,2817373,114,104,6,5,4,4,9,15
beam,4,1,glv-j0-32,32,11391268,114,88,6,5,4,3,12,19
beam,4,1,glv-j0-32,33,21542069,88,88,5,5,3,3,12,21
beam,4,1,glv-j0-32,34,3248477,98,98,6,6,3,3,13,20
beam,4,1,glv-j0-32,35,2318204,88,88,5,5,3,3,9,12
beam,4,1,glv-j0-32,36,22960880,114,104,6,5,4,4,12,17
beam,4,1,glv-j0-32,37,3622857,114,104,6,5,4,4,12,16
beam,4,1,glv-j0-32,38,3572562,114,104,6,5,4,4,12,18
beam,4,1,glv-j0-32,39,18381777,88,88,5,5,3,3,9,16
beam,4,1,glv-j0-32,40,5493255,88,88,5,5,3,3,9,13
beam,4,1,glv-j0-32,41,7663525,88,88,5,5,3,3,13,17
beam,4,1,glv-j0-32,42,15958745,124,124,7,7,4,4,20,33
beam,4,1,glv-j0-32,43,23030,114,104,6,5,4,4,12,18
beam,4,1,glv-j0-32,44,10649142,114,114,6,6,4,4,13,15
beam,4,1,glv-j0-32,45,8391221,114,114,6,6,4,4,16,27
beam,4,1,glv-j0-32,46,8071987,114,114,6,6,4,4,9,11
beam,4,1,glv-j0-32,47,22247405,114,114,6,6,4,4,13,19
beam,4,1,glv-j0-32,48,122647,78,78,4,4,3,3,8,11
beam,4,1,glv-j0-32,49,22783709,98,98,6,6,3,3,20,30
beam,4,1,glv-j0-32,50,5253753,114,104,6,5,4,4,12,20
beam,4,1,glv-j0-32,51,13514443,88,88,5,5,3,3,5,7
beam,4,1,glv-j0-32,52,9563597,88,88,5,5,3,3,12,19
beam,4,1,glv-j0-32,53,17150963,52,52,3,3,2,2,4,6
beam,4,1,glv-j0-32,54,12591836,98,98,6,6,3,3,9,12
beam,4,1,glv-j0-32,55,3466673,124,114,7,6,4,4,20,28
beam,4,1,glv-j0-32,56,20290572,98,98,6,6,3,3,11,16
beam,4,1,glv-j0-32,57,20887226,98,98,6,6,3,3,10,12
beam,4,1,glv-j0-32,58,3586798,114,104,6,5,4,4,12,17
beam,4,1,glv-j0-32,59,5046250,98,98,6,6,3,3,16,23
beam,4,1,glv-j0-32,60,6246984,114,114,6,6,4,4,16,21
beam,4,1,glv-j0-32,61,9982923,108,104,7,5,3,4,13,18
beam,4,1,glv-j0-32,62,13120819,114,114,6,6,4,4,16,22
beam,4,1,glv-j0-32,63,8699668,124,114,7,6,4,4,14,20
beam,4,1,j0-56,0,1701235640930529,268,268,15,15,8,8,43,72
beam,4,1,j0-56,1,51209531857192480,268,268,15,15,8,8,46,66
beam,4,1,j0-56,2,48599518593898289,268,268,15,15,8,8,46,75
beam,4,1,j0-56,3,27597576995578806,278,278,16,16,8,8,50,82
beam,4,1,j0-56,4,3817654454660021,268,268,15,15,8,8,42,61
beam,4,1,j0-56,5,48545827656597763,252,252,15,15,7,7,46,68
beam,4,1,j0-56,6,14288319057473904,278,278,16,16,8,8,50,70
beam,4,1,j0-56,7,30552417570233334,252,252,15,15,7,7,34,48
beam,4,1,j0-56,8,35428365444187694,304,304,17,17,9,9,50,76
beam,4,1,j0-56,9,12631911908881298,288,288,17,17,8,8,41,65
beam,4,1,j0-56,10,22206975263005101,268,268,15,15,8,8,43,69
beam,4,1,j0-56,11,1530501890144118,278,278,16,16,8,8,44,68
beam,4,1,j0-56,12,48579291596137043,278,278,16,16,8,8,40,59
beam,4,1,j0-56,13,31691155313374275,268,268,15,15,8,8,43,69
beam,4,1,j0-56,14,16075819056460500,262,262,16,16,7,7,44,67
beam,4,1,j0-56,15,32462769711762082,268,258,15,14,8,8,48,80
beam,4,1,j0-56,16,7963633318843282,278,278,16,16,8,8,47,68
beam,4,1,j0-56,17,18983786612097719,252,252,15,15,7,7,43,63
beam,4,1,j0-56,18,13288556210279355,288,288,17,17,8,8,44,75
beam,4,1,j0-56,19,4496290136107762,278,268,16,15,8,8,43,72
beam,4,1,j0-56,20,20589605919579750,246,246,16,16,6,6,37,52
beam,4,1,j0-56,21,22790144222852090,294,294,16,16,9,9,47,74
beam,4,1,j0-56,22,42340928108677318,262,262,16,16,7,7,41,58
beam,4,1,j0-56,23,25197607550421394,278,278,16,16,8,8,50,77
beam,4,1,j0-56,24,20178356449854996,268,268,15,15,8,8,43,77
beam,4,1,j0-56,25,28644864995100918,278,278,16,16,8,8,41,61
beam,4,1,j0-56,26,830492720152661,294,284,16,15,9,9,46,68
beam,4,1,j0-56,27,51066650839970376,278,278,16,16,8,8,50,79
beam,4,1,j0-56,28,7367209113137255,272,272,17,17,7,7,47,73
beam,4,1,j0-56,29,41495489534377967,278,278,16,16,8,8,53,88
beam,4,1,j0-56,30,18850207754958135,262,262,16,16,7,7,43,61
beam,4,1,j0-56,31,4845133839933892,288,288,17,17,8,8,44,63
beam,4,1,j0-56,32,5193370461102195,268,268,15,15,8,8,40,59
beam,4,1,j0-56,33,1242272748976912,268,268,15,15,8,8,46,72
beam,4,1,j0-56,34,39514372386363214,262,262,16,16,7,7,44,66
beam,4,1,j0-56,35,19675328070911641,268,268,15,15,8,8,43,59
beam,4,1,j0-56,36,41366696232866228,252,252,15,15,7,7,43,61
beam,4,1,j0-56,37,31172817672903867,278,278,16,16,8,8,40,61
beam,4,1,j0-56,38,35367915211123801,268,268,15,15,8,8,49,76
beam,4,1,j0-56,39,35071119051253254,278,278,16,16,8,8,47,81
beam,4,1,j0-56,40,9861492365136984,268,268,15,15,8,8,46,70
beam,4,1,j0-56,41,9178330123649395,288,278,17,16,8,8,44,85
beam,4,1,j0-56,42,45110651565721999,252,252,15,15,7,7,47,73
beam,4,1,j0-56,43,38793885881587753,304,304,17,17,9,9,50,78
beam,4,1,j0-56,44,20861563596356667,252,252,15,15,7,7,43,59
beam,4,1,j0-56,45,40079474742851907,278,278,16,16,8,8,37,58
beam,4,1,j0-56,46,29750184353322879,268,268,15,15,8,8,46,73
beam,4,1,j0-56,47,41775106311314461,236,236,15,15,6,6,37,69
beam,4,1,j0-56,48,30167557982534480,262,262,16,16,7,7,44,65
beam,4,1,j0-56,49,21874390231708974,242,242,14,14,7,7,38,59
beam,4,1,j0-56,50,3105461830624122,294,284,16,15,9,9,36,68
beam,4,1,j0-56,51,34493533756903583,262,262,16,16,7,7,47,70
beam,4,1,j0-56,52,10927138478287741,278,278,16,16,8,8,44,70
beam,4,1,j0-56,53,13041840988692033,242,242,14,14,7,7,44,73
beam,4,1,j0-56,54,17649820318362341,236,236,15,15,6,6,40,63
beam,4,1,j0-56,55,22002188124659772,252,252,15,15,7,7,40,52
beam,4,1,j0-56,56,19276342459370318,278,278,16,16,8,8,47,69
beam,4,1,j0-56,57,21676120109663945,294,294,16,16,9,9,41,69
beam,4,1,j0-56,58,9033696722782453,294,294,16,16,9,9,50,81
beam,4,1,j0-56,59,16406421601179465,294,294,16,16,9,9,50,84
beam,4,1,j0-56,60,27980479105654696,294,294,16,16,9,9,50,80
beam,4,1,j0-56,61,21123314884727665,278,278,16,16,8,8,43,63
beam,4,1,j0-56,62,12742782193394444,278,278,16,16,8,8,36,57
beam,4,1,j0-56,63,21396362371914551,294,284,16,15,9,9,49,73
beam,4,2,glv-j0-32,0,20566646,124,114,7,6,4,4,33,31
beam,4,2,glv-j0-32,1,7843221,114,114,6,6,4,4,25,25
beam,4,2,glv-j0-32,2,19391305,88,88,5,5,3,3,17,17
beam,4,2,glv-j0-32,3,16519870,88,88,5,5,3,3,20,22
beam,4,2,glv-j0-32,4,4668766,98,98,6,6,3,3,18,17
beam,4,2,glv-j0-32,5,22575707,108,104,7,5,3,4,25,20
beam,4,2,glv-j0-32,6,5568342,124,124,7,7,4,4,33,28
beam,4,2,glv-j0-32,7,10566719,114,114,6,6,4,4,25,23
beam,4,2,glv-j0-32,8,21158857,114,104,6,5,4,4,17,20
beam,4,2,glv-j0-32,9,19973228,124,114,7,6,4,4,28,25
beam,4,2,glv-j0-32,10,15619414,114,114,6,6,4,4,25,28
beam,4,2,glv-j0-32,11,23150076,114,104,6,5,4,4,17,17
beam,4,2,glv-j0-32,12,16695815,114,114,6,6,4,4,22,20
beam,4,2,glv-j0-32,13,2697002,88,88,5,5,3,3,21,24
beam,4,2,glv-j0-32,14,16045712,108,108,7,7,3,3,29,28
beam,4,2,glv-j0-32,15,19522544,114,114,6,6,4,4,25,27
beam,4,2,glv-j0-32,16,1231995,114,104,6,5,4,4,17,18
beam,4,2,glv-j0-32,17,3896279,98,98,6,6,3,3,28,23
beam,4,2,glv-j0-32,18,19578585,88,88,5,5,3,3,17,17
beam,4,2,glv-j0-32,19,9693278,88,88,5,5,3,3,20,23
beam,4,2,glv-j0-32,20,15330074,114,114,6,6,4,4,25,21
beam,4,2,glv-j0-32,21,6910797,114,114,6,6,4,4,25,21
beam,4,2,glv-j0-32,22,686887,98,98,6,6,3,3,18,17
beam,4,2,glv-j0-32,23,15912434,114,88,6,5,4,3,20,18
beam,4,2,glv-j0-32,24,23366634,114,114,6,6,4,4,28,25
beam,4,2,glv-j0-32,25,3318192,88,88,5,5,3,3,17,17
beam,4,2,glv-j0-32,26,8729071,114,114,6,6,4,4,22,24
beam,4,2,glv-j0-32,27,1838014,114,114,6,6,4,4,22,21
beam,4,2,glv-j0-32,28,8548248,114,104,6,5,4,4,24,24
beam,4,2,glv-j0-32,29,6586328,88,88,5,5,3,3,17,16
beam,4,2,glv-j0-32,30,15493199,88,88,5,5,3,3,22,22
beam,4,2,glv-j0-32,31,2817373,114,104,6,5,4,4,17,17
beam,4,2,glv-j0-32,32,11391268,114,88,6,5,4,3,20,20
beam,4,2,glv-j0-32,33,21542069,88,88,5,5,3,3,20,22
beam,4,2,glv-j0-32,34,3248477,98,98,6,6,3,3,25,24
beam,4,2,glv-j0-32,35,2318204,88,88,5,5,3,3,17,18
beam,4,2,glv-j0-32,36,22960880,114,104,6,5,4,4,20,20
beam,4,2,glv-j0-32,37,3622857,114,104,6,5,4,4,20,18
beam,4,2,glv-j0-32,38,3572562,114,104,6,5,4,4,20,19
beam,4,2,glv-j0-32,39,18381777,88,88,5,5,3,3,17,20
beam,4,2,glv-j0-32,40,5493255,88,88,5,5,3,3,17,17
beam,4,2,glv-j0-32,41,7663525,88,88,5,5,3,3,25,23
beam,4,2,glv-j0-32,42,15958745,124,124,7,7,4,4,36,35
beam,4,2,glv-j0-32,43,23030,114,104,6,5,4,4,20,18
beam,4,2,glv-j0-32,44,10649142,114,114,6,6,4,4,25,19
beam,4,2,glv-j0-32,45,8391221,114,114,6,6,4,4,28,27
beam,4,2,glv-j0-32,46,8071987,114,114,6,6,4,4,17,14
beam,4,2,glv-j0-32,47,22247405,114,114,6,6,4,4,25,26
beam,4,2,glv-j0-32,48,122647,78,78,4,4,3,3,12,12
beam,4,2,glv-j0-32,49,22783709,98,98,6,6,3,3,36,32
beam,4,2,glv-j0-32,50,5253753,114,104,6,5,4,4,20,22
beam,4,2,glv-j0-32,51,13514443,88,88,5,5,3,3,9,9
beam,4,2,glv-j0-32,52,9563597,88,88,5,5,3,3,20,20
beam,4,2,glv-j0-32,53,17150963,52,52,3,3,2,2,4,6
beam,4,2,glv-j0-32,54,12591836,98,98,6,6,3,3,17,15
beam,4,2,glv-j0-32,55,3466673,124,114,7,6,4,4,36,35
beam,4,2,glv-j0-32,56,20290572,98,98,6,6,3,3,27,26
beam,4,2,glv-j0-32,57,20887226,98,98,6,6,3,3,22,22
beam,4,2,glv-j0-32,58,3586798,114,104,6,5,4,4,20,20
beam,4,2,glv-j0-32,59,5046250,98,98,6,6,3,3,25,24
beam,4,2,glv-j0-32,60,6246984,114,114,6,6,4,4,25,22
beam,4,2,glv-j0-32,61,9982923,108,104,7,5,3,4,25,23
beam,4,2,glv-j0-32,62,13120819,114,114,6,6,4,4,25,25
beam,4,2,glv-j0-32,63,8699668,124,114,7,6,4,4,30,28
beam,4,2,j0-56,0,1701235640930529,268,268,15,15,8,8,85,81
beam,4,2,j0-56,1,51209531857192480,268,268,15,15,8,8,91,82
beam,4,2,j0-56,2,48599518593898289,268,268,15,15,8,8,94,89
beam,4,2,j0-56,3,27597576995578806,278,278,16,16,8,8,99,105
beam,4,2,j0-56,4,3817654454660021,268,268,15,15,8,8,83,71
beam,4,2,j0-56,5,48545827656597763,252,252,15,15,7,7,91,84
beam,4,2,j0-56,6,14288319057473904,278,278,16,16,8,8,99,80
beam,4,2,j0-56,7,30552417570233334,252,252,15,15,7,7,78,72
beam,4,2,j0-56,8,35428365444187694,304,304,17,17,9,9,102,91
beam,4,2,j0-56,9,12631911908881298,288,288,17,17,8,8,93,92
beam,4,2,j0-56,10,22206975263005101,268,268,15,15,8,8,82,86
beam,4,2,j0-56,11,1530501890144118,278,278,16,16,8,8,84,83
beam,4,2,j0-56,12,48579291596137043,278,278,16,16,8,8,88,80
beam,4,2,j0-56,13,31691155313374275,268,268,15,15,8,8,82,76
beam,4,2,j0-56,14,16075819056460500,262,262,16,16,7,7,96,87
beam,4,2,j0-56,15,32462769711762082,268,258,15,14,8,8,89,92
beam,4,2,j0-56,16,7963633318843282,278,278,16,16,8,8,87,79
beam,4,2,j0-56,17,18983786612097719,252,252,15,15,7,7,88,78
beam,4,2,j0-56,18,13288556210279355,288,288,17,17,8,8,89,89
beam,4,2,j0-56,19,4496290136107762,278,268,16,15,8,8,84,80
beam,4,2,j0-56,20,20589605919579750,246,246,16,16,6,6,85,79
beam,4,2,j0-56,21,22790144222852090,294,294,16,16,9,9,93,85
beam,4,2,j0-56,22,42340928108677318,262,262,16,16,7,7,87,80
beam,4,2,j0-56,23,25197607550421394,278,278,16,16,8,8,90,89
beam,4,2,j0-56,24,20178356449854996,268,268,15,15,8,8,91,98
beam,4,2,j0-56,25,28644864995100918,278,278,16,16,8,8,87,92
beam,4,2,j0-56,26,830492720152661,294,284,16,15,9,9,94,88
beam,4,2,j0-56,27,51066650839970376,278,278,16,16,8,8,96,94
beam,4,2,j0-56,28,7367209113137255,272,272,17,17,7,7,96,83
beam,4,2,j0-56,29,41495489534377967,278,278,16,16,8,8,99,95
beam,4,2,j0-56,30,18850207754958135,262,262,16,16,7,7,88,79
beam,4,2,j0-56,31,4845133839933892,288,288,17,17,8,8,90,77
beam,4,2,j0-56,32,5193370461102195,268,268,15,15,8,8,82,73
beam,4,2,j0-56,33,1242272748976912,268,268,15,15,8,8,91,84
beam,4,2,j0-56,34,39514372386363214,262,262,16,16,7,7,96,87
beam,4,2,j0-56,35,19675328070911641,268,268,15,15,8,8,85,75
beam,4,2,j0-56,36,41366696232866228,252,252,15,15,7,7,88,77
beam,4,2,j0-56,37,31172817672903867,278,278,16,16,8,8,88,85
beam,4,2,j0-56,38,35367915211123801,268,268,15,15,8,8,88,85
beam,4,2,j0-56,39,35071119051253254,278,278,16,16,8,8,96,103
beam,4,2,j0-56,40,9861492365136984,268,268,15,15,8,8,82,82
beam,4,2,j0-56,41,9178330123649395,288,278,17,16,8,8,92,97
beam,4,2,j0-56,42,45110651565721999,252,252,15,15,7,7,93,92
beam,4,2,j0-56,43,38793885881587753,304,304,17,17,9,9,96,94
beam,4,2,j0-56,44,20861563596356667,252,252,15,15,7,7,82,74
beam,4,2,j0-56,45,40079474742851907,278,278,16,16,8,8,85,78
beam,4,2,j0-56,46,29750184353322879,268,268,15,15,8,8,94,85
beam,4,2,j0-56,47,41775106311314461,236,236,15,15,6,6,71,76
beam,4,2,j0-56,48,30167557982534480,262,262,16,16,7,7,96,84
beam,4,2,j0-56,49,21874390231708974,242,242,14,14,7,7,71,67
beam,4,2,j0-56,50,3105461830624122,294,284,16,15,9,9,77,91
beam,4,2,j0-56,51,34493533756903583,262,262,16,16,7,7,96,90
beam,4,2,j0-56,52,10927138478287741,278,278,16,16,8,8,93,92
beam,4,2,j0-56,53,13041840988692033,242,242,14,14,7,7,78,77
beam,4,2,j0-56,54,17649820318362341,236,236,15,15,6,6,85,84
beam,4,2,j0-56,55,22002188124659772,252,252,15,15,7,7,76,74
beam,4,2,j0-56,56,19276342459370318,278,278,16,16,8,8,93,85
beam,4,2,j0-56,57,21676120109663945,294,294,16,16,9,9,93,91
beam,4,2,j0-56,58,9033696722782453,294,294,16,16,9,9,96,92
beam,4,2,j0-56,59,16406421601179465,294,294,16,16,9,9,102,91
beam,4,2,j0-56,60,27980479105654696,294,294,16,16,9,9,99,88
beam,4,2,j0-56,61,21123314884727665,278,278,16,16,8,8,88,81
beam,4,2,j0-56,62,12742782193394444,278,278,16,16,8,8,86,82
beam,4,2,j0-56,63,21396362371914551,294,284,16,15,9,9,94,83
beam,4,4,glv-j0-32,0,20566646,124,114,7,6,4,4,56,32
beam,4,4,glv-j0-32,1,7843221,114,114,6,6,4,4,49,31
beam,4,4,glv-j0-32,2,19391305,88,88,5,5,3,3,33,18
beam,4,4,glv-j0-32,3,16519870,88,88,5,5,3,3,36,22
beam,4,4,glv-j0-32,4,4668766,98,98,6,6,3,3,34,20
beam,4,4,glv-j0-32,5,22575707,108,104,7,5,3,4,49,23
beam,4,4,glv-j0-32,6,5568342,124,124,7,7,4,4,62,32
beam,4,4,glv-j0-32,7,10566719,114,114,6,6,4,4,46,26
beam,4,4,glv-j0-32,8,21158857,114,104,6,5,4,4,33,23
beam,4,4,glv-j0-32,9,19973228,124,114,7,6,4,4,52,28
beam,4,4,glv-j0-32,10,15619414,114,114,6,6,4,4,49,33
beam,4,4,glv-j0-32,11,23150076,114,104,6,5,4,4,30,18
beam,4,4,glv-j0-32,12,16695815,114,114,6,6,4,4,46,25
beam,4,4,glv-j0-32,13,2697002,88,88,5,5,3,3,37,25
beam,4,4,glv-j0-32,14,16045712,108,108,7,7,3,3,50,29
beam,4,4,glv-j0-32,15,19522544,114,114,6,6,4,4,49,31
beam,4,4,glv-j0-32,16,1231995,114,104,6,5,4,4,30,20
beam,4,4,glv-j0-32,17,3896279,98,98,6,6,3,3,52,28
beam,4,4,glv-j0-32,18,19578585,88,88,5,5,3,3,33,20
beam,4,4,glv-j0-32,19,9693278,88,88,5,5,3,3,36,23
beam,4,4,glv-j0-32,20,15330074,114,114,6,6,4,4,46,26
beam,4,4,glv-j0-32,21,6910797,114,114,6,6,4,4,46,23
beam,4,4,glv-j0-32,22,686887,98,98,6,6,3,3,34,19
beam,4,4,glv-j0-32,23,15912434,114,88,6,5,4,3,33,18
beam,4,4,glv-j0-32,24,23366634,114,114,6,6,4,4,52,31
beam,4,4,glv-j0-32,25,3318192,88,88,5,5,3,3,30,20
beam,4,4,glv-j0-32,26,8729071,114,114,6,6,4,4,46,25
beam,4,4,glv-j0-32,27,1838014,114,114,6,6,4,4,43,23
beam,4,4,glv-j0-32,28,8548248,114,104,6,5,4,4,37,25
beam,4,4,glv-j0-32,29,6586328,88,88,5,5,3,3,33,19
beam,4,4,glv-j0-32,30,15493199,88,88,5,5,3,3,46,27
beam,4,4,glv-j0-32,31,2817373,114,104,6,5,4,4,30,18
beam,4,4,glv-j0-32,32,11391268,114,88,6,5,4,3,36,21
beam,4,4,glv-j0-32,33,21542069,88,88,5,5,3,3,36,22
beam,4,4,glv-j0-32,34,3248477,98,98,6,6,3,3,46,26
beam,4,4,glv-j0-32,35,2318204,88,88,5,5,3,3,30,19
beam,4,4,glv-j0-32,36,22960880,114,104,6,5,4,4,33,22
beam,4,4,glv-j0-32,37,3622857,114,104,6,5,4,4,30,18
beam,4,4,glv-j0-32,38,3572562,114,104,6,5,4,4,36,21
beam,4,4,glv-j0-32,39,18381777,88,88,5,5,3,3,34,25
beam,4,4,glv-j0-32,40,5493255,88,88,5,5,3,3,30,22
beam,4,4,glv-j0-32,41,7663525,88,88,5,5,3,3,46,25
beam,4,4,glv-j0-32,42,15958745,124,124,7,7,4,4,65,37
beam,4,4,glv-j0-32,43,23030,114,104,6,5,4,4,36,21
beam,4,4,glv-j0-32,44,10649142,114,114,6,6,4,4,43,23
beam,4,4,glv-j0-32,45,8391221,114,114,6,6,4,4,52,30
beam,4,4,glv-j0-32,46,8071987,114,114,6,6,4,4,33,19
beam,4,4,glv-j0-32,47,22247405,114,114,6,6,4,4,46,28
beam,4,4,glv-j0-32,48,122647,78,78,4,4,3,3,17,12
beam,4,4,glv-j0-32,49,22783709,98,98,6,6,3,3,65,36
beam,4,4,glv-j0-32,50,5253753,114,104,6,5,4,4,30,22
beam,4,4,glv-j0-32,51,13514443,88,88,5,5,3,3,17,11
beam,4,4,glv-j0-32,52,9563597,88,88,5,5,3,3,36,21
beam,4,4,glv-j0-32,53,17150963,52,52,3,3,2,2,4,6
beam,4,4,glv-j0-32,54,12591836,98,98,6,6,3,3,33,18
beam,4,4,glv-j0-32,55,3466673,124,114,7,6,4,4,62,34
beam,4,4,glv-j0-32,56,20290572,98,98,6,6,3,3,56,33
beam,4,4,glv-j0-32,57,20887226,98,98,6,6,3,3,46,28
beam,4,4,glv-j0-32,58,3586798,114,104,6,5,4,4,33,20
beam,4,4,glv-j0-32,59,5046250,98,98,6,6,3,3,46,26
beam,4,4,glv-j0-32,60,6246984,114,114,6,6,4,4,46,25
beam,4,4,glv-j0-32,61,9982923,108,104,7,5,3,4,49,27
beam,4,4,glv-j0-32,62,13120819,114,114,6,6,4,4,43,25
beam,4,4,glv-j0-32,63,8699668,124,114,7,6,4,4,62,35
beam,4,4,j0-56,0,1701235640930529,268,268,15,15,8,8,175,90
beam,4,4,j0-56,1,51209531857192480,268,268,15,15,8,8,175,96
beam,4,4,j0-56,2,48599518593898289,268,268,15,15,8,8,181,97
beam,4,4,j0-56,3,27597576995578806,278,278,16,16,8,8,188,111
beam,4,4,j0-56,4,3817654454660021,268,268,15,15,8,8,168,86
beam,4,4,j0-56,5,48545827656597763,252,252,15,15,7,7,178,98
beam,4,4,j0-56,6,14288319057473904,278,278,16,16,8,8,188,92
beam,4,4,j0-56,7,30552417570233334,252,252,15,15,7,7,166,94
beam,4,4,j0-56,8,35428365444187694,304,304,17,17,9,9,203,108
beam,4,4,j0-56,9,12631911908881298,288,288,17,17,8,8,191,103
beam,4,4,j0-56,10,22206975263005101,268,268,15,15,8,8,169,99
beam,4,4,j0-56,11,1530501890144118,278,278,16,16,8,8,188,98
beam,4,4,j0-56,12,48579291596137043,278,278,16,16,8,8,175,95
beam,4,4,j0-56,13,31691155313374275,268,268,15,15,8,8,175,87
beam,4,4,j0-56,14,16075819056460500,262,262,16,16,7,7,194,104
beam,4,4,j0-56,15,32462769711762082,268,258,15,14,8,8,168,95
beam,4,4,j0-56,16,7963633318843282,278,278,16,16,8,8,185,99
beam,4,4,j0-56,17,18983786612097719,252,252,15,15,7,7,184,93
beam,4,4,j0-56,18,13288556210279355,288,288,17,17,8,8,179,98
beam,4,4,j0-56,19,4496290136107762,278,268,16,15,8,8,163,86
beam,4,4,j0-56,20,20589605919579750,246,246,16,16,6,6,181,93
beam,4,4,j0-56,21,22790144222852090,294,294,16,16,9,9,185,97
beam,4,4,j0-56,22,42340928108677318,262,262,16,16,7,7,185,104
beam,4,4,j0-56,23,25197607550421394,278,278,16,16,8,8,191,96
beam,4,4,j0-56,24,20178356449854996,268,268,15,15,8,8,175,104
beam,4,4,j0-56,25,28644864995100918,278,278,16,16,8,8,188,106
beam,4,4,j0-56,26,830492720152661,294,284,16,15,9,9,178,97
beam,4,4,j0-56,27,51066650839970376,278,278,16,16,8,8,197,106
beam,4,4,j0-56,28,7367209113137255,272,272,17,17,7,7,194,97
beam,4,4,j0-56,29,41495489534377967,278,278,16,16,8,8,197,112
beam,4,4,j0-56,30,18850207754958135,262,262,16,16,7,7,181,93
beam,4,4,j0-56,31,4845133839933892,288,288,17,17,8,8,194,96
beam,4,4,j0-56,32,5193370461102195,268,268,15,15,8,8,172,89
beam,4,4,j0-56,33,1242272748976912,268,268,15,15,8,8,178,99
beam,4,4,j0-56,34,39514372386363214,262,262,16,16,7,7,191,102
beam,4,4,j0-56,35,19675328070911641,268,268,15,15,8,8,181,96
beam,4,4,j0-56,36,41366696232866228,252,252,15,15,7,7,178,90
beam,4,4,j0-56,37,31172817672903867,278,278,16,16,8,8,179,98
beam,4,4,j0-56,38,35367915211123801,268,268,15,15,8,8,181,101
beam,4,4,j0-56,39,35071119051253254,278,278,16,16,8,8,188,109
beam,4,4,j0-56,40,9861492365136984,268,268,15,15,8,8,178,98
beam,4,4,j0-56,41,9178330123649395,288,278,17,16,8,8,185,108
beam,4,4,j0-56,42,45110651565721999,252,252,15,15,7,7,188,103
beam,4,4,j0-56,43,38793885881587753,304,304,17,17,9,9,188,108
beam,4,4,j0-56,44,20861563596356667,252,252,15,15,7,7,172,94
beam,4,4,j0-56,45,40079474742851907,278,278,16,16,8,8,166,93
beam,4,4,j0-56,46,29750184353322879,268,268,15,15,8,8,175,95
beam,4,4,j0-56,47,41775106311314461,236,236,15,15,6,6,148,89
beam,4,4,j0-56,48,30167557982534480,262,262,16,16,7,7,197,101
beam,4,4,j0-56,49,21874390231708974,242,242,14,14,7,7,147,82
beam,4,4,j0-56,50,3105461830624122,294,284,16,15,9,9,162,95
beam,4,4,j0-56,51,34493533756903583,262,262,16,16,7,7,197,103
beam,4,4,j0-56,52,10927138478287741,278,278,16,16,8,8,188,114
beam,4,4,j0-56,53,13041840988692033,242,242,14,14,7,7,149,87
beam,4,4,j0-56,54,17649820318362341,236,236,15,15,6,6,175,99
beam,4,4,j0-56,55,22002188124659772,252,252,15,15,7,7,163,88
beam,4,4,j0-56,56,19276342459370318,278,278,16,16,8,8,191,105
beam,4,4,j0-56,57,21676120109663945,294,268,16,15,9,8,188,104
beam,4,4,j0-56,58,9033696722782453,294,294,16,16,9,9,197,108
beam,4,4,j0-56,59,16406421601179465,294,294,16,16,9,9,197,103
beam,4,4,j0-56,60,27980479105654696,294,294,16,16,9,9,197,104
beam,4,4,j0-56,61,21123314884727665,278,278,16,16,8,8,178,92
beam,4,4,j0-56,62,12742782193394444,278,278,16,16,8,8,182,96
beam,4,4,j0-56,63,21396362371914551,294,284,16,15,9,9,178,96
beam,4,8,glv-j0-32,0,20566646,124,114,7,6,4,4,84,39
beam,4,8,glv-j0-32,1,7843221,114,114,6,6,4,4,69,31
beam,4,8,glv-j0-32,2,19391305,88,88,5,5,3,3,37,19
beam,4,8,glv-j0-32,3,16519870,88,88,5,5,3,3,36,22
beam,4,8,glv-j0-32,4,4668766,98,98,6,6,3,3,38,20
beam,4,8,glv-j0-32,5,22575707,108,104,7,5,3,4,61,25
beam,4,8,glv-j0-32,6,5568342,124,124,7,7,4,4,82,36
beam,4,8,glv-j0-32,7,10566719,114,114,6,6,4,4,63,27
beam,4,8,glv-j0-32,8,21158857,114,104,6,5,4,4,41,23
beam,4,8,glv-j0-32,9,19973228,124,114,7,6,4,4,61,29
beam,4,8,glv-j0-32,10,15619414,114,114,6,6,4,4,69,35
beam,4,8,glv-j0-32,11,23150076,114,104,6,5,4,4,34,19
beam,4,8,glv-j0-32,12,16695815,114,114,6,6,4,4,62,26
beam,4,8,glv-j0-32,13,2697002,88,88,5,5,3,3,41,25
beam,4,8,glv-j0-32,14,16045712,108,108,7,7,3,3,62,29
beam,4,8,glv-j0-32,15,19522544,114,114,6,6,4,4,69,34
beam,4,8,glv-j0-32,16,1231995,114,104,6,5,4,4,38,20
beam,4,8,glv-j0-32,17,3896279,98,98,6,6,3,3,61,28
beam,4,8,glv-j0-32,18,19578585,88,88,5,5,3,3,37,20
beam,4,8,glv-j0-32,19,9693278,88,88,5,5,3,3,40,24
beam,4,8,glv-j0-32,20,15330074,114,114,6,6,4,4,58,27
beam,4,8,glv-j0-32,21,6910797,114,114,6,6,4,4,58,25
beam,4,8,glv-j0-32,22,686887,98,98,6,6,3,3,38,20
beam,4,8,glv-j0-32,23,15912434,114,88,6,5,4,3,37,18
beam,4,8,glv-j0-32,24,23366634,114,114,6,6,4,4,61,32
beam,4,8,glv-j0-32,25,3318192,88,88,5,5,3,3,38,21
beam,4,8,glv-j0-32,26,8729071,114,114,6,6,4,4,58,27
beam,4,8,glv-j0-32,27,1838014,114,114,6,6,4,4,59,25
beam,4,8,glv-j0-32,28,8548248,114,104,6,5,4,4,41,25
beam,4,8,glv-j0-32,29,6586328,88,88,5,5,3,3,37,19
beam,4,8,glv-j0-32,30,15493199,88,88,5,5,3,3,63,29
beam,4,8,glv-j0-32,31,2817373,114,104,6,5,4,4,34,18
beam,4,8,glv-j0-32,32,11391268,114,88,6,5,4,3,44,23
beam,4,8,glv-j0-32,33,21542069,88,88,5,5,3,3,40,22
beam,4,8,glv-j0-32,34,3248477,98,98,6,6,3,3,54,26
beam,4,8,glv-j0-32,35,2318204,88,88,5,5,3,3,38,20
beam,4,8,glv-j0-32,36,22960880,114,104,6,5,4,4,41,22
beam,4,8,glv-j0-32,37,3622857,114,104,6,5,4,4,38,19
beam,4,8,glv-j0-32,38,3572562,114,104,6,5,4,4,40,21
beam,4,8,glv-j0-32,39,18381777,88,88,5,5,3,3,42,27
beam,4,8,glv-j0-32,40,5493255,88,88,5,5,3,3,38,22
beam,4,8,glv-j0-32,41,7663525,88,88,5,5,3,3,58,25
beam,4,8,glv-j0-32,42,15958745,124,124,7,7,4,4,81,39
beam,4,8,glv-j0-32,43,23030,114,104,6,5,4,4,44,21
beam,4,8,glv-j0-32,44,10649142,114,114,6,6,4,4,55,25
beam,4,8,glv-j0-32,45,8391221,114,114,6,6,4,4,60,31
beam,4,8,glv-j0-32,46,8071987,114,114,6,6,4,4,41,20
beam,4,8,glv-j0-32,47,22247405,114,114,6,6,4,4,58,28
beam,4,8,glv-j0-32,48,122647,78,78,4,4,3,3,17,12
beam,4,8,glv-j0-32,49,22783709,98,98,6,6,3,3,86,37
beam,4,8,glv-j0-32,50,5253753,114,104,6,5,4,4,38,22
beam,4,8,glv-j0-32,51,13514443,88,88,5,5,3,3,17,11
beam,4,8,glv-j0-32,52,9563597,88,88,5,5,3,3,40,21
beam,4,8,glv-j0-32,53,17150963,52,52,3,3,2,2,4,6
beam,4,8,glv-j0-32,54,12591836,98,98,6,6,3,3,38,19
beam,4,8,glv-j0-32,55,3466673,124,114,7,6,4,4,91,38
beam,4,8,glv-j0-32,56,20290572,98,98,6,6,3,3,80,34
beam,4,8,glv-j0-32,57,20887226,98,98,6,6,3,3,70,31
beam,4,8,glv-j0-32,58,3586798,114,104,6,5,4,4,41,21
beam,4,8,glv-j0-32,59,5046250,98,98,6,6,3,3,54,26
beam,4,8,glv-j0-32,60,6246984,114,114,6,6,4,4,58,28
beam,4,8,glv-j0-32,61,9982923,108,104,7,5,3,4,69,31
beam,4,8,glv-j0-32,62,13120819,114,114,6,6,4,4,55,26
beam,4,8,glv-j0-32,63,8699668,124,114,7,6,4,4,83,37
beam,4,8,j0-56,0,1701235640930529,268,268,15,15,8,8,245,95
beam,4,8,j0-56,1,51209531857192480,268,268,15,15,8,8,289,108
beam,4,8,j0-56,2,48599518593898289,268,268,15,15,8,8,303,122
beam,4,8,j0-56,3,27597576995578806,278,278,16,16,8,8,306,120
beam,4,8,j0-56,4,3817654454660021,268,268,15,15,8,8,267,99
beam,4,8,j0-56,5,48545827656597763,252,252,15,15,7,7,270,103
beam,4,8,j0-56,6,14288319057473904,278,278,16,16,8,8,297,110
beam,4,8,j0-56,7,30552417570233334,252,252,15,15,7,7,260,101
beam,4,8,j0-56,8,35428365444187694,304,304,17,17,9,9,319,119
beam,4,8,j0-56,9,12631911908881298,288,288,17,17,8,8,327,120
beam,4,8,j0-56,10,22206975263005101,268,268,15,15,8,8,275,109
beam,4,8,j0-56,11,1530501890144118,278,278,16,16,8,8,301,117
beam,4,8,j0-56,12,48579291596137043,278,278,16,16,8,8,271,101
beam,4,8,j0-56,13,31691155313374275,268,268,15,15,8,8,269,100
beam,4,8,j0-56,14,16075819056460500,262,262,16,16,7,7,310,114
beam,4,8,j0-56,15,32462769711762082,268,258,15,14,8,8,253,105
beam,4,8,j0-56,16,7963633318843282,278,278,16,16,8,8,302,114
beam,4,8,j0-56,17,18983786612097719,252,252,15,15,7,7,279,108
beam,4,8,j0-56,18,13288556210279355,288,288,17,17,8,8,280,112
beam,4,8,j0-56,19,4496290136107762,278,268,16,15,8,8,253,98
beam,4,8,j0-56,20,20589605919579750,246,246,16,16,6,6,271,102
beam,4,8,j0-56,21,22790144222852090,294,294,16,16,9,9,292,111
beam,4,8,j0-56,22,42340928108677318,262,262,16,16,7,7,326,116
beam,4,8,j0-56,23,25197607550421394,278,278,16,16,8,8,289,115
beam,4,8,j0-56,24,20178356449854996,268,268,15,15,8,8,269,114
beam,4,8,j0-56,25,28644864995100918,278,278,16,16,8,8,318,119
beam,4,8,j0-56,26,830492720152661,294,284,16,15,9,9,291,113
beam,4,8,j0-56,27,51066650839970376,278,278,16,16,8,8,321,119
beam,4,8,j0-56,28,7367209113137255,272,272,17,17,7,7,274,105
beam,4,8,j0-56,29,41495489534377967,278,278,16,16,8,8,320,130
beam,4,8,j0-56,30,18850207754958135,262,262,16,16,7,7,304,106
beam,4,8,j0-56,31,4845133839933892,288,288,17,17,8,8,303,107
beam,4,8,j0-56,32,5193370461102195,268,268,15,15,8,8,259,101
beam,4,8,j0-56,33,1242272748976912,268,268,15,15,8,8,291,109
beam,4,8,j0-56,34,39514372386363214,262,262,16,16,7,7,281,107
beam,4,8,j0-56,35,19675328070911641,268,268,15,15,8,8,269,103
beam,4,8,j0-56,36,41366696232866228,252,252,15,15,7,7,300,108
beam,4,8,j0-56,37,31172817672903867,278,278,16,16,8,8,281,110
beam,4,8,j0-56,38,35367915211123801,268,268,15,15,8,8,310,118
beam,4,8,j0-56,39,35071119051253254,278,278,16,16,8,8,274,115
beam,4,8,j0-56,40,9861492365136984,268,268,15,15,8,8,280,110
beam,4,8,j0-56,41,9178330123649395,288,278,17,16,8,8,287,118
beam,4,8,j0-56,42,45110651565721999,252,252,15,15,7,7,311,115
beam,4,8,j0-56,43,38793885881587753,304,304,17,17,9,9,285,115
beam,4,8,j0-56,44,20861563596356667,252,252,15,15,7,7,282,102
beam,4,8,j0-56,45,40079474742851907,278,278,16,16,8,8,282,105
beam,4,8,j0-56,46,29750184353322879,268,268,15,15,8,8,289,111
beam,4,8,j0-56,47,41775106311314461,236,236,15,15,6,6,249,104
beam,4,8,j0-56,48,30167557982534480,262,262,16,16,7,7,299,109
beam,4,8,j0-56,49,21874390231708974,242,242,14,14,7,7,233,90
beam,4,8,j0-56,50,3105461830624122,294,284,16,15,9,9,277,114
beam,4,8,j0-56,51,34493533756903583,262,262,16,16,7,7,304,112
beam,4,8,j0-56,52,10927138478287741,278,278,16,16,8,8,327,129
beam,4,8,j0-56,53,13041840988692033,242,242,14,14,7,7,259,101
beam,4,8,j0-56,54,17649820318362341,236,236,15,15,6,6,294,112
beam,4,8,j0-56,55,22002188124659772,252,252,15,15,7,7,268,99
beam,4,8,j0-56,56,19276342459370318,278,278,16,16,8,8,306,115
beam,4,8,j0-56,57,21676120109663945,294,268,16,15,9,8,313,119
beam,4,8,j0-56,58,9033696722782453,294,294,16,16,9,9,305,118
beam,4,8,j0-56,59,16406421601179465,294,294,16,16,9,9,288,114
beam,4,8,j0-56,60,27980479105654696,294,294,16,16,9,9,292,111
beam,4,8,j0-56,61,21123314884727665,278,278,16,16,8,8,259,102
beam,4,8,j0-56,62,12742782193394444,278,278,16,16,8,8,279,109
beam,4,8,j0-56,63,21396362371914551,294,284,16,15,9,9,272,104
norm,8,1,glv-j0-32,0,20566646,124,124,7,7,4,4,40,7
norm,8,1,glv-j0-32,1,7843221,114,114,6,6,4,4,18,5
norm,8,1,glv-j0-32,2,19391305,88,88,5,5,3,3,24,5
norm,8,1,glv-j0-32,3,16519870,88,88,5,5,3,3,17,5
norm,8,1,glv-j0-32,4,4668766,98,98,6,6,3,3,25,5
norm,8,1,glv-j0-32,5,22575707,108,108,7,7,3,3,32,6
norm,8,1,glv-j0-32,6,5568342,124,124,7,7,4,4,25,7
norm,8,1,glv-j0-32,7,10566719,114,114,6,6,4,4,32,6
norm,8,1,glv-j0-32,8,21158857,114,114,6,6,4,4,24,5
norm,8,1,glv-j0-32,9,19973228,124,124,7,7,4,4,25,6
norm,8,1,glv-j0-32,10,15619414,114,114,6,6,4,4,18,6
norm,8,1,glv-j0-32,11,23150076,114,114,6,6,4,4,24,5
norm,8,1,glv-j0-32,12,16695815,114,98,6,6,4,3,11,5
norm,8,1,glv-j0-32,13,2697002,88,88,5,5,3,3,24,5
norm,8,1,glv-j0-32,14,16045712,108,108,7,7,3,3,26,7
norm,8,1,glv-j0-32,15,19522544,114,114,6,6,4,4,32,6
norm,8,1,glv-j0-32,16,1231995,114,114,6,6,4,4,24,5
norm,8,1,glv-j0-32,17,3896279,98,98,6,6,3,3,25,5
norm,8,1,glv-j0-32,18,19578585,88,88,5,5,3,3,24,5
norm,8,1,glv-j0-32,19,9693278,88,88,5,5,3,3,24,5
norm,8,1,glv-j0-32,20,15330074,114,114,6,6,4,4,24,5
norm,8,1,glv-j0-32,21,6910797,114,114,6,6,4,4,32,6
norm,8,1,glv-j0-32,22,686887,98,98,6,6,3,3,18,6
norm,8,1,glv-j0-32,23,15912434,114,114,6,6,4,4,24,5
norm,8,1,glv-j0-32,24,23366634,114,114,6,6,4,4,24,5
norm,8,1,glv-j0-32,25,3318192,88,88,5,5,3,3,24,5
norm,8,1,glv-j0-32,26,8729071,114,114,6,6,4,4,32,6
norm,8,1,glv-j0-32,27,1838014,114,114,6,6,4,4,32,6
norm,8,1,glv-j0-32,28,8548248,114,114,6,6,4,4,24,6
norm,8,1,glv-j0-32,29,6586328,88,88,5,5,3,3,24,5
norm,8,1,glv-j0-32,30,15493199,88,88,5,5,3,3,25,6
norm,8,1,glv-j0-32,31,2817373,114,114,6,6,4,4,24,5
norm,8,1,glv-j0-32,32,11391268,114,104,6,5,4,4,17,5
norm,8,1,glv-j0-32,33,21542069,88,88,5,5,3,3,17,5
norm,8,1,glv-j0-32,34,3248477,98,98,6,6,3,3,32,6
norm,8,1,glv-j0-32,35,2318204,88,88,5,5,3,3,24,5
norm,8,1,glv-j0-32,36,22960880,114,114,6,6,4,4,17,5
norm,8,1,glv-j0-32,37,3622857,114,114,6,6,4,4,24,5
norm,8,1,glv-j0-32,38,3572562,114,104,6,5,4,4,17,5
norm,8,1,glv-j0-32,39,18381777,88,88,5,5,3,3,24,5
norm,8,1,glv-j0-32,40,5493255,88,88,5,5,3,3,24,5
norm,8,1,glv-j0-32,41,7663525,88,88,5,5,3,3,32,6
norm,8,1,glv-j0-32,42,15958745,124,124,7,7,4,4,40,7
norm,8,1,glv-j0-32,43,23030,114,114,6,6,4,4,24,5
norm,8,1,glv-j0-32,44,10649142,114,114,6,6,4,4,32,6
norm,8,1,glv-j0-32,45,8391221,114,114,6,6,4,4,32,6
norm,8,1,glv-j0-32,46,8071987,114,114,6,6,4,4,24,5
norm,8,1,glv-j0-32,47,22247405,114,114,6,6,4,4,32,6
norm,8,1,glv-j0-32,48,122647,78,78,4,4,3,3,16,4
norm,8,1,glv-j0-32,49,22783709,98,98,6,6,3,3,40,7
norm,8,1,glv-j0-32,50,5253753,114,114,6,6,4,4,24,5
norm,8,1,glv-j0-32,51,13514443,88,88,5,5,3,3,16,4
norm,8,1,glv-j0-32,52,9563597,88,88,5,5,3,3,24,5
norm,8,1,glv-j0-32,53,17150963,52,52,3,3,2,2,8,3
norm,8,1,glv-j0-32,54,12591836,98,98,6,6,3,3,24,5
norm,8,1,glv-j0-32,55,3466673,124,114,7,6,4,4,26,7
norm,8,1,glv-j0-32,56,20290572,98,98,6,6,3,3,40,7
norm,8,1,glv-j0-32,57,20887226,98,98,6,6,3,3,32,6
norm,8,1,glv-j0-32,58,3586798,114,104,6,5,4,4,17,5
norm,8,1,glv-j0-32,59,5046250,98,98,6,6,3,3,25,6
norm,8,1,glv-j0-32,60,6246984,114,114,6,6,4,4,32,6
norm,8,1,glv-j0-32,61,9982923,108,108,7,7,3,3,32,6
norm,8,1,glv-j0-32,62,13120819,114,114,6,6,4,4,32,6
norm,8,1,glv-j0-32,63,8699668,124,124,7,7,4,4,40,7
norm,8,1,j0-56,0,1701235640930529,268,268,15,15,8,8,97,15
norm,8,1,j0-56,1,51209531857192480,268,268,15,15,8,8,97,15
norm,8,1,j0-56,2,48599518593898289,268,268,15,15,8,8,104,15
norm,8,1,j0-56,3,27597576995578806,278,278,16,16,8,8,112,15
norm,8,1,j0-56,4,3817654454660021,268,268,15,15,8,8,82,14
norm,8,1,j0-56,5,48545827656597763,252,252,15,15,7,7,90,15
norm,8,1,j0-56,6,14288319057473904,278,278,16,16,8,8,91,16
norm,8,1,j0-56,7,30552417570233334,252,252,15,15,7,7,97,15
norm,8,1,j0-56,8,35428365444187694,304,304,17,17,9,9,105,16
norm,8,1,j0-56,9,12631911908881298,288,288,17,17,8,8,98,16
norm,8,1,j0-56,10,22206975263005101,268,268,15,15,8,8,90,15
norm,8,1,j0-56,11,1530501890144118,278,278,16,16,8,8,105,16
norm,8,1,j0-56,12,48579291596137043,278,278,16,16,8,8,90,15
norm,8,1,j0-56,13,31691155313374275,268,268,15,15,8,8,97,15
norm,8,1,j0-56,14,16075819056460500,262,262,16,16,7,7,91,16
norm,8,1,j0-56,15,32462769711762082,268,268,15,15,8,8,82,14
norm,8,1,j0-56,16,7963633318843282,278,278,16,16,8,8,98,16
norm,8,1,j0-56,17,18983786612097719,252,252,15,15,7,7,97,15
norm,8,1,j0-56,18,13288556210279355,288,288,17,17,8,8,98,16
norm,8,1,j0-56,19,4496290136107762,278,278,16,16,8,8,76,15
norm,8,1,j0-56,20,20589605919579750,246,246,16,16,6,6,97,15
norm,8,1,j0-56,21,22790144222852090,294,294,16,16,9,9,112,16
norm,8,1,j0-56,22,42340928108677318,262,262,16,16,7,7,91,16
norm,8,1,j0-56,23,25197607550421394,278,278,16,16,8,8,112,16
norm,8,1,j0-56,24,20178356449854996,268,268,15,15,8,8,97,15
norm,8,1,j0-56,25,28644864995100918,278,278,16,16,8,8,112,16
norm,8,1,j0-56,26,830492720152661,294,294,16,16,9,9,97,15
norm,8,1,j0-56,27,51066650839970376,278,278,16,16,8,8,105,16
norm,8,1,j0-56,28,7367209113137255,272,272,17,17,7,7,112,16
norm,8,1,j0-56,29,41495489534377967,278,278,16,16,8,8,105,16
norm,8,1,j0-56,30,18850207754958135,262,262,16,16,7,7,90,15
norm,8,1,j0-56,31,4845133839933892,288,288,17,17,8,8,98,16
norm,8,1,j0-56,32,5193370461102195,268,268,15,15,8,8,90,15
norm,8,1,j0-56,33,1242272748976912,268,268,15,15,8,8,83,15
norm,8,1,j0-56,34,39514372386363214,262,262,16,16,7,7,105,16
norm,8,1,j0-56,35,19675328070911641,268,268,15,15,8,8,104,15
norm,8,1,j0-56,36,41366696232866228,252,252,15,15,7,7,90,15
norm,8,1,j0-56,37,31172817672903867,278,278,16,16,8,8,90,15
norm,8,1,j0-56,38,35367915211123801,268,268,15,15,8,8,97,15
norm,8,1,j0-56,39,35071119051253254,278,278,16,16,8,8,98,16
norm,8,1,j0-56,40,9861492365136984,268,268,15,15,8,8,90,15
norm,8,1,j0-56,41,9178330123649395,288,288,17,17,8,8,84,16
norm,8,1,j0-56,42,45110651565721999,252,252,15,15,7,7,98,16
norm,8,1,j0-56,43,38793885881587753,304,304,17,17,9,9,112,16
norm,8,1,j0-56,44,20861563596356667,252,252,15,15,7,7,97,15
norm,8,1,j0-56,45,40079474742851907,278,278,16,16,8,8,97,15
norm,8,1,j0-56,46,29750184353322879,268,268,15,15,8,8,104,15
norm,8,1,j0-56,47,41775106311314461,236,236,15,15,6,6,83,15
norm,8,1,j0-56,48,30167557982534480,262,262,16,16,7,7,98,16
norm,8,1,j0-56,49,21874390231708974,242,242,14,14,7,7,60,14
norm,8,1,j0-56,50,3105461830624122,294,294,16,16,9,9,105,16
norm,8,1,j0-56,51,34493533756903583,262,262,16,16,7,7,98,16
norm,8,1,j0-56,52,10927138478287741,278,278,16,16,8,8,112,16
norm,8,1,j0-56,53,13041840988692033,242,242,14,14,7,7,81,13
norm,8,1,j0-56,54,17649820318362341,236,236,15,15,6,6,104,15
norm,8,1,j0-56,55,22002188124659772,252,252,15,15,7,7,104,15
norm,8,1,j0-56,56,19276342459370318,278,278,16,16,8,8,105,16
norm,8,1,j0-56,57,21676120109663945,294,294,16,16,9,9,105,15
norm,8,1,j0-56,58,9033696722782453,294,294,16,16,9,9,105,16
norm,8,1,j0-56,59,16406421601179465,294,294,16,16,9,9,91,16
norm,8,1,j0-56,60,27980479105654696,294,294,16,16,9,9,112,16
norm,8,1,j0-56,61,21123314884727665,278,278,16,16,8,8,90,15
norm,8,1,j0-56,62,12742782193394444,278,278,16,16,8,8,98,16
norm,8,1,j0-56,63,21396362371914551,294,294,16,16,9,9,90,15
beam,8,1,glv-j0-32,0,20566646,124,114,7,6,4,4,33,45
beam,8,1,glv-j0-32,1,7843221,114,114,6,6,4,4,18,27
beam,8,1,glv-j0-32,2,19391305,88,88,5,5,3,3,17,24
beam,8,1,glv-j0-32,3,16519870,88,88,5,5,3,3,17,24
beam,8,1,glv-j0-32,4,4668766,98,88,6,5,3,3,18,23
beam,8,1,glv-j0-32,5,22575707,108,108,7,7,3,3,18,23
beam,8,1,glv-j0-32,6,5568342,124,124,7,7,4,4,33,44
beam,8,1,glv-j0-32,7,10566719,114,114,6,6,4,4,25,32
beam,8,1,glv-j0-32,8,21158857,114,104,6,5,4,4,17,27
beam,8,1,glv-j0-32,9,19973228,124,98,7,6,4,3,25,31
beam,8,1,glv-j0-32,10,15619414,114,114,6,6,4,4,18,28
beam,8,1,glv-j0-32,11,23150076,114,104,6,5,4,4,17,23
beam,8,1,glv-j0-32,12,16695815,114,98,6,6,4,3,11,14
beam,8,1,glv-j0-32,13,2697002,88,88,5,5,3,3,32,41
beam,8,1,glv-j0-32,14,16045712,108,98,7,6,3,3,19,27
beam,8,1,glv-j0-32,15,19522544,114,114,6,6,4,4,25,35
beam,8,1,glv-j0-32,16,1231995,114,104,6,5,4,4,17,26
beam,8,1,glv-j0-32,17,3896279,98,98,6,6,3,3,25,31
beam,8,1,glv-j0-32,18,19578585,88,88,5,5,3,3,17,25
beam,8,1,glv-j0-32,19,9693278,88,88,5,5,3,3,24,34
beam,8,1,glv-j0-32,20,15330074,114,114,6,6,4,4,32,38
beam,8,1,glv-j0-32,21,6910797,114,114,6,6,4,4,18,23
beam,8,1,glv-j0-32,22,686887,98,98,6,6,3,3,25,32
beam,8,1,glv-j0-32,23,15912434,114,88,6,5,4,3,17,23
beam,8,1,glv-j0-32,24,23366634,114,104,6,5,4,4,25,30
beam,8,1,glv-j0-32,25,3318192,88,88,5,5,3,3,17,21
beam,8,1,glv-j0-32,26,8729071,114,114,6,6,4,4,18,27
beam,8,1,glv-j0-32,27,1838014,114,104,6,5,4,4,25,36
beam,8,1,glv-j0-32,28,8548248,114,104,6,5,4,4,32,40
beam,8,1,glv-j0-32,29,6586328,88,88,5,5,3,3,17,26
beam,8,1,glv-j0-32,30,15493199,88,88,5,5,3,3,25,33
beam,8,1,glv-j0-32,31,2817373,114,104,6,5,4,4,17,23
beam,8,1,glv-j0-32,32,11391268,114,88,6,5,4,3,17,27
beam,8,1,glv-j0-32,33,21542069,88,88,5,5,3,3,24,30
beam,8,1,glv-j0-32,34,3248477,98,98,6,6,3,3,32,42
beam,8,1,glv-j0-32,35,2318204,88,88,5,5,3,3,17,22
beam,8,1,glv-j0-32,36,22960880,114,104,6,5,4,4,17,25
beam,8,1,glv-j0-32,37,3622857,114,104,6,5,4,4,24,28
beam,8,1,glv-j0-32,38,3572562,114,104,6,5,4,4,17,28
beam,8,1,glv-j0-32,39,18381777,88,88,5,5,3,3,17,25
beam,8,1,glv-j0-32,40,5493255,88,88,5,5,3,3,17,21
beam,8,1,glv-j0-32,41,7663525,88,88,5,5,3,3,18,25
beam,8,1,glv-j0-32,42,15958745,124,124,7,7,4,4,33,45
beam,8,1,glv-j0-32,43,23030,114,104,6,5,4,4,24,32
beam,8,1,glv-j0-32,44,10649142,114,114,6,6,4,4,32,39
beam,8,1,glv-j0-32,45,8391221,114,114,6,6,4,4,25,38
beam,8,1,glv-j0-32,46,8071987,114,98,6,6,4,3,10,13
beam,8,1,glv-j0-32,47,22247405,114,114,6,6,4,4,18,26
beam,8,1,glv-j0-32,48,122647,78,78,4,4,3,3,16,18
beam,8,1,glv-j0-32,49,22783709,98,98,6,6,3,3,26,41
beam,8,1,glv-j0-32,50,5253753,114,104,6,5,4,4,17,28
beam,8,1,glv-j0-32,51,13514443,88,88,5,5,3,3,9,12
beam,8,1,glv-j0-32,52,9563597,88,88,5,5,3,3,17,26
beam,8,1,glv-j0-32,53,17150963,52,52,3,3,2,2,8,9
beam,8,1,glv-j0-32,54,12591836,98,98,6,6,3,3,17,21
beam,8,1,glv-j0-32,55,3466673,124,114,7,6,4,4,26,39
beam,8,1,glv-j0-32,56,20290572,98,98,6,6,3,3,19,25
beam,8,1,glv-j0-32,57,20887226,98,98,6,6,3,3,18,20
beam,8,1,glv-j0-32,58,3586798,114,104,6,5,4,4,17,25
beam,8,1,glv-j0-32,59,5046250,98,98,6,6,3,3,25,37
beam,8,1,glv-j0-32,60,6246984,114,114,6,6,4,4,32,39
beam,8,1,glv-j0-32,61,9982923,108,108,7,7,3,3,18,23
beam,8,1,glv-j0-32,62,13120819,114,114,6,6,4,4,32,41
beam,8,1,glv-j0-32,63,8699668,124,114,7,6,4,4,26,30
beam,8,1,j0-56,0,1701235640930529,268,268,15,15,8,8,69,92
beam,8,1,j0-56,1,51209531857192480,268,268,15,15,8,8,69,96
beam,8,1,j0-56,2,48599518593898289,268,268,15,15,8,8,69,102
beam,8,1,j0-56,3,27597576995578806,278,278,16,16,8,8,84,125
beam,8,1,j0-56,4,3817654454660021,268,268,15,15,8,8,68,88
beam,8,1,j0-56,5,48545827656597763,252,242,15,14,7,7,62,87
beam,8,1,j0-56,6,14288319057473904,278,278,16,16,8,8,70,94
beam,8,1,j0-56,7,30552417570233334,252,252,15,15,7,7,62,90
beam,8,1,j0-56,8,35428365444187694,304,304,17,17,9,9,84,121
beam,8,1,j0-56,9,12631911908881298,288,288,17,17,8,8,77,104
beam,8,1,j0-56,10,22206975263005101,268,268,15,15,8,8,69,100
beam,8,1,j0-56,11,1530501890144118,278,278,16,16,8,8,84,117
beam,8,1,j0-56,12,48579291596137043,278,278,16,16,8,8,76,98
beam,8,1,j0-56,13,31691155313374275,268,268,15,15,8,8,62,84
beam,8,1,j0-56,14,16075819056460500,262,262,16,16,7,7,77,99
beam,8,1,j0-56,15,32462769711762082,268,258,15,14,8,8,61,102
beam,8,1,j0-56,16,7963633318843282,278,278,16,16,8,8,84,112
beam,8,1,j0-56,17,18983786612097719,252,252,15,15,7,7,83,116
beam,8,1,j0-56,18,13288556210279355,288,288,17,17,8,8,70,101
beam,8,1,j0-56,19,4496290136107762,278,268,16,15,8,8,76,103
beam,8,1,j0-56,20,20589605919579750,246,246,16,16,6,6,62,81
beam,8,1,j0-56,21,22790144222852090,294,294,16,16,9,9,77,108
beam,8,1,j0-56,22,42340928108677318,262,262,16,16,7,7,84,111
beam,8,1,j0-56,23,25197607550421394,278,278,16,16,8,8,70,107
beam,8,1,j0-56,24,20178356449854996,268,268,15,15,8,8,90,133
beam,8,1,j0-56,25,28644864995100918,278,278,16,16,8,8,63,100
beam,8,1,j0-56,26,830492720152661,294,284,16,15,9,9,76,115
beam,8,1,j0-56,27,51066650839970376,278,278,16,16,8,8,84,114
beam,8,1,j0-56,28,7367209113137255,272,272,17,17,7,7,77,112
beam,8,1,j0-56,29,41495489534377967,278,278,16,16,8,8,98,139
beam,8,1,j0-56,30,18850207754958135,262,262,16,16,7,7,69,90
beam,8,1,j0-56,31,4845133839933892,288,288,17,17,8,8,84,106
beam,8,1,j0-56,32,5193370461102195,268,268,15,15,8,8,69,91
beam,8,1,j0-56,33,1242272748976912,268,268,15,15,8,8,69,97
beam,8,1,j0-56,34,39514372386363214,262,262,16,16,7,7,70,100
beam,8,1,j0-56,35,19675328070911641,268,268,15,15,8,8,76,104
beam,8,1,j0-56,36,41366696232866228,252,252,15,15,7,7,62,81
beam,8,1,j0-56,37,31172817672903867,278,278,16,16,8,8,84,121
beam,8,1,j0-56,38,35367915211123801,268,268,15,15,8,8,97,129
beam,8,1,j0-56,39,35071119051253254,278,278,16,16,8,8,70,103
beam,8,1,j0-56,40,9861492365136984,268,268,15,15,8,8,83,117
beam,8,1,j0-56,41,9178330123649395,288,278,17,16,8,8,70,107
beam,8,1,j0-56,42,45110651565721999,252,252,15,15,7,7,63,89
beam,8,1,j0-56,43,38793885881587753,304,304,17,17,9,9,91,126
beam,8,1,j0-56,44,20861563596356667,252,252,15,15,7,7,90,111
beam,8,1,j0-56,45,40079474742851907,278,278,16,16,8,8,83,110
beam,8,1,j0-56,46,29750184353322879,268,268,15,15,8,8,76,105
beam,8,1,j0-56,47,41775106311314461,236,226,15,14,6,6,48,79
beam,8,1,j0-56,48,30167557982534480,262,262,16,16,7,7,84,111
beam,8,1,j0-56,49,21874390231708974,242,232,14,13,7,7,67,96
beam,8,1,j0-56,50,3105461830624122,294,268,16,15,9,8,61,97
beam,8,1,j0-56,51,34493533756903583,262,262,16,16,7,7,70,97
beam,8,1,j0-56,52,10927138478287741,278,278,16,16,8,8,84,122
beam,8,1,j0-56,53,13041840988692033,242,242,14,14,7,7,60,78
beam,8,1,j0-56,54,17649820318362341,236,236,15,15,6,6,69,88
beam,8,1,j0-56,55,22002188124659772,252,252,15,15,7,7,69,92
beam,8,1,j0-56,56,19276342459370318,278,278,16,16,8,8,91,119
beam,8,1,j0-56,57,21676120109663945,294,268,16,15,9,8,70,105
beam,8,1,j0-56,58,9033696722782453,294,294,16,16,9,9,91,122
beam,8,1,j0-56,59,16406421601179465,294,278,16,16,9,8,77,106
beam,8,1,j0-56,60,27980479105654696,294,294,16,16,9,9,91,131
beam,8,1,j0-56,61,21123314884727665,278,278,16,16,8,8,69,100
beam,8,1,j0-56,62,12742782193394444,278,278,16,16,8,8,68,98
beam,8,1,j0-56,63,21396362371914551,294,284,16,15,9,9,62,90
beam,8,2,glv-j0-32,0,20566646,124,114,7,6,4,4,58,53
beam,8,2,glv-j0-32,1,7843221,114,114,6,6,4,4,42,40
beam,8,2,glv-j0-32,2,19391305,88,88,5,5,3,3,33,32
beam,8,2,glv-j0-32,3,16519870,88,88,5,5,3,3,26,32
beam,8,2,glv-j0-32,4,4668766,98,88,6,5,3,3,34,29
beam,8,2,glv-j0-32,5,22575707,108,104,7,5,3,4,35,34
beam,8,2,glv-j0-32,6,5568342,124,124,7,7,4,4,58,52
beam,8,2,glv-j0-32,7,10566719,114,114,6,6,4,4,42,38
beam,8,2,glv-j0-32,8,21158857,114,104,6,5,4,4,33,33
beam,8,2,glv-j0-32,9,19973228,124,98,7,6,4,3,49,41
beam,8,2,glv-j0-32,10,15619414,114,114,6,6,4,4,42,45
beam,8,2,glv-j0-32,11,23150076,114,104,6,5,4,4,33,31
beam,8,2,glv-j0-32,12,16695815,114,98,6,6,4,3,35,37
beam,8,2,glv-j0-32,13,2697002,88,88,5,5,3,3,49,42
beam,8,2,glv-j0-32,14,16045712,108,98,7,6,3,3,36,40
beam,8,2,glv-j0-32,15,19522544,114,114,6,6,4,4,49,46
beam,8,2,glv-j0-32,16,1231995,114,104,6,5,4,4,33,33
beam,8,2,glv-j0-32,17,3896279,98,98,6,6,3,3,42,39
beam,8,2,glv-j0-32,18,19578585,88,88,5,5,3,3,33,33
beam,8,2,glv-j0-32,19,9693278,88,88,5,5,3,3,40,34
beam,8,2,glv-j0-32,20,15330074,114,114,6,6,4,4,49,42
beam,8,2,glv-j0-32,21,6910797,114,114,6,6,4,4,42,37
beam,8,2,glv-j0-32,22,686887,98,98,6,6,3,3,41,34
beam,8,2,glv-j0-32,23,15912434,114,88,6,5,4,3,33,30
beam,8,2,glv-j0-32,24,23366634,114,104,6,5,4,4,49,42
beam,8,2,glv-j0-32,25,3318192,88,88,5,5,3,3,33,31
beam,8,2,glv-j0-32,26,8729071,114,114,6,6,4,4,42,44
beam,8,2,glv-j0-32,27,1838014,114,104,6,5,4,4,49,43
beam,8,2,glv-j0-32,28,8548248,114,104,6,5,4,4,26,29
beam,8,2,glv-j0-32,29,6586328,88,88,5,5,3,3,33,31
beam,8,2,glv-j0-32,30,15493199,88,88,5,5,3,3,49,42
beam,8,2,glv-j0-32,31,2817373,114,104,6,5,4,4,33,29
beam,8,2,glv-j0-32,32,11391268,114,88,6,5,4,3,33,34
beam,8,2,glv-j0-32,33,21542069,88,88,5,5,3,3,40,31
beam,8,2,glv-j0-32,34,3248477,98,98,6,6,3,3,49,45
beam,8,2,glv-j0-32,35,2318204,88,88,5,5,3,3,33,30
beam,8,2,glv-j0-32,36,22960880,114,104,6,5,4,4,33,31
beam,8,2,glv-j0-32,37,3622857,114,104,6,5,4,4,33,31
beam,8,2,glv-j0-32,38,3572562,114,104,6,5,4,4,33,33
beam,8,2,glv-j0-32,39,18381777,88,88,5,5,3,3,41,40
beam,8,2,glv-j0-32,40,5493255,88,88,5,5,3,3,33,29
beam,8,2,glv-j0-32,41,7663525,88,88,5,5,3,3,42,39
beam,8,2,glv-j0-32,42,15958745,124,124,7,7,4,4,65,55
beam,8,2,glv-j0-32,43,23030,114,104,6,5,4,4,33,33
beam,8,2,glv-j0-32,44,10649142,114,114,6,6,4,4,42,40
beam,8,2,glv-j0-32,45,8391221,114,114,6,6,4,4,35,42
beam,8,2,glv-j0-32,46,8071987,114,98,6,6,4,3,26,27
beam,8,2,glv-j0-32,47,22247405,114,114,6,6,4,4,35,39
beam,8,2,glv-j0-32,48,122647,78,78,4,4,3,3,24,20
beam,8,2,glv-j0-32,49,22783709,98,98,6,6,3,3,58,57
beam,8,2,glv-j0-32,50,5253753,114,104,6,5,4,4,33,35
beam,8,2,glv-j0-32,51,13514443,88,88,5,5,3,3,17,18
beam,8,2,glv-j0-32,52,9563597,88,88,5,5,3,3,33,32
beam,8,2,glv-j0-32,53,17150963,52,52,3,3,2,2,8,9
beam,8,2,glv-j0-32,54,12591836,98,98,6,6,3,3,33,29
beam,8,2,glv-j0-32,55,3466673,124,114,7,6,4,4,44,49
beam,8,2,glv-j0-32,56,20290572,98,98,6,6,3,3,51,47
beam,8,2,glv-j0-32,57,20887226,98,98,6,6,3,3,42,37
beam,8,2,glv-j0-32,58,3586798,114,104,6,5,4,4,33,31
beam,8,2,glv-j0-32,59,5046250,98,98,6,6,3,3,49,46
beam,8,2,glv-j0-32,60,6246984,114,114,6,6,4,4,42,39
beam,8,2,glv-j0-32,61,9982923,108,104,7,5,3,4,42,39
beam,8,2,glv-j0-32,62,13120819,114,114,6,6,4,4,49,43
beam,8,2,glv-j0-32,63,8699668,124,114,7,6,4,4,58,52
beam,8,2,j0-56,0,1701235640930529,268,268,15,15,8,8,165,143
beam,8,2,j0-56,1,51209531857192480,268,268,15,15,8,8,130,127
beam,8,2,j0-56,2,48599518593898289,268,268,15,15,8,8,151,143
beam,8,2,j0-56,3,27597576995578806,278,278,16,16,8,8,167,162
beam,8,2,j0-56,4,3817654454660021,268,268,15,15,8,8,142,122
beam,8,2,j0-56,5,48545827656597763,252,242,15,14,7,7,165,145
beam,8,2,j0-56,6,14288319057473904,278,278,16,16,8,8,139,141
beam,8,2,j0-56,7,30552417570233334,252,252,15,15,7,7,129,126
beam,8,2,j0-56,8,35428365444187694,304,304,17,17,9,9,160,155
beam,8,2,j0-56,9,12631911908881298,288,278,17,16,8,8,160,148
beam,8,2,j0-56,10,22206975263005101,268,268,15,15,8,8,165,144
beam,8,2,j0-56,11,1530501890144118,278,278,16,16,8,8,160,155
beam,8,2,j0-56,12,48579291596137043,278,268,16,15,8,8,144,136
beam,8,2,j0-56,13,31691155313374275,268,268,15,15,8,8,158,138
beam,8,2,j0-56,14,16075819056460500,262,262,16,16,7,7,167,143
beam,8,2,j0-56,15,32462769711762082,268,258,15,14,8,8,128,129
beam,8,2,j0-56,16,7963633318843282,278,278,16,16,8,8,181,152
beam,8,2,j0-56,17,18983786612097719,252,252,15,15,7,7,172,147
beam,8,2,j0-56,18,13288556210279355,288,278,17,16,8,8,145,143
beam,8,2,j0-56,19,4496290136107762,278,268,16,15,8,8,164,137
beam,8,2,j0-56,20,20589605919579750,246,246,16,16,6,6,144,125
beam,8,2,j0-56,21,22790144222852090,294,294,16,16,9,9,174,151
beam,8,2,j0-56,22,42340928108677318,262,262,16,16,7,7,174,150
beam,8,2,j0-56,23,25197607550421394,278,278,16,16,8,8,167,158
beam,8,2,j0-56,24,20178356449854996,268,268,15,15,8,8,165,158
beam,8,2,j0-56,25,28644864995100918,278,278,16,16,8,8,160,154
beam,8,2,j0-56,26,830492720152661,294,284,16,15,9,9,165,153
beam,8,2,j0-56,27,51066650839970376,278,278,16,16,8,8,153,153
beam,8,2,j0-56,28,7367209113137255,272,272,17,17,7,7,160,147
beam,8,2,j0-56,29,41495489534377967,278,278,16,16,8,8,167,161
beam,8,2,j0-56,30,18850207754958135,262,262,16,16,7,7,144,127
beam,8,2,j0-56,31,4845133839933892,288,284,17,15,8,9,139,132
beam,8,2,j0-56,32,5193370461102195,268,268,15,15,8,8,158,140
beam,8,2,j0-56,33,1242272748976912,268,268,15,15,8,8,137,127
beam,8,2,j0-56,34,39514372386363214,262,262,16,16,7,7,153,142
beam,8,2,j0-56,35,19675328070911641,268,268,15,15,8,8,144,138
beam,8,2,j0-56,36,41366696232866228,252,252,15,15,7,7,137,132
beam,8,2,j0-56,37,31172817672903867,278,278,16,16,8,8,174,162
beam,8,2,j0-56,38,35367915211123801,268,268,15,15,8,8,165,143
beam,8,2,j0-56,39,35071119051253254,278,278,16,16,8,8,167,160
beam,8,2,j0-56,40,9861492365136984,268,268,15,15,8,8,172,149
beam,8,2,j0-56,41,9178330123649395,288,268,17,15,8,8,138,139
beam,8,2,j0-56,42,45110651565721999,252,252,15,15,7,7,167,154
beam,8,2,j0-56,43,38793885881587753,304,304,17,17,9,9,188,162
beam,8,2,j0-56,44,20861563596356667,252,252,15,15,7,7,179,141
beam,8,2,j0-56,45,40079474742851907,278,278,16,16,8,8,158,143
beam,8,2,j0-56,46,29750184353322879,268,268,15,15,8,8,158,153
beam,8,2,j0-56,47,41775106311314461,236,226,15,14,6,6,128,123
beam,8,2,j0-56,48,30167557982534480,262,262,16,16,7,7,174,148
beam,8,2,j0-56,49,21874390231708974,242,232,14,13,7,7,125,115
beam,8,2,j0-56,50,3105461830624122,294,268,16,15,9,8,135,137
beam,8,2,j0-56,51,34493533756903583,262,262,16,16,7,7,167,149
beam,8,2,j0-56,52,10927138478287741,278,278,16,16,8,8,167,157
beam,8,2,j0-56,53,13041840988692033,242,242,14,14,7,7,126,118
beam,8,2,j0-56,54,17649820318362341,236,236,15,15,6,6,144,143
beam,8,2,j0-56,55,22002188124659772,252,252,15,15,7,7,137,130
beam,8,2,j0-56,56,19276342459370318,278,278,16,16,8,8,167,152
beam,8,2,j0-56,57,21676120109663945,294,268,16,15,9,8,167,155
beam,8,2,j0-56,58,9033696722782453,294,294,16,16,9,9,181,158
beam,8,2,j0-56,59,16406421601179465,294,268,16,15,9,8,160,154
beam,8,2,j0-56,60,27980479105654696,294,294,16,16,9,9,174,156
beam,8,2,j0-56,61,21123314884727665,278,278,16,16,8,8,151,136
beam,8,2,j0-56,62,12742782193394444,278,278,16,16,8,8,166,146
beam,8,2,j0-56,63,21396362371914551,294,284,16,15,9,9,130,123
beam,8,4,glv-j0-32,0,20566646,124,114,7,6,4,4,122,64
beam,8,4,glv-j0-32,1,7843221,114,114,6,6,4,4,83,45
beam,8,4,glv-j0-32,2,19391305,88,88,5,5,3,3,65,37
beam,8,4,glv-j0-32,3,16519870,88,88,5,5,3,3,58,37
beam,8,4,glv-j0-32,4,4668766,98,88,6,5,3,3,66,34
beam,8,4,glv-j0-32,5,22575707,108,104,7,5,3,4,76,43
beam,8,4,glv-j0-32,6,5568342,124,114,7,6,4,4,122,60
beam,8,4,glv-j0-32,7,10566719,114,98,6,6,4,3,90,45
beam,8,4,glv-j0-32,8,21158857,114,104,6,5,4,4,65,39
beam,8,4,glv-j0-32,9,19973228,124,98,7,6,4,3,90,49
beam,8,4,glv-j0-32,10,15619414,114,114,6,6,4,4,83,50
beam,8,4,glv-j0-32,11,23150076,114,104,6,5,4,4,65,35
beam,8,4,glv-j0-32,12,16695815,114,98,6,6,4,3,83,46
beam,8,4,glv-j0-32,13,2697002,88,88,5,5,3,3,82,45
beam,8,4,glv-j0-32,14,16045712,108,98,7,6,3,3,84,49
beam,8,4,glv-j0-32,15,19522544,114,114,6,6,4,4,76,46
beam,8,4,glv-j0-32,16,1231995,114,104,6,5,4,4,58,38
beam,8,4,glv-j0-32,17,3896279,98,98,6,6,3,3,90,47
beam,8,4,glv-j0-32,18,19578585,88,88,5,5,3,3,65,36
beam,8,4,glv-j0-32,19,9693278,88,88,5,5,3,3,72,38
beam,8,4,glv-j0-32,20,15330074,114,114,6,6,4,4,76,43
beam,8,4,glv-j0-32,21,6910797,114,114,6,6,4,4,83,45
beam,8,4,glv-j0-32,22,686887,98,88,6,5,3,3,59,36
beam,8,4,glv-j0-32,23,15912434,114,88,6,5,4,3,65,34
beam,8,4,glv-j0-32,24,23366634,114,104,6,5,4,4,97,48
beam,8,4,glv-j0-32,25,3318192,88,88,5,5,3,3,65,34
beam,8,4,glv-j0-32,26,8729071,114,114,6,6,4,4,90,48
beam,8,4,glv-j0-32,27,1838014,114,104,6,5,4,4,83,46
beam,8,4,glv-j0-32,28,8548248,114,104,6,5,4,4,75,47
beam,8,4,glv-j0-32,29,6586328,88,88,5,5,3,3,65,35
beam,8,4,glv-j0-32,30,15493199,88,88,5,5,3,3,83,46
beam,8,4,glv-j0-32,31,2817373,114,104,6,5,4,4,65,35
beam,8,4,glv-j0-32,32,11391268,114,88,6,5,4,3,65,38
beam,8,4,glv-j0-32,33,21542069,88,88,5,5,3,3,65,34
beam,8,4,glv-j0-32,34,3248477,98,98,6,6,3,3,97,51
beam,8,4,glv-j0-32,35,2318204,88,88,5,5,3,3,58,37
beam,8,4,glv-j0-32,36,22960880,114,104,6,5,4,4,58,34
beam,8,4,glv-j0-32,37,3622857,114,104,6,5,4,4,65,35
beam,8,4,glv-j0-32,38,3572562,114,104,6,5,4,4,65,37
beam,8,4,glv-j0-32,39,18381777,88,88,5,5,3,3,81,49
beam,8,4,glv-j0-32,40,5493255,88,88,5,5,3,3,65,33
beam,8,4,glv-j0-32,41,7663525,88,88,5,5,3,3,90,49
beam,8,4,glv-j0-32,42,15958745,124,124,7,7,4,4,129,62
beam,8,4,glv-j0-32,43,23030,114,104,6,5,4,4,58,35
beam,8,4,glv-j0-32,44,10649142,114,114,6,6,4,4,83,47
beam,8,4,glv-j0-32,45,8391221,114,114,6,6,4,4,83,48
beam,8,4,glv-j0-32,46,8071987,114,98,6,6,4,3,58,33
beam,8,4,glv-j0-32,47,22247405,114,114,6,6,4,4,83,48
beam,8,4,glv-j0-32,48,122647,78,78,4,4,3,3,33,20
beam,8,4,glv-j0-32,49,22783709,98,98,6,6,3,3,122,65
beam,8,4,glv-j0-32,50,5253753,114,104,6,5,4,4,58,37
beam,8,4,glv-j0-32,51,13514443,88,88,5,5,3,3,33,20
beam,8,4,glv-j0-32,52,9563597,88,88,5,5,3,3,65,37
beam,8,4,glv-j0-32,53,17150963,52,52,3,3,2,2,8,9
beam,8,4,glv-j0-32,54,12591836,98,98,6,6,3,3,65,33
beam,8,4,glv-j0-32,55,3466673,124,114,7,6,4,4,108,57
beam,8,4,glv-j0-32,56,20290572,98,98,6,6,3,3,115,58
beam,8,4,glv-j0-32,57,20887226,98,98,6,6,3,3,90,44
beam,8,4,glv-j0-32,58,3586798,114,104,6,5,4,4,58,33
beam,8,4,glv-j0-32,59,5046250,98,98,6,6,3,3,90,54
beam,8,4,glv-j0-32,60,6246984,114,114,6,6,4,4,83,46
beam,8,4,glv-j0-32,61,9982923,108,104,7,5,3,4,83,44
beam,8,4,glv-j0-32,62,13120819,114,114,6,6,4,4,83,49
beam,8,4,glv-j0-32,63,8699668,124,114,7,6,4,4,108,59
beam,8,4,j0-56,0,1701235640930529,268,268,15,15,8,8,322,157
beam,8,4,j0-56,1,51209531857192480,268,268,15,15,8,8,308,163
beam,8,4,j0-56,2,48599518593898289,268,268,15,15,8,8,315,167
beam,8,4,j0-56,3,27597576995578806,278,278,16,16,8,8,361,183
beam,8,4,j0-56,4,3817654454660021,268,268,15,15,8,8,304,148
beam,8,4,j0-56,5,48545827656597763,252,242,15,14,7,7,336,170
beam,8,4,j0-56,6,14288319057473904,278,278,16,16,8,8,361,181
beam,8,4,j0-56,7,30552417570233334,252,252,15,15,7,7,284,149
beam,8,4,j0-56,8,35428365444187694,304,304,17,17,9,9,361,183
beam,8,4,j0-56,9,12631911908881298,288,278,17,16,8,8,361,179
beam,8,4,j0-56,10,22206975263005101,268,268,15,15,8,8,336,169
beam,8,4,j0-56,11,1530501890144118,278,278,16,16,8,8,326,179
beam,8,4,j0-56,12,48579291596137043,278,268,16,15,8,8,336,170
beam,8,4,j0-56,13,31691155313374275,268,268,15,15,8,8,343,168
beam,8,4,j0-56,14,16075819056460500,262,262,16,16,7,7,354,171
beam,8,4,j0-56,15,32462769711762082,268,258,15,14,8,8,290,152
beam,8,4,j0-56,16,7963633318843282,278,278,16,16,8,8,347,176
beam,8,4,j0-56,17,18983786612097719,252,252,15,15,7,7,329,172
beam,8,4,j0-56,18,13288556210279355,288,278,17,16,8,8,323,170
beam,8,4,j0-56,19,4496290136107762,278,268,16,15,8,8,312,156
beam,8,4,j0-56,20,20589605919579750,246,246,16,16,6,6,315,153
beam,8,4,j0-56,21,22790144222852090,294,294,16,16,9,9,354,185
beam,8,4,j0-56,22,42340928108677318,262,262,16,16,7,7,347,180
beam,8,4,j0-56,23,25197607550421394,278,278,16,16,8,8,333,185
beam,8,4,j0-56,24,20178356449854996,268,268,15,15,8,8,329,183
beam,8,4,j0-56,25,28644864995100918,278,278,16,16,8,8,340,181
beam,8,4,j0-56,26,830492720152661,294,284,16,15,9,9,315,172
beam,8,4,j0-56,27,51066650839970376,278,278,16,16,8,8,347,180
beam,8,4,j0-56,28,7367209113137255,272,272,17,17,7,7,326,179
beam,8,4,j0-56,29,41495489534377967,278,278,16,16,8,8,340,181
beam,8,4,j0-56,30,18850207754958135,262,262,16,16,7,7,315,162
beam,8,4,j0-56,31,4845133839933892,288,288,17,17,8,8,333,173
beam,8,4,j0-56,32,5193370461102195,268,252,15,15,8,7,329,167
beam,8,4,j0-56,33,1242272748976912,268,268,15,15,8,8,315,161
beam,8,4,j0-56,34,39514372386363214,262,262,16,16,7,7,347,174
beam,8,4,j0-56,35,19675328070911641,268,268,15,15,8,8,315,166
beam,8,4,j0-56,36,41366696232866228,252,252,15,15,7,7,308,162
beam,8,4,j0-56,37,31172817672903867,278,278,16,16,8,8,374,186
beam,8,4,j0-56,38,35367915211123801,268,268,15,15,8,8,322,168
beam,8,4,j0-56,39,35071119051253254,278,278,16,16,8,8,347,183
beam,8,4,j0-56,40,9861492365136984,268,268,15,15,8,8,343,174
beam,8,4,j0-56,41,9178330123649395,288,268,17,15,8,8,316,172
beam,8,4,j0-56,42,45110651565721999,252,252,15,15,7,7,361,182
beam,8,4,j0-56,43,38793885881587753,304,304,17,17,9,9,361,183
beam,8,4,j0-56,44,20861563596356667,252,252,15,15,7,7,336,170
beam,8,4,j0-56,45,40079474742851907,278,278,16,16,8,8,329,167
beam,8,4,j0-56,46,29750184353322879,268,268,15,15,8,8,329,176
beam,8,4,j0-56,47,41775106311314461,236,226,15,14,6,6,274,149
beam,8,4,j0-56,48,30167557982534480,262,262,16,16,7,7,368,177
beam,8,4,j0-56,49,21874390231708974,242,232,14,13,7,7,279,145
beam,8,4,j0-56,50,3105461830624122,294,268,16,15,9,8,332,177
beam,8,4,j0-56,51,34493533756903583,262,262,16,16,7,7,354,174
beam,8,4,j0-56,52,10927138478287741,278,278,16,16,8,8,361,187
beam,8,4,j0-56,53,13041840988692033,242,242,14,14,7,7,279,141
beam,8,4,j0-56,54,17649820318362341,236,236,15,15,6,6,315,170
beam,8,4,j0-56,55,22002188124659772,252,252,15,15,7,7,315,163
beam,8,4,j0-56,56,19276342459370318,278,278,16,16,8,8,326,180
beam,8,4,j0-56,57,21676120109663945,294,268,16,15,9,8,368,187
beam,8,4,j0-56,58,9033696722782453,294,294,16,16,9,9,361,181
beam,8,4,j0-56,59,16406421601179465,294,268,16,15,9,8,347,182
beam,8,4,j0-56,60,27980479105654696,294,294,16,16,9,9,361,183
beam,8,4,j0-56,61,21123314884727665,278,278,16,16,8,8,308,164
beam,8,4,j0-56,62,12742782193394444,278,278,16,16,8,8,338,170
beam,8,4,j0-56,63,21396362371914551,294,284,16,15,9,9,315,158
beam,8,8,glv-j0-32,0,20566646,124,114,7,6,4,4,236,72
beam,8,8,glv-j0-32,1,7843221,114,114,6,6,4,4,172,54
beam,8,8,glv-j0-32,2,19391305,88,88,5,5,3,3,122,42
beam,8,8,glv-j0-32,3,16519870,88,88,5,5,3,3,122,41
beam,8,8,glv-j0-32,4,4668766,98,88,6,5,3,3,123,40
beam,8,8,glv-j0-32,5,22575707,108,104,7,5,3,4,165,49
beam,8,8,glv-j0-32,6,5568342,124,114,7,6,4,4,236,69
beam,8,8,glv-j0-32,7,10566719,114,98,6,6,4,3,186,53
beam,8,8,glv-j0-32,8,21158857,114,104,6,5,4,4,115,40
beam,8,8,glv-j0-32,9,19973228,124,98,7,6,4,3,179,53
beam,8,8,glv-j0-32,10,15619414,114,114,6,6,4,4,179,52
beam,8,8,glv-j0-32,11,23150076,114,104,6,5,4,4,122,39
beam,8,8,glv-j0-32,12,16695815,114,98,6,6,4,3,179,58
beam,8,8,glv-j0-32,13,2697002,88,88,5,5,3,3,162,51
beam,8,8,glv-j0-32,14,16045712,108,98,7,6,3,3,180,56
beam,8,8,glv-j0-32,15,19522544,114,114,6,6,4,4,172,51
beam,8,8,glv-j0-32,16,1231995,114,104,6,5,4,4,108,41
beam,8,8,glv-j0-32,17,3896279,98,98,6,6,3,3,179,54
beam,8,8,glv-j0-32,18,19578585,88,88,5,5,3,3,129,40
beam,8,8,glv-j0-32,19,9693278,88,88,5,5,3,3,129,39
beam,8,8,glv-j0-32,20,15330074,114,114,6,6,4,4,172,56
beam,8,8,glv-j0-32,21,6910797,114,114,6,6,4,4,179,53
beam,8,8,glv-j0-32,22,686887,98,88,6,5,3,3,123,42
beam,8,8,glv-j0-32,23,15912434,114,88,6,5,4,3,115,36
beam,8,8,glv-j0-32,24,23366634,114,104,6,5,4,4,178,52
beam,8,8,glv-j0-32,25,3318192,88,88,5,5,3,3,122,40
beam,8,8,glv-j0-32,26,8729071,114,114,6,6,4,4,179,54
beam,8,8,glv-j0-32,27,1838014,114,104,6,5,4,4,179,52
beam,8,8,glv-j0-32,28,8548248,114,104,6,5,4,4,132,48
beam,8,8,glv-j0-32,29,6586328,88,88,5,5,3,3,129,40
beam,8,8,glv-j0-32,30,15493199,88,88,5,5,3,3,172,56
beam,8,8,glv-j0-32,31,2817373,114,104,6,5,4,4,122,40
beam,8,8,glv-j0-32,32,11391268,114,88,6,5,4,3,129,41
beam,8,8,glv-j0-32,33,21542069,88,88,5,5,3,3,115,38
beam,8,8,glv-j0-32,34,3248477,98,98,6,6,3,3,179,58
beam,8,8,glv-j0-32,35,2318204,88,88,5,5,3,3,115,40
beam,8,8,glv-j0-32,36,22960880,114,104,6,5,4,4,108,39
beam,8,8,glv-j0-32,37,3622857,114,104,6,5,4,4,122,38
beam,8,8,glv-j0-32,38,3572562,114,104,6,5,4,4,122,39
beam,8,8,glv-j0-32,39,18381777,88,88,5,5,3,3,146,52
beam,8,8,glv-j0-32,40,5493255,88,88,5,5,3,3,122,39
beam,8,8,glv-j0-32,41,7663525,88,88,5,5,3,3,172,56
beam,8,8,glv-j0-32,42,15958745,124,124,7,7,4,4,250,68
beam,8,8,glv-j0-32,43,23030,114,104,6,5,4,4,115,38
beam,8,8,glv-j0-32,44,10649142,114,114,6,6,4,4,179,56
beam,8,8,glv-j0-32,45,8391221,114,114,6,6,4,4,179,53
beam,8,8,glv-j0-32,46,8071987,114,98,6,6,4,3,122,40
beam,8,8,glv-j0-32,47,22247405,114,114,6,6,4,4,179,53
beam,8,8,glv-j0-32,48,122647,78,78,4,4,3,3,65,23
beam,8,8,glv-j0-32,49,22783709,98,98,6,6,3,3,236,75
beam,8,8,glv-j0-32,50,5253753,114,104,6,5,4,4,115,41
beam,8,8,glv-j0-32,51,13514443,88,88,5,5,3,3,65,22
beam,8,8,glv-j0-32,52,9563597,88,88,5,5,3,3,115,42
beam,8,8,glv-j0-32,53,17150963,52,52,3,3,2,2,8,9
beam,8,8,glv-j0-32,54,12591836,98,98,6,6,3,3,122,40
beam,8,8,glv-j0-32,55,3466673,124,114,7,6,4,4,222,66
beam,8,8,glv-j0-32,56,20290572,98,98,6,6,3,3,236,72
beam,8,8,glv-j0-32,57,20887226,98,98,6,6,3,3,179,52
beam,8,8,glv-j0-32,58,3586798,114,104,6,5,4,4,108,37
beam,8,8,glv-j0-32,59,5046250,98,98,6,6,3,3,172,57
beam,8,8,glv-j0-32,60,6246984,114,114,6,6,4,4,172,50
beam,8,8,glv-j0-32,61,9982923,108,104,7,5,3,4,172,51
beam,8,8,glv-j0-32,62,13120819,114,114,6,6,4,4,179,58
beam,8,8,glv-j0-32,63,8699668,124,114,7,6,4,4,215,67
beam,8,8,j0-56,0,1701235640930529,268,268,15,15,8,8,692,189
beam,8,8,j0-56,1,51209531857192480,268,268,15,15,8,8,664,191
beam,8,8,j0-56,2,48599518593898289,268,268,15,15,8,8,671,196
beam,8,8,j0-56,3,27597576995578806,278,278,16,16,8,8,735,206
beam,8,8,j0-56,4,3817654454660021,268,268,15,15,8,8,614,170
beam,8,8,j0-56,5,48545827656597763,252,242,15,14,7,7,699,193
beam,8,8,j0-56,6,14288319057473904,278,278,16,16,8,8,721,209
beam,8,8,j0-56,7,30552417570233334,252,252,15,15,7,7,622,174
beam,8,8,j0-56,8,35428365444187694,304,300,17,15,9,10,742,204
beam,8,8,j0-56,9,12631911908881298,288,278,17,16,8,8,735,205
beam,8,8,j0-56,10,22206975263005101,268,268,15,15,8,8,692,200
beam,8,8,j0-56,11,1530501890144118,278,278,16,16,8,8,721,208
beam,8,8,j0-56,12,48579291596137043,278,268,16,15,8,8,685,193
beam,8,8,j0-56,13,31691155313374275,268,268,15,15,8,8,692,197
beam,8,8,j0-56,14,16075819056460500,262,262,16,16,7,7,735,202
beam,8,8,j0-56,15,32462769711762082,268,258,15,14,8,8,614,172
beam,8,8,j0-56,16,7963633318843282,278,278,16,16,8,8,742,206
beam,8,8,j0-56,17,18983786612097719,252,252,15,15,7,7,692,189
beam,8,8,j0-56,18,13288556210279355,288,278,17,16,8,8,679,186
beam,8,8,j0-56,19,4496290136107762,278,268,16,15,8,8,650,183
beam,8,8,j0-56,20,20589605919579750,246,246,16,16,6,6,664,190
beam,8,8,j0-56,21,22790144222852090,294,294,16,16,9,9,728,207
beam,8,8,j0-56,22,42340928108677318,262,262,16,16,7,7,756,218
beam,8,8,j0-56,23,25197607550421394,278,278,16,16,8,8,742,206
beam,8,8,j0-56,24,20178356449854996,268,268,15,15,8,8,678,201
beam,8,8,j0-56,25,28644864995100918,278,262,16,16,8,7,735,214
beam,8,8,j0-56,26,830492720152661,294,268,16,15,9,8,678,186
beam,8,8,j0-56,27,51066650839970376,278,278,16,16,8,8,735,208
beam,8,8,j0-56,28,7367209113137255,272,272,17,17,7,7,707,207
beam,8,8,j0-56,29,41495489534377967,278,278,16,16,8,8,728,221
beam,8,8,j0-56,30,18850207754958135,262,262,16,16,7,7,692,191
beam,8,8,j0-56,31,4845133839933892,288,284,17,15,8,9,728,201
beam,8,8,j0-56,32,5193370461102195,268,252,15,15,8,7,692,189
beam,8,8,j0-56,33,1242272748976912,268,268,15,15,8,8,671,186
beam,8,8,j0-56,34,39514372386363214,262,262,16,16,7,7,728,204
beam,8,8,j0-56,35,19675328070911641,268,268,15,15,8,8,678,187
beam,8,8,j0-56,36,41366696232866228,252,252,15,15,7,7,678,182
beam,8,8,j0-56,37,31172817672903867,278,278,16,16,8,8,751,214
beam,8,8,j0-56,38,35367915211123801,268,268,15,15,8,8,678,196
beam,8,8,j0-56,39,35071119051253254,278,278,16,16,8,8,756,207
beam,8,8,j0-56,40,9861492365136984,268,268,15,15,8,8,699,197
beam,8,8,j0-56,41,9178330123649395,288,268,17,15,8,8,679,189
beam,8,8,j0-56,42,45110651565721999,252,252,15,15,7,7,749,211
beam,8,8,j0-56,43,38793885881587753,304,304,17,17,9,9,735,205
beam,8,8,j0-56,44,20861563596356667,252,252,15,15,7,7,706,197
beam,8,8,j0-56,45,40079474742851907,278,278,16,16,8,8,685,193
beam,8,8,j0-56,46,29750184353322879,268,268,15,15,8,8,678,193
beam,8,8,j0-56,47,41775106311314461,236,226,15,14,6,6,587,172
beam,8,8,j0-56,48,30167557982534480,262,262,16,16,7,7,770,207
beam,8,8,j0-56,49,21874390231708974,242,232,14,13,7,7,539,158
beam,8,8,j0-56,50,3105461830624122,294,268,16,15,9,8,695,205
beam,8,8,j0-56,51,34493533756903583,262,262,16,16,7,7,749,204
beam,8,8,j0-56,52,10927138478287741,278,278,16,16,8,8,742,210
beam,8,8,j0-56,53,13041840988692033,242,242,14,14,7,7,578,165
beam,8,8,j0-56,54,17649820318362341,236,236,15,15,6,6,671,193
beam,8,8,j0-56,55,22002188124659772,252,252,15,15,7,7,678,193
beam,8,8,j0-56,56,19276342459370318,278,278,16,16,8,8,735,207
beam,8,8,j0-56,57,21676120109663945,294,268,16,15,9,8,777,212
beam,8,8,j0-56,58,9033696722782453,294,294,16,16,9,9,735,202
beam,8,8,j0-56,59,16406421601179465,294,268,16,15,9,8,735,206
beam,8,8,j0-56,60,27980479105654696,294,294,16,16,9,9,721,200
beam,8,8,j0-56,61,21123314884727665,278,278,16,16,8,8,671,188
beam,8,8,j0-56,62,12742782193394444,278,278,16,16,8,8,704,201
beam,8,8,j0-56,63,21396362371914551,294,284,16,15,9,9,678,190
norm,16,1,glv-j0-32,0,20566646,124,124,7,7,4,4,65,7
norm,16,1,glv-j0-32,1,7843221,114,114,6,6,4,4,49,6
norm,16,1,glv-j0-32,2,19391305,88,88,5,5,3,3,48,5
norm,16,1,glv-j0-32,3,16519870,88,88,5,5,3,3,48,5
norm,16,1,glv-j0-32,4,4668766,98,98,6,6,3,3,49,6
norm,16,1,glv-j0-32,5,22575707,108,108,7,7,3,3,64,6
norm,16,1,glv-j0-32,6,5568342,124,124,7,7,4,4,64,7
norm,16,1,glv-j0-32,7,10566719,114,114,6,6,4,4,64,6
norm,16,1,glv-j0-32,8,21158857,114,114,6,6,4,4,48,5
norm,16,1,glv-j0-32,9,19973228,124,114,7,6,4,4,49,6
norm,16,1,glv-j0-32,10,15619414,114,114,6,6,4,4,64,6
norm,16,1,glv-j0-32,11,23150076,114,114,6,6,4,4,48,5
norm,16,1,glv-j0-32,12,16695815,114,114,6,6,4,4,64,6
norm,16,1,glv-j0-32,13,2697002,88,88,5,5,3,3,48,5
norm,16,1,glv-j0-32,14,16045712,108,108,7,7,3,3,65,7
norm,16,1,glv-j0-32,15,19522544,114,114,6,6,4,4,49,6
norm,16,1,glv-j0-32,16,1231995,114,114,6,6,4,4,48,5
norm,16,1,glv-j0-32,17,3896279,98,98,6,6,3,3,64,6
norm,16,1,glv-j0-32,18,19578585,88,88,5,5,3,3,48,5
norm,16,1,glv-j0-32,19,9693278,88,88,5,5,3,3,33,4
norm,16,1,glv-j0-32,20,15330074,114,114,6,6,4,4,64,5
norm,16,1,glv-j0-32,21,6910797,114,114,6,6,4,4,49,6
norm,16,1,glv-j0-32,22,686887,98,98,6,6,3,3,33,6
norm,16,1,glv-j0-32,23,15912434,114,114,6,6,4,4,48,5
norm,16,1,glv-j0-32,24,23366634,114,114,6,6,4,4,48,5
norm,16,1,glv-j0-32,25,3318192,88,88,5,5,3,3,48,5
norm,16,1,glv-j0-32,26,8729071,114,114,6,6,4,4,64,6
norm,16,1,glv-j0-32,27,1838014,114,114,6,6,4,4,49,6
norm,16,1,glv-j0-32,28,8548248,114,104,6,5,4,4,33,6
norm,16,1,glv-j0-32,29,6586328,88,88,5,5,3,3,33,5
norm,16,1,glv-j0-32,30,15493199,88,88,5,5,3,3,64,6
norm,16,1,glv-j0-32,31,2817373,114,114,6,6,4,4,48,5
norm,16,1,glv-j0-32,32,11391268,114,114,6,6,4,4,48,5
norm,16,1,glv-j0-32,33,21542069,88,88,5,5,3,3,48,5
norm,16,1,glv-j0-32,34,3248477,98,98,6,6,3,3,49,6
norm,16,1,glv-j0-32,35,2318204,88,88,5,5,3,3,48,5
norm,16,1,glv-j0-32,36,22960880,114,114,6,6,4,4,48,5
norm,16,1,glv-j0-32,37,3622857,114,114,6,6,4,4,48,5
norm,16,1,glv-j0-32,38,3572562,114,114,6,6,4,4,48,5
norm,16,1,glv-j0-32,39,18381777,88,88,5,5,3,3,48,5
norm,16,1,glv-j0-32,40,5493255,88,88,5,5,3,3,48,5
norm,16,1,glv-j0-32,41,7663525,88,88,5,5,3,3,64,6
norm,16,1,glv-j0-32,42,15958745,124,124,7,7,4,4,65,7
norm,16,1,glv-j0-32,43,23030,114,114,6,6,4,4,48,5
norm,16,1,glv-j0-32,44,10649142,114,114,6,6,4,4,49,6
norm,16,1,glv-j0-32,45,8391221,114,114,6,6,4,4,64,6
norm,16,1,glv-j0-32,46,8071987,114,114,6,6,4,4,48,5
norm,16,1,glv-j0-32,47,22247405,114,114,6,6,4,4,49,6
norm,16,1,glv-j0-32,48,122647,78,78,4,4,3,3,32,4
norm,16,1,glv-j0-32,49,22783709,98,98,6,6,3,3,80,7
norm,16,1,glv-j0-32,50,5253753,114,114,6,6,4,4,48,5
norm,16,1,glv-j0-32,51,13514443,88,88,5,5,3,3,32,4
norm,16,1,glv-j0-32,52,9563597,88,88,5,5,3,3,33,5
norm,16,1,glv-j0-32,53,17150963,52,52,3,3,2,2,16,3
norm,16,1,glv-j0-32,54,12591836,98,98,6,6,3,3,48,5
norm,16,1,glv-j0-32,55,3466673,124,124,7,7,4,4,80,7
norm,16,1,glv-j0-32,56,20290572,98,98,6,6,3,3,80,7
norm,16,1,glv-j0-32,57,20887226,98,98,6,6,3,3,49,6
norm,16,1,glv-j0-32,58,3586798,114,114,6,6,4,4,48,5
norm,16,1,glv-j0-32,59,5046250,98,98,6,6,3,3,64,6
norm,16,1,glv-j0-32,60,6246984,114,114,6,6,4,4,64,6
norm,16,1,glv-j0-32,61,9982923,108,108,7,7,3,3,64,6
norm,16,1,glv-j0-32,62,13120819,114,114,6,6,4,4,64,6
norm,16,1,glv-j0-32,63,8699668,124,124,7,7,4,4,80,7
norm,16,1,j0-56,0,1701235640930529,268,268,15,15,8,8,178,15
norm,16,1,j0-56,1,51209531857192480,268,268,15,15,8,8,178,15
norm,16,1,j0-56,2,48599518593898289,268,268,15,15,8,8,178,15
norm,16,1,j0-56,3,27597576995578806,278,278,16,16,8,8,209,16
norm,16,1,j0-56,4,3817654454660021,268,268,15,15,8,8,162,14
norm,16,1,j0-56,5,48545827656597763,252,252,15,15,7,7,178,15
norm,16,1,j0-56,6,14288319057473904,278,278,16,16,8,8,209,16
norm,16,1,j0-56,7,30552417570233334,252,252,15,15,7,7,178,15
norm,16,1,j0-56,8,35428365444187694,304,304,17,17,9,9,179,16
norm,16,1,j0-56,9,12631911908881298,288,288,17,17,8,8,194,16
norm,16,1,j0-56,10,22206975263005101,268,268,15,15,8,8,208,15
norm,16,1,j0-56,11,1530501890144118,278,278,16,16,8,8,209,16
norm,16,1,j0-56,12,48579291596137043,278,278,16,16,8,8,118,15
norm,16,1,j0-56,13,31691155313374275,268,268,15,15,8,8,148,15
norm,16,1,j0-56,14,16075819056460500,262,262,16,16,7,7,209,16
norm,16,1,j0-56,15,32462769711762082,268,268,15,15,8,8,162,14
norm,16,1,j0-56,16,7963633318843282,278,278,16,16,8,8,179,16
norm,16,1,j0-56,17,18983786612097719,252,252,15,15,7,7,193,15
norm,16,1,j0-56,18,13288556210279355,288,288,17,17,8,8,179,16
norm,16,1,j0-56,19,4496290136107762,278,278,16,16,8,8,193,15
norm,16,1,j0-56,20,20589605919579750,246,246,16,16,6,6,163,15
norm,16,1,j0-56,21,22790144222852090,294,294,16,16,9,9,194,16
norm,16,1,j0-56,22,42340928108677318,262,262,16,16,7,7,164,16
norm,16,1,j0-56,23,25197607550421394,278,278,16,16,8,8,194,16
norm,16,1,j0-56,24,20178356449854996,268,268,15,15,8,8,208,15
norm,16,1,j0-56,25,28644864995100918,278,278,16,16,8,8,209,16
norm,16,1,j0-56,26,830492720152661,294,294,16,16,9,9,178,15
norm,16,1,j0-56,27,51066650839970376,278,278,16,16,8,8,194,16
norm,16,1,j0-56,28,7367209113137255,272,272,17,17,7,7,209,16
norm,16,1,j0-56,29,41495489534377967,278,278,16,16,8,8,148,16
norm,16,1,j0-56,30,18850207754958135,262,262,16,16,7,7,178,15
norm,16,1,j0-56,31,4845133839933892,288,288,17,17,8,8,194,16
norm,16,1,j0-56,32,5193370461102195,268,268,15,15,8,8,193,15
norm,16,1,j0-56,33,1242272748976912,268,268,15,15,8,8,208,15
norm,16,1,j0-56,34,39514372386363214,262,262,16,16,7,7,179,16
norm,16,1,j0-56,35,19675328070911641,268,268,15,15,8,8,208,15
norm,16,1,j0-56,36,41366696232866228,252,252,15,15,7,7,178,15
norm,16,1,j0-56,37,31172817672903867,278,278,16,16,8,8,208,15
norm,16,1,j0-56,38,35367915211123801,268,268,15,15,8,8,208,15
norm,16,1,j0-56,39,35071119051253254,278,278,16,16,8,8,224,16
norm,16,1,j0-56,40,9861492365136984,268,268,15,15,8,8,163,15
norm,16,1,j0-56,41,9178330123649395,288,288,17,17,8,8,194,16
norm,16,1,j0-56,42,45110651565721999,252,252,15,15,7,7,224,16
norm,16,1,j0-56,43,38793885881587753,304,304,17,17,9,9,224,16
norm,16,1,j0-56,44,20861563596356667,252,252,15,15,7,7,178,15
norm,16,1,j0-56,45,40079474742851907,278,278,16,16,8,8,178,15
norm,16,1,j0-56,46,29750184353322879,268,268,15,15,8,8,148,15
norm,16,1,j0-56,47,41775106311314461,236,236,15,15,6,6,148,15
norm,16,1,j0-56,48,30167557982534480,262,262,16,16,7,7,209,16
norm,16,1,j0-56,49,21874390231708974,242,242,14,14,7,7,146,14
norm,16,1,j0-56,50,3105461830624122,294,294,16,16,9,9,162,16
norm,16,1,j0-56,51,34493533756903583,262,262,16,16,7,7,179,16
norm,16,1,j0-56,52,10927138478287741,278,278,16,16,8,8,224,16
norm,16,1,j0-56,53,13041840988692033,242,242,14,14,7,7,161,13
norm,16,1,j0-56,54,17649820318362341,236,236,15,15,6,6,163,15
norm,16,1,j0-56,55,22002188124659772,252,252,15,15,7,7,148,15
norm,16,1,j0-56,56,19276342459370318,278,278,16,16,8,8,194,16
norm,16,1,j0-56,57,21676120109663945,294,294,16,16,9,9,179,16
norm,16,1,j0-56,58,9033696722782453,294,294,16,16,9,9,209,16
norm,16,1,j0-56,59,16406421601179465,294,294,16,16,9,9,209,16
norm,16,1,j0-56,60,27980479105654696,294,294,16,16,9,9,194,16
norm,16,1,j0-56,61,21123314884727665,278,278,16,16,8,8,178,15
norm,16,1,j0-56,62,12742782193394444,278,278,16,16,8,8,209,16
norm,16,1,j0-56,63,21396362371914551,294,294,16,16,9,9,193,15
beam,16,1,glv-j0-32,0,20566646,124,114,7,6,4,4,65,82
beam,16,1,glv-j0-32,1,7843221,114,114,6,6,4,4,49,61
beam,16,1,glv-j0-32,2,19391305,88,88,5,5,3,3,18,24
beam,16,1,glv-j0-32,3,16519870,88,88,5,5,3,3,33,41
beam,16,1,glv-j0-32,4,4668766,98,88,6,5,3,3,49,53
beam,16,1,glv-j0-32,5,22575707,108,108,7,7,3,3,34,43
beam,16,1,glv-j0-32,6,5568342,124,114,7,6,4,4,50,64
beam,16,1,glv-j0-32,7,10566719,114,114,6,6,4,4,49,56
beam,16,1,glv-j0-32,8,21158857,114,104,6,5,4,4,33,42
beam,16,1,glv-j0-32,9,19973228,124,98,7,6,4,3,34,44
beam,16,1,glv-j0-32,10,15619414,114,114,6,6,4,4,64,74
beam,16,1,glv-j0-32,11,23150076,114,104,6,5,4,4,33,41
beam,16,1,glv-j0-32,12,16695815,114,98,6,6,4,3,19,23
beam,16,1,glv-j0-32,13,2697002,88,88,5,5,3,3,34,42
beam,16,1,glv-j0-32,14,16045712,108,98,7,6,3,3,35,48
beam,16,1,glv-j0-32,15,19522544,114,114,6,6,4,4,49,61
beam,16,1,glv-j0-32,16,1231995,114,104,6,5,4,4,33,44
beam,16,1,glv-j0-32,17,3896279,98,98,6,6,3,3,34,44
beam,16,1,glv-j0-32,18,19578585,88,88,5,5,3,3,18,26
beam,16,1,glv-j0-32,19,9693278,88,88,5,5,3,3,33,40
beam,16,1,glv-j0-32,20,15330074,114,114,6,6,4,4,49,60
beam,16,1,glv-j0-32,21,6910797,114,114,6,6,4,4,34,41
beam,16,1,glv-j0-32,22,686887,98,98,6,6,3,3,34,43
beam,16,1,glv-j0-32,23,15912434,114,88,6,5,4,3,33,44
beam,16,1,glv-j0-32,24,23366634,114,104,6,5,4,4,33,48
beam,16,1,glv-j0-32,25,3318192,88,88,5,5,3,3,33,37
beam,16,1,glv-j0-32,26,8729071,114,114,6,6,4,4,34,45
beam,16,1,glv-j0-32,27,1838014,114,104,6,5,4,4,49,64
beam,16,1,glv-j0-32,28,8548248,114,98,6,6,4,3,49,58
beam,16,1,glv-j0-32,29,6586328,88,88,5,5,3,3,33,39
beam,16,1,glv-j0-32,30,15493199,88,88,5,5,3,3,34,43
beam,16,1,glv-j0-32,31,2817373,114,104,6,5,4,4,33,42
beam,16,1,glv-j0-32,32,11391268,114,88,6,5,4,3,33,42
beam,16,1,glv-j0-32,33,21542069,88,88,5,5,3,3,33,43
beam,16,1,glv-j0-32,34,3248477,98,98,6,6,3,3,49,59
beam,16,1,glv-j0-32,35,2318204,88,78,5,4,3,3,33,38
beam,16,1,glv-j0-32,36,22960880,114,104,6,5,4,4,33,45
beam,16,1,glv-j0-32,37,3622857,114,104,6,5,4,4,33,42
beam,16,1,glv-j0-32,38,3572562,114,88,6,5,4,3,33,41
beam,16,1,glv-j0-32,39,18381777,88,88,5,5,3,3,18,31
beam,16,1,glv-j0-32,40,5493255,88,88,5,5,3,3,33,37
beam,16,1,glv-j0-32,41,7663525,88,88,5,5,3,3,34,44
beam,16,1,glv-j0-32,42,15958745,124,114,7,6,4,4,50,61
beam,16,1,glv-j0-32,43,23030,114,104,6,5,4,4,33,42
beam,16,1,glv-j0-32,44,10649142,114,114,6,6,4,4,49,58
beam,16,1,glv-j0-32,45,8391221,114,114,6,6,4,4,49,63
beam,16,1,glv-j0-32,46,8071987,114,98,6,6,4,3,18,21
beam,16,1,glv-j0-32,47,22247405,114,114,6,6,4,4,49,58
beam,16,1,glv-j0-32,48,122647,78,78,4,4,3,3,32,35
beam,16,1,glv-j0-32,49,22783709,98,98,6,6,3,3,50,69
beam,16,1,glv-j0-32,50,5253753,114,104,6,5,4,4,33,46
beam,16,1,glv-j0-32,51,13514443,88,88,5,5,3,3,17,23
beam,16,1,glv-j0-32,52,9563597,88,88,5,5,3,3,33,43
beam,16,1,glv-j0-32,53,17150963,52,52,3,3,2,2,16,17
beam,16,1,glv-j0-32,54,12591836,98,98,6,6,3,3,33,36
beam,16,1,glv-j0-32,55,3466673,124,114,7,6,4,4,50,63
beam,16,1,glv-j0-32,56,20290572,98,98,6,6,3,3,35,43
beam,16,1,glv-j0-32,57,20887226,98,98,6,6,3,3,19,22
beam,16,1,glv-j0-32,58,3586798,114,88,6,5,4,3,33,47
beam,16,1,glv-j0-32,59,5046250,98,98,6,6,3,3,34,46
beam,16,1,glv-j0-32,60,6246984,114,114,6,6,4,4,34,45
beam,16,1,glv-j0-32,61,9982923,108,108,7,7,3,3,34,40
beam,16,1,glv-j0-32,62,13120819,114,114,6,6,4,4,49,61
beam,16,1,glv-j0-32,63,8699668,124,98,7,6,4,3,35,42
beam,16,1,j0-56,0,1701235640930529,268,268,15,15,8,8,118,155
beam,16,1,j0-56,1,51209531857192480,268,268,15,15,8,8,133,171
beam,16,1,j0-56,2,48599518593898289,268,268,15,15,8,8,118,153
beam,16,1,j0-56,3,27597576995578806,278,278,16,16,8,8,164,213
beam,16,1,j0-56,4,3817654454660021,268,258,15,14,8,8,102,136
beam,16,1,j0-56,5,48545827656597763,252,242,15,14,7,7,103,132
beam,16,1,j0-56,6,14288319057473904,278,278,16,16,8,8,119,151
beam,16,1,j0-56,7,30552417570233334,252,252,15,15,7,7,88,116
beam,16,1,j0-56,8,35428365444187694,304,304,17,17,9,9,134,184
beam,16,1,j0-56,9,12631911908881298,288,272,17,17,8,7,134,173
beam,16,1,j0-56,10,22206975263005101,268,268,15,15,8,8,148,192
beam,16,1,j0-56,11,1530501890144118,278,278,16,16,8,8,134,166
beam,16,1,j0-56,12,48579291596137043,278,268,16,15,8,8,103,126
beam,16,1,j0-56,13,31691155313374275,268,268,15,15,8,8,133,171
beam,16,1,j0-56,14,16075819056460500,262,252,16,15,7,7,104,139
beam,16,1,j0-56,15,32462769711762082,268,258,15,14,8,8,117,164
beam,16,1,j0-56,16,7963633318843282,278,268,16,15,8,8,119,157
beam,16,1,j0-56,17,18983786612097719,252,252,15,15,7,7,103,138
beam,16,1,j0-56,18,13288556210279355,288,278,17,16,8,8,134,173
beam,16,1,j0-56,19,4496290136107762,278,268,16,15,8,8,133,172
beam,16,1,j0-56,20,20589605919579750,246,246,16,16,6,6,103,127
beam,16,1,j0-56,21,22790144222852090,294,278,16,16,9,8,119,159
beam,16,1,j0-56,22,42340928108677318,262,262,16,16,7,7,119,148
beam,16,1,j0-56,23,25197607550421394,278,278,16,16,8,8,149,192
beam,16,1,j0-56,24,20178356449854996,268,268,15,15,8,8,148,192
beam,16,1,j0-56,25,28644864995100918,278,278,16,16,8,8,179,221
beam,16,1,j0-56,26,830492720152661,294,284,16,15,9,9,163,203
beam,16,1,j0-56,27,51066650839970376,278,278,16,16,8,8,149,198
beam,16,1,j0-56,28,7367209113137255,272,272,17,17,7,7,134,172
beam,16,1,j0-56,29,41495489534377967,278,278,16,16,8,8,149,207
beam,16,1,j0-56,30,18850207754958135,262,252,16,15,7,7,103,127
beam,16,1,j0-56,31,4845133839933892,288,288,17,17,8,8,149,177
beam,16,1,j0-56,32,5193370461102195,268,268,15,15,8,8,103,136
beam,16,1,j0-56,33,1242272748976912,268,268,15,15,8,8,133,168
beam,16,1,j0-56,34,39514372386363214,262,262,16,16,7,7,119,152
beam,16,1,j0-56,35,19675328070911641,268,268,15,15,8,8,148,186
beam,16,1,j0-56,36,41366696232866228,252,252,15,15,7,7,88,113
beam,16,1,j0-56,37,31172817672903867,278,268,16,15,8,8,148,186
beam,16,1,j0-56,38,35367915211123801,268,252,15,15,8,7,133,172
beam,16,1,j0-56,39,35071119051253254,278,278,16,16,8,8,134,178
beam,16,1,j0-56,40,9861492365136984,268,268,15,15,8,8,133,179
beam,16,1,j0-56,41,9178330123649395,288,278,17,16,8,8,134,177
beam,16,1,j0-56,42,45110651565721999,252,252,15,15,7,7,104,148
beam,16,1,j0-56,43,38793885881587753,304,304,17,17,9,9,149,194
beam,16,1,j0-56,44,20861563596356667,252,252,15,15,7,7,133,163
beam,16,1,j0-56,45,40079474742851907,278,278,16,16,8,8,148,191
beam,16,1,j0-56,46,29750184353322879,268,268,15,15,8,8,133,163
beam,16,1,j0-56,47,41775106311314461,236,226,15,14,6,6,88,125
beam,16,1,j0-56,48,30167557982534480,262,262,16,16,7,7,119,151
beam,16,1,j0-56,49,21874390231708974,242,232,14,13,7,7,131,161
beam,16,1,j0-56,50,3105461830624122,294,268,16,15,9,8,102,152
beam,16,1,j0-56,51,34493533756903583,262,252,16,15,7,7,104,136
beam,16,1,j0-56,52,10927138478287741,278,278,16,16,8,8,149,193
beam,16,1,j0-56,53,13041840988692033,242,242,14,14,7,7,116,141
beam,16,1,j0-56,54,17649820318362341,236,236,15,15,6,6,118,141
beam,16,1,j0-56,55,22002188124659772,252,252,15,15,7,7,118,150
beam,16,1,j0-56,56,19276342459370318,278,278,16,16,8,8,149,186
beam,16,1,j0-56,57,21676120109663945,294,252,16,15,9,7,104,147
beam,16,1,j0-56,58,9033696722782453,294,294,16,16,9,9,149,184
beam,16,1,j0-56,59,16406421601179465,294,268,16,15,9,8,134,175
beam,16,1,j0-56,60,27980479105654696,294,268,16,15,9,8,119,150
beam,16,1,j0-56,61,21123314884727665,278,278,16,16,8,8,133,171
beam,16,1,j0-56,62,12742782193394444,278,262,16,16,8,7,87,113
beam,16,1,j0-56,63,21396362371914551,294,284,16,15,9,9,133,173
beam,16,2,glv-j0-32,0,20566646,124,114,7,6,4,4,114,96
beam,16,2,glv-j0-32,1,7843221,114,114,6,6,4,4,67,73
beam,16,2,glv-j0-32,2,19391305,88,88,5,5,3,3,35,43
beam,16,2,glv-j0-32,3,16519870,88,88,5,5,3,3,65,58
beam,16,2,glv-j0-32,4,4668766,98,88,6,5,3,3,51,53
beam,16,2,glv-j0-32,5,22575707,108,104,7,5,3,4,67,63
beam,16,2,glv-j0-32,6,5568342,124,114,7,6,4,4,99,83
beam,16,2,glv-j0-32,7,10566719,114,114,6,6,4,4,97,74
beam,16,2,glv-j0-32,8,21158857,114,104,6,5,4,4,50,43
beam,16,2,glv-j0-32,9,19973228,124,98,7,6,4,3,67,59
beam,16,2,glv-j0-32,10,15619414,114,104,6,5,4,4,82,78
beam,16,2,glv-j0-32,11,23150076,114,104,6,5,4,4,65,55
beam,16,2,glv-j0-32,12,16695815,114,98,6,6,4,3,67,73
beam,16,2,glv-j0-32,13,2697002,88,88,5,5,3,3,67,57
beam,16,2,glv-j0-32,14,16045712,108,98,7,6,3,3,68,68
beam,16,2,glv-j0-32,15,19522544,114,114,6,6,4,4,82,65
beam,16,2,glv-j0-32,16,1231995,114,104,6,5,4,4,50,46
beam,16,2,glv-j0-32,17,3896279,98,98,6,6,3,3,82,76
beam,16,2,glv-j0-32,18,19578585,88,88,5,5,3,3,35,41
beam,16,2,glv-j0-32,19,9693278,88,88,5,5,3,3,65,56
beam,16,2,glv-j0-32,20,15330074,114,114,6,6,4,4,67,62
beam,16,2,glv-j0-32,21,6910797,114,114,6,6,4,4,82,71
beam,16,2,glv-j0-32,22,686887,98,98,6,6,3,3,66,58
beam,16,2,glv-j0-32,23,15912434,114,88,6,5,4,3,65,55
beam,16,2,glv-j0-32,24,23366634,114,104,6,5,4,4,67,70
beam,16,2,glv-j0-32,25,3318192,88,88,5,5,3,3,65,54
beam,16,2,glv-j0-32,26,8729071,114,114,6,6,4,4,67,70
beam,16,2,glv-j0-32,27,1838014,114,104,6,5,4,4,97,82
beam,16,2,glv-j0-32,28,8548248,114,98,6,6,4,3,82,72
beam,16,2,glv-j0-32,29,6586328,88,88,5,5,3,3,50,53
beam,16,2,glv-j0-32,30,15493199,88,88,5,5,3,3,67,61
beam,16,2,glv-j0-32,31,2817373,114,104,6,5,4,4,50,44
beam,16,2,glv-j0-32,32,11391268,114,88,6,5,4,3,65,56
beam,16,2,glv-j0-32,33,21542069,88,88,5,5,3,3,65,59
beam,16,2,glv-j0-32,34,3248477,98,98,6,6,3,3,67,75
beam,16,2,glv-j0-32,35,2318204,88,78,5,4,3,3,65,58
beam,16,2,glv-j0-32,36,22960880,114,104,6,5,4,4,50,46
beam,16,2,glv-j0-32,37,3622857,114,104,6,5,4,4,50,45
beam,16,2,glv-j0-32,38,3572562,114,88,6,5,4,3,65,59
beam,16,2,glv-j0-32,39,18381777,88,88,5,5,3,3,82,78
beam,16,2,glv-j0-32,40,5493255,88,88,5,5,3,3,65,54
beam,16,2,glv-j0-32,41,7663525,88,88,5,5,3,3,37,44
beam,16,2,glv-j0-32,42,15958745,124,114,7,6,4,4,69,62
beam,16,2,glv-j0-32,43,23030,114,104,6,5,4,4,50,46
beam,16,2,glv-j0-32,44,10649142,114,114,6,6,4,4,82,74
beam,16,2,glv-j0-32,45,8391221,114,114,6,6,4,4,82,77
beam,16,2,glv-j0-32,46,8071987,114,98,6,6,4,3,50,51
beam,16,2,glv-j0-32,47,22247405,114,114,6,6,4,4,67,71
beam,16,2,glv-j0-32,48,122647,78,78,4,4,3,3,48,36
beam,16,2,glv-j0-32,49,22783709,98,98,6,6,3,3,84,84
beam,16,2,glv-j0-32,50,5253753,114,104,6,5,4,4,50,47
beam,16,2,glv-j0-32,51,13514443,88,88,5,5,3,3,33,37
beam,16,2,glv-j0-32,52,9563597,88,88,5,5,3,3,50,57
beam,16,2,glv-j0-32,53,17150963,52,52,3,3,2,2,16,17
beam,16,2,glv-j0-32,54,12591836,98,98,6,6,3,3,65,55
beam,16,2,glv-j0-32,55,3466673,124,114,7,6,4,4,84,66
beam,16,2,glv-j0-32,56,20290572,98,98,6,6,3,3,99,93
beam,16,2,glv-j0-32,57,20887226,98,98,6,6,3,3,52,56
beam,16,2,glv-j0-32,58,3586798,114,88,6,5,4,3,80,62
beam,16,2,glv-j0-32,59,5046250,98,98,6,6,3,3,82,78
beam,16,2,glv-j0-32,60,6246984,114,114,6,6,4,4,67,60
beam,16,2,glv-j0-32,61,9982923,108,104,7,5,3,4,82,73
beam,16,2,glv-j0-32,62,13120819,114,114,6,6,4,4,97,77
beam,16,2,glv-j0-32,63,8699668,124,98,7,6,4,3,99,94
beam,16,2,j0-56,0,1701235640930529,268,268,15,15,8,8,235,201
beam,16,2,j0-56,1,51209531857192480,268,268,15,15,8,8,280,249
beam,16,2,j0-56,2,48599518593898289,268,268,15,15,8,8,220,211
beam,16,2,j0-56,3,27597576995578806,278,268,16,15,8,8,267,246
beam,16,2,j0-56,4,3817654454660021,268,258,15,14,8,8,233,211
beam,16,2,j0-56,5,48545827656597763,252,242,15,14,7,7,235,222
beam,16,2,j0-56,6,14288319057473904,278,278,16,16,8,8,252,209
beam,16,2,j0-56,7,30552417570233334,252,252,15,15,7,7,219,217
beam,16,2,j0-56,8,35428365444187694,304,294,17,16,9,9,237,221
beam,16,2,j0-56,9,12631911908881298,288,272,17,17,8,7,297,259
beam,16,2,j0-56,10,22206975263005101,268,268,15,15,8,8,295,258
beam,16,2,j0-56,11,1530501890144118,278,278,16,16,8,8,297,266
beam,16,2,j0-56,12,48579291596137043,278,268,16,15,8,8,250,233
beam,16,2,j0-56,13,31691155313374275,268,268,15,15,8,8,280,245
beam,16,2,j0-56,14,16075819056460500,262,252,16,15,7,7,237,231
beam,16,2,j0-56,15,32462769711762082,268,258,15,14,8,8,203,174
beam,16,2,j0-56,16,7963633318843282,278,278,16,16,8,8,297,251
beam,16,2,j0-56,17,18983786612097719,252,252,15,15,7,7,250,214
beam,16,2,j0-56,18,13288556210279355,288,268,17,15,8,8,236,224
beam,16,2,j0-56,19,4496290136107762,278,268,16,15,8,8,294,252
beam,16,2,j0-56,20,20589605919579750,246,246,16,16,6,6,250,231
beam,16,2,j0-56,21,22790144222852090,294,278,16,16,9,8,267,231
beam,16,2,j0-56,22,42340928108677318,262,262,16,16,7,7,252,235
beam,16,2,j0-56,23,25197607550421394,278,278,16,16,8,8,267,229
beam,16,2,j0-56,24,20178356449854996,268,268,15,15,8,8,250,231
beam,16,2,j0-56,25,28644864995100918,278,278,16,16,8,8,282,259
beam,16,2,j0-56,26,830492720152661,294,284,16,15,9,9,265,239
beam,16,2,j0-56,27,51066650839970376,278,278,16,16,8,8,297,267
beam,16,2,j0-56,28,7367209113137255,272,272,17,17,7,7,282,257
beam,16,2,j0-56,29,41495489534377967,278,278,16,16,8,8,312,274
beam,16,2,j0-56,30,18850207754958135,262,252,16,15,7,7,220,195
beam,16,2,j0-56,31,4845133839933892,288,288,17,17,8,8,282,245
beam,16,2,j0-56,32,5193370461102195,268,268,15,15,8,8,265,241
beam,16,2,j0-56,33,1242272748976912,268,268,15,15,8,8,250,228
beam,16,2,j0-56,34,39514372386363214,262,262,16,16,7,7,312,260
beam,16,2,j0-56,35,19675328070911641,268,268,15,15,8,8,205,195
beam,16,2,j0-56,36,41366696232866228,252,252,15,15,7,7,220,211
beam,16,2,j0-56,37,31172817672903867,278,268,16,15,8,8,342,280
beam,16,2,j0-56,38,35367915211123801,268,252,15,15,8,7,280,253
beam,16,2,j0-56,39,35071119051253254,278,278,16,16,8,8,297,249
beam,16,2,j0-56,40,9861492365136984,268,268,15,15,8,8,235,222
beam,16,2,j0-56,41,9178330123649395,288,268,17,15,8,8,251,234
beam,16,2,j0-56,42,45110651565721999,252,252,15,15,7,7,267,258
beam,16,2,j0-56,43,38793885881587753,304,304,17,17,9,9,312,257
beam,16,2,j0-56,44,20861563596356667,252,252,15,15,7,7,265,242
beam,16,2,j0-56,45,40079474742851907,278,278,16,16,8,8,250,237
beam,16,2,j0-56,46,29750184353322879,268,268,15,15,8,8,265,244
beam,16,2,j0-56,47,41775106311314461,236,226,15,14,6,6,218,192
beam,16,2,j0-56,48,30167557982534480,262,262,16,16,7,7,297,242
beam,16,2,j0-56,49,21874390231708974,242,232,14,13,7,7,200,172
beam,16,2,j0-56,50,3105461830624122,294,262,16,16,9,7,282,245
beam,16,2,j0-56,51,34493533756903583,262,252,16,15,7,7,252,211
beam,16,2,j0-56,52,10927138478287741,278,278,16,16,8,8,297,276
beam,16,2,j0-56,53,13041840988692033,242,242,14,14,7,7,216,185
beam,16,2,j0-56,54,17649820318362341,236,236,15,15,6,6,235,217
beam,16,2,j0-56,55,22002188124659772,252,252,15,15,7,7,280,237
beam,16,2,j0-56,56,19276342459370318,278,278,16,16,8,8,282,257
beam,16,2,j0-56,57,21676120109663945,294,268,16,15,9,8,267,227
beam,16,2,j0-56,58,9033696722782453,294,294,16,16,9,9,297,245
beam,16,2,j0-56,59,16406421601179465,294,268,16,15,9,8,282,233
beam,16,2,j0-56,60,27980479105654696,294,268,16,15,9,8,252,209
beam,16,2,j0-56,61,21123314884727665,278,268,16,15,8,8,265,243
beam,16,2,j0-56,62,12742782193394444,278,262,16,16,8,7,282,245
beam,16,2,j0-56,63,21396362371914551,294,284,16,15,9,9,220,198
beam,16,4,glv-j0-32,0,20566646,124,114,7,6,4,4,197,111
beam,16,4,glv-j0-32,1,7843221,114,114,6,6,4,4,148,83
beam,16,4,glv-j0-32,2,19391305,88,88,5,5,3,3,99,59
beam,16,4,glv-j0-32,3,16519870,88,88,5,5,3,3,129,63
beam,16,4,glv-j0-32,4,4668766,98,88,6,5,3,3,100,64
beam,16,4,glv-j0-32,5,22575707,108,104,7,5,3,4,148,85
beam,16,4,glv-j0-32,6,5568342,124,114,7,6,4,4,197,104
beam,16,4,glv-j0-32,7,10566719,114,114,6,6,4,4,163,81
beam,16,4,glv-j0-32,8,21158857,114,104,6,5,4,4,99,58
beam,16,4,glv-j0-32,9,19973228,124,98,7,6,4,3,133,79
beam,16,4,glv-j0-32,10,15619414,114,104,6,5,4,4,148,85
beam,16,4,glv-j0-32,11,23150076,114,104,6,5,4,4,114,61
beam,16,4,glv-j0-32,12,16695815,114,98,6,6,4,3,163,84
beam,16,4,glv-j0-32,13,2697002,88,88,5,5,3,3,163,81
beam,16,4,glv-j0-32,14,16045712,108,98,7,6,3,3,149,85
beam,16,4,glv-j0-32,15,19522544,114,114,6,6,4,4,148,78
beam,16,4,glv-j0-32,16,1231995,114,104,6,5,4,4,114,66
beam,16,4,glv-j0-32,17,3896279,98,98,6,6,3,3,163,83
beam,16,4,glv-j0-32,18,19578585,88,88,5,5,3,3,99,60
beam,16,4,glv-j0-32,19,9693278,88,88,5,5,3,3,99,62
beam,16,4,glv-j0-32,20,15330074,114,114,6,6,4,4,133,79
beam,16,4,glv-j0-32,21,6910797,114,114,6,6,4,4,163,82
beam,16,4,glv-j0-32,22,686887,98,88,6,5,3,3,115,64
beam,16,4,glv-j0-32,23,15912434,114,88,6,5,4,3,129,63
beam,16,4,glv-j0-32,24,23366634,114,104,6,5,4,4,133,80
beam,16,4,glv-j0-32,25,3318192,88,88,5,5,3,3,129,62
beam,16,4,glv-j0-32,26,8729071,114,114,6,6,4,4,163,86
beam,16,4,glv-j0-32,27,1838014,114,104,6,5,4,4,148,90
beam,16,4,glv-j0-32,28,8548248,114,98,6,6,4,3,133,76
beam,16,4,glv-j0-32,29,6586328,88,88,5,5,3,3,99,61
beam,16,4,glv-j0-32,30,15493199,88,88,5,5,3,3,163,81
beam,16,4,glv-j0-32,31,2817373,114,104,6,5,4,4,114,62
beam,16,4,glv-j0-32,32,11391268,114,88,6,5,4,3,114,62
beam,16,4,glv-j0-32,33,21542069,88,88,5,5,3,3,114,64
beam,16,4,glv-j0-32,34,3248477,98,98,6,6,3,3,163,82
beam,16,4,glv-j0-32,35,2318204,88,78,5,4,3,3,114,64
beam,16,4,glv-j0-32,36,22960880,114,104,6,5,4,4,99,58
beam,16,4,glv-j0-32,37,3622857,114,104,6,5,4,4,114,61
beam,16,4,glv-j0-32,38,3572562,114,88,6,5,4,3,129,64
beam,16,4,glv-j0-32,39,18381777,88,88,5,5,3,3,163,87
beam,16,4,glv-j0-32,40,5493255,88,88,5,5,3,3,129,64
beam,16,4,glv-j0-32,41,7663525,88,88,5,5,3,3,148,86
beam,16,4,glv-j0-32,42,15958745,124,114,7,6,4,4,152,94
beam,16,4,glv-j0-32,43,23030,114,104,6,5,4,4,99,56
beam,16,4,glv-j0-32,44,10649142,114,114,6,6,4,4,163,81
beam,16,4,glv-j0-32,45,8391221,114,114,6,6,4,4,163,90
beam,16,4,glv-j0-32,46,8071987,114,98,6,6,4,3,114,64
beam,16,4,glv-j0-32,47,22247405,114,114,6,6,4,4,133,80
beam,16,4,glv-j0-32,48,122647,78,78,4,4,3,3,80,39
beam,16,4,glv-j0-32,49,22783709,98,98,6,6,3,3,182,106
beam,16,4,glv-j0-32,50,5253753,114,104,6,5,4,4,99,61
beam,16,4,glv-j0-32,51,13514443,88,88,5,5,3,3,65,39
beam,16,4,glv-j0-32,52,9563597,88,88,5,5,3,3,114,63
beam,16,4,glv-j0-32,53,17150963,52,52,3,3,2,2,16,17
beam,16,4,glv-j0-32,54,12591836,98,98,6,6,3,3,114,64
beam,16,4,glv-j0-32,55,3466673,124,114,7,6,4,4,182,101
beam,16,4,glv-j0-32,56,20290572,98,98,6,6,3,3,227,106
beam,16,4,glv-j0-32,57,20887226,98,98,6,6,3,3,148,78
beam,16,4,glv-j0-32,58,3586798,114,88,6,5,4,3,129,64
beam,16,4,glv-j0-32,59,5046250,98,98,6,6,3,3,163,86
beam,16,4,glv-j0-32,60,6246984,114,114,6,6,4,4,148,80
beam,16,4,glv-j0-32,61,9982923,108,104,7,5,3,4,163,81
beam,16,4,glv-j0-32,62,13120819,114,114,6,6,4,4,178,88
beam,16,4,glv-j0-32,63,8699668,124,98,7,6,4,3,227,109
beam,16,4,j0-56,0,1701235640930529,268,268,15,15,8,8,544,276
beam,16,4,j0-56,1,51209531857192480,268,268,15,15,8,8,559,283
beam,16,4,j0-56,2,48599518593898289,268,268,15,15,8,8,529,291
beam,16,4,j0-56,3,27597576995578806,278,268,16,15,8,8,608,309
beam,16,4,j0-56,4,3817654454660021,268,258,15,14,8,8,480,261
beam,16,4,j0-56,5,48545827656597763,252,242,15,14,7,7,574,279
beam,16,4,j0-56,6,14288319057473904,278,278,16,16,8,8,593,302
beam,16,4,j0-56,7,30552417570233334,252,252,15,15,7,7,571,266
beam,16,4,j0-56,8,35428365444187694,304,284,17,15,9,9,578,304
beam,16,4,j0-56,9,12631911908881298,288,272,17,17,8,7,608,322
beam,16,4,j0-56,10,22206975263005101,268,268,15,15,8,8,604,304
beam,16,4,j0-56,11,1530501890144118,278,278,16,16,8,8,608,327
beam,16,4,j0-56,12,48579291596137043,278,268,16,15,8,8,604,297
beam,16,4,j0-56,13,31691155313374275,268,268,15,15,8,8,559,288
beam,16,4,j0-56,14,16075819056460500,262,252,16,15,7,7,608,295
beam,16,4,j0-56,15,32462769711762082,268,258,15,14,8,8,495,262
beam,16,4,j0-56,16,7963633318843282,278,268,16,15,8,8,638,317
beam,16,4,j0-56,17,18983786612097719,252,252,15,15,7,7,529,270
beam,16,4,j0-56,18,13288556210279355,288,268,17,15,8,8,530,275
beam,16,4,j0-56,19,4496290136107762,278,268,16,15,8,8,571,283
beam,16,4,j0-56,20,20589605919579750,246,246,16,16,6,6,544,275
beam,16,4,j0-56,21,22790144222852090,294,278,16,16,9,8,623,315
beam,16,4,j0-56,22,42340928108677318,262,252,16,15,7,7,593,311
beam,16,4,j0-56,23,25197607550421394,278,278,16,16,8,8,608,308
beam,16,4,j0-56,24,20178356449854996,268,268,15,15,8,8,559,275
beam,16,4,j0-56,25,28644864995100918,278,278,16,16,8,8,653,337
beam,16,4,j0-56,26,830492720152661,294,284,16,15,9,9,559,273
beam,16,4,j0-56,27,51066650839970376,278,278,16,16,8,8,653,326
beam,16,4,j0-56,28,7367209113137255,272,272,17,17,7,7,608,311
beam,16,4,j0-56,29,41495489534377967,278,278,16,16,8,8,653,317
beam,16,4,j0-56,30,18850207754958135,262,252,16,15,7,7,559,286
beam,16,4,j0-56,31,4845133839933892,288,284,17,15,8,9,563,295
beam,16,4,j0-56,32,5193370461102195,268,268,15,15,8,8,589,288
beam,16,4,j0-56,33,1242272748976912,268,268,15,15,8,8,589,294
beam,16,4,j0-56,34,39514372386363214,262,262,16,16,7,7,623,301
beam,16,4,j0-56,35,19675328070911641,268,268,15,15,8,8,514,277
beam,16,4,j0-56,36,41366696232866228,252,252,15,15,7,7,499,270
beam,16,4,j0-56,37,31172817672903867,278,268,16,15,8,8,623,305
beam,16,4,j0-56,38,35367915211123801,268,252,15,15,8,7,619,294
beam,16,4,j0-56,39,35071119051253254,278,278,16,16,8,8,623,316
beam,16,4,j0-56,40,9861492365136984,268,268,15,15,8,8,589,291
beam,16,4,j0-56,41,9178330123649395,288,268,17,15,8,8,485,272
beam,16,4,j0-56,42,45110651565721999,252,252,15,15,7,7,638,316
beam,16,4,j0-56,43,38793885881587753,304,294,17,16,9,9,593,305
beam,16,4,j0-56,44,20861563596356667,252,252,15,15,7,7,619,300
beam,16,4,j0-56,45,40079474742851907,278,278,16,16,8,8,621,317
beam,16,4,j0-56,46,29750184353322879,268,268,15,15,8,8,559,293
beam,16,4,j0-56,47,41775106311314461,236,226,15,14,6,6,493,242
beam,16,4,j0-56,48,30167557982534480,262,262,16,16,7,7,623,303
beam,16,4,j0-56,49,21874390231708974,242,232,14,13,7,7,507,253
beam,16,4,j0-56,50,3105461830624122,294,262,16,16,9,7,623,316
beam,16,4,j0-56,51,34493533756903583,262,252,16,15,7,7,623,298
beam,16,4,j0-56,52,10927138478287741,278,278,16,16,8,8,653,319
beam,16,4,j0-56,53,13041840988692033,242,242,14,14,7,7,506,253
beam,16,4,j0-56,54,17649820318362341,236,220,15,15,6,5,574,282
beam,16,4,j0-56,55,22002188124659772,252,252,15,15,7,7,574,290
beam,16,4,j0-56,56,19276342459370318,278,278,16,16,8,8,638,317
beam,16,4,j0-56,57,21676120109663945,294,268,16,15,9,8,623,305
beam,16,4,j0-56,58,9033696722782453,294,294,16,16,9,9,593,303
beam,16,4,j0-56,59,16406421601179465,294,268,16,15,9,8,563,294
beam,16,4,j0-56,60,27980479105654696,294,268,16,15,9,8,578,300
beam,16,4,j0-56,61,21123314884727665,278,268,16,15,8,8,529,273
beam,16,4,j0-56,62,12742782193394444,278,262,16,16,8,7,608,292
beam,16,4,j0-56,63,21396362371914551,294,284,16,15,9,9,559,281
beam,16,8,glv-j0-32,0,20566646,124,114,7,6,4,4,423,121
beam,16,8,glv-j0-32,1,7843221,114,114,6,6,4,4,325,96
beam,16,8,glv-j0-32,2,19391305,88,88,5,5,3,3,227,66
beam,16,8,glv-j0-32,3,16519870,88,88,5,5,3,3,242,65
beam,16,8,glv-j0-32,4,4668766,98,88,6,5,3,3,228,72
beam,16,8,glv-j0-32,5,22575707,108,104,7,5,3,4,340,98
beam,16,8,glv-j0-32,6,5568342,124,114,7,6,4,4,423,120
beam,16,8,glv-j0-32,7,10566719,114,114,6,6,4,4,325,94
beam,16,8,glv-j0-32,8,21158857,114,104,6,5,4,4,212,70
beam,16,8,glv-j0-32,9,19973228,124,98,7,6,4,3,295,89
beam,16,8,glv-j0-32,10,15619414,114,104,6,5,4,4,325,96
beam,16,8,glv-j0-32,11,23150076,114,104,6,5,4,4,227,69
beam,16,8,glv-j0-32,12,16695815,114,98,6,6,4,3,355,95
beam,16,8,glv-j0-32,13,2697002,88,88,5,5,3,3,309,87
beam,16,8,glv-j0-32,14,16045712,108,98,7,6,3,3,341,97
beam,16,8,glv-j0-32,15,19522544,114,114,6,6,4,4,325,89
beam,16,8,glv-j0-32,16,1231995,114,104,6,5,4,4,227,70
beam,16,8,glv-j0-32,17,3896279,98,98,6,6,3,3,340,96
beam,16,8,glv-j0-32,18,19578585,88,88,5,5,3,3,227,66
beam,16,8,glv-j0-32,19,9693278,88,88,5,5,3,3,227,68
beam,16,8,glv-j0-32,20,15330074,114,114,6,6,4,4,325,96
beam,16,8,glv-j0-32,21,6910797,114,114,6,6,4,4,340,90
beam,16,8,glv-j0-32,22,686887,98,88,6,5,3,3,243,70
beam,16,8,glv-j0-32,23,15912434,114,88,6,5,4,3,257,72
beam,16,8,glv-j0-32,24,23366634,114,104,6,5,4,4,310,91
beam,16,8,glv-j0-32,25,3318192,88,88,5,5,3,3,227,67
beam,16,8,glv-j0-32,26,8729071,114,114,6,6,4,4,340,96
beam,16,8,glv-j0-32,27,1838014,114,104,6,5,4,4,325,100
beam,16,8,glv-j0-32,28,8548248,114,98,6,6,4,3,325,95
beam,16,8,glv-j0-32,29,6586328,88,88,5,5,3,3,212,71
beam,16,8,glv-j0-32,30,15493199,88,88,5,5,3,3,310,92
beam,16,8,glv-j0-32,31,2817373,114,104,6,5,4,4,227,71
beam,16,8,glv-j0-32,32,11391268,114,88,6,5,4,3,227,68
beam,16,8,glv-j0-32,33,21542069,88,88,5,5,3,3,242,67
beam,16,8,glv-j0-32,34,3248477,98,98,6,6,3,3,340,90
beam,16,8,glv-j0-32,35,2318204,88,78,5,4,3,3,227,69
beam,16,8,glv-j0-32,36,22960880,114,104,6,5,4,4,227,70
beam,16,8,glv-j0-32,37,3622857,114,104,6,5,4,4,227,68
beam,16,8,glv-j0-32,38,3572562,114,88,6,5,4,3,242,70
beam,16,8,glv-j0-32,39,18381777,88,88,5,5,3,3,339,95
beam,16,8,glv-j0-32,40,5493255,88,88,5,5,3,3,242,70
beam,16,8,glv-j0-32,41,7663525,88,88,5,5,3,3,340,93
beam,16,8,glv-j0-32,42,15958745,124,114,7,6,4,4,378,116
beam,16,8,glv-j0-32,43,23030,114,104,6,5,4,4,227,65
beam,16,8,glv-j0-32,44,10649142,114,114,6,6,4,4,310,93
beam,16,8,glv-j0-32,45,8391221,114,114,6,6,4,4,340,94
beam,16,8,glv-j0-32,46,8071987,114,98,6,6,4,3,227,67
beam,16,8,glv-j0-32,47,22247405,114,114,6,6,4,4,295,95
beam,16,8,glv-j0-32,48,122647,78,78,4,4,3,3,129,41
beam,16,8,glv-j0-32,49,22783709,98,98,6,6,3,3,438,123
beam,16,8,glv-j0-32,50,5253753,114,104,6,5,4,4,227,65
beam,16,8,glv-j0-32,51,13514443,88,88,5,5,3,3,129,42
beam,16,8,glv-j0-32,52,9563597,88,88,5,5,3,3,227,68
beam,16,8,glv-j0-32,53,17150963,52,52,3,3,2,2,16,17
beam,16,8,glv-j0-32,54,12591836,98,98,6,6,3,3,227,66
beam,16,8,glv-j0-32,55,3466673,124,114,7,6,4,4,423,121
beam,16,8,glv-j0-32,56,20290572,98,98,6,6,3,3,468,116
beam,16,8,glv-j0-32,57,20887226,98,98,6,6,3,3,340,91
beam,16,8,glv-j0-32,58,3586798,114,88,6,5,4,3,257,69
beam,16,8,glv-j0-32,59,5046250,98,98,6,6,3,3,340,97
beam,16,8,glv-j0-32,60,6246984,114,114,6,6,4,4,325,97
beam,16,8,glv-j0-32,61,9982923,108,104,7,5,3,4,310,87
beam,16,8,glv-j0-32,62,13120819,114,114,6,6,4,4,325,93
beam,16,8,glv-j0-32,63,8699668,124,98,7,6,4,3,468,120
beam,16,8,j0-56,0,1701235640930529,268,268,15,15,8,8,1207,322
beam,16,8,j0-56,1,51209531857192480,268,268,15,15,8,8,1237,328
beam,16,8,j0-56,2,48599518593898289,268,268,15,15,8,8,1207,335
beam,16,8,j0-56,3,27597576995578806,278,268,16,15,8,8,1320,349
beam,16,8,j0-56,4,3817654454660021,268,258,15,14,8,8,1079,296
beam,16,8,j0-56,5,48545827656597763,252,242,15,14,7,7,1297,321
beam,16,8,j0-56,6,14288319057473904,278,278,16,16,8,8,1395,354
beam,16,8,j0-56,7,30552417570233334,252,252,15,15,7,7,1200,298
beam,16,8,j0-56,8,35428365444187694,304,268,17,15,9,8,1335,348
beam,16,8,j0-56,9,12631911908881298,288,272,17,17,8,7,1410,368
beam,16,8,j0-56,10,22206975263005101,268,268,15,15,8,8,1312,336
beam,16,8,j0-56,11,1530501890144118,278,278,16,16,8,8,1350,370
beam,16,8,j0-56,12,48579291596137043,278,268,16,15,8,8,1282,337
beam,16,8,j0-56,13,31691155313374275,268,268,15,15,8,8,1237,341
beam,16,8,j0-56,14,16075819056460500,262,252,16,15,7,7,1395,339
beam,16,8,j0-56,15,32462769711762082,268,258,15,14,8,8,1199,296
beam,16,8,j0-56,16,7963633318843282,278,268,16,15,8,8,1335,360
beam,16,8,j0-56,17,18983786612097719,252,252,15,15,7,7,1207,315
beam,16,8,j0-56,18,13288556210279355,288,268,17,15,8,8,1148,323
beam,16,8,j0-56,19,4496290136107762,278,268,16,15,8,8,1200,310
beam,16,8,j0-56,20,20589605919579750,246,246,16,16,6,6,1237,325
beam,16,8,j0-56,21,22790144222852090,294,278,16,16,9,8,1350,367
beam,16,8,j0-56,22,42340928108677318,262,252,16,15,7,7,1350,350
beam,16,8,j0-56,23,25197607550421394,278,278,16,16,8,8,1335,348
beam,16,8,j0-56,24,20178356449854996,268,268,15,15,8,8,1192,334
beam,16,8,j0-56,25,28644864995100918,278,262,16,16,8,7,1365,364
beam,16,8,j0-56,26,830492720152661,294,284,16,15,9,9,1252,332
beam,16,8,j0-56,27,51066650839970376,278,268,16,15,8,8,1350,347
beam,16,8,j0-56,28,7367209113137255,272,272,17,17,7,7,1365,352
beam,16,8,j0-56,29,41495489534377967,278,268,16,15,8,8,1335,362
beam,16,8,j0-56,30,18850207754958135,262,236,16,15,7,6,1252,316
beam,16,8,j0-56,31,4845133839933892,288,284,17,15,8,9,1335,343
beam,16,8,j0-56,32,5193370461102195,268,268,15,15,8,8,1327,326
beam,16,8,j0-56,33,1242272748976912,268,268,15,15,8,8,1282,328
beam,16,8,j0-56,34,39514372386363214,262,262,16,16,7,7,1380,346
beam,16,8,j0-56,35,19675328070911641,268,268,15,15,8,8,1222,317
beam,16,8,j0-56,36,41366696232866228,252,252,15,15,7,7,1222,316
beam,16,8,j0-56,37,31172817672903867,278,268,16,15,8,8,1349,353
beam,16,8,j0-56,38,35367915211123801,268,252,15,15,8,7,1237,331
beam,16,8,j0-56,39,35071119051253254,278,278,16,16,8,8,1395,352
beam,16,8,j0-56,40,9861492365136984,268,268,15,15,8,8,1282,351
beam,16,8,j0-56,41,9178330123649395,288,268,17,15,8,8,1178,322
beam,16,8,j0-56,42,45110651565721999,252,252,15,15,7,7,1410,359
beam,16,8,j0-56,43,38793885881587753,304,278,17,16,9,8,1320,358
beam,16,8,j0-56,44,20861563596356667,252,252,15,15,7,7,1267,332
beam,16,8,j0-56,45,40079474742851907,278,278,16,16,8,8,1284,360
beam,16,8,j0-56,46,29750184353322879,268,268,15,15,8,8,1252,332
beam,16,8,j0-56,47,41775106311314461,236,226,15,14,6,6,1118,279
beam,16,8,j0-56,48,30167557982534480,262,262,16,16,7,7,1365,351
beam,16,8,j0-56,49,21874390231708974,242,232,14,13,7,7,1071,277
beam,16,8,j0-56,50,3105461830624122,294,262,16,16,9,7,1363,353
beam,16,8,j0-56,51,34493533756903583,262,252,16,15,7,7,1395,340
beam,16,8,j0-56,52,10927138478287741,278,278,16,16,8,8,1395,360
beam,16,8,j0-56,53,13041840988692033,242,242,14,14,7,7,1041,289
beam,16,8,j0-56,54,17649820318362341,236,220,15,15,6,5,1267,323
beam,16,8,j0-56,55,22002188124659772,252,252,15,15,7,7,1282,330
beam,16,8,j0-56,56,19276342459370318,278,262,16,16,8,7,1305,347
beam,16,8,j0-56,57,21676120109663945,294,268,16,15,9,8,1425,353
beam,16,8,j0-56,58,9033696722782453,294,294,16,16,9,9,1350,358
beam,16,8,j0-56,59,16406421601179465,294,268,16,15,9,8,1290,338
beam,16,8,j0-56,60,27980479105654696,294,268,16,15,9,8,1380,356
beam,16,8,j0-56,61,21123314884727665,278,268,16,15,8,8,1237,321
beam,16,8,j0-56,62,12742782193394444,278,262,16,16,8,7,1395,333
beam,16,8,j0-56,63,21396362371914551,294,284,16,15,9,9,1237,329
norm,32,1,glv-j0-32,0,20566646,124,124,7,7,4,4,155,7
norm,32,1,glv-j0-32,1,7843221,114,114,6,6,4,4,123,6
norm,32,1,glv-j0-32,2,19391305,88,88,5,5,3,3,91,5
norm,32,1,glv-j0-32,3,16519870,88,88,5,5,3,3,96,5
norm,32,1,glv-j0-32,4,4668766,98,98,6,6,3,3,92,6
norm,32,1,glv-j0-32,5,22575707,108,108,7,7,3,3,128,6
norm,32,1,glv-j0-32,6,5568342,124,124,7,7,4,4,118,7
norm,32,1,glv-j0-32,7,10566719,114,114,6,6,4,4,128,6
norm,32,1,glv-j0-32,8,21158857,114,114,6,6,4,4,96,5
norm,32,1,glv-j0-32,9,19973228,124,124,7,7,4,4,128,6
norm,32,1,glv-j0-32,10,15619414,114,114,6,6,4,4,66,6
norm,32,1,glv-j0-32,11,23150076,114,114,6,6,4,4,96,5
norm,32,1,glv-j0-32,12,16695815,114,114,6,6,4,4,118,6
norm,32,1,glv-j0-32,13,2697002,88,88,5,5,3,3,86,5
norm,32,1,glv-j0-32,14,16045712,108,108,7,7,3,3,98,7
norm,32,1,glv-j0-32,15,19522544,114,114,6,6,4,4,92,6
norm,32,1,glv-j0-32,16,1231995,114,114,6,6,4,4,96,5
norm,32,1,glv-j0-32,17,3896279,98,98,6,6,3,3,92,6
norm,32,1,glv-j0-32,18,19578585,88,88,5,5,3,3,96,5
norm,32,1,glv-j0-32,19,9693278,88,88,5,5,3,3,86,5
norm,32,1,glv-j0-32,20,15330074,114,114,6,6,4,4,123,5
norm,32,1,glv-j0-32,21,6910797,114,114,6,6,4,4,123,6
norm,32,1,glv-j0-32,22,686887,98,98,6,6,3,3,65,6
norm,32,1,glv-j0-32,23,15912434,114,104,6,5,4,4,60,5
norm,32,1,glv-j0-32,24,23366634,114,114,6,6,4,4,96,5
norm,32,1,glv-j0-32,25,3318192,88,88,5,5,3,3,96,5
norm,32,1,glv-j0-32,26,8729071,114,114,6,6,4,4,128,6
norm,32,1,glv-j0-32,27,1838014,114,114,6,6,4,4,118,6
norm,32,1,glv-j0-32,28,8548248,114,114,6,6,4,4,91,6
norm,32,1,glv-j0-32,29,6586328,88,88,5,5,3,3,96,5
norm,32,1,glv-j0-32,30,15493199,88,88,5,5,3,3,92,6
norm,32,1,glv-j0-32,31,2817373,114,114,6,6,4,4,96,5
norm,32,1,glv-j0-32,32,11391268,114,114,6,6,4,4,91,5
norm,32,1,glv-j0-32,33,21542069,88,88,5,5,3,3,91,5
norm,32,1,glv-j0-32,34,3248477,98,98,6,6,3,3,123,6
norm,32,1,glv-j0-32,35,2318204,88,88,5,5,3,3,64,5
norm,32,1,glv-j0-32,36,22960880,114,104,6,5,4,4,65,5
norm,32,1,glv-j0-32,37,3622857,114,114,6,6,4,4,91,5
norm,32,1,glv-j0-32,38,3572562,114,114,6,6,4,4,96,5
norm,32,1,glv-j0-32,39,18381777,88,88,5,5,3,3,60,5
norm,32,1,glv-j0-32,40,5493255,88,88,5,5,3,3,65,5
norm,32,1,glv-j0-32,41,7663525,88,88,5,5,3,3,97,6
norm,32,1,glv-j0-32,42,15958745,124,124,7,7,4,4,150,7
norm,32,1,glv-j0-32,43,23030,114,114,6,6,4,4,91,5
norm,32,1,glv-j0-32,44,10649142,114,114,6,6,4,4,118,6
norm,32,1,glv-j0-32,45,8391221,114,114,6,6,4,4,128,6
norm,32,1,glv-j0-32,46,8071987,114,114,6,6,4,4,91,5
norm,32,1,glv-j0-32,47,22247405,114,114,6,6,4,4,92,6
norm,32,1,glv-j0-32,48,122647,78,78,4,4,3,3,64,4
norm,32,1,glv-j0-32,49,22783709,98,98,6,6,3,3,145,7
norm,32,1,glv-j0-32,50,5253753,114,114,6,6,4,4,96,5
norm,32,1,glv-j0-32,51,13514443,88,88,5,5,3,3,59,4
norm,32,1,glv-j0-32,52,9563597,88,88,5,5,3,3,96,5
norm,32,1,glv-j0-32,53,17150963,52,52,3,3,2,2,32,3
norm,32,1,glv-j0-32,54,12591836,98,98,6,6,3,3,91,5
norm,32,1,glv-j0-32,55,3466673,124,124,7,7,4,4,150,7
norm,32,1,glv-j0-32,56,20290572,98,98,6,6,3,3,129,7
norm,32,1,glv-j0-32,57,20887226,98,98,6,6,3,3,128,6
norm,32,1,glv-j0-32,58,3586798,114,114,6,6,4,4,96,5
norm,32,1,glv-j0-32,59,5046250,98,98,6,6,3,3,92,6
norm,32,1,glv-j0-32,60,6246984,114,114,6,6,4,4,123,6
norm,32,1,glv-j0-32,61,9982923,108,108,7,7,3,3,123,6
norm,32,1,glv-j0-32,62,13120819,114,104,6,5,4,4,97,6
norm,32,1,glv-j0-32,63,8699668,124,124,7,7,4,4,123,7
norm,32,1,j0-56,0,1701235640930529,268,268,15,15,8,8,313,15
norm,32,1,j0-56,1,51209531857192480,268,268,15,15,8,8,313,15
norm,32,1,j0-56,2,48599518593898289,268,268,15,15,8,8,339,15
norm,32,1,j0-56,3,27597576995578806,278,278,16,16,8,8,371,16
norm,32,1,j0-56,4,3817654454660021,268,268,15,15,8,8,338,14
norm,32,1,j0-56,5,48545827656597763,252,252,15,15,7,7,365,15
norm,32,1,j0-56,6,14288319057473904,278,278,16,16,8,8,371,16
norm,32,1,j0-56,7,30552417570233334,252,252,15,15,7,7,308,15
norm,32,1,j0-56,8,35428365444187694,304,304,17,17,9,9,371,16
norm,32,1,j0-56,9,12631911908881298,288,288,17,17,8,8,392,16
norm,32,1,j0-56,10,22206975263005101,268,268,15,15,8,8,313,15
norm,32,1,j0-56,11,1530501890144118,278,278,16,16,8,8,345,16
norm,32,1,j0-56,12,48579291596137043,278,278,16,16,8,8,339,15
norm,32,1,j0-56,13,31691155313374275,268,268,15,15,8,8,370,15
norm,32,1,j0-56,14,16075819056460500,262,262,16,16,7,7,407,16
norm,32,1,j0-56,15,32462769711762082,268,268,15,15,8,8,333,14
norm,32,1,j0-56,16,7963633318843282,278,278,16,16,8,8,402,16
norm,32,1,j0-56,17,18983786612097719,252,252,15,15,7,7,401,15
norm,32,1,j0-56,18,13288556210279355,288,288,17,17,8,8,340,16
norm,32,1,j0-56,19,4496290136107762,278,278,16,16,8,8,313,15
norm,32,1,j0-56,20,20589605919579750,246,246,16,16,6,6,246,15
norm,32,1,j0-56,21,22790144222852090,294,294,16,16,9,9,433,16
norm,32,1,j0-56,22,42340928108677318,262,262,16,16,7,7,433,16
norm,32,1,j0-56,23,25197607550421394,278,278,16,16,8,8,396,16
norm,32,1,j0-56,24,20178356449854996,268,268,15,15,8,8,380,15
norm,32,1,j0-56,25,28644864995100918,278,278,16,16,8,8,397,16
norm,32,1,j0-56,26,830492720152661,294,294,16,16,9,9,396,15
norm,32,1,j0-56,27,51066650839970376,278,278,16,16,8,8,407,16
norm,32,1,j0-56,28,7367209113137255,272,272,17,17,7,7,335,16
norm,32,1,j0-56,29,41495489534377967,278,278,16,16,8,8,370,16
norm,32,1,j0-56,30,18850207754958135,262,262,16,16,7,7,344,15
norm,32,1,j0-56,31,4845133839933892,288,288,17,17,8,8,423,16
norm,32,1,j0-56,32,5193370461102195,268,268,15,15,8,8,406,15
norm,32,1,j0-56,33,1242272748976912,268,268,15,15,8,8,370,15
norm,32,1,j0-56,34,39514372386363214,262,262,16,16,7,7,387,16
norm,32,1,j0-56,35,19675328070911641,268,268,15,15,8,8,339,15
norm,32,1,j0-56,36,41366696232866228,252,252,15,15,7,7,365,15
norm,32,1,j0-56,37,31172817672903867,278,278,16,16,8,8,411,15
norm,32,1,j0-56,38,35367915211123801,268,268,15,15,8,8,355,15
norm,32,1,j0-56,39,35071119051253254,278,278,16,16,8,8,366,16
norm,32,1,j0-56,40,9861492365136984,268,268,15,15,8,8,386,15
norm,32,1,j0-56,41,9178330123649395,288,288,17,17,8,8,402,16
norm,32,1,j0-56,42,45110651565721999,252,252,15,15,7,7,344,16
norm,32,1,j0-56,43,38793885881587753,304,304,17,17,9,9,412,16
norm,32,1,j0-56,44,20861563596356667,252,252,15,15,7,7,380,15
norm,32,1,j0-56,45,40079474742851907,278,278,16,16,8,8,380,15
norm,32,1,j0-56,46,29750184353322879,268,268,15,15,8,8,370,15
norm,32,1,j0-56,47,41775106311314461,236,236,15,15,6,6,318,15
norm,32,1,j0-56,48,30167557982534480,262,262,16,16,7,7,371,16
norm,32,1,j0-56,49,21874390231708974,242,242,14,14,7,7,285,14
norm,32,1,j0-56,50,3105461830624122,294,294,16,16,9,9,343,16
norm,32,1,j0-56,51,34493533756903583,262,262,16,16,7,7,407,16
norm,32,1,j0-56,52,10927138478287741,278,278,16,16,8,8,365,16
norm,32,1,j0-56,53,13041840988692033,242,242,14,14,7,7,342,13
norm,32,1,j0-56,54,17649820318362341,236,236,15,15,6,6,370,15
norm,32,1,j0-56,55,22002188124659772,252,252,15,15,7,7,406,15
norm,32,1,j0-56,56,19276342459370318,278,278,16,16,8,8,376,16
norm,32,1,j0-56,57,21676120109663945,294,294,16,16,9,9,433,16
norm,32,1,j0-56,58,9033696722782453,294,294,16,16,9,9,397,16
norm,32,1,j0-56,59,16406421601179465,294,294,16,16,9,9,402,16
norm,32,1,j0-56,60,27980479105654696,294,294,16,16,9,9,386,16
norm,32,1,j0-56,61,21123314884727665,278,278,16,16,8,8,406,15
norm,32,1,j0-56,62,12742782193394444,278,278,16,16,8,8,345,16
norm,32,1,j0-56,63,21396362371914551,294,294,16,16,9,9,355,15
beam,32,1,glv-j0-32,0,20566646,124,98,7,6,4,3,62,85
beam,32,1,glv-j0-32,1,7843221,114,114,6,6,4,4,92,109
beam,32,1,glv-j0-32,2,19391305,88,88,5,5,3,3,29,41
beam,32,1,glv-j0-32,3,16519870,88,88,5,5,3,3,60,74
beam,32,1,glv-j0-32,4,4668766,98,88,6,5,3,3,66,78
beam,32,1,glv-j0-32,5,22575707,108,88,7,5,3,3,66,81
beam,32,1,glv-j0-32,6,5568342,124,98,7,6,4,3,67,88
beam,32,1,glv-j0-32,7,10566719,114,98,6,6,4,3,61,80
beam,32,1,glv-j0-32,8,21158857,114,104,6,5,4,4,65,77
beam,32,1,glv-j0-32,9,19973228,124,98,7,6,4,3,66,83
beam,32,1,glv-j0-32,10,15619414,114,114,6,6,4,4,66,87
beam,32,1,glv-j0-32,11,23150076,114,88,6,5,4,3,34,47
beam,32,1,glv-j0-32,12,16695815,114,98,6,6,4,3,35,42
beam,32,1,glv-j0-32,13,2697002,88,88,5,5,3,3,66,79
beam,32,1,glv-j0-32,14,16045712,108,98,7,6,3,3,67,86
beam,32,1,glv-j0-32,15,19522544,114,114,6,6,4,4,97,113
beam,32,1,glv-j0-32,16,1231995,114,104,6,5,4,4,65,79
beam,32,1,glv-j0-32,17,3896279,98,98,6,6,3,3,66,79
beam,32,1,glv-j0-32,18,19578585,88,88,5,5,3,3,34,48
beam,32,1,glv-j0-32,19,9693278,88,88,5,5,3,3,55,64
beam,32,1,glv-j0-32,20,15330074,114,114,6,6,4,4,97,113
beam,32,1,glv-j0-32,21,6910797,114,114,6,6,4,4,66,81
beam,32,1,glv-j0-32,22,686887,98,88,6,5,3,3,92,98
beam,32,1,glv-j0-32,23,15912434,114,88,6,5,4,3,60,76
beam,32,1,glv-j0-32,24,23366634,114,104,6,5,4,4,65,83
beam,32,1,glv-j0-32,25,3318192,88,88,5,5,3,3,65,73
beam,32,1,glv-j0-32,26,8729071,114,114,6,6,4,4,66,85
beam,32,1,glv-j0-32,27,1838014,114,88,6,5,4,3,66,82
beam,32,1,glv-j0-32,28,8548248,114,98,6,6,4,3,92,103
beam,32,1,glv-j0-32,29,6586328,88,88,5,5,3,3,65,74
beam,32,1,glv-j0-32,30,15493199,88,88,5,5,3,3,66,82
beam,32,1,glv-j0-32,31,2817373,114,98,6,6,4,3,60,68
beam,32,1,glv-j0-32,32,11391268,114,88,6,5,4,3,60,69
beam,32,1,glv-j0-32,33,21542069,88,78,5,4,3,3,65,76
beam,32,1,glv-j0-32,34,3248477,98,88,6,5,3,3,66,84
beam,32,1,glv-j0-32,35,2318204,88,88,5,5,3,3,65,76
beam,32,1,glv-j0-32,36,22960880,114,104,6,5,4,4,65,80
beam,32,1,glv-j0-32,37,3622857,114,98,6,6,4,3,60,68
beam,32,1,glv-j0-32,38,3572562,114,88,6,5,4,3,65,76
beam,32,1,glv-j0-32,39,18381777,88,88,5,5,3,3,29,45
beam,32,1,glv-j0-32,40,5493255,88,88,5,5,3,3,34,48
beam,32,1,glv-j0-32,41,7663525,88,88,5,5,3,3,66,80
beam,32,1,glv-j0-32,42,15958745,124,114,7,6,4,4,93,110
beam,32,1,glv-j0-32,43,23030,114,104,6,5,4,4,60,73
beam,32,1,glv-j0-32,44,10649142,114,98,6,6,4,3,35,46
beam,32,1,glv-j0-32,45,8391221,114,114,6,6,4,4,97,109
beam,32,1,glv-j0-32,46,8071987,114,98,6,6,4,3,34,41
beam,32,1,glv-j0-32,47,22247405,114,114,6,6,4,4,92,107
beam,32,1,glv-j0-32,48,122647,78,78,4,4,3,3,33,43
beam,32,1,glv-j0-32,49,22783709,98,98,6,6,3,3,57,79
beam,32,1,glv-j0-32,50,5253753,114,98,6,6,4,3,65,75
beam,32,1,glv-j0-32,51,13514443,88,88,5,5,3,3,33,43
beam,32,1,glv-j0-32,52,9563597,88,88,5,5,3,3,60,75
beam,32,1,glv-j0-32,53,17150963,52,52,3,3,2,2,32,33
beam,32,1,glv-j0-32,54,12591836,98,98,6,6,3,3,60,68
beam,32,1,glv-j0-32,55,3466673,124,114,7,6,4,4,98,117
beam,32,1,glv-j0-32,56,20290572,98,98,6,6,3,3,62,82
beam,32,1,glv-j0-32,57,20887226,98,98,6,6,3,3,35,43
beam,32,1,glv-j0-32,58,3586798,114,88,6,5,4,3,60,75
beam,32,1,glv-j0-32,59,5046250,98,98,6,6,3,3,56,71
beam,32,1,glv-j0-32,60,6246984,114,114,6,6,4,4,66,84
beam,32,1,glv-j0-32,61,9982923,108,104,7,5,3,4,92,102
beam,32,1,glv-j0-32,62,13120819,114,98,6,6,4,3,92,104
beam,32,1,glv-j0-32,63,8699668,124,114,7,6,4,4,93,113
beam,32,1,j0-56,0,1701235640930529,268,268,15,15,8,8,220,274
beam,32,1,j0-56,1,51209531857192480,268,268,15,15,8,8,210,266
beam,32,1,j0-56,2,48599518593898289,268,268,15,15,8,8,210,264
beam,32,1,j0-56,3,27597576995578806,278,268,16,15,8,8,206,270
beam,32,1,j0-56,4,3817654454660021,268,258,15,14,8,8,183,230
beam,32,1,j0-56,5,48545827656597763,252,242,15,14,7,7,194,243
beam,32,1,j0-56,6,14288319057473904,278,268,16,15,8,8,221,272
beam,32,1,j0-56,7,30552417570233334,252,252,15,15,7,7,168,223
beam,32,1,j0-56,8,35428365444187694,304,284,17,15,9,9,257,315
beam,32,1,j0-56,9,12631911908881298,288,262,17,16,8,7,185,231
beam,32,1,j0-56,10,22206975263005101,268,268,15,15,8,8,215,278
beam,32,1,j0-56,11,1530501890144118,278,278,16,16,8,8,190,251
beam,32,1,j0-56,12,48579291596137043,278,262,16,16,8,7,189,229
beam,32,1,j0-56,13,31691155313374275,268,268,15,15,8,8,184,236
beam,32,1,j0-56,14,16075819056460500,262,252,16,15,7,7,180,229
beam,32,1,j0-56,15,32462769711762082,268,258,15,14,8,8,188,245
beam,32,1,j0-56,16,7963633318843282,278,268,16,15,8,8,211,266
beam,32,1,j0-56,17,18983786612097719,252,252,15,15,7,7,153,201
beam,32,1,j0-56,18,13288556210279355,288,268,17,15,8,8,211,257
beam,32,1,j0-56,19,4496290136107762,278,268,16,15,8,8,184,243
beam,32,1,j0-56,20,20589605919579750,246,236,16,15,6,6,148,181
beam,32,1,j0-56,21,22790144222852090,294,278,16,16,9,8,190,265
beam,32,1,j0-56,22,42340928108677318,262,252,16,15,7,7,190,235
beam,32,1,j0-56,23,25197607550421394,278,268,16,15,8,8,226,282
beam,32,1,j0-56,24,20178356449854996,268,268,15,15,8,8,210,264
beam,32,1,j0-56,25,28644864995100918,278,278,16,16,8,8,211,273
beam,32,1,j0-56,26,830492720152661,294,284,16,15,9,9,241,300
beam,32,1,j0-56,27,51066650839970376,278,268,16,15,8,8,216,279
beam,32,1,j0-56,28,7367209113137255,272,272,17,17,7,7,190,245
beam,32,1,j0-56,29,41495489534377967,278,268,16,15,8,8,226,296
beam,32,1,j0-56,30,18850207754958135,262,252,16,15,7,7,194,229
beam,32,1,j0-56,31,4845133839933892,288,272,17,17,8,7,190,246
beam,32,1,j0-56,32,5193370461102195,268,252,15,15,8,7,163,216
beam,32,1,j0-56,33,1242272748976912,268,268,15,15,8,8,220,275
beam,32,1,j0-56,34,39514372386363214,262,262,16,16,7,7,185,240
beam,32,1,j0-56,35,19675328070911641,268,268,15,15,8,8,184,230
beam,32,1,j0-56,36,41366696232866228,252,252,15,15,7,7,153,191
beam,32,1,j0-56,37,31172817672903867,278,268,16,15,8,8,189,255
beam,32,1,j0-56,38,35367915211123801,268,252,15,15,8,7,184,236
beam,32,1,j0-56,39,35071119051253254,278,278,16,16,8,8,216,272
beam,32,1,j0-56,40,9861492365136984,268,268,15,15,8,8,179,234
beam,32,1,j0-56,41,9178330123649395,288,268,17,15,8,8,206,263
beam,32,1,j0-56,42,45110651565721999,252,252,15,15,7,7,190,251
beam,32,1,j0-56,43,38793885881587753,304,294,17,16,9,9,242,292
beam,32,1,j0-56,44,20861563596356667,252,252,15,15,7,7,179,228
beam,32,1,j0-56,45,40079474742851907,278,268,16,15,8,8,179,239
beam,32,1,j0-56,46,29750184353322879,268,258,15,14,8,8,220,275
beam,32,1,j0-56,47,41775106311314461,236,226,15,14,6,6,158,214
beam,32,1,j0-56,48,30167557982534480,262,262,16,16,7,7,190,235
beam,32,1,j0-56,49,21874390231708974,242,232,14,13,7,7,156,198
beam,32,1,j0-56,50,3105461830624122,294,268,16,15,9,8,152,215
beam,32,1,j0-56,51,34493533756903583,262,252,16,15,7,7,195,244
beam,32,1,j0-56,52,10927138478287741,278,278,16,16,8,8,211,269
beam,32,1,j0-56,53,13041840988692033,242,242,14,14,7,7,188,235
beam,32,1,j0-56,54,17649820318362341,236,236,15,15,6,6,163,205
beam,32,1,j0-56,55,22002188124659772,252,236,15,15,7,6,168,225
beam,32,1,j0-56,56,19276342459370318,278,278,16,16,8,8,206,258
beam,32,1,j0-56,57,21676120109663945,294,252,16,15,9,7,185,240
beam,32,1,j0-56,58,9033696722782453,294,278,16,16,9,8,221,274
beam,32,1,j0-56,59,16406421601179465,294,268,16,15,9,8,221,278
beam,32,1,j0-56,60,27980479105654696,294,268,16,15,9,8,221,276
beam,32,1,j0-56,61,21123314884727665,278,252,16,15,8,7,184,225
beam,32,1,j0-56,62,12742782193394444,278,262,16,16,8,7,162,202
beam,32,1,j0-56,63,21396362371914551,294,284,16,15,9,9,210,259
beam,32,2,glv-j0-32,0,20566646,124,98,7,6,4,3,97,115
beam,32,2,glv-j0-32,1,7843221,114,114,6,6,4,4,126,113
beam,32,2,glv-j0-32,2,19391305,88,88,5,5,3,3,62,75
beam,32,2,glv-j0-32,3,16519870,88,88,5,5,3,3,93,98
beam,32,2,glv-j0-32,4,4668766,98,88,6,5,3,3,130,111
beam,32,2,glv-j0-32,5,22575707,108,88,7,5,3,3,100,83
beam,32,2,glv-j0-32,6,5568342,124,98,7,6,4,3,97,112
beam,32,2,glv-j0-32,7,10566719,114,98,6,6,4,3,126,116
beam,32,2,glv-j0-32,8,21158857,114,104,6,5,4,4,129,104
beam,32,2,glv-j0-32,9,19973228,124,98,7,6,4,3,131,111
beam,32,2,glv-j0-32,10,15619414,114,114,6,6,4,4,121,114
beam,32,2,glv-j0-32,11,23150076,114,88,6,5,4,3,67,79
beam,32,2,glv-j0-32,12,16695815,114,98,6,6,4,3,95,100
beam,32,2,glv-j0-32,13,2697002,88,88,5,5,3,3,131,109
beam,32,2,glv-j0-32,14,16045712,108,98,7,6,3,3,101,89
beam,32,2,glv-j0-32,15,19522544,114,114,6,6,4,4,157,136
beam,32,2,glv-j0-32,16,1231995,114,104,6,5,4,4,98,84
beam,32,2,glv-j0-32,17,3896279,98,98,6,6,3,3,131,109
beam,32,2,glv-j0-32,18,19578585,88,88,5,5,3,3,67,80
beam,32,2,glv-j0-32,19,9693278,88,88,5,5,3,3,83,87
beam,32,2,glv-j0-32,20,15330074,114,114,6,6,4,4,157,144
beam,32,2,glv-j0-32,21,6910797,114,114,6,6,4,4,100,83
beam,32,2,glv-j0-32,22,686887,98,88,6,5,3,3,125,103
beam,32,2,glv-j0-32,23,15912434,114,88,6,5,4,3,93,80
beam,32,2,glv-j0-32,24,23366634,114,104,6,5,4,4,67,83
beam,32,2,glv-j0-32,25,3318192,88,88,5,5,3,3,67,73
beam,32,2,glv-j0-32,26,8729071,114,114,6,6,4,4,131,136
beam,32,2,glv-j0-32,27,1838014,114,88,6,5,4,3,131,136
beam,32,2,glv-j0-32,28,8548248,114,98,6,6,4,3,157,134
beam,32,2,glv-j0-32,29,6586328,88,88,5,5,3,3,98,104
beam,32,2,glv-j0-32,30,15493199,88,88,5,5,3,3,95,104
beam,32,2,glv-j0-32,31,2817373,114,98,6,6,4,3,93,98
beam,32,2,glv-j0-32,32,11391268,114,88,6,5,4,3,93,98
beam,32,2,glv-j0-32,33,21542069,88,78,5,4,3,3,98,77
beam,32,2,glv-j0-32,34,3248477,98,88,6,5,3,3,126,117
beam,32,2,glv-j0-32,35,2318204,88,78,5,4,3,3,98,102
beam,32,2,glv-j0-32,36,22960880,114,104,6,5,4,4,98,83
beam,32,2,glv-j0-32,37,3622857,114,98,6,6,4,3,93,95
beam,32,2,glv-j0-32,38,3572562,114,88,6,5,4,3,98,79
beam,32,2,glv-j0-32,39,18381777,88,88,5,5,3,3,62,76
beam,32,2,glv-j0-32,40,5493255,88,88,5,5,3,3,67,73
beam,32,2,glv-j0-32,41,7663525,88,88,5,5,3,3,100,111
beam,32,2,glv-j0-32,42,15958745,124,114,7,6,4,4,159,131
beam,32,2,glv-j0-32,43,23030,114,104,6,5,4,4,93,82
beam,32,2,glv-j0-32,44,10649142,114,98,6,6,4,3,95,106
beam,32,2,glv-j0-32,45,8391221,114,114,6,6,4,4,126,132
beam,32,2,glv-j0-32,46,8071987,114,98,6,6,4,3,67,73
beam,32,2,glv-j0-32,47,22247405,114,114,6,6,4,4,157,136
beam,32,2,glv-j0-32,48,122647,78,78,4,4,3,3,65,68
beam,32,2,glv-j0-32,49,22783709,98,98,6,6,3,3,123,140
beam,32,2,glv-j0-32,50,5253753,114,98,6,6,4,3,98,101
beam,32,2,glv-j0-32,51,13514443,88,88,5,5,3,3,34,43
beam,32,2,glv-j0-32,52,9563597,88,88,5,5,3,3,93,99
beam,32,2,glv-j0-32,53,17150963,52,52,3,3,2,2,32,33
beam,32,2,glv-j0-32,54,12591836,98,98,6,6,3,3,93,78
beam,32,2,glv-j0-32,55,3466673,124,114,7,6,4,4,164,123
beam,32,2,glv-j0-32,56,20290572,98,98,6,6,3,3,128,143
beam,32,2,glv-j0-32,57,20887226,98,98,6,6,3,3,100,103
beam,32,2,glv-j0-32,58,3586798,114,88,6,5,4,3,124,111
beam,32,2,glv-j0-32,59,5046250,98,98,6,6,3,3,90,83
beam,32,2,glv-j0-32,60,6246984,114,114,6,6,4,4,131,113
beam,32,2,glv-j0-32,61,9982923,108,104,7,5,3,4,126,110
beam,32,2,glv-j0-32,62,13120819,114,98,6,6,4,3,157,121
beam,32,2,glv-j0-32,63,8699668,124,114,7,6,4,4,159,146
beam,32,2,j0-56,0,1701235640930529,268,268,15,15,8,8,424,394
beam,32,2,j0-56,1,51209531857192480,268,268,15,15,8,8,434,390
beam,32,2,j0-56,2,48599518593898289,268,268,15,15,8,8,388,386
beam,32,2,j0-56,3,27597576995578806,278,268,16,15,8,8,364,358
beam,32,2,j0-56,4,3817654454660021,268,258,15,14,8,8,406,371
beam,32,2,j0-56,5,48545827656597763,252,242,15,14,7,7,392,325
beam,32,2,j0-56,6,14288319057473904,278,268,16,15,8,8,415,369
beam,32,2,j0-56,7,30552417570233334,252,252,15,15,7,7,324,341
beam,32,2,j0-56,8,35428365444187694,304,284,17,15,9,9,503,389
beam,32,2,j0-56,9,12631911908881298,288,262,17,16,8,7,436,428
beam,32,2,j0-56,10,22206975263005101,268,268,15,15,8,8,424,388
beam,32,2,j0-56,11,1530501890144118,278,278,16,16,8,8,431,396
beam,32,2,j0-56,12,48579291596137043,278,246,16,16,8,6,377,362
beam,32,2,j0-56,13,31691155313374275,268,268,15,15,8,8,393,370
beam,32,2,j0-56,14,16075819056460500,262,252,16,15,7,7,400,374
beam,32,2,j0-56,15,32462769711762082,268,258,15,14,8,8,344,289
beam,32,2,j0-56,16,7963633318843282,278,252,16,15,8,7,447,425
beam,32,2,j0-56,17,18983786612097719,252,252,15,15,7,7,346,343
beam,32,2,j0-56,18,13288556210279355,288,268,17,15,8,8,394,403
beam,32,2,j0-56,19,4496290136107762,278,268,16,15,8,8,366,328
beam,32,2,j0-56,20,20589605919579750,246,236,16,15,6,6,372,315
beam,32,2,j0-56,21,22790144222852090,294,278,16,16,9,8,431,409
beam,32,2,j0-56,22,42340928108677318,262,236,16,15,7,6,431,422
beam,32,2,j0-56,23,25197607550421394,278,268,16,15,8,8,477,449
beam,32,2,j0-56,24,20178356449854996,268,268,15,15,8,8,476,437
beam,32,2,j0-56,25,28644864995100918,278,278,16,16,8,8,437,422
beam,32,2,j0-56,26,830492720152661,294,284,16,15,9,9,465,380
beam,32,2,j0-56,27,51066650839970376,278,268,16,15,8,8,467,421
beam,32,2,j0-56,28,7367209113137255,272,272,17,17,7,7,431,413
beam,32,2,j0-56,29,41495489534377967,278,252,16,15,8,7,410,399
beam,32,2,j0-56,30,18850207754958135,262,252,16,15,7,7,413,363
beam,32,2,j0-56,31,4845133839933892,288,272,17,17,8,7,436,420
beam,32,2,j0-56,32,5193370461102195,268,252,15,15,8,7,413,387
beam,32,2,j0-56,33,1242272748976912,268,268,15,15,8,8,413,383
beam,32,2,j0-56,34,39514372386363214,262,262,16,16,7,7,441,415
beam,32,2,j0-56,35,19675328070911641,268,268,15,15,8,8,408,354
beam,32,2,j0-56,36,41366696232866228,252,252,15,15,7,7,413,375
beam,32,2,j0-56,37,31172817672903867,278,268,16,15,8,8,519,446
beam,32,2,j0-56,38,35367915211123801,268,252,15,15,8,7,465,418
beam,32,2,j0-56,39,35071119051253254,278,278,16,16,8,8,462,423
beam,32,2,j0-56,40,9861492365136984,268,268,15,15,8,8,331,334
beam,32,2,j0-56,41,9178330123649395,288,268,17,15,8,8,420,383
beam,32,2,j0-56,42,45110651565721999,252,252,15,15,7,7,431,411
beam,32,2,j0-56,43,38793885881587753,304,294,17,16,9,9,488,447
beam,32,2,j0-56,44,20861563596356667,252,252,15,15,7,7,346,341
beam,32,2,j0-56,45,40079474742851907,278,268,16,15,8,8,362,377
beam,32,2,j0-56,46,29750184353322879,268,258,15,14,8,8,460,395
beam,32,2,j0-56,47,41775106311314461,236,226,15,14,6,6,287,285
beam,32,2,j0-56,48,30167557982534480,262,262,16,16,7,7,431,420
beam,32,2,j0-56,49,21874390231708974,242,232,14,13,7,7,279,258
beam,32,2,j0-56,50,3105461830624122,294,262,16,16,9,7,313,346
beam,32,2,j0-56,51,34493533756903583,262,252,16,15,7,7,384,368
beam,32,2,j0-56,52,10927138478287741,278,278,16,16,8,8,493,425
beam,32,2,j0-56,53,13041840988692033,242,226,14,14,7,6,353,304
beam,32,2,j0-56,54,17649820318362341,236,226,15,14,6,6,408,409
beam,32,2,j0-56,55,22002188124659772,252,236,15,15,7,6,392,395
beam,32,2,j0-56,56,19276342459370318,278,278,16,16,8,8,488,445
beam,32,2,j0-56,57,21676120109663945,294,268,16,15,9,8,379,389
beam,32,2,j0-56,58,9033696722782453,294,278,16,16,9,8,446,376
beam,32,2,j0-56,59,16406421601179465,294,268,16,15,9,8,415,353
beam,32,2,j0-56,60,27980479105654696,294,278,16,16,9,8,384,372
beam,32,2,j0-56,61,21123314884727665,278,268,16,15,8,8,413,358
beam,32,2,j0-56,62,12742782193394444,278,262,16,16,8,7,431,410
beam,32,2,j0-56,63,21396362371914551,294,284,16,15,9,9,434,354
beam,32,4,glv-j0-32,0,20566646,124,98,7,6,4,3,286,192
beam,32,4,glv-j0-32,1,7843221,114,104,6,5,4,4,282,160
beam,32,4,glv-j0-32,2,19391305,88,88,5,5,3,3,128,79
beam,32,4,glv-j0-32,3,16519870,88,88,5,5,3,3,190,114
beam,32,4,glv-j0-32,4,4668766,98,88,6,5,3,3,165,115
beam,32,4,glv-j0-32,5,22575707,108,88,7,5,3,3,225,138
beam,32,4,glv-j0-32,6,5568342,124,98,7,6,4,3,286,193
beam,32,4,glv-j0-32,7,10566719,114,98,6,6,4,3,318,160
beam,32,4,glv-j0-32,8,21158857,114,104,6,5,4,4,221,113
beam,32,4,glv-j0-32,9,19973228,124,98,7,6,4,3,287,157
beam,32,4,glv-j0-32,10,15619414,114,114,6,6,4,4,303,173
beam,32,4,glv-j0-32,11,23150076,114,88,6,5,4,3,159,111
beam,32,4,glv-j0-32,12,16695815,114,98,6,6,4,3,220,148
beam,32,4,glv-j0-32,13,2697002,88,88,5,5,3,3,287,155
beam,32,4,glv-j0-32,14,16045712,108,98,7,6,3,3,231,146
beam,32,4,glv-j0-32,15,19522544,114,114,6,6,4,4,251,142
beam,32,4,glv-j0-32,16,1231995,114,104,6,5,4,4,159,89
beam,32,4,glv-j0-32,17,3896279,98,98,6,6,3,3,292,149
beam,32,4,glv-j0-32,18,19578585,88,88,5,5,3,3,128,88
beam,32,4,glv-j0-32,19,9693278,88,88,5,5,3,3,149,98
beam,32,4,glv-j0-32,20,15330074,114,114,6,6,4,4,313,161
beam,32,4,glv-j0-32,21,6910797,114,114,6,6,4,4,194,145
beam,32,4,glv-j0-32,22,686887,98,88,6,5,3,3,217,119
beam,32,4,glv-j0-32,23,15912434,114,88,6,5,4,3,221,112
beam,32,4,glv-j0-32,24,23366634,114,104,6,5,4,4,282,151
beam,32,4,glv-j0-32,25,3318192,88,88,5,5,3,3,133,105
beam,32,4,glv-j0-32,26,8729071,114,114,6,6,4,4,256,153
beam,32,4,glv-j0-32,27,1838014,114,88,6,5,4,3,282,165
beam,32,4,glv-j0-32,28,8548248,114,98,6,6,4,3,256,142
beam,32,4,glv-j0-32,29,6586328,88,88,5,5,3,3,226,118
beam,32,4,glv-j0-32,30,15493199,88,88,5,5,3,3,261,149
beam,32,4,glv-j0-32,31,2817373,114,98,6,6,4,3,154,105
beam,32,4,glv-j0-32,32,11391268,114,88,6,5,4,3,159,111
beam,32,4,glv-j0-32,33,21542069,88,78,5,4,3,3,221,123
beam,32,4,glv-j0-32,34,3248477,98,88,6,5,3,3,246,147
beam,32,4,glv-j0-32,35,2318204,88,78,5,4,3,3,190,117
beam,32,4,glv-j0-32,36,22960880,114,104,6,5,4,4,164,92
beam,32,4,glv-j0-32,37,3622857,114,98,6,6,4,3,159,102
beam,32,4,glv-j0-32,38,3572562,114,88,6,5,4,3,195,113
beam,32,4,glv-j0-32,39,18381777,88,88,5,5,3,3,128,97
beam,32,4,glv-j0-32,40,5493255,88,88,5,5,3,3,133,105
beam,32,4,glv-j0-32,41,7663525,88,88,5,5,3,3,194,147
beam,32,4,glv-j0-32,42,15958745,124,114,7,6,4,4,348,199
beam,32,4,glv-j0-32,43,23030,114,104,6,5,4,4,159,88
beam,32,4,glv-j0-32,44,10649142,114,98,6,6,4,3,246,158
beam,32,4,glv-j0-32,45,8391221,114,114,6,6,4,4,287,151
beam,32,4,glv-j0-32,46,8071987,114,98,6,6,4,3,164,110
beam,32,4,glv-j0-32,47,22247405,114,114,6,6,4,4,256,152
beam,32,4,glv-j0-32,48,122647,78,78,4,4,3,3,129,73
beam,32,4,glv-j0-32,49,22783709,98,98,6,6,3,3,312,194
beam,32,4,glv-j0-32,50,5253753,114,98,6,6,4,3,164,107
beam,32,4,glv-j0-32,51,13514443,88,88,5,5,3,3,36,43
beam,32,4,glv-j0-32,52,9563597,88,88,5,5,3,3,159,113
beam,32,4,glv-j0-32,53,17150963,52,52,3,3,2,2,32,33
beam,32,4,glv-j0-32,54,12591836,98,98,6,6,3,3,128,80
beam,32,4,glv-j0-32,55,3466673,124,114,7,6,4,4,322,160
beam,32,4,glv-j0-32,56,20290572,98,98,6,6,3,3,255,171
beam,32,4,glv-j0-32,57,20887226,98,98,6,6,3,3,325,183
beam,32,4,glv-j0-32,58,3586798,114,88,6,5,4,3,247,124
beam,32,4,glv-j0-32,59,5046250,98,98,6,6,3,3,277,160
beam,32,4,glv-j0-32,60,6246984,114,104,6,5,4,4,287,152
beam,32,4,glv-j0-32,61,9982923,108,88,7,5,3,3,220,143
beam,32,4,glv-j0-32,62,13120819,114,98,6,6,4,3,287,159
beam,32,4,glv-j0-32,63,8699668,124,114,7,6,4,4,291,180
beam,32,4,j0-56,0,1701235640930529,268,268,15,15,8,8,888,511
beam,32,4,j0-56,1,51209531857192480,268,268,15,15,8,8,795,500
beam,32,4,j0-56,2,48599518593898289,268,268,15,15,8,8,769,492
beam,32,4,j0-56,3,27597576995578806,278,268,16,15,8,8,996,592
beam,32,4,j0-56,4,3817654454660021,268,258,15,14,8,8,770,470
beam,32,4,j0-56,5,48545827656597763,252,242,15,14,7,7,773,453
beam,32,4,j0-56,6,14288319057473904,278,268,16,15,8,8,850,514
beam,32,4,j0-56,7,30552417570233334,252,252,15,15,7,7,843,512
beam,32,4,j0-56,8,35428365444187694,304,284,17,15,9,9,897,489
beam,32,4,j0-56,9,12631911908881298,288,262,17,16,8,7,939,543
beam,32,4,j0-56,10,22206975263005101,268,252,15,15,8,7,862,514
beam,32,4,j0-56,11,1530501890144118,278,262,16,16,8,7,914,561
beam,32,4,j0-56,12,48579291596137043,278,246,16,16,8,6,893,535
beam,32,4,j0-56,13,31691155313374275,268,268,15,15,8,8,883,512
beam,32,4,j0-56,14,16075819056460500,262,252,16,15,7,7,969,531
beam,32,4,j0-56,15,32462769711762082,268,258,15,14,8,8,682,367
beam,32,4,j0-56,16,7963633318843282,278,268,16,15,8,8,944,589
beam,32,4,j0-56,17,18983786612097719,252,252,15,15,7,7,919,518
beam,32,4,j0-56,18,13288556210279355,288,268,17,15,8,8,858,518
beam,32,4,j0-56,19,4496290136107762,278,268,16,15,8,8,813,497
beam,32,4,j0-56,20,20589605919579750,246,236,16,15,6,6,903,481
beam,32,4,j0-56,21,22790144222852090,294,278,16,16,9,8,923,540
beam,32,4,j0-56,22,42340928108677318,262,252,16,15,7,7,851,575
beam,32,4,j0-56,23,25197607550421394,278,268,16,15,8,8,989,563
beam,32,4,j0-56,24,20178356449854996,268,268,15,15,8,8,1029,581
beam,32,4,j0-56,25,28644864995100918,278,262,16,16,8,7,955,582
beam,32,4,j0-56,26,830492720152661,294,284,16,15,9,9,991,515
beam,32,4,j0-56,27,51066650839970376,278,268,16,15,8,8,985,585
beam,32,4,j0-56,28,7367209113137255,272,272,17,17,7,7,1011,562
beam,32,4,j0-56,29,41495489534377967,278,252,16,15,8,7,969,572
beam,32,4,j0-56,30,18850207754958135,262,252,16,15,7,7,918,455
beam,32,4,j0-56,31,4845133839933892,288,268,17,15,8,8,974,556
beam,32,4,j0-56,32,5193370461102195,268,252,15,15,8,7,960,506
beam,32,4,j0-56,33,1242272748976912,268,268,15,15,8,8,924,523
beam,32,4,j0-56,34,39514372386363214,262,262,16,16,7,7,949,565
beam,32,4,j0-56,35,19675328070911641,268,268,15,15,8,8,924,532
beam,32,4,j0-56,36,41366696232866228,252,252,15,15,7,7,779,479
beam,32,4,j0-56,37,31172817672903867,278,268,16,15,8,8,1011,553
beam,32,4,j0-56,38,35367915211123801,268,252,15,15,8,7,1028,581
beam,32,4,j0-56,39,35071119051253254,278,278,16,16,8,8,882,532
beam,32,4,j0-56,40,9861492365136984,268,268,15,15,8,8,930,546
beam,32,4,j0-56,41,9178330123649395,288,268,17,15,8,8,832,497
beam,32,4,j0-56,42,45110651565721999,252,252,15,15,7,7,887,528
beam,32,4,j0-56,43,38793885881587753,304,294,17,16,9,9,928,560
beam,32,4,j0-56,44,20861563596356667,252,236,15,15,7,6,882,480
beam,32,4,j0-56,45,40079474742851907,278,262,16,16,8,7,965,590
beam,32,4,j0-56,46,29750184353322879,268,258,15,14,8,8,914,532
beam,32,4,j0-56,47,41775106311314461,236,226,15,14,6,6,721,425
beam,32,4,j0-56,48,30167557982534480,262,262,16,16,7,7,1088,573
beam,32,4,j0-56,49,21874390231708974,242,232,14,13,7,7,772,417
beam,32,4,j0-56,50,3105461830624122,294,262,16,16,9,7,892,514
beam,32,4,j0-56,51,34493533756903583,262,252,16,15,7,7,829,492
beam,32,4,j0-56,52,10927138478287741,278,268,16,15,8,8,1032,560
beam,32,4,j0-56,53,13041840988692033,242,242,14,14,7,7,746,430
beam,32,4,j0-56,54,17649820318362341,236,226,15,14,6,6,1011,514
beam,32,4,j0-56,55,22002188124659772,252,236,15,15,7,6,861,497
beam,32,4,j0-56,56,19276342459370318,278,278,16,16,8,8,1037,570
beam,32,4,j0-56,57,21676120109663945,294,268,16,15,9,8,964,572
beam,32,4,j0-56,58,9033696722782453,294,278,16,16,9,8,964,540
beam,32,4,j0-56,59,16406421601179465,294,268,16,15,9,8,897,523
beam,32,4,j0-56,60,27980479105654696,294,268,16,15,9,8,871,513
beam,32,4,j0-56,61,21123314884727665,278,268,16,15,8,8,872,495
beam,32,4,j0-56,62,12742782193394444,278,262,16,16,8,7,1000,548
beam,32,4,j0-56,63,21396362371914551,294,284,16,15,9,9,779,443
beam,32,8,glv-j0-32,0,20566646,124,98,7,6,4,3,736,221
beam,32,8,glv-j0-32,1,7843221,114,98,6,6,4,3,558,180
beam,32,8,glv-j0-32,2,19391305,88,88,5,5,3,3,350,145
beam,32,8,glv-j0-32,3,16519870,88,88,5,5,3,3,446,130
beam,32,8,glv-j0-32,4,4668766,98,88,6,5,3,3,323,136
beam,32,8,glv-j0-32,5,22575707,108,88,7,5,3,3,537,181
beam,32,8,glv-j0-32,6,5568342,124,98,7,6,4,3,654,235
beam,32,8,glv-j0-32,7,10566719,114,98,6,6,4,3,599,179
beam,32,8,glv-j0-32,8,21158857,114,104,6,5,4,4,400,137
beam,32,8,glv-j0-32,9,19973228,124,98,7,6,4,3,568,181
beam,32,8,glv-j0-32,10,15619414,114,104,6,5,4,4,646,194
beam,32,8,glv-j0-32,11,23150076,114,88,6,5,4,3,415,127
beam,32,8,glv-j0-32,12,16695815,114,98,6,6,4,3,532,184
beam,32,8,glv-j0-32,13,2697002,88,88,5,5,3,3,630,183
beam,32,8,glv-j0-32,14,16045712,108,98,7,6,3,3,517,179
beam,32,8,glv-j0-32,15,19522544,114,114,6,6,4,4,532,172
beam,32,8,glv-j0-32,16,1231995,114,104,6,5,4,4,374,132
beam,32,8,glv-j0-32,17,3896279,98,98,6,6,3,3,609,179
beam,32,8,glv-j0-32,18,19578585,88,88,5,5,3,3,317,126
beam,32,8,glv-j0-32,19,9693278,88,88,5,5,3,3,364,149
beam,32,8,glv-j0-32,20,15330074,114,114,6,6,4,4,594,183
beam,32,8,glv-j0-32,21,6910797,114,114,6,6,4,4,501,196
beam,32,8,glv-j0-32,22,686887,98,88,6,5,3,3,401,138
beam,32,8,glv-j0-32,23,15912434,114,88,6,5,4,3,436,127
beam,32,8,glv-j0-32,24,23366634,114,104,6,5,4,4,537,176
beam,32,8,glv-j0-32,25,3318192,88,88,5,5,3,3,353,124
beam,32,8,glv-j0-32,26,8729071,114,114,6,6,4,4,511,181
beam,32,8,glv-j0-32,27,1838014,114,88,6,5,4,3,589,196
beam,32,8,glv-j0-32,28,8548248,114,98,6,6,4,3,589,188
beam,32,8,glv-j0-32,29,6586328,88,88,5,5,3,3,415,131
beam,32,8,glv-j0-32,30,15493199,88,88,5,5,3,3,578,176
beam,32,8,glv-j0-32,31,2817373,114,98,6,6,4,3,338,124
beam,32,8,glv-j0-32,32,11391268,114,88,6,5,4,3,410,127
beam,32,8,glv-j0-32,33,21542069,88,78,5,4,3,3,472,137
beam,32,8,glv-j0-32,34,3248477,98,88,6,5,3,3,537,186
beam,32,8,glv-j0-32,35,2318204,88,78,5,4,3,3,400,135
beam,32,8,glv-j0-32,36,22960880,114,104,6,5,4,4,353,125
beam,32,8,glv-j0-32,37,3622857,114,98,6,6,4,3,343,131
beam,32,8,glv-j0-32,38,3572562,114,88,6,5,4,3,410,133
beam,32,8,glv-j0-32,39,18381777,88,88,5,5,3,3,568,170
beam,32,8,glv-j0-32,40,5493255,88,88,5,5,3,3,353,121
beam,32,8,glv-j0-32,41,7663525,88,88,5,5,3,3,449,173
beam,32,8,glv-j0-32,42,15958745,124,114,7,6,4,4,695,231
beam,32,8,glv-j0-32,43,23030,114,104,6,5,4,4,379,126
beam,32,8,glv-j0-32,44,10649142,114,98,6,6,4,3,558,189
beam,32,8,glv-j0-32,45,8391221,114,114,6,6,4,4,578,170
beam,32,8,glv-j0-32,46,8071987,114,98,6,6,4,3,379,144
beam,32,8,glv-j0-32,47,22247405,114,114,6,6,4,4,542,177
beam,32,8,glv-j0-32,48,122647,78,78,4,4,3,3,195,77
beam,32,8,glv-j0-32,49,22783709,98,98,6,6,3,3,731,229
beam,32,8,glv-j0-32,50,5253753,114,98,6,6,4,3,322,123
beam,32,8,glv-j0-32,51,13514443,88,88,5,5,3,3,154,81
beam,32,8,glv-j0-32,52,9563597,88,88,5,5,3,3,369,142
beam,32,8,glv-j0-32,53,17150963,52,52,3,3,2,2,32,33
beam,32,8,glv-j0-32,54,12591836,98,98,6,6,3,3,343,133
beam,32,8,glv-j0-32,55,3466673,124,114,7,6,4,4,762,217
beam,32,8,glv-j0-32,56,20290572,98,98,6,6,3,3,705,217
beam,32,8,glv-j0-32,57,20887226,98,98,6,6,3,3,506,178
beam,32,8,glv-j0-32,58,3586798,114,88,6,5,4,3,498,138
beam,32,8,glv-j0-32,59,5046250,98,98,6,6,3,3,594,184
beam,32,8,glv-j0-32,60,6246984,114,104,6,5,4,4,563,183
beam,32,8,glv-j0-32,61,9982923,108,88,7,5,3,3,537,194
beam,32,8,glv-j0-32,62,13120819,114,98,6,6,4,3,594,185
beam,32,8,glv-j0-32,63,8699668,124,114,7,6,4,4,767,223
beam,32,8,j0-56,0,1701235640930529,268,268,15,15,8,8,1996,659
beam,32,8,j0-56,1,51209531857192480,268,252,15,15,8,7,1929,634
beam,32,8,j0-56,2,48599518593898289,268,268,15,15,8,8,1952,703
beam,32,8,j0-56,3,27597576995578806,278,268,16,15,8,8,2244,752
beam,32,8,j0-56,4,3817654454660021,268,258,15,14,8,8,1746,633
beam,32,8,j0-56,5,48545827656597763,252,242,15,14,7,7,2032,632
beam,32,8,j0-56,6,14288319057473904,278,268,16,15,8,8,2066,663
beam,32,8,j0-56,7,30552417570233334,252,252,15,15,7,7,1751,588
beam,32,8,j0-56,8,35428365444187694,304,284,17,15,9,9,2077,707
beam,32,8,j0-56,9,12631911908881298,288,262,17,16,8,7,2208,729
beam,32,8,j0-56,10,22206975263005101,268,268,15,15,8,8,1832,660
beam,32,8,j0-56,11,1530501890144118,278,262,16,16,8,7,2017,728
beam,32,8,j0-56,12,48579291596137043,278,268,16,15,8,8,1998,692
beam,32,8,j0-56,13,31691155313374275,268,252,15,15,8,7,1936,660
beam,32,8,j0-56,14,16075819056460500,262,252,16,15,7,7,2273,684
beam,32,8,j0-56,15,32462769711762082,268,258,15,14,8,8,1519,571
beam,32,8,j0-56,16,7963633318843282,278,252,16,15,8,7,2094,747
beam,32,8,j0-56,17,18983786612097719,252,252,15,15,7,7,2208,714
beam,32,8,j0-56,18,13288556210279355,288,268,17,15,8,8,1833,651
beam,32,8,j0-56,19,4496290136107762,278,268,16,15,8,8,1748,624
beam,32,8,j0-56,20,20589605919579750,246,236,16,15,6,6,1950,610
beam,32,8,j0-56,21,22790144222852090,294,278,16,16,9,8,2005,710
beam,32,8,j0-56,22,42340928108677318,262,236,16,15,7,6,2057,720
beam,32,8,j0-56,23,25197607550421394,278,252,16,15,8,7,2077,699
beam,32,8,j0-56,24,20178356449854996,268,268,15,15,8,8,2165,729
beam,32,8,j0-56,25,28644864995100918,278,262,16,16,8,7,2120,735
beam,32,8,j0-56,26,830492720152661,294,268,16,15,9,8,2068,626
beam,32,8,j0-56,27,51066650839970376,278,252,16,15,8,7,2129,703
beam,32,8,j0-56,28,7367209113137255,272,272,17,17,7,7,2253,721
beam,32,8,j0-56,29,41495489534377967,278,252,16,15,8,7,2170,708
beam,32,8,j0-56,30,18850207754958135,262,252,16,15,7,7,2032,628
beam,32,8,j0-56,31,4845133839933892,288,252,17,15,8,7,1974,697
beam,32,8,j0-56,32,5193370461102195,268,252,15,15,8,7,2142,673
beam,32,8,j0-56,33,1242272748976912,268,268,15,15,8,8,1960,651
beam,32,8,j0-56,34,39514372386363214,262,262,16,16,7,7,2253,710
beam,32,8,j0-56,35,19675328070911641,268,268,15,15,8,8,2079,649
beam,32,8,j0-56,36,41366696232866228,252,252,15,15,7,7,1821,624
beam,32,8,j0-56,37,31172817672903867,278,252,16,15,8,7,2222,714
beam,32,8,j0-56,38,35367915211123801,268,252,15,15,8,7,2101,712
beam,32,8,j0-56,39,35071119051253254,278,278,16,16,8,8,2110,738
beam,32,8,j0-56,40,9861492365136984,268,268,15,15,8,8,2065,702
beam,32,8,j0-56,41,9178330123649395,288,268,17,15,8,8,1910,677
beam,32,8,j0-56,42,45110651565721999,252,252,15,15,7,7,2186,710
beam,32,8,j0-56,43,38793885881587753,304,278,17,16,9,8,2134,702
beam,32,8,j0-56,44,20861563596356667,252,236,15,15,7,6,2090,697
beam,32,8,j0-56,45,40079474742851907,278,268,16,15,8,8,2001,731
beam,32,8,j0-56,46,29750184353322879,268,258,15,14,8,8,1909,663
beam,32,8,j0-56,47,41775106311314461,236,226,15,14,6,6,1630,560
beam,32,8,j0-56,48,30167557982534480,262,262,16,16,7,7,2304,676
beam,32,8,j0-56,49,21874390231708974,242,232,14,13,7,7,1703,607
beam,32,8,j0-56,50,3105461830624122,294,252,16,15,9,7,2212,715
beam,32,8,j0-56,51,34493533756903583,262,252,16,15,7,7,2159,676
beam,32,8,j0-56,52,10927138478287741,278,268,16,15,8,8,2305,744
beam,32,8,j0-56,53,13041840988692033,242,226,14,14,7,6,1617,599
beam,32,8,j0-56,54,17649820318362341,236,220,15,15,6,5,2213,635
beam,32,8,j0-56,55,22002188124659772,252,236,15,15,7,6,1846,634
beam,32,8,j0-56,56,19276342459370318,278,278,16,16,8,8,2193,759
beam,32,8,j0-56,57,21676120109663945,294,268,16,15,9,8,2284,732
beam,32,8,j0-56,58,9033696722782453,294,278,16,16,9,8,2294,721
beam,32,8,j0-56,59,16406421601179465,294,252,16,15,9,7,1994,671
beam,32,8,j0-56,60,27980479105654696,294,268,16,15,9,8,2231,705
beam,32,8,j0-56,61,21123314884727665,278,252,16,15,8,7,2157,672
beam,32,8,j0-56,62,12742782193394444,278,262,16,16,8,7,2206,676
beam,32,8,j0-56,63,21396362371914551,294,284,16,15,9,9,1919,639
norm,all,1,glv-j0-32,0,20566646,124,124,7,7,4,4,449,7
norm,all,1,glv-j0-32,1,7843221,114,114,6,6,4,4,337,6
norm,all,1,glv-j0-32,2,19391305,88,88,5,5,3,3,251,5
norm,all,1,glv-j0-32,3,16519870,88,88,5,5,3,3,251,5
norm,all,1,glv-j0-32,4,4668766,98,98,6,6,3,3,337,6
norm,all,1,glv-j0-32,5,22575707,108,108,7,7,3,3,363,6
norm,all,1,glv-j0-32,6,5568342,124,124,7,7,4,4,278,7
norm,all,1,glv-j0-32,7,10566719,114,114,6,6,4,4,252,6
norm,all,1,glv-j0-32,8,21158857,114,114,6,6,4,4,166,5
norm,all,1,glv-j0-32,9,19973228,124,124,7,7,4,4,252,6
norm,all,1,glv-j0-32,10,15619414,114,114,6,6,4,4,448,6
norm,all,1,glv-j0-32,11,23150076,114,114,6,6,4,4,336,5
norm,all,1,glv-j0-32,12,16695815,114,114,6,6,4,4,363,6
norm,all,1,glv-j0-32,13,2697002,88,88,5,5,3,3,336,5
norm,all,1,glv-j0-32,14,16045712,108,108,7,7,3,3,337,7
norm,all,1,glv-j0-32,15,19522544,114,114,6,6,4,4,363,6
norm,all,1,glv-j0-32,16,1231995,114,104,6,5,4,4,225,5
norm,all,1,glv-j0-32,17,3896279,98,98,6,6,3,3,448,6
norm,all,1,glv-j0-32,18,19578585,88,88,5,5,3,3,225,5
norm,all,1,glv-j0-32,19,9693278,88,88,5,5,3,3,166,5
norm,all,1,glv-j0-32,20,15330074,114,114,6,6,4,4,336,5
norm,all,1,glv-j0-32,21,6910797,114,114,6,6,4,4,363,6
norm,all,1,glv-j0-32,22,686887,98,98,6,6,3,3,225,6
norm,all,1,glv-j0-32,23,15912434,114,114,6,6,4,4,251,5
norm,all,1,glv-j0-32,24,23366634,114,114,6,6,4,4,225,5
norm,all,1,glv-j0-32,25,3318192,88,88,5,5,3,3,225,5
norm,all,1,glv-j0-32,26,8729071,114,114,6,6,4,4,448,6
norm,all,1,glv-j0-32,27,1838014,114,114,6,6,4,4,448,6
norm,all,1,glv-j0-32,28,8548248,114,114,6,6,4,4,336,6
norm,all,1,glv-j0-32,29,6586328,88,88,5,5,3,3,251,5
norm,all,1,glv-j0-32,30,15493199,88,88,5,5,3,3,252,6
norm,all,1,glv-j0-32,31,2817373,114,114,6,6,4,4,251,5
norm,all,1,glv-j0-32,32,11391268,114,114,6,6,4,4,166,5
norm,all,1,glv-j0-32,33,21542069,88,88,5,5,3,3,336,5
norm,all,1,glv-j0-32,34,3248477,98,98,6,6,3,3,363,6
norm,all,1,glv-j0-32,35,2318204,88,88,5,5,3,3,224,5
norm,all,1,glv-j0-32,36,22960880,114,104,6,5,4,4,225,5
norm,all,1,glv-j0-32,37,3622857,114,114,6,6,4,4,336,5
norm,all,1,glv-j0-32,38,3572562,114,114,6,6,4,4,336,5
norm,all,1,glv-j0-32,39,18381777,88,88,5,5,3,3,140,5
norm,all,1,glv-j0-32,40,5493255,88,88,5,5,3,3,251,5
norm,all,1,glv-j0-32,41,7663525,88,88,5,5,3,3,363,6
norm,all,1,glv-j0-32,42,15958745,124,114,7,6,4,4,253,7
norm,all,1,glv-j0-32,43,23030,114,104,6,5,4,4,225,5
norm,all,1,glv-j0-32,44,10649142,114,114,6,6,4,4,278,6
norm,all,1,glv-j0-32,45,8391221,114,114,6,6,4,4,337,6
norm,all,1,glv-j0-32,46,8071987,114,114,6,6,4,4,336,5
norm,all,1,glv-j0-32,47,22247405,114,114,6,6,4,4,337,6
norm,all,1,glv-j0-32,48,122647,78,78,4,4,3,3,224,4
norm,all,1,glv-j0-32,49,22783709,98,98,6,6,3,3,390,7
norm,all,1,glv-j0-32,50,5253753,114,114,6,6,4,4,336,5
norm,all,1,glv-j0-32,51,13514443,88,88,5,5,3,3,224,4
norm,all,1,glv-j0-32,52,9563597,88,88,5,5,3,3,336,5
norm,all,1,glv-j0-32,53,17150963,52,52,3,3,2,2,112,3
norm,all,1,glv-j0-32,54,12591836,98,98,6,6,3,3,251,5
norm,all,1,glv-j0-32,55,3466673,124,124,7,7,4,4,390,7
norm,all,1,glv-j0-32,56,20290572,98,98,6,6,3,3,448,7
norm,all,1,glv-j0-32,57,20887226,98,98,6,6,3,3,337,6
norm,all,1,glv-j0-32,58,3586798,114,114,6,6,4,4,166,5
norm,all,1,glv-j0-32,59,5046250,98,98,6,6,3,3,141,6
norm,all,1,glv-j0-32,60,6246984,114,114,6,6,4,4,336,6
norm,all,1,glv-j0-32,61,9982923,108,108,7,7,3,3,336,6
norm,all,1,glv-j0-32,62,13120819,114,88,6,5,4,3,226,6
norm,all,1,glv-j0-32,63,8699668,124,124,7,7,4,4,278,7
norm,all,1,j0-56,0,1701235640930529,268,268,15,15,8,8,1149,15
norm,all,1,j0-56,1,51209531857192480,268,268,15,15,8,8,1116,15
norm,all,1,j0-56,2,48599518593898289,268,268,15,15,8,8,920,15
norm,all,1,j0-56,3,27597576995578806,278,278,16,16,8,8,1032,16
norm,all,1,j0-56,4,3817654454660021,268,268,15,15,8,8,1063,14
norm,all,1,j0-56,5,48545827656597763,252,252,15,15,7,7,1201,15
norm,all,1,j0-56,6,14288319057473904,278,278,16,16,8,8,1175,16
norm,all,1,j0-56,7,30552417570233334,252,252,15,15,7,7,920,15
norm,all,1,j0-56,8,35428365444187694,304,304,17,17,9,9,954,16
norm,all,1,j0-56,9,12631911908881298,288,288,17,17,8,8,1228,16
norm,all,1,j0-56,10,22206975263005101,268,268,15,15,8,8,1286,15
norm,all,1,j0-56,11,1530501890144118,278,278,16,16,8,8,1202,16
norm,all,1,j0-56,12,48579291596137043,278,278,16,16,8,8,1345,15
norm,all,1,j0-56,13,31691155313374275,268,268,15,15,8,8,1064,15
norm,all,1,j0-56,14,16075819056460500,262,262,16,16,7,7,1202,16
norm,all,1,j0-56,15,32462769711762082,268,268,15,15,8,8,978,14
norm,all,1,j0-56,16,7963633318843282,278,278,16,16,8,8,1261,16
norm,all,1,j0-56,17,18983786612097719,252,252,15,15,7,7,1149,15
norm,all,1,j0-56,18,13288556210279355,288,288,17,17,8,8,1065,16
norm,all,1,j0-56,19,4496290136107762,278,278,16,16,8,8,1260,15
norm,all,1,j0-56,20,20589605919579750,246,246,16,16,6,6,894,15
norm,all,1,j0-56,21,22790144222852090,294,294,16,16,9,9,1065,16
norm,all,1,j0-56,22,42340928108677318,262,262,16,16,7,7,1116,16
norm,all,1,j0-56,23,25197607550421394,278,278,16,16,8,8,1006,16
norm,all,1,j0-56,24,20178356449854996,268,268,15,15,8,8,1175,15
norm,all,1,j0-56,25,28644864995100918,278,278,16,16,8,8,1261,16
norm,all,1,j0-56,26,830492720152661,294,294,16,16,9,9,724,15
norm,all,1,j0-56,27,51066650839970376,278,278,16,16,8,8,1286,16
norm,all,1,j0-56,28,7367209113137255,272,272,17,17,7,7,1117,16
norm,all,1,j0-56,29,41495489534377967,278,278,16,16,8,8,979,16
norm,all,1,j0-56,30,18850207754958135,262,262,16,16,7,7,1286,15
norm,all,1,j0-56,31,4845133839933892,288,288,17,17,8,8,1235,16
norm,all,1,j0-56,32,5193370461102195,268,268,15,15,8,8,1201,15
norm,all,1,j0-56,33,1242272748976912,268,268,15,15,8,8,920,15
norm,all,1,j0-56,34,39514372386363214,262,262,16,16,7,7,869,16
norm,all,1,j0-56,35,19675328070911641,268,268,15,15,8,8,1090,15
norm,all,1,j0-56,36,41366696232866228,252,252,15,15,7,7,979,15
norm,all,1,j0-56,37,31172817672903867,278,278,16,16,8,8,1005,15
norm,all,1,j0-56,38,35367915211123801,268,268,15,15,8,8,1064,15
norm,all,1,j0-56,39,35071119051253254,278,278,16,16,8,8,1202,16
norm,all,1,j0-56,40,9861492365136984,268,268,15,15,8,8,953,15
norm,all,1,j0-56,41,9178330123649395,288,288,17,17,8,8,1176,16
norm,all,1,j0-56,42,45110651565721999,252,252,15,15,7,7,946,16
norm,all,1,j0-56,43,38793885881587753,304,304,17,17,9,9,1261,16
norm,all,1,j0-56,44,20861563596356667,252,252,15,15,7,7,1064,15
norm,all,1,j0-56,45,40079474742851907,278,278,16,16,8,8,1175,15
norm,all,1,j0-56,46,29750184353322879,268,268,15,15,8,8,1005,15
norm,all,1,j0-56,47,41775106311314461,236,236,15,15,6,6,953,15
norm,all,1,j0-56,48,30167557982534480,262,262,16,16,7,7,1176,16
norm,all,1,j0-56,49,21874390231708974,242,242,14,14,7,7,1036,14
norm,all,1,j0-56,50,3105461830624122,294,294,16,16,9,9,1063,16
norm,all,1,j0-56,51,34493533756903583,262,262,16,16,7,7,1175,16
norm,all,1,j0-56,52,10927138478287741,278,278,16,16,8,8,750,16
norm,all,1,j0-56,53,13041840988692033,242,242,14,14,7,7,814,13
norm,all,1,j0-56,54,17649820318362341,236,236,15,15,6,6,1005,15
norm,all,1,j0-56,55,22002188124659772,252,252,15,15,7,7,1201,15
norm,all,1,j0-56,56,19276342459370318,278,278,16,16,8,8,1398,16
norm,all,1,j0-56,57,21676120109663945,294,294,16,16,9,9,1117,16
norm,all,1,j0-56,58,9033696722782453,294,294,16,16,9,9,1176,16
norm,all,1,j0-56,59,16406421601179465,294,294,16,16,9,9,1176,16
norm,all,1,j0-56,60,27980479105654696,294,294,16,16,9,9,1058,16
norm,all,1,j0-56,61,21123314884727665,278,278,16,16,8,8,1201,15
norm,all,1,j0-56,62,12742782193394444,278,278,16,16,8,8,1313,16
norm,all,1,j0-56,63,21396362371914551,294,294,16,16,9,9,1260,15
beam,all,1,glv-j0-32,0,20566646,124,98,7,6,4,3,142,180
beam,all,1,glv-j0-32,1,7843221,114,98,6,6,4,3,115,152
beam,all,1,glv-j0-32,2,19391305,88,88,5,5,3,3,29,41
beam,all,1,glv-j0-32,3,16519870,88,88,5,5,3,3,114,142
beam,all,1,glv-j0-32,4,4668766,98,88,6,5,3,3,226,249
beam,all,1,glv-j0-32,5,22575707,108,88,7,5,3,3,226,268
beam,all,1,glv-j0-32,6,5568342,124,98,7,6,4,3,227,277
beam,all,1,glv-j0-32,7,10566719,114,98,6,6,4,3,226,268
beam,all,1,glv-j0-32,8,21158857,114,88,6,5,4,3,114,145
beam,all,1,glv-j0-32,9,19973228,124,98,7,6,4,3,141,168
beam,all,1,glv-j0-32,10,15619414,114,88,6,5,4,3,141,172
beam,all,1,glv-j0-32,11,23150076,114,88,6,5,4,3,140,166
beam,all,1,glv-j0-32,12,16695815,114,98,6,6,4,3,115,148
beam,all,1,glv-j0-32,13,2697002,88,88,5,5,3,3,141,166
beam,all,1,glv-j0-32,14,16045712,108,98,7,6,3,3,227,266
beam,all,1,glv-j0-32,15,19522544,114,88,6,5,4,3,226,252
beam,all,1,glv-j0-32,16,1231995,114,88,6,5,4,3,114,147
beam,all,1,glv-j0-32,17,3896279,98,98,6,6,3,3,226,264
beam,all,1,glv-j0-32,18,19578585,88,88,5,5,3,3,114,143
beam,all,1,glv-j0-32,19,9693278,88,88,5,5,3,3,55,64
beam,all,1,glv-j0-32,20,15330074,114,98,6,6,4,3,115,155
beam,all,1,glv-j0-32,21,6910797,114,104,6,5,4,4,337,357
beam,all,1,glv-j0-32,22,686887,98,88,6,5,3,3,114,142
beam,all,1,glv-j0-32,23,15912434,114,88,6,5,4,3,140,164
beam,all,1,glv-j0-32,24,23366634,114,104,6,5,4,4,225,259
beam,all,1,glv-j0-32,25,3318192,88,88,5,5,3,3,225,247
beam,all,1,glv-j0-32,26,8729071,114,98,6,6,4,3,226,266
beam,all,1,glv-j0-32,27,1838014,114,88,6,5,4,3,226,261
beam,all,1,glv-j0-32,28,8548248,114,88,6,5,4,3,114,151
beam,all,1,glv-j0-32,29,6586328,88,88,5,5,3,3,114,143
beam,all,1,glv-j0-32,30,15493199,88,88,5,5,3,3,226,271
beam,all,1,glv-j0-32,31,2817373,114,88,6,5,4,3,114,147
beam,all,1,glv-j0-32,32,11391268,114,88,6,5,4,3,140,149
beam,all,1,glv-j0-32,33,21542069,88,78,5,4,3,3,225,245
beam,all,1,glv-j0-32,34,3248477,98,98,6,6,3,3,141,171
beam,all,1,glv-j0-32,35,2318204,88,78,5,4,3,3,113,147
beam,all,1,glv-j0-32,36,22960880,114,88,6,5,4,3,114,150
beam,all,1,glv-j0-32,37,3622857,114,88,6,5,4,3,114,146
beam,all,1,glv-j0-32,38,3572562,114,88,6,5,4,3,114,146
beam,all,1,glv-j0-32,39,18381777,88,88,5,5,3,3,29,45
beam,all,1,glv-j0-32,40,5493255,88,88,5,5,3,3,225,247
beam,all,1,glv-j0-32,41,7663525,88,88,5,5,3,3,141,171
beam,all,1,glv-j0-32,42,15958745,124,114,7,6,4,4,253,285
beam,all,1,glv-j0-32,43,23030,114,88,6,5,4,3,114,147
beam,all,1,glv-j0-32,44,10649142,114,98,6,6,4,3,141,169
beam,all,1,glv-j0-32,45,8391221,114,114,6,6,4,4,337,364
beam,all,1,glv-j0-32,46,8071987,114,88,6,5,4,3,114,145
beam,all,1,glv-j0-32,47,22247405,114,98,6,6,4,3,226,259
beam,all,1,glv-j0-32,48,122647,78,62,4,4,3,2,113,131
beam,all,1,glv-j0-32,49,22783709,98,98,6,6,3,3,57,79
beam,all,1,glv-j0-32,50,5253753,114,98,6,6,4,3,114,144
beam,all,1,glv-j0-32,51,13514443,88,78,5,4,3,3,113,133
beam,all,1,glv-j0-32,52,9563597,88,88,5,5,3,3,225,244
beam,all,1,glv-j0-32,53,17150963,52,52,3,3,2,2,224,225
beam,all,1,glv-j0-32,54,12591836,98,98,6,6,3,3,140,168
beam,all,1,glv-j0-32,55,3466673,124,114,7,6,4,4,338,379
beam,all,1,glv-j0-32,56,20290572,98,98,6,6,3,3,227,263
beam,all,1,glv-j0-32,57,20887226,98,98,6,6,3,3,115,147
beam,all,1,glv-j0-32,58,3586798,114,88,6,5,4,3,140,170
beam,all,1,glv-j0-32,59,5046250,98,98,6,6,3,3,56,71
beam,all,1,glv-j0-32,60,6246984,114,98,6,6,4,3,115,152
beam,all,1,glv-j0-32,61,9982923,108,88,7,5,3,3,226,265
beam,all,1,glv-j0-32,62,13120819,114,88,6,5,4,3,226,263
beam,all,1,glv-j0-32,63,8699668,124,114,7,6,4,4,168,196
beam,all,1,j0-56,0,1701235640930529,268,252,15,15,8,7,509,610
beam,all,1,j0-56,1,51209531857192480,268,268,15,15,8,8,450,529
beam,all,1,j0-56,2,48599518593898289,268,252,15,15,8,7,679,797
beam,all,1,j0-56,3,27597576995578806,278,268,16,15,8,8,366,456
beam,all,1,j0-56,4,3817654454660021,268,258,15,14,8,8,508,603
beam,all,1,j0-56,5,48545827656597763,252,242,15,14,7,7,679,810
beam,all,1,j0-56,6,14288319057473904,278,268,16,15,8,8,536,636
beam,all,1,j0-56,7,30552417570233334,252,252,15,15,7,7,594,693
beam,all,1,j0-56,8,35428365444187694,304,284,17,15,9,9,817,934
beam,all,1,j0-56,9,12631911908881298,288,252,17,15,8,7,425,514
beam,all,1,j0-56,10,22206975263005101,268,268,15,15,8,8,620,725
beam,all,1,j0-56,11,1530501890144118,278,262,16,16,8,7,510,628
beam,all,1,j0-56,12,48579291596137043,278,262,16,16,8,7,339,413
beam,all,1,j0-56,13,31691155313374275,268,252,15,15,8,7,313,399
beam,all,1,j0-56,14,16075819056460500,262,252,16,15,7,7,425,522
beam,all,1,j0-56,15,32462769711762082,268,258,15,14,8,8,508,605
beam,all,1,j0-56,16,7963633318843282,278,268,16,15,8,8,451,533
beam,all,1,j0-56,17,18983786612097719,252,252,15,15,7,7,313,396
beam,all,1,j0-56,18,13288556210279355,288,252,17,15,8,7,595,705
beam,all,1,j0-56,19,4496290136107762,278,268,16,15,8,8,424,514
beam,all,1,j0-56,20,20589605919579750,246,236,16,15,6,6,228,261
beam,all,1,j0-56,21,22790144222852090,294,278,16,16,9,8,510,613
beam,all,1,j0-56,22,42340928108677318,262,236,16,15,7,6,484,603
beam,all,1,j0-56,23,25197607550421394,278,252,16,15,8,7,510,610
beam,all,1,j0-56,24,20178356449854996,268,268,15,15,8,8,562,636
beam,all,1,j0-56,25,28644864995100918,278,278,16,16,8,8,451,524
beam,all,1,j0-56,26,830492720152661,294,268,16,15,9,8,562,647
beam,all,1,j0-56,27,51066650839970376,278,252,16,15,8,7,595,719
beam,all,1,j0-56,28,7367209113137255,272,272,17,17,7,7,510,614
beam,all,1,j0-56,29,41495489534377967,278,268,16,15,8,8,621,733
beam,all,1,j0-56,30,18850207754958135,262,236,16,15,7,6,483,579
beam,all,1,j0-56,31,4845133839933892,288,272,17,17,8,7,595,713
beam,all,1,j0-56,32,5193370461102195,268,252,15,15,8,7,483,581
beam,all,1,j0-56,33,1242272748976912,268,252,15,15,8,7,313,401
beam,all,1,j0-56,34,39514372386363214,262,246,16,16,7,6,399,504
beam,all,1,j0-56,35,19675328070911641,268,252,15,15,8,7,228,292
beam,all,1,j0-56,36,41366696232866228,252,230,15,16,7,5,372,461
beam,all,1,j0-56,37,31172817672903867,278,268,16,15,8,8,706,821
beam,all,1,j0-56,38,35367915211123801,268,252,15,15,8,7,594,705
beam,all,1,j0-56,39,35071119051253254,278,262,16,16,8,7,510,624
beam,all,1,j0-56,40,9861492365136984,268,268,15,15,8,8,339,415
beam,all,1,j0-56,41,9178330123649395,288,252,17,15,8,7,595,719
beam,all,1,j0-56,42,45110651565721999,252,252,15,15,7,7,510,637
beam,all,1,j0-56,43,38793885881587753,304,294,17,16,9,9,562,630
beam,all,1,j0-56,44,20861563596356667,252,252,15,15,7,7,424,525
beam,all,1,j0-56,45,40079474742851907,278,268,16,15,8,8,339,429
beam,all,1,j0-56,46,29750184353322879,268,268,15,15,8,8,535,643
beam,all,1,j0-56,47,41775106311314461,236,226,15,14,6,6,398,479
beam,all,1,j0-56,48,30167557982534480,262,246,16,16,7,6,399,497
beam,all,1,j0-56,49,21874390231708974,242,232,14,13,7,7,311,389
beam,all,1,j0-56,50,3105461830624122,294,268,16,15,9,8,312,420
beam,all,1,j0-56,51,34493533756903583,262,252,16,15,7,7,510,620
beam,all,1,j0-56,52,10927138478287741,278,252,16,15,8,7,510,629
beam,all,1,j0-56,53,13041840988692033,242,242,14,14,7,7,338,414
beam,all,1,j0-56,54,17649820318362341,236,236,15,15,6,6,398,478
beam,all,1,j0-56,55,22002188124659772,252,236,15,15,7,6,483,596
beam,all,1,j0-56,56,19276342459370318,278,278,16,16,8,8,733,847
beam,all,1,j0-56,57,21676120109663945,294,268,16,15,9,8,706,816
beam,all,1,j0-56,58,9033696722782453,294,262,16,16,9,7,425,528
beam,all,1,j0-56,59,16406421601179465,294,268,16,15,9,8,791,920
beam,all,1,j0-56,60,27980479105654696,294,252,16,15,9,7,425,527
beam,all,1,j0-56,61,21123314884727665,278,252,16,15,8,7,451,503
beam,all,1,j0-56,62,12742782193394444,278,246,16,16,8,6,371,466
beam,all,1,j0-56,63,21396362371914551,294,268,16,15,9,8,424,507
beam,all,2,glv-j0-32,0,20566646,124,98,7,6,4,3,257,293
beam,all,2,glv-j0-32,1,7843221,114,88,6,5,4,3,229,257
beam,all,2,glv-j0-32,2,19391305,88,88,5,5,3,3,142,160
beam,all,2,glv-j0-32,3,16519870,88,88,5,5,3,3,142,161
beam,all,2,glv-j0-32,4,4668766,98,88,6,5,3,3,339,276
beam,all,2,glv-j0-32,5,22575707,108,88,7,5,3,3,340,285
beam,all,2,glv-j0-32,6,5568342,124,98,7,6,4,3,342,294
beam,all,2,glv-j0-32,7,10566719,114,98,6,6,4,3,255,283
beam,all,2,glv-j0-32,8,21158857,114,88,6,5,4,3,116,145
beam,all,2,glv-j0-32,9,19973228,124,88,7,5,4,3,255,266
beam,all,2,glv-j0-32,10,15619414,114,88,6,5,4,3,281,300
beam,all,2,glv-j0-32,11,23150076,114,88,6,5,4,3,142,166
beam,all,2,glv-j0-32,12,16695815,114,98,6,6,4,3,340,366
beam,all,2,glv-j0-32,13,2697002,88,88,5,5,3,3,255,272
beam,all,2,glv-j0-32,14,16045712,108,98,7,6,3,3,341,283
beam,all,2,glv-j0-32,15,19522544,114,88,6,5,4,3,255,252
beam,all,2,glv-j0-32,16,1231995,114,88,6,5,4,3,116,147
beam,all,2,glv-j0-32,17,3896279,98,98,6,6,3,3,340,284
beam,all,2,glv-j0-32,18,19578585,88,88,5,5,3,3,142,163
beam,all,2,glv-j0-32,19,9693278,88,88,5,5,3,3,83,87
beam,all,2,glv-j0-32,20,15330074,114,98,6,6,4,3,144,173
beam,all,2,glv-j0-32,21,6910797,114,104,6,5,4,4,562,395
beam,all,2,glv-j0-32,22,686887,98,88,6,5,3,3,254,261
beam,all,2,glv-j0-32,23,15912434,114,88,6,5,4,3,364,273
beam,all,2,glv-j0-32,24,23366634,114,104,6,5,4,4,338,276
beam,all,2,glv-j0-32,25,3318192,88,88,5,5,3,3,338,265
beam,all,2,glv-j0-32,26,8729071,114,98,6,6,4,3,366,379
beam,all,2,glv-j0-32,27,1838014,114,88,6,5,4,3,229,271
beam,all,2,glv-j0-32,28,8548248,114,88,6,5,4,3,116,151
beam,all,2,glv-j0-32,29,6586328,88,88,5,5,3,3,227,244
beam,all,2,glv-j0-32,30,15493199,88,88,5,5,3,3,340,288
beam,all,2,glv-j0-32,31,2817373,114,88,6,5,4,3,142,164
beam,all,2,glv-j0-32,32,11391268,114,88,6,5,4,3,253,252
beam,all,2,glv-j0-32,33,21542069,88,78,5,4,3,3,338,262
beam,all,2,glv-j0-32,34,3248477,98,88,6,5,3,3,255,273
beam,all,2,glv-j0-32,35,2318204,88,78,5,4,3,3,226,247
beam,all,2,glv-j0-32,36,22960880,114,88,6,5,4,3,116,150
beam,all,2,glv-j0-32,37,3622857,114,88,6,5,4,3,142,162
beam,all,2,glv-j0-32,38,3572562,114,88,6,5,4,3,142,164
beam,all,2,glv-j0-32,39,18381777,88,88,5,5,3,3,142,167
beam,all,2,glv-j0-32,40,5493255,88,88,5,5,3,3,338,264
beam,all,2,glv-j0-32,41,7663525,88,88,5,5,3,3,366,363
beam,all,2,glv-j0-32,42,15958745,124,114,7,6,4,4,394,403
beam,all,2,glv-j0-32,43,23030,114,88,6,5,4,3,116,147
beam,all,2,glv-j0-32,44,10649142,114,98,6,6,4,3,281,283
beam,all,2,glv-j0-32,45,8391221,114,114,6,6,4,4,673,494
beam,all,2,glv-j0-32,46,8071987,114,88,6,5,4,3,116,145
beam,all,2,glv-j0-32,47,22247405,114,98,6,6,4,3,255,276
beam,all,2,glv-j0-32,48,122647,78,62,4,4,3,2,225,227
beam,all,2,glv-j0-32,49,22783709,98,98,6,6,3,3,309,320
beam,all,2,glv-j0-32,50,5253753,114,98,6,6,4,3,227,244
beam,all,2,glv-j0-32,51,13514443,88,78,5,4,3,3,114,133
beam,all,2,glv-j0-32,52,9563597,88,88,5,5,3,3,227,244
beam,all,2,glv-j0-32,53,17150963,52,52,3,3,2,2,336,244
beam,all,2,glv-j0-32,54,12591836,98,98,6,6,3,3,142,168
beam,all,2,glv-j0-32,55,3466673,124,114,7,6,4,4,564,418
beam,all,2,glv-j0-32,56,20290572,98,98,6,6,3,3,394,392
beam,all,2,glv-j0-32,57,20887226,98,98,6,6,3,3,453,471
beam,all,2,glv-j0-32,58,3586798,114,78,6,4,4,3,253,266
beam,all,2,glv-j0-32,59,5046250,98,98,6,6,3,3,170,171
beam,all,2,glv-j0-32,60,6246984,114,98,6,6,4,3,340,359
beam,all,2,glv-j0-32,61,9982923,108,88,7,5,3,3,340,294
beam,all,2,glv-j0-32,62,13120819,114,88,6,5,4,3,366,296
beam,all,2,glv-j0-32,63,8699668,124,114,7,6,4,4,283,308
beam,all,2,j0-56,0,1701235640930529,268,252,15,15,8,7,1076,1047
beam,all,2,j0-56,1,51209531857192480,268,268,15,15,8,8,1154,1083
beam,all,2,j0-56,2,48599518593898289,268,252,15,15,8,7,1076,1144
beam,all,2,j0-56,3,27597576995578806,278,268,16,15,8,8,790,814
beam,all,2,j0-56,4,3817654454660021,268,258,15,14,8,8,845,860
beam,all,2,j0-56,5,48545827656597763,252,242,15,14,7,7,1102,964
beam,all,2,j0-56,6,14288319057473904,278,268,16,15,8,8,1071,1017
beam,all,2,j0-56,7,30552417570233334,252,252,15,15,7,7,938,987
beam,all,2,j0-56,8,35428365444187694,304,268,17,15,9,8,1189,1021
beam,all,2,j0-56,9,12631911908881298,288,236,17,15,8,6,856,958
beam,all,2,j0-56,10,22206975263005101,268,268,15,15,8,8,1043,1017
beam,all,2,j0-56,11,1530501890144118,278,262,16,16,8,7,1047,1107
beam,all,2,j0-56,12,48579291596137043,278,246,16,16,8,6,736,769
beam,all,2,j0-56,13,31691155313374275,268,252,15,15,8,7,684,757
beam,all,2,j0-56,14,16075819056460500,262,252,16,15,7,7,960,910
beam,all,2,j0-56,15,32462769711762082,268,258,15,14,8,8,904,855
beam,all,2,j0-56,16,7963633318843282,278,252,16,15,8,7,679,693
beam,all,2,j0-56,17,18983786612097719,252,252,15,15,7,7,736,783
beam,all,2,j0-56,18,13288556210279355,288,252,17,15,8,7,1018,906
beam,all,2,j0-56,19,4496290136107762,278,268,16,15,8,8,1068,1046
beam,all,2,j0-56,20,20589605919579750,246,236,16,15,6,6,821,756
beam,all,2,j0-56,21,22790144222852090,294,278,16,16,9,8,901,837
beam,all,2,j0-56,22,42340928108677318,262,236,16,15,7,6,764,835
beam,all,2,j0-56,23,25197607550421394,278,252,16,15,8,7,1104,1041
beam,all,2,j0-56,24,20178356449854996,268,268,15,15,8,8,985,961
beam,all,2,j0-56,25,28644864995100918,278,278,16,16,8,8,875,800
beam,all,2,j0-56,26,830492720152661,294,268,16,15,9,8,1097,989
beam,all,2,j0-56,27,51066650839970376,278,268,16,15,8,8,1019,924
beam,all,2,j0-56,28,7367209113137255,272,268,17,15,7,8,1215,1105
beam,all,2,j0-56,29,41495489534377967,278,252,16,15,8,7,934,953
beam,all,2,j0-56,30,18850207754958135,262,236,16,15,7,6,932,921
beam,all,2,j0-56,31,4845133839933892,288,272,17,17,8,7,986,942
beam,all,2,j0-56,32,5193370461102195,268,252,15,15,8,7,1326,1259
beam,all,2,j0-56,33,1242272748976912,268,252,15,15,8,7,932,896
beam,all,2,j0-56,34,39514372386363214,262,246,16,16,7,6,875,930
beam,all,2,j0-56,35,19675328070911641,268,252,15,15,8,7,573,645
beam,all,2,j0-56,36,41366696232866228,252,246,15,16,7,6,710,773
beam,all,2,j0-56,37,31172817672903867,278,268,16,15,8,8,1378,1279
beam,all,2,j0-56,38,35367915211123801,268,252,15,15,8,7,991,1031
beam,all,2,j0-56,39,35071119051253254,278,278,16,16,8,8,1104,1071
beam,all,2,j0-56,40,9861492365136984,268,252,15,15,8,7,566,574
beam,all,2,j0-56,41,9178330123649395,288,268,17,15,8,8,1077,1052
beam,all,2,j0-56,42,45110651565721999,252,252,15,15,7,7,875,916
beam,all,2,j0-56,43,38793885881587753,304,294,17,16,9,9,1235,982
beam,all,2,j0-56,44,20861563596356667,252,252,15,15,7,7,847,836
beam,all,2,j0-56,45,40079474742851907,278,268,16,15,8,8,788,807
beam,all,2,j0-56,46,29750184353322879,268,258,15,14,8,8,1069,989
beam,all,2,j0-56,47,41775106311314461,236,226,15,14,6,6,708,759
beam,all,2,j0-56,48,30167557982534480,262,252,16,15,7,7,960,937
beam,all,2,j0-56,49,21874390231708974,242,232,14,13,7,7,594,534
beam,all,2,j0-56,50,3105461830624122,294,268,16,15,9,8,623,697
beam,all,2,j0-56,51,34493533756903583,262,252,16,15,7,7,1156,1016
beam,all,2,j0-56,52,10927138478287741,278,252,16,15,8,7,882,862
beam,all,2,j0-56,53,13041840988692033,242,210,14,14,7,5,708,760
beam,all,2,j0-56,54,17649820318362341,236,236,15,15,6,6,932,866
beam,all,2,j0-56,55,22002188124659772,252,236,15,15,7,6,795,864
beam,all,2,j0-56,56,19276342459370318,278,278,16,16,8,8,1243,1146
beam,all,2,j0-56,57,21676120109663945,294,268,16,15,9,8,1215,1074
beam,all,2,j0-56,58,9033696722782453,294,262,16,16,9,7,960,987
beam,all,2,j0-56,59,16406421601179465,294,268,16,15,9,8,1385,1290
beam,all,2,j0-56,60,27980479105654696,294,268,16,15,9,8,934,967
beam,all,2,j0-56,61,21123314884727665,278,268,16,15,8,8,1300,1181
beam,all,2,j0-56,62,12742782193394444,278,262,16,16,8,7,1045,1066
beam,all,2,j0-56,63,21396362371914551,294,268,16,15,9,8,991,867
beam,all,4,glv-j0-32,0,20566646,124,98,7,6,4,3,487,422
beam,all,4,glv-j0-32,1,7843221,114,88,6,5,4,3,398,317
beam,all,4,glv-j0-32,2,19391305,88,88,5,5,3,3,368,201
beam,all,4,glv-j0-32,3,16519870,88,88,5,5,3,3,394,301
beam,all,4,glv-j0-32,4,4668766,98,88,6,5,3,3,591,323
beam,all,4,glv-j0-32,5,22575707,108,88,7,5,3,3,679,416
beam,all,4,glv-j0-32,6,5568342,124,98,7,6,4,3,402,329
beam,all,4,glv-j0-32,7,10566719,114,98,6,6,4,3,509,406
beam,all,4,glv-j0-32,8,21158857,114,88,6,5,4,3,342,279
beam,all,4,glv-j0-32,9,19973228,124,88,7,5,4,3,509,454
beam,all,4,glv-j0-32,10,15619414,114,88,6,5,4,3,731,430
beam,all,4,glv-j0-32,11,23150076,114,88,6,5,4,3,368,280
beam,all,4,glv-j0-32,12,16695815,114,98,6,6,4,3,705,500
beam,all,4,glv-j0-32,13,2697002,88,88,5,5,3,3,372,293
beam,all,4,glv-j0-32,14,16045712,108,98,7,6,3,3,484,315
beam,all,4,glv-j0-32,15,19522544,114,88,6,5,4,3,732,525
beam,all,4,glv-j0-32,16,1231995,114,88,6,5,4,3,342,277
beam,all,4,glv-j0-32,17,3896279,98,98,6,6,3,3,705,491
beam,all,4,glv-j0-32,18,19578585,88,88,5,5,3,3,368,266
beam,all,4,glv-j0-32,19,9693278,88,88,5,5,3,3,424,300
beam,all,4,glv-j0-32,20,15330074,114,98,6,6,4,3,846,536
beam,all,4,glv-j0-32,21,6910797,114,104,6,5,4,4,842,454
beam,all,4,glv-j0-32,22,686887,98,88,6,5,3,3,617,380
beam,all,4,glv-j0-32,23,15912434,114,88,6,5,4,3,812,321
beam,all,4,glv-j0-32,24,23366634,114,104,6,5,4,4,479,289
beam,all,4,glv-j0-32,25,3318192,88,88,5,5,3,3,453,275
beam,all,4,glv-j0-32,26,8729071,114,98,6,6,4,3,731,433
beam,all,4,glv-j0-32,27,1838014,114,88,6,5,4,3,568,403
beam,all,4,glv-j0-32,28,8548248,114,88,6,5,4,3,705,397
beam,all,4,glv-j0-32,29,6586328,88,88,5,5,3,3,453,272
beam,all,4,glv-j0-32,30,15493199,88,88,5,5,3,3,568,309
beam,all,4,glv-j0-32,31,2817373,114,88,6,5,4,3,198,188
beam,all,4,glv-j0-32,32,11391268,114,88,6,5,4,3,590,336
beam,all,4,glv-j0-32,33,21542069,88,78,5,4,3,3,479,289
beam,all,4,glv-j0-32,34,3248477,98,88,6,5,3,3,535,417
beam,all,4,glv-j0-32,35,2318204,88,78,5,4,3,3,256,247
beam,all,4,glv-j0-32,36,22960880,114,88,6,5,4,3,342,272
beam,all,4,glv-j0-32,37,3622857,114,88,6,5,4,3,172,171
beam,all,4,glv-j0-32,38,3572562,114,88,6,5,4,3,394,301
beam,all,4,glv-j0-32,39,18381777,88,88,5,5,3,3,368,234
beam,all,4,glv-j0-32,40,5493255,88,88,5,5,3,3,453,280
beam,all,4,glv-j0-32,41,7663525,88,88,5,5,3,3,731,427
beam,all,4,glv-j0-32,42,15958745,124,114,7,6,4,4,846,486
beam,all,4,glv-j0-32,43,23030,114,88,6,5,4,3,257,251
beam,all,4,glv-j0-32,44,10649142,114,98,6,6,4,3,535,425
beam,all,4,glv-j0-32,45,8391221,114,114,6,6,4,4,1234,582
beam,all,4,glv-j0-32,46,8071987,114,88,6,5,4,3,564,382
beam,all,4,glv-j0-32,47,22247405,114,98,6,6,4,3,398,362
beam,all,4,glv-j0-32,48,122647,78,62,4,4,3,2,449,258
beam,all,4,glv-j0-32,49,22783709,98,98,6,6,3,3,761,404
beam,all,4,glv-j0-32,50,5253753,114,98,6,6,4,3,453,360
beam,all,4,glv-j0-32,51,13514443,88,78,5,4,3,3,116,133
beam,all,4,glv-j0-32,52,9563597,88,88,5,5,3,3,394,291
beam,all,4,glv-j0-32,53,17150963,52,52,3,3,2,2,560,261
beam,all,4,glv-j0-32,54,12591836,98,98,6,6,3,3,368,283
beam,all,4,glv-j0-32,55,3466673,124,114,7,6,4,4,1016,471
beam,all,4,glv-j0-32,56,20290572,98,98,6,6,3,3,813,487
beam,all,4,glv-j0-32,57,20887226,98,98,6,6,3,3,709,583
beam,all,4,glv-j0-32,58,3586798,114,78,6,4,4,3,505,317
beam,all,4,glv-j0-32,59,5046250,98,98,6,6,3,3,561,356
beam,all,4,glv-j0-32,60,6246984,114,98,6,6,4,3,705,410
beam,all,4,glv-j0-32,61,9982923,108,88,7,5,3,3,483,322
beam,all,4,glv-j0-32,62,13120819,114,88,6,5,4,3,705,427
beam,all,4,glv-j0-32,63,8699668,124,98,7,6,4,3,624,421
beam,all,4,j0-56,0,1701235640930529,268,246,15,16,8,6,2118,1399
beam,all,4,j0-56,1,51209531857192480,268,258,15,14,8,8,2000,1294
beam,all,4,j0-56,2,48599518593898289,268,268,15,15,8,8,1922,1325
beam,all,4,j0-56,3,27597576995578806,278,268,16,15,8,8,1749,1092
beam,all,4,j0-56,4,3817654454660021,268,258,15,14,8,8,2166,1275
beam,all,4,j0-56,5,48545827656597763,252,242,15,14,7,7,2255,1364
beam,all,4,j0-56,6,14288319057473904,278,268,16,15,8,8,2755,1526
beam,all,4,j0-56,7,30552417570233334,252,252,15,15,7,7,2259,1350
beam,all,4,j0-56,8,35428365444187694,304,268,17,15,9,8,2566,1482
beam,all,4,j0-56,9,12631911908881298,288,252,17,15,8,7,1605,1208
beam,all,4,j0-56,10,22206975263005101,268,268,15,15,8,8,2529,1460
beam,all,4,j0-56,11,1530501890144118,278,262,16,16,8,7,2348,1627
beam,all,4,j0-56,12,48579291596137043,278,230,16,16,8,5,1641,1238
beam,all,4,j0-56,13,31691155313374275,268,252,15,15,8,7,1752,1288
beam,all,4,j0-56,14,16075819056460500,262,252,16,15,7,7,2226,1410
beam,all,4,j0-56,15,32462769711762082,268,258,15,14,8,8,1722,1005
beam,all,4,j0-56,16,7963633318843282,278,268,16,15,8,8,2115,1462
beam,all,4,j0-56,17,18983786612097719,252,252,15,15,7,7,2422,1473
beam,all,4,j0-56,18,13288556210279355,288,252,17,15,8,7,1838,1196
beam,all,4,j0-56,19,4496290136107762,278,268,16,15,8,8,1860,1175
beam,all,4,j0-56,20,20589605919579750,246,236,16,15,6,6,1615,1150
beam,all,4,j0-56,21,22790144222852090,294,262,16,16,9,7,2089,1320
beam,all,4,j0-56,22,42340928108677318,262,236,16,15,7,6,1834,1259
beam,all,4,j0-56,23,25197607550421394,278,252,16,15,8,7,2514,1535
beam,all,4,j0-56,24,20178356449854996,268,268,15,15,8,8,2270,1335
beam,all,4,j0-56,25,28644864995100918,278,262,16,16,8,7,1801,1168
beam,all,4,j0-56,26,830492720152661,294,268,16,15,9,8,2507,1517
beam,all,4,j0-56,27,51066650839970376,278,268,16,15,8,8,2200,1338
beam,all,4,j0-56,28,7367209113137255,272,252,17,15,7,7,1952,1252
beam,all,4,j0-56,29,41495489534377967,278,268,16,15,8,8,2141,1406
beam,all,4,j0-56,30,18850207754958135,262,236,16,15,7,6,2366,1408
beam,all,4,j0-56,31,4845133839933892,288,268,17,15,8,8,2500,1472
beam,all,4,j0-56,32,5193370461102195,268,252,15,15,8,7,2304,1514
beam,all,4,j0-56,33,1242272748976912,268,252,15,15,8,7,1863,1232
beam,all,4,j0-56,34,39514372386363214,262,246,16,16,7,6,2278,1482
beam,all,4,j0-56,35,19675328070911641,268,252,15,15,8,7,1974,1290
beam,all,4,j0-56,36,41366696232866228,252,246,15,16,7,6,1615,1007
beam,all,4,j0-56,37,31172817672903867,278,252,16,15,8,7,2455,1585
beam,all,4,j0-56,38,35367915211123801,268,252,15,15,8,7,1608,1145
beam,all,4,j0-56,39,35071119051253254,278,278,16,16,8,8,2482,1690
beam,all,4,j0-56,40,9861492365136984,268,268,15,15,8,8,2111,1257
beam,all,4,j0-56,41,9178330123649395,288,268,17,15,8,8,2034,1274
beam,all,4,j0-56,42,45110651565721999,252,252,15,15,7,7,2023,1219
beam,all,4,j0-56,43,38793885881587753,304,294,17,16,9,9,2671,1503
beam,all,4,j0-56,44,20861563596356667,252,252,15,15,7,7,2007,1403
beam,all,4,j0-56,45,40079474742851907,278,262,16,16,8,7,1997,1217
beam,all,4,j0-56,46,29750184353322879,268,258,15,14,8,8,2163,1422
beam,all,4,j0-56,47,41775106311314461,236,226,15,14,6,6,1916,1105
beam,all,4,j0-56,48,30167557982534480,262,252,16,15,7,7,2049,1256
beam,all,4,j0-56,49,21874390231708974,242,232,14,13,7,7,1578,921
beam,all,4,j0-56,50,3105461830624122,294,252,16,15,9,7,1332,1049
beam,all,4,j0-56,51,34493533756903583,262,252,16,15,7,7,2677,1368
beam,all,4,j0-56,52,10927138478287741,278,252,16,15,8,7,1978,1293
beam,all,4,j0-56,53,13041840988692033,242,226,14,14,7,6,1302,1025
beam,all,4,j0-56,54,17649820318362341,236,226,15,14,6,6,2085,1274
beam,all,4,j0-56,55,22002188124659772,252,236,15,15,7,6,1804,1224
beam,all,4,j0-56,56,19276342459370318,278,278,16,16,8,8,2145,1420
beam,all,4,j0-56,57,21676120109663945,294,268,16,15,9,8,2396,1468
beam,all,4,j0-56,58,9033696722782453,294,262,16,16,9,7,2648,1617
beam,all,4,j0-56,59,16406421601179465,294,268,16,15,9,8,2455,1474
beam,all,4,j0-56,60,27980479105654696,294,268,16,15,9,8,2259,1474
beam,all,4,j0-56,61,21123314884727665,278,268,16,15,8,8,2226,1508
beam,all,4,j0-56,62,12742782193394444,278,262,16,16,8,7,2160,1419
beam,all,4,j0-56,63,21396362371914551,294,268,16,15,9,8,1896,1201
beam,all,8,glv-j0-32,0,20566646,124,98,7,6,4,3,1613,674
beam,all,8,glv-j0-32,1,7843221,114,88,6,5,4,3,1324,548
beam,all,8,glv-j0-32,2,19391305,88,88,5,5,3,3,820,236
beam,all,8,glv-j0-32,3,16519870,88,88,5,5,3,3,813,402
beam,all,8,glv-j0-32,4,4668766,98,88,6,5,3,3,1376,459
beam,all,8,glv-j0-32,5,22575707,108,88,7,5,3,3,1135,437
beam,all,8,glv-j0-32,6,5568342,124,98,7,6,4,3,1443,709
beam,all,8,glv-j0-32,7,10566719,114,98,6,6,4,3,1095,492
beam,all,8,glv-j0-32,8,21158857,114,88,6,5,4,3,794,324
beam,all,8,glv-j0-32,9,19973228,124,88,7,5,4,3,1291,530
beam,all,8,glv-j0-32,10,15619414,114,88,6,5,4,3,1291,528
beam,all,8,glv-j0-32,11,23150076,114,88,6,5,4,3,1179,447
beam,all,8,glv-j0-32,12,16695815,114,98,6,6,4,3,1768,603
beam,all,8,glv-j0-32,13,2697002,88,88,5,5,3,3,991,471
beam,all,8,glv-j0-32,14,16045712,108,98,7,6,3,3,940,418
beam,all,8,glv-j0-32,15,19522544,114,88,6,5,4,3,1436,671
beam,all,8,glv-j0-32,16,1231995,114,88,6,5,4,3,905,396
beam,all,8,glv-j0-32,17,3896279,98,98,6,6,3,3,1938,642
beam,all,8,glv-j0-32,18,19578585,88,88,5,5,3,3,931,395
beam,all,8,glv-j0-32,19,9693278,88,88,5,5,3,3,1317,482
beam,all,8,glv-j0-32,20,15330074,114,98,6,6,4,3,1743,631
beam,all,8,glv-j0-32,21,6910797,114,98,6,6,4,3,1631,500
beam,all,8,glv-j0-32,22,686887,98,88,6,5,3,3,1095,422
beam,all,8,glv-j0-32,23,15912434,114,88,6,5,4,3,1316,366
beam,all,8,glv-j0-32,24,23366634,114,104,6,5,4,4,931,336
beam,all,8,glv-j0-32,25,3318192,88,88,5,5,3,3,709,310
beam,all,8,glv-j0-32,26,8729071,114,98,6,6,4,3,1435,556
beam,all,8,glv-j0-32,27,1838014,114,88,6,5,4,3,1605,622
beam,all,8,glv-j0-32,28,8548248,114,88,6,5,4,3,1631,598
beam,all,8,glv-j0-32,29,6586328,88,88,5,5,3,3,735,395
beam,all,8,glv-j0-32,30,15493199,88,88,5,5,3,3,1468,581
beam,all,8,glv-j0-32,31,2817373,114,88,6,5,4,3,565,315
beam,all,8,glv-j0-32,32,11391268,114,88,6,5,4,3,1290,374
beam,all,8,glv-j0-32,33,21542069,88,78,5,4,3,3,1042,435
beam,all,8,glv-j0-32,34,3248477,98,88,6,5,3,3,1317,487
beam,all,8,glv-j0-32,35,2318204,88,78,5,4,3,3,846,394
beam,all,8,glv-j0-32,36,22960880,114,88,6,5,4,3,794,302
beam,all,8,glv-j0-32,37,3622857,114,88,6,5,4,3,624,325
beam,all,8,glv-j0-32,38,3572562,114,88,6,5,4,3,872,399
beam,all,8,glv-j0-32,39,18381777,88,88,5,5,3,3,820,250
beam,all,8,glv-j0-32,40,5493255,88,88,5,5,3,3,931,410
beam,all,8,glv-j0-32,41,7663525,88,88,5,5,3,3,1350,479
beam,all,8,glv-j0-32,42,15958745,124,114,7,6,4,4,1606,590
beam,all,8,glv-j0-32,43,23030,114,88,6,5,4,3,709,310
beam,all,8,glv-j0-32,44,10649142,114,98,6,6,4,3,1291,551
beam,all,8,glv-j0-32,45,8391221,114,114,6,6,4,4,2212,623
beam,all,8,glv-j0-32,46,8071987,114,88,6,5,4,3,1349,448
beam,all,8,glv-j0-32,47,22247405,114,98,6,6,4,3,1154,532
beam,all,8,glv-j0-32,48,122647,78,62,4,4,3,2,897,281
beam,all,8,glv-j0-32,49,22783709,98,98,6,6,3,3,1776,520
beam,all,8,glv-j0-32,50,5253753,114,98,6,6,4,3,905,396
beam,all,8,glv-j0-32,51,13514443,88,78,5,4,3,3,120,133
beam,all,8,glv-j0-32,52,9563597,88,88,5,5,3,3,846,404
beam,all,8,glv-j0-32,53,17150963,52,52,3,3,2,2,1008,294
beam,all,8,glv-j0-32,54,12591836,98,98,6,6,3,3,650,305
beam,all,8,glv-j0-32,55,3466673,124,114,7,6,4,4,1920,532
beam,all,8,glv-j0-32,56,20290572,98,98,6,6,3,3,1684,600
beam,all,8,glv-j0-32,57,20887226,98,98,6,6,3,3,1717,696
beam,all,8,glv-j0-32,58,3586798,114,78,6,4,4,3,983,350
beam,all,8,glv-j0-32,59,5046250,98,98,6,6,3,3,1735,509
beam,all,8,glv-j0-32,60,6246984,114,98,6,6,4,3,1435,463
beam,all,8,glv-j0-32,61,9982923,108,88,7,5,3,3,1017,455
beam,all,8,glv-j0-32,62,13120819,114,88,6,5,4,3,1546,504
beam,all,8,glv-j0-32,63,8699668,124,98,7,6,4,3,1639,529
beam,all,8,j0-56,0,1701235640930529,268,246,15,16,8,6,4280,1830
beam,all,8,j0-56,1,51209531857192480,268,258,15,14,8,8,4998,1715
beam,all,8,j0-56,2,48599518593898289,268,268,15,15,8,8,4561,1781
beam,all,8,j0-56,3,27597576995578806,278,252,16,15,8,7,4007,1576
beam,all,8,j0-56,4,3817654454660021,268,258,15,14,8,8,4579,1850
beam,all,8,j0-56,5,48545827656597763,252,242,15,14,7,7,5260,1880
beam,all,8,j0-56,6,14288319057473904,278,252,16,15,8,7,4843,1874
beam,all,8,j0-56,7,30552417570233334,252,252,15,15,7,7,4783,1779
beam,all,8,j0-56,8,35428365444187694,304,268,17,15,9,8,4784,1717
beam,all,8,j0-56,9,12631911908881298,288,236,17,15,8,6,4189,1826
beam,all,8,j0-56,10,22206975263005101,268,268,15,15,8,8,4828,1815
beam,all,8,j0-56,11,1530501890144118,278,262,16,16,8,7,4655,1851
beam,all,8,j0-56,12,48579291596137043,278,230,16,16,8,5,4502,1790
beam,all,8,j0-56,13,31691155313374275,268,252,15,15,8,7,4051,1646
beam,all,8,j0-56,14,16075819056460500,262,252,16,15,7,7,4770,1694
beam,all,8,j0-56,15,32462769711762082,268,258,15,14,8,8,3273,1312
beam,all,8,j0-56,16,7963633318843282,278,262,16,16,8,7,4522,1814
beam,all,8,j0-56,17,18983786612097719,252,252,15,15,7,7,5110,1859
beam,all,8,j0-56,18,13288556210279355,288,252,17,15,8,7,3922,1499
beam,all,8,j0-56,19,4496290136107762,278,268,16,15,8,8,5024,1693
beam,all,8,j0-56,20,20589605919579750,246,236,16,15,6,6,4247,1599
beam,all,8,j0-56,21,22790144222852090,294,246,16,16,9,6,3955,1920
beam,all,8,j0-56,22,42340928108677318,262,236,16,15,7,6,4640,1777
beam,all,8,j0-56,23,25197607550421394,278,252,16,15,8,7,5157,1898
beam,all,8,j0-56,24,20178356449854996,268,268,15,15,8,8,5243,1929
beam,all,8,j0-56,25,28644864995100918,278,262,16,16,8,7,4189,1853
beam,all,8,j0-56,26,830492720152661,294,268,16,15,9,8,5509,1921
beam,all,8,j0-56,27,51066650839970376,278,252,16,15,8,7,4725,1919
beam,all,8,j0-56,28,7367209113137255,272,252,17,15,7,7,4621,1768
beam,all,8,j0-56,29,41495489534377967,278,252,16,15,8,7,4673,1927
beam,all,8,j0-56,30,18850207754958135,262,236,16,15,7,6,4587,1690
beam,all,8,j0-56,31,4845133839933892,288,268,17,15,8,8,5502,1923
beam,all,8,j0-56,32,5193370461102195,268,252,15,15,8,7,4895,1831
beam,all,8,j0-56,33,1242272748976912,268,236,15,15,8,6,3940,1716
beam,all,8,j0-56,34,39514372386363214,262,246,16,16,7,6,4999,1868
beam,all,8,j0-56,35,19675328070911641,268,252,15,15,8,7,4580,1765
beam,all,8,j0-56,36,41366696232866228,252,230,15,16,7,5,3385,1516
beam,all,8,j0-56,37,31172817672903867,278,252,16,15,8,7,6005,2145
beam,all,8,j0-56,38,35367915211123801,268,252,15,15,8,7,3855,1732
beam,all,8,j0-56,39,35071119051253254,278,262,16,16,8,7,5597,2152
beam,all,8,j0-56,40,9861492365136984,268,252,15,15,8,7,4299,1654
beam,all,8,j0-56,41,9178330123649395,288,268,17,15,8,8,3889,1531
beam,all,8,j0-56,42,45110651565721999,252,252,15,15,7,7,5417,1935
beam,all,8,j0-56,43,38793885881587753,304,294,17,16,9,9,5707,1969
beam,all,8,j0-56,44,20861563596356667,252,236,15,15,7,6,5038,1946
beam,all,8,j0-56,45,40079474742851907,278,262,16,16,8,7,4869,1830
beam,all,8,j0-56,46,29750184353322879,268,258,15,14,8,8,4391,1703
beam,all,8,j0-56,47,41775106311314461,236,226,15,14,6,6,4443,1442
beam,all,8,j0-56,48,30167557982534480,262,252,16,15,7,7,4633,1740
beam,all,8,j0-56,49,21874390231708974,242,232,14,13,7,7,3546,1249
beam,all,8,j0-56,50,3105461830624122,294,252,16,15,9,7,4314,1731
beam,all,8,j0-56,51,34493533756903583,262,252,16,15,7,7,5379,1754
beam,all,8,j0-56,52,10927138478287741,278,252,16,15,8,7,4961,1982
beam,all,8,j0-56,53,13041840988692033,242,210,14,14,7,5,3996,1723
beam,all,8,j0-56,54,17649820318362341,236,226,15,14,6,6,4776,1818
beam,all,8,j0-56,55,22002188124659772,252,236,15,15,7,6,3907,1733
beam,all,8,j0-56,56,19276342459370318,278,262,16,16,8,7,4929,2028
beam,all,8,j0-56,57,21676120109663945,294,268,16,15,9,8,5287,2005
beam,all,8,j0-56,58,9033696722782453,294,262,16,16,9,7,5875,2059
beam,all,8,j0-56,59,16406421601179465,294,268,16,15,9,8,5679,2075
beam,all,8,j0-56,60,27980479105654696,294,268,16,15,9,8,4418,1798
beam,all,8,j0-56,61,21123314884727665,278,252,16,15,8,7,4724,1963
beam,all,8,j0-56,62,12742782193394444,278,262,16,16,8,7,5058,1978
beam,all,8,j0-56,63,21396362371914551,294,268,16,15,9,8,4509,1669
