curve,scalar_index,scalar,modulus,baseline_score,candidate_score,gated_score,baseline_pairs,candidate_pairs,baseline_adds,candidate_adds,atlas_lookups,atlas_misses,terminated
glv-j0-32,0,20566646,3,124,130,124,7,6,4,5,5,0,True
glv-j0-32,0,20566646,9,124,124,124,7,7,4,4,5,0,True
glv-j0-32,0,20566646,27,124,114,114,7,6,4,4,5,0,True
glv-j0-32,0,20566646,81,124,98,98,7,6,4,3,5,0,True
glv-j0-32,1,7843221,3,114,130,114,6,6,4,5,4,0,True
glv-j0-32,1,7843221,9,114,114,114,6,6,4,4,4,0,True
glv-j0-32,1,7843221,27,114,114,114,6,6,4,4,4,0,True
glv-j0-32,1,7843221,81,114,98,98,6,6,4,3,4,0,True
glv-j0-32,2,19391305,3,88,120,88,5,5,3,5,3,0,True
glv-j0-32,2,19391305,9,88,114,88,5,6,3,4,3,0,True
glv-j0-32,2,19391305,27,88,88,88,5,5,3,3,3,0,True
glv-j0-32,2,19391305,81,88,120,88,5,5,3,5,3,0,True
glv-j0-32,3,16519870,3,88,120,88,5,5,3,5,3,0,True
glv-j0-32,3,16519870,9,88,114,88,5,6,3,4,3,0,True
glv-j0-32,3,16519870,27,88,88,88,5,5,3,3,3,0,True
glv-j0-32,3,16519870,81,88,104,88,5,5,3,4,3,0,True
glv-j0-32,4,4668766,3,98,104,98,6,5,3,4,4,0,True
glv-j0-32,4,4668766,9,98,98,98,6,6,3,3,4,0,True
glv-j0-32,4,4668766,27,98,98,98,6,6,3,3,4,0,True
glv-j0-32,4,4668766,81,98,108,98,6,7,3,3,4,0,True
glv-j0-32,5,22575707,3,108,146,108,7,6,3,6,4,0,True
glv-j0-32,5,22575707,9,108,88,88,7,5,3,3,4,0,True
glv-j0-32,5,22575707,27,108,108,108,7,7,3,3,4,0,True
glv-j0-32,5,22575707,81,108,108,108,7,7,3,3,4,0,True
glv-j0-32,6,5568342,3,124,146,124,7,6,4,6,5,0,True
glv-j0-32,6,5568342,9,124,124,124,7,7,4,4,5,0,True
glv-j0-32,6,5568342,27,124,108,108,7,7,4,3,4,0,True
glv-j0-32,6,5568342,81,124,172,124,7,7,4,7,5,0,True
glv-j0-32,7,10566719,3,114,130,114,6,6,4,5,4,0,True
glv-j0-32,7,10566719,9,114,98,98,6,6,4,3,4,0,True
glv-j0-32,7,10566719,27,114,114,114,6,6,4,4,4,0,True
glv-j0-32,7,10566719,81,114,146,114,6,6,4,6,4,0,True
glv-j0-32,8,21158857,3,114,130,114,6,6,4,5,3,0,True
glv-j0-32,8,21158857,9,114,114,114,6,6,4,4,3,0,True
glv-j0-32,8,21158857,27,114,114,114,6,6,4,4,3,0,True
glv-j0-32,8,21158857,81,114,130,114,6,6,4,5,3,0,True
glv-j0-32,9,19973228,3,124,146,124,7,6,4,6,4,0,True
glv-j0-32,9,19973228,9,124,98,98,7,6,4,3,4,0,True
glv-j0-32,9,19973228,27,124,114,114,7,6,4,4,4,0,True
glv-j0-32,9,19973228,81,124,150,124,7,8,4,5,4,0,True
glv-j0-32,10,15619414,3,114,146,114,6,6,4,6,4,0,True
glv-j0-32,10,15619414,9,114,114,114,6,6,4,4,4,0,True
glv-j0-32,10,15619414,27,114,114,114,6,6,4,4,4,0,True
glv-j0-32,10,15619414,81,114,130,114,6,6,4,5,4,0,True
glv-j0-32,11,23150076,3,114,120,114,6,5,4,5,3,0,True
glv-j0-32,11,23150076,9,114,114,114,6,6,4,4,3,0,True
glv-j0-32,11,23150076,27,114,88,88,6,5,4,3,3,0,True
glv-j0-32,11,23150076,81,114,104,104,6,5,4,4,3,0,True
glv-j0-32,12,16695815,3,114,114,114,6,6,4,4,4,0,True
glv-j0-32,12,16695815,9,114,98,98,6,6,4,3,4,0,True
glv-j0-32,12,16695815,27,114,98,98,6,6,4,3,4,0,True
glv-j0-32,12,16695815,81,114,98,98,6,6,4,3,4,0,True
glv-j0-32,13,2697002,3,88,120,88,5,5,3,5,4,0,True
glv-j0-32,13,2697002,9,88,88,88,5,5,3,3,3,0,True
glv-j0-32,13,2697002,27,88,88,88,5,5,3,3,4,0,True
glv-j0-32,13,2697002,81,88,120,88,5,5,3,5,3,0,True
glv-j0-32,14,16045712,3,108,130,108,7,6,3,5,5,0,True
glv-j0-32,14,16045712,9,108,124,108,7,7,3,4,5,0,True
glv-j0-32,14,16045712,27,108,150,108,7,8,3,5,5,0,True
glv-j0-32,14,16045712,81,108,114,108,7,6,3,4,5,0,True
glv-j0-32,15,19522544,3,114,146,114,6,6,4,6,4,0,True
glv-j0-32,15,19522544,9,114,114,114,6,6,4,4,4,0,True
glv-j0-32,15,19522544,27,114,114,114,6,6,4,4,4,0,True
glv-j0-32,15,19522544,81,114,130,114,6,6,4,5,4,0,True
glv-j0-32,16,1231995,3,114,130,114,6,6,4,5,3,0,True
glv-j0-32,16,1231995,9,114,114,114,6,6,4,4,3,0,True
glv-j0-32,16,1231995,27,114,88,88,6,5,4,3,3,0,True
glv-j0-32,16,1231995,81,114,124,114,6,7,4,4,3,0,True
glv-j0-32,17,3896279,3,98,146,98,6,6,3,6,4,0,True
glv-j0-32,17,3896279,9,98,98,98,6,6,3,3,4,0,True
glv-j0-32,17,3896279,27,98,114,98,6,6,3,4,4,0,True
glv-j0-32,17,3896279,81,98,98,98,6,6,3,3,4,0,True
glv-j0-32,18,19578585,3,88,120,88,5,5,3,5,3,0,True
glv-j0-32,18,19578585,9,88,88,88,5,5,3,3,3,0,True
glv-j0-32,18,19578585,27,88,88,88,5,5,3,3,3,0,True
glv-j0-32,18,19578585,81,88,120,88,5,5,3,5,3,0,True
glv-j0-32,19,9693278,3,88,120,88,5,5,3,5,3,0,True
glv-j0-32,19,9693278,9,88,98,88,5,6,3,3,3,0,True
glv-j0-32,19,9693278,27,88,114,88,5,6,3,4,3,0,True
glv-j0-32,19,9693278,81,88,104,88,5,5,3,4,3,0,True
glv-j0-32,20,15330074,3,114,130,114,6,6,4,5,4,0,True
glv-j0-32,20,15330074,9,114,114,114,6,6,4,4,4,0,True
glv-j0-32,20,15330074,27,114,114,114,6,6,4,4,4,0,True
glv-j0-32,20,15330074,81,114,98,98,6,6,4,3,4,0,True
glv-j0-32,21,6910797,3,114,130,114,6,6,4,5,4,0,True
glv-j0-32,21,6910797,9,114,114,114,6,6,4,4,4,0,True
glv-j0-32,21,6910797,27,114,118,114,6,8,4,3,4,0,True
glv-j0-32,21,6910797,81,114,134,114,6,8,4,4,4,0,True
glv-j0-32,22,686887,3,98,114,98,6,6,3,4,4,0,True
glv-j0-32,22,686887,9,98,98,98,6,6,3,3,4,0,True
glv-j0-32,22,686887,27,98,98,98,6,6,3,3,4,0,True
glv-j0-32,22,686887,81,98,130,98,6,6,3,5,4,0,True
glv-j0-32,23,15912434,3,114,104,104,6,5,4,4,3,0,True
glv-j0-32,23,15912434,9,114,88,88,6,5,4,3,3,0,True
glv-j0-32,23,15912434,27,114,88,88,6,5,4,3,3,0,True
glv-j0-32,23,15912434,81,114,104,104,6,5,4,4,3,0,True
glv-j0-32,24,23366634,3,114,130,114,6,6,4,5,4,0,True
glv-j0-32,24,23366634,9,114,114,114,6,6,4,4,4,0,True
glv-j0-32,24,23366634,27,114,114,114,6,6,4,4,4,0,True
glv-j0-32,24,23366634,81,114,104,104,6,5,4,4,3,0,True
glv-j0-32,25,3318192,3,88,104,88,5,5,3,4,3,0,True
glv-j0-32,25,3318192,9,88,114,88,5,6,3,4,3,0,True
glv-j0-32,25,3318192,27,88,88,88,5,5,3,3,3,0,True
glv-j0-32,25,3318192,81,88,104,88,5,5,3,4,3,0,True
glv-j0-32,26,8729071,3,114,146,114,6,6,4,6,4,0,True
glv-j0-32,26,8729071,9,114,114,114,6,6,4,4,4,0,True
glv-j0-32,26,8729071,27,114,114,114,6,6,4,4,4,0,True
glv-j0-32,26,8729071,81,114,150,114,6,8,4,5,4,0,True
glv-j0-32,27,1838014,3,114,146,114,6,6,4,6,4,0,True
glv-j0-32,27,1838014,9,114,98,98,6,6,4,3,4,0,True
glv-j0-32,27,1838014,27,114,108,108,6,7,4,3,4,0,True
glv-j0-32,27,1838014,81,114,146,114,6,6,4,6,4,0,True
glv-j0-32,28,8548248,3,114,120,114,6,5,4,5,3,0,True
glv-j0-32,28,8548248,9,114,114,114,6,6,4,4,4,0,True
glv-j0-32,28,8548248,27,114,114,114,6,6,4,4,3,0,True
glv-j0-32,28,8548248,81,114,98,98,6,6,4,3,3,0,True
glv-j0-32,29,6586328,3,88,120,88,5,5,3,5,3,0,True
glv-j0-32,29,6586328,9,88,88,88,5,5,3,3,3,0,True
glv-j0-32,29,6586328,27,88,114,88,5,6,3,4,3,0,True
glv-j0-32,29,6586328,81,88,124,88,5,7,3,4,3,0,True
glv-j0-32,30,15493199,3,88,104,88,5,5,3,4,4,0,True
glv-j0-32,30,15493199,9,88,114,88,5,6,3,4,4,0,True
glv-j0-32,30,15493199,27,88,140,88,5,7,3,5,4,0,True
glv-j0-32,30,15493199,81,88,120,88,5,5,3,5,4,0,True
glv-j0-32,31,2817373,3,114,104,104,6,5,4,4,3,0,True
glv-j0-32,31,2817373,9,114,114,114,6,6,4,4,3,0,True
glv-j0-32,31,2817373,27,114,114,114,6,6,4,4,3,0,True
glv-j0-32,31,2817373,81,114,104,104,6,5,4,4,3,0,True
glv-j0-32,32,11391268,3,114,120,114,6,5,4,5,3,0,True
glv-j0-32,32,11391268,9,114,88,88,6,5,4,3,3,0,True
glv-j0-32,32,11391268,27,114,114,114,6,6,4,4,3,0,True
glv-j0-32,32,11391268,81,114,104,104,6,5,4,4,3,0,True
glv-j0-32,33,21542069,3,88,120,88,5,5,3,5,3,0,True
glv-j0-32,33,21542069,9,88,88,88,5,5,3,3,3,0,True
glv-j0-32,33,21542069,27,88,88,88,5,5,3,3,3,0,True
glv-j0-32,33,21542069,81,88,108,88,5,7,3,3,3,0,True
glv-j0-32,34,3248477,3,98,146,98,6,6,3,6,4,0,True
glv-j0-32,34,3248477,9,98,114,98,6,6,3,4,4,0,True
glv-j0-32,34,3248477,27,98,114,98,6,6,3,4,4,0,True
glv-j0-32,34,3248477,81,98,120,98,6,5,3,5,4,0,True
glv-j0-32,35,2318204,3,88,120,88,5,5,3,5,3,0,True
glv-j0-32,35,2318204,9,88,88,88,5,5,3,3,3,0,True
glv-j0-32,35,2318204,27,88,94,88,5,4,3,4,2,0,True
glv-j0-32,35,2318204,81,88,94,88,5,4,3,4,2,0,True
glv-j0-32,36,22960880,3,114,120,114,6,5,4,5,3,0,True
glv-j0-32,36,22960880,9,114,114,114,6,6,4,4,3,0,True
glv-j0-32,36,22960880,27,114,88,88,6,5,4,3,3,0,True
glv-j0-32,36,22960880,81,114,130,114,6,6,4,5,3,0,True
glv-j0-32,37,3622857,3,114,120,114,6,5,4,5,3,0,True
glv-j0-32,37,3622857,9,114,114,114,6,6,4,4,3,0,True
glv-j0-32,37,3622857,27,114,98,98,6,6,4,3,3,0,True
glv-j0-32,37,3622857,81,114,98,98,6,6,4,3,3,0,True
glv-j0-32,38,3572562,3,114,120,114,6,5,4,5,3,0,True
glv-j0-32,38,3572562,9,114,88,88,6,5,4,3,3,0,True
glv-j0-32,38,3572562,27,114,88,88,6,5,4,3,3,0,True
glv-j0-32,38,3572562,81,114,104,104,6,5,4,4,3,0,True
glv-j0-32,39,18381777,3,88,120,88,5,5,3,5,3,0,True
glv-j0-32,39,18381777,9,88,114,88,5,6,3,4,4,0,True
glv-j0-32,39,18381777,27,88,88,88,5,5,3,3,3,0,True
glv-j0-32,39,18381777,81,88,150,88,5,8,3,5,4,0,True
glv-j0-32,40,5493255,3,88,104,88,5,5,3,4,3,0,True
glv-j0-32,40,5493255,9,88,88,88,5,5,3,3,3,0,True
glv-j0-32,40,5493255,27,88,120,88,5,5,3,5,3,0,True
glv-j0-32,40,5493255,81,88,120,88,5,5,3,5,3,0,True
glv-j0-32,41,7663525,3,88,104,88,5,5,3,4,4,0,True
glv-j0-32,41,7663525,9,88,108,88,5,7,3,3,4,0,True
glv-j0-32,41,7663525,27,88,108,88,5,7,3,3,4,0,True
glv-j0-32,41,7663525,81,88,108,88,5,7,3,3,4,0,True
glv-j0-32,42,15958745,3,124,172,124,7,7,4,7,5,0,True
glv-j0-32,42,15958745,9,124,114,114,7,6,4,4,5,0,True
glv-j0-32,42,15958745,27,124,114,114,7,6,4,4,5,0,True
glv-j0-32,42,15958745,81,124,172,124,7,7,4,7,5,0,True
glv-j0-32,43,23030,3,114,120,114,6,5,4,5,3,0,True
glv-j0-32,43,23030,9,114,114,114,6,6,4,4,3,0,True
glv-j0-32,43,23030,27,114,88,88,6,5,4,3,3,0,True
glv-j0-32,43,23030,81,114,130,114,6,6,4,5,3,0,True
glv-j0-32,44,10649142,3,114,130,114,6,6,4,5,4,0,True
glv-j0-32,44,10649142,9,114,114,114,6,6,4,4,4,0,True
glv-j0-32,44,10649142,27,114,98,98,6,6,4,3,4,0,True
glv-j0-32,44,10649142,81,114,98,98,6,6,4,3,4,0,True
glv-j0-32,45,8391221,3,114,146,114,6,6,4,6,4,0,True
glv-j0-32,45,8391221,9,114,114,114,6,6,4,4,4,0,True
glv-j0-32,45,8391221,27,114,140,114,6,7,4,5,4,0,True
glv-j0-32,45,8391221,81,114,124,114,6,7,4,4,4,0,True
glv-j0-32,46,8071987,3,114,114,114,6,6,4,4,3,0,True
glv-j0-32,46,8071987,9,114,114,114,6,6,4,4,3,0,True
glv-j0-32,46,8071987,27,114,98,98,6,6,4,3,3,0,True
glv-j0-32,46,8071987,81,114,98,98,6,6,4,3,3,0,True
glv-j0-32,47,22247405,3,114,130,114,6,6,4,5,4,0,True
glv-j0-32,47,22247405,9,114,114,114,6,6,4,4,4,0,True
glv-j0-32,47,22247405,27,114,108,108,6,7,4,3,4,0,True
glv-j0-32,47,22247405,81,114,124,114,6,7,4,4,4,0,True
glv-j0-32,48,122647,3,78,94,78,4,4,3,4,2,0,True
glv-j0-32,48,122647,9,78,78,78,4,4,3,3,2,0,True
glv-j0-32,48,122647,27,78,62,62,4,4,3,2,2,0,True
glv-j0-32,48,122647,81,78,78,78,4,4,3,3,2,0,True
glv-j0-32,49,22783709,3,98,146,98,6,6,3,6,5,0,True
glv-j0-32,49,22783709,9,98,124,98,6,7,3,4,5,0,True
glv-j0-32,49,22783709,27,98,114,98,6,6,3,4,5,0,True
glv-j0-32,49,22783709,81,98,156,98,6,7,3,6,5,0,True
glv-j0-32,50,5253753,3,114,130,114,6,6,4,5,3,0,True
glv-j0-32,50,5253753,9,114,114,114,6,6,4,4,3,0,True
glv-j0-32,50,5253753,27,114,130,114,6,6,4,5,3,0,True
glv-j0-32,50,5253753,81,114,130,114,6,6,4,5,3,0,True
glv-j0-32,51,13514443,3,88,104,88,5,5,3,4,2,0,True
glv-j0-32,51,13514443,9,88,88,88,5,5,3,3,2,0,True
glv-j0-32,51,13514443,27,88,88,88,5,5,3,3,2,0,True
glv-j0-32,51,13514443,81,88,104,88,5,5,3,4,2,0,True
glv-j0-32,52,9563597,3,88,120,88,5,5,3,5,3,0,True
glv-j0-32,52,9563597,9,88,88,88,5,5,3,3,3,0,True
glv-j0-32,52,9563597,27,88,88,88,5,5,3,3,3,0,True
glv-j0-32,52,9563597,81,88,124,88,5,7,3,4,3,0,True
glv-j0-32,53,17150963,3,52,68,52,3,3,2,3,1,0,True
glv-j0-32,53,17150963,9,52,52,52,3,3,2,2,1,0,True
glv-j0-32,53,17150963,27,52,88,52,3,5,2,3,2,0,True
glv-j0-32,53,17150963,81,52,94,52,3,4,2,4,2,0,True
glv-j0-32,54,12591836,3,98,130,98,6,6,3,5,3,0,True
glv-j0-32,54,12591836,9,98,98,98,6,6,3,3,3,0,True
glv-j0-32,54,12591836,27,98,98,98,6,6,3,3,3,0,True
glv-j0-32,54,12591836,81,98,130,98,6,6,3,5,3,0,True
glv-j0-32,55,3466673,3,124,146,124,7,6,4,6,5,0,True
glv-j0-32,55,3466673,9,124,140,124,7,7,4,5,5,0,True
glv-j0-32,55,3466673,27,124,166,124,7,8,4,6,5,0,True
glv-j0-32,55,3466673,81,124,172,124,7,7,4,7,5,0,True
glv-j0-32,56,20290572,3,98,130,98,6,6,3,5,5,0,True
glv-j0-32,56,20290572,9,98,124,98,6,7,3,4,5,0,True
glv-j0-32,56,20290572,27,98,134,98,6,8,3,4,5,0,True
glv-j0-32,56,20290572,81,98,98,98,6,6,3,3,5,0,True
glv-j0-32,57,20887226,3,98,130,98,6,6,3,5,4,0,True
glv-j0-32,57,20887226,9,98,114,98,6,6,3,4,4,0,True
glv-j0-32,57,20887226,27,98,98,98,6,6,3,3,4,0,True
glv-j0-32,57,20887226,81,98,98,98,6,6,3,3,4,0,True
glv-j0-32,58,3586798,3,114,104,104,6,5,4,4,3,0,True
glv-j0-32,58,3586798,9,114,88,88,6,5,4,3,3,0,True
glv-j0-32,58,3586798,27,114,120,114,6,5,4,5,3,0,True
glv-j0-32,58,3586798,81,114,120,114,6,5,4,5,3,0,True
glv-j0-32,59,5046250,3,98,146,98,6,6,3,6,4,0,True
glv-j0-32,59,5046250,9,98,130,98,6,6,3,5,4,0,True
glv-j0-32,59,5046250,27,98,114,98,6,6,3,4,4,0,True
glv-j0-32,59,5046250,81,98,130,98,6,6,3,5,4,0,True
glv-j0-32,60,6246984,3,114,146,114,6,6,4,6,4,0,True
glv-j0-32,60,6246984,9,114,114,114,6,6,4,4,4,0,True
glv-j0-32,60,6246984,27,114,98,98,6,6,4,3,4,0,True
glv-j0-32,60,6246984,81,114,98,98,6,6,4,3,4,0,True
glv-j0-32,61,9982923,3,108,120,108,7,5,3,5,4,0,True
glv-j0-32,61,9982923,9,108,108,108,7,7,3,3,4,0,True
glv-j0-32,61,9982923,27,108,114,108,7,6,3,4,4,0,True
glv-j0-32,61,9982923,81,108,108,108,7,7,3,3,4,0,True
glv-j0-32,62,13120819,3,114,130,114,6,6,4,5,4,0,True
glv-j0-32,62,13120819,9,114,114,114,6,6,4,4,4,0,True
glv-j0-32,62,13120819,27,114,114,114,6,6,4,4,4,0,True
glv-j0-32,62,13120819,81,114,150,114,6,8,4,5,4,0,True
glv-j0-32,63,8699668,3,124,140,124,7,7,4,5,5,0,True
glv-j0-32,63,8699668,9,124,124,124,7,7,4,4,5,0,True
glv-j0-32,63,8699668,27,124,114,114,7,6,4,4,5,0,True
glv-j0-32,63,8699668,81,124,146,124,7,6,4,6,5,0,True
glv-j0-32,64,4215455,3,114,130,114,6,6,4,5,3,0,True
glv-j0-32,64,4215455,9,114,114,114,6,6,4,4,3,0,True
glv-j0-32,64,4215455,27,114,114,114,6,6,4,4,3,0,True
glv-j0-32,64,4215455,81,114,120,114,6,5,4,5,3,0,True
glv-j0-32,65,21959376,3,124,146,124,7,6,4,6,5,0,True
glv-j0-32,65,21959376,9,124,124,124,7,7,4,4,5,0,True
glv-j0-32,65,21959376,27,124,114,114,7,6,4,4,5,0,True
glv-j0-32,65,21959376,81,124,124,124,7,7,4,4,5,0,True
glv-j0-32,66,21354941,3,114,146,114,6,6,4,6,4,0,True
glv-j0-32,66,21354941,9,114,114,114,6,6,4,4,4,0,True
glv-j0-32,66,21354941,27,114,118,114,6,8,4,3,4,0,True
glv-j0-32,66,21354941,81,114,98,98,6,6,4,3,4,0,True
glv-j0-32,67,22480996,3,114,146,114,6,6,4,6,4,0,True
glv-j0-32,67,22480996,9,114,114,114,6,6,4,4,4,0,True
glv-j0-32,67,22480996,27,114,114,114,6,6,4,4,4,0,True
glv-j0-32,67,22480996,81,114,150,114,6,8,4,5,4,0,True
glv-j0-32,68,16866960,3,88,88,88,5,5,3,3,3,0,True
glv-j0-32,68,16866960,9,88,88,88,5,5,3,3,3,0,True
glv-j0-32,68,16866960,27,88,88,88,5,5,3,3,3,0,True
glv-j0-32,68,16866960,81,88,120,88,5,5,3,5,3,0,True
glv-j0-32,69,145771,3,114,130,114,6,6,4,5,3,0,True
glv-j0-32,69,145771,9,114,114,114,6,6,4,4,3,0,True
glv-j0-32,69,145771,27,114,88,88,6,5,4,3,3,0,True
glv-j0-32,69,145771,81,114,130,114,6,6,4,5,3,0,True
glv-j0-32,70,12085259,3,78,94,78,4,4,3,4,2,0,True
glv-j0-32,70,12085259,9,78,78,78,4,4,3,3,2,0,True
glv-j0-32,70,12085259,27,78,88,78,4,5,3,3,3,0,True
glv-j0-32,70,12085259,81,78,94,78,4,4,3,4,2,0,True
glv-j0-32,71,1582806,3,124,130,124,7,6,4,5,4,0,True
glv-j0-32,71,1582806,9,124,124,124,7,7,4,4,4,0,True
glv-j0-32,71,1582806,27,124,114,114,7,6,4,4,4,0,True
glv-j0-32,71,1582806,81,124,146,124,7,6,4,6,4,0,True
glv-j0-32,72,8226197,3,124,140,124,7,7,4,5,4,0,True
glv-j0-32,72,8226197,9,124,124,124,7,7,4,4,4,0,True
glv-j0-32,72,8226197,27,124,114,114,7,6,4,4,4,0,True
glv-j0-32,72,8226197,81,124,124,124,7,7,4,4,4,0,True
glv-j0-32,73,8014407,3,98,120,98,6,5,3,5,3,0,True
glv-j0-32,73,8014407,9,98,114,98,6,6,3,4,3,0,True
glv-j0-32,73,8014407,27,98,114,98,6,6,3,4,3,0,True
glv-j0-32,73,8014407,81,98,104,98,6,5,3,4,3,0,True
glv-j0-32,74,12050686,3,114,104,104,6,5,4,4,3,0,True
glv-j0-32,74,12050686,9,114,88,88,6,5,4,3,3,0,True
glv-j0-32,74,12050686,27,114,88,88,6,5,4,3,3,0,True
glv-j0-32,74,12050686,81,114,120,114,6,5,4,5,3,0,True
glv-j0-32,75,22303428,3,114,130,114,6,6,4,5,3,0,True
glv-j0-32,75,22303428,9,114,114,114,6,6,4,4,3,0,True
glv-j0-32,75,22303428,27,114,98,98,6,6,4,3,3,0,True
glv-j0-32,75,22303428,81,114,130,114,6,6,4,5,3,0,True
glv-j0-32,76,8276265,3,114,104,104,6,5,4,4,3,0,True
glv-j0-32,76,8276265,9,114,114,114,6,6,4,4,3,0,True
glv-j0-32,76,8276265,27,114,120,114,6,5,4,5,3,0,True
glv-j0-32,76,8276265,81,114,120,114,6,5,4,5,3,0,True
glv-j0-32,77,10581163,3,98,88,88,6,5,3,3,4,0,True
glv-j0-32,77,10581163,9,98,98,98,6,6,3,3,4,0,True
glv-j0-32,77,10581163,27,98,72,72,6,5,3,2,4,0,True
glv-j0-32,77,10581163,81,98,108,98,6,7,3,3,4,0,True
glv-j0-32,78,450877,3,114,120,114,6,5,4,5,3,0,True
glv-j0-32,78,450877,9,114,114,114,6,6,4,4,3,0,True
glv-j0-32,78,450877,27,114,88,88,6,5,4,3,3,0,True
glv-j0-32,78,450877,81,114,120,114,6,5,4,5,3,0,True
glv-j0-32,79,8400059,3,114,146,114,6,6,4,6,4,0,True
glv-j0-32,79,8400059,9,114,114,114,6,6,4,4,4,0,True
glv-j0-32,79,8400059,27,114,114,114,6,6,4,4,5,0,True
glv-j0-32,79,8400059,81,114,172,114,6,7,4,7,5,0,True
glv-j0-32,80,5748051,3,98,130,98,6,6,3,5,4,0,True
glv-j0-32,80,5748051,9,98,114,98,6,6,3,4,4,0,True
glv-j0-32,80,5748051,27,98,114,98,6,6,3,4,4,0,True
glv-j0-32,80,5748051,81,98,98,98,6,6,3,3,4,0,True
glv-j0-32,81,11293922,3,114,146,114,6,6,4,6,4,0,True
glv-j0-32,81,11293922,9,114,124,114,6,7,4,4,4,0,True
glv-j0-32,81,11293922,27,114,124,114,6,7,4,4,4,0,True
glv-j0-32,81,11293922,81,114,124,114,6,7,4,4,4,0,True
glv-j0-32,82,20064487,3,98,120,98,6,5,3,5,3,0,True
glv-j0-32,82,20064487,9,98,114,98,6,6,3,4,3,0,True
glv-j0-32,82,20064487,27,98,114,98,6,6,3,4,3,0,True
glv-j0-32,82,20064487,81,98,104,98,6,5,3,4,3,0,True
glv-j0-32,83,108389,3,114,114,114,6,6,4,4,3,0,True
glv-j0-32,83,108389,9,114,114,114,6,6,4,4,3,0,True
glv-j0-32,83,108389,27,114,88,88,6,5,4,3,3,0,True
glv-j0-32,83,108389,81,114,120,114,6,5,4,5,3,0,True
glv-j0-32,84,14763815,3,98,130,98,6,6,3,5,4,0,True
glv-j0-32,84,14763815,9,98,98,98,6,6,3,3,4,0,True
glv-j0-32,84,14763815,27,98,98,98,6,6,3,3,4,0,True
glv-j0-32,84,14763815,81,98,134,98,6,8,3,4,4,0,True
glv-j0-32,85,13726473,3,114,146,114,6,6,4,6,4,0,True
glv-j0-32,85,13726473,9,114,98,98,6,6,4,3,4,0,True
glv-j0-32,85,13726473,27,114,88,88,6,5,4,3,4,0,True
glv-j0-32,85,13726473,81,114,150,114,6,8,4,5,4,0,True
glv-j0-32,86,1660483,3,114,146,114,6,6,4,6,4,0,True
glv-j0-32,86,1660483,9,114,114,114,6,6,4,4,4,0,True
glv-j0-32,86,1660483,27,114,114,114,6,6,4,4,4,0,True
glv-j0-32,86,1660483,81,114,130,114,6,6,4,5,4,0,True
glv-j0-32,87,510938,3,98,114,98,6,6,3,4,4,0,True
glv-j0-32,87,510938,9,98,114,98,6,6,3,4,4,0,True
glv-j0-32,87,510938,27,98,114,98,6,6,3,4,4,0,True
glv-j0-32,87,510938,81,98,98,98,6,6,3,3,4,0,True
glv-j0-32,88,13885032,3,98,146,98,6,6,3,6,4,0,True
glv-j0-32,88,13885032,9,98,114,98,6,6,3,4,4,0,True
glv-j0-32,88,13885032,27,98,118,98,6,8,3,3,4,0,True
glv-j0-32,88,13885032,81,98,130,98,6,6,3,5,4,0,True
glv-j0-32,89,14251841,3,108,120,108,7,5,3,5,3,0,True
glv-j0-32,89,14251841,9,108,108,108,7,7,3,3,3,0,True
glv-j0-32,89,14251841,27,108,88,88,7,5,3,3,3,0,True
glv-j0-32,89,14251841,81,108,108,108,7,7,3,3,3,0,True
glv-j0-32,90,10302284,3,114,146,114,6,6,4,6,4,0,True
glv-j0-32,90,10302284,9,114,114,114,6,6,4,4,4,0,True
glv-j0-32,90,10302284,27,114,108,108,6,7,4,3,4,0,True
glv-j0-32,90,10302284,81,114,98,98,6,6,4,3,4,0,True
glv-j0-32,91,2417548,3,124,172,124,7,7,4,7,5,0,True
glv-j0-32,91,2417548,9,124,124,124,7,7,4,4,5,0,True
glv-j0-32,91,2417548,27,124,134,124,7,8,4,4,5,0,True
glv-j0-32,91,2417548,81,124,146,124,7,6,4,6,5,0,True
glv-j0-32,92,19850332,3,114,130,114,6,6,4,5,4,0,True
glv-j0-32,92,19850332,9,114,114,114,6,6,4,4,4,0,True
glv-j0-32,92,19850332,27,114,98,98,6,6,4,3,4,0,True
glv-j0-32,92,19850332,81,114,98,98,6,6,4,3,4,0,True
glv-j0-32,93,17653620,3,98,130,98,6,6,3,5,4,0,True
glv-j0-32,93,17653620,9,98,98,98,6,6,3,3,4,0,True
glv-j0-32,93,17653620,27,98,98,98,6,6,3,3,4,0,True
glv-j0-32,93,17653620,81,98,134,98,6,8,3,4,4,0,True
glv-j0-32,94,2752607,3,114,146,114,6,6,4,6,4,0,True
glv-j0-32,94,2752607,9,114,114,114,6,6,4,4,3,0,True
glv-j0-32,94,2752607,27,114,114,114,6,6,4,4,4,0,True
glv-j0-32,94,2752607,81,114,98,98,6,6,4,3,3,0,True
glv-j0-32,95,14235130,3,124,146,124,7,6,4,6,4,0,True
glv-j0-32,95,14235130,9,124,124,124,7,7,4,4,4,0,True
glv-j0-32,95,14235130,27,124,108,108,7,7,4,3,4,0,True
glv-j0-32,95,14235130,81,124,130,124,7,6,4,5,4,0,True
glv-j0-32,96,120553,3,114,130,114,6,6,4,5,4,0,True
glv-j0-32,96,120553,9,114,114,114,6,6,4,4,4,0,True
glv-j0-32,96,120553,27,114,114,114,6,6,4,4,4,0,True
glv-j0-32,96,120553,81,114,150,114,6,8,4,5,4,0,True
glv-j0-32,97,2962796,3,88,78,78,5,4,3,3,2,0,True
glv-j0-32,97,2962796,9,88,88,88,5,5,3,3,2,0,True
glv-j0-32,97,2962796,27,88,72,72,5,5,3,2,2,0,True
glv-j0-32,97,2962796,81,88,78,78,5,4,3,3,2,0,True
glv-j0-32,98,6685254,3,114,146,114,6,6,4,6,4,0,True
glv-j0-32,98,6685254,9,114,114,114,6,6,4,4,4,0,True
glv-j0-32,98,6685254,27,114,108,108,6,7,4,3,4,0,True
glv-j0-32,98,6685254,81,114,146,114,6,6,4,6,4,0,True
glv-j0-32,99,23177175,3,114,146,114,6,6,4,6,4,0,True
glv-j0-32,99,23177175,9,114,114,114,6,6,4,4,4,0,True
glv-j0-32,99,23177175,27,114,98,98,6,6,4,3,4,0,True
glv-j0-32,99,23177175,81,114,98,98,6,6,4,3,4,0,True
glv-j0-32,100,20853272,3,114,120,114,6,5,4,5,3,0,True
glv-j0-32,100,20853272,9,114,114,114,6,6,4,4,3,0,True
glv-j0-32,100,20853272,27,114,98,98,6,6,4,3,3,0,True
glv-j0-32,100,20853272,81,114,120,114,6,5,4,5,3,0,True
glv-j0-32,101,13870253,3,88,120,88,5,5,3,5,4,0,True
glv-j0-32,101,13870253,9,88,88,88,5,5,3,3,4,0,True
glv-j0-32,101,13870253,27,88,88,88,5,5,3,3,4,0,True
glv-j0-32,101,13870253,81,88,130,88,5,6,3,5,4,0,True
glv-j0-32,102,2188830,3,114,130,114,6,6,4,5,3,0,True
glv-j0-32,102,2188830,9,114,114,114,6,6,4,4,3,0,True
glv-j0-32,102,2188830,27,114,98,98,6,6,4,3,3,0,True
glv-j0-32,102,2188830,81,114,120,114,6,5,4,5,3,0,True
glv-j0-32,103,5960148,3,114,146,114,6,6,4,6,4,0,True
glv-j0-32,103,5960148,9,114,114,114,6,6,4,4,4,0,True
glv-j0-32,103,5960148,27,114,140,114,6,7,4,5,4,0,True
glv-j0-32,103,5960148,81,114,130,114,6,6,4,5,4,0,True
glv-j0-32,104,11782325,3,114,130,114,6,6,4,5,3,0,True
glv-j0-32,104,11782325,9,114,114,114,6,6,4,4,3,0,True
glv-j0-32,104,11782325,27,114,114,114,6,6,4,4,3,0,True
glv-j0-32,104,11782325,81,114,130,114,6,6,4,5,3,0,True
glv-j0-32,105,1323365,3,98,130,98,6,6,3,5,4,0,True
glv-j0-32,105,1323365,9,98,114,98,6,6,3,4,4,0,True
glv-j0-32,105,1323365,27,98,114,98,6,6,3,4,4,0,True
glv-j0-32,105,1323365,81,98,98,98,6,6,3,3,4,0,True
glv-j0-32,106,3516968,3,108,140,108,7,7,3,5,5,0,True
glv-j0-32,106,3516968,9,108,108,108,7,7,3,3,5,0,True
glv-j0-32,106,3516968,27,108,108,108,7,7,3,3,5,0,True
glv-j0-32,106,3516968,81,108,124,108,7,7,3,4,5,0,True
glv-j0-32,107,10354331,3,114,120,114,6,5,4,5,3,0,True
glv-j0-32,107,10354331,9,114,114,114,6,6,4,4,3,0,True
glv-j0-32,107,10354331,27,114,114,114,6,6,4,4,3,0,True
glv-j0-32,107,10354331,81,114,130,114,6,6,4,5,3,0,True
glv-j0-32,108,6389956,3,114,146,114,6,6,4,6,4,0,True
glv-j0-32,108,6389956,9,114,98,98,6,6,4,3,4,0,True
glv-j0-32,108,6389956,27,114,114,114,6,6,4,4,4,0,True
glv-j0-32,108,6389956,81,114,98,98,6,6,4,3,4,0,True
glv-j0-32,109,13691139,3,114,114,114,6,6,4,4,4,0,True
glv-j0-32,109,13691139,9,114,114,114,6,6,4,4,4,0,True
glv-j0-32,109,13691139,27,114,114,114,6,6,4,4,4,0,True
glv-j0-32,109,13691139,81,114,98,98,6,6,4,3,4,0,True
glv-j0-32,110,56503,3,114,146,114,6,6,4,6,4,0,True
glv-j0-32,110,56503,9,114,114,114,6,6,4,4,4,0,True
glv-j0-32,110,56503,27,114,118,114,6,8,4,3,4,0,True
glv-j0-32,110,56503,81,114,134,114,6,8,4,4,4,0,True
glv-j0-32,111,22689808,3,124,130,124,7,6,4,5,5,0,True
glv-j0-32,111,22689808,9,124,98,98,7,6,4,3,5,0,True
glv-j0-32,111,22689808,27,124,124,124,7,7,4,4,5,0,True
glv-j0-32,111,22689808,81,124,140,124,7,7,4,5,5,0,True
glv-j0-32,112,10805717,3,114,146,114,6,6,4,6,4,0,True
glv-j0-32,112,10805717,9,114,88,88,6,5,4,3,4,0,True
glv-j0-32,112,10805717,27,114,88,88,6,5,4,3,4,0,True
glv-j0-32,112,10805717,81,114,72,72,6,5,4,2,4,0,True
glv-j0-32,113,16693250,3,88,120,88,5,5,3,5,3,0,True
glv-j0-32,113,16693250,9,88,88,88,5,5,3,3,3,0,True
glv-j0-32,113,16693250,27,88,88,88,5,5,3,3,3,0,True
glv-j0-32,113,16693250,81,88,120,88,5,5,3,5,3,0,True
glv-j0-32,114,23357249,3,98,130,98,6,6,3,5,4,0,True
glv-j0-32,114,23357249,9,98,98,98,6,6,3,3,4,0,True
glv-j0-32,114,23357249,27,98,114,98,6,6,3,4,4,0,True
glv-j0-32,114,23357249,81,98,130,98,6,6,3,5,4,0,True
glv-j0-32,115,7811101,3,114,120,114,6,5,4,5,3,0,True
glv-j0-32,115,7811101,9,114,114,114,6,6,4,4,3,0,True
glv-j0-32,115,7811101,27,114,114,114,6,6,4,4,3,0,True
glv-j0-32,115,7811101,81,114,120,114,6,5,4,5,3,0,True
glv-j0-32,116,14367569,3,114,130,114,6,6,4,5,4,0,True
glv-j0-32,116,14367569,9,114,114,114,6,6,4,4,4,0,True
glv-j0-32,116,14367569,27,114,108,108,6,7,4,3,4,0,True
glv-j0-32,116,14367569,81,114,150,114,6,8,4,5,4,0,True
glv-j0-32,117,12124169,3,114,146,114,6,6,4,6,4,0,True
glv-j0-32,117,12124169,9,114,114,114,6,6,4,4,4,0,True
glv-j0-32,117,12124169,27,114,140,114,6,7,4,5,4,0,True
glv-j0-32,117,12124169,81,114,146,114,6,6,4,6,4,0,True
glv-j0-32,118,7144063,3,98,120,98,6,5,3,5,3,0,True
glv-j0-32,118,7144063,9,98,98,98,6,6,3,3,3,0,True
glv-j0-32,118,7144063,27,98,114,98,6,6,3,4,3,0,True
glv-j0-32,118,7144063,81,98,130,98,6,6,3,5,3,0,True
glv-j0-32,119,3763107,3,124,146,124,7,6,4,6,5,0,True
glv-j0-32,119,3763107,9,124,124,124,7,7,4,4,5,0,True
glv-j0-32,119,3763107,27,124,108,108,7,7,4,3,5,0,True
glv-j0-32,119,3763107,81,124,156,124,7,7,4,6,5,0,True
glv-j0-32,120,3779830,3,114,130,114,6,6,4,5,4,0,True
glv-j0-32,120,3779830,9,114,114,114,6,6,4,4,4,0,True
glv-j0-32,120,3779830,27,114,114,114,6,6,4,4,4,0,True
glv-j0-32,120,3779830,81,114,130,114,6,6,4,5,4,1,True
glv-j0-32,121,7034212,3,98,114,98,6,6,3,4,4,0,True
glv-j0-32,121,7034212,9,98,124,98,6,7,3,4,4,0,True
glv-j0-32,121,7034212,27,98,98,98,6,6,3,3,4,0,True
glv-j0-32,121,7034212,81,98,114,98,6,6,3,4,4,0,True
glv-j0-32,122,729355,3,114,130,114,6,6,4,5,4,0,True
glv-j0-32,122,729355,9,114,114,114,6,6,4,4,4,0,True
glv-j0-32,122,729355,27,114,98,98,6,6,4,3,4,0,True
glv-j0-32,122,729355,81,114,98,98,6,6,4,3,4,0,True
glv-j0-32,123,5702289,3,98,120,98,6,5,3,5,3,0,True
glv-j0-32,123,5702289,9,98,104,98,6,5,3,4,3,0,True
glv-j0-32,123,5702289,27,98,88,88,6,5,3,3,3,0,True
glv-j0-32,123,5702289,81,98,98,98,6,6,3,3,3,0,True
glv-j0-32,124,21144100,3,88,120,88,5,5,3,5,3,0,True
glv-j0-32,124,21144100,9,88,98,88,5,6,3,3,3,0,True
glv-j0-32,124,21144100,27,88,114,88,5,6,3,4,3,0,True
glv-j0-32,124,21144100,81,88,98,88,5,6,3,3,3,0,True
glv-j0-32,125,20071893,3,108,104,104,7,5,3,4,3,0,True
glv-j0-32,125,20071893,9,108,88,88,7,5,3,3,3,0,True
glv-j0-32,125,20071893,27,108,88,88,7,5,3,3,2,0,True
glv-j0-32,125,20071893,81,108,72,72,7,5,3,2,2,0,True
glv-j0-32,126,743925,3,114,146,114,6,6,4,6,4,0,True
glv-j0-32,126,743925,9,114,114,114,6,6,4,4,4,0,True
glv-j0-32,126,743925,27,114,150,114,6,8,4,5,4,0,True
glv-j0-32,126,743925,81,114,134,114,6,8,4,4,4,0,True
glv-j0-32,127,14737453,3,114,104,104,6,5,4,4,3,0,True
glv-j0-32,127,14737453,9,114,114,114,6,6,4,4,3,0,True
glv-j0-32,127,14737453,27,114,88,88,6,5,4,3,3,0,True
glv-j0-32,127,14737453,81,114,130,114,6,6,4,5,3,0,True
glv-j0-32,128,13302568,3,114,120,114,6,5,4,5,3,0,True
glv-j0-32,128,13302568,9,114,88,88,6,5,4,3,3,0,True
glv-j0-32,128,13302568,27,114,120,114,6,5,4,5,3,0,True
glv-j0-32,128,13302568,81,114,104,104,6,5,4,4,3,0,True
glv-j0-32,129,6235454,3,98,146,98,6,6,3,6,4,0,True
glv-j0-32,129,6235454,9,98,98,98,6,6,3,3,4,0,True
glv-j0-32,129,6235454,27,98,98,98,6,6,3,3,4,0,True
glv-j0-32,129,6235454,81,98,98,98,6,6,3,3,4,0,True
glv-j0-32,130,5108284,3,62,94,62,4,4,2,4,3,0,True
glv-j0-32,130,5108284,9,62,88,62,4,5,2,3,3,0,True
glv-j0-32,130,5108284,27,62,62,62,4,4,2,2,3,0,True
glv-j0-32,130,5108284,81,62,104,62,4,5,2,4,3,0,True
glv-j0-32,131,22754115,3,124,146,124,7,6,4,6,4,0,True
glv-j0-32,131,22754115,9,124,114,114,7,6,4,4,4,0,True
glv-j0-32,131,22754115,27,124,114,114,7,6,4,4,4,0,True
glv-j0-32,131,22754115,81,124,146,124,7,6,4,6,4,0,True
glv-j0-32,132,1858100,3,108,130,108,7,6,3,5,4,0,True
glv-j0-32,132,1858100,9,108,108,108,7,7,3,3,4,0,True
glv-j0-32,132,1858100,27,108,124,108,7,7,3,4,4,0,True
glv-j0-32,132,1858100,81,108,130,108,7,6,3,5,4,0,True
glv-j0-32,133,16006557,3,62,94,62,4,4,2,4,2,0,True
glv-j0-32,133,16006557,9,62,78,62,4,4,2,3,2,0,True
glv-j0-32,133,16006557,27,62,88,62,4,5,2,3,2,0,True
glv-j0-32,133,16006557,81,62,78,62,4,4,2,3,2,0,True
glv-j0-32,134,225686,3,98,104,98,6,5,3,4,3,0,True
glv-j0-32,134,225686,9,98,98,98,6,6,3,3,3,0,True
glv-j0-32,134,225686,27,98,114,98,6,6,3,4,3,0,True
glv-j0-32,134,225686,81,98,120,98,6,5,3,5,3,0,True
glv-j0-32,135,5838502,3,98,114,98,6,6,3,4,4,0,True
glv-j0-32,135,5838502,9,98,98,98,6,6,3,3,4,0,True
glv-j0-32,135,5838502,27,98,82,82,6,6,3,2,4,0,True
glv-j0-32,135,5838502,81,98,118,98,6,8,3,3,4,0,True
glv-j0-32,136,23278872,3,114,114,114,6,6,4,4,3,0,True
glv-j0-32,136,23278872,9,114,114,114,6,6,4,4,3,0,True
glv-j0-32,136,23278872,27,114,98,98,6,6,4,3,3,0,True
glv-j0-32,136,23278872,81,114,98,98,6,6,4,3,3,0,True
glv-j0-32,137,4547580,3,98,130,98,6,6,3,5,4,0,True
glv-j0-32,137,4547580,9,98,98,98,6,6,3,3,4,0,True
glv-j0-32,137,4547580,27,98,98,98,6,6,3,3,4,0,True
glv-j0-32,137,4547580,81,98,98,98,6,6,3,3,4,0,True
glv-j0-32,138,15301724,3,114,88,88,6,5,4,3,3,0,True
glv-j0-32,138,15301724,9,114,88,88,6,5,4,3,3,0,True
glv-j0-32,138,15301724,27,114,88,88,6,5,4,3,3,0,True
glv-j0-32,138,15301724,81,114,104,104,6,5,4,4,3,0,True
glv-j0-32,139,14231554,3,72,88,72,5,5,2,3,3,0,True
glv-j0-32,139,14231554,9,72,82,72,5,6,2,2,3,0,True
glv-j0-32,139,14231554,27,72,82,72,5,6,2,2,3,0,True
glv-j0-32,139,14231554,81,72,88,72,5,5,2,3,3,0,True
glv-j0-32,140,1407750,3,88,120,88,5,5,3,5,4,0,True
glv-j0-32,140,1407750,9,88,88,88,5,5,3,3,4,0,True
glv-j0-32,140,1407750,27,88,88,88,5,5,3,3,4,0,True
glv-j0-32,140,1407750,81,88,130,88,5,6,3,5,4,0,True
glv-j0-32,141,7668838,3,98,130,98,6,6,3,5,4,0,True
glv-j0-32,141,7668838,9,98,98,98,6,6,3,3,4,0,True
glv-j0-32,141,7668838,27,98,104,98,6,5,3,4,4,0,True
glv-j0-32,141,7668838,81,98,134,98,6,8,3,4,4,0,True
glv-j0-32,142,16063165,3,114,146,114,6,6,4,6,4,0,True
glv-j0-32,142,16063165,9,114,114,114,6,6,4,4,4,0,True
glv-j0-32,142,16063165,27,114,114,114,6,6,4,4,4,0,True
glv-j0-32,142,16063165,81,114,98,98,6,6,4,3,4,0,True
glv-j0-32,143,8834285,3,88,120,88,5,5,3,5,4,0,True
glv-j0-32,143,8834285,9,88,88,88,5,5,3,3,4,0,True
glv-j0-32,143,8834285,27,88,120,88,5,5,3,5,4,0,True
glv-j0-32,143,8834285,81,88,130,88,5,6,3,5,4,0,True
glv-j0-32,144,18562374,3,88,120,88,5,5,3,5,3,0,True
glv-j0-32,144,18562374,9,88,88,88,5,5,3,3,3,0,True
glv-j0-32,144,18562374,27,88,88,88,5,5,3,3,3,0,True
glv-j0-32,144,18562374,81,88,104,88,5,5,3,4,3,0,True
glv-j0-32,145,5952621,3,124,146,124,7,6,4,6,5,0,True
glv-j0-32,145,5952621,9,124,114,114,7,6,4,4,5,0,True
glv-j0-32,145,5952621,27,124,134,124,7,8,4,4,5,0,True
glv-j0-32,145,5952621,81,124,172,124,7,7,4,7,5,0,True
glv-j0-32,146,3142739,3,114,146,114,6,6,4,6,4,0,True
glv-j0-32,146,3142739,9,114,114,114,6,6,4,4,4,0,True
glv-j0-32,146,3142739,27,114,114,114,6,6,4,4,3,0,True
glv-j0-32,146,3142739,81,114,124,114,6,7,4,4,3,0,True
glv-j0-32,147,17984378,3,114,120,114,6,5,4,5,3,0,True
glv-j0-32,147,17984378,9,114,114,114,6,6,4,4,3,0,True
glv-j0-32,147,17984378,27,114,88,88,6,5,4,3,3,0,True
glv-j0-32,147,17984378,81,114,104,104,6,5,4,4,3,0,True
glv-j0-32,148,12238526,3,114,120,114,6,5,4,5,3,0,True
glv-j0-32,148,12238526,9,114,114,114,6,6,4,4,3,0,True
glv-j0-32,148,12238526,27,114,114,114,6,6,4,4,3,0,True
glv-j0-32,148,12238526,81,114,120,114,6,5,4,5,3,0,True
glv-j0-32,149,242532,3,124,172,124,7,7,4,7,5,0,True
glv-j0-32,149,242532,9,124,124,124,7,7,4,4,5,0,True
glv-j0-32,149,242532,27,124,140,124,7,7,4,5,5,0,True
glv-j0-32,149,242532,81,124,146,124,7,6,4,6,5,0,True
glv-j0-32,150,9909437,3,114,146,114,6,6,4,6,4,0,True
glv-j0-32,150,9909437,9,114,114,114,6,6,4,4,4,0,True
glv-j0-32,150,9909437,27,114,114,114,6,6,4,4,4,0,True
glv-j0-32,150,9909437,81,114,130,114,6,6,4,5,4,0,True
glv-j0-32,151,18474936,3,114,130,114,6,6,4,5,4,0,True
glv-j0-32,151,18474936,9,114,114,114,6,6,4,4,4,0,True
glv-j0-32,151,18474936,27,114,118,114,6,8,4,3,4,0,True
glv-j0-32,151,18474936,81,114,134,114,6,8,4,4,4,0,True
glv-j0-32,152,10909407,3,108,130,108,7,6,3,5,4,0,True
glv-j0-32,152,10909407,9,108,108,108,7,7,3,3,4,0,True
glv-j0-32,152,10909407,27,108,108,108,7,7,3,3,4,0,True
glv-j0-32,152,10909407,81,108,92,92,7,7,3,2,4,0,True
glv-j0-32,153,6059652,3,118,130,118,8,6,3,5,4,0,True
glv-j0-32,153,6059652,9,118,114,114,8,6,3,4,4,0,True
glv-j0-32,153,6059652,27,118,114,114,8,6,3,4,4,0,True
glv-j0-32,153,6059652,81,118,118,118,8,8,3,3,4,0,True
glv-j0-32,154,23677906,3,88,120,88,5,5,3,5,3,0,True
glv-j0-32,154,23677906,9,88,104,88,5,5,3,4,3,0,True
glv-j0-32,154,23677906,27,88,88,88,5,5,3,3,3,0,True
glv-j0-32,154,23677906,81,88,104,88,5,5,3,4,3,0,True
glv-j0-32,155,20184477,3,114,104,104,6,5,4,4,4,0,True
glv-j0-32,155,20184477,9,114,88,88,6,5,4,3,4,0,True
glv-j0-32,155,20184477,27,114,114,114,6,6,4,4,4,0,True
glv-j0-32,155,20184477,81,114,146,114,6,6,4,6,4,0,True
glv-j0-32,156,4891012,3,88,104,88,5,5,3,4,3,0,True
glv-j0-32,156,4891012,9,88,104,88,5,5,3,4,3,0,True
glv-j0-32,156,4891012,27,88,88,88,5,5,3,3,3,0,True
glv-j0-32,156,4891012,81,88,104,88,5,5,3,4,3,0,True
glv-j0-32,157,17610509,3,114,130,114,6,6,4,5,4,0,True
glv-j0-32,157,17610509,9,114,114,114,6,6,4,4,4,0,True
glv-j0-32,157,17610509,27,114,98,98,6,6,4,3,4,0,True
glv-j0-32,157,17610509,81,114,98,98,6,6,4,3,4,0,True
glv-j0-32,158,6817670,3,88,104,88,5,5,3,4,3,0,True
glv-j0-32,158,6817670,9,88,114,88,5,6,3,4,3,0,True
glv-j0-32,158,6817670,27,88,88,88,5,5,3,3,3,0,True
glv-j0-32,158,6817670,81,88,124,88,5,7,3,4,3,0,True
glv-j0-32,159,11365730,3,124,146,124,7,6,4,6,5,0,True
glv-j0-32,159,11365730,9,124,124,124,7,7,4,4,5,0,True
glv-j0-32,159,11365730,27,124,114,114,7,6,4,4,5,0,True
glv-j0-32,159,11365730,81,124,130,124,7,6,4,5,5,0,True
glv-j0-32,160,6571128,3,88,104,88,5,5,3,4,3,0,True
glv-j0-32,160,6571128,9,88,88,88,5,5,3,3,3,0,True
glv-j0-32,160,6571128,27,88,88,88,5,5,3,3,3,0,True
glv-j0-32,160,6571128,81,88,120,88,5,5,3,5,3,0,True
glv-j0-32,161,17981455,3,114,130,114,6,6,4,5,4,0,True
glv-j0-32,161,17981455,9,114,88,88,6,5,4,3,4,0,True
glv-j0-32,161,17981455,27,114,108,108,6,7,4,3,4,0,True
glv-j0-32,161,17981455,81,114,98,98,6,6,4,3,4,0,True
glv-j0-32,162,22972071,3,114,146,114,6,6,4,6,4,0,True
glv-j0-32,162,22972071,9,114,114,114,6,6,4,4,4,0,True
glv-j0-32,162,22972071,27,114,146,114,6,6,4,6,4,0,True
glv-j0-32,162,22972071,81,114,114,114,6,6,4,4,4,0,True
glv-j0-32,163,1116987,3,98,130,98,6,6,3,5,3,0,True
glv-j0-32,163,1116987,9,98,114,98,6,6,3,4,3,0,True
glv-j0-32,163,1116987,27,98,98,98,6,6,3,3,3,0,True
glv-j0-32,163,1116987,81,98,114,98,6,6,3,4,3,0,True
glv-j0-32,164,1228050,3,124,146,124,7,6,4,6,5,0,True
glv-j0-32,164,1228050,9,124,124,124,7,7,4,4,5,0,True
glv-j0-32,164,1228050,27,124,98,98,7,6,4,3,5,0,True
glv-j0-32,164,1228050,81,124,108,108,7,7,4,3,5,0,True
glv-j0-32,165,8952436,3,124,156,124,7,7,4,6,5,0,True
glv-j0-32,165,8952436,9,124,124,124,7,7,4,4,5,0,True
glv-j0-32,165,8952436,27,124,134,124,7,8,4,4,5,0,True
glv-j0-32,165,8952436,81,124,108,108,7,7,4,3,5,0,True
glv-j0-32,166,21766963,3,98,114,98,6,6,3,4,3,0,True
glv-j0-32,166,21766963,9,98,98,98,6,6,3,3,3,0,True
glv-j0-32,166,21766963,27,98,114,98,6,6,3,4,3,0,True
glv-j0-32,166,21766963,81,98,82,82,6,6,3,2,3,0,True
glv-j0-32,167,20236457,3,78,94,78,4,4,3,4,2,0,True
glv-j0-32,167,20236457,9,78,78,78,4,4,3,3,2,0,True
glv-j0-32,167,20236457,27,78,94,78,4,4,3,4,2,0,True
glv-j0-32,167,20236457,81,78,94,78,4,4,3,4,2,0,True
glv-j0-32,168,17889775,3,98,114,98,6,6,3,4,3,0,True
glv-j0-32,168,17889775,9,98,98,98,6,6,3,3,3,0,True
glv-j0-32,168,17889775,27,98,98,98,6,6,3,3,3,0,True
glv-j0-32,168,17889775,81,98,98,98,6,6,3,3,3,0,True
glv-j0-32,169,8982386,3,114,146,114,6,6,4,6,4,0,True
glv-j0-32,169,8982386,9,114,114,114,6,6,4,4,4,0,True
glv-j0-32,169,8982386,27,114,98,98,6,6,4,3,4,0,True
glv-j0-32,169,8982386,81,114,98,98,6,6,4,3,4,0,True
glv-j0-32,170,17028560,3,88,78,78,5,4,3,3,2,0,True
glv-j0-32,170,17028560,9,88,88,88,5,5,3,3,2,0,True
glv-j0-32,170,17028560,27,88,72,72,5,5,3,2,2,0,True
glv-j0-32,170,17028560,81,88,88,88,5,5,3,3,2,0,True
glv-j0-32,171,11590817,3,124,130,124,7,6,4,5,5,0,True
glv-j0-32,171,11590817,9,124,124,124,7,7,4,4,5,0,True
glv-j0-32,171,11590817,27,124,124,124,7,7,4,4,5,0,True
glv-j0-32,171,11590817,81,124,108,108,7,7,4,3,5,0,True
glv-j0-32,172,17358709,3,98,130,98,6,6,3,5,4,0,True
glv-j0-32,172,17358709,9,98,114,98,6,6,3,4,4,0,True
glv-j0-32,172,17358709,27,98,98,98,6,6,3,3,4,0,True
glv-j0-32,172,17358709,81,98,114,98,6,6,3,4,4,0,True
glv-j0-32,173,16318898,3,114,146,114,6,6,4,6,4,0,True
glv-j0-32,173,16318898,9,114,114,114,6,6,4,4,4,0,True
glv-j0-32,173,16318898,27,114,118,114,6,8,4,3,4,0,True
glv-j0-32,173,16318898,81,114,150,114,6,8,4,5,4,0,True
glv-j0-32,174,19649656,3,114,130,114,6,6,4,5,3,0,True
glv-j0-32,174,19649656,9,114,114,114,6,6,4,4,3,0,True
glv-j0-32,174,19649656,27,114,114,114,6,6,4,4,3,0,True
glv-j0-32,174,19649656,81,114,114,114,6,6,4,4,3,0,True
glv-j0-32,175,22771930,3,114,130,114,6,6,4,5,4,0,True
glv-j0-32,175,22771930,9,114,114,114,6,6,4,4,4,0,True
glv-j0-32,175,22771930,27,114,114,114,6,6,4,4,4,0,True
glv-j0-32,175,22771930,81,114,98,98,6,6,4,3,4,0,True
glv-j0-32,176,21184646,3,114,130,114,6,6,4,5,4,0,True
glv-j0-32,176,21184646,9,114,114,114,6,6,4,4,4,0,True
glv-j0-32,176,21184646,27,114,118,114,6,8,4,3,4,0,True
glv-j0-32,176,21184646,81,114,146,114,6,6,4,6,4,0,True
glv-j0-32,177,7341021,3,114,120,114,6,5,4,5,3,0,True
glv-j0-32,177,7341021,9,114,88,88,6,5,4,3,3,0,True
glv-j0-32,177,7341021,27,114,88,88,6,5,4,3,3,0,True
glv-j0-32,177,7341021,81,114,124,114,6,7,4,4,3,0,True
glv-j0-32,178,19286731,3,88,104,88,5,5,3,4,2,0,True
glv-j0-32,178,19286731,9,88,88,88,5,5,3,3,2,0,True
glv-j0-32,178,19286731,27,88,88,88,5,5,3,3,2,0,True
glv-j0-32,178,19286731,81,88,104,88,5,5,3,4,2,0,True
glv-j0-32,179,2370314,3,88,104,88,5,5,3,4,3,0,True
glv-j0-32,179,2370314,9,88,88,88,5,5,3,3,3,0,True
glv-j0-32,179,2370314,27,88,88,88,5,5,3,3,3,0,True
glv-j0-32,179,2370314,81,88,124,88,5,7,3,4,3,0,True
glv-j0-32,180,1199855,3,124,156,124,7,7,4,6,4,0,True
glv-j0-32,180,1199855,9,124,124,124,7,7,4,4,4,0,True
glv-j0-32,180,1199855,27,124,140,124,7,7,4,5,4,0,True
glv-j0-32,180,1199855,81,124,124,124,7,7,4,4,4,0,True
glv-j0-32,181,4578831,3,98,104,98,6,5,3,4,3,0,True
glv-j0-32,181,4578831,9,98,88,88,6,5,3,3,3,0,True
glv-j0-32,181,4578831,27,98,88,88,6,5,3,3,3,0,True
glv-j0-32,181,4578831,81,98,104,98,6,5,3,4,3,0,True
glv-j0-32,182,22110870,3,98,130,98,6,6,3,5,4,0,True
glv-j0-32,182,22110870,9,98,114,98,6,6,3,4,4,0,True
glv-j0-32,182,22110870,27,98,98,98,6,6,3,3,4,0,True
glv-j0-32,182,22110870,81,98,98,98,6,6,3,3,4,0,True
glv-j0-32,183,9923441,3,114,146,114,6,6,4,6,4,0,True
glv-j0-32,183,9923441,9,114,114,114,6,6,4,4,4,0,True
glv-j0-32,183,9923441,27,114,108,108,6,7,4,3,4,0,True
glv-j0-32,183,9923441,81,114,130,114,6,6,4,5,4,0,True
glv-j0-32,184,12699284,3,114,146,114,6,6,4,6,4,0,True
glv-j0-32,184,12699284,9,114,114,114,6,6,4,4,4,0,True
glv-j0-32,184,12699284,27,114,140,114,6,7,4,5,4,0,True
glv-j0-32,184,12699284,81,114,124,114,6,7,4,4,4,0,True
glv-j0-32,185,18641757,3,88,120,88,5,5,3,5,3,0,True
glv-j0-32,185,18641757,9,88,88,88,5,5,3,3,3,0,True
glv-j0-32,185,18641757,27,88,120,88,5,5,3,5,3,0,True
glv-j0-32,185,18641757,81,88,88,88,5,5,3,3,4,0,True
glv-j0-32,186,15319589,3,108,130,108,7,6,3,5,4,0,True
glv-j0-32,186,15319589,9,108,98,98,7,6,3,3,4,0,True
glv-j0-32,186,15319589,27,108,88,88,7,5,3,3,4,0,True
glv-j0-32,186,15319589,81,108,98,98,7,6,3,3,4,0,True
glv-j0-32,187,7460633,3,114,146,114,6,6,4,6,4,0,True
glv-j0-32,187,7460633,9,114,114,114,6,6,4,4,4,0,True
glv-j0-32,187,7460633,27,114,114,114,6,6,4,4,4,0,True
glv-j0-32,187,7460633,81,114,146,114,6,6,4,6,4,0,True
glv-j0-32,188,17421111,3,98,146,98,6,6,3,6,4,0,True
glv-j0-32,188,17421111,9,98,98,98,6,6,3,3,4,0,True
glv-j0-32,188,17421111,27,98,114,98,6,6,3,4,4,0,True
glv-j0-32,188,17421111,81,98,82,82,6,6,3,2,4,0,True
glv-j0-32,189,8216441,3,114,120,114,6,5,4,5,3,0,True
glv-j0-32,189,8216441,9,114,114,114,6,6,4,4,3,0,True
glv-j0-32,189,8216441,27,114,88,88,6,5,4,3,3,0,True
glv-j0-32,189,8216441,81,114,120,114,6,5,4,5,3,0,True
glv-j0-32,190,22948851,3,88,146,88,5,6,3,6,4,0,True
glv-j0-32,190,22948851,9,88,88,88,5,5,3,3,4,0,True
glv-j0-32,190,22948851,27,88,114,88,5,6,3,4,4,0,True
glv-j0-32,190,22948851,81,88,124,88,5,7,3,4,4,0,True
glv-j0-32,191,15211504,3,98,114,98,6,6,3,4,4,0,True
glv-j0-32,191,15211504,9,98,98,98,6,6,3,3,4,0,True
glv-j0-32,191,15211504,27,98,98,98,6,6,3,3,4,0,True
glv-j0-32,191,15211504,81,98,114,98,6,6,3,4,4,0,True
glv-j0-32,192,17297770,3,124,130,124,7,6,4,5,5,0,True
glv-j0-32,192,17297770,9,124,124,124,7,7,4,4,5,0,True
glv-j0-32,192,17297770,27,124,98,98,7,6,4,3,5,0,True
glv-j0-32,192,17297770,81,124,130,124,7,6,4,5,4,0,True
glv-j0-32,193,14862916,3,88,146,88,5,6,3,6,4,0,True
glv-j0-32,193,14862916,9,88,72,72,5,5,3,2,4,0,True
glv-j0-32,193,14862916,27,88,72,72,5,5,3,2,4,0,True
glv-j0-32,193,14862916,81,88,72,72,5,5,3,2,4,0,True
glv-j0-32,194,10125200,3,124,130,124,7,6,4,5,4,0,True
glv-j0-32,194,10125200,9,124,124,124,7,7,4,4,4,0,True
glv-j0-32,194,10125200,27,124,114,114,7,6,4,4,5,0,True
glv-j0-32,194,10125200,81,124,150,124,7,8,4,5,4,0,True
glv-j0-32,195,10638788,3,114,130,114,6,6,4,5,4,0,True
glv-j0-32,195,10638788,9,114,114,114,6,6,4,4,4,0,True
glv-j0-32,195,10638788,27,114,114,114,6,6,4,4,4,0,True
glv-j0-32,195,10638788,81,114,134,114,6,8,4,4,4,0,True
glv-j0-32,196,14435906,3,98,130,98,6,6,3,5,4,0,True
glv-j0-32,196,14435906,9,98,114,98,6,6,3,4,4,0,True
glv-j0-32,196,14435906,27,98,118,98,6,8,3,3,4,0,True
glv-j0-32,196,14435906,81,98,134,98,6,8,3,4,4,0,True
glv-j0-32,197,2586190,3,108,124,108,7,7,3,4,3,0,True
glv-j0-32,197,2586190,9,108,108,108,7,7,3,3,3,0,True
glv-j0-32,197,2586190,27,108,108,108,7,7,3,3,3,0,True
glv-j0-32,197,2586190,81,108,92,92,7,7,3,2,3,0,True
glv-j0-32,198,9693698,3,88,104,88,5,5,3,4,3,0,True
glv-j0-32,198,9693698,9,88,88,88,5,5,3,3,3,0,True
glv-j0-32,198,9693698,27,88,114,88,5,6,3,4,3,0,True
glv-j0-32,198,9693698,81,88,120,88,5,5,3,5,3,0,True
glv-j0-32,199,15851015,3,124,130,124,7,6,4,5,5,0,True
glv-j0-32,199,15851015,9,124,124,124,7,7,4,4,5,0,True
glv-j0-32,199,15851015,27,124,108,108,7,7,4,3,5,0,True
glv-j0-32,199,15851015,81,124,150,124,7,8,4,5,4,0,True
glv-j0-32,200,11682161,3,114,130,114,6,6,4,5,4,0,True
glv-j0-32,200,11682161,9,114,98,98,6,6,4,3,4,0,True
glv-j0-32,200,11682161,27,114,114,114,6,6,4,4,4,0,True
glv-j0-32,200,11682161,81,114,98,98,6,6,4,3,4,0,True
glv-j0-32,201,14857098,3,150,146,146,8,6,5,6,5,0,True
glv-j0-32,201,14857098,9,150,98,98,8,6,5,3,5,0,True
glv-j0-32,201,14857098,27,150,114,114,8,6,5,4,5,0,True
glv-j0-32,201,14857098,81,150,140,140,8,7,5,5,5,0,True
glv-j0-32,202,4640401,3,134,156,134,8,7,4,6,5,0,True
glv-j0-32,202,4640401,9,134,124,124,8,7,4,4,5,0,True
glv-j0-32,202,4640401,27,134,114,114,8,6,4,4,5,0,True
glv-j0-32,202,4640401,81,134,124,124,8,7,4,4,5,0,True
glv-j0-32,203,15221779,3,88,120,88,5,5,3,5,3,0,True
glv-j0-32,203,15221779,9,88,88,88,5,5,3,3,4,0,True
glv-j0-32,203,15221779,27,88,108,88,5,7,3,3,4,0,True
glv-j0-32,203,15221779,81,88,72,72,5,5,3,2,4,0,True
glv-j0-32,204,10922393,3,98,130,98,6,6,3,5,5,0,True
glv-j0-32,204,10922393,9,98,98,98,6,6,3,3,5,0,True
glv-j0-32,204,10922393,27,98,108,98,6,7,3,3,5,0,True
glv-j0-32,204,10922393,81,98,98,98,6,6,3,3,5,0,True
glv-j0-32,205,17060210,3,114,146,114,6,6,4,6,4,0,True
glv-j0-32,205,17060210,9,114,114,114,6,6,4,4,4,0,True
glv-j0-32,205,17060210,27,114,114,114,6,6,4,4,4,0,True
glv-j0-32,205,17060210,81,114,130,114,6,6,4,5,4,0,True
glv-j0-32,206,3606597,3,98,120,98,6,5,3,5,2,0,True
glv-j0-32,206,3606597,9,98,104,98,6,5,3,4,2,0,True
glv-j0-32,206,3606597,27,98,88,88,6,5,3,3,4,0,True
glv-j0-32,206,3606597,81,98,98,98,6,6,3,3,4,0,True
glv-j0-32,207,6610647,3,114,130,114,6,6,4,5,4,0,True
glv-j0-32,207,6610647,9,114,114,114,6,6,4,4,4,0,True
glv-j0-32,207,6610647,27,114,88,88,6,5,4,3,4,0,True
glv-j0-32,207,6610647,81,114,130,114,6,6,4,5,4,0,True
glv-j0-32,208,472369,3,88,104,88,5,5,3,4,3,0,True
glv-j0-32,208,472369,9,88,114,88,5,6,3,4,3,0,True
glv-j0-32,208,472369,27,88,124,88,5,7,3,4,3,0,True
glv-j0-32,208,472369,81,88,104,88,5,5,3,4,3,0,True
glv-j0-32,209,19441888,3,114,120,114,6,5,4,5,3,0,True
glv-j0-32,209,19441888,9,114,114,114,6,6,4,4,3,0,True
glv-j0-32,209,19441888,27,114,114,114,6,6,4,4,3,0,True
glv-j0-32,209,19441888,81,114,114,114,6,6,4,4,3,0,True
glv-j0-32,210,1059418,3,98,146,98,6,6,3,6,4,0,True
glv-j0-32,210,1059418,9,98,114,98,6,6,3,4,4,0,True
glv-j0-32,210,1059418,27,98,114,98,6,6,3,4,4,0,True
glv-j0-32,210,1059418,81,98,98,98,6,6,3,3,4,0,True
glv-j0-32,211,11849862,3,114,146,114,6,6,4,6,4,0,True
glv-j0-32,211,11849862,9,114,98,98,6,6,4,3,4,0,True
glv-j0-32,211,11849862,27,114,114,114,6,6,4,4,4,0,True
glv-j0-32,211,11849862,81,114,146,114,6,6,4,6,4,0,True
glv-j0-32,212,12120995,3,114,130,114,6,6,4,5,4,0,True
glv-j0-32,212,12120995,9,114,114,114,6,6,4,4,4,0,True
glv-j0-32,212,12120995,27,114,98,98,6,6,4,3,4,0,True
glv-j0-32,212,12120995,81,114,98,98,6,6,4,3,4,0,True
glv-j0-32,213,13893212,3,98,114,98,6,6,3,4,4,0,True
glv-j0-32,213,13893212,9,98,98,98,6,6,3,3,4,0,True
glv-j0-32,213,13893212,27,98,114,98,6,6,3,4,4,0,True
glv-j0-32,213,13893212,81,98,130,98,6,6,3,5,4,0,True
glv-j0-32,214,19150775,3,88,120,88,5,5,3,5,3,0,True
glv-j0-32,214,19150775,9,88,88,88,5,5,3,3,3,0,True
glv-j0-32,214,19150775,27,88,88,88,5,5,3,3,3,0,True
glv-j0-32,214,19150775,81,88,120,88,5,5,3,5,3,0,True
glv-j0-32,215,5442121,3,88,104,88,5,5,3,4,3,0,True
glv-j0-32,215,5442121,9,88,88,88,5,5,3,3,3,0,True
glv-j0-32,215,5442121,27,88,88,88,5,5,3,3,3,0,True
glv-j0-32,215,5442121,81,88,104,88,5,5,3,4,3,0,True
glv-j0-32,216,19997707,3,98,114,98,6,6,3,4,3,0,True
glv-j0-32,216,19997707,9,98,98,98,6,6,3,3,3,0,True
glv-j0-32,216,19997707,27,98,98,98,6,6,3,3,3,0,True
glv-j0-32,216,19997707,81,98,98,98,6,6,3,3,3,0,True
glv-j0-32,217,12206332,3,98,130,98,6,6,3,5,4,0,True
glv-j0-32,217,12206332,9,98,108,98,6,7,3,3,4,0,True
glv-j0-32,217,12206332,27,98,124,98,6,7,3,4,4,0,True
glv-j0-32,217,12206332,81,98,108,98,6,7,3,3,4,0,True
glv-j0-32,218,16150610,3,78,94,78,4,4,3,4,2,0,True
glv-j0-32,218,16150610,9,78,62,62,4,4,3,2,1,0,True
glv-j0-32,218,16150610,27,78,62,62,4,4,3,2,1,0,True
glv-j0-32,218,16150610,81,78,94,78,4,4,3,4,2,0,True
glv-j0-32,219,2184449,3,114,146,114,6,6,4,6,4,0,True
glv-j0-32,219,2184449,9,114,114,114,6,6,4,4,4,0,True
glv-j0-32,219,2184449,27,114,114,114,6,6,4,4,4,0,True
glv-j0-32,219,2184449,81,114,146,114,6,6,4,6,4,0,True
glv-j0-32,220,8706691,3,114,114,114,6,6,4,4,4,0,True
glv-j0-32,220,8706691,9,114,114,114,6,6,4,4,4,0,True
glv-j0-32,220,8706691,27,114,98,98,6,6,4,3,4,0,True
glv-j0-32,220,8706691,81,114,98,98,6,6,4,3,4,0,True
glv-j0-32,221,16845399,3,78,94,78,4,4,3,4,2,0,True
glv-j0-32,221,16845399,9,78,78,78,4,4,3,3,2,0,True
glv-j0-32,221,16845399,27,78,88,78,4,5,3,3,2,0,True
glv-j0-32,221,16845399,81,78,72,72,4,5,3,2,2,0,True
glv-j0-32,222,23563886,3,88,104,88,5,5,3,4,3,0,True
glv-j0-32,222,23563886,9,88,88,88,5,5,3,3,3,0,True
glv-j0-32,222,23563886,27,88,88,88,5,5,3,3,3,0,True
glv-j0-32,222,23563886,81,88,120,88,5,5,3,5,3,0,True
glv-j0-32,223,4620396,3,114,114,114,6,6,4,4,4,0,True
glv-j0-32,223,4620396,9,114,114,114,6,6,4,4,4,0,True
glv-j0-32,223,4620396,27,114,114,114,6,6,4,4,4,0,True
glv-j0-32,223,4620396,81,114,146,114,6,6,4,6,4,0,True
glv-j0-32,224,11325189,3,114,120,114,6,5,4,5,3,0,True
glv-j0-32,224,11325189,9,114,114,114,6,6,4,4,3,0,True
glv-j0-32,224,11325189,27,114,88,88,6,5,4,3,3,0,True
glv-j0-32,224,11325189,81,114,120,114,6,5,4,5,3,0,True
glv-j0-32,225,5727220,3,98,146,98,6,6,3,6,4,0,True
glv-j0-32,225,5727220,9,98,108,98,6,7,3,3,4,0,True
glv-j0-32,225,5727220,27,98,108,98,6,7,3,3,4,0,True
glv-j0-32,225,5727220,81,98,134,98,6,8,3,4,4,0,True
glv-j0-32,226,18613716,3,88,120,88,5,5,3,5,3,0,True
glv-j0-32,226,18613716,9,88,114,88,5,6,3,4,3,0,True
glv-j0-32,226,18613716,27,88,88,88,5,5,3,3,3,0,True
glv-j0-32,226,18613716,81,88,124,88,5,7,3,4,3,0,True
glv-j0-32,227,4416731,3,114,146,114,6,6,4,6,4,0,True
glv-j0-32,227,4416731,9,114,114,114,6,6,4,4,4,0,True
glv-j0-32,227,4416731,27,114,114,114,6,6,4,4,4,0,True
glv-j0-32,227,4416731,81,114,130,114,6,6,4,5,4,0,True
glv-j0-32,228,14789057,3,72,104,72,5,5,2,4,3,0,True
glv-j0-32,228,14789057,9,72,72,72,5,5,2,2,3,0,True
glv-j0-32,228,14789057,27,72,72,72,5,5,2,2,3,0,True
glv-j0-32,228,14789057,81,72,88,72,5,5,2,3,3,0,True
glv-j0-32,229,15923420,3,114,146,114,6,6,4,6,4,0,True
glv-j0-32,229,15923420,9,114,114,114,6,6,4,4,4,0,True
glv-j0-32,229,15923420,27,114,114,114,6,6,4,4,4,0,True
glv-j0-32,229,15923420,81,114,150,114,6,8,4,5,4,0,True
glv-j0-32,230,19588971,3,108,140,108,7,7,3,5,5,0,True
glv-j0-32,230,19588971,9,108,140,108,7,7,3,5,5,0,True
glv-j0-32,230,19588971,27,108,108,108,7,7,3,3,5,0,True
glv-j0-32,230,19588971,81,108,130,108,7,6,3,5,5,0,True
glv-j0-32,231,4753597,3,114,130,114,6,6,4,5,3,0,True
glv-j0-32,231,4753597,9,114,114,114,6,6,4,4,3,0,True
glv-j0-32,231,4753597,27,114,114,114,6,6,4,4,3,0,True
glv-j0-32,231,4753597,81,114,104,104,6,5,4,4,3,0,True
glv-j0-32,232,17374558,3,98,120,98,6,5,3,5,3,0,True
glv-j0-32,232,17374558,9,98,104,98,6,5,3,4,3,0,True
glv-j0-32,232,17374558,27,98,114,98,6,6,3,4,3,0,True
glv-j0-32,232,17374558,81,98,104,98,6,5,3,4,3,0,True
glv-j0-32,233,22574886,3,114,146,114,6,6,4,6,4,0,True
glv-j0-32,233,22574886,9,114,114,114,6,6,4,4,4,0,True
glv-j0-32,233,22574886,27,114,124,114,6,7,4,4,4,0,True
glv-j0-32,233,22574886,81,114,130,114,6,6,4,5,4,0,True
glv-j0-32,234,13563545,3,114,120,114,6,5,4,5,3,0,True
glv-j0-32,234,13563545,9,114,114,114,6,6,4,4,3,0,True
glv-j0-32,234,13563545,27,114,88,88,6,5,4,3,3,0,True
glv-j0-32,234,13563545,81,114,124,114,6,7,4,4,3,0,True
glv-j0-32,235,12321728,3,124,114,114,7,6,4,4,4,0,True
glv-j0-32,235,12321728,9,124,114,114,7,6,4,4,4,0,True
glv-j0-32,235,12321728,27,124,114,114,7,6,4,4,4,0,True
glv-j0-32,235,12321728,81,124,124,124,7,7,4,4,4,0,True
glv-j0-32,236,13210520,3,124,120,120,7,5,4,5,3,0,True
glv-j0-32,236,13210520,9,124,114,114,7,6,4,4,3,0,True
glv-j0-32,236,13210520,27,124,140,124,7,7,4,5,3,0,True
glv-j0-32,236,13210520,81,124,124,124,7,7,4,4,3,0,True
glv-j0-32,237,13935789,3,114,130,114,6,6,4,5,4,0,True
glv-j0-32,237,13935789,9,114,114,114,6,6,4,4,4,0,True
glv-j0-32,237,13935789,27,114,118,114,6,8,4,3,4,0,True
glv-j0-32,237,13935789,81,114,150,114,6,8,4,5,4,0,True
glv-j0-32,238,19762527,3,124,130,124,7,6,4,5,5,0,True
glv-j0-32,238,19762527,9,124,124,124,7,7,4,4,5,0,True
glv-j0-32,238,19762527,27,124,140,124,7,7,4,5,5,0,True
glv-j0-32,238,19762527,81,124,108,108,7,7,4,3,5,0,True
glv-j0-32,239,1459133,3,114,146,114,6,6,4,6,4,0,True
glv-j0-32,239,1459133,9,114,114,114,6,6,4,4,4,0,True
glv-j0-32,239,1459133,27,114,114,114,6,6,4,4,4,0,True
glv-j0-32,239,1459133,81,114,130,114,6,6,4,5,4,0,True
glv-j0-32,240,11448051,3,88,104,88,5,5,3,4,3,0,True
glv-j0-32,240,11448051,9,88,114,88,5,6,3,4,3,0,True
glv-j0-32,240,11448051,27,88,114,88,5,6,3,4,3,0,True
glv-j0-32,240,11448051,81,88,130,88,5,6,3,5,3,0,True
glv-j0-32,241,22174710,3,108,120,108,7,5,3,5,4,0,True
glv-j0-32,241,22174710,9,108,114,108,7,6,3,4,4,0,True
glv-j0-32,241,22174710,27,108,108,108,7,7,3,3,4,0,True
glv-j0-32,241,22174710,81,108,134,108,7,8,3,4,4,0,True
glv-j0-32,242,11056317,3,114,120,114,6,5,4,5,3,0,True
glv-j0-32,242,11056317,9,114,104,104,6,5,4,4,3,0,True
glv-j0-32,242,11056317,27,114,114,114,6,6,4,4,3,0,True
glv-j0-32,242,11056317,81,114,104,104,6,5,4,4,3,0,True
glv-j0-32,243,206118,3,98,114,98,6,6,3,4,5,0,True
glv-j0-32,243,206118,9,98,124,98,6,7,3,4,5,0,True
glv-j0-32,243,206118,27,98,108,98,6,7,3,3,4,0,True
glv-j0-32,243,206118,81,98,98,98,6,6,3,3,5,0,True
glv-j0-32,244,14554095,3,114,146,114,6,6,4,6,4,0,True
glv-j0-32,244,14554095,9,114,114,114,6,6,4,4,4,0,True
glv-j0-32,244,14554095,27,114,114,114,6,6,4,4,4,0,True
glv-j0-32,244,14554095,81,114,134,114,6,8,4,4,4,0,True
glv-j0-32,245,16434740,3,114,120,114,6,5,4,5,3,0,True
glv-j0-32,245,16434740,9,114,104,104,6,5,4,4,3,0,True
glv-j0-32,245,16434740,27,114,114,114,6,6,4,4,4,0,True
glv-j0-32,245,16434740,81,114,124,114,6,7,4,4,3,0,True
glv-j0-32,246,18037764,3,124,156,124,7,7,4,6,4,0,True
glv-j0-32,246,18037764,9,124,124,124,7,7,4,4,4,0,True
glv-j0-32,246,18037764,27,124,88,88,7,5,4,3,4,0,True
glv-j0-32,246,18037764,81,124,124,124,7,7,4,4,4,0,True
glv-j0-32,247,3863627,3,114,120,114,6,5,4,5,3,0,True
glv-j0-32,247,3863627,9,114,114,114,6,6,4,4,4,0,True
glv-j0-32,247,3863627,27,114,120,114,6,5,4,5,3,0,True
glv-j0-32,247,3863627,81,114,104,104,6,5,4,4,3,0,True
glv-j0-32,248,18967738,3,114,120,114,6,5,4,5,3,0,True
glv-j0-32,248,18967738,9,114,114,114,6,6,4,4,3,0,True
glv-j0-32,248,18967738,27,114,114,114,6,6,4,4,3,0,True
glv-j0-32,248,18967738,81,114,120,114,6,5,4,5,3,0,True
glv-j0-32,249,965820,3,114,146,114,6,6,4,6,4,0,True
glv-j0-32,249,965820,9,114,114,114,6,6,4,4,4,0,True
glv-j0-32,249,965820,27,114,108,108,6,7,4,3,4,0,True
glv-j0-32,249,965820,81,114,130,114,6,6,4,5,4,0,True
glv-j0-32,250,11480834,3,98,114,98,6,6,3,4,4,0,True
glv-j0-32,250,11480834,9,98,98,98,6,6,3,3,4,0,True
glv-j0-32,250,11480834,27,98,118,98,6,8,3,3,5,0,True
glv-j0-32,250,11480834,81,98,108,98,6,7,3,3,4,0,True
glv-j0-32,251,969989,3,88,120,88,5,5,3,5,3,0,True
glv-j0-32,251,969989,9,88,88,88,5,5,3,3,3,0,True
glv-j0-32,251,969989,27,88,88,88,5,5,3,3,3,0,True
glv-j0-32,251,969989,81,88,124,88,5,7,3,4,3,0,True
glv-j0-32,252,1018255,3,124,172,124,7,7,4,7,5,0,True
glv-j0-32,252,1018255,9,124,124,124,7,7,4,4,5,0,True
glv-j0-32,252,1018255,27,124,114,114,7,6,4,4,5,0,True
glv-j0-32,252,1018255,81,124,130,124,7,6,4,5,5,0,True
glv-j0-32,253,10024313,3,124,146,124,7,6,4,6,5,0,True
glv-j0-32,253,10024313,9,124,124,124,7,7,4,4,5,0,True
glv-j0-32,253,10024313,27,124,114,114,7,6,4,4,5,0,True
glv-j0-32,253,10024313,81,124,140,124,7,7,4,5,5,0,True
glv-j0-32,254,21879091,3,114,146,114,6,6,4,6,4,0,True
glv-j0-32,254,21879091,9,114,114,114,6,6,4,4,4,0,True
glv-j0-32,254,21879091,27,114,134,114,6,8,4,4,5,0,True
glv-j0-32,254,21879091,81,114,150,114,6,8,4,5,4,0,True
glv-j0-32,255,825349,3,98,120,98,6,5,3,5,3,0,True
glv-j0-32,255,825349,9,98,114,98,6,6,3,4,3,0,True
glv-j0-32,255,825349,27,98,98,98,6,6,3,3,3,0,True
glv-j0-32,255,825349,81,98,104,98,6,5,3,4,3,0,True
glv-j0-32,256,20829,3,78,94,78,4,4,3,4,2,0,True
glv-j0-32,256,20829,9,78,78,78,4,4,3,3,2,0,True
glv-j0-32,256,20829,27,78,94,78,4,4,3,4,2,0,True
glv-j0-32,256,20829,81,78,94,78,4,4,3,4,2,0,True
glv-j0-32,257,11384884,3,98,130,98,6,6,3,5,4,0,True
glv-j0-32,257,11384884,9,98,98,98,6,6,3,3,4,0,True
glv-j0-32,257,11384884,27,98,114,98,6,6,3,4,4,0,True
glv-j0-32,257,11384884,81,98,98,98,6,6,3,3,4,0,True
glv-j0-32,258,14138830,3,114,146,114,6,6,4,6,4,0,True
glv-j0-32,258,14138830,9,114,114,114,6,6,4,4,4,0,True
glv-j0-32,258,14138830,27,114,114,114,6,6,4,4,4,0,True
glv-j0-32,258,14138830,81,114,130,114,6,6,4,5,4,0,True
glv-j0-32,259,7108170,3,88,104,88,5,5,3,4,3,0,True
glv-j0-32,259,7108170,9,88,88,88,5,5,3,3,3,0,True
glv-j0-32,259,7108170,27,88,104,88,5,5,3,4,3,0,True
glv-j0-32,259,7108170,81,88,104,88,5,5,3,4,3,0,True
glv-j0-32,260,3704052,3,98,114,98,6,6,3,4,4,0,True
glv-j0-32,260,3704052,9,98,114,98,6,6,3,4,4,0,True
glv-j0-32,260,3704052,27,98,114,98,6,6,3,4,4,0,True
glv-j0-32,260,3704052,81,98,98,98,6,6,3,3,4,0,True
glv-j0-32,261,22873178,3,88,104,88,5,5,3,4,4,0,True
glv-j0-32,261,22873178,9,88,88,88,5,5,3,3,4,0,True
glv-j0-32,261,22873178,27,88,88,88,5,5,3,3,4,0,True
glv-j0-32,261,22873178,81,88,72,72,5,5,3,2,4,0,True
glv-j0-32,262,6722736,3,88,120,88,5,5,3,5,3,0,True
glv-j0-32,262,6722736,9,88,104,88,5,5,3,4,3,0,True
glv-j0-32,262,6722736,27,88,124,88,5,7,3,4,3,0,True
glv-j0-32,262,6722736,81,88,124,88,5,7,3,4,3,0,True
glv-j0-32,263,644712,3,88,104,88,5,5,3,4,3,0,True
glv-j0-32,263,644712,9,88,88,88,5,5,3,3,3,0,True
glv-j0-32,263,644712,27,88,88,88,5,5,3,3,3,0,True
glv-j0-32,263,644712,81,88,120,88,5,5,3,5,3,0,True
glv-j0-32,264,15232577,3,98,146,98,6,6,3,6,4,0,True
glv-j0-32,264,15232577,9,98,114,98,6,6,3,4,4,0,True
glv-j0-32,264,15232577,27,98,118,98,6,8,3,3,4,0,True
glv-j0-32,264,15232577,81,98,150,98,6,8,3,5,4,0,True
glv-j0-32,265,21635656,3,62,68,62,4,3,2,3,1,0,True
glv-j0-32,265,21635656,9,62,52,52,4,3,2,2,1,0,True
glv-j0-32,265,21635656,27,62,62,62,4,4,2,2,1,0,True
glv-j0-32,265,21635656,81,62,68,62,4,3,2,3,1,0,True
glv-j0-32,266,17496952,3,88,120,88,5,5,3,5,3,0,True
glv-j0-32,266,17496952,9,88,88,88,5,5,3,3,3,0,True
glv-j0-32,266,17496952,27,88,88,88,5,5,3,3,3,0,True
glv-j0-32,266,17496952,81,88,108,88,5,7,3,3,3,0,True
glv-j0-32,267,11746192,3,88,120,88,5,5,3,5,3,0,True
glv-j0-32,267,11746192,9,88,104,88,5,5,3,4,3,0,True
glv-j0-32,267,11746192,27,88,88,88,5,5,3,3,3,0,True
glv-j0-32,267,11746192,81,88,104,88,5,5,3,4,3,0,True
glv-j0-32,268,8343813,3,124,146,124,7,6,4,6,5,0,True
glv-j0-32,268,8343813,9,124,124,124,7,7,4,4,5,0,True
glv-j0-32,268,8343813,27,124,114,114,7,6,4,4,4,0,True
glv-j0-32,268,8343813,81,124,150,124,7,8,4,5,4,0,True
glv-j0-32,269,6862650,3,88,104,88,5,5,3,4,3,0,True
glv-j0-32,269,6862650,9,88,88,88,5,5,3,3,3,0,True
glv-j0-32,269,6862650,27,88,88,88,5,5,3,3,3,0,True
glv-j0-32,269,6862650,81,88,120,88,5,5,3,5,3,0,True
glv-j0-32,270,10673942,3,88,120,88,5,5,3,5,3,0,True
glv-j0-32,270,10673942,9,88,104,88,5,5,3,4,3,0,True
glv-j0-32,270,10673942,27,88,88,88,5,5,3,3,3,0,True
glv-j0-32,270,10673942,81,88,124,88,5,7,3,4,3,0,True
glv-j0-32,271,3095045,3,88,88,88,5,5,3,3,2,0,True
glv-j0-32,271,3095045,9,88,88,88,5,5,3,3,2,0,True
glv-j0-32,271,3095045,27,88,88,88,5,5,3,3,2,0,True
glv-j0-32,271,3095045,81,88,104,88,5,5,3,4,2,0,True
glv-j0-32,272,12846537,3,88,104,88,5,5,3,4,3,0,True
glv-j0-32,272,12846537,9,88,88,88,5,5,3,3,3,0,True
glv-j0-32,272,12846537,27,88,88,88,5,5,3,3,3,0,True
glv-j0-32,272,12846537,81,88,120,88,5,5,3,5,3,0,True
glv-j0-32,273,21976777,3,98,98,98,6,6,3,3,3,0,True
glv-j0-32,273,21976777,9,98,98,98,6,6,3,3,3,0,True
glv-j0-32,273,21976777,27,98,98,98,6,6,3,3,3,0,True
glv-j0-32,273,21976777,81,98,130,98,6,6,3,5,3,0,True
glv-j0-32,274,10697038,3,114,130,114,6,6,4,5,4,0,True
glv-j0-32,274,10697038,9,114,114,114,6,6,4,4,4,0,True
glv-j0-32,274,10697038,27,114,114,114,6,6,4,4,4,0,True
glv-j0-32,274,10697038,81,114,150,114,6,8,4,5,4,0,True
glv-j0-32,275,18513419,3,98,130,98,6,6,3,5,3,0,True
glv-j0-32,275,18513419,9,98,98,98,6,6,3,3,3,0,True
glv-j0-32,275,18513419,27,98,114,98,6,6,3,4,3,0,True
glv-j0-32,275,18513419,81,98,98,98,6,6,3,3,3,0,True
glv-j0-32,276,1647414,3,98,130,98,6,6,3,5,5,0,True
glv-j0-32,276,1647414,9,98,124,98,6,7,3,4,5,0,True
glv-j0-32,276,1647414,27,98,114,98,6,6,3,4,5,0,True
glv-j0-32,276,1647414,81,98,146,98,6,6,3,6,4,0,True
glv-j0-32,277,11526539,3,98,98,98,6,6,3,3,4,0,True
glv-j0-32,277,11526539,9,98,98,98,6,6,3,3,4,0,True
glv-j0-32,277,11526539,27,98,114,98,6,6,3,4,4,0,True
glv-j0-32,277,11526539,81,98,82,82,6,6,3,2,4,0,True
glv-j0-32,278,8167551,3,124,146,124,7,6,4,6,4,0,True
glv-j0-32,278,8167551,9,124,88,88,7,5,4,3,4,0,True
glv-j0-32,278,8167551,27,124,114,114,7,6,4,4,4,0,True
glv-j0-32,278,8167551,81,124,104,104,7,5,4,4,4,0,True
glv-j0-32,279,18876520,3,88,120,88,5,5,3,5,3,0,True
glv-j0-32,279,18876520,9,88,114,88,5,6,3,4,3,0,True
glv-j0-32,279,18876520,27,88,124,88,5,7,3,4,3,0,True
glv-j0-32,279,18876520,81,88,104,88,5,5,3,4,3,0,True
glv-j0-32,280,23432948,3,88,68,68,5,3,3,3,1,0,True
glv-j0-32,280,23432948,9,88,88,88,5,5,3,3,1,0,True
glv-j0-32,280,23432948,27,88,88,88,5,5,3,3,1,0,True
glv-j0-32,280,23432948,81,88,78,78,5,4,3,3,1,0,True
glv-j0-32,281,3005203,3,98,120,98,6,5,3,5,4,0,True
glv-j0-32,281,3005203,9,98,98,98,6,6,3,3,4,0,True
glv-j0-32,281,3005203,27,98,88,88,6,5,3,3,4,0,True
glv-j0-32,281,3005203,81,98,98,98,6,6,3,3,4,0,True
glv-j0-32,282,7770812,3,124,146,124,7,6,4,6,5,0,True
glv-j0-32,282,7770812,9,124,124,124,7,7,4,4,5,0,True
glv-j0-32,282,7770812,27,124,108,108,7,7,4,3,5,0,True
glv-j0-32,282,7770812,81,124,98,98,7,6,4,3,5,0,True
glv-j0-32,283,943264,3,114,130,114,6,6,4,5,3,0,True
glv-j0-32,283,943264,9,114,114,114,6,6,4,4,3,0,True
glv-j0-32,283,943264,27,114,98,98,6,6,4,3,3,0,True
glv-j0-32,283,943264,81,114,114,114,6,6,4,4,3,0,True
glv-j0-32,284,7944840,3,124,130,124,7,6,4,5,5,0,True
glv-j0-32,284,7944840,9,124,124,124,7,7,4,4,5,0,True
glv-j0-32,284,7944840,27,124,140,124,7,7,4,5,5,0,True
glv-j0-32,284,7944840,81,124,146,124,7,6,4,6,5,0,True
glv-j0-32,285,19139260,3,114,146,114,6,6,4,6,4,0,True
glv-j0-32,285,19139260,9,114,114,114,6,6,4,4,4,0,True
glv-j0-32,285,19139260,27,114,114,114,6,6,4,4,4,0,True
glv-j0-32,285,19139260,81,114,134,114,6,8,4,4,4,0,True
glv-j0-32,286,14738354,3,114,120,114,6,5,4,5,3,0,True
glv-j0-32,286,14738354,9,114,88,88,6,5,4,3,3,0,True
glv-j0-32,286,14738354,27,114,114,114,6,6,4,4,3,0,True
glv-j0-32,286,14738354,81,114,108,108,6,7,4,3,3,0,True
glv-j0-32,287,17495255,3,124,114,114,7,6,4,4,5,0,True
glv-j0-32,287,17495255,9,124,98,98,7,6,4,3,5,0,True
glv-j0-32,287,17495255,27,124,108,108,7,7,4,3,5,0,True
glv-j0-32,287,17495255,81,124,140,124,7,7,4,5,5,0,True
glv-j0-32,288,20505785,3,98,130,98,6,6,3,5,3,0,True
glv-j0-32,288,20505785,9,98,114,98,6,6,3,4,3,0,True
glv-j0-32,288,20505785,27,98,98,98,6,6,3,3,3,0,True
glv-j0-32,288,20505785,81,98,104,98,6,5,3,4,3,0,True
glv-j0-32,289,2852780,3,98,146,98,6,6,3,6,4,0,True
glv-j0-32,289,2852780,9,98,98,98,6,6,3,3,4,0,True
glv-j0-32,289,2852780,27,98,108,98,6,7,3,3,4,0,True
glv-j0-32,289,2852780,81,98,146,98,6,6,3,6,4,0,True
glv-j0-32,290,11516190,3,124,130,124,7,6,4,5,5,0,True
glv-j0-32,290,11516190,9,124,114,114,7,6,4,4,5,0,True
glv-j0-32,290,11516190,27,124,108,108,7,7,4,3,5,0,True
glv-j0-32,290,11516190,81,124,172,124,7,7,4,7,5,0,True
glv-j0-32,291,8984053,3,98,146,98,6,6,3,6,4,0,True
glv-j0-32,291,8984053,9,98,114,98,6,6,3,4,4,0,True
glv-j0-32,291,8984053,27,98,114,98,6,6,3,4,3,0,True
glv-j0-32,291,8984053,81,98,130,98,6,6,3,5,4,0,True
glv-j0-32,292,7825957,3,88,104,88,5,5,3,4,3,0,True
glv-j0-32,292,7825957,9,88,88,88,5,5,3,3,3,0,True
glv-j0-32,292,7825957,27,88,88,88,5,5,3,3,3,0,True
glv-j0-32,292,7825957,81,88,104,88,5,5,3,4,3,0,True
glv-j0-32,293,11264427,3,124,146,124,7,6,4,6,5,0,True
glv-j0-32,293,11264427,9,124,114,114,7,6,4,4,5,0,True
glv-j0-32,293,11264427,27,124,108,108,7,7,4,3,5,0,True
glv-j0-32,293,11264427,81,124,150,124,7,8,4,5,4,0,True
glv-j0-32,294,9502844,3,124,172,124,7,7,4,7,5,0,True
glv-j0-32,294,9502844,9,124,124,124,7,7,4,4,5,0,True
glv-j0-32,294,9502844,27,124,108,108,7,7,4,3,5,0,True
glv-j0-32,294,9502844,81,124,172,124,7,7,4,7,5,0,True
glv-j0-32,295,20456990,3,98,146,98,6,6,3,6,4,0,True
glv-j0-32,295,20456990,9,98,98,98,6,6,3,3,4,0,True
glv-j0-32,295,20456990,27,98,108,98,6,7,3,3,4,0,True
glv-j0-32,295,20456990,81,98,114,98,6,6,3,4,4,0,True
glv-j0-32,296,17915907,3,114,146,114,6,6,4,6,4,0,True
glv-j0-32,296,17915907,9,114,98,98,6,6,4,3,4,0,True
glv-j0-32,296,17915907,27,114,114,114,6,6,4,4,4,0,True
glv-j0-32,296,17915907,81,114,146,114,6,6,4,6,4,0,True
glv-j0-32,297,13767212,3,98,120,98,6,5,3,5,3,0,True
glv-j0-32,297,13767212,9,98,88,88,6,5,3,3,3,0,True
glv-j0-32,297,13767212,27,98,88,88,6,5,3,3,3,0,True
glv-j0-32,297,13767212,81,98,104,98,6,5,3,4,3,0,True
glv-j0-32,298,18882677,3,124,146,124,7,6,4,6,4,0,True
glv-j0-32,298,18882677,9,124,124,124,7,7,4,4,3,0,True
glv-j0-32,298,18882677,27,124,114,114,7,6,4,4,4,0,True
glv-j0-32,298,18882677,81,124,104,104,7,5,4,4,3,0,True
glv-j0-32,299,13525946,3,98,120,98,6,5,3,5,4,0,True
glv-j0-32,299,13525946,9,98,98,98,6,6,3,3,4,0,True
glv-j0-32,299,13525946,27,98,88,88,6,5,3,3,4,0,True
glv-j0-32,299,13525946,81,98,120,98,6,5,3,5,4,0,True
glv-j0-32,300,16631018,3,114,130,114,6,6,4,5,4,0,True
glv-j0-32,300,16631018,9,114,114,114,6,6,4,4,4,0,True
glv-j0-32,300,16631018,27,114,114,114,6,6,4,4,4,0,True
glv-j0-32,300,16631018,81,114,146,114,6,6,4,6,4,0,True
glv-j0-32,301,5483053,3,114,146,114,6,6,4,6,4,0,True
glv-j0-32,301,5483053,9,114,114,114,6,6,4,4,4,0,True
glv-j0-32,301,5483053,27,114,114,114,6,6,4,4,4,0,True
glv-j0-32,301,5483053,81,114,134,114,6,8,4,4,4,0,True
glv-j0-32,302,11275926,3,88,120,88,5,5,3,5,4,0,True
glv-j0-32,302,11275926,9,88,88,88,5,5,3,3,4,0,True
glv-j0-32,302,11275926,27,88,114,88,5,6,3,4,4,0,True
glv-j0-32,302,11275926,81,88,104,88,5,5,3,4,4,0,True
glv-j0-32,303,8923699,3,108,114,108,7,6,3,4,5,0,True
glv-j0-32,303,8923699,9,108,108,108,7,7,3,3,5,0,True
glv-j0-32,303,8923699,27,108,82,82,7,6,3,2,5,0,True
glv-j0-32,303,8923699,81,108,114,108,7,6,3,4,5,0,True
glv-j0-32,304,3019941,3,98,130,98,6,6,3,5,3,0,True
glv-j0-32,304,3019941,9,98,114,98,6,6,3,4,3,0,True
glv-j0-32,304,3019941,27,98,114,98,6,6,3,4,3,0,True
glv-j0-32,304,3019941,81,98,98,98,6,6,3,3,3,0,True
glv-j0-32,305,9249457,3,114,146,114,6,6,4,6,4,0,True
glv-j0-32,305,9249457,9,114,98,98,6,6,4,3,4,0,True
glv-j0-32,305,9249457,27,114,108,108,6,7,4,3,4,0,True
glv-j0-32,305,9249457,81,114,146,114,6,6,4,6,4,0,True
glv-j0-32,306,19678186,3,98,114,98,6,6,3,4,3,0,True
glv-j0-32,306,19678186,9,98,98,98,6,6,3,3,3,0,True
glv-j0-32,306,19678186,27,98,98,98,6,6,3,3,3,0,True
glv-j0-32,306,19678186,81,98,98,98,6,6,3,3,3,0,True
glv-j0-32,307,7654011,3,124,146,124,7,6,4,6,5,0,True
glv-j0-32,307,7654011,9,124,124,124,7,7,4,4,5,0,True
glv-j0-32,307,7654011,27,124,114,114,7,6,4,4,4,0,True
glv-j0-32,307,7654011,81,124,172,124,7,7,4,7,5,0,True
glv-j0-32,308,19531755,3,114,130,114,6,6,4,5,4,0,True
glv-j0-32,308,19531755,9,114,114,114,6,6,4,4,4,0,True
glv-j0-32,308,19531755,27,114,108,108,6,7,4,3,4,0,True
glv-j0-32,308,19531755,81,114,130,114,6,6,4,5,4,0,True
glv-j0-32,309,4184652,3,98,146,98,6,6,3,6,5,0,True
glv-j0-32,309,4184652,9,98,124,98,6,7,3,4,5,0,True
glv-j0-32,309,4184652,27,98,108,98,6,7,3,3,5,0,True
glv-j0-32,309,4184652,81,98,156,98,6,7,3,6,5,0,True
glv-j0-32,310,15164374,3,114,146,114,6,6,4,6,4,0,True
glv-j0-32,310,15164374,9,114,114,114,6,6,4,4,4,0,True
glv-j0-32,310,15164374,27,114,114,114,6,6,4,4,4,0,True
glv-j0-32,310,15164374,81,114,150,114,6,8,4,5,4,0,True
glv-j0-32,311,966983,3,98,114,98,6,6,3,4,4,0,True
glv-j0-32,311,966983,9,98,98,98,6,6,3,3,4,0,True
glv-j0-32,311,966983,27,98,98,98,6,6,3,3,4,0,True
glv-j0-32,311,966983,81,98,114,98,6,6,3,4,4,0,True
glv-j0-32,312,9335493,3,114,146,114,6,6,4,6,4,0,True
glv-j0-32,312,9335493,9,114,98,98,6,6,4,3,4,0,True
glv-j0-32,312,9335493,27,114,108,108,6,7,4,3,4,0,True
glv-j0-32,312,9335493,81,114,108,108,6,7,4,3,4,0,True
glv-j0-32,313,1580957,3,98,146,98,6,6,3,6,4,0,True
glv-j0-32,313,1580957,9,98,98,98,6,6,3,3,3,0,True
glv-j0-32,313,1580957,27,98,114,98,6,6,3,4,3,0,True
glv-j0-32,313,1580957,81,98,98,98,6,6,3,3,3,0,True
glv-j0-32,314,22673348,3,114,146,114,6,6,4,6,4,0,True
glv-j0-32,314,22673348,9,114,114,114,6,6,4,4,4,0,True
glv-j0-32,314,22673348,27,114,118,114,6,8,4,3,4,0,True
glv-j0-32,314,22673348,81,114,104,104,6,5,4,4,4,0,True
glv-j0-32,315,6161583,3,114,130,114,6,6,4,5,4,0,True
glv-j0-32,315,6161583,9,114,114,114,6,6,4,4,4,0,True
glv-j0-32,315,6161583,27,114,114,114,6,6,4,4,4,0,True
glv-j0-32,315,6161583,81,114,134,114,6,8,4,4,4,0,True
glv-j0-32,316,21280072,3,114,120,114,6,5,4,5,3,0,True
glv-j0-32,316,21280072,9,114,104,104,6,5,4,4,3,0,True
glv-j0-32,316,21280072,27,114,120,114,6,5,4,5,3,0,True
glv-j0-32,316,21280072,81,114,124,114,6,7,4,4,3,0,True
glv-j0-32,317,8175990,3,98,156,98,6,7,3,6,5,0,True
glv-j0-32,317,8175990,9,98,124,98,6,7,3,4,5,0,True
glv-j0-32,317,8175990,27,98,108,98,6,7,3,3,5,0,True
glv-j0-32,317,8175990,81,98,172,98,6,7,3,7,5,0,True
glv-j0-32,318,6552952,3,124,146,124,7,6,4,6,4,0,True
glv-j0-32,318,6552952,9,124,140,124,7,7,4,5,4,0,True
glv-j0-32,318,6552952,27,124,114,114,7,6,4,4,4,0,True
glv-j0-32,318,6552952,81,124,146,124,7,6,4,6,4,0,True
glv-j0-32,319,13042471,3,114,120,114,6,5,4,5,3,0,True
glv-j0-32,319,13042471,9,114,114,114,6,6,4,4,3,0,True
glv-j0-32,319,13042471,27,114,88,88,6,5,4,3,3,0,True
glv-j0-32,319,13042471,81,114,120,114,6,5,4,5,3,0,True
glv-j0-32,320,6035357,3,88,120,88,5,5,3,5,3,0,True
glv-j0-32,320,6035357,9,88,104,88,5,5,3,4,3,0,True
glv-j0-32,320,6035357,27,88,88,88,5,5,3,3,3,0,True
glv-j0-32,320,6035357,81,88,88,88,5,5,3,3,3,0,True
glv-j0-32,321,3232845,3,114,146,114,6,6,4,6,4,0,True
glv-j0-32,321,3232845,9,114,114,114,6,6,4,4,4,0,True
glv-j0-32,321,3232845,27,114,146,114,6,6,4,6,4,0,True
glv-j0-32,321,3232845,81,114,150,114,6,8,4,5,4,0,True
glv-j0-32,322,5509850,3,124,130,124,7,6,4,5,5,0,True
glv-j0-32,322,5509850,9,124,124,124,7,7,4,4,5,0,True
glv-j0-32,322,5509850,27,124,98,98,7,6,4,3,5,0,True
glv-j0-32,322,5509850,81,124,156,124,7,7,4,6,5,0,True
glv-j0-32,323,9891484,3,114,130,114,6,6,4,5,3,0,True
glv-j0-32,323,9891484,9,114,114,114,6,6,4,4,3,0,True
glv-j0-32,323,9891484,27,114,124,114,6,7,4,4,3,0,True
glv-j0-32,323,9891484,81,114,108,108,6,7,4,3,3,0,True
glv-j0-32,324,5513787,3,114,120,114,6,5,4,5,3,0,True
glv-j0-32,324,5513787,9,114,88,88,6,5,4,3,3,0,True
glv-j0-32,324,5513787,27,114,124,114,6,7,4,4,3,0,True
glv-j0-32,324,5513787,81,114,108,108,6,7,4,3,3,0,True
glv-j0-32,325,23144719,3,108,104,104,7,5,3,4,4,0,True
glv-j0-32,325,23144719,9,108,108,108,7,7,3,3,4,0,True
glv-j0-32,325,23144719,27,108,108,108,7,7,3,3,4,0,True
glv-j0-32,325,23144719,81,108,108,108,7,7,3,3,4,0,True
glv-j0-32,326,10365336,3,124,130,124,7,6,4,5,5,0,True
glv-j0-32,326,10365336,9,124,124,124,7,7,4,4,5,0,True
glv-j0-32,326,10365336,27,124,140,124,7,7,4,5,5,0,True
glv-j0-32,326,10365336,81,124,124,124,7,7,4,4,5,0,True
glv-j0-32,327,9113105,3,114,120,114,6,5,4,5,4,0,True
glv-j0-32,327,9113105,9,114,114,114,6,6,4,4,4,0,True
glv-j0-32,327,9113105,27,114,108,108,6,7,4,3,4,0,True
glv-j0-32,327,9113105,81,114,146,114,6,6,4,6,4,0,True
glv-j0-32,328,15975419,3,114,120,114,6,5,4,5,3,0,True
glv-j0-32,328,15975419,9,114,88,88,6,5,4,3,3,0,True
glv-j0-32,328,15975419,27,114,88,88,6,5,4,3,3,0,True
glv-j0-32,328,15975419,81,114,104,104,6,5,4,4,3,0,True
glv-j0-32,329,1468949,3,98,130,98,6,6,3,5,4,0,True
glv-j0-32,329,1468949,9,98,114,98,6,6,3,4,4,0,True
glv-j0-32,329,1468949,27,98,114,98,6,6,3,4,4,0,True
glv-j0-32,329,1468949,81,98,98,98,6,6,3,3,4,0,True
glv-j0-32,330,17309196,3,98,146,98,6,6,3,6,4,0,True
glv-j0-32,330,17309196,9,98,114,98,6,6,3,4,4,0,True
glv-j0-32,330,17309196,27,98,140,98,6,7,3,5,4,0,True
glv-j0-32,330,17309196,81,98,146,98,6,6,3,6,4,0,True
glv-j0-32,331,15884808,3,114,146,114,6,6,4,6,4,0,True
glv-j0-32,331,15884808,9,114,114,114,6,6,4,4,4,0,True
glv-j0-32,331,15884808,27,114,114,114,6,6,4,4,4,0,True
glv-j0-32,331,15884808,81,114,120,114,6,5,4,5,4,0,True
glv-j0-32,332,3427237,3,114,114,114,6,6,4,4,3,0,True
glv-j0-32,332,3427237,9,114,114,114,6,6,4,4,3,0,True
glv-j0-32,332,3427237,27,114,98,98,6,6,4,3,3,0,True
glv-j0-32,332,3427237,81,114,98,98,6,6,4,3,3,0,True
glv-j0-32,333,5270838,3,114,146,114,6,6,4,6,4,0,True
glv-j0-32,333,5270838,9,114,114,114,6,6,4,4,4,0,True
glv-j0-32,333,5270838,27,114,88,88,6,5,4,3,4,0,True
glv-j0-32,333,5270838,81,114,130,114,6,6,4,5,4,0,True
glv-j0-32,334,21012905,3,62,94,62,4,4,2,4,2,0,True
glv-j0-32,334,21012905,9,62,62,62,4,4,2,2,2,0,True
glv-j0-32,334,21012905,27,62,62,62,4,4,2,2,2,0,True
glv-j0-32,334,21012905,81,62,78,62,4,4,2,3,2,0,True
glv-j0-32,335,18056316,3,114,120,114,6,5,4,5,3,0,True
glv-j0-32,335,18056316,9,114,114,114,6,6,4,4,3,0,True
glv-j0-32,335,18056316,27,114,98,98,6,6,4,3,3,0,True
glv-j0-32,335,18056316,81,114,98,98,6,6,4,3,3,0,True
glv-j0-32,336,12267977,3,78,94,78,4,4,3,4,2,0,True
glv-j0-32,336,12267977,9,78,88,78,4,5,3,3,2,0,True
glv-j0-32,336,12267977,27,78,88,78,4,5,3,3,2,0,True
glv-j0-32,336,12267977,81,78,94,78,4,4,3,4,2,0,True
glv-j0-32,337,10559077,3,114,146,114,6,6,4,6,4,0,True
glv-j0-32,337,10559077,9,114,114,114,6,6,4,4,4,0,True
glv-j0-32,337,10559077,27,114,108,108,6,7,4,3,4,0,True
glv-j0-32,337,10559077,81,114,130,114,6,6,4,5,4,0,True
glv-j0-32,338,17873187,3,114,146,114,6,6,4,6,4,0,True
glv-j0-32,338,17873187,9,114,114,114,6,6,4,4,5,0,True
glv-j0-32,338,17873187,27,114,114,114,6,6,4,4,4,0,True
glv-j0-32,338,17873187,81,114,156,114,6,7,4,6,5,0,True
glv-j0-32,339,14384187,3,114,104,104,6,5,4,4,3,0,True
glv-j0-32,339,14384187,9,114,88,88,6,5,4,3,3,0,True
glv-j0-32,339,14384187,27,114,88,88,6,5,4,3,3,0,True
glv-j0-32,339,14384187,81,114,124,114,6,7,4,4,3,0,True
glv-j0-32,340,17189473,3,98,146,98,6,6,3,6,4,0,True
glv-j0-32,340,17189473,9,98,98,98,6,6,3,3,4,0,True
glv-j0-32,340,17189473,27,98,108,98,6,7,3,3,4,0,True
glv-j0-32,340,17189473,81,98,130,98,6,6,3,5,4,0,True
glv-j0-32,341,16924828,3,88,104,88,5,5,3,4,3,0,True
glv-j0-32,341,16924828,9,88,88,88,5,5,3,3,3,0,True
glv-j0-32,341,16924828,27,88,72,72,5,5,3,2,3,0,True
glv-j0-32,341,16924828,81,88,104,88,5,5,3,4,3,0,True
glv-j0-32,342,10360693,3,88,120,88,5,5,3,5,3,0,True
glv-j0-32,342,10360693,9,88,88,88,5,5,3,3,3,0,True
glv-j0-32,342,10360693,27,88,88,88,5,5,3,3,3,0,True
glv-j0-32,342,10360693,81,88,120,88,5,5,3,5,3,0,True
glv-j0-32,343,20847390,3,88,120,88,5,5,3,5,4,0,True
glv-j0-32,343,20847390,9,88,88,88,5,5,3,3,3,0,True
glv-j0-32,343,20847390,27,88,88,88,5,5,3,3,3,0,True
glv-j0-32,343,20847390,81,88,98,88,5,6,3,3,3,0,True
glv-j0-32,344,4822422,3,114,146,114,6,6,4,6,4,0,True
glv-j0-32,344,4822422,9,114,114,114,6,6,4,4,4,0,True
glv-j0-32,344,4822422,27,114,108,108,6,7,4,3,4,0,True
glv-j0-32,344,4822422,81,114,146,114,6,6,4,6,4,0,True
glv-j0-32,345,5567275,3,98,146,98,6,6,3,6,4,0,True
glv-j0-32,345,5567275,9,98,114,98,6,6,3,4,4,0,True
glv-j0-32,345,5567275,27,98,108,98,6,7,3,3,4,0,True
glv-j0-32,345,5567275,81,98,146,98,6,6,3,6,4,0,True
glv-j0-32,346,12873379,3,98,120,98,6,5,3,5,4,0,True
glv-j0-32,346,12873379,9,98,98,98,6,6,3,3,4,0,True
glv-j0-32,346,12873379,27,98,114,98,6,6,3,4,4,0,True
glv-j0-32,346,12873379,81,98,98,98,6,6,3,3,4,0,True
glv-j0-32,347,20525948,3,88,104,88,5,5,3,4,3,0,True
glv-j0-32,347,20525948,9,88,88,88,5,5,3,3,3,0,True
glv-j0-32,347,20525948,27,88,124,88,5,7,3,4,4,0,True
glv-j0-32,347,20525948,81,88,108,88,5,7,3,3,3,0,True
glv-j0-32,348,13095291,3,98,114,98,6,6,3,4,4,0,True
glv-j0-32,348,13095291,9,98,98,98,6,6,3,3,4,0,True
glv-j0-32,348,13095291,27,98,98,98,6,6,3,3,4,0,True
glv-j0-32,348,13095291,81,98,98,98,6,6,3,3,4,0,True
glv-j0-32,349,9259563,3,88,104,88,5,5,3,4,3,0,True
glv-j0-32,349,9259563,9,88,88,88,5,5,3,3,3,0,True
glv-j0-32,349,9259563,27,88,124,88,5,7,3,4,4,0,True
glv-j0-32,349,9259563,81,88,108,88,5,7,3,3,3,0,True
glv-j0-32,350,3647054,3,98,130,98,6,6,3,5,4,0,True
glv-j0-32,350,3647054,9,98,114,98,6,6,3,4,4,0,True
glv-j0-32,350,3647054,27,98,108,98,6,7,3,3,4,0,True
glv-j0-32,350,3647054,81,98,98,98,6,6,3,3,4,0,True
glv-j0-32,351,13905039,3,114,120,114,6,5,4,5,3,0,True
glv-j0-32,351,13905039,9,114,114,114,6,6,4,4,3,0,True
glv-j0-32,351,13905039,27,114,114,114,6,6,4,4,3,0,True
glv-j0-32,351,13905039,81,114,104,104,6,5,4,4,3,0,True
glv-j0-32,352,23071071,3,114,146,114,6,6,4,6,4,0,True
glv-j0-32,352,23071071,9,114,114,114,6,6,4,4,4,0,True
glv-j0-32,352,23071071,27,114,120,114,6,5,4,5,3,0,True
glv-j0-32,352,23071071,81,114,120,114,6,5,4,5,3,0,True
glv-j0-32,353,9674829,3,114,130,114,6,6,4,5,4,0,True
glv-j0-32,353,9674829,9,114,98,98,6,6,4,3,4,0,True
glv-j0-32,353,9674829,27,114,114,114,6,6,4,4,4,0,True
glv-j0-32,353,9674829,81,114,146,114,6,6,4,6,4,0,True
glv-j0-32,354,9419602,3,88,104,88,5,5,3,4,3,0,True
glv-j0-32,354,9419602,9,88,88,88,5,5,3,3,3,0,True
glv-j0-32,354,9419602,27,88,88,88,5,5,3,3,3,0,True
glv-j0-32,354,9419602,81,88,120,88,5,5,3,5,3,0,True
glv-j0-32,355,3043151,3,98,120,98,6,5,3,5,3,0,True
glv-j0-32,355,3043151,9,98,78,78,6,4,3,3,3,0,True
glv-j0-32,355,3043151,27,98,88,88,6,5,3,3,3,0,True
glv-j0-32,355,3043151,81,98,78,78,6,4,3,3,3,0,True
glv-j0-32,356,10320858,3,124,146,124,7,6,4,6,5,0,True
glv-j0-32,356,10320858,9,124,140,124,7,7,4,5,5,0,True
glv-j0-32,356,10320858,27,124,114,114,7,6,4,4,5,0,True
glv-j0-32,356,10320858,81,124,156,124,7,7,4,6,5,0,True
glv-j0-32,357,9704294,3,82,130,82,6,6,2,5,4,0,True
glv-j0-32,357,9704294,9,82,98,82,6,6,2,3,4,0,True
glv-j0-32,357,9704294,27,82,82,82,6,6,2,2,4,0,True
glv-j0-32,357,9704294,81,82,82,82,6,6,2,2,4,0,True
glv-j0-32,358,3543263,3,98,94,94,6,4,3,4,3,0,True
glv-j0-32,358,3543263,9,98,98,98,6,6,3,3,3,0,True
glv-j0-32,358,3543263,27,98,82,82,6,6,3,2,3,0,True
glv-j0-32,358,3543263,81,98,82,82,6,6,3,2,3,0,True
glv-j0-32,359,7941917,3,98,130,98,6,6,3,5,4,0,True
glv-j0-32,359,7941917,9,98,98,98,6,6,3,3,4,0,True
glv-j0-32,359,7941917,27,98,108,98,6,7,3,3,4,0,True
glv-j0-32,359,7941917,81,98,130,98,6,6,3,5,4,0,True
glv-j0-32,360,16264129,3,114,146,114,6,6,4,6,4,0,True
glv-j0-32,360,16264129,9,114,114,114,6,6,4,4,4,0,True
glv-j0-32,360,16264129,27,114,140,114,6,7,4,5,4,0,True
glv-j0-32,360,16264129,81,114,130,114,6,6,4,5,4,0,True
glv-j0-32,361,9243061,3,114,146,114,6,6,4,6,4,0,True
glv-j0-32,361,9243061,9,114,114,114,6,6,4,4,4,0,True
glv-j0-32,361,9243061,27,114,114,114,6,6,4,4,4,0,True
glv-j0-32,361,9243061,81,114,134,114,6,8,4,4,4,0,True
glv-j0-32,362,1253965,3,88,88,88,5,5,3,3,3,0,True
glv-j0-32,362,1253965,9,88,88,88,5,5,3,3,3,0,True
glv-j0-32,362,1253965,27,88,88,88,5,5,3,3,3,0,True
glv-j0-32,362,1253965,81,88,98,88,5,6,3,3,3,0,True
glv-j0-32,363,5618274,3,98,146,98,6,6,3,6,4,0,True
glv-j0-32,363,5618274,9,98,114,98,6,6,3,4,4,0,True
glv-j0-32,363,5618274,27,98,98,98,6,6,3,3,4,0,True
glv-j0-32,363,5618274,81,98,98,98,6,6,3,3,4,0,True
glv-j0-32,364,20275306,3,88,120,88,5,5,3,5,4,0,True
glv-j0-32,364,20275306,9,88,88,88,5,5,3,3,4,0,True
glv-j0-32,364,20275306,27,88,108,88,5,7,3,3,4,0,True
glv-j0-32,364,20275306,81,88,130,88,5,6,3,5,4,0,True
glv-j0-32,365,9560152,3,114,146,114,6,6,4,6,4,0,True
glv-j0-32,365,9560152,9,114,114,114,6,6,4,4,4,0,True
glv-j0-32,365,9560152,27,114,124,114,6,7,4,4,4,0,True
glv-j0-32,365,9560152,81,114,130,114,6,6,4,5,4,0,True
glv-j0-32,366,7245538,3,114,104,104,6,5,4,4,3,0,True
glv-j0-32,366,7245538,9,114,114,114,6,6,4,4,3,0,True
glv-j0-32,366,7245538,27,114,88,88,6,5,4,3,3,0,True
glv-j0-32,366,7245538,81,114,120,114,6,5,4,5,3,0,True
glv-j0-32,367,17491367,3,98,120,98,6,5,3,5,3,0,True
glv-j0-32,367,17491367,9,98,98,98,6,6,3,3,3,0,True
glv-j0-32,367,17491367,27,98,120,98,6,5,3,5,3,0,True
glv-j0-32,367,17491367,81,98,104,98,6,5,3,4,3,0,True
glv-j0-32,368,22028390,3,114,146,114,6,6,4,6,4,0,True
glv-j0-32,368,22028390,9,114,114,114,6,6,4,4,4,0,True
glv-j0-32,368,22028390,27,114,98,98,6,6,4,3,4,0,True
glv-j0-32,368,22028390,81,114,98,98,6,6,4,3,4,0,True
glv-j0-32,369,23360435,3,88,120,88,5,5,3,5,3,0,True
glv-j0-32,369,23360435,9,88,88,88,5,5,3,3,3,0,True
glv-j0-32,369,23360435,27,88,88,88,5,5,3,3,3,0,True
glv-j0-32,369,23360435,81,88,124,88,5,7,3,4,3,0,True
glv-j0-32,370,4079059,3,88,104,88,5,5,3,4,3,0,True
glv-j0-32,370,4079059,9,88,88,88,5,5,3,3,3,0,True
glv-j0-32,370,4079059,27,88,88,88,5,5,3,3,3,0,True
glv-j0-32,370,4079059,81,88,120,88,5,5,3,5,3,0,True
glv-j0-32,371,14189638,3,98,146,98,6,6,3,6,4,0,True
glv-j0-32,371,14189638,9,98,98,98,6,6,3,3,4,0,True
glv-j0-32,371,14189638,27,98,108,98,6,7,3,3,4,0,True
glv-j0-32,371,14189638,81,98,124,98,6,7,3,4,4,0,True
glv-j0-32,372,18913743,3,114,146,114,6,6,4,6,4,0,True
glv-j0-32,372,18913743,9,114,114,114,6,6,4,4,4,0,True
glv-j0-32,372,18913743,27,114,108,108,6,7,4,3,4,0,True
glv-j0-32,372,18913743,81,114,124,114,6,7,4,4,4,0,True
glv-j0-32,373,4509672,3,124,146,124,7,6,4,6,4,0,True
glv-j0-32,373,4509672,9,124,140,124,7,7,4,5,4,0,True
glv-j0-32,373,4509672,27,124,124,124,7,7,4,4,4,0,True
glv-j0-32,373,4509672,81,124,130,124,7,6,4,5,4,0,True
glv-j0-32,374,15869172,3,98,130,98,6,6,3,5,4,0,True
glv-j0-32,374,15869172,9,98,114,98,6,6,3,4,4,0,True
glv-j0-32,374,15869172,27,98,98,98,6,6,3,3,4,0,True
glv-j0-32,374,15869172,81,98,118,98,6,8,3,3,4,0,True
glv-j0-32,375,7320958,3,114,146,114,6,6,4,6,4,0,True
glv-j0-32,375,7320958,9,114,114,114,6,6,4,4,4,0,True
glv-j0-32,375,7320958,27,114,98,98,6,6,4,3,4,0,True
glv-j0-32,375,7320958,81,114,98,98,6,6,4,3,4,0,True
glv-j0-32,376,12654834,3,124,130,124,7,6,4,5,5,0,True
glv-j0-32,376,12654834,9,124,114,114,7,6,4,4,5,0,True
glv-j0-32,376,12654834,27,124,114,114,7,6,4,4,5,0,True
glv-j0-32,376,12654834,81,124,108,108,7,7,4,3,5,0,True
glv-j0-32,377,3212975,3,124,146,124,7,6,4,6,4,0,True
glv-j0-32,377,3212975,9,124,114,114,7,6,4,4,4,0,True
glv-j0-32,377,3212975,27,124,108,108,7,7,4,3,4,0,True
glv-j0-32,377,3212975,81,124,130,124,7,6,4,5,4,0,True
glv-j0-32,378,12019646,3,114,130,114,6,6,4,5,3,0,True
glv-j0-32,378,12019646,9,114,114,114,6,6,4,4,3,0,True
glv-j0-32,378,12019646,27,114,114,114,6,6,4,4,3,0,True
glv-j0-32,378,12019646,81,114,130,114,6,6,4,5,3,0,True
glv-j0-32,379,15464901,3,98,146,98,6,6,3,6,4,0,True
glv-j0-32,379,15464901,9,98,114,98,6,6,3,4,4,0,True
glv-j0-32,379,15464901,27,98,114,98,6,6,3,4,4,0,True
glv-j0-32,379,15464901,81,98,146,98,6,6,3,6,4,0,True
glv-j0-32,380,8247369,3,114,146,114,6,6,4,6,4,0,True
glv-j0-32,380,8247369,9,114,114,114,6,6,4,4,4,0,True
glv-j0-32,380,8247369,27,114,114,114,6,6,4,4,4,0,True
glv-j0-32,380,8247369,81,114,130,114,6,6,4,5,4,0,True
glv-j0-32,381,16309331,3,114,114,114,6,6,4,4,3,0,True
glv-j0-32,381,16309331,9,114,114,114,6,6,4,4,3,0,True
glv-j0-32,381,16309331,27,114,98,98,6,6,4,3,3,0,True
glv-j0-32,381,16309331,81,114,114,114,6,6,4,4,3,0,True
glv-j0-32,382,12522431,3,88,120,88,5,5,3,5,4,0,True
glv-j0-32,382,12522431,9,88,88,88,5,5,3,3,4,0,True
glv-j0-32,382,12522431,27,88,114,88,5,6,3,4,4,0,True
glv-j0-32,382,12522431,81,88,130,88,5,6,3,5,4,0,True
glv-j0-32,383,18112488,3,88,130,88,5,6,3,5,4,0,True
glv-j0-32,383,18112488,9,88,88,88,5,5,3,3,4,0,True
glv-j0-32,383,18112488,27,88,88,88,5,5,3,3,4,0,True
glv-j0-32,383,18112488,81,88,146,88,5,6,3,6,4,0,True
glv-j0-32,384,12150825,3,124,130,124,7,6,4,5,3,0,True
glv-j0-32,384,12150825,9,124,114,114,7,6,4,4,3,0,True
glv-j0-32,384,12150825,27,124,140,124,7,7,4,5,3,0,True
glv-j0-32,384,12150825,81,124,124,124,7,7,4,4,3,0,True
glv-j0-32,385,11114606,3,62,62,62,4,4,2,2,1,0,True
glv-j0-32,385,11114606,9,62,62,62,4,4,2,2,1,0,True
glv-j0-32,385,11114606,27,62,62,62,4,4,2,2,1,0,True
glv-j0-32,385,11114606,81,62,62,62,4,4,2,2,1,0,True
glv-j0-32,386,18085732,3,114,130,114,6,6,4,5,4,0,True
glv-j0-32,386,18085732,9,114,114,114,6,6,4,4,4,0,True
glv-j0-32,386,18085732,27,114,114,114,6,6,4,4,4,0,True
glv-j0-32,386,18085732,81,114,146,114,6,6,4,6,4,0,True
glv-j0-32,387,594385,3,88,120,88,5,5,3,5,3,0,True
glv-j0-32,387,594385,9,88,88,88,5,5,3,3,3,0,True
glv-j0-32,387,594385,27,88,88,88,5,5,3,3,3,0,True
glv-j0-32,387,594385,81,88,104,88,5,5,3,4,3,0,True
glv-j0-32,388,121901,3,88,120,88,5,5,3,5,3,0,True
glv-j0-32,388,121901,9,88,98,88,5,6,3,3,3,0,True
glv-j0-32,388,121901,27,88,88,88,5,5,3,3,3,0,True
glv-j0-32,388,121901,81,88,98,88,5,6,3,3,3,0,True
glv-j0-32,389,12111835,3,124,146,124,7,6,4,6,5,0,True
glv-j0-32,389,12111835,9,124,124,124,7,7,4,4,5,0,True
glv-j0-32,389,12111835,27,124,140,124,7,7,4,5,5,0,True
glv-j0-32,389,12111835,81,124,156,124,7,7,4,6,5,0,True
glv-j0-32,390,16403003,3,114,120,114,6,5,4,5,3,0,True
glv-j0-32,390,16403003,9,114,114,114,6,6,4,4,3,0,True
glv-j0-32,390,16403003,27,114,88,88,6,5,4,3,3,0,True
glv-j0-32,390,16403003,81,114,120,114,6,5,4,5,3,0,True
glv-j0-32,391,22246650,3,114,104,104,6,5,4,4,4,0,True
glv-j0-32,391,22246650,9,114,88,88,6,5,4,3,4,0,True
glv-j0-32,391,22246650,27,114,108,108,6,7,4,3,4,0,True
glv-j0-32,391,22246650,81,114,124,114,6,7,4,4,4,0,True
glv-j0-32,392,9549014,3,88,104,88,5,5,3,4,3,0,True
glv-j0-32,392,9549014,9,88,88,88,5,5,3,3,3,0,True
glv-j0-32,392,9549014,27,88,104,88,5,5,3,4,3,0,True
glv-j0-32,392,9549014,81,88,104,88,5,5,3,4,3,0,True
glv-j0-32,393,22457533,3,114,146,114,6,6,4,6,4,0,True
glv-j0-32,393,22457533,9,114,114,114,6,6,4,4,4,0,True
glv-j0-32,393,22457533,27,114,98,98,6,6,4,3,4,0,True
glv-j0-32,393,22457533,81,114,98,98,6,6,4,3,4,0,True
glv-j0-32,394,10243297,3,114,130,114,6,6,4,5,4,0,True
glv-j0-32,394,10243297,9,114,114,114,6,6,4,4,4,0,True
glv-j0-32,394,10243297,27,114,118,114,6,8,4,3,4,0,True
glv-j0-32,394,10243297,81,114,118,114,6,8,4,3,4,0,True
glv-j0-32,395,7671435,3,88,130,88,5,6,3,5,4,0,True
glv-j0-32,395,7671435,9,88,88,88,5,5,3,3,4,0,True
glv-j0-32,395,7671435,27,88,88,88,5,5,3,3,4,0,True
glv-j0-32,395,7671435,81,88,124,88,5,7,3,4,4,0,True
glv-j0-32,396,10791307,3,114,146,114,6,6,4,6,4,0,True
glv-j0-32,396,10791307,9,114,114,114,6,6,4,4,4,0,True
glv-j0-32,396,10791307,27,114,114,114,6,6,4,4,4,0,True
glv-j0-32,396,10791307,81,114,146,114,6,6,4,6,4,0,True
glv-j0-32,397,16432723,3,114,130,114,6,6,4,5,3,0,True
glv-j0-32,397,16432723,9,114,114,114,6,6,4,4,3,0,True
glv-j0-32,397,16432723,27,114,98,98,6,6,4,3,3,0,True
glv-j0-32,397,16432723,81,114,120,114,6,5,4,5,3,0,True
glv-j0-32,398,7035281,3,114,120,114,6,5,4,5,3,0,True
glv-j0-32,398,7035281,9,114,114,114,6,6,4,4,3,0,True
glv-j0-32,398,7035281,27,114,88,88,6,5,4,3,3,0,True
glv-j0-32,398,7035281,81,114,130,114,6,6,4,5,3,0,True
glv-j0-32,399,21178012,3,88,104,88,5,5,3,4,3,0,True
glv-j0-32,399,21178012,9,88,88,88,5,5,3,3,3,0,True
glv-j0-32,399,21178012,27,88,88,88,5,5,3,3,3,0,True
glv-j0-32,399,21178012,81,88,120,88,5,5,3,5,3,0,True
glv-j0-32,400,17762629,3,114,146,114,6,6,4,6,4,0,True
glv-j0-32,400,17762629,9,114,130,114,6,6,4,5,4,0,True
glv-j0-32,400,17762629,27,114,114,114,6,6,4,4,4,0,True
glv-j0-32,400,17762629,81,114,124,114,6,7,4,4,4,0,True
glv-j0-32,401,1128303,3,98,130,98,6,6,3,5,4,0,True
glv-j0-32,401,1128303,9,98,114,98,6,6,3,4,4,0,True
glv-j0-32,401,1128303,27,98,108,98,6,7,3,3,4,0,True
glv-j0-32,401,1128303,81,98,134,98,6,8,3,4,4,0,True
glv-j0-32,402,2942569,3,108,104,104,7,5,3,4,3,0,True
glv-j0-32,402,2942569,9,108,88,88,7,5,3,3,3,0,True
glv-j0-32,402,2942569,27,108,124,108,7,7,3,4,3,0,True
glv-j0-32,402,2942569,81,108,108,108,7,7,3,3,3,0,True
glv-j0-32,403,16179222,3,114,120,114,6,5,4,5,3,0,True
glv-j0-32,403,16179222,9,114,104,104,6,5,4,4,3,0,True
glv-j0-32,403,16179222,27,114,120,114,6,5,4,5,3,0,True
glv-j0-32,403,16179222,81,114,120,114,6,5,4,5,3,0,True
glv-j0-32,404,10130361,3,88,120,88,5,5,3,5,3,0,True
glv-j0-32,404,10130361,9,88,88,88,5,5,3,3,3,0,True
glv-j0-32,404,10130361,27,88,88,88,5,5,3,3,3,0,True
glv-j0-32,404,10130361,81,88,104,88,5,5,3,4,3,0,True
glv-j0-32,405,21157605,3,114,120,114,6,5,4,5,3,0,True
glv-j0-32,405,21157605,9,114,88,88,6,5,4,3,3,0,True
glv-j0-32,405,21157605,27,114,88,88,6,5,4,3,3,0,True
glv-j0-32,405,21157605,81,114,130,114,6,6,4,5,3,0,True
glv-j0-32,406,15746855,3,114,146,114,6,6,4,6,4,0,True
glv-j0-32,406,15746855,9,114,114,114,6,6,4,4,4,0,True
glv-j0-32,406,15746855,27,114,114,114,6,6,4,4,4,0,True
glv-j0-32,406,15746855,81,114,134,114,6,8,4,4,4,0,True
glv-j0-32,407,14397758,3,98,114,98,6,6,3,4,3,0,True
glv-j0-32,407,14397758,9,98,98,98,6,6,3,3,3,0,True
glv-j0-32,407,14397758,27,98,114,98,6,6,3,4,3,0,True
glv-j0-32,407,14397758,81,98,114,98,6,6,3,4,3,0,True
glv-j0-32,408,19261996,3,114,146,114,6,6,4,6,4,0,True
glv-j0-32,408,19261996,9,114,114,114,6,6,4,4,4,0,True
glv-j0-32,408,19261996,27,114,124,114,6,7,4,4,4,0,True
glv-j0-32,408,19261996,81,114,124,114,6,7,4,4,4,0,True
glv-j0-32,409,19864575,3,124,114,114,7,6,4,4,5,0,True
glv-j0-32,409,19864575,9,124,124,124,7,7,4,4,5,0,True
glv-j0-32,409,19864575,27,124,140,124,7,7,4,5,5,0,True
glv-j0-32,409,19864575,81,124,98,98,7,6,4,3,5,0,True
glv-j0-32,410,4360403,3,88,120,88,5,5,3,5,3,0,True
glv-j0-32,410,4360403,9,88,104,88,5,5,3,4,3,0,True
glv-j0-32,410,4360403,27,88,88,88,5,5,3,3,3,0,True
glv-j0-32,410,4360403,81,88,108,88,5,7,3,3,3,0,True
glv-j0-32,411,8395644,3,114,130,114,6,6,4,5,4,0,True
glv-j0-32,411,8395644,9,114,114,114,6,6,4,4,4,0,True
glv-j0-32,411,8395644,27,114,114,114,6,6,4,4,4,0,True
glv-j0-32,411,8395644,81,114,98,98,6,6,4,3,4,0,True
glv-j0-32,412,20904114,3,114,104,104,6,5,4,4,3,0,True
glv-j0-32,412,20904114,9,114,114,114,6,6,4,4,3,0,True
glv-j0-32,412,20904114,27,114,98,98,6,6,4,3,3,0,True
glv-j0-32,412,20904114,81,114,120,114,6,5,4,5,3,0,True
glv-j0-32,413,18655250,3,108,104,104,7,5,3,4,4,0,True
glv-j0-32,413,18655250,9,108,114,108,7,6,3,4,4,0,True
glv-j0-32,413,18655250,27,108,98,98,7,6,3,3,4,0,True
glv-j0-32,413,18655250,81,108,130,108,7,6,3,5,4,0,True
glv-j0-32,414,12259787,3,88,120,88,5,5,3,5,3,0,True
glv-j0-32,414,12259787,9,88,88,88,5,5,3,3,3,0,True
glv-j0-32,414,12259787,27,88,88,88,5,5,3,3,3,0,True
glv-j0-32,414,12259787,81,88,104,88,5,5,3,4,3,0,True
glv-j0-32,415,19479245,3,98,146,98,6,6,3,6,4,0,True
glv-j0-32,415,19479245,9,98,114,98,6,6,3,4,4,0,True
glv-j0-32,415,19479245,27,98,88,88,6,5,3,3,4,0,True
glv-j0-32,415,19479245,81,98,98,98,6,6,3,3,4,0,True
glv-j0-32,416,15136576,3,114,130,114,6,6,4,5,3,0,True
glv-j0-32,416,15136576,9,114,114,114,6,6,4,4,3,0,True
glv-j0-32,416,15136576,27,114,114,114,6,6,4,4,3,0,True
glv-j0-32,416,15136576,81,114,104,104,6,5,4,4,3,0,True
glv-j0-32,417,7406449,3,114,104,104,6,5,4,4,3,0,True
glv-j0-32,417,7406449,9,114,88,88,6,5,4,3,3,0,True
glv-j0-32,417,7406449,27,114,88,88,6,5,4,3,3,0,True
glv-j0-32,417,7406449,81,114,120,114,6,5,4,5,3,0,True
glv-j0-32,418,4172631,3,98,130,98,6,6,3,5,4,0,True
glv-j0-32,418,4172631,9,98,98,98,6,6,3,3,4,0,True
glv-j0-32,418,4172631,27,98,98,98,6,6,3,3,4,0,True
glv-j0-32,418,4172631,81,98,134,98,6,8,3,4,4,0,True
glv-j0-32,419,12036369,3,114,120,114,6,5,4,5,3,0,True
glv-j0-32,419,12036369,9,114,114,114,6,6,4,4,3,0,True
glv-j0-32,419,12036369,27,114,114,114,6,6,4,4,3,0,True
glv-j0-32,419,12036369,81,114,114,114,6,6,4,4,3,0,True
glv-j0-32,420,13936264,3,98,146,98,6,6,3,6,5,0,True
glv-j0-32,420,13936264,9,98,124,98,6,7,3,4,5,0,True
glv-j0-32,420,13936264,27,98,114,98,6,6,3,4,5,0,True
glv-j0-32,420,13936264,81,98,156,98,6,7,3,6,5,0,True
glv-j0-32,421,22659210,3,114,146,114,6,6,4,6,4,0,True
glv-j0-32,421,22659210,9,114,114,114,6,6,4,4,4,0,True
glv-j0-32,421,22659210,27,114,114,114,6,6,4,4,4,0,True
glv-j0-32,421,22659210,81,114,134,114,6,8,4,4,4,0,True
glv-j0-32,422,4751926,3,88,120,88,5,5,3,5,3,0,True
glv-j0-32,422,4751926,9,88,104,88,5,5,3,4,3,0,True
glv-j0-32,422,4751926,27,88,114,88,5,6,3,4,3,0,True
glv-j0-32,422,4751926,81,88,104,88,5,5,3,4,3,0,True
glv-j0-32,423,22224630,3,98,146,98,6,6,3,6,4,0,True
glv-j0-32,423,22224630,9,98,114,98,6,6,3,4,4,0,True
glv-j0-32,423,22224630,27,98,114,98,6,6,3,4,4,0,True
glv-j0-32,423,22224630,81,98,146,98,6,6,3,6,4,0,True
glv-j0-32,424,1275783,3,88,120,88,5,5,3,5,3,0,True
glv-j0-32,424,1275783,9,88,104,88,5,5,3,4,3,0,True
glv-j0-32,424,1275783,27,88,114,88,5,6,3,4,3,0,True
glv-j0-32,424,1275783,81,88,104,88,5,5,3,4,3,0,True
glv-j0-32,425,21566804,3,124,146,124,7,6,4,6,5,0,True
glv-j0-32,425,21566804,9,124,124,124,7,7,4,4,5,0,True
glv-j0-32,425,21566804,27,124,140,124,7,7,4,5,5,0,True
glv-j0-32,425,21566804,81,124,172,124,7,7,4,7,5,0,True
glv-j0-32,426,5472121,3,114,146,114,6,6,4,6,4,0,True
glv-j0-32,426,5472121,9,114,114,114,6,6,4,4,4,0,True
glv-j0-32,426,5472121,27,114,114,114,6,6,4,4,4,0,True
glv-j0-32,426,5472121,81,114,120,114,6,5,4,5,4,0,True
glv-j0-32,427,10680859,3,98,104,98,6,5,3,4,3,0,True
glv-j0-32,427,10680859,9,98,114,98,6,6,3,4,3,0,True
glv-j0-32,427,10680859,27,98,114,98,6,6,3,4,3,0,True
glv-j0-32,427,10680859,81,98,120,98,6,5,3,5,3,0,True
glv-j0-32,428,22014031,3,72,72,72,5,5,2,2,3,0,True
glv-j0-32,428,22014031,9,72,72,72,5,5,2,2,3,0,True
glv-j0-32,428,22014031,27,72,72,72,5,5,2,2,3,0,True
glv-j0-32,428,22014031,81,72,72,72,5,5,2,2,3,0,True
glv-j0-32,429,6939966,3,98,114,98,6,6,3,4,4,0,True
glv-j0-32,429,6939966,9,98,98,98,6,6,3,3,4,0,True
glv-j0-32,429,6939966,27,98,98,98,6,6,3,3,4,0,True
glv-j0-32,429,6939966,81,98,98,98,6,6,3,3,4,0,True
glv-j0-32,430,12552437,3,98,130,98,6,6,3,5,4,0,True
glv-j0-32,430,12552437,9,98,98,98,6,6,3,3,4,0,True
glv-j0-32,430,12552437,27,98,98,98,6,6,3,3,4,0,True
glv-j0-32,430,12552437,81,98,114,98,6,6,3,4,4,0,True
glv-j0-32,431,8765639,3,114,146,114,6,6,4,6,4,0,True
glv-j0-32,431,8765639,9,114,114,114,6,6,4,4,4,0,True
glv-j0-32,431,8765639,27,114,114,114,6,6,4,4,4,0,True
glv-j0-32,431,8765639,81,114,130,114,6,6,4,5,4,0,True
glv-j0-32,432,17192781,3,72,88,72,5,5,2,3,2,0,True
glv-j0-32,432,17192781,9,72,88,72,5,5,2,3,2,0,True
glv-j0-32,432,17192781,27,72,72,72,5,5,2,2,2,0,True
glv-j0-32,432,17192781,81,72,88,72,5,5,2,3,2,0,True
glv-j0-32,433,34536,3,114,114,114,6,6,4,4,4,0,True
glv-j0-32,433,34536,9,114,114,114,6,6,4,4,4,0,True
glv-j0-32,433,34536,27,114,114,114,6,6,4,4,4,0,True
glv-j0-32,433,34536,81,114,98,98,6,6,4,3,4,0,True
glv-j0-32,434,17877459,3,98,114,98,6,6,3,4,4,0,True
glv-j0-32,434,17877459,9,98,98,98,6,6,3,3,4,0,True
glv-j0-32,434,17877459,27,98,98,98,6,6,3,3,4,0,True
glv-j0-32,434,17877459,81,98,98,98,6,6,3,3,4,0,True
glv-j0-32,435,11097423,3,108,140,108,7,7,3,5,4,0,True
glv-j0-32,435,11097423,9,108,108,108,7,7,3,3,4,0,True
glv-j0-32,435,11097423,27,108,108,108,7,7,3,3,4,0,True
glv-j0-32,435,11097423,81,108,108,108,7,7,3,3,4,0,True
glv-j0-32,436,2953736,3,124,146,124,7,6,4,6,4,0,True
glv-j0-32,436,2953736,9,124,140,124,7,7,4,5,4,0,True
glv-j0-32,436,2953736,27,124,114,114,7,6,4,4,4,0,True
glv-j0-32,436,2953736,81,124,130,124,7,6,4,5,4,0,True
glv-j0-32,437,23600854,3,114,130,114,6,6,4,5,3,0,True
glv-j0-32,437,23600854,9,114,114,114,6,6,4,4,3,0,True
glv-j0-32,437,23600854,27,114,124,114,6,7,4,4,3,0,True
glv-j0-32,437,23600854,81,114,124,114,6,7,4,4,3,0,True
glv-j0-32,438,22748728,3,108,130,108,7,6,3,5,4,0,True
glv-j0-32,438,22748728,9,108,98,98,7,6,3,3,4,0,True
glv-j0-32,438,22748728,27,108,108,108,7,7,3,3,4,0,True
glv-j0-32,438,22748728,81,108,108,108,7,7,3,3,4,0,True
glv-j0-32,439,12713371,3,124,146,124,7,6,4,6,4,0,True
glv-j0-32,439,12713371,9,124,140,124,7,7,4,5,4,0,True
glv-j0-32,439,12713371,27,124,114,114,7,6,4,4,4,0,True
glv-j0-32,439,12713371,81,124,130,124,7,6,4,5,4,0,True
glv-j0-32,440,17301334,3,114,120,114,6,5,4,5,3,0,True
glv-j0-32,440,17301334,9,114,104,104,6,5,4,4,3,0,True
glv-j0-32,440,17301334,27,114,140,114,6,7,4,5,3,0,True
glv-j0-32,440,17301334,81,114,104,104,6,5,4,4,3,0,True
glv-j0-32,441,3915770,3,124,146,124,7,6,4,6,5,0,True
glv-j0-32,441,3915770,9,124,124,124,7,7,4,4,5,0,True
glv-j0-32,441,3915770,27,124,114,114,7,6,4,4,5,0,True
glv-j0-32,441,3915770,81,124,124,124,7,7,4,4,5,0,True
glv-j0-32,442,16065778,3,88,130,88,5,6,3,5,4,0,True
glv-j0-32,442,16065778,9,88,88,88,5,5,3,3,4,0,True
glv-j0-32,442,16065778,27,88,108,88,5,7,3,3,4,0,True
glv-j0-32,442,16065778,81,88,98,88,5,6,3,3,4,0,True
glv-j0-32,443,14847016,3,114,114,114,6,6,4,4,3,0,True
glv-j0-32,443,14847016,9,114,98,98,6,6,4,3,3,0,True
glv-j0-32,443,14847016,27,114,114,114,6,6,4,4,3,0,True
glv-j0-32,443,14847016,81,114,98,98,6,6,4,3,3,0,True
glv-j0-32,444,8471784,3,114,130,114,6,6,4,5,3,0,True
glv-j0-32,444,8471784,9,114,114,114,6,6,4,4,3,0,True
glv-j0-32,444,8471784,27,114,130,114,6,6,4,5,3,0,True
glv-j0-32,444,8471784,81,114,114,114,6,6,4,4,3,0,True
glv-j0-32,445,12986654,3,124,130,124,7,6,4,5,5,0,True
glv-j0-32,445,12986654,9,124,124,124,7,7,4,4,5,0,True
glv-j0-32,445,12986654,27,124,124,124,7,7,4,4,4,0,True
glv-j0-32,445,12986654,81,124,156,124,7,7,4,6,5,0,True
glv-j0-32,446,21969140,3,98,130,98,6,6,3,5,3,0,True
glv-j0-32,446,21969140,9,98,98,98,6,6,3,3,3,0,True
glv-j0-32,446,21969140,27,98,114,98,6,6,3,4,3,0,True
glv-j0-32,446,21969140,81,98,104,98,6,5,3,4,3,0,True
glv-j0-32,447,16868732,3,98,114,98,6,6,3,4,3,0,True
glv-j0-32,447,16868732,9,98,114,98,6,6,3,4,3,0,True
glv-j0-32,447,16868732,27,98,98,98,6,6,3,3,3,0,True
glv-j0-32,447,16868732,81,98,114,98,6,6,3,4,3,0,True
glv-j0-32,448,12443361,3,114,146,114,6,6,4,6,4,0,True
glv-j0-32,448,12443361,9,114,114,114,6,6,4,4,4,0,True
glv-j0-32,448,12443361,27,114,118,114,6,8,4,3,4,0,True
glv-j0-32,448,12443361,81,114,146,114,6,6,4,6,4,0,True
glv-j0-32,449,7952054,3,124,156,124,7,7,4,6,5,0,True
glv-j0-32,449,7952054,9,124,98,98,7,6,4,3,5,0,True
glv-j0-32,449,7952054,27,124,134,124,7,8,4,4,5,0,True
glv-j0-32,449,7952054,81,124,140,124,7,7,4,5,5,0,True
glv-j0-32,450,12143068,3,88,104,88,5,5,3,4,3,0,True
glv-j0-32,450,12143068,9,88,98,88,5,6,3,3,3,0,True
glv-j0-32,450,12143068,27,88,98,88,5,6,3,3,3,0,True
glv-j0-32,450,12143068,81,88,104,88,5,5,3,4,3,0,True
glv-j0-32,451,20067337,3,114,130,114,6,6,4,5,4,0,True
glv-j0-32,451,20067337,9,114,114,114,6,6,4,4,4,0,True
glv-j0-32,451,20067337,27,114,140,114,6,7,4,5,4,0,True
glv-j0-32,451,20067337,81,114,146,114,6,6,4,6,4,0,True
glv-j0-32,452,13641856,3,114,130,114,6,6,4,5,4,0,True
glv-j0-32,452,13641856,9,114,114,114,6,6,4,4,4,0,True
glv-j0-32,452,13641856,27,114,118,114,6,8,4,3,4,0,True
glv-j0-32,452,13641856,81,114,134,114,6,8,4,4,4,0,True
glv-j0-32,453,9533519,3,108,120,108,7,5,3,5,4,0,True
glv-j0-32,453,9533519,9,108,114,108,7,6,3,4,4,0,True
glv-j0-32,453,9533519,27,108,108,108,7,7,3,3,4,0,True
glv-j0-32,453,9533519,81,108,130,108,7,6,3,5,4,0,True
glv-j0-32,454,6504605,3,114,146,114,6,6,4,6,4,0,True
glv-j0-32,454,6504605,9,114,114,114,6,6,4,4,4,0,True
glv-j0-32,454,6504605,27,114,114,114,6,6,4,4,4,0,True
glv-j0-32,454,6504605,81,114,134,114,6,8,4,4,4,0,True
glv-j0-32,455,14526101,3,88,120,88,5,5,3,5,4,0,True
glv-j0-32,455,14526101,9,88,88,88,5,5,3,3,4,0,True
glv-j0-32,455,14526101,27,88,114,88,5,6,3,4,4,0,True
glv-j0-32,455,14526101,81,88,72,72,5,5,3,2,4,0,True
glv-j0-32,456,1842236,3,98,130,98,6,6,3,5,3,0,True
glv-j0-32,456,1842236,9,98,114,98,6,6,3,4,3,0,True
glv-j0-32,456,1842236,27,98,98,98,6,6,3,3,3,0,True
glv-j0-32,456,1842236,81,98,114,98,6,6,3,4,3,0,True
glv-j0-32,457,23440844,3,88,120,88,5,5,3,5,3,0,True
glv-j0-32,457,23440844,9,88,98,88,5,6,3,3,3,0,True
glv-j0-32,457,23440844,27,88,88,88,5,5,3,3,3,0,True
glv-j0-32,457,23440844,81,88,98,88,5,6,3,3,3,0,True
glv-j0-32,458,21481186,3,98,146,98,6,6,3,6,4,0,True
glv-j0-32,458,21481186,9,98,114,98,6,6,3,4,4,0,True
glv-j0-32,458,21481186,27,98,114,98,6,6,3,4,4,0,True
glv-j0-32,458,21481186,81,98,134,98,6,8,3,4,4,0,True
glv-j0-32,459,8578319,3,114,120,114,6,5,4,5,3,0,True
glv-j0-32,459,8578319,9,114,114,114,6,6,4,4,3,0,True
glv-j0-32,459,8578319,27,114,114,114,6,6,4,4,3,0,True
glv-j0-32,459,8578319,81,114,120,114,6,5,4,5,3,0,True
glv-j0-32,460,21519138,3,114,114,114,6,6,4,4,3,0,True
glv-j0-32,460,21519138,9,114,114,114,6,6,4,4,3,0,True
glv-j0-32,460,21519138,27,114,98,98,6,6,4,3,3,0,True
glv-j0-32,460,21519138,81,114,130,114,6,6,4,5,3,0,True
glv-j0-32,461,17167829,3,114,130,114,6,6,4,5,4,0,True
glv-j0-32,461,17167829,9,114,114,114,6,6,4,4,4,0,True
glv-j0-32,461,17167829,27,114,114,114,6,6,4,4,4,0,True
glv-j0-32,461,17167829,81,114,98,98,6,6,4,3,4,0,True
glv-j0-32,462,19461605,3,88,120,88,5,5,3,5,3,0,True
glv-j0-32,462,19461605,9,88,108,88,5,7,3,3,3,0,True
glv-j0-32,462,19461605,27,88,88,88,5,5,3,3,3,0,True
glv-j0-32,462,19461605,81,88,124,88,5,7,3,4,3,0,True
glv-j0-32,463,10557384,3,124,146,124,7,6,4,6,4,0,True
glv-j0-32,463,10557384,9,124,114,114,7,6,4,4,4,0,True
glv-j0-32,463,10557384,27,124,114,114,7,6,4,4,3,0,True
glv-j0-32,463,10557384,81,124,114,114,7,6,4,4,3,0,True
glv-j0-32,464,1304551,3,88,120,88,5,5,3,5,3,0,True
glv-j0-32,464,1304551,9,88,88,88,5,5,3,3,3,0,True
glv-j0-32,464,1304551,27,88,88,88,5,5,3,3,3,0,True
glv-j0-32,464,1304551,81,88,120,88,5,5,3,5,3,0,True
glv-j0-32,465,13841067,3,98,120,98,6,5,3,5,2,0,True
glv-j0-32,465,13841067,9,98,114,98,6,6,3,4,4,0,True
glv-j0-32,465,13841067,27,98,98,98,6,6,3,3,4,0,True
glv-j0-32,465,13841067,81,98,98,98,6,6,3,3,4,0,True
glv-j0-32,466,1865040,3,114,146,114,6,6,4,6,4,0,True
glv-j0-32,466,1865040,9,114,114,114,6,6,4,4,4,0,True
glv-j0-32,466,1865040,27,114,114,114,6,6,4,4,4,0,True
glv-j0-32,466,1865040,81,114,130,114,6,6,4,5,4,0,True
glv-j0-32,467,9737830,3,114,120,114,6,5,4,5,3,0,True
glv-j0-32,467,9737830,9,114,88,88,6,5,4,3,3,0,True
glv-j0-32,467,9737830,27,114,88,88,6,5,4,3,3,0,True
glv-j0-32,467,9737830,81,114,120,114,6,5,4,5,3,0,True
glv-j0-32,468,17691167,3,98,146,98,6,6,3,6,4,0,True
glv-j0-32,468,17691167,9,98,114,98,6,6,3,4,4,0,True
glv-j0-32,468,17691167,27,98,114,98,6,6,3,4,4,0,True
glv-j0-32,468,17691167,81,98,134,98,6,8,3,4,4,0,True
glv-j0-32,469,22693538,3,114,104,104,6,5,4,4,3,0,True
glv-j0-32,469,22693538,9,114,114,114,6,6,4,4,3,0,True
glv-j0-32,469,22693538,27,114,88,88,6,5,4,3,3,0,True
glv-j0-32,469,22693538,81,114,114,114,6,6,4,4,3,0,True
glv-j0-32,470,21416744,3,118,130,118,8,6,3,5,4,0,True
glv-j0-32,470,21416744,9,118,98,98,8,6,3,3,4,0,True
glv-j0-32,470,21416744,27,118,98,98,8,6,3,3,4,0,True
glv-j0-32,470,21416744,81,118,114,114,8,6,3,4,4,0,True
glv-j0-32,471,3326202,3,114,120,114,6,5,4,5,3,0,True
glv-j0-32,471,3326202,9,114,98,98,6,6,4,3,3,0,True
glv-j0-32,471,3326202,27,114,114,114,6,6,4,4,3,0,True
glv-j0-32,471,3326202,81,114,120,114,6,5,4,5,3,0,True
glv-j0-32,472,23126226,3,114,146,114,6,6,4,6,4,0,True
glv-j0-32,472,23126226,9,114,114,114,6,6,4,4,4,0,True
glv-j0-32,472,23126226,27,114,98,98,6,6,4,3,4,0,True
glv-j0-32,472,23126226,81,114,98,98,6,6,4,3,4,0,True
glv-j0-32,473,19103133,3,114,146,114,6,6,4,6,4,0,True
glv-j0-32,473,19103133,9,114,114,114,6,6,4,4,4,0,True
glv-j0-32,473,19103133,27,114,140,114,6,7,4,5,4,0,True
glv-j0-32,473,19103133,81,114,130,114,6,6,4,5,4,0,True
glv-j0-32,474,8829367,3,98,146,98,6,6,3,6,4,0,True
glv-j0-32,474,8829367,9,98,114,98,6,6,3,4,4,0,True
glv-j0-32,474,8829367,27,98,114,98,6,6,3,4,4,0,True
glv-j0-32,474,8829367,81,98,146,98,6,6,3,6,4,0,True
glv-j0-32,475,17511591,3,114,130,114,6,6,4,5,4,0,True
glv-j0-32,475,17511591,9,114,114,114,6,6,4,4,3,0,True
glv-j0-32,475,17511591,27,114,114,114,6,6,4,4,4,0,True
glv-j0-32,475,17511591,81,114,130,114,6,6,4,5,4,0,True
glv-j0-32,476,14137625,3,88,104,88,5,5,3,4,2,0,True
glv-j0-32,476,14137625,9,88,88,88,5,5,3,3,2,0,True
glv-j0-32,476,14137625,27,88,88,88,5,5,3,3,2,0,True
glv-j0-32,476,14137625,81,88,104,88,5,5,3,4,2,0,True
glv-j0-32,477,16386236,3,124,130,124,7,6,4,5,5,0,True
glv-j0-32,477,16386236,9,124,124,124,7,7,4,4,5,0,True
glv-j0-32,477,16386236,27,124,140,124,7,7,4,5,5,0,True
glv-j0-32,477,16386236,81,124,108,108,7,7,4,3,5,0,True
glv-j0-32,478,12120867,3,114,146,114,6,6,4,6,4,0,True
glv-j0-32,478,12120867,9,114,114,114,6,6,4,4,4,0,True
glv-j0-32,478,12120867,27,114,114,114,6,6,4,4,4,0,True
glv-j0-32,478,12120867,81,114,134,114,6,8,4,4,4,0,True
glv-j0-32,479,19769280,3,108,140,108,7,7,3,5,5,0,True
glv-j0-32,479,19769280,9,108,124,108,7,7,3,4,5,0,True
glv-j0-32,479,19769280,27,108,108,108,7,7,3,3,5,0,True
glv-j0-32,479,19769280,81,108,108,108,7,7,3,3,5,0,True
glv-j0-32,480,11008457,3,114,146,114,6,6,4,6,4,0,True
glv-j0-32,480,11008457,9,114,114,114,6,6,4,4,4,0,True
glv-j0-32,480,11008457,27,114,146,114,6,6,4,6,4,0,True
glv-j0-32,480,11008457,81,114,130,114,6,6,4,5,4,0,True
glv-j0-32,481,18443670,3,114,146,114,6,6,4,6,4,0,True
glv-j0-32,481,18443670,9,114,114,114,6,6,4,4,4,0,True
glv-j0-32,481,18443670,27,114,114,114,6,6,4,4,4,0,True
glv-j0-32,481,18443670,81,114,98,98,6,6,4,3,4,0,True
glv-j0-32,482,17423874,3,124,146,124,7,6,4,6,4,0,True
glv-j0-32,482,17423874,9,124,114,114,7,6,4,4,4,0,True
glv-j0-32,482,17423874,27,124,114,114,7,6,4,4,4,0,True
glv-j0-32,482,17423874,81,124,150,124,7,8,4,5,4,0,True
glv-j0-32,483,18159354,3,114,146,114,6,6,4,6,4,0,True
glv-j0-32,483,18159354,9,114,114,114,6,6,4,4,4,0,True
glv-j0-32,483,18159354,27,114,108,108,6,7,4,3,4,0,True
glv-j0-32,483,18159354,81,114,114,114,6,6,4,4,4,0,True
glv-j0-32,484,9970173,3,52,52,52,3,3,2,2,0,0,True
glv-j0-32,484,9970173,9,52,52,52,3,3,2,2,0,0,True
glv-j0-32,484,9970173,27,52,52,52,3,3,2,2,0,0,True
glv-j0-32,484,9970173,81,52,52,52,3,3,2,2,0,0,True
glv-j0-32,485,10497952,3,98,114,98,6,6,3,4,3,0,True
glv-j0-32,485,10497952,9,98,98,98,6,6,3,3,3,0,True
glv-j0-32,485,10497952,27,98,98,98,6,6,3,3,3,0,True
glv-j0-32,485,10497952,81,98,108,98,6,7,3,3,3,0,True
glv-j0-32,486,22674532,3,114,146,114,6,6,4,6,4,0,True
glv-j0-32,486,22674532,9,114,98,98,6,6,4,3,4,0,True
glv-j0-32,486,22674532,27,114,88,88,6,5,4,3,4,0,True
glv-j0-32,486,22674532,81,114,146,114,6,6,4,6,4,0,True
glv-j0-32,487,4519232,3,114,146,114,6,6,4,6,4,0,True
glv-j0-32,487,4519232,9,114,114,114,6,6,4,4,4,0,True
glv-j0-32,487,4519232,27,114,114,114,6,6,4,4,4,0,True
glv-j0-32,487,4519232,81,114,124,114,6,7,4,4,4,0,True
glv-j0-32,488,3586434,3,62,62,62,4,4,2,2,3,0,True
glv-j0-32,488,3586434,9,62,62,62,4,4,2,2,3,0,True
glv-j0-32,488,3586434,27,62,72,62,4,5,2,2,3,0,True
glv-j0-32,488,3586434,81,62,78,62,4,4,2,3,3,0,True
glv-j0-32,489,11776860,3,124,146,124,7,6,4,6,4,0,True
glv-j0-32,489,11776860,9,124,124,124,7,7,4,4,4,0,True
glv-j0-32,489,11776860,27,124,124,124,7,7,4,4,4,0,True
glv-j0-32,489,11776860,81,124,108,108,7,7,4,3,4,0,True
glv-j0-32,490,6645121,3,114,130,114,6,6,4,5,4,0,True
glv-j0-32,490,6645121,9,114,114,114,6,6,4,4,4,0,True
glv-j0-32,490,6645121,27,114,114,114,6,6,4,4,4,0,True
glv-j0-32,490,6645121,81,114,104,104,6,5,4,4,3,0,True
glv-j0-32,491,9271338,3,98,146,98,6,6,3,6,5,0,True
glv-j0-32,491,9271338,9,98,98,98,6,6,3,3,5,0,True
glv-j0-32,491,9271338,27,98,98,98,6,6,3,3,5,0,True
glv-j0-32,491,9271338,81,98,98,98,6,6,3,3,5,0,True
glv-j0-32,492,11495738,3,114,146,114,6,6,4,6,4,0,True
glv-j0-32,492,11495738,9,114,114,114,6,6,4,4,4,0,True
glv-j0-32,492,11495738,27,114,114,114,6,6,4,4,4,0,True
glv-j0-32,492,11495738,81,114,98,98,6,6,4,3,4,0,True
glv-j0-32,493,11472504,3,98,130,98,6,6,3,5,4,0,True
glv-j0-32,493,11472504,9,98,114,98,6,6,3,4,4,0,True
glv-j0-32,493,11472504,27,98,108,98,6,7,3,3,4,0,True
glv-j0-32,493,11472504,81,98,98,98,6,6,3,3,4,0,True
glv-j0-32,494,16015748,3,114,146,114,6,6,4,6,4,0,True
glv-j0-32,494,16015748,9,114,114,114,6,6,4,4,4,0,True
glv-j0-32,494,16015748,27,114,98,98,6,6,4,3,4,0,True
glv-j0-32,494,16015748,81,114,98,98,6,6,4,3,4,0,True
glv-j0-32,495,23034670,3,78,94,78,4,4,3,4,2,0,True
glv-j0-32,495,23034670,9,78,78,78,4,4,3,3,2,0,True
glv-j0-32,495,23034670,27,78,88,78,4,5,3,3,2,0,True
glv-j0-32,495,23034670,81,78,94,78,4,4,3,4,2,0,True
glv-j0-32,496,22207288,3,88,104,88,5,5,3,4,3,0,True
glv-j0-32,496,22207288,9,88,88,88,5,5,3,3,3,0,True
glv-j0-32,496,22207288,27,88,88,88,5,5,3,3,3,0,True
glv-j0-32,496,22207288,81,88,94,88,5,4,3,4,2,0,True
glv-j0-32,497,7961894,3,98,130,98,6,6,3,5,4,0,True
glv-j0-32,497,7961894,9,98,88,88,6,5,3,3,3,0,True
glv-j0-32,497,7961894,27,98,98,98,6,6,3,3,3,0,True
glv-j0-32,497,7961894,81,98,104,98,6,5,3,4,3,0,True
glv-j0-32,498,21312265,3,124,172,124,7,7,4,7,5,0,True
glv-j0-32,498,21312265,9,124,124,124,7,7,4,4,5,0,True
glv-j0-32,498,21312265,27,124,140,124,7,7,4,5,5,0,True
glv-j0-32,498,21312265,81,124,130,124,7,6,4,5,5,0,True
glv-j0-32,499,1282055,3,114,146,114,6,6,4,6,4,0,True
glv-j0-32,499,1282055,9,114,114,114,6,6,4,4,4,0,True
glv-j0-32,499,1282055,27,114,114,114,6,6,4,4,4,0,True
glv-j0-32,499,1282055,81,114,130,114,6,6,4,5,4,0,True
glv-j0-32,500,8264210,3,124,130,124,7,6,4,5,4,0,True
glv-j0-32,500,8264210,9,124,98,98,7,6,4,3,4,0,True
glv-j0-32,500,8264210,27,124,124,124,7,7,4,4,4,0,True
glv-j0-32,500,8264210,81,124,130,124,7,6,4,5,4,0,True
glv-j0-32,501,22848050,3,114,146,114,6,6,4,6,4,0,True
glv-j0-32,501,22848050,9,114,114,114,6,6,4,4,4,0,True
glv-j0-32,501,22848050,27,114,114,114,6,6,4,4,4,0,True
glv-j0-32,501,22848050,81,114,120,114,6,5,4,5,4,0,True
glv-j0-32,502,939214,3,114,146,114,6,6,4,6,4,0,True
glv-j0-32,502,939214,9,114,114,114,6,6,4,4,4,0,True
glv-j0-32,502,939214,27,114,108,108,6,7,4,3,4,0,True
glv-j0-32,502,939214,81,114,108,108,6,7,4,3,4,0,True
glv-j0-32,503,21047055,3,124,130,124,7,6,4,5,4,0,True
glv-j0-32,503,21047055,9,124,114,114,7,6,4,4,4,0,True
glv-j0-32,503,21047055,27,124,114,114,7,6,4,4,4,0,True
glv-j0-32,503,21047055,81,124,130,124,7,6,4,5,4,0,True
glv-j0-32,504,20239671,3,124,146,124,7,6,4,6,5,0,True
glv-j0-32,504,20239671,9,124,124,124,7,7,4,4,5,0,True
glv-j0-32,504,20239671,27,124,134,124,7,8,4,4,5,0,True
glv-j0-32,504,20239671,81,124,172,124,7,7,4,7,5,0,True
glv-j0-32,505,20339940,3,88,104,88,5,5,3,4,3,0,True
glv-j0-32,505,20339940,9,88,88,88,5,5,3,3,3,0,True
glv-j0-32,505,20339940,27,88,88,88,5,5,3,3,3,0,True
glv-j0-32,505,20339940,81,88,124,88,5,7,3,4,3,0,True
glv-j0-32,506,1665700,3,82,88,82,6,5,2,3,2,0,True
glv-j0-32,506,1665700,9,82,88,82,6,5,2,3,2,0,True
glv-j0-32,506,1665700,27,82,82,82,6,6,2,2,2,0,True
glv-j0-32,506,1665700,81,82,82,82,6,6,2,2,2,0,True
glv-j0-32,507,14401189,3,124,172,124,7,7,4,7,5,0,True
glv-j0-32,507,14401189,9,124,124,124,7,7,4,4,5,0,True
glv-j0-32,507,14401189,27,124,108,108,7,7,4,3,4,0,True
glv-j0-32,507,14401189,81,124,130,124,7,6,4,5,5,0,True
glv-j0-32,508,19780575,3,108,130,108,7,6,3,5,3,0,True
glv-j0-32,508,19780575,9,108,114,108,7,6,3,4,3,0,True
glv-j0-32,508,19780575,27,108,88,88,7,5,3,3,3,0,True
glv-j0-32,508,19780575,81,108,124,108,7,7,3,4,3,0,True
glv-j0-32,509,23237871,3,98,120,98,6,5,3,5,3,0,True
glv-j0-32,509,23237871,9,98,104,98,6,5,3,4,3,0,True
glv-j0-32,509,23237871,27,98,88,88,6,5,3,3,3,0,True
glv-j0-32,509,23237871,81,98,104,98,6,5,3,4,3,0,True
glv-j0-32,510,3571956,3,114,130,114,6,6,4,5,3,0,True
glv-j0-32,510,3571956,9,114,98,98,6,6,4,3,3,0,True
glv-j0-32,510,3571956,27,114,114,114,6,6,4,4,3,0,True
glv-j0-32,510,3571956,81,114,120,114,6,5,4,5,3,0,True
glv-j0-32,511,13019425,3,98,146,98,6,6,3,6,4,0,True
glv-j0-32,511,13019425,9,98,114,98,6,6,3,4,4,0,True
glv-j0-32,511,13019425,27,98,114,98,6,6,3,4,4,0,True
glv-j0-32,511,13019425,81,98,150,98,6,8,3,5,4,0,True
j0-56,0,1701235640930529,3,268,364,268,15,15,8,14,13,0,True
j0-56,0,1701235640930529,9,268,284,268,15,15,8,9,13,0,True
j0-56,0,1701235640930529,27,268,252,252,15,15,8,7,13,0,True
j0-56,0,1701235640930529,81,268,278,268,15,16,8,8,13,0,True
j0-56,1,51209531857192480,3,268,380,268,15,15,8,15,13,0,True
j0-56,1,51209531857192480,9,268,236,236,15,15,8,6,13,0,True
j0-56,1,51209531857192480,27,268,252,252,15,15,8,7,13,0,True
j0-56,1,51209531857192480,81,268,300,268,15,15,8,10,13,0,True
j0-56,2,48599518593898289,3,268,380,268,15,15,8,15,13,0,True
j0-56,2,48599518593898289,9,268,284,268,15,15,8,9,13,0,True
j0-56,2,48599518593898289,27,268,268,268,15,15,8,8,13,0,True
j0-56,2,48599518593898289,81,268,364,268,15,15,8,14,13,0,True
j0-56,3,27597576995578806,3,278,364,278,16,15,8,14,14,0,True
j0-56,3,27597576995578806,9,278,310,278,16,16,8,10,14,0,True
j0-56,3,27597576995578806,27,278,278,278,16,16,8,8,14,0,True
j0-56,3,27597576995578806,81,278,278,278,16,16,8,8,14,0,True
j0-56,4,3817654454660021,3,268,348,268,15,15,8,13,12,0,True
j0-56,4,3817654454660021,9,268,268,268,15,15,8,8,12,0,True
j0-56,4,3817654454660021,27,268,258,258,15,14,8,8,12,0,True
j0-56,4,3817654454660021,81,268,322,268,15,14,8,12,12,0,True
j0-56,5,48545827656597763,3,252,348,252,15,15,7,13,13,0,True
j0-56,5,48545827656597763,9,252,258,252,15,14,7,8,13,0,True
j0-56,5,48545827656597763,27,252,278,252,15,16,7,8,13,0,True
j0-56,5,48545827656597763,81,252,258,252,15,14,7,8,13,0,True
j0-56,6,14288319057473904,3,278,358,278,16,16,8,13,14,0,True
j0-56,6,14288319057473904,9,278,278,278,16,16,8,8,14,0,True
j0-56,6,14288319057473904,27,278,294,278,16,16,8,9,14,0,True
j0-56,6,14288319057473904,81,278,314,278,16,18,8,9,14,0,True
j0-56,7,30552417570233334,3,252,348,252,15,15,7,13,13,0,True
j0-56,7,30552417570233334,9,252,252,252,15,15,7,7,13,0,True
j0-56,7,30552417570233334,27,252,262,252,15,16,7,7,13,0,True
j0-56,7,30552417570233334,81,252,310,252,15,16,7,10,13,0,True
j0-56,8,35428365444187694,3,304,384,304,17,17,9,14,14,0,True
j0-56,8,35428365444187694,9,304,320,304,17,17,9,10,14,0,True
j0-56,8,35428365444187694,27,304,288,288,17,17,9,8,14,0,True
j0-56,8,35428365444187694,81,304,320,304,17,17,9,10,14,0,True
j0-56,9,12631911908881298,3,288,374,288,17,16,8,14,14,0,True
j0-56,9,12631911908881298,9,288,288,288,17,17,8,8,14,0,True
j0-56,9,12631911908881298,27,288,272,272,17,17,8,7,14,0,True
j0-56,9,12631911908881298,81,288,294,288,17,16,8,9,14,0,True
j0-56,10,22206975263005101,3,268,380,268,15,15,8,15,13,0,True
j0-56,10,22206975263005101,9,268,284,268,15,15,8,9,13,0,True
j0-56,10,22206975263005101,27,268,284,268,15,15,8,9,13,0,True
j0-56,10,22206975263005101,81,268,380,268,15,15,8,15,13,0,True
j0-56,11,1530501890144118,3,278,374,278,16,16,8,14,14,0,True
j0-56,11,1530501890144118,9,278,294,278,16,16,8,9,14,0,True
j0-56,11,1530501890144118,27,278,246,246,16,16,8,6,14,0,True
j0-56,11,1530501890144118,81,278,294,278,16,16,8,9,14,0,True
j0-56,12,48579291596137043,3,278,316,278,16,15,8,11,13,0,True
j0-56,12,48579291596137043,9,278,278,278,16,16,8,8,13,0,True
j0-56,12,48579291596137043,27,278,246,246,16,16,8,6,13,0,True
j0-56,12,48579291596137043,81,278,236,236,16,15,8,6,13,0,True
j0-56,13,31691155313374275,3,268,374,268,15,16,8,14,13,0,True
j0-56,13,31691155313374275,9,268,284,268,15,15,8,9,13,0,True
j0-56,13,31691155313374275,27,268,252,252,15,15,8,7,13,0,True
j0-56,13,31691155313374275,81,268,284,268,15,15,8,9,13,0,True
j0-56,14,16075819056460500,3,262,326,262,16,16,7,11,14,0,True
j0-56,14,16075819056460500,9,262,278,262,16,16,7,8,14,0,True
j0-56,14,16075819056460500,27,262,294,262,16,16,7,9,14,0,True
j0-56,14,16075819056460500,81,262,278,262,16,16,7,8,14,0,True
j0-56,15,32462769711762082,3,268,338,268,15,14,8,13,12,0,True
j0-56,15,32462769711762082,9,268,258,258,15,14,8,8,12,0,True
j0-56,15,32462769711762082,27,268,310,268,15,16,8,10,12,0,True
j0-56,15,32462769711762082,81,268,338,268,15,14,8,13,12,0,True
j0-56,16,7963633318843282,3,278,374,278,16,16,8,14,14,0,True
j0-56,16,7963633318843282,9,278,294,278,16,16,8,9,14,0,True
j0-56,16,7963633318843282,27,278,262,262,16,16,8,7,14,0,True
j0-56,16,7963633318843282,81,278,294,278,16,16,8,9,14,0,True
j0-56,17,18983786612097719,3,252,348,252,15,15,7,13,13,0,True
j0-56,17,18983786612097719,9,252,268,252,15,15,7,8,13,0,True
j0-56,17,18983786612097719,27,252,252,252,15,15,7,7,13,0,True
j0-56,17,18983786612097719,81,252,332,252,15,15,7,12,13,0,True
j0-56,18,13288556210279355,3,288,358,288,17,16,8,13,14,0,True
j0-56,18,13288556210279355,9,288,278,278,17,16,8,8,14,0,True
j0-56,18,13288556210279355,27,288,288,288,17,17,8,8,14,0,True
j0-56,18,13288556210279355,81,288,358,288,17,16,8,13,14,0,True
j0-56,19,4496290136107762,3,278,348,278,16,15,8,13,13,0,True
j0-56,19,4496290136107762,9,278,278,278,16,16,8,8,13,0,True
j0-56,19,4496290136107762,27,278,268,268,16,15,8,8,13,0,True
j0-56,19,4496290136107762,81,278,332,278,16,15,8,12,13,0,True
j0-56,20,20589605919579750,3,246,348,246,16,15,6,13,13,0,True
j0-56,20,20589605919579750,9,246,294,246,16,16,6,9,13,0,True
j0-56,20,20589605919579750,27,246,278,246,16,16,6,8,13,0,True
j0-56,20,20589605919579750,81,246,246,246,16,16,6,6,13,0,True
j0-56,21,22790144222852090,3,294,390,294,16,16,9,15,14,0,True
j0-56,21,22790144222852090,9,294,294,294,16,16,9,9,14,0,True
j0-56,21,22790144222852090,27,294,310,294,16,16,9,10,14,0,True
j0-56,21,22790144222852090,81,294,294,294,16,16,9,9,14,0,True
j0-56,22,42340928108677318,3,262,358,262,16,16,7,13,14,0,True
j0-56,22,42340928108677318,9,262,278,262,16,16,7,8,14,0,True
j0-56,22,42340928108677318,27,262,252,252,16,15,7,7,14,0,True
j0-56,22,42340928108677318,81,262,294,262,16,16,7,9,14,0,True
j0-56,23,25197607550421394,3,278,374,278,16,16,8,14,14,0,True
j0-56,23,25197607550421394,9,278,268,268,16,15,8,8,14,0,True
j0-56,23,25197607550421394,27,278,304,278,16,17,8,9,14,0,True
j0-56,23,25197607550421394,81,278,374,278,16,16,8,14,14,0,True
j0-56,24,20178356449854996,3,268,364,268,15,15,8,14,13,0,True
j0-56,24,20178356449854996,9,268,284,268,15,15,8,9,13,0,True
j0-56,24,20178356449854996,27,268,284,268,15,15,8,9,13,0,True
j0-56,24,20178356449854996,81,268,316,268,15,15,8,11,13,0,True
j0-56,25,28644864995100918,3,278,358,278,16,16,8,13,14,0,True
j0-56,25,28644864995100918,9,278,278,278,16,16,8,8,14,0,True
j0-56,25,28644864995100918,27,278,326,278,16,16,8,11,14,0,True
j0-56,25,28644864995100918,81,278,342,278,16,16,8,12,14,0,True
j0-56,26,830492720152661,3,294,364,294,16,15,9,14,13,0,True
j0-56,26,830492720152661,9,294,268,268,16,15,9,8,13,0,True
j0-56,26,830492720152661,27,294,284,284,16,15,9,9,13,0,True
j0-56,26,830492720152661,81,294,316,294,16,15,9,11,13,0,True
j0-56,27,51066650839970376,3,278,364,278,16,15,8,14,14,0,True
j0-56,27,51066650839970376,9,278,268,268,16,15,8,8,14,0,True
j0-56,27,51066650839970376,27,278,310,278,16,16,8,10,14,0,True
j0-56,27,51066650839970376,81,278,364,278,16,15,8,14,14,0,True
j0-56,28,7367209113137255,3,272,358,272,17,16,7,13,14,0,True
j0-56,28,7367209113137255,9,272,294,272,17,16,7,9,14,0,True
j0-56,28,7367209113137255,27,272,304,272,17,17,7,9,14,0,True
j0-56,28,7367209113137255,81,272,304,272,17,17,7,9,14,0,True
j0-56,29,41495489534377967,3,278,390,278,16,16,8,15,14,0,True
j0-56,29,41495489534377967,9,278,294,278,16,16,8,9,14,0,True
j0-56,29,41495489534377967,27,278,278,278,16,16,8,8,13,0,True
j0-56,29,41495489534377967,81,278,336,278,16,17,8,11,14,0,True
j0-56,30,18850207754958135,3,262,348,262,16,15,7,13,13,0,True
j0-56,30,18850207754958135,9,262,278,262,16,16,7,8,13,0,True
j0-56,30,18850207754958135,27,262,252,252,16,15,7,7,13,0,True
j0-56,30,18850207754958135,81,262,284,262,16,15,7,9,13,0,True
j0-56,31,4845133839933892,3,288,352,288,17,17,8,12,14,0,True
j0-56,31,4845133839933892,9,288,288,288,17,17,8,8,14,0,True
j0-56,31,4845133839933892,27,288,256,256,17,17,8,6,14,0,True
j0-56,31,4845133839933892,81,288,288,288,17,17,8,8,14,0,True
j0-56,32,5193370461102195,3,268,380,268,15,15,8,15,13,0,True
j0-56,32,5193370461102195,9,268,268,268,15,15,8,8,13,0,True
j0-56,32,5193370461102195,27,268,236,236,15,15,8,6,13,0,True
j0-56,32,5193370461102195,81,268,268,268,15,15,8,8,13,0,True
j0-56,33,1242272748976912,3,268,332,268,15,15,8,12,13,0,True
j0-56,33,1242272748976912,9,268,294,268,15,16,8,9,13,0,True
j0-56,33,1242272748976912,27,268,284,268,15,15,8,9,13,0,True
j0-56,33,1242272748976912,81,268,284,268,15,15,8,9,13,0,True
j0-56,34,39514372386363214,3,262,374,262,16,16,7,14,14,0,True
j0-56,34,39514372386363214,9,262,294,262,16,16,7,9,14,0,True
j0-56,34,39514372386363214,27,262,278,262,16,16,7,8,14,0,True
j0-56,34,39514372386363214,81,262,314,262,16,18,7,9,14,0,True
j0-56,35,19675328070911641,3,268,380,268,15,15,8,15,13,0,True
j0-56,35,19675328070911641,9,268,294,268,15,16,8,9,13,0,True
j0-56,35,19675328070911641,27,268,284,268,15,15,8,9,13,0,True
j0-56,35,19675328070911641,81,268,300,268,15,15,8,10,13,0,True
j0-56,36,41366696232866228,3,252,348,252,15,15,7,13,13,0,True
j0-56,36,41366696232866228,9,252,268,252,15,15,7,8,13,0,True
j0-56,36,41366696232866228,27,252,246,246,15,16,7,6,13,0,True
j0-56,36,41366696232866228,81,252,278,252,15,16,7,8,13,0,True
j0-56,37,31172817672903867,3,278,364,278,16,15,8,14,13,0,True
j0-56,37,31172817672903867,9,278,284,278,16,15,8,9,13,0,True
j0-56,37,31172817672903867,27,278,252,252,16,15,8,7,13,0,True
j0-56,37,31172817672903867,81,278,374,278,16,16,8,14,14,0,True
j0-56,38,35367915211123801,3,268,364,268,15,15,8,14,13,0,True
j0-56,38,35367915211123801,9,268,268,268,15,15,8,8,13,0,True
j0-56,38,35367915211123801,27,268,252,252,15,15,8,7,13,0,True
j0-56,38,35367915211123801,81,268,284,268,15,15,8,9,13,0,True
j0-56,39,35071119051253254,3,278,374,278,16,16,8,14,14,0,True
j0-56,39,35071119051253254,9,278,294,278,16,16,8,9,14,0,True
j0-56,39,35071119051253254,27,278,278,278,16,16,8,8,14,0,True
j0-56,39,35071119051253254,81,278,346,278,16,18,8,11,14,0,True
j0-56,40,9861492365136984,3,268,380,268,15,15,8,15,13,0,True
j0-56,40,9861492365136984,9,268,284,268,15,15,8,9,13,0,True
j0-56,40,9861492365136984,27,268,278,268,15,16,8,8,13,0,True
j0-56,40,9861492365136984,81,268,364,268,15,15,8,14,13,0,True
j0-56,41,9178330123649395,3,288,384,288,17,17,8,14,14,0,True
j0-56,41,9178330123649395,9,288,304,288,17,17,8,9,14,0,True
j0-56,41,9178330123649395,27,288,262,262,17,16,8,7,14,0,True
j0-56,41,9178330123649395,81,288,310,288,17,16,8,10,14,0,True
j0-56,42,45110651565721999,3,252,316,252,15,15,7,11,14,0,True
j0-56,42,45110651565721999,9,252,268,252,15,15,7,8,14,0,True
j0-56,42,45110651565721999,27,252,268,252,15,15,7,8,14,0,True
j0-56,42,45110651565721999,81,252,284,252,15,15,7,9,14,0,True
j0-56,43,38793885881587753,3,304,390,304,17,16,9,15,14,0,True
j0-56,43,38793885881587753,9,304,294,294,17,16,9,9,14,0,True
j0-56,43,38793885881587753,27,304,278,278,17,16,9,8,14,0,True
j0-56,43,38793885881587753,81,304,358,304,17,16,9,13,14,0,True
j0-56,44,20861563596356667,3,252,364,252,15,15,7,14,13,0,True
j0-56,44,20861563596356667,9,252,252,252,15,15,7,7,13,0,True
j0-56,44,20861563596356667,27,252,246,246,15,16,7,6,13,0,True
j0-56,44,20861563596356667,81,252,284,252,15,15,7,9,13,0,True
j0-56,45,40079474742851907,3,278,364,278,16,15,8,14,13,0,True
j0-56,45,40079474742851907,9,278,294,278,16,16,8,9,14,0,True
j0-56,45,40079474742851907,27,278,252,252,16,15,8,7,13,0,True
j0-56,45,40079474742851907,81,278,342,278,16,16,8,12,14,0,True
j0-56,46,29750184353322879,3,268,348,268,15,15,8,13,13,0,True
j0-56,46,29750184353322879,9,268,284,268,15,15,8,9,13,0,True
j0-56,46,29750184353322879,27,268,262,262,15,16,8,7,13,0,True
j0-56,46,29750184353322879,81,268,272,268,15,17,8,7,13,0,True
j0-56,47,41775106311314461,3,236,322,236,15,14,6,12,13,0,True
j0-56,47,41775106311314461,9,236,252,236,15,15,6,7,13,0,True
j0-56,47,41775106311314461,27,236,226,226,15,14,6,6,13,0,True
j0-56,47,41775106311314461,81,236,310,236,15,16,6,10,13,0,True
j0-56,48,30167557982534480,3,262,390,262,16,16,7,15,14,0,True
j0-56,48,30167557982534480,9,262,278,262,16,16,7,8,14,0,True
j0-56,48,30167557982534480,27,262,288,262,16,17,7,8,14,0,True
j0-56,48,30167557982534480,81,262,278,262,16,16,7,8,14,0,True
j0-56,49,21874390231708974,3,242,312,242,14,13,7,12,11,0,True
j0-56,49,21874390231708974,9,242,242,242,14,14,7,7,11,0,True
j0-56,49,21874390231708974,27,242,242,242,14,14,7,7,11,0,True
j0-56,49,21874390231708974,81,242,248,242,14,13,7,8,11,0,True
j0-56,50,3105461830624122,3,294,364,294,16,15,9,14,12,0,True
j0-56,50,3105461830624122,9,294,278,278,16,16,9,8,14,0,True
j0-56,50,3105461830624122,27,294,284,284,16,15,9,9,14,0,True
j0-56,50,3105461830624122,81,294,326,294,16,16,9,11,14,0,True
j0-56,51,34493533756903583,3,262,374,262,16,16,7,14,14,0,True
j0-56,51,34493533756903583,9,262,294,262,16,16,7,9,14,0,True
j0-56,51,34493533756903583,27,262,288,262,16,17,7,8,14,0,True
j0-56,51,34493533756903583,81,262,316,262,16,15,7,11,14,0,True
j0-56,52,10927138478287741,3,278,374,278,16,16,8,14,14,0,True
j0-56,52,10927138478287741,9,278,294,278,16,16,8,9,14,0,True
j0-56,52,10927138478287741,27,278,304,278,16,17,8,9,14,0,True
j0-56,52,10927138478287741,81,278,262,262,16,16,8,7,14,0,True
j0-56,53,13041840988692033,3,242,322,242,14,14,7,12,11,0,True
j0-56,53,13041840988692033,9,242,242,242,14,14,7,7,11,0,True
j0-56,53,13041840988692033,27,242,242,242,14,14,7,7,11,0,True
j0-56,53,13041840988692033,81,242,242,242,14,14,7,7,11,0,True
j0-56,54,17649820318362341,3,236,300,236,15,15,6,10,13,0,True
j0-56,54,17649820318362341,9,236,252,236,15,15,6,7,13,0,True
j0-56,54,17649820318362341,27,236,236,236,15,15,6,6,13,0,True
j0-56,54,17649820318362341,81,236,288,236,15,17,6,8,13,0,True
j0-56,55,22002188124659772,3,252,380,252,15,15,7,15,13,0,True
j0-56,55,22002188124659772,9,252,236,236,15,15,7,6,13,0,True
j0-56,55,22002188124659772,27,252,236,236,15,15,7,6,13,0,True
j0-56,55,22002188124659772,81,252,252,252,15,15,7,7,13,0,True
j0-56,56,19276342459370318,3,278,374,278,16,16,8,14,14,0,True
j0-56,56,19276342459370318,9,278,278,278,16,16,8,8,14,0,True
j0-56,56,19276342459370318,27,278,272,272,16,17,8,7,14,0,True
j0-56,56,19276342459370318,81,278,342,278,16,16,8,12,14,0,True
j0-56,57,21676120109663945,3,294,364,294,16,15,9,14,14,0,True
j0-56,57,21676120109663945,9,294,252,252,16,15,9,7,14,0,True
j0-56,57,21676120109663945,27,294,304,294,16,17,9,9,14,0,True
j0-56,57,21676120109663945,81,294,252,252,16,15,9,7,14,0,True
j0-56,58,9033696722782453,3,294,406,294,16,16,9,16,14,0,True
j0-56,58,9033696722782453,9,294,294,294,16,16,9,9,14,0,True
j0-56,58,9033696722782453,27,294,278,278,16,16,9,8,14,0,True
j0-56,58,9033696722782453,81,294,310,294,16,16,9,10,14,0,True
j0-56,59,16406421601179465,3,294,374,294,16,16,9,14,14,0,True
j0-56,59,16406421601179465,9,294,294,294,16,16,9,9,14,0,True
j0-56,59,16406421601179465,27,294,288,288,16,17,9,8,14,0,True
j0-56,59,16406421601179465,81,294,348,294,16,15,9,13,14,0,True
j0-56,60,27980479105654696,3,294,390,294,16,16,9,15,14,0,True
j0-56,60,27980479105654696,9,294,294,294,16,16,9,9,14,0,True
j0-56,60,27980479105654696,27,294,288,288,16,17,9,8,14,0,True
j0-56,60,27980479105654696,81,294,394,294,16,18,9,14,14,0,True
j0-56,61,21123314884727665,3,278,348,278,16,15,8,13,13,0,True
j0-56,61,21123314884727665,9,278,284,278,16,15,8,9,13,0,True
j0-56,61,21123314884727665,27,278,278,278,16,16,8,8,13,0,True
j0-56,61,21123314884727665,81,278,284,278,16,15,8,9,13,0,True
j0-56,62,12742782193394444,3,278,358,278,16,16,8,13,14,0,True
j0-56,62,12742782193394444,9,278,278,278,16,16,8,8,14,0,True
j0-56,62,12742782193394444,27,278,262,262,16,16,8,7,14,0,True
j0-56,62,12742782193394444,81,278,262,262,16,16,8,7,14,0,True
j0-56,63,21396362371914551,3,294,364,294,16,15,9,14,13,0,True
j0-56,63,21396362371914551,9,294,294,294,16,16,9,9,13,0,True
j0-56,63,21396362371914551,27,294,278,278,16,16,9,8,13,0,True
j0-56,63,21396362371914551,81,294,348,294,16,15,9,13,13,0,True
j0-56,64,39537698145832258,3,278,348,278,16,15,8,13,13,0,True
j0-56,64,39537698145832258,9,278,294,278,16,16,8,9,13,0,True
j0-56,64,39537698145832258,27,278,300,278,16,15,8,10,13,0,True
j0-56,64,39537698145832258,81,278,300,278,16,15,8,10,13,0,True
j0-56,65,13065460595795204,3,252,316,252,15,15,7,11,13,0,True
j0-56,65,13065460595795204,9,252,268,252,15,15,7,8,13,0,True
j0-56,65,13065460595795204,27,252,252,252,15,15,7,7,13,0,True
j0-56,65,13065460595795204,81,252,268,252,15,15,7,8,13,0,True
j0-56,66,22759314154371484,3,304,390,304,17,16,9,15,14,0,True
j0-56,66,22759314154371484,9,304,278,278,17,16,9,8,14,0,True
j0-56,66,22759314154371484,27,304,278,278,17,16,9,8,14,0,True
j0-56,66,22759314154371484,81,304,326,304,17,16,9,11,14,0,True
j0-56,67,3165184489545529,3,242,290,242,14,14,7,10,12,0,True
j0-56,67,3165184489545529,9,242,242,242,14,14,7,7,12,0,True
j0-56,67,3165184489545529,27,242,252,242,14,15,7,7,12,0,True
j0-56,67,3165184489545529,81,242,290,242,14,14,7,10,12,0,True
j0-56,68,16952083564757972,3,294,374,294,16,16,9,14,14,0,True
j0-56,68,16952083564757972,9,294,294,294,16,16,9,9,14,0,True
j0-56,68,16952083564757972,27,294,310,294,16,16,9,10,14,0,True
j0-56,68,16952083564757972,81,294,278,278,16,16,9,8,14,0,True
j0-56,69,16104742332760926,3,278,358,278,16,16,8,13,14,0,True
j0-56,69,16104742332760926,9,278,278,278,16,16,8,8,14,0,True
j0-56,69,16104742332760926,27,278,262,262,16,16,8,7,14,0,True
j0-56,69,16104742332760926,81,278,316,278,16,15,8,11,14,0,True
j0-56,70,47657003627625780,3,268,380,268,15,15,8,15,13,0,True
j0-56,70,47657003627625780,9,268,284,268,15,15,8,9,13,0,True
j0-56,70,47657003627625780,27,268,278,268,15,16,8,8,13,0,True
j0-56,70,47657003627625780,81,268,272,268,15,17,8,7,13,0,True
j0-56,71,46584440396381213,3,262,364,262,16,15,7,14,13,0,True
j0-56,71,46584440396381213,9,262,268,262,16,15,7,8,13,0,True
j0-56,71,46584440396381213,27,262,316,262,16,15,7,11,13,0,True
j0-56,71,46584440396381213,81,262,268,262,16,15,7,8,13,0,True
j0-56,72,22703053727935165,3,278,358,278,16,16,8,13,13,0,True
j0-56,72,22703053727935165,9,278,278,278,16,16,8,8,13,0,True
j0-56,72,22703053727935165,27,278,262,262,16,16,8,7,13,0,True
j0-56,72,22703053727935165,81,278,262,262,16,16,8,7,13,0,True
j0-56,73,28645336913364693,3,304,374,304,17,16,9,14,14,0,True
j0-56,73,28645336913364693,9,304,294,294,17,16,9,9,14,0,True
j0-56,73,28645336913364693,27,304,336,304,17,17,9,11,14,0,True
j0-56,73,28645336913364693,81,304,294,294,17,16,9,9,15,0,True
j0-56,74,39605236589306152,3,252,348,252,15,15,7,13,13,0,True
j0-56,74,39605236589306152,9,252,268,252,15,15,7,8,13,0,True
j0-56,74,39605236589306152,27,252,220,220,15,15,7,5,13,0,True
j0-56,74,39605236589306152,81,252,268,252,15,15,7,8,13,0,True
j0-56,75,13065953414515776,3,268,348,268,15,15,8,13,12,0,True
j0-56,75,13065953414515776,9,268,268,268,15,15,8,8,12,0,True
j0-56,75,13065953414515776,27,268,284,268,15,15,8,9,12,0,True
j0-56,75,13065953414515776,81,268,284,268,15,15,8,9,12,0,True
j0-56,76,904166757114498,3,278,390,278,16,16,8,15,14,0,True
j0-56,76,904166757114498,9,278,294,278,16,16,8,9,14,0,True
j0-56,76,904166757114498,27,278,278,278,16,16,8,8,14,0,True
j0-56,76,904166757114498,81,278,294,278,16,16,8,9,14,0,True
j0-56,77,21771539989004068,3,246,358,246,16,16,6,13,14,0,True
j0-56,77,21771539989004068,9,246,278,246,16,16,6,8,14,0,True
j0-56,77,21771539989004068,27,246,294,246,16,16,6,9,14,0,True
j0-56,77,21771539989004068,81,246,288,246,16,17,6,8,14,0,True
j0-56,78,34213501305266941,3,278,390,278,16,16,8,15,14,0,True
j0-56,78,34213501305266941,9,278,294,278,16,16,8,9,14,0,True
j0-56,78,34213501305266941,27,278,304,278,16,17,8,9,14,0,True
j0-56,78,34213501305266941,81,278,374,278,16,16,8,14,14,0,True
j0-56,79,10169778441945402,3,278,358,278,16,16,8,13,14,0,True
j0-56,79,10169778441945402,9,278,294,278,16,16,8,9,14,0,True
j0-56,79,10169778441945402,27,278,236,236,16,15,8,6,14,0,True
j0-56,79,10169778441945402,81,278,262,262,16,16,8,7,14,1,True
j0-56,80,26718398517645314,3,288,374,288,17,16,8,14,14,0,True
j0-56,80,26718398517645314,9,288,304,288,17,17,8,9,14,0,True
j0-56,80,26718398517645314,27,288,294,288,17,16,8,9,14,0,True
j0-56,80,26718398517645314,81,288,342,288,17,16,8,12,14,0,True
j0-56,81,49656790401305464,3,262,358,262,16,16,7,13,13,0,True
j0-56,81,49656790401305464,9,262,278,262,16,16,7,8,13,0,True
j0-56,81,49656790401305464,27,262,294,262,16,16,7,9,13,0,True
j0-56,81,49656790401305464,81,262,294,262,16,16,7,9,13,0,True
j0-56,82,17897532409449084,3,262,342,262,16,16,7,12,14,0,True
j0-56,82,17897532409449084,9,262,278,262,16,16,7,8,14,0,True
j0-56,82,17897532409449084,27,262,256,256,16,17,7,6,14,0,True
j0-56,82,17897532409449084,81,262,278,262,16,16,7,8,14,0,True
j0-56,83,35920999987421771,3,278,364,278,16,15,8,14,13,0,True
j0-56,83,35920999987421771,9,278,278,278,16,16,8,8,13,0,True
j0-56,83,35920999987421771,27,278,262,262,16,16,8,7,13,0,True
j0-56,83,35920999987421771,81,278,268,268,16,15,8,8,13,0,True
j0-56,84,30588916004092226,3,278,374,278,16,16,8,14,14,0,True
j0-56,84,30588916004092226,9,278,294,278,16,16,8,9,14,0,True
j0-56,84,30588916004092226,27,278,278,278,16,16,8,8,14,0,True
j0-56,84,30588916004092226,81,278,294,278,16,16,8,9,14,0,True
j0-56,85,30968213353127901,3,288,384,288,17,17,8,14,15,0,True
j0-56,85,30968213353127901,9,288,288,288,17,17,8,8,15,0,True
j0-56,85,30968213353127901,27,288,288,288,17,17,8,8,15,0,True
j0-56,85,30968213353127901,81,288,352,288,17,17,8,12,15,0,True
j0-56,86,34674676015461551,3,268,338,268,15,14,8,13,12,0,True
j0-56,86,34674676015461551,9,268,242,242,15,14,8,7,12,0,True
j0-56,86,34674676015461551,27,268,258,258,15,14,8,8,12,0,True
j0-56,86,34674676015461551,81,268,290,268,15,14,8,10,12,0,True
j0-56,87,40461887597234704,3,262,348,262,16,15,7,13,13,0,True
j0-56,87,40461887597234704,9,262,294,262,16,16,7,9,13,0,True
j0-56,87,40461887597234704,27,262,252,252,16,15,7,7,13,0,True
j0-56,87,40461887597234704,81,262,278,262,16,16,7,8,13,0,True
j0-56,88,11839173226872782,3,288,358,288,17,16,8,13,14,0,True
j0-56,88,11839173226872782,9,288,278,278,17,16,8,8,14,0,True
j0-56,88,11839173226872782,27,288,320,288,17,17,8,10,14,0,True
j0-56,88,11839173226872782,81,288,294,288,17,16,8,9,14,0,True
j0-56,89,49305519718570299,3,252,380,252,15,15,7,15,13,0,True
j0-56,89,49305519718570299,9,252,252,252,15,15,7,7,13,0,True
j0-56,89,49305519718570299,27,252,236,236,15,15,7,6,13,0,True
j0-56,89,49305519718570299,81,252,348,252,15,15,7,13,13,0,True
j0-56,90,40036720864871481,3,294,364,294,16,15,9,14,13,0,True
j0-56,90,40036720864871481,9,294,268,268,16,15,9,8,13,0,True
j0-56,90,40036720864871481,27,294,278,278,16,16,9,8,13,0,True
j0-56,90,40036720864871481,81,294,272,272,16,17,9,7,13,0,True
j0-56,91,14829457069349464,3,278,358,278,16,16,8,13,14,0,True
j0-56,91,14829457069349464,9,278,294,278,16,16,8,9,14,0,True
j0-56,91,14829457069349464,27,278,294,278,16,16,8,9,14,0,True
j0-56,91,14829457069349464,81,278,294,278,16,16,8,9,14,0,True
j0-56,92,47564045200600772,3,278,406,278,16,16,8,16,14,0,True
j0-56,92,47564045200600772,9,278,278,278,16,16,8,8,14,0,True
j0-56,92,47564045200600772,27,278,310,278,16,16,8,10,14,0,True
j0-56,92,47564045200600772,81,278,352,278,16,17,8,12,14,0,True
j0-56,93,38685495441705424,3,288,384,288,17,17,8,14,14,0,True
j0-56,93,38685495441705424,9,288,288,288,17,17,8,8,14,0,True
j0-56,93,38685495441705424,27,288,288,288,17,17,8,8,14,0,True
j0-56,93,38685495441705424,81,288,304,288,17,17,8,9,14,0,True
j0-56,94,17494242358758616,3,288,390,288,17,16,8,15,14,0,True
j0-56,94,17494242358758616,9,288,268,268,17,15,8,8,14,0,True
j0-56,94,17494242358758616,27,288,278,278,17,16,8,8,14,0,True
j0-56,94,17494242358758616,81,288,320,288,17,17,8,10,14,0,True
j0-56,95,53004318539211895,3,278,374,278,16,16,8,14,14,0,True
j0-56,95,53004318539211895,9,278,278,278,16,16,8,8,14,0,True
j0-56,95,53004318539211895,27,278,262,262,16,16,8,7,14,0,True
j0-56,95,53004318539211895,81,278,278,278,16,16,8,8,14,0,True
j0-56,96,32805240726094732,3,278,374,278,16,16,8,14,14,0,True
j0-56,96,32805240726094732,9,278,278,278,16,16,8,8,14,0,True
j0-56,96,32805240726094732,27,278,262,262,16,16,8,7,14,0,True
j0-56,96,32805240726094732,81,278,326,278,16,16,8,11,14,0,True
j0-56,97,17279918344973559,3,262,358,262,16,16,7,13,14,0,True
j0-56,97,17279918344973559,9,262,262,262,16,16,7,7,14,0,True
j0-56,97,17279918344973559,27,262,262,262,16,16,7,7,14,0,True
j0-56,97,17279918344973559,81,262,310,262,16,16,7,10,14,0,True
j0-56,98,47547342471716815,3,262,380,262,16,15,7,15,13,0,True
j0-56,98,47547342471716815,9,262,262,262,16,16,7,7,13,0,True
j0-56,98,47547342471716815,27,262,246,246,16,16,7,6,13,0,True
j0-56,98,47547342471716815,81,262,326,262,16,16,7,11,13,0,True
j0-56,99,6773853948615881,3,294,380,294,16,15,9,15,14,0,True
j0-56,99,6773853948615881,9,294,294,294,16,16,9,9,14,0,True
j0-56,99,6773853948615881,27,294,252,252,16,15,9,7,14,0,True
j0-56,99,6773853948615881,81,294,268,268,16,15,9,8,14,0,True
j0-56,100,45445622245394099,3,252,380,252,15,15,7,15,14,0,True
j0-56,100,45445622245394099,9,252,278,252,15,16,7,8,14,0,True
j0-56,100,45445622245394099,27,252,256,252,15,17,7,6,14,0,True
j0-56,100,45445622245394099,81,252,342,252,15,16,7,12,14,0,True
j0-56,101,52829743594734318,3,262,338,262,16,14,7,13,13,0,True
j0-56,101,52829743594734318,9,262,262,262,16,16,7,7,13,0,True
j0-56,101,52829743594734318,27,262,262,262,16,16,7,7,13,0,True
j0-56,101,52829743594734318,81,262,262,262,16,16,7,7,13,0,True
j0-56,102,40985804299713451,3,278,390,278,16,16,8,15,14,0,True
j0-56,102,40985804299713451,9,278,288,278,16,17,8,8,14,0,True
j0-56,102,40985804299713451,27,278,272,272,16,17,8,7,14,0,True
j0-56,102,40985804299713451,81,278,320,278,16,17,8,10,14,0,True
j0-56,103,28097645511830665,3,268,380,268,15,15,8,15,13,0,True
j0-56,103,28097645511830665,9,268,284,268,15,15,8,9,13,0,True
j0-56,103,28097645511830665,27,268,252,252,15,15,8,7,13,0,True
j0-56,103,28097645511830665,81,268,364,268,15,15,8,14,13,0,True
j0-56,104,53294004460942691,3,304,400,304,17,17,9,15,14,0,True
j0-56,104,53294004460942691,9,304,320,304,17,17,9,10,14,0,True
j0-56,104,53294004460942691,27,304,310,304,17,16,9,10,14,0,True
j0-56,104,53294004460942691,81,304,320,304,17,17,9,10,14,0,True
j0-56,105,13252658062020084,3,288,384,288,17,17,8,14,14,0,True
j0-56,105,13252658062020084,9,288,278,278,17,16,8,8,14,0,True
j0-56,105,13252658062020084,27,288,294,288,17,16,8,9,14,0,True
j0-56,105,13252658062020084,81,288,304,288,17,17,8,9,14,0,True
j0-56,106,18888854468626532,3,268,380,268,15,15,8,15,13,0,True
j0-56,106,18888854468626532,9,268,268,268,15,15,8,8,13,0,True
j0-56,106,18888854468626532,27,268,236,236,15,15,8,6,13,0,True
j0-56,106,18888854468626532,81,268,332,268,15,15,8,12,13,0,True
j0-56,107,13091230322071925,3,252,358,252,15,16,7,13,14,0,True
j0-56,107,13091230322071925,9,252,268,252,15,15,7,8,14,0,True
j0-56,107,13091230322071925,27,252,252,252,15,15,7,7,14,0,True
j0-56,107,13091230322071925,81,252,294,252,15,16,7,9,14,0,True
j0-56,108,44597414281513488,3,278,380,278,16,15,8,15,13,0,True
j0-56,108,44597414281513488,9,278,278,278,16,16,8,8,13,0,True
j0-56,108,44597414281513488,27,278,252,252,16,15,8,7,13,0,True
j0-56,108,44597414281513488,81,278,294,278,16,16,8,9,13,0,True
j0-56,109,40623089083761089,3,252,358,252,15,16,7,13,13,0,True
j0-56,109,40623089083761089,9,252,268,252,15,15,7,8,13,0,True
j0-56,109,40623089083761089,27,252,268,252,15,15,7,8,13,0,True
j0-56,109,40623089083761089,81,252,284,252,15,15,7,9,13,0,True
j0-56,110,38310934467536758,3,252,364,252,15,15,7,14,13,0,True
j0-56,110,38310934467536758,9,252,278,252,15,16,7,8,13,0,True
j0-56,110,38310934467536758,27,252,262,252,15,16,7,7,13,0,True
j0-56,110,38310934467536758,81,252,300,252,15,15,7,10,13,0,True
j0-56,111,17561705598373794,3,278,358,278,16,16,8,13,14,0,True
j0-56,111,17561705598373794,9,278,278,278,16,16,8,8,14,0,True
j0-56,111,17561705598373794,27,278,278,278,16,16,8,8,14,0,True
j0-56,111,17561705598373794,81,278,294,278,16,16,8,9,14,0,True
j0-56,112,36617420791373851,3,278,364,278,16,15,8,14,13,0,True
j0-56,112,36617420791373851,9,278,268,268,16,15,8,8,13,0,True
j0-56,112,36617420791373851,27,278,278,278,16,16,8,8,13,0,True
j0-56,112,36617420791373851,81,278,326,278,16,16,8,11,13,0,True
j0-56,113,53118972298342966,3,278,342,278,16,16,8,12,14,0,True
j0-56,113,53118972298342966,9,278,294,278,16,16,8,9,14,0,True
j0-56,113,53118972298342966,27,278,294,278,16,16,8,9,14,0,True
j0-56,113,53118972298342966,81,278,310,278,16,16,8,10,14,0,True
j0-56,114,2938216667793825,3,278,364,278,16,15,8,14,14,0,True
j0-56,114,2938216667793825,9,278,294,278,16,16,8,9,14,0,True
j0-56,114,2938216667793825,27,278,252,252,16,15,8,7,14,0,True
j0-56,114,2938216667793825,81,278,300,278,16,15,8,10,14,0,True
j0-56,115,22011631292390061,3,278,364,278,16,15,8,14,13,0,True
j0-56,115,22011631292390061,9,278,268,268,16,15,8,8,13,0,True
j0-56,115,22011631292390061,27,278,262,262,16,16,8,7,13,0,True
j0-56,115,22011631292390061,81,278,332,278,16,15,8,12,13,0,True
j0-56,116,23451746292891595,3,294,390,294,16,16,9,15,14,0,True
j0-56,116,23451746292891595,9,294,294,294,16,16,9,9,14,0,True
j0-56,116,23451746292891595,27,294,278,278,16,16,9,8,14,0,True
j0-56,116,23451746292891595,81,294,326,294,16,16,9,11,14,0,True
j0-56,117,5142961973466927,3,278,332,278,16,15,8,12,13,0,True
j0-56,117,5142961973466927,9,278,268,268,16,15,8,8,13,0,True
j0-56,117,5142961973466927,27,278,278,278,16,16,8,8,13,0,True
j0-56,117,5142961973466927,81,278,326,278,16,16,8,11,13,0,True
j0-56,118,223492332701608,3,278,406,278,16,16,8,16,14,0,True
j0-56,118,223492332701608,9,278,278,278,16,16,8,8,14,0,True
j0-56,118,223492332701608,27,278,272,272,16,17,8,7,14,0,True
j0-56,118,223492332701608,81,278,342,278,16,16,8,12,14,0,True
j0-56,119,24331969636176457,3,262,364,262,16,15,7,14,13,0,True
j0-56,119,24331969636176457,9,262,284,262,16,15,7,9,13,0,True
j0-56,119,24331969636176457,27,262,252,252,16,15,7,7,13,0,True
j0-56,119,24331969636176457,81,262,284,262,16,15,7,9,13,0,True
j0-56,120,38541595265104017,3,268,380,268,15,15,8,15,13,0,True
j0-56,120,38541595265104017,9,268,268,268,15,15,8,8,13,0,True
j0-56,120,38541595265104017,27,268,278,268,15,16,8,8,13,0,True
j0-56,120,38541595265104017,81,268,348,268,15,15,8,13,13,0,True
j0-56,121,18403624979476078,3,262,338,262,16,14,7,13,12,0,True
j0-56,121,18403624979476078,9,262,258,258,16,14,7,8,12,0,True
j0-56,121,18403624979476078,27,262,252,252,16,15,7,7,12,0,True
j0-56,121,18403624979476078,81,262,310,262,16,16,7,10,12,0,True
j0-56,122,48990570742426995,3,288,406,288,17,16,8,16,14,0,True
j0-56,122,48990570742426995,9,288,304,288,17,17,8,9,14,0,True
j0-56,122,48990570742426995,27,288,272,272,17,17,8,7,14,0,True
j0-56,122,48990570742426995,81,288,320,288,17,17,8,10,14,0,True
j0-56,123,44898213584775108,3,252,354,252,15,14,7,14,12,0,True
j0-56,123,44898213584775108,9,252,242,242,15,14,7,7,12,0,True
j0-56,123,44898213584775108,27,252,274,252,15,14,7,9,12,0,True
j0-56,123,44898213584775108,81,252,290,252,15,14,7,10,12,0,True
j0-56,124,36533215582766472,3,246,326,246,16,16,6,11,14,0,True
j0-56,124,36533215582766472,9,246,246,246,16,16,6,6,14,0,True
j0-56,124,36533215582766472,27,246,246,246,16,16,6,6,14,0,True
j0-56,124,36533215582766472,81,246,246,246,16,16,6,6,14,0,True
j0-56,125,45402658648003580,3,278,348,278,16,15,8,13,13,0,True
j0-56,125,45402658648003580,9,278,294,278,16,16,8,9,13,0,True
j0-56,125,45402658648003580,27,278,236,236,16,15,8,6,13,0,True
j0-56,125,45402658648003580,81,278,304,278,16,17,8,9,13,0,True
j0-56,126,52720701094924937,3,278,374,278,16,16,8,14,14,0,True
j0-56,126,52720701094924937,9,278,268,268,16,15,8,8,14,0,True
j0-56,126,52720701094924937,27,278,278,278,16,16,8,8,14,0,True
j0-56,126,52720701094924937,81,278,278,278,16,16,8,8,14,0,True
j0-56,127,6000371050220278,3,294,406,294,16,16,9,16,14,0,True
j0-56,127,6000371050220278,9,294,294,294,16,16,9,9,14,0,True
j0-56,127,6000371050220278,27,294,278,278,16,16,9,8,14,0,True
j0-56,127,6000371050220278,81,294,358,294,16,16,9,13,14,0,True
j0-56,128,38311187506528041,3,278,364,278,16,15,8,14,14,0,True
j0-56,128,38311187506528041,9,278,268,268,16,15,8,8,14,0,True
j0-56,128,38311187506528041,27,278,262,262,16,16,8,7,14,0,True
j0-56,128,38311187506528041,81,278,294,278,16,16,8,9,14,0,True
j0-56,129,38756169073203765,3,268,348,268,15,15,8,13,13,0,True
j0-56,129,38756169073203765,9,268,268,268,15,15,8,8,13,0,True
j0-56,129,38756169073203765,27,268,252,252,15,15,8,7,13,0,True
j0-56,129,38756169073203765,81,268,268,268,15,15,8,8,13,0,True
j0-56,130,20508560949370121,3,262,406,262,16,16,7,16,14,0,True
j0-56,130,20508560949370121,9,262,294,262,16,16,7,9,14,0,True
j0-56,130,20508560949370121,27,262,262,262,16,16,7,7,14,0,True
j0-56,130,20508560949370121,81,262,300,262,16,15,7,10,14,0,True
j0-56,131,4906580961022005,3,278,364,278,16,15,8,14,14,0,True
j0-56,131,4906580961022005,9,278,294,278,16,16,8,9,14,0,True
j0-56,131,4906580961022005,27,278,262,262,16,16,8,7,14,0,True
j0-56,131,4906580961022005,81,278,310,278,16,16,8,10,14,0,True
j0-56,132,32358734609558504,3,294,390,294,16,16,9,15,14,0,True
j0-56,132,32358734609558504,9,294,294,294,16,16,9,9,14,0,True
j0-56,132,32358734609558504,27,294,278,278,16,16,9,8,14,0,True
j0-56,132,32358734609558504,81,294,310,294,16,16,9,10,14,0,True
j0-56,133,7113278303298251,3,278,390,278,16,16,8,15,14,0,True
j0-56,133,7113278303298251,9,278,294,278,16,16,8,9,14,0,True
j0-56,133,7113278303298251,27,278,294,278,16,16,8,9,14,0,True
j0-56,133,7113278303298251,81,278,326,278,16,16,8,11,14,0,True
j0-56,134,13346473465623167,3,268,380,268,15,15,8,15,13,0,True
j0-56,134,13346473465623167,9,268,268,268,15,15,8,8,13,0,True
j0-56,134,13346473465623167,27,268,236,236,15,15,8,6,13,0,True
j0-56,134,13346473465623167,81,268,252,252,15,15,8,7,13,0,True
j0-56,135,19639487685580159,3,294,390,294,16,16,9,15,14,0,True
j0-56,135,19639487685580159,9,294,278,278,16,16,9,8,14,0,True
j0-56,135,19639487685580159,27,294,320,294,16,17,9,10,14,0,True
j0-56,135,19639487685580159,81,294,294,294,16,16,9,9,14,0,True
j0-56,136,40115118553213934,3,252,364,252,15,15,7,14,13,0,True
j0-56,136,40115118553213934,9,252,268,252,15,15,7,8,13,0,True
j0-56,136,40115118553213934,27,252,326,252,15,16,7,11,14,0,True
j0-56,136,40115118553213934,81,252,284,252,15,15,7,9,13,0,True
j0-56,137,31457901272893238,3,278,316,278,16,15,8,11,13,0,True
j0-56,137,31457901272893238,9,278,278,278,16,16,8,8,13,0,True
j0-56,137,31457901272893238,27,278,252,252,16,15,8,7,13,0,True
j0-56,137,31457901272893238,81,278,278,278,16,16,8,8,13,0,True
j0-56,138,53411778270328396,3,242,348,242,14,15,7,13,13,0,True
j0-56,138,53411778270328396,9,242,242,242,14,14,7,7,13,0,True
j0-56,138,53411778270328396,27,242,278,242,14,16,7,8,13,0,True
j0-56,138,53411778270328396,81,242,290,242,14,14,7,10,13,0,True
j0-56,139,12848748283594004,3,262,390,262,16,16,7,15,14,0,True
j0-56,139,12848748283594004,9,262,278,262,16,16,7,8,14,0,True
j0-56,139,12848748283594004,27,262,278,262,16,16,7,8,14,0,True
j0-56,139,12848748283594004,81,262,278,262,16,16,7,8,14,0,True
j0-56,140,11285289609052862,3,268,348,268,15,15,8,13,13,0,True
j0-56,140,11285289609052862,9,268,268,268,15,15,8,8,13,0,True
j0-56,140,11285289609052862,27,268,236,236,15,15,8,6,13,0,True
j0-56,140,11285289609052862,81,268,268,268,15,15,8,8,13,0,True
j0-56,141,36825917284849968,3,278,406,278,16,16,8,16,14,0,True
j0-56,141,36825917284849968,9,278,294,278,16,16,8,9,14,0,True
j0-56,141,36825917284849968,27,278,288,278,16,17,8,8,14,0,True
j0-56,141,36825917284849968,81,278,294,278,16,16,8,9,14,0,True
j0-56,142,875799018532028,3,278,348,278,16,15,8,13,13,0,True
j0-56,142,875799018532028,9,278,294,278,16,16,8,9,13,0,True
j0-56,142,875799018532028,27,278,278,278,16,16,8,8,13,0,True
j0-56,142,875799018532028,81,278,262,262,16,16,8,7,13,0,True
j0-56,143,37857706207866448,3,278,390,278,16,16,8,15,14,0,True
j0-56,143,37857706207866448,9,278,278,278,16,16,8,8,14,0,True
j0-56,143,37857706207866448,27,278,294,278,16,16,8,9,14,0,True
j0-56,143,37857706207866448,81,278,362,278,16,18,8,12,14,0,True
j0-56,144,37414838231680755,3,268,290,268,15,14,8,10,12,0,True
j0-56,144,37414838231680755,9,268,242,242,15,14,8,7,12,0,True
j0-56,144,37414838231680755,27,268,236,236,15,15,8,6,12,0,True
j0-56,144,37414838231680755,81,268,226,226,15,14,8,6,12,0,True
j0-56,145,21096859969651625,3,278,374,278,16,16,8,14,14,0,True
j0-56,145,21096859969651625,9,278,278,278,16,16,8,8,14,0,True
j0-56,145,21096859969651625,27,278,310,278,16,16,8,10,14,0,True
j0-56,145,21096859969651625,81,278,310,278,16,16,8,10,14,0,True
j0-56,146,11587961999289977,3,262,364,262,16,15,7,14,13,0,True
j0-56,146,11587961999289977,9,262,278,262,16,16,7,8,13,0,True
j0-56,146,11587961999289977,27,262,316,262,16,15,7,11,13,0,True
j0-56,146,11587961999289977,81,262,278,262,16,16,7,8,13,0,True
j0-56,147,22690739316092,3,278,390,278,16,16,8,15,14,0,True
j0-56,147,22690739316092,9,278,294,278,16,16,8,9,14,0,True
j0-56,147,22690739316092,27,278,262,262,16,16,8,7,14,0,True
j0-56,147,22690739316092,81,278,358,278,16,16,8,13,14,0,True
j0-56,148,13009612339358307,3,268,348,268,15,15,8,13,13,0,True
j0-56,148,13009612339358307,9,268,268,268,15,15,8,8,13,0,True
j0-56,148,13009612339358307,27,268,278,268,15,16,8,8,13,0,True
j0-56,148,13009612339358307,81,268,284,268,15,15,8,9,13,0,True
j0-56,149,15713889961095154,3,268,348,268,15,15,8,13,13,0,True
j0-56,149,15713889961095154,9,268,268,268,15,15,8,8,13,0,True
j0-56,149,15713889961095154,27,268,236,236,15,15,8,6,13,0,True
j0-56,149,15713889961095154,81,268,268,268,15,15,8,8,13,0,True
j0-56,150,36971337223959763,3,268,364,268,15,15,8,14,13,0,True
j0-56,150,36971337223959763,9,268,294,268,15,16,8,9,13,0,True
j0-56,150,36971337223959763,27,268,262,262,15,16,8,7,13,0,True
j0-56,150,36971337223959763,81,268,300,268,15,15,8,10,13,0,True
j0-56,151,42064303341991702,3,304,390,304,17,16,9,15,15,0,True
j0-56,151,42064303341991702,9,304,320,304,17,17,9,10,15,0,True
j0-56,151,42064303341991702,27,304,314,304,17,18,9,9,15,0,True
j0-56,151,42064303341991702,81,304,326,304,17,16,9,11,14,0,True
j0-56,152,14467102193896425,3,288,374,288,17,16,8,14,14,0,True
j0-56,152,14467102193896425,9,288,294,288,17,16,8,9,14,0,True
j0-56,152,14467102193896425,27,288,272,272,17,17,8,7,14,0,True
j0-56,152,14467102193896425,81,288,278,278,17,16,8,8,14,0,True
j0-56,153,10061242767296782,3,268,348,268,15,15,8,13,13,0,True
j0-56,153,10061242767296782,9,268,268,268,15,15,8,8,13,0,True
j0-56,153,10061242767296782,27,268,284,268,15,15,8,9,13,0,True
j0-56,153,10061242767296782,81,268,284,268,15,15,8,9,13,0,True
j0-56,154,1295525412555524,3,252,364,252,15,15,7,14,13,0,True
j0-56,154,1295525412555524,9,252,268,252,15,15,7,8,13,0,True
j0-56,154,1295525412555524,27,252,252,252,15,15,7,7,13,0,True
j0-56,154,1295525412555524,81,252,352,252,15,17,7,12,13,0,True
j0-56,155,51044583905993358,3,268,380,268,15,15,8,15,13,0,True
j0-56,155,51044583905993358,9,268,284,268,15,15,8,9,13,0,True
j0-56,155,51044583905993358,27,268,294,268,15,16,8,9,13,0,True
j0-56,155,51044583905993358,81,268,336,268,15,17,8,11,13,0,True
j0-56,156,39765379201798277,3,252,316,252,15,15,7,11,12,0,True
j0-56,156,39765379201798277,9,252,268,252,15,15,7,8,12,0,True
j0-56,156,39765379201798277,27,252,236,236,15,15,7,6,12,0,True
j0-56,156,39765379201798277,81,252,316,252,15,15,7,11,12,0,True
j0-56,157,43909499340571459,3,278,390,278,16,16,8,15,14,0,True
j0-56,157,43909499340571459,9,278,278,278,16,16,8,8,14,0,True
j0-56,157,43909499340571459,27,278,278,278,16,16,8,8,14,0,True
j0-56,157,43909499340571459,81,278,342,278,16,16,8,12,14,0,True
j0-56,158,39645890138084737,3,252,332,252,15,15,7,12,13,0,True
j0-56,158,39645890138084737,9,252,268,252,15,15,7,8,13,0,True
j0-56,158,39645890138084737,27,252,256,252,15,17,7,6,13,0,True
j0-56,158,39645890138084737,81,252,268,252,15,15,7,8,13,0,True
j0-56,159,8143057339237969,3,268,380,268,15,15,8,15,13,0,True
j0-56,159,8143057339237969,9,268,284,268,15,15,8,9,13,0,True
j0-56,159,8143057339237969,27,268,284,268,15,15,8,9,13,0,True
j0-56,159,8143057339237969,81,268,332,268,15,15,8,12,13,0,True
j0-56,160,10169904993638066,3,232,312,232,13,13,7,12,11,0,True
j0-56,160,10169904993638066,9,232,232,232,13,13,7,7,11,0,True
j0-56,160,10169904993638066,27,232,232,232,13,13,7,7,11,0,True
j0-56,160,10169904993638066,81,232,258,232,13,14,7,8,11,0,True
j0-56,161,22326285682236925,3,268,364,268,15,15,8,14,14,0,True
j0-56,161,22326285682236925,9,268,294,268,15,16,8,9,13,0,True
j0-56,161,22326285682236925,27,268,272,268,15,17,8,7,14,0,True
j0-56,161,22326285682236925,81,268,310,268,15,16,8,10,14,0,True
j0-56,162,9080666079101881,3,252,332,252,15,15,7,12,13,0,True
j0-56,162,9080666079101881,9,252,268,252,15,15,7,8,13,0,True
j0-56,162,9080666079101881,27,252,252,252,15,15,7,7,13,0,True
j0-56,162,9080666079101881,81,252,300,252,15,15,7,10,13,0,True
j0-56,163,16885967517133620,3,294,358,294,16,16,9,13,14,0,True
j0-56,163,16885967517133620,9,294,278,278,16,16,9,8,14,0,True
j0-56,163,16885967517133620,27,294,278,278,16,16,9,8,14,0,True
j0-56,163,16885967517133620,81,294,342,294,16,16,9,12,14,0,True
j0-56,164,40687787322514304,3,262,364,262,16,15,7,14,13,0,True
j0-56,164,40687787322514304,9,262,262,262,16,16,7,7,13,0,True
j0-56,164,40687787322514304,27,262,262,262,16,16,7,7,13,0,True
j0-56,164,40687787322514304,81,262,268,262,16,15,7,8,13,0,True
j0-56,165,9124155338613709,3,304,358,304,17,16,9,13,14,0,True
j0-56,165,9124155338613709,9,304,294,294,17,16,9,9,14,0,True
j0-56,165,9124155338613709,27,304,310,304,17,16,9,10,14,0,True
j0-56,165,9124155338613709,81,304,342,304,17,16,9,12,14,0,True
j0-56,166,17830562083135023,3,252,364,252,15,15,7,14,13,0,True
j0-56,166,17830562083135023,9,252,268,252,15,15,7,8,13,0,True
j0-56,166,17830562083135023,27,252,268,252,15,15,7,8,13,0,True
j0-56,166,17830562083135023,81,252,364,252,15,15,7,14,13,0,True
j0-56,167,16544801451684689,3,278,380,278,16,15,8,15,13,0,True
j0-56,167,16544801451684689,9,278,268,268,16,15,8,8,13,0,True
j0-56,167,16544801451684689,27,278,278,278,16,16,8,8,13,0,True
j0-56,167,16544801451684689,81,278,294,278,16,16,8,9,13,0,True
j0-56,168,32735284915046932,3,268,342,268,15,16,8,12,13,0,True
j0-56,168,32735284915046932,9,268,268,268,15,15,8,8,13,0,True
j0-56,168,32735284915046932,27,268,236,236,15,15,8,6,13,0,True
j0-56,168,32735284915046932,81,268,268,268,15,15,8,8,13,0,True
j0-56,169,32707817222079645,3,262,316,262,16,15,7,11,14,0,True
j0-56,169,32707817222079645,9,262,252,252,16,15,7,7,14,0,True
j0-56,169,32707817222079645,27,262,278,262,16,16,7,8,14,0,True
j0-56,169,32707817222079645,81,262,268,262,16,15,7,8,14,0,True
j0-56,170,17808843356347195,3,278,358,278,16,16,8,13,14,0,True
j0-56,170,17808843356347195,9,278,278,278,16,16,8,8,14,0,True
j0-56,170,17808843356347195,27,278,262,262,16,16,8,7,14,0,True
j0-56,170,17808843356347195,81,278,294,278,16,16,8,9,14,0,True
j0-56,171,43486948944884957,3,268,380,268,15,15,8,15,13,0,True
j0-56,171,43486948944884957,9,268,268,268,15,15,8,8,13,0,True
j0-56,171,43486948944884957,27,268,262,262,15,16,8,7,13,0,True
j0-56,171,43486948944884957,81,268,300,268,15,15,8,10,13,0,True
j0-56,172,18941636097911455,3,288,358,288,17,16,8,13,14,0,True
j0-56,172,18941636097911455,9,288,262,262,17,16,8,7,14,0,True
j0-56,172,18941636097911455,27,288,262,262,17,16,8,7,14,0,True
j0-56,172,18941636097911455,81,288,304,288,17,17,8,9,14,0,True
j0-56,173,33679725548582850,3,278,390,278,16,16,8,15,14,0,True
j0-56,173,33679725548582850,9,278,310,278,16,16,8,10,14,0,True
j0-56,173,33679725548582850,27,278,294,278,16,16,8,9,14,0,True
j0-56,173,33679725548582850,81,278,390,278,16,16,8,15,14,0,True
j0-56,174,8299227215350924,3,278,406,278,16,16,8,16,14,0,True
j0-56,174,8299227215350924,9,278,304,278,16,17,8,9,14,0,True
j0-56,174,8299227215350924,27,278,310,278,16,16,8,10,14,0,True
j0-56,174,8299227215350924,81,278,342,278,16,16,8,12,14,0,True
j0-56,175,41202912235433771,3,304,390,304,17,16,9,15,14,0,True
j0-56,175,41202912235433771,9,304,320,304,17,17,9,10,14,0,True
j0-56,175,41202912235433771,27,304,278,278,17,16,9,8,14,0,True
j0-56,175,41202912235433771,81,304,374,304,17,16,9,14,14,0,True
j0-56,176,22605111264230790,3,278,374,278,16,16,8,14,14,0,True
j0-56,176,22605111264230790,9,278,294,278,16,16,8,9,14,0,True
j0-56,176,22605111264230790,27,278,298,278,16,18,8,8,14,0,True
j0-56,176,22605111264230790,81,278,294,278,16,16,8,9,14,0,True
j0-56,177,53185519946033252,3,294,390,294,16,16,9,15,14,0,True
j0-56,177,53185519946033252,9,294,294,294,16,16,9,9,14,0,True
j0-56,177,53185519946033252,27,294,288,288,16,17,9,8,14,0,True
j0-56,177,53185519946033252,81,294,342,294,16,16,9,12,14,0,True
j0-56,178,40909691953282113,3,288,364,288,17,15,8,14,14,0,True
j0-56,178,40909691953282113,9,288,304,288,17,17,8,9,14,0,True
j0-56,178,40909691953282113,27,288,288,288,17,17,8,8,14,0,True
j0-56,178,40909691953282113,81,288,320,288,17,17,8,10,14,0,True
j0-56,179,35195142182639296,3,268,348,268,15,15,8,13,13,0,True
j0-56,179,35195142182639296,9,268,278,268,15,16,8,8,14,0,True
j0-56,179,35195142182639296,27,268,262,262,15,16,8,7,13,0,True
j0-56,179,35195142182639296,81,268,310,268,15,16,8,10,13,0,True
j0-56,180,31552733958452456,3,252,348,252,15,15,7,13,14,0,True
j0-56,180,31552733958452456,9,252,294,252,15,16,7,9,14,0,True
j0-56,180,31552733958452456,27,252,252,252,15,15,7,7,14,0,True
j0-56,180,31552733958452456,81,252,268,252,15,15,7,8,14,0,True
j0-56,181,45931450143491455,3,288,374,288,17,16,8,14,14,0,True
j0-56,181,45931450143491455,9,288,278,278,17,16,8,8,14,0,True
j0-56,181,45931450143491455,27,288,288,288,17,17,8,8,14,0,True
j0-56,181,45931450143491455,81,288,316,288,17,15,8,11,14,0,True
j0-56,182,28530397675123471,3,262,358,262,16,16,7,13,14,0,True
j0-56,182,28530397675123471,9,262,278,262,16,16,7,8,14,0,True
j0-56,182,28530397675123471,27,262,294,262,16,16,7,9,14,0,True
j0-56,182,28530397675123471,81,262,294,262,16,16,7,9,14,0,True
j0-56,183,41970707164772197,3,278,364,278,16,15,8,14,14,0,True
j0-56,183,41970707164772197,9,278,278,278,16,16,8,8,14,0,True
j0-56,183,41970707164772197,27,278,284,278,16,15,8,9,14,0,True
j0-56,183,41970707164772197,81,278,288,278,16,17,8,8,13,0,True
j0-56,184,40152013955007953,3,242,322,242,14,14,7,12,12,0,True
j0-56,184,40152013955007953,9,242,242,242,14,14,7,7,12,0,True
j0-56,184,40152013955007953,27,242,258,242,14,14,7,8,12,0,True
j0-56,184,40152013955007953,81,242,242,242,14,14,7,7,12,0,True
j0-56,185,47533006687794384,3,278,364,278,16,15,8,14,13,0,True
j0-56,185,47533006687794384,9,278,294,278,16,16,8,9,14,0,True
j0-56,185,47533006687794384,27,278,252,252,16,15,8,7,13,0,True
j0-56,185,47533006687794384,81,278,332,278,16,15,8,12,13,0,True
j0-56,186,47634303038176133,3,262,374,262,16,16,7,14,14,0,True
j0-56,186,47634303038176133,9,262,278,262,16,16,7,8,14,0,True
j0-56,186,47634303038176133,27,262,272,262,16,17,7,7,14,0,True
j0-56,186,47634303038176133,81,262,284,262,16,15,7,9,13,0,True
j0-56,187,50067287698203484,3,278,364,278,16,15,8,14,13,0,True
j0-56,187,50067287698203484,9,278,278,278,16,16,8,8,13,0,True
j0-56,187,50067287698203484,27,278,252,252,16,15,8,7,13,0,True
j0-56,187,50067287698203484,81,278,326,278,16,16,8,11,13,0,True
j0-56,188,4948567543457225,3,268,380,268,15,15,8,15,13,0,True
j0-56,188,4948567543457225,9,268,268,268,15,15,8,8,13,0,True
j0-56,188,4948567543457225,27,268,284,268,15,15,8,9,13,0,True
j0-56,188,4948567543457225,81,268,368,268,15,17,8,13,13,0,True
j0-56,189,3356993854869396,3,268,364,268,15,15,8,14,13,0,True
j0-56,189,3356993854869396,9,268,268,268,15,15,8,8,13,0,True
j0-56,189,3356993854869396,27,268,278,268,15,16,8,8,13,0,True
j0-56,189,3356993854869396,81,268,268,268,15,15,8,8,13,0,True
j0-56,190,5135320173509188,3,278,332,278,16,15,8,12,13,0,True
j0-56,190,5135320173509188,9,278,278,278,16,16,8,8,13,0,True
j0-56,190,5135320173509188,27,278,252,252,16,15,8,7,13,0,True
j0-56,190,5135320173509188,81,278,278,278,16,16,8,8,13,0,True
j0-56,191,49489023550209679,3,262,358,262,16,16,7,13,14,0,True
j0-56,191,49489023550209679,9,262,294,262,16,16,7,9,14,0,True
j0-56,191,49489023550209679,27,262,294,262,16,16,7,9,14,0,True
j0-56,191,49489023550209679,81,262,294,262,16,16,7,9,14,0,True
j0-56,192,6404382926453242,3,278,358,278,16,16,8,13,14,0,True
j0-56,192,6404382926453242,9,278,278,278,16,16,8,8,14,0,True
j0-56,192,6404382926453242,27,278,320,278,16,17,8,10,14,0,True
j0-56,192,6404382926453242,81,278,342,278,16,16,8,12,14,0,True
j0-56,193,48023584699932674,3,278,342,278,16,16,8,12,14,0,True
j0-56,193,48023584699932674,9,278,278,278,16,16,8,8,14,0,True
j0-56,193,48023584699932674,27,278,246,246,16,16,8,6,14,0,True
j0-56,193,48023584699932674,81,278,278,278,16,16,8,8,14,0,True
j0-56,194,6638887291946428,3,262,374,262,16,16,7,14,14,0,True
j0-56,194,6638887291946428,9,262,278,262,16,16,7,8,14,0,True
j0-56,194,6638887291946428,27,262,262,262,16,16,7,7,14,0,True
j0-56,194,6638887291946428,81,262,294,262,16,16,7,9,14,0,True
j0-56,195,10393811084038722,3,278,358,278,16,16,8,13,14,0,True
j0-56,195,10393811084038722,9,278,294,278,16,16,8,9,14,0,True
j0-56,195,10393811084038722,27,278,284,278,16,15,8,9,14,0,True
j0-56,195,10393811084038722,81,278,316,278,16,15,8,11,14,0,True
j0-56,196,49069650149607797,3,278,390,278,16,16,8,15,14,0,True
j0-56,196,49069650149607797,9,278,294,278,16,16,8,9,14,0,True
j0-56,196,49069650149607797,27,278,278,278,16,16,8,8,14,0,True
j0-56,196,49069650149607797,81,278,374,278,16,16,8,14,14,0,True
j0-56,197,15440018775836142,3,268,364,268,15,15,8,14,13,0,True
j0-56,197,15440018775836142,9,268,278,268,15,16,8,8,13,0,True
j0-56,197,15440018775836142,27,268,252,252,15,15,8,7,13,0,True
j0-56,197,15440018775836142,81,268,332,268,15,15,8,12,13,0,True
j0-56,198,37259696303378136,3,252,332,252,15,15,7,12,13,0,True
j0-56,198,37259696303378136,9,252,252,252,15,15,7,7,13,0,True
j0-56,198,37259696303378136,27,252,252,252,15,15,7,7,13,0,True
j0-56,198,37259696303378136,81,252,268,252,15,15,7,8,13,0,True
j0-56,199,3129522840575442,3,288,416,288,17,17,8,16,14,0,True
j0-56,199,3129522840575442,9,288,294,288,17,16,8,9,14,0,True
j0-56,199,3129522840575442,27,288,278,278,17,16,8,8,14,0,True
j0-56,199,3129522840575442,81,288,336,288,17,17,8,11,14,0,True
j0-56,200,3258658967885545,3,252,332,252,15,15,7,12,13,0,True
j0-56,200,3258658967885545,9,252,268,252,15,15,7,8,13,0,True
j0-56,200,3258658967885545,27,252,284,252,15,15,7,9,13,0,True
j0-56,200,3258658967885545,81,252,288,252,15,17,7,8,13,0,True
j0-56,201,29790199589195252,3,252,364,252,15,15,7,14,13,0,True
j0-56,201,29790199589195252,9,252,252,252,15,15,7,7,13,0,True
j0-56,201,29790199589195252,27,252,252,252,15,15,7,7,13,0,True
j0-56,201,29790199589195252,81,252,252,252,15,15,7,7,13,0,True
j0-56,202,10551603362802720,3,278,348,278,16,15,8,13,14,0,True
j0-56,202,10551603362802720,9,278,268,268,16,15,8,8,14,0,True
j0-56,202,10551603362802720,27,278,304,278,16,17,8,9,14,0,True
j0-56,202,10551603362802720,81,278,300,278,16,15,8,10,13,1,True
j0-56,203,7319077179150710,3,278,406,278,16,16,8,16,14,0,True
j0-56,203,7319077179150710,9,278,262,262,16,16,8,7,14,0,True
j0-56,203,7319077179150710,27,278,294,278,16,16,8,9,14,0,True
j0-56,203,7319077179150710,81,278,278,278,16,16,8,8,14,0,True
j0-56,204,41983775051221625,3,242,322,242,14,14,7,12,12,0,True
j0-56,204,41983775051221625,9,242,242,242,14,14,7,7,12,0,True
j0-56,204,41983775051221625,27,242,242,242,14,14,7,7,12,0,True
j0-56,204,41983775051221625,81,242,290,242,14,14,7,10,12,0,True
j0-56,205,16830149365919123,3,288,374,288,17,16,8,14,14,0,True
j0-56,205,16830149365919123,9,288,294,288,17,16,8,9,14,0,True
j0-56,205,16830149365919123,27,288,326,288,17,16,8,11,14,0,True
j0-56,205,16830149365919123,81,288,326,288,17,16,8,11,14,0,True
j0-56,206,30205878636957272,3,236,332,236,15,15,6,12,13,0,True
j0-56,206,30205878636957272,9,236,236,236,15,15,6,6,13,0,True
j0-56,206,30205878636957272,27,236,220,220,15,15,6,5,13,0,True
j0-56,206,30205878636957272,81,236,268,236,15,15,6,8,13,0,True
j0-56,207,22327759823042639,3,268,354,268,15,14,8,14,12,0,True
j0-56,207,22327759823042639,9,268,258,258,15,14,8,8,12,0,True
j0-56,207,22327759823042639,27,268,258,258,15,14,8,8,12,0,True
j0-56,207,22327759823042639,81,268,290,268,15,14,8,10,12,0,True
j0-56,208,39048467483571708,3,268,380,268,15,15,8,15,13,0,True
j0-56,208,39048467483571708,9,268,268,268,15,15,8,8,13,0,True
j0-56,208,39048467483571708,27,268,320,268,15,17,8,10,13,0,True
j0-56,208,39048467483571708,81,268,316,268,15,15,8,11,13,0,True
j0-56,209,34671672234352364,3,278,406,278,16,16,8,16,14,0,True
j0-56,209,34671672234352364,9,278,278,278,16,16,8,8,14,0,True
j0-56,209,34671672234352364,27,278,294,278,16,16,8,9,14,0,True
j0-56,209,34671672234352364,81,278,278,278,16,16,8,8,14,0,True
j0-56,210,40373496920430168,3,268,348,268,15,15,8,13,13,0,True
j0-56,210,40373496920430168,9,268,268,268,15,15,8,8,13,0,True
j0-56,210,40373496920430168,27,268,284,268,15,15,8,9,13,0,True
j0-56,210,40373496920430168,81,268,268,268,15,15,8,8,13,0,True
j0-56,211,14423522179108612,3,278,390,278,16,16,8,15,14,0,True
j0-56,211,14423522179108612,9,278,294,278,16,16,8,9,14,0,True
j0-56,211,14423522179108612,27,278,272,272,16,17,8,7,14,0,True
j0-56,211,14423522179108612,81,278,342,278,16,16,8,12,14,0,True
j0-56,212,2935089789802714,3,288,390,288,17,16,8,15,14,0,True
j0-56,212,2935089789802714,9,288,294,288,17,16,8,9,14,0,True
j0-56,212,2935089789802714,27,288,304,288,17,17,8,9,14,0,True
j0-56,212,2935089789802714,81,288,294,288,17,16,8,9,14,0,True
j0-56,213,23693032385715504,3,278,364,278,16,15,8,14,14,0,True
j0-56,213,23693032385715504,9,278,294,278,16,16,8,9,14,0,True
j0-56,213,23693032385715504,27,278,262,262,16,16,8,7,14,0,True
j0-56,213,23693032385715504,81,278,310,278,16,16,8,10,14,0,True
j0-56,214,28813105365896919,3,246,348,246,16,15,6,13,13,0,True
j0-56,214,28813105365896919,9,246,268,246,16,15,6,8,13,0,True
j0-56,214,28813105365896919,27,246,278,246,16,16,6,8,13,0,True
j0-56,214,28813105365896919,81,246,278,246,16,16,6,8,13,0,True
j0-56,215,2923940182174376,3,268,364,268,15,15,8,14,13,0,True
j0-56,215,2923940182174376,9,268,268,268,15,15,8,8,13,0,True
j0-56,215,2923940182174376,27,268,284,268,15,15,8,9,13,0,True
j0-56,215,2923940182174376,81,268,288,268,15,17,8,8,13,0,True
j0-56,216,8044432691537962,3,278,358,278,16,16,8,13,14,0,True
j0-56,216,8044432691537962,9,278,278,278,16,16,8,8,14,0,True
j0-56,216,8044432691537962,27,278,278,278,16,16,8,8,14,0,True
j0-56,216,8044432691537962,81,278,294,278,16,16,8,9,14,0,True
j0-56,217,53013820878308157,3,304,390,304,17,16,9,15,14,0,True
j0-56,217,53013820878308157,9,304,320,304,17,17,9,10,14,0,True
j0-56,217,53013820878308157,27,304,278,278,17,16,9,8,14,0,True
j0-56,217,53013820878308157,81,304,310,304,17,16,9,10,14,0,True
j0-56,218,31780868662189722,3,242,306,242,14,14,7,11,11,0,True
j0-56,218,31780868662189722,9,242,258,242,14,14,7,8,11,0,True
j0-56,218,31780868662189722,27,242,232,232,14,13,7,7,11,0,True
j0-56,218,31780868662189722,81,242,242,242,14,14,7,7,11,0,True
j0-56,219,20734219131844507,3,278,358,278,16,16,8,13,14,0,True
j0-56,219,20734219131844507,9,278,294,278,16,16,8,9,14,0,True
j0-56,219,20734219131844507,27,278,282,278,16,18,8,7,14,0,True
j0-56,219,20734219131844507,81,278,310,278,16,16,8,10,14,0,True
j0-56,220,39139327972457631,3,294,406,294,16,16,9,16,14,0,True
j0-56,220,39139327972457631,9,294,268,268,16,15,9,8,14,0,True
j0-56,220,39139327972457631,27,294,304,294,16,17,9,9,14,0,True
j0-56,220,39139327972457631,81,294,326,294,16,16,9,11,14,0,True
j0-56,221,25536540281113814,3,278,358,278,16,16,8,13,14,0,True
j0-56,221,25536540281113814,9,278,294,278,16,16,8,9,14,0,True
j0-56,221,25536540281113814,27,278,310,278,16,16,8,10,14,0,True
j0-56,221,25536540281113814,81,278,294,278,16,16,8,9,14,0,True
j0-56,222,32681269639306067,3,278,406,278,16,16,8,16,14,0,True
j0-56,222,32681269639306067,9,278,278,278,16,16,8,8,14,0,True
j0-56,222,32681269639306067,27,278,262,262,16,16,8,7,14,0,True
j0-56,222,32681269639306067,81,278,342,278,16,16,8,12,14,0,True
j0-56,223,36419452196528197,3,268,348,268,15,15,8,13,12,0,True
j0-56,223,36419452196528197,9,268,268,268,15,15,8,8,12,0,True
j0-56,223,36419452196528197,27,268,252,252,15,15,8,7,12,0,True
j0-56,223,36419452196528197,81,268,316,268,15,15,8,11,12,0,True
j0-56,224,41169976182333038,3,288,374,288,17,16,8,14,14,0,True
j0-56,224,41169976182333038,9,288,288,288,17,17,8,8,14,0,True
j0-56,224,41169976182333038,27,288,304,288,17,17,8,9,14,0,True
j0-56,224,41169976182333038,81,288,352,288,17,17,8,12,14,0,True
j0-56,225,19041800751332046,3,294,374,294,16,16,9,14,13,0,True
j0-56,225,19041800751332046,9,294,294,294,16,16,9,9,13,0,True
j0-56,225,19041800751332046,27,294,294,294,16,16,9,9,13,0,True
j0-56,225,19041800751332046,81,294,278,278,16,16,9,8,13,0,True
j0-56,226,37652473607793379,3,278,358,278,16,16,8,13,14,0,True
j0-56,226,37652473607793379,9,278,278,278,16,16,8,8,14,0,True
j0-56,226,37652473607793379,27,278,294,278,16,16,8,9,14,0,True
j0-56,226,37652473607793379,81,278,294,278,16,16,8,9,14,0,True
j0-56,227,39325957581298395,3,278,374,278,16,16,8,14,14,0,True
j0-56,227,39325957581298395,9,278,294,278,16,16,8,9,14,0,True
j0-56,227,39325957581298395,27,278,294,278,16,16,8,9,14,0,True
j0-56,227,39325957581298395,81,278,262,262,16,16,8,7,14,1,True
j0-56,228,3795199607796424,3,288,374,288,17,16,8,14,14,0,True
j0-56,228,3795199607796424,9,288,294,288,17,16,8,9,14,0,True
j0-56,228,3795199607796424,27,288,272,272,17,17,8,7,14,0,True
j0-56,228,3795199607796424,81,288,294,288,17,16,8,9,14,0,True
j0-56,229,26435579481601534,3,278,380,278,16,15,8,15,14,0,True
j0-56,229,26435579481601534,9,278,268,268,16,15,8,8,14,0,True
j0-56,229,26435579481601534,27,278,278,278,16,16,8,8,14,0,True
j0-56,229,26435579481601534,81,278,368,278,16,17,8,13,14,0,True
j0-56,230,39862841282722459,3,288,406,288,17,16,8,16,14,0,True
j0-56,230,39862841282722459,9,288,288,288,17,17,8,8,14,0,True
j0-56,230,39862841282722459,27,288,294,288,17,16,8,9,14,0,True
j0-56,230,39862841282722459,81,288,326,288,17,16,8,11,14,0,True
j0-56,231,16702221362109029,3,262,358,262,16,16,7,13,13,0,True
j0-56,231,16702221362109029,9,262,278,262,16,16,7,8,13,0,True
j0-56,231,16702221362109029,27,262,262,262,16,16,7,7,13,0,True
j0-56,231,16702221362109029,81,262,262,262,16,16,7,7,13,0,True
j0-56,232,37441286974422631,3,278,406,278,16,16,8,16,14,0,True
j0-56,232,37441286974422631,9,278,294,278,16,16,8,9,14,0,True
j0-56,232,37441286974422631,27,278,310,278,16,16,8,10,14,0,True
j0-56,232,37441286974422631,81,278,390,278,16,16,8,15,14,0,True
j0-56,233,49101454573865131,3,268,364,268,15,15,8,14,13,0,True
j0-56,233,49101454573865131,9,268,284,268,15,15,8,9,13,0,True
j0-56,233,49101454573865131,27,268,284,268,15,15,8,9,13,0,True
j0-56,233,49101454573865131,81,268,310,268,15,16,8,10,13,0,True
j0-56,234,43450524229083669,3,278,364,278,16,15,8,14,14,0,True
j0-56,234,43450524229083669,9,278,284,278,16,15,8,9,14,0,True
j0-56,234,43450524229083669,27,278,342,278,16,16,8,12,14,0,True
j0-56,234,43450524229083669,81,278,332,278,16,15,8,12,14,0,True
j0-56,235,15271481276624891,3,294,300,294,16,15,9,10,13,0,True
j0-56,235,15271481276624891,9,294,294,294,16,16,9,9,13,0,True
j0-56,235,15271481276624891,27,294,284,284,16,15,9,9,13,0,True
j0-56,235,15271481276624891,81,294,268,268,16,15,9,8,13,0,True
j0-56,236,24101564368643742,3,262,374,262,16,16,7,14,14,0,True
j0-56,236,24101564368643742,9,262,278,262,16,16,7,8,14,0,True
j0-56,236,24101564368643742,27,262,262,262,16,16,7,7,14,0,True
j0-56,236,24101564368643742,81,262,294,262,16,16,7,9,14,0,True
j0-56,237,3198568409180593,3,278,390,278,16,16,8,15,14,0,True
j0-56,237,3198568409180593,9,278,294,278,16,16,8,9,14,0,True
j0-56,237,3198568409180593,27,278,294,278,16,16,8,9,14,0,True
j0-56,237,3198568409180593,81,278,342,278,16,16,8,12,14,0,True
j0-56,238,21305379334198817,3,294,390,294,16,16,9,15,14,0,True
j0-56,238,21305379334198817,9,294,294,294,16,16,9,9,14,0,True
j0-56,238,21305379334198817,27,294,294,294,16,16,9,9,14,0,True
j0-56,238,21305379334198817,81,294,262,262,16,16,9,7,14,0,True
j0-56,239,34544091908030117,3,268,380,268,15,15,8,15,13,0,True
j0-56,239,34544091908030117,9,268,268,268,15,15,8,8,13,0,True
j0-56,239,34544091908030117,27,268,320,268,15,17,8,10,13,0,True
j0-56,239,34544091908030117,81,268,320,268,15,17,8,10,13,0,True
j0-56,240,49562688839198371,3,252,364,252,15,15,7,14,13,0,True
j0-56,240,49562688839198371,9,252,252,252,15,15,7,7,13,0,True
j0-56,240,49562688839198371,27,252,268,252,15,15,7,8,13,0,True
j0-56,240,49562688839198371,81,252,268,252,15,15,7,8,13,0,True
j0-56,241,13341142573045411,3,262,342,262,16,16,7,12,14,0,True
j0-56,241,13341142573045411,9,262,278,262,16,16,7,8,14,0,True
j0-56,241,13341142573045411,27,262,278,262,16,16,7,8,14,0,True
j0-56,241,13341142573045411,81,262,278,262,16,16,7,8,14,0,True
j0-56,242,36949787020800701,3,262,390,262,16,16,7,15,14,0,True
j0-56,242,36949787020800701,9,262,294,262,16,16,7,9,14,0,True
j0-56,242,36949787020800701,27,262,278,262,16,16,7,8,14,0,True
j0-56,242,36949787020800701,81,262,326,262,16,16,7,11,14,0,True
j0-56,243,18783178402817031,3,278,406,278,16,16,8,16,14,0,True
j0-56,243,18783178402817031,9,278,294,278,16,16,8,9,14,0,True
j0-56,243,18783178402817031,27,278,342,278,16,16,8,12,14,0,True
j0-56,243,18783178402817031,81,278,294,278,16,16,8,9,14,1,True
j0-56,244,52527789132125298,3,268,348,268,15,15,8,13,13,0,True
j0-56,244,52527789132125298,9,268,268,268,15,15,8,8,13,0,True
j0-56,244,52527789132125298,27,268,268,268,15,15,8,8,13,0,True
j0-56,244,52527789132125298,81,268,252,252,15,15,8,7,13,0,True
j0-56,245,12170212223149869,3,278,332,278,16,15,8,12,13,0,True
j0-56,245,12170212223149869,9,278,294,278,16,16,8,9,13,0,True
j0-56,245,12170212223149869,27,278,278,278,16,16,8,8,13,0,True
j0-56,245,12170212223149869,81,278,300,278,16,15,8,10,13,0,True
j0-56,246,52650824960873336,3,294,374,294,16,16,9,14,14,0,True
j0-56,246,52650824960873336,9,294,294,294,16,16,9,9,14,0,True
j0-56,246,52650824960873336,27,294,278,278,16,16,9,8,14,0,True
j0-56,246,52650824960873336,81,294,358,294,16,16,9,13,14,0,True
j0-56,247,14068076703538501,3,268,316,268,15,15,8,11,13,0,True
j0-56,247,14068076703538501,9,268,268,268,15,15,8,8,13,0,True
j0-56,247,14068076703538501,27,268,262,262,15,16,8,7,13,0,True
j0-56,247,14068076703538501,81,268,268,268,15,15,8,8,13,0,True
j0-56,248,37141700706960248,3,278,380,278,16,15,8,15,13,0,True
j0-56,248,37141700706960248,9,278,284,278,16,15,8,9,13,0,True
j0-56,248,37141700706960248,27,278,294,278,16,16,8,9,13,0,True
j0-56,248,37141700706960248,81,278,364,278,16,15,8,14,13,0,True
j0-56,249,21134464366103609,3,278,390,278,16,16,8,15,13,0,True
j0-56,249,21134464366103609,9,278,294,278,16,16,8,9,13,0,True
j0-56,249,21134464366103609,27,278,310,278,16,16,8,10,13,0,True
j0-56,249,21134464366103609,81,278,294,278,16,16,8,9,13,0,True
j0-56,250,42768741827772701,3,278,364,278,16,15,8,14,13,0,True
j0-56,250,42768741827772701,9,278,294,278,16,16,8,9,13,0,True
j0-56,250,42768741827772701,27,278,278,278,16,16,8,8,13,0,True
j0-56,250,42768741827772701,81,278,316,278,16,15,8,11,13,0,True
j0-56,251,39430831771456550,3,262,374,262,16,16,7,14,14,0,True
j0-56,251,39430831771456550,9,262,294,262,16,16,7,9,14,0,True
j0-56,251,39430831771456550,27,262,262,262,16,16,7,7,14,0,True
j0-56,251,39430831771456550,81,262,326,262,16,16,7,11,14,0,True
j0-56,252,25033301741904387,3,252,364,252,15,15,7,14,13,0,True
j0-56,252,25033301741904387,9,252,252,252,15,15,7,7,13,0,True
j0-56,252,25033301741904387,27,252,246,246,15,16,7,6,13,0,True
j0-56,252,25033301741904387,81,252,294,252,15,16,7,9,13,0,True
j0-56,253,50719178382527052,3,262,358,262,16,16,7,13,14,0,True
j0-56,253,50719178382527052,9,262,294,262,16,16,7,9,14,0,True
j0-56,253,50719178382527052,27,262,288,262,16,17,7,8,14,0,True
j0-56,253,50719178382527052,81,262,278,262,16,16,7,8,14,0,True
j0-56,254,29078193774643801,3,268,364,268,15,15,8,14,12,0,True
j0-56,254,29078193774643801,9,268,268,268,15,15,8,8,12,0,True
j0-56,254,29078193774643801,27,268,262,262,15,16,8,7,12,0,True
j0-56,254,29078193774643801,81,268,310,268,15,16,8,10,12,0,True
j0-56,255,2754956326882378,3,278,374,278,16,16,8,14,13,0,True
j0-56,255,2754956326882378,9,278,278,278,16,16,8,8,13,0,True
j0-56,255,2754956326882378,27,278,284,278,16,15,8,9,13,0,True
j0-56,255,2754956326882378,81,278,236,236,16,15,8,6,13,0,True
j0-56,256,9278932869219573,3,252,316,252,15,15,7,11,13,0,True
j0-56,256,9278932869219573,9,252,236,236,15,15,7,6,13,0,True
j0-56,256,9278932869219573,27,252,236,236,15,15,7,6,13,0,True
j0-56,256,9278932869219573,81,252,268,252,15,15,7,8,13,0,True
j0-56,257,42280023750745335,3,252,380,252,15,15,7,15,13,0,True
j0-56,257,42280023750745335,9,252,258,252,15,14,7,8,13,0,True
j0-56,257,42280023750745335,27,252,278,252,15,16,7,8,13,0,True
j0-56,257,42280023750745335,81,252,278,252,15,16,7,8,13,0,True
j0-56,258,15693107538860999,3,268,348,268,15,15,8,13,13,0,True
j0-56,258,15693107538860999,9,268,268,268,15,15,8,8,13,0,True
j0-56,258,15693107538860999,27,268,268,268,15,15,8,8,13,0,True
j0-56,258,15693107538860999,81,268,284,268,15,15,8,9,13,0,True
j0-56,259,20773195543068900,3,268,322,268,15,14,8,12,12,0,True
j0-56,259,20773195543068900,9,268,258,258,15,14,8,8,12,0,True
j0-56,259,20773195543068900,27,268,284,268,15,15,8,9,12,0,True
j0-56,259,20773195543068900,81,268,258,258,15,14,8,8,12,0,True
j0-56,260,47813522507442022,3,278,374,278,16,16,8,14,14,0,True
j0-56,260,47813522507442022,9,278,278,278,16,16,8,8,14,0,True
j0-56,260,47813522507442022,27,278,246,246,16,16,8,6,14,0,True
j0-56,260,47813522507442022,81,278,284,278,16,15,8,9,14,0,True
j0-56,261,41274285190456879,3,278,348,278,16,15,8,13,14,0,True
j0-56,261,41274285190456879,9,278,278,278,16,16,8,8,14,0,True
j0-56,261,41274285190456879,27,278,236,236,16,15,8,6,14,0,True
j0-56,261,41274285190456879,81,278,278,278,16,16,8,8,14,0,True
j0-56,262,14821096958892311,3,278,390,278,16,16,8,15,14,0,True
j0-56,262,14821096958892311,9,278,310,278,16,16,8,10,14,0,True
j0-56,262,14821096958892311,27,278,278,278,16,16,8,8,14,0,True
j0-56,262,14821096958892311,81,278,278,278,16,16,8,8,14,0,True
j0-56,263,51845410459424113,3,252,332,252,15,15,7,12,13,0,True
j0-56,263,51845410459424113,9,252,284,252,15,15,7,9,13,0,True
j0-56,263,51845410459424113,27,252,268,252,15,15,7,8,13,0,True
j0-56,263,51845410459424113,81,252,310,252,15,16,7,10,14,0,True
j0-56,264,2450644323773332,3,294,348,294,16,15,9,13,13,0,True
j0-56,264,2450644323773332,9,294,294,294,16,16,9,9,13,0,True
j0-56,264,2450644323773332,27,294,284,284,16,15,9,9,13,0,True
j0-56,264,2450644323773332,81,294,268,268,16,15,9,8,13,0,True
j0-56,265,16729981867462339,3,278,406,278,16,16,8,16,14,0,True
j0-56,265,16729981867462339,9,278,278,278,16,16,8,8,14,0,True
j0-56,265,16729981867462339,27,278,278,278,16,16,8,8,14,0,True
j0-56,265,16729981867462339,81,278,358,278,16,16,8,13,14,0,True
j0-56,266,27639310593416759,3,258,290,258,14,14,8,10,11,0,True
j0-56,266,27639310593416759,9,258,258,258,14,14,8,8,11,0,True
j0-56,266,27639310593416759,27,258,274,258,14,14,8,9,11,0,True
j0-56,266,27639310593416759,81,258,258,258,14,14,8,8,11,0,True
j0-56,267,19085159249605998,3,278,364,278,16,15,8,14,14,0,True
j0-56,267,19085159249605998,9,278,278,278,16,16,8,8,14,0,True
j0-56,267,19085159249605998,27,278,310,278,16,16,8,10,14,0,True
j0-56,267,19085159249605998,81,278,342,278,16,16,8,12,14,0,True
j0-56,268,41837637324091770,3,262,390,262,16,16,7,15,13,0,True
j0-56,268,41837637324091770,9,262,252,252,16,15,7,7,13,0,True
j0-56,268,41837637324091770,27,262,278,262,16,16,7,8,13,0,True
j0-56,268,41837637324091770,81,262,284,262,16,15,7,9,13,0,True
j0-56,269,53317175751304376,3,262,348,262,16,15,7,13,14,0,True
j0-56,269,53317175751304376,9,262,278,262,16,16,7,8,14,0,True
j0-56,269,53317175751304376,27,262,252,252,16,15,7,7,14,0,True
j0-56,269,53317175751304376,81,262,252,252,16,15,7,7,14,0,True
j0-56,270,6385456723123380,3,268,348,268,15,15,8,13,13,0,True
j0-56,270,6385456723123380,9,268,268,268,15,15,8,8,13,0,True
j0-56,270,6385456723123380,27,268,268,268,15,15,8,8,13,0,True
j0-56,270,6385456723123380,81,268,268,268,15,15,8,8,13,0,True
j0-56,271,26725439002067093,3,242,338,242,14,14,7,13,13,0,True
j0-56,271,26725439002067093,9,242,268,242,14,15,7,8,13,0,True
j0-56,271,26725439002067093,27,242,258,242,14,14,7,8,13,0,True
j0-56,271,26725439002067093,81,242,274,242,14,14,7,9,13,0,True
j0-56,272,45106087843954389,3,278,374,278,16,16,8,14,14,0,True
j0-56,272,45106087843954389,9,278,294,278,16,16,8,9,14,0,True
j0-56,272,45106087843954389,27,278,310,278,16,16,8,10,14,0,True
j0-56,272,45106087843954389,81,278,310,278,16,16,8,10,14,0,True
j0-56,273,4392171150471870,3,252,316,252,15,15,7,11,13,0,True
j0-56,273,4392171150471870,9,252,252,252,15,15,7,7,13,0,True
j0-56,273,4392171150471870,27,252,236,236,15,15,7,6,13,0,True
j0-56,273,4392171150471870,81,252,300,252,15,15,7,10,13,0,True
j0-56,274,16850694280784242,3,242,312,242,14,13,7,12,11,0,True
j0-56,274,16850694280784242,9,242,258,242,14,14,7,8,11,0,True
j0-56,274,16850694280784242,27,242,258,242,14,14,7,8,11,0,True
j0-56,274,16850694280784242,81,242,264,242,14,13,7,9,11,0,True
j0-56,275,45702056893551526,3,278,406,278,16,16,8,16,14,0,True
j0-56,275,45702056893551526,9,278,294,278,16,16,8,9,14,0,True
j0-56,275,45702056893551526,27,278,278,278,16,16,8,8,14,0,True
j0-56,275,45702056893551526,81,278,278,278,16,16,8,8,14,0,True
j0-56,276,10184430689215565,3,278,374,278,16,16,8,14,14,0,True
j0-56,276,10184430689215565,9,278,252,252,16,15,8,7,14,0,True
j0-56,276,10184430689215565,27,278,252,252,16,15,8,7,14,0,True
j0-56,276,10184430689215565,81,278,268,268,16,15,8,8,14,0,True
j0-56,277,429759113085949,3,278,374,278,16,16,8,14,14,0,True
j0-56,277,429759113085949,9,278,278,278,16,16,8,8,14,0,True
j0-56,277,429759113085949,27,278,304,278,16,17,8,9,14,0,True
j0-56,277,429759113085949,81,278,326,278,16,16,8,11,14,0,True
j0-56,278,8226055944221613,3,288,380,288,17,15,8,15,14,0,True
j0-56,278,8226055944221613,9,288,294,288,17,16,8,9,14,0,True
j0-56,278,8226055944221613,27,288,252,252,17,15,8,7,14,0,True
j0-56,278,8226055944221613,81,288,374,288,17,16,8,14,14,0,True
j0-56,279,12206765814937791,3,278,390,278,16,16,8,15,14,0,True
j0-56,279,12206765814937791,9,278,294,278,16,16,8,9,14,0,True
j0-56,279,12206765814937791,27,278,278,278,16,16,8,8,14,0,True
j0-56,279,12206765814937791,81,278,342,278,16,16,8,12,14,0,True
j0-56,280,14663927512775907,3,262,390,262,16,16,7,15,14,0,True
j0-56,280,14663927512775907,9,262,278,262,16,16,7,8,14,0,True
j0-56,280,14663927512775907,27,262,262,262,16,16,7,7,14,0,True
j0-56,280,14663927512775907,81,262,294,262,16,16,7,9,14,0,True
j0-56,281,52030557536089425,3,278,374,278,16,16,8,14,14,0,True
j0-56,281,52030557536089425,9,278,294,278,16,16,8,9,14,0,True
j0-56,281,52030557536089425,27,278,298,278,16,18,8,8,14,0,True
j0-56,281,52030557536089425,81,278,294,278,16,16,8,9,14,0,True
j0-56,282,18590607016168283,3,278,406,278,16,16,8,16,14,0,True
j0-56,282,18590607016168283,9,278,320,278,16,17,8,10,14,0,True
j0-56,282,18590607016168283,27,278,310,278,16,16,8,10,14,0,True
j0-56,282,18590607016168283,81,278,326,278,16,16,8,11,14,0,True
j0-56,283,17858531837344763,3,252,364,252,15,15,7,14,13,0,True
j0-56,283,17858531837344763,9,252,268,252,15,15,7,8,13,0,True
j0-56,283,17858531837344763,27,252,278,252,15,16,7,8,13,0,True
j0-56,283,17858531837344763,81,252,332,252,15,15,7,12,13,0,True
j0-56,284,29386234509914258,3,268,364,268,15,15,8,14,13,0,True
j0-56,284,29386234509914258,9,268,268,268,15,15,8,8,13,0,True
j0-56,284,29386234509914258,27,268,278,268,15,16,8,8,13,0,True
j0-56,284,29386234509914258,81,268,268,268,15,15,8,8,13,0,True
j0-56,285,32558891263087498,3,278,390,278,16,16,8,15,14,0,True
j0-56,285,32558891263087498,9,278,294,278,16,16,8,9,14,0,True
j0-56,285,32558891263087498,27,278,342,278,16,16,8,12,14,0,True
j0-56,285,32558891263087498,81,278,374,278,16,16,8,14,14,0,True
j0-56,286,40330467287809921,3,288,390,288,17,16,8,15,14,0,True
j0-56,286,40330467287809921,9,288,278,278,17,16,8,8,14,0,True
j0-56,286,40330467287809921,27,288,236,236,17,15,8,6,14,0,True
j0-56,286,40330467287809921,81,288,300,288,17,15,8,10,14,0,True
j0-56,287,34292672192492488,3,278,390,278,16,16,8,15,14,0,True
j0-56,287,34292672192492488,9,278,294,278,16,16,8,9,14,0,True
j0-56,287,34292672192492488,27,278,262,262,16,16,8,7,14,0,True
j0-56,287,34292672192492488,81,278,294,278,16,16,8,9,14,0,True
j0-56,288,31382896079114753,3,262,342,262,16,16,7,12,13,0,True
j0-56,288,31382896079114753,9,262,262,262,16,16,7,7,13,0,True
j0-56,288,31382896079114753,27,262,262,262,16,16,7,7,13,0,True
j0-56,288,31382896079114753,81,262,310,262,16,16,7,10,13,0,True
j0-56,289,35471798131957859,3,242,312,242,14,13,7,12,11,0,True
j0-56,289,35471798131957859,9,242,216,216,14,13,7,6,11,0,True
j0-56,289,35471798131957859,27,242,216,216,14,13,7,6,11,0,True
j0-56,289,35471798131957859,81,242,258,242,14,14,7,8,11,0,True
j0-56,290,46876470349513599,3,278,374,278,16,16,8,14,14,0,True
j0-56,290,46876470349513599,9,278,294,278,16,16,8,9,14,0,True
j0-56,290,46876470349513599,27,278,310,278,16,16,8,10,14,0,True
j0-56,290,46876470349513599,81,278,394,278,16,18,8,14,14,0,True
j0-56,291,2462295080211105,3,278,348,278,16,15,8,13,12,0,True
j0-56,291,2462295080211105,9,278,278,278,16,16,8,8,14,0,True
j0-56,291,2462295080211105,27,278,310,278,16,16,8,10,13,0,True
j0-56,291,2462295080211105,81,278,316,278,16,15,8,11,12,0,True
j0-56,292,26602728740185696,3,278,358,278,16,16,8,13,14,0,True
j0-56,292,26602728740185696,9,278,294,278,16,16,8,9,14,0,True
j0-56,292,26602728740185696,27,278,298,278,16,18,8,8,14,0,True
j0-56,292,26602728740185696,81,278,326,278,16,16,8,11,14,0,True
j0-56,293,5068043597535343,3,268,348,268,15,15,8,13,13,0,True
j0-56,293,5068043597535343,9,268,268,268,15,15,8,8,13,0,True
j0-56,293,5068043597535343,27,268,284,268,15,15,8,9,13,0,True
j0-56,293,5068043597535343,81,268,284,268,15,15,8,9,13,0,True
j0-56,294,38148895315384876,3,288,406,288,17,16,8,16,14,0,True
j0-56,294,38148895315384876,9,288,278,278,17,16,8,8,14,0,True
j0-56,294,38148895315384876,27,288,278,278,17,16,8,8,14,0,True
j0-56,294,38148895315384876,81,288,326,288,17,16,8,11,14,0,True
j0-56,295,41436452353044290,3,262,358,262,16,16,7,13,14,0,True
j0-56,295,41436452353044290,9,262,278,262,16,16,7,8,14,0,True
j0-56,295,41436452353044290,27,262,262,262,16,16,7,7,14,0,True
j0-56,295,41436452353044290,81,262,262,262,16,16,7,7,14,0,True
j0-56,296,7428704660914444,3,252,332,252,15,15,7,12,14,0,True
j0-56,296,7428704660914444,9,252,268,252,15,15,7,8,14,0,True
j0-56,296,7428704660914444,27,252,304,252,15,17,7,9,14,0,True
j0-56,296,7428704660914444,81,252,316,252,15,15,7,11,14,0,True
j0-56,297,18782940086700396,3,304,390,304,17,16,9,15,14,0,True
j0-56,297,18782940086700396,9,304,320,304,17,17,9,10,14,0,True
j0-56,297,18782940086700396,27,304,288,288,17,17,9,8,14,0,True
j0-56,297,18782940086700396,81,304,342,304,17,16,9,12,14,0,True
j0-56,298,26625596258252214,3,262,364,262,16,15,7,14,13,0,True
j0-56,298,26625596258252214,9,262,284,262,16,15,7,9,13,0,True
j0-56,298,26625596258252214,27,262,278,262,16,16,7,8,13,0,True
j0-56,298,26625596258252214,81,262,278,262,16,16,7,8,13,0,True
j0-56,299,26120639012867127,3,278,358,278,16,16,8,13,13,0,True
j0-56,299,26120639012867127,9,278,284,278,16,15,8,9,13,0,True
j0-56,299,26120639012867127,27,278,284,278,16,15,8,9,13,0,True
j0-56,299,26120639012867127,81,278,316,278,16,15,8,11,13,0,True
j0-56,300,17463889679516722,3,304,384,304,17,17,9,14,15,0,True
j0-56,300,17463889679516722,9,304,304,304,17,17,9,9,15,0,True
j0-56,300,17463889679516722,27,304,304,304,17,17,9,9,14,0,True
j0-56,300,17463889679516722,81,304,336,304,17,17,9,11,15,0,True
j0-56,301,32473775723765675,3,288,390,288,17,16,8,15,14,0,True
j0-56,301,32473775723765675,9,288,278,278,17,16,8,8,14,0,True
j0-56,301,32473775723765675,27,288,310,288,17,16,8,10,14,0,True
j0-56,301,32473775723765675,81,288,342,288,17,16,8,12,14,0,True
j0-56,302,6298894649623137,3,278,374,278,16,16,8,14,14,0,True
j0-56,302,6298894649623137,9,278,294,278,16,16,8,9,14,0,True
j0-56,302,6298894649623137,27,278,278,278,16,16,8,8,14,0,True
j0-56,302,6298894649623137,81,278,358,278,16,16,8,13,14,0,True
j0-56,303,53317264302817871,3,262,374,262,16,16,7,14,14,0,True
j0-56,303,53317264302817871,9,262,278,262,16,16,7,8,14,0,True
j0-56,303,53317264302817871,27,262,236,236,16,15,7,6,14,0,True
j0-56,303,53317264302817871,81,262,316,262,16,15,7,11,14,0,True
j0-56,304,23375461281891820,3,304,390,304,17,16,9,15,14,0,True
j0-56,304,23375461281891820,9,304,320,304,17,17,9,10,14,0,True
j0-56,304,23375461281891820,27,304,310,304,17,16,9,10,14,0,True
j0-56,304,23375461281891820,81,304,352,304,17,17,9,12,14,0,True
j0-56,305,14498012514893859,3,268,332,268,15,15,8,12,13,0,True
j0-56,305,14498012514893859,9,268,294,268,15,16,8,9,13,0,True
j0-56,305,14498012514893859,27,268,262,262,15,16,8,7,13,0,True
j0-56,305,14498012514893859,81,268,278,268,15,16,8,8,13,0,True
j0-56,306,27520345115671667,3,294,374,294,16,16,9,14,14,0,True
j0-56,306,27520345115671667,9,294,268,268,16,15,9,8,14,0,True
j0-56,306,27520345115671667,27,294,272,272,16,17,9,7,14,0,True
j0-56,306,27520345115671667,81,294,342,294,16,16,9,12,14,0,True
j0-56,307,25045017541093243,3,252,322,252,15,14,7,12,13,0,True
j0-56,307,25045017541093243,9,252,242,242,15,14,7,7,13,0,True
j0-56,307,25045017541093243,27,252,236,236,15,15,7,6,13,0,True
j0-56,307,25045017541093243,81,252,268,252,15,15,7,8,13,0,True
j0-56,308,39315591337261423,3,304,390,304,17,16,9,15,14,0,True
j0-56,308,39315591337261423,9,304,294,294,17,16,9,9,14,0,True
j0-56,308,39315591337261423,27,304,284,284,17,15,9,9,14,0,True
j0-56,308,39315591337261423,81,304,358,304,17,16,9,13,14,0,True
j0-56,309,15123217579768586,3,262,316,262,16,15,7,11,13,0,True
j0-56,309,15123217579768586,9,262,278,262,16,16,7,8,13,0,True
j0-56,309,15123217579768586,27,262,252,252,16,15,7,7,13,0,True
j0-56,309,15123217579768586,81,262,252,252,16,15,7,7,13,0,True
j0-56,310,24574012473857776,3,288,364,288,17,15,8,14,14,0,True
j0-56,310,24574012473857776,9,288,284,284,17,15,8,9,14,0,True
j0-56,310,24574012473857776,27,288,278,278,17,16,8,8,14,0,True
j0-56,310,24574012473857776,81,288,284,284,17,15,8,9,14,0,True
j0-56,311,45381281470602887,3,262,326,262,16,16,7,11,14,0,True
j0-56,311,45381281470602887,9,262,278,262,16,16,7,8,14,0,True
j0-56,311,45381281470602887,27,262,278,262,16,16,7,8,14,0,True
j0-56,311,45381281470602887,81,262,294,262,16,16,7,9,14,0,True
j0-56,312,9717070586984878,3,278,374,278,16,16,8,14,14,0,True
j0-56,312,9717070586984878,9,278,278,278,16,16,8,8,14,0,True
j0-56,312,9717070586984878,27,278,320,278,16,17,8,10,14,0,True
j0-56,312,9717070586984878,81,278,358,278,16,16,8,13,14,0,True
j0-56,313,38904970199321654,3,252,364,252,15,15,7,14,13,0,True
j0-56,313,38904970199321654,9,252,268,252,15,15,7,8,13,0,True
j0-56,313,38904970199321654,27,252,316,252,15,15,7,11,13,0,True
j0-56,313,38904970199321654,81,252,316,252,15,15,7,11,13,0,True
j0-56,314,2297075761758359,3,278,406,278,16,16,8,16,14,0,True
j0-56,314,2297075761758359,9,278,278,278,16,16,8,8,14,0,True
j0-56,314,2297075761758359,27,278,294,278,16,16,8,9,14,0,True
j0-56,314,2297075761758359,81,278,294,278,16,16,8,9,14,0,True
j0-56,315,48920196119039674,3,278,374,278,16,16,8,14,14,0,True
j0-56,315,48920196119039674,9,278,278,278,16,16,8,8,14,0,True
j0-56,315,48920196119039674,27,278,278,278,16,16,8,8,14,0,True
j0-56,315,48920196119039674,81,278,326,278,16,16,8,11,14,0,True
j0-56,316,36207820670066523,3,294,358,294,16,16,9,13,14,0,True
j0-56,316,36207820670066523,9,294,294,294,16,16,9,9,14,0,True
j0-56,316,36207820670066523,27,294,304,294,16,17,9,9,14,0,True
j0-56,316,36207820670066523,81,294,262,262,16,16,9,7,14,0,True
j0-56,317,41139326247205741,3,278,390,278,16,16,8,15,13,0,True
j0-56,317,41139326247205741,9,278,268,268,16,15,8,8,13,0,True
j0-56,317,41139326247205741,27,278,310,278,16,16,8,10,13,0,True
j0-56,317,41139326247205741,81,278,310,278,16,16,8,10,13,0,True
j0-56,318,21479204752598915,3,236,348,236,15,15,6,13,13,0,True
j0-56,318,21479204752598915,9,236,252,236,15,15,6,7,13,0,True
j0-56,318,21479204752598915,27,236,236,236,15,15,6,6,13,0,True
j0-56,318,21479204752598915,81,236,252,236,15,15,6,7,13,0,True
j0-56,319,8835012889707048,3,278,380,278,16,15,8,15,13,0,True
j0-56,319,8835012889707048,9,278,268,268,16,15,8,8,13,0,True
j0-56,319,8835012889707048,27,278,262,262,16,16,8,7,13,0,True
j0-56,319,8835012889707048,81,278,294,278,16,16,8,9,13,0,True
j0-56,320,14712852890719587,3,278,374,278,16,16,8,14,14,0,True
j0-56,320,14712852890719587,9,278,278,278,16,16,8,8,14,0,True
j0-56,320,14712852890719587,27,278,304,278,16,17,8,9,14,0,True
j0-56,320,14712852890719587,81,278,294,278,16,16,8,9,14,0,True
j0-56,321,86185443071386,3,278,358,278,16,16,8,13,14,0,True
j0-56,321,86185443071386,9,278,278,278,16,16,8,8,14,0,True
j0-56,321,86185443071386,27,278,246,246,16,16,8,6,14,0,True
j0-56,321,86185443071386,81,278,326,278,16,16,8,11,14,0,True
j0-56,322,24167023265864925,3,252,348,252,15,15,7,13,13,0,True
j0-56,322,24167023265864925,9,252,268,252,15,15,7,8,13,0,True
j0-56,322,24167023265864925,27,252,252,252,15,15,7,7,13,0,True
j0-56,322,24167023265864925,81,252,316,252,15,15,7,11,13,0,True
j0-56,323,36473513584337369,3,262,358,262,16,16,7,13,14,0,True
j0-56,323,36473513584337369,9,262,278,262,16,16,7,8,14,0,True
j0-56,323,36473513584337369,27,262,278,262,16,16,7,8,14,0,True
j0-56,323,36473513584337369,81,262,294,262,16,16,7,9,14,0,True
j0-56,324,15297038975676866,3,242,338,242,14,14,7,13,12,0,True
j0-56,324,15297038975676866,9,242,242,242,14,14,7,7,12,0,True
j0-56,324,15297038975676866,27,242,242,242,14,14,7,7,12,0,True
j0-56,324,15297038975676866,81,242,242,242,14,14,7,7,12,0,True
j0-56,325,40040061407249453,3,262,332,262,16,15,7,12,13,0,True
j0-56,325,40040061407249453,9,262,262,262,16,16,7,7,13,0,True
j0-56,325,40040061407249453,27,262,246,246,16,16,7,6,13,0,True
j0-56,325,40040061407249453,81,262,278,262,16,16,7,8,13,0,True
j0-56,326,347807371886749,3,278,374,278,16,16,8,14,13,0,True
j0-56,326,347807371886749,9,278,294,278,16,16,8,9,13,0,True
j0-56,326,347807371886749,27,278,278,278,16,16,8,8,13,0,True
j0-56,326,347807371886749,81,278,272,272,16,17,8,7,13,0,True
j0-56,327,42842524226979311,3,278,332,278,16,15,8,12,14,0,True
j0-56,327,42842524226979311,9,278,278,278,16,16,8,8,14,0,True
j0-56,327,42842524226979311,27,278,278,278,16,16,8,8,14,0,True
j0-56,327,42842524226979311,81,278,300,278,16,15,8,10,14,0,True
j0-56,328,41126568218661285,3,278,348,278,16,15,8,13,13,0,True
j0-56,328,41126568218661285,9,278,294,278,16,16,8,9,13,0,True
j0-56,328,41126568218661285,27,278,284,278,16,15,8,9,13,0,True
j0-56,328,41126568218661285,81,278,284,278,16,15,8,9,13,0,True
j0-56,329,15360830469091847,3,278,406,278,16,16,8,16,14,0,True
j0-56,329,15360830469091847,9,278,294,278,16,16,8,9,14,0,True
j0-56,329,15360830469091847,27,278,310,278,16,16,8,10,14,0,True
j0-56,329,15360830469091847,81,278,310,278,16,16,8,10,14,0,True
j0-56,330,5110164881205098,3,288,390,288,17,16,8,15,14,0,True
j0-56,330,5110164881205098,9,288,288,288,17,17,8,8,14,0,True
j0-56,330,5110164881205098,27,288,272,272,17,17,8,7,14,0,True
j0-56,330,5110164881205098,81,288,336,288,17,17,8,11,14,0,True
j0-56,331,21974578304543024,3,288,374,288,17,16,8,14,14,0,True
j0-56,331,21974578304543024,9,288,278,278,17,16,8,8,14,0,True
j0-56,331,21974578304543024,27,288,288,288,17,17,8,8,14,0,True
j0-56,331,21974578304543024,81,288,278,278,17,16,8,8,14,0,True
j0-56,332,12157546995472737,3,294,390,294,16,16,9,15,14,0,True
j0-56,332,12157546995472737,9,294,294,294,16,16,9,9,14,0,True
j0-56,332,12157546995472737,27,294,310,294,16,16,9,10,14,0,True
j0-56,332,12157546995472737,81,294,374,294,16,16,9,14,14,0,True
j0-56,333,2605090210560746,3,268,322,268,15,14,8,12,12,0,True
j0-56,333,2605090210560746,9,268,258,258,15,14,8,8,12,0,True
j0-56,333,2605090210560746,27,268,252,252,15,15,8,7,12,0,True
j0-56,333,2605090210560746,81,268,290,268,15,14,8,10,12,0,True
j0-56,334,7852774666283144,3,278,374,278,16,16,8,14,14,0,True
j0-56,334,7852774666283144,9,278,294,278,16,16,8,9,14,0,True
j0-56,334,7852774666283144,27,278,320,278,16,17,8,10,14,0,True
j0-56,334,7852774666283144,81,278,278,278,16,16,8,8,14,1,True
j0-56,335,49446165054826979,3,278,348,278,16,15,8,13,13,0,True
j0-56,335,49446165054826979,9,278,268,268,16,15,8,8,13,0,True
j0-56,335,49446165054826979,27,278,278,278,16,16,8,8,13,0,True
j0-56,335,49446165054826979,81,278,268,268,16,15,8,8,13,0,True
j0-56,336,37357024087710192,3,258,322,258,14,14,8,12,12,0,True
j0-56,336,37357024087710192,9,258,258,258,14,14,8,8,12,0,True
j0-56,336,37357024087710192,27,258,258,258,14,14,8,8,12,0,True
j0-56,336,37357024087710192,81,258,290,258,14,14,8,10,12,0,True
j0-56,337,33558662936565732,3,294,390,294,16,16,9,15,14,0,True
j0-56,337,33558662936565732,9,294,268,268,16,15,9,8,14,0,True
j0-56,337,33558662936565732,27,294,284,284,16,15,9,9,14,0,True
j0-56,337,33558662936565732,81,294,358,294,16,16,9,13,14,0,True
j0-56,338,53348452093874447,3,236,332,236,15,15,6,12,13,0,True
j0-56,338,53348452093874447,9,236,252,236,15,15,6,7,13,0,True
j0-56,338,53348452093874447,27,236,236,236,15,15,6,6,13,0,True
j0-56,338,53348452093874447,81,236,252,236,15,15,6,7,13,0,True
j0-56,339,14440280221898547,3,288,390,288,17,16,8,15,14,0,True
j0-56,339,14440280221898547,9,288,278,278,17,16,8,8,14,0,True
j0-56,339,14440280221898547,27,288,304,288,17,17,8,9,14,0,True
j0-56,339,14440280221898547,81,288,342,288,17,16,8,12,14,0,True
j0-56,340,4343633471766696,3,294,358,294,16,16,9,13,14,0,True
j0-56,340,4343633471766696,9,294,278,278,16,16,9,8,14,0,True
j0-56,340,4343633471766696,27,294,294,294,16,16,9,9,14,0,True
j0-56,340,4343633471766696,81,294,278,278,16,16,9,8,14,0,True
j0-56,341,2289485552836269,3,268,364,268,15,15,8,14,13,0,True
j0-56,341,2289485552836269,9,268,268,268,15,15,8,8,13,0,True
j0-56,341,2289485552836269,27,268,284,268,15,15,8,9,13,0,True
j0-56,341,2289485552836269,81,268,316,268,15,15,8,11,13,0,True
j0-56,342,43347043412485656,3,262,390,262,16,16,7,15,14,0,True
j0-56,342,43347043412485656,9,262,278,262,16,16,7,8,14,0,True
j0-56,342,43347043412485656,27,262,278,262,16,16,7,8,14,0,True
j0-56,342,43347043412485656,81,262,262,262,16,16,7,7,14,0,True
j0-56,343,23613237200534305,3,262,364,262,16,15,7,14,13,0,True
j0-56,343,23613237200534305,9,262,284,262,16,15,7,9,13,0,True
j0-56,343,23613237200534305,27,262,246,246,16,16,7,6,13,0,True
j0-56,343,23613237200534305,81,262,310,262,16,16,7,10,13,0,True
j0-56,344,20361510340467997,3,278,374,278,16,16,8,14,14,0,True
j0-56,344,20361510340467997,9,278,278,278,16,16,8,8,14,0,True
j0-56,344,20361510340467997,27,278,278,278,16,16,8,8,14,0,True
j0-56,344,20361510340467997,81,278,326,278,16,16,8,11,14,0,True
j0-56,345,22576046000801344,3,278,348,278,16,15,8,13,13,0,True
j0-56,345,22576046000801344,9,278,294,278,16,16,8,9,13,0,True
j0-56,345,22576046000801344,27,278,278,278,16,16,8,8,13,0,True
j0-56,345,22576046000801344,81,278,336,278,16,17,8,11,13,0,True
j0-56,346,2404545909424945,3,294,374,294,16,16,9,14,14,0,True
j0-56,346,2404545909424945,9,294,278,278,16,16,9,8,14,0,True
j0-56,346,2404545909424945,27,294,262,262,16,16,9,7,14,0,True
j0-56,346,2404545909424945,81,294,294,294,16,16,9,9,14,0,True
j0-56,347,3963092549462106,3,252,364,252,15,15,7,14,12,0,True
j0-56,347,3963092549462106,9,252,268,252,15,15,7,8,12,0,True
j0-56,347,3963092549462106,27,252,252,252,15,15,7,7,12,0,True
j0-56,347,3963092549462106,81,252,284,252,15,15,7,9,12,0,True
j0-56,348,37877735457724982,3,262,358,262,16,16,7,13,14,0,True
j0-56,348,37877735457724982,9,262,268,262,16,15,7,8,14,0,True
j0-56,348,37877735457724982,27,262,294,262,16,16,7,9,14,0,True
j0-56,348,37877735457724982,81,262,326,262,16,16,7,11,14,0,True
j0-56,349,19735585380620550,3,278,342,278,16,16,8,12,13,0,True
j0-56,349,19735585380620550,9,278,226,226,16,14,8,6,13,0,True
j0-56,349,19735585380620550,27,278,294,278,16,16,8,9,13,0,True
j0-56,349,19735585380620550,81,278,304,278,16,17,8,9,13,0,True
j0-56,350,15596488550355484,3,278,390,278,16,16,8,15,14,0,True
j0-56,350,15596488550355484,9,278,294,278,16,16,8,9,14,0,True
j0-56,350,15596488550355484,27,278,310,278,16,16,8,10,14,0,True
j0-56,350,15596488550355484,81,278,326,278,16,16,8,11,14,0,True
j0-56,351,45737522166239828,3,294,358,294,16,16,9,13,14,0,True
j0-56,351,45737522166239828,9,294,278,278,16,16,9,8,14,0,True
j0-56,351,45737522166239828,27,294,304,294,16,17,9,9,14,0,True
j0-56,351,45737522166239828,81,294,358,294,16,16,9,13,14,0,True
j0-56,352,21725625226507985,3,268,332,268,15,15,8,12,13,0,True
j0-56,352,21725625226507985,9,268,284,268,15,15,8,9,13,0,True
j0-56,352,21725625226507985,27,268,262,262,15,16,8,7,13,0,True
j0-56,352,21725625226507985,81,268,268,268,15,15,8,8,13,0,True
j0-56,353,5827117012307443,3,278,332,278,16,15,8,12,13,0,True
j0-56,353,5827117012307443,9,278,294,278,16,16,8,9,13,0,True
j0-56,353,5827117012307443,27,278,278,278,16,16,8,8,13,0,True
j0-56,353,5827117012307443,81,278,284,278,16,15,8,9,13,0,True
j0-56,354,27753693076192305,3,268,348,268,15,15,8,13,13,0,True
j0-56,354,27753693076192305,9,268,268,268,15,15,8,8,13,0,True
j0-56,354,27753693076192305,27,268,278,268,15,16,8,8,13,0,True
j0-56,354,27753693076192305,81,268,348,268,15,15,8,13,13,0,True
j0-56,355,48491030104225512,3,278,390,278,16,16,8,15,14,0,True
j0-56,355,48491030104225512,9,278,294,278,16,16,8,9,14,0,True
j0-56,355,48491030104225512,27,278,272,272,16,17,8,7,14,0,True
j0-56,355,48491030104225512,81,278,236,236,16,15,8,6,14,0,True
j0-56,356,2466566005939847,3,278,364,278,16,15,8,14,13,0,True
j0-56,356,2466566005939847,9,278,268,268,16,15,8,8,13,0,True
j0-56,356,2466566005939847,27,278,268,268,16,15,8,8,13,0,True
j0-56,356,2466566005939847,81,278,294,278,16,16,8,9,13,0,True
j0-56,357,22164381291132111,3,294,374,294,16,16,9,14,14,0,True
j0-56,357,22164381291132111,9,294,294,294,16,16,9,9,14,0,True
j0-56,357,22164381291132111,27,294,288,288,16,17,9,8,14,0,True
j0-56,357,22164381291132111,81,294,262,262,16,16,9,7,14,0,True
j0-56,358,6193173716552925,3,278,342,278,16,16,8,12,14,0,True
j0-56,358,6193173716552925,9,278,278,278,16,16,8,8,14,0,True
j0-56,358,6193173716552925,27,278,246,246,16,16,8,6,14,0,True
j0-56,358,6193173716552925,81,278,298,278,16,18,8,8,14,0,True
j0-56,359,16301692173651156,3,252,332,252,15,15,7,12,13,0,True
j0-56,359,16301692173651156,9,252,262,252,15,16,7,7,13,0,True
j0-56,359,16301692173651156,27,252,262,252,15,16,7,7,13,0,True
j0-56,359,16301692173651156,81,252,268,252,15,15,7,8,13,0,True
j0-56,360,44061589616617260,3,278,380,278,16,15,8,15,14,0,True
j0-56,360,44061589616617260,9,278,294,278,16,16,8,9,14,0,True
j0-56,360,44061589616617260,27,278,272,272,16,17,8,7,14,0,True
j0-56,360,44061589616617260,81,278,336,278,16,17,8,11,14,0,True
j0-56,361,44851926300217585,3,278,374,278,16,16,8,14,14,0,True
j0-56,361,44851926300217585,9,278,278,278,16,16,8,8,14,0,True
j0-56,361,44851926300217585,27,278,236,236,16,15,8,6,14,0,True
j0-56,361,44851926300217585,81,278,326,278,16,16,8,11,14,0,True
j0-56,362,10825880561680864,3,278,348,278,16,15,8,13,13,0,True
j0-56,362,10825880561680864,9,278,294,278,16,16,8,9,13,0,True
j0-56,362,10825880561680864,27,278,278,278,16,16,8,8,13,0,True
j0-56,362,10825880561680864,81,278,316,278,16,15,8,11,13,0,True
j0-56,363,16770874288474995,3,278,348,278,16,15,8,13,13,0,True
j0-56,363,16770874288474995,9,278,284,278,16,15,8,9,13,0,True
j0-56,363,16770874288474995,27,278,278,278,16,16,8,8,13,0,True
j0-56,363,16770874288474995,81,278,342,278,16,16,8,12,14,0,True
j0-56,364,13648823969634602,3,278,358,278,16,16,8,13,14,0,True
j0-56,364,13648823969634602,9,278,278,278,16,16,8,8,14,0,True
j0-56,364,13648823969634602,27,278,262,262,16,16,8,7,14,0,True
j0-56,364,13648823969634602,81,278,294,278,16,16,8,9,14,0,True
j0-56,365,2099270601302299,3,236,348,236,15,15,6,13,13,0,True
j0-56,365,2099270601302299,9,236,252,236,15,15,6,7,13,0,True
j0-56,365,2099270601302299,27,236,268,236,15,15,6,8,13,0,True
j0-56,365,2099270601302299,81,236,300,236,15,15,6,10,13,0,True
j0-56,366,33488315806424401,3,278,406,278,16,16,8,16,14,0,True
j0-56,366,33488315806424401,9,278,294,278,16,16,8,9,14,0,True
j0-56,366,33488315806424401,27,278,294,278,16,16,8,9,14,0,True
j0-56,366,33488315806424401,81,278,298,278,16,18,8,8,14,0,True
j0-56,367,52520890968830613,3,272,358,272,17,16,7,13,14,0,True
j0-56,367,52520890968830613,9,272,288,272,17,17,7,8,14,0,True
j0-56,367,52520890968830613,27,272,256,256,17,17,7,6,14,0,True
j0-56,367,52520890968830613,81,272,336,272,17,17,7,11,14,0,True
j0-56,368,28088750080839629,3,262,406,262,16,16,7,16,14,0,True
j0-56,368,28088750080839629,9,262,294,262,16,16,7,9,14,0,True
j0-56,368,28088750080839629,27,262,236,236,16,15,7,6,14,0,True
j0-56,368,28088750080839629,81,262,326,262,16,16,7,11,14,0,True
j0-56,369,51358775246187337,3,278,390,278,16,16,8,15,14,0,True
j0-56,369,51358775246187337,9,278,294,278,16,16,8,9,14,0,True
j0-56,369,51358775246187337,27,278,336,278,16,17,8,11,14,0,True
j0-56,369,51358775246187337,81,278,362,278,16,18,8,12,14,0,True
j0-56,370,3663677493970557,3,304,406,304,17,16,9,16,14,0,True
j0-56,370,3663677493970557,9,304,304,304,17,17,9,9,14,0,True
j0-56,370,3663677493970557,27,304,288,288,17,17,9,8,14,0,True
j0-56,370,3663677493970557,81,304,288,288,17,17,9,8,14,0,True
j0-56,371,7277090492919298,3,294,406,294,16,16,9,16,14,0,True
j0-56,371,7277090492919298,9,294,294,294,16,16,9,9,14,0,True
j0-56,371,7277090492919298,27,294,278,278,16,16,9,8,14,0,True
j0-56,371,7277090492919298,81,294,326,294,16,16,9,11,14,0,True
j0-56,372,32626076066199297,3,252,316,252,15,15,7,11,13,0,True
j0-56,372,32626076066199297,9,252,268,252,15,15,7,8,13,0,True
j0-56,372,32626076066199297,27,252,252,252,15,15,7,7,13,0,True
j0-56,372,32626076066199297,81,252,268,252,15,15,7,8,13,0,True
j0-56,373,51958069601762693,3,278,406,278,16,16,8,16,14,0,True
j0-56,373,51958069601762693,9,278,294,278,16,16,8,9,14,0,True
j0-56,373,51958069601762693,27,278,304,278,16,17,8,9,14,0,True
j0-56,373,51958069601762693,81,278,320,278,16,17,8,10,14,0,True
j0-56,374,33866408604925203,3,252,332,252,15,15,7,12,14,0,True
j0-56,374,33866408604925203,9,252,294,252,15,16,7,9,14,0,True
j0-56,374,33866408604925203,27,252,278,252,15,16,7,8,14,0,True
j0-56,374,33866408604925203,81,252,284,252,15,15,7,9,14,0,True
j0-56,375,16539857978260292,3,304,390,304,17,16,9,15,14,0,True
j0-56,375,16539857978260292,9,304,304,304,17,17,9,9,14,0,True
j0-56,375,16539857978260292,27,304,278,278,17,16,9,8,14,0,True
j0-56,375,16539857978260292,81,304,310,304,17,16,9,10,14,0,True
j0-56,376,49504197606751941,3,262,364,262,16,15,7,14,12,0,True
j0-56,376,49504197606751941,9,262,258,258,16,14,7,8,12,0,True
j0-56,376,49504197606751941,27,262,310,262,16,16,7,10,12,0,True
j0-56,376,49504197606751941,81,262,258,258,16,14,7,8,12,0,True
j0-56,377,39260096142379213,3,278,390,278,16,16,8,15,14,0,True
j0-56,377,39260096142379213,9,278,294,278,16,16,8,9,14,0,True
j0-56,377,39260096142379213,27,278,246,246,16,16,8,6,14,0,True
j0-56,377,39260096142379213,81,278,316,278,16,15,8,11,14,0,True
j0-56,378,17502423638487306,3,268,380,268,15,15,8,15,13,0,True
j0-56,378,17502423638487306,9,268,268,268,15,15,8,8,13,0,True
j0-56,378,17502423638487306,27,268,342,268,15,16,8,12,13,0,True
j0-56,378,17502423638487306,81,268,300,268,15,15,8,10,13,0,True
j0-56,379,7463036146762479,3,278,390,278,16,16,8,15,14,0,True
j0-56,379,7463036146762479,9,278,294,278,16,16,8,9,14,0,True
j0-56,379,7463036146762479,27,278,310,278,16,16,8,10,14,0,True
j0-56,379,7463036146762479,81,278,342,278,16,16,8,12,14,0,True
j0-56,380,46873625848703724,3,278,374,278,16,16,8,14,14,0,True
j0-56,380,46873625848703724,9,278,310,278,16,16,8,10,14,0,True
j0-56,380,46873625848703724,27,278,246,246,16,16,8,6,14,0,True
j0-56,380,46873625848703724,81,278,310,278,16,16,8,10,14,0,True
j0-56,381,11171390353239994,3,278,380,278,16,15,8,15,13,0,True
j0-56,381,11171390353239994,9,278,252,252,16,15,8,7,13,0,True
j0-56,381,11171390353239994,27,278,252,252,16,15,8,7,13,0,True
j0-56,381,11171390353239994,81,278,364,278,16,15,8,14,13,0,True
j0-56,382,28165205739089412,3,294,406,294,16,16,9,16,14,0,True
j0-56,382,28165205739089412,9,294,278,278,16,16,9,8,14,0,True
j0-56,382,28165205739089412,27,294,278,278,16,16,9,8,14,0,True
j0-56,382,28165205739089412,81,294,342,294,16,16,9,12,14,0,True
j0-56,383,47590134780301133,3,262,358,262,16,16,7,13,14,0,True
j0-56,383,47590134780301133,9,262,288,262,16,17,7,8,14,0,True
j0-56,383,47590134780301133,27,262,272,262,16,17,7,7,14,0,True
j0-56,383,47590134780301133,81,262,278,262,16,16,7,8,14,0,True
j0-56,384,53511818396363989,3,252,348,252,15,15,7,13,13,0,True
j0-56,384,53511818396363989,9,252,268,252,15,15,7,8,13,0,True
j0-56,384,53511818396363989,27,252,278,252,15,16,7,8,13,0,True
j0-56,384,53511818396363989,81,252,316,252,15,15,7,11,13,0,True
j0-56,385,45778785334932245,3,226,322,226,14,14,6,12,12,0,True
j0-56,385,45778785334932245,9,226,226,226,14,14,6,6,12,0,True
j0-56,385,45778785334932245,27,226,258,226,14,14,6,8,12,0,True
j0-56,385,45778785334932245,81,226,306,226,14,14,6,11,12,0,True
j0-56,386,47344415776237465,3,304,406,304,17,16,9,16,14,0,True
j0-56,386,47344415776237465,9,304,294,294,17,16,9,9,14,0,True
j0-56,386,47344415776237465,27,304,262,262,17,16,9,7,14,0,True
j0-56,386,47344415776237465,81,304,326,304,17,16,9,11,14,0,True
j0-56,387,41408371279667461,3,278,390,278,16,16,8,15,14,0,True
j0-56,387,41408371279667461,9,278,294,278,16,16,8,9,14,0,True
j0-56,387,41408371279667461,27,278,342,278,16,16,8,12,14,0,True
j0-56,387,41408371279667461,81,278,326,278,16,16,8,11,14,0,True
j0-56,388,25809528109918101,3,268,300,268,15,15,8,10,12,0,True
j0-56,388,25809528109918101,9,268,268,268,15,15,8,8,12,0,True
j0-56,388,25809528109918101,27,268,252,252,15,15,8,7,12,0,True
j0-56,388,25809528109918101,81,268,268,268,15,15,8,8,12,0,True
j0-56,389,39347189923989050,3,288,374,288,17,16,8,14,14,0,True
j0-56,389,39347189923989050,9,288,278,278,17,16,8,8,14,0,True
j0-56,389,39347189923989050,27,288,278,278,17,16,8,8,14,0,True
j0-56,389,39347189923989050,81,288,342,288,17,16,8,12,14,0,True
j0-56,390,46023179842791818,3,278,374,278,16,16,8,14,14,0,True
j0-56,390,46023179842791818,9,278,278,278,16,16,8,8,14,0,True
j0-56,390,46023179842791818,27,278,304,278,16,17,8,9,14,0,True
j0-56,390,46023179842791818,81,278,374,278,16,16,8,14,14,0,True
j0-56,391,45716336766740361,3,262,326,262,16,16,7,11,14,0,True
j0-56,391,45716336766740361,9,262,262,262,16,16,7,7,14,0,True
j0-56,391,45716336766740361,27,262,252,252,16,15,7,7,14,0,True
j0-56,391,45716336766740361,81,262,252,252,16,15,7,7,12,0,True
j0-56,392,18747877177158442,3,278,364,278,16,15,8,14,13,0,True
j0-56,392,18747877177158442,9,278,300,278,16,15,8,10,13,0,True
j0-56,392,18747877177158442,27,278,284,278,16,15,8,9,13,0,True
j0-56,392,18747877177158442,81,278,348,278,16,15,8,13,13,0,True
j0-56,393,1327021515315843,3,262,390,262,16,16,7,15,14,0,True
j0-56,393,1327021515315843,9,262,278,262,16,16,7,8,14,0,True
j0-56,393,1327021515315843,27,262,278,262,16,16,7,8,14,0,True
j0-56,393,1327021515315843,81,262,342,262,16,16,7,12,14,0,True
j0-56,394,48063491925843158,3,294,374,294,16,16,9,14,14,0,True
j0-56,394,48063491925843158,9,294,294,294,16,16,9,9,14,0,True
j0-56,394,48063491925843158,27,294,278,278,16,16,9,8,14,0,True
j0-56,394,48063491925843158,81,294,342,294,16,16,9,12,14,0,True
j0-56,395,39000888857311363,3,262,374,262,16,16,7,14,14,0,True
j0-56,395,39000888857311363,9,262,278,262,16,16,7,8,14,0,True
j0-56,395,39000888857311363,27,262,262,262,16,16,7,7,14,0,True
j0-56,395,39000888857311363,81,262,294,262,16,16,7,9,14,0,True
j0-56,396,29019488534640633,3,294,380,294,16,15,9,15,13,0,True
j0-56,396,29019488534640633,9,294,284,284,16,15,9,9,13,0,True
j0-56,396,29019488534640633,27,294,284,284,16,15,9,9,13,0,True
j0-56,396,29019488534640633,81,294,268,268,16,15,9,8,13,0,True
j0-56,397,19760759989128933,3,294,348,294,16,15,9,13,13,0,True
j0-56,397,19760759989128933,9,294,268,268,16,15,9,8,13,0,True
j0-56,397,19760759989128933,27,294,284,284,16,15,9,9,13,0,True
j0-56,397,19760759989128933,81,294,332,294,16,15,9,12,13,0,True
j0-56,398,13260655280268740,3,278,390,278,16,16,8,15,14,0,True
j0-56,398,13260655280268740,9,278,278,278,16,16,8,8,14,0,True
j0-56,398,13260655280268740,27,278,294,278,16,16,8,9,14,0,True
j0-56,398,13260655280268740,81,278,294,278,16,16,8,9,14,0,True
j0-56,399,973739301962702,3,278,358,278,16,16,8,13,14,0,True
j0-56,399,973739301962702,9,278,278,278,16,16,8,8,14,0,True
j0-56,399,973739301962702,27,278,256,256,16,17,8,6,14,0,True
j0-56,399,973739301962702,81,278,284,278,16,15,8,9,14,0,True
j0-56,400,27166626599777270,3,288,348,288,17,15,8,13,13,0,True
j0-56,400,27166626599777270,9,288,294,288,17,16,8,9,13,0,True
j0-56,400,27166626599777270,27,288,268,268,17,15,8,8,14,0,True
j0-56,400,27166626599777270,81,288,304,288,17,17,8,9,13,0,True
j0-56,401,41597881535605667,3,278,390,278,16,16,8,15,14,0,True
j0-56,401,41597881535605667,9,278,294,278,16,16,8,9,14,0,True
j0-56,401,41597881535605667,27,278,272,272,16,17,8,7,14,0,True
j0-56,401,41597881535605667,81,278,294,278,16,16,8,9,14,0,True
j0-56,402,33260741458299499,3,278,406,278,16,16,8,16,14,0,True
j0-56,402,33260741458299499,9,278,268,268,16,15,8,8,14,0,True
j0-56,402,33260741458299499,27,278,278,278,16,16,8,8,14,0,True
j0-56,402,33260741458299499,81,278,332,278,16,15,8,12,14,0,True
j0-56,403,1420064900736397,3,278,390,278,16,16,8,15,14,0,True
j0-56,403,1420064900736397,9,278,294,278,16,16,8,9,14,0,True
j0-56,403,1420064900736397,27,278,252,252,16,15,8,7,14,0,True
j0-56,403,1420064900736397,81,278,358,278,16,16,8,13,14,0,True
j0-56,404,10025357717235029,3,294,380,294,16,15,9,15,13,0,True
j0-56,404,10025357717235029,9,294,294,294,16,16,9,9,13,0,True
j0-56,404,10025357717235029,27,294,284,284,16,15,9,9,13,0,True
j0-56,404,10025357717235029,81,294,284,284,16,15,9,9,13,0,True
j0-56,405,32685019365196425,3,278,364,278,16,15,8,14,13,0,True
j0-56,405,32685019365196425,9,278,294,278,16,16,8,9,13,0,True
j0-56,405,32685019365196425,27,278,252,252,16,15,8,7,13,0,True
j0-56,405,32685019365196425,81,278,332,278,16,15,8,12,13,0,True
j0-56,406,19885871635516095,3,294,342,294,16,16,9,12,14,0,True
j0-56,406,19885871635516095,9,294,294,294,16,16,9,9,14,0,True
j0-56,406,19885871635516095,27,294,284,284,16,15,9,9,13,0,True
j0-56,406,19885871635516095,81,294,284,284,16,15,9,9,13,0,True
j0-56,407,24122860863976990,3,294,374,294,16,16,9,14,14,0,True
j0-56,407,24122860863976990,9,294,294,294,16,16,9,9,14,0,True
j0-56,407,24122860863976990,27,294,278,278,16,16,9,8,14,0,True
j0-56,407,24122860863976990,81,294,326,294,16,16,9,11,14,0,True
j0-56,408,14554518508007560,3,288,390,288,17,16,8,15,14,0,True
j0-56,408,14554518508007560,9,288,278,278,17,16,8,8,14,0,True
j0-56,408,14554518508007560,27,288,336,288,17,17,8,11,14,0,True
j0-56,408,14554518508007560,81,288,294,288,17,16,8,9,14,0,True
j0-56,409,30012608428496110,3,278,374,278,16,16,8,14,14,0,True
j0-56,409,30012608428496110,9,278,294,278,16,16,8,9,14,0,True
j0-56,409,30012608428496110,27,278,278,278,16,16,8,8,14,0,True
j0-56,409,30012608428496110,81,278,330,278,16,18,8,10,14,0,True
j0-56,410,53412111662456522,3,252,348,252,15,15,7,13,13,0,True
j0-56,410,53412111662456522,9,252,268,252,15,15,7,8,13,0,True
j0-56,410,53412111662456522,27,252,252,252,15,15,7,7,13,0,True
j0-56,410,53412111662456522,81,252,268,252,15,15,7,8,13,0,True
j0-56,411,4316891510654245,3,278,390,278,16,16,8,15,14,0,True
j0-56,411,4316891510654245,9,278,294,278,16,16,8,9,14,0,True
j0-56,411,4316891510654245,27,278,278,278,16,16,8,8,14,0,True
j0-56,411,4316891510654245,81,278,342,278,16,16,8,12,14,0,True
j0-56,412,30109458974712091,3,294,374,294,16,16,9,14,14,0,True
j0-56,412,30109458974712091,9,294,278,278,16,16,9,8,14,0,True
j0-56,412,30109458974712091,27,294,298,294,16,18,9,8,14,0,True
j0-56,412,30109458974712091,81,294,278,278,16,16,9,8,14,0,True
j0-56,413,12775372795566764,3,252,390,252,15,16,7,15,14,0,True
j0-56,413,12775372795566764,9,252,252,252,15,15,7,7,14,0,True
j0-56,413,12775372795566764,27,252,268,252,15,15,7,8,14,0,True
j0-56,413,12775372795566764,81,252,380,252,15,15,7,15,14,0,True
j0-56,414,18388943614824595,3,262,374,262,16,16,7,14,14,0,True
j0-56,414,18388943614824595,9,262,278,262,16,16,7,8,14,0,True
j0-56,414,18388943614824595,27,262,246,246,16,16,7,6,14,0,True
j0-56,414,18388943614824595,81,262,272,262,16,17,7,7,14,0,True
j0-56,415,44360455501304555,3,278,342,278,16,16,8,12,14,0,True
j0-56,415,44360455501304555,9,278,294,278,16,16,8,9,14,0,True
j0-56,415,44360455501304555,27,278,310,278,16,16,8,10,14,0,True
j0-56,415,44360455501304555,81,278,252,252,16,15,8,7,14,0,True
j0-56,416,45317723672547655,3,278,374,278,16,16,8,14,14,0,True
j0-56,416,45317723672547655,9,278,278,278,16,16,8,8,14,0,True
j0-56,416,45317723672547655,27,278,246,246,16,16,8,6,14,0,True
j0-56,416,45317723672547655,81,278,278,278,16,16,8,8,14,0,True
j0-56,417,30073257139341939,3,206,302,206,12,12,6,12,10,0,True
j0-56,417,30073257139341939,9,206,222,206,12,12,6,7,10,0,True
j0-56,417,30073257139341939,27,206,222,206,12,12,6,7,10,0,True
j0-56,417,30073257139341939,81,206,222,206,12,12,6,7,10,0,True
j0-56,418,16730903028130107,3,278,364,278,16,15,8,14,12,0,True
j0-56,418,16730903028130107,9,278,278,278,16,16,8,8,14,0,True
j0-56,418,16730903028130107,27,278,304,278,16,17,8,9,14,0,True
j0-56,418,16730903028130107,81,278,284,278,16,15,8,9,12,0,True
j0-56,419,21155419771992593,3,278,374,278,16,16,8,14,14,0,True
j0-56,419,21155419771992593,9,278,278,278,16,16,8,8,14,0,True
j0-56,419,21155419771992593,27,278,246,246,16,16,8,6,14,0,True
j0-56,419,21155419771992593,81,278,294,278,16,16,8,9,14,0,True
j0-56,420,1096385035594895,3,304,390,304,17,16,9,15,14,0,True
j0-56,420,1096385035594895,9,304,278,278,17,16,9,8,14,0,True
j0-56,420,1096385035594895,27,304,298,298,17,18,9,8,14,0,True
j0-56,420,1096385035594895,81,304,310,304,17,16,9,10,14,0,True
j0-56,421,42727672212311274,3,278,332,278,16,15,8,12,14,0,True
j0-56,421,42727672212311274,9,278,252,252,16,15,8,7,14,0,True
j0-56,421,42727672212311274,27,278,304,278,16,17,8,9,14,0,True
j0-56,421,42727672212311274,81,278,342,278,16,16,8,12,14,0,True
j0-56,422,41032086942525291,3,262,348,262,16,15,7,13,13,0,True
j0-56,422,41032086942525291,9,262,278,262,16,16,7,8,13,0,True
j0-56,422,41032086942525291,27,262,278,262,16,16,7,8,13,0,True
j0-56,422,41032086942525291,81,262,326,262,16,16,7,11,13,0,True
j0-56,423,29876663003370599,3,304,358,304,17,16,9,13,15,0,True
j0-56,423,29876663003370599,9,304,294,294,17,16,9,9,15,0,True
j0-56,423,29876663003370599,27,304,278,278,17,16,9,8,15,0,True
j0-56,423,29876663003370599,81,304,310,304,17,16,9,10,15,0,True
j0-56,424,9911030673507373,3,294,390,294,16,16,9,15,14,0,True
j0-56,424,9911030673507373,9,294,294,294,16,16,9,9,14,0,True
j0-56,424,9911030673507373,27,294,278,278,16,16,9,8,14,0,True
j0-56,424,9911030673507373,81,294,342,294,16,16,9,12,14,0,True
j0-56,425,44044187104322457,3,262,374,262,16,16,7,14,14,0,True
j0-56,425,44044187104322457,9,262,304,262,16,17,7,9,14,0,True
j0-56,425,44044187104322457,27,262,262,262,16,16,7,7,14,0,True
j0-56,425,44044187104322457,81,262,278,262,16,16,7,8,14,0,True
j0-56,426,5819789732416319,3,304,342,304,17,16,9,12,14,0,True
j0-56,426,5819789732416319,9,304,304,304,17,17,9,9,14,0,True
j0-56,426,5819789732416319,27,304,278,278,17,16,9,8,14,0,True
j0-56,426,5819789732416319,81,304,304,304,17,17,9,9,14,0,True
j0-56,427,38432520406090138,3,278,390,278,16,16,8,15,14,0,True
j0-56,427,38432520406090138,9,278,294,278,16,16,8,9,14,0,True
j0-56,427,38432520406090138,27,278,278,278,16,16,8,8,14,0,True
j0-56,427,38432520406090138,81,278,330,278,16,18,8,10,14,0,True
j0-56,428,1272790588091295,3,304,390,304,17,16,9,15,14,0,True
j0-56,428,1272790588091295,9,304,320,304,17,17,9,10,14,0,True
j0-56,428,1272790588091295,27,304,288,288,17,17,9,8,14,0,True
j0-56,428,1272790588091295,81,304,320,304,17,17,9,10,14,0,True
j0-56,429,9708532985260925,3,242,296,242,14,13,7,11,12,0,True
j0-56,429,9708532985260925,9,242,242,242,14,14,7,7,12,0,True
j0-56,429,9708532985260925,27,242,226,226,14,14,7,6,12,0,True
j0-56,429,9708532985260925,81,242,226,226,14,14,7,6,12,0,True
j0-56,430,7125327389063891,3,242,306,242,14,14,7,11,12,0,True
j0-56,430,7125327389063891,9,242,242,242,14,14,7,7,12,0,True
j0-56,430,7125327389063891,27,242,242,242,14,14,7,7,12,0,True
j0-56,430,7125327389063891,81,242,306,242,14,14,7,11,12,0,True
j0-56,431,4269831668347006,3,278,364,278,16,15,8,14,14,0,True
j0-56,431,4269831668347006,9,278,268,268,16,15,8,8,14,0,True
j0-56,431,4269831668347006,27,278,278,278,16,16,8,8,14,0,True
j0-56,431,4269831668347006,81,278,326,278,16,16,8,11,14,0,True
j0-56,432,45245646996519976,3,278,358,278,16,16,8,13,14,0,True
j0-56,432,45245646996519976,9,278,294,278,16,16,8,9,14,0,True
j0-56,432,45245646996519976,27,278,262,262,16,16,8,7,13,0,True
j0-56,432,45245646996519976,81,278,326,278,16,16,8,11,14,0,True
j0-56,433,25579498441658903,3,304,380,304,17,15,9,15,14,0,True
j0-56,433,25579498441658903,9,304,294,294,17,16,9,9,14,0,True
j0-56,433,25579498441658903,27,304,336,304,17,17,9,11,14,0,True
j0-56,433,25579498441658903,81,304,390,304,17,16,9,15,14,0,True
j0-56,434,8172710892971574,3,278,332,278,16,15,8,12,13,0,True
j0-56,434,8172710892971574,9,278,268,268,16,15,8,8,13,0,True
j0-56,434,8172710892971574,27,278,288,278,16,17,8,8,13,0,True
j0-56,434,8172710892971574,81,278,268,268,16,15,8,8,13,0,True
j0-56,435,21715861272323753,3,252,364,252,15,15,7,14,13,0,True
j0-56,435,21715861272323753,9,252,252,252,15,15,7,7,13,0,True
j0-56,435,21715861272323753,27,252,258,252,15,14,7,8,13,0,True
j0-56,435,21715861272323753,81,252,364,252,15,15,7,14,13,0,True
j0-56,436,11600176086391566,3,268,364,268,15,15,8,14,13,0,True
j0-56,436,11600176086391566,9,268,294,268,15,16,8,9,13,0,True
j0-56,436,11600176086391566,27,268,262,262,15,16,8,7,13,0,True
j0-56,436,11600176086391566,81,268,348,268,15,15,8,13,13,0,True
j0-56,437,53013613334317506,3,278,358,278,16,16,8,13,14,0,True
j0-56,437,53013613334317506,9,278,278,278,16,16,8,8,14,0,True
j0-56,437,53013613334317506,27,278,246,246,16,16,8,6,14,0,True
j0-56,437,53013613334317506,81,278,310,278,16,16,8,10,14,1,True
j0-56,438,26180663322040669,3,278,342,278,16,16,8,12,14,0,True
j0-56,438,26180663322040669,9,278,294,278,16,16,8,9,14,0,True
j0-56,438,26180663322040669,27,278,262,262,16,16,8,7,14,0,True
j0-56,438,26180663322040669,81,278,262,262,16,16,8,7,14,0,True
j0-56,439,27496571810750670,3,278,390,278,16,16,8,15,14,0,True
j0-56,439,27496571810750670,9,278,294,278,16,16,8,9,14,0,True
j0-56,439,27496571810750670,27,278,304,278,16,17,8,9,14,0,True
j0-56,439,27496571810750670,81,278,358,278,16,16,8,13,14,0,True
j0-56,440,29590113814397977,3,236,338,236,15,14,6,13,12,0,True
j0-56,440,29590113814397977,9,236,284,236,15,15,6,9,13,0,True
j0-56,440,29590113814397977,27,236,226,226,15,14,6,6,12,0,True
j0-56,440,29590113814397977,81,236,252,236,15,15,6,7,12,0,True
j0-56,441,37346978429000855,3,278,380,278,16,15,8,15,13,0,True
j0-56,441,37346978429000855,9,278,284,278,16,15,8,9,13,0,True
j0-56,441,37346978429000855,27,278,284,278,16,15,8,9,13,0,True
j0-56,441,37346978429000855,81,278,284,278,16,15,8,9,13,0,True
j0-56,442,34405752034744859,3,278,374,278,16,16,8,14,14,0,True
j0-56,442,34405752034744859,9,278,278,278,16,16,8,8,14,0,True
j0-56,442,34405752034744859,27,278,320,278,16,17,8,10,14,0,True
j0-56,442,34405752034744859,81,278,326,278,16,16,8,11,14,0,True
j0-56,443,42831372053627335,3,242,306,242,14,14,7,11,12,0,True
j0-56,443,42831372053627335,9,242,242,242,14,14,7,7,12,0,True
j0-56,443,42831372053627335,27,242,258,242,14,14,7,8,12,0,True
j0-56,443,42831372053627335,81,242,226,226,14,14,7,6,12,0,True
j0-56,444,42883229161877803,3,294,374,294,16,16,9,14,14,0,True
j0-56,444,42883229161877803,9,294,294,294,16,16,9,9,14,0,True
j0-56,444,42883229161877803,27,294,278,278,16,16,9,8,14,0,True
j0-56,444,42883229161877803,81,294,256,256,16,17,9,6,14,0,True
j0-56,445,13291360817991023,3,278,390,278,16,16,8,15,14,0,True
j0-56,445,13291360817991023,9,278,304,278,16,17,8,9,14,0,True
j0-56,445,13291360817991023,27,278,304,278,16,17,8,9,14,0,True
j0-56,445,13291360817991023,81,278,300,278,16,15,8,10,14,0,True
j0-56,446,29815428672016644,3,252,348,252,15,15,7,13,13,0,True
j0-56,446,29815428672016644,9,252,252,252,15,15,7,7,13,0,True
j0-56,446,29815428672016644,27,252,284,252,15,15,7,9,13,0,True
j0-56,446,29815428672016644,81,252,304,252,15,17,7,9,13,0,True
j0-56,447,7221084940903120,3,256,352,256,17,17,6,12,13,0,True
j0-56,447,7221084940903120,9,256,272,256,17,17,6,7,13,0,True
j0-56,447,7221084940903120,27,256,256,256,17,17,6,6,13,0,True
j0-56,447,7221084940903120,81,256,304,256,17,17,6,9,13,0,True
j0-56,448,18280957447216453,3,278,374,278,16,16,8,14,14,0,True
j0-56,448,18280957447216453,9,278,310,278,16,16,8,10,14,0,True
j0-56,448,18280957447216453,27,278,268,268,16,15,8,8,13,0,True
j0-56,448,18280957447216453,81,278,316,278,16,15,8,11,13,0,True
j0-56,449,6533276678676588,3,268,332,268,15,15,8,12,14,0,True
j0-56,449,6533276678676588,9,268,268,268,15,15,8,8,14,0,True
j0-56,449,6533276678676588,27,268,278,268,15,16,8,8,14,0,True
j0-56,449,6533276678676588,81,268,294,268,15,16,8,9,14,0,True
j0-56,450,29458234916480653,3,252,364,252,15,15,7,14,13,0,True
j0-56,450,29458234916480653,9,252,284,252,15,15,7,9,13,0,True
j0-56,450,29458234916480653,27,252,284,252,15,15,7,9,13,0,True
j0-56,450,29458234916480653,81,252,284,252,15,15,7,9,13,0,True
j0-56,451,36293685409273309,3,278,358,278,16,16,8,13,14,0,True
j0-56,451,36293685409273309,9,278,278,278,16,16,8,8,14,0,True
j0-56,451,36293685409273309,27,278,278,278,16,16,8,8,14,0,True
j0-56,451,36293685409273309,81,278,294,278,16,16,8,9,14,0,True
j0-56,452,18570533617464672,3,278,380,278,16,15,8,15,14,0,True
j0-56,452,18570533617464672,9,278,294,278,16,16,8,9,14,0,True
j0-56,452,18570533617464672,27,278,320,278,16,17,8,10,14,0,True
j0-56,452,18570533617464672,81,278,326,278,16,16,8,11,14,0,True
j0-56,453,19807186576043754,3,262,406,262,16,16,7,16,14,0,True
j0-56,453,19807186576043754,9,262,278,262,16,16,7,8,14,0,True
j0-56,453,19807186576043754,27,262,246,246,16,16,7,6,14,0,True
j0-56,453,19807186576043754,81,262,310,262,16,16,7,10,14,0,True
j0-56,454,46829046033947766,3,252,322,252,15,14,7,12,13,0,True
j0-56,454,46829046033947766,9,252,268,252,15,15,7,8,13,0,True
j0-56,454,46829046033947766,27,252,236,236,15,15,7,6,13,0,True
j0-56,454,46829046033947766,81,252,316,252,15,15,7,11,13,0,True
j0-56,455,26471554988853986,3,278,374,278,16,16,8,14,14,0,True
j0-56,455,26471554988853986,9,278,278,278,16,16,8,8,14,0,True
j0-56,455,26471554988853986,27,278,252,252,16,15,8,7,14,0,True
j0-56,455,26471554988853986,81,278,342,278,16,16,8,12,14,0,True
j0-56,456,9592671961373044,3,288,374,288,17,16,8,14,14,0,True
j0-56,456,9592671961373044,9,288,288,288,17,17,8,8,14,0,True
j0-56,456,9592671961373044,27,288,272,272,17,17,8,7,14,0,True
j0-56,456,9592671961373044,81,288,320,288,17,17,8,10,14,0,True
j0-56,457,52901341631120818,3,242,338,242,14,14,7,13,12,0,True
j0-56,457,52901341631120818,9,242,242,242,14,14,7,7,12,0,True
j0-56,457,52901341631120818,27,242,226,226,14,14,7,6,12,0,True
j0-56,457,52901341631120818,81,242,306,242,14,14,7,11,12,0,True
j0-56,458,27345474905042588,3,278,364,278,16,15,8,14,13,0,True
j0-56,458,27345474905042588,9,278,278,278,16,16,8,8,13,0,True
j0-56,458,27345474905042588,27,278,294,278,16,16,8,9,13,0,True
j0-56,458,27345474905042588,81,278,374,278,16,16,8,14,13,0,True
j0-56,459,47037727101167201,3,294,406,294,16,16,9,16,14,0,True
j0-56,459,47037727101167201,9,294,278,278,16,16,9,8,14,0,True
j0-56,459,47037727101167201,27,294,278,278,16,16,9,8,14,0,True
j0-56,459,47037727101167201,81,294,358,294,16,16,9,13,14,0,True
j0-56,460,48205416697715452,3,278,348,278,16,15,8,13,14,0,True
j0-56,460,48205416697715452,9,278,294,278,16,16,8,9,14,0,True
j0-56,460,48205416697715452,27,278,268,268,16,15,8,8,14,0,True
j0-56,460,48205416697715452,81,278,294,278,16,16,8,9,14,0,True
j0-56,461,15706091879872016,3,262,348,262,16,15,7,13,13,0,True
j0-56,461,15706091879872016,9,262,252,252,16,15,7,7,13,0,True
j0-56,461,15706091879872016,27,262,252,252,16,15,7,7,13,0,True
j0-56,461,15706091879872016,81,262,316,262,16,15,7,11,13,0,True
j0-56,462,51612677763526897,3,278,390,278,16,16,8,15,14,0,True
j0-56,462,51612677763526897,9,278,278,278,16,16,8,8,14,0,True
j0-56,462,51612677763526897,27,278,294,278,16,16,8,9,14,0,True
j0-56,462,51612677763526897,81,278,310,278,16,16,8,10,14,0,True
j0-56,463,9522234267074692,3,304,390,304,17,16,9,15,14,0,True
j0-56,463,9522234267074692,9,304,294,294,17,16,9,9,14,0,True
j0-56,463,9522234267074692,27,304,278,278,17,16,9,8,14,0,True
j0-56,463,9522234267074692,81,304,332,304,17,15,9,12,14,0,True
j0-56,464,4037924612514705,3,262,390,262,16,16,7,15,14,0,True
j0-56,464,4037924612514705,9,262,294,262,16,16,7,9,14,0,True
j0-56,464,4037924612514705,27,262,262,262,16,16,7,7,14,0,True
j0-56,464,4037924612514705,81,262,342,262,16,16,7,12,14,0,True
j0-56,465,44088252473514861,3,278,390,278,16,16,8,15,14,0,True
j0-56,465,44088252473514861,9,278,304,278,16,17,8,9,14,0,True
j0-56,465,44088252473514861,27,278,294,278,16,16,8,9,14,0,True
j0-56,465,44088252473514861,81,278,326,278,16,16,8,11,14,0,True
j0-56,466,37928874896321480,3,288,358,288,17,16,8,13,14,0,True
j0-56,466,37928874896321480,9,288,294,288,17,16,8,9,15,0,True
j0-56,466,37928874896321480,27,288,294,288,17,16,8,9,14,0,True
j0-56,466,37928874896321480,81,288,294,288,17,16,8,9,14,0,True
j0-56,467,38178515298894712,3,268,390,268,15,16,8,15,13,0,True
j0-56,467,38178515298894712,9,268,284,268,15,15,8,9,13,0,True
j0-56,467,38178515298894712,27,268,252,252,15,15,8,7,13,0,True
j0-56,467,38178515298894712,81,268,294,268,15,16,8,9,13,0,True
j0-56,468,47441001104677948,3,268,364,268,15,15,8,14,13,0,True
j0-56,468,47441001104677948,9,268,294,268,15,16,8,9,13,0,True
j0-56,468,47441001104677948,27,268,284,268,15,15,8,9,13,0,True
j0-56,468,47441001104677948,81,268,284,268,15,15,8,9,13,0,True
j0-56,469,19762619302354344,3,278,342,278,16,16,8,12,14,0,True
j0-56,469,19762619302354344,9,278,294,278,16,16,8,9,14,0,True
j0-56,469,19762619302354344,27,278,326,278,16,16,8,11,14,0,True
j0-56,469,19762619302354344,81,278,310,278,16,16,8,10,14,0,True
j0-56,470,37075220611652017,3,278,374,278,16,16,8,14,14,0,True
j0-56,470,37075220611652017,9,278,294,278,16,16,8,9,14,0,True
j0-56,470,37075220611652017,27,278,246,246,16,16,8,6,14,0,True
j0-56,470,37075220611652017,81,278,332,278,16,15,8,12,14,0,True
j0-56,471,12350023295698903,3,278,374,278,16,16,8,14,14,0,True
j0-56,471,12350023295698903,9,278,278,278,16,16,8,8,14,0,True
j0-56,471,12350023295698903,27,278,246,246,16,16,8,6,14,0,True
j0-56,471,12350023295698903,81,278,310,278,16,16,8,10,14,0,True
j0-56,472,38519840337308659,3,252,354,252,15,14,7,14,12,0,True
j0-56,472,38519840337308659,9,252,268,252,15,15,7,8,12,0,True
j0-56,472,38519840337308659,27,252,278,252,15,16,7,8,12,0,True
j0-56,472,38519840337308659,81,252,310,252,15,16,7,10,12,0,True
j0-56,473,38038193795123193,3,294,406,294,16,16,9,16,14,0,True
j0-56,473,38038193795123193,9,294,294,294,16,16,9,9,14,0,True
j0-56,473,38038193795123193,27,294,310,294,16,16,9,10,14,0,True
j0-56,473,38038193795123193,81,294,410,294,16,18,9,15,14,0,True
j0-56,474,41517815199962084,3,268,322,268,15,14,8,12,12,0,True
j0-56,474,41517815199962084,9,268,268,268,15,15,8,8,12,0,True
j0-56,474,41517815199962084,27,268,258,258,15,14,8,8,12,0,True
j0-56,474,41517815199962084,81,268,294,268,15,16,8,9,12,0,True
j0-56,475,44453292658969033,3,294,390,294,16,16,9,15,14,0,True
j0-56,475,44453292658969033,9,294,294,294,16,16,9,9,14,0,True
j0-56,475,44453292658969033,27,294,278,278,16,16,9,8,14,0,True
j0-56,475,44453292658969033,81,294,316,294,16,15,9,11,14,0,True
j0-56,476,52423186709134772,3,268,338,268,15,14,8,13,12,0,True
j0-56,476,52423186709134772,9,268,258,258,15,14,8,8,12,0,True
j0-56,476,52423186709134772,27,268,258,258,15,14,8,8,12,0,True
j0-56,476,52423186709134772,81,268,306,268,15,14,8,11,12,0,True
j0-56,477,48021330359874077,3,304,364,304,17,15,9,14,14,0,True
j0-56,477,48021330359874077,9,304,294,294,17,16,9,9,14,0,True
j0-56,477,48021330359874077,27,304,278,278,17,16,9,8,14,0,True
j0-56,477,48021330359874077,81,304,358,304,17,16,9,13,14,0,True
j0-56,478,13165538824351504,3,210,354,210,14,14,5,14,12,0,True
j0-56,478,13165538824351504,9,210,226,210,14,14,5,6,13,0,True
j0-56,478,13165538824351504,27,210,242,210,14,14,5,7,13,0,True
j0-56,478,13165538824351504,81,210,242,210,14,14,5,7,13,0,True
j0-56,479,51228742400293033,3,288,364,288,17,15,8,14,13,0,True
j0-56,479,51228742400293033,9,288,294,288,17,16,8,9,14,0,True
j0-56,479,51228742400293033,27,288,278,278,17,16,8,8,13,0,True
j0-56,479,51228742400293033,81,288,342,288,17,16,8,12,14,0,True
j0-56,480,23820778524954208,3,268,380,268,15,15,8,15,13,0,True
j0-56,480,23820778524954208,9,268,268,268,15,15,8,8,13,0,True
j0-56,480,23820778524954208,27,268,246,246,15,16,8,6,13,0,True
j0-56,480,23820778524954208,81,268,300,268,15,15,8,10,13,0,True
j0-56,481,13070152457418321,3,278,374,278,16,16,8,14,14,0,True
j0-56,481,13070152457418321,9,278,262,262,16,16,8,7,14,0,True
j0-56,481,13070152457418321,27,278,288,278,16,17,8,8,14,0,True
j0-56,481,13070152457418321,81,278,316,278,16,15,8,11,14,0,True
j0-56,482,5349046185935594,3,252,364,252,15,15,7,14,13,0,True
j0-56,482,5349046185935594,9,252,268,252,15,15,7,8,13,0,True
j0-56,482,5349046185935594,27,252,284,252,15,15,7,9,13,0,True
j0-56,482,5349046185935594,81,252,332,252,15,15,7,12,13,0,True
j0-56,483,31708742061663595,3,268,348,268,15,15,8,13,13,0,True
j0-56,483,31708742061663595,9,268,268,268,15,15,8,8,13,0,True
j0-56,483,31708742061663595,27,268,236,236,15,15,8,6,13,0,True
j0-56,483,31708742061663595,81,268,262,262,15,16,8,7,13,0,True
j0-56,484,52276669743102738,3,268,380,268,15,15,8,15,13,0,True
j0-56,484,52276669743102738,9,268,294,268,15,16,8,9,13,0,True
j0-56,484,52276669743102738,27,268,284,268,15,15,8,9,13,0,True
j0-56,484,52276669743102738,81,268,336,268,15,17,8,11,13,0,True
j0-56,485,28476104767242530,3,304,374,304,17,16,9,14,15,0,True
j0-56,485,28476104767242530,9,304,320,304,17,17,9,10,15,0,True
j0-56,485,28476104767242530,27,304,278,278,17,16,9,8,15,0,True
j0-56,485,28476104767242530,81,304,262,262,17,16,9,7,15,0,True
j0-56,486,41075273581490128,3,278,380,278,16,15,8,15,13,0,True
j0-56,486,41075273581490128,9,278,284,278,16,15,8,9,13,0,True
j0-56,486,41075273581490128,27,278,252,252,16,15,8,7,13,0,True
j0-56,486,41075273581490128,81,278,332,278,16,15,8,12,13,0,True
j0-56,487,22205823886406963,3,304,358,304,17,16,9,13,14,0,True
j0-56,487,22205823886406963,9,304,320,304,17,17,9,10,14,0,True
j0-56,487,22205823886406963,27,304,294,294,17,16,9,9,14,0,True
j0-56,487,22205823886406963,81,304,342,304,17,16,9,12,14,0,True
j0-56,488,13428599385982399,3,268,380,268,15,15,8,15,13,0,True
j0-56,488,13428599385982399,9,268,284,268,15,15,8,9,13,0,True
j0-56,488,13428599385982399,27,268,252,252,15,15,8,7,13,0,True
j0-56,488,13428599385982399,81,268,326,268,15,16,8,11,13,0,True
j0-56,489,48079796900629316,3,278,406,278,16,16,8,16,14,0,True
j0-56,489,48079796900629316,9,278,294,278,16,16,8,9,14,0,True
j0-56,489,48079796900629316,27,278,278,278,16,16,8,8,14,0,True
j0-56,489,48079796900629316,81,278,364,278,16,15,8,14,14,0,True
j0-56,490,51884809391446507,3,278,374,278,16,16,8,14,14,0,True
j0-56,490,51884809391446507,9,278,294,278,16,16,8,9,14,0,True
j0-56,490,51884809391446507,27,278,278,278,16,16,8,8,14,0,True
j0-56,490,51884809391446507,81,278,358,278,16,16,8,13,14,0,True
j0-56,491,23904576317169560,3,294,374,294,16,16,9,14,14,0,True
j0-56,491,23904576317169560,9,294,294,294,16,16,9,9,14,0,True
j0-56,491,23904576317169560,27,294,304,294,16,17,9,9,14,0,True
j0-56,491,23904576317169560,81,294,294,294,16,16,9,9,14,0,True
j0-56,492,42122479684873659,3,278,374,278,16,16,8,14,14,0,True
j0-56,492,42122479684873659,9,278,294,278,16,16,8,9,14,0,True
j0-56,492,42122479684873659,27,278,310,278,16,16,8,10,14,0,True
j0-56,492,42122479684873659,81,278,342,278,16,16,8,12,14,0,True
j0-56,493,40813526933689487,3,268,380,268,15,15,8,15,13,0,True
j0-56,493,40813526933689487,9,268,284,268,15,15,8,9,13,0,True
j0-56,493,40813526933689487,27,268,300,268,15,15,8,10,13,0,True
j0-56,493,40813526933689487,81,268,320,268,15,17,8,10,13,0,True
j0-56,494,36557540617462749,3,278,364,278,16,15,8,14,13,0,True
j0-56,494,36557540617462749,9,278,268,268,16,15,8,8,13,0,True
j0-56,494,36557540617462749,27,278,316,278,16,15,8,11,13,0,True
j0-56,494,36557540617462749,81,278,332,278,16,15,8,12,13,0,True
j0-56,495,22564460677977699,3,278,374,278,16,16,8,14,14,0,True
j0-56,495,22564460677977699,9,278,278,278,16,16,8,8,14,0,True
j0-56,495,22564460677977699,27,278,252,252,16,15,8,7,14,0,True
j0-56,495,22564460677977699,81,278,316,278,16,15,8,11,14,0,True
j0-56,496,22113958135900275,3,262,342,262,16,16,7,12,14,0,True
j0-56,496,22113958135900275,9,262,262,262,16,16,7,7,14,0,True
j0-56,496,22113958135900275,27,262,288,262,16,17,7,8,14,0,True
j0-56,496,22113958135900275,81,262,262,262,16,16,7,7,14,0,True
j0-56,497,7405615485996883,3,284,348,284,15,15,9,13,12,0,True
j0-56,497,7405615485996883,9,284,278,278,15,16,9,8,14,0,True
j0-56,497,7405615485996883,27,284,278,278,15,16,9,8,14,0,True
j0-56,497,7405615485996883,81,284,262,262,15,16,9,7,14,0,True
j0-56,498,20459266176053828,3,294,406,294,16,16,9,16,14,0,True
j0-56,498,20459266176053828,9,294,294,294,16,16,9,9,14,0,True
j0-56,498,20459266176053828,27,294,278,278,16,16,9,8,14,0,True
j0-56,498,20459266176053828,81,294,310,294,16,16,9,10,14,0,True
j0-56,499,20305927104863832,3,268,348,268,15,15,8,13,13,0,True
j0-56,499,20305927104863832,9,268,268,268,15,15,8,8,13,0,True
j0-56,499,20305927104863832,27,268,284,268,15,15,8,9,13,0,True
j0-56,499,20305927104863832,81,268,278,268,15,16,8,8,13,0,True
j0-56,500,37526997796994537,3,288,364,288,17,15,8,14,14,0,True
j0-56,500,37526997796994537,9,288,294,288,17,16,8,9,14,0,True
j0-56,500,37526997796994537,27,288,252,252,17,15,8,7,14,0,True
j0-56,500,37526997796994537,81,288,310,288,17,16,8,10,14,0,True
j0-56,501,37118627987498569,3,278,348,278,16,15,8,13,13,0,True
j0-56,501,37118627987498569,9,278,284,278,16,15,8,9,13,0,True
j0-56,501,37118627987498569,27,278,284,278,16,15,8,9,13,0,True
j0-56,501,37118627987498569,81,278,336,278,16,17,8,11,13,0,True
j0-56,502,44388052636003557,3,278,364,278,16,15,8,14,13,0,True
j0-56,502,44388052636003557,9,278,268,268,16,15,8,8,13,0,True
j0-56,502,44388052636003557,27,278,278,278,16,16,8,8,13,0,True
j0-56,502,44388052636003557,81,278,332,278,16,15,8,12,13,0,True
j0-56,503,31197968882551916,3,304,374,304,17,16,9,14,15,0,True
j0-56,503,31197968882551916,9,304,278,278,17,16,9,8,15,0,True
j0-56,503,31197968882551916,27,304,298,298,17,18,9,8,15,0,True
j0-56,503,31197968882551916,81,304,378,304,17,18,9,13,15,0,True
j0-56,504,28642803926824539,3,294,390,294,16,16,9,15,14,0,True
j0-56,504,28642803926824539,9,294,294,294,16,16,9,9,14,0,True
j0-56,504,28642803926824539,27,294,310,294,16,16,9,10,14,0,True
j0-56,504,28642803926824539,81,294,310,294,16,16,9,10,14,0,True
j0-56,505,47801221206850839,3,294,380,294,16,15,9,15,14,0,True
j0-56,505,47801221206850839,9,294,294,294,16,16,9,9,14,0,True
j0-56,505,47801221206850839,27,294,262,262,16,16,9,7,14,0,True
j0-56,505,47801221206850839,81,294,294,294,16,16,9,9,14,0,True
j0-56,506,51249506261188657,3,278,342,278,16,16,8,12,14,0,True
j0-56,506,51249506261188657,9,278,278,278,16,16,8,8,14,0,True
j0-56,506,51249506261188657,27,278,262,262,16,16,8,7,14,0,True
j0-56,506,51249506261188657,81,278,278,278,16,16,8,8,14,0,True
j0-56,507,34109417835419824,3,294,364,294,16,15,9,14,13,0,True
j0-56,507,34109417835419824,9,294,294,294,16,16,9,9,13,0,True
j0-56,507,34109417835419824,27,294,294,294,16,16,9,9,14,0,True
j0-56,507,34109417835419824,81,294,268,268,16,15,9,8,13,0,True
j0-56,508,19202768295335946,3,294,374,294,16,16,9,14,14,0,True
j0-56,508,19202768295335946,9,294,294,294,16,16,9,9,14,0,True
j0-56,508,19202768295335946,27,294,310,294,16,16,9,10,14,0,True
j0-56,508,19202768295335946,81,294,342,294,16,16,9,12,14,0,True
j0-56,509,40616030527537075,3,252,374,252,15,16,7,14,14,0,True
j0-56,509,40616030527537075,9,252,284,252,15,15,7,9,14,0,True
j0-56,509,40616030527537075,27,252,316,252,15,15,7,11,14,0,True
j0-56,509,40616030527537075,81,252,342,252,15,16,7,12,14,0,True
j0-56,510,12479139153844553,3,304,406,304,17,16,9,16,14,0,True
j0-56,510,12479139153844553,9,304,294,294,17,16,9,9,14,0,True
j0-56,510,12479139153844553,27,304,288,288,17,17,9,8,14,0,True
j0-56,510,12479139153844553,81,304,342,304,17,16,9,12,14,0,True
j0-56,511,45433360620056260,3,252,316,252,15,15,7,11,13,0,True
j0-56,511,45433360620056260,9,252,268,252,15,15,7,8,13,0,True
j0-56,511,45433360620056260,27,252,268,252,15,15,7,8,13,0,True
j0-56,511,45433360620056260,81,252,268,252,15,15,7,8,13,0,True
