curve,arm,chunk,index,scalar,native_words,expected_words,exact_match
glv-j0-32,tail-pair-periodic-canonical,0,0,20566646,115 1023 883 1023 630 1023 874,115 1023 883 1023 630 1023 874,True
glv-j0-32,tail-pair-periodic-canonical,0,1,7843221,885 1023 624 1023 12 608,885 1023 624 1023 12 608,True
glv-j0-32,tail-pair-periodic-canonical,0,2,19391305,235 1023 1023 301 0,235 1023 1023 301 0,True
glv-j0-32,tail-pair-periodic-canonical,0,3,16519870,119 1023 246 1023 713,119 1023 246 1023 713,True
glv-j0-32,tail-pair-periodic-canonical,0,4,4668766,1023 886 1023 626 1023 862,1023 886 1023 626 1023 862,True
glv-j0-32,tail-pair-periodic-canonical,0,5,22575707,881 1023 632 1023 1023 1023 364,881 1023 632 1023 1023 1023 364,True
glv-j0-32,tail-pair-periodic-canonical,0,6,5568342,880 1023 759 1023 361 1023 877,880 1023 759 1023 361 1023 877,True
glv-j0-32,tail-pair-periodic-canonical,0,7,10566719,624 1023 757 1023 3 555,624 1023 757 1023 3 555,True
glv-j0-32,tail-pair-periodic-canonical,0,8,21158857,247 1023 753 1023 0 371,247 1023 753 1023 0 371,True
glv-j0-32,tail-pair-periodic-canonical,0,9,19973228,630 1023 1023 616 1023 95 734,630 1023 1023 616 1023 95 734,True
glv-j0-32,tail-pair-periodic-canonical,0,10,15619414,375 1023 351 1023 104 717,375 1023 351 1023 104 717,True
glv-j0-32,tail-pair-periodic-canonical,0,11,23150076,111 1023 367 1023 106 98,111 1023 367 1023 106 98,True
glv-j0-32,tail-pair-periodic-canonical,0,12,16695815,374 1023 624 1023 12 556,374 1023 624 1023 12 556,True
glv-j0-32,tail-pair-periodic-canonical,0,13,2697002,882 1023 629 1023 51,882 1023 629 1023 51,True
glv-j0-32,tail-pair-periodic-canonical,0,14,16045712,1023 628 1023 223 1023 1023 631,1023 628 1023 223 1023 1023 631,True
glv-j0-32,tail-pair-periodic-canonical,0,15,19522544,751 1023 372 1023 0 115,751 1023 372 1023 0 115,True
glv-j0-32,tail-pair-periodic-canonical,0,16,1231995,753 1023 360 1023 95 339,753 1023 360 1023 95 339,True
glv-j0-32,tail-pair-periodic-canonical,0,17,3896279,758 1023 882 1023 1023 87,758 1023 882 1023 1023 87,True
glv-j0-32,tail-pair-periodic-canonical,0,18,19578585,114 1023 1023 45 150,114 1023 1023 45 150,True
glv-j0-32,tail-pair-periodic-canonical,0,19,9693278,362 1023 110 1023 223,362 1023 110 1023 223,True
glv-j0-32,tail-pair-periodic-canonical,0,20,15330074,625 1023 105 1023 95 317,625 1023 105 1023 95 317,True
glv-j0-32,tail-pair-periodic-canonical,0,21,6910797,113 1023 628 1023 4 720,113 1023 628 1023 4 720,True
glv-j0-32,tail-pair-periodic-canonical,0,22,686887,1023 625 1023 881 1023 370,1023 625 1023 881 1023 370,True
glv-j0-32,tail-pair-periodic-canonical,0,23,15912434,108 1023 361 1023 95 618,108 1023 361 1023 95 618,True
glv-j0-32,tail-pair-periodic-canonical,0,24,23366634,375 1023 882 1023 2 363,375 1023 882 1023 2 363,True
glv-j0-32,tail-pair-periodic-canonical,0,25,3318192,624 1023 882 1023 569,624 1023 882 1023 569,True
glv-j0-32,tail-pair-periodic-canonical,0,26,8729071,111 1023 109 1023 109 65,111 1023 109 1023 109 65,True
glv-j0-32,tail-pair-periodic-canonical,0,27,1838014,371 1023 369 1023 1 287,371 1023 369 1023 1 287,True
glv-j0-32,tail-pair-periodic-canonical,0,28,8548248,116 1023 631 1023 2 291,116 1023 631 1023 2 291,True
glv-j0-32,tail-pair-periodic-canonical,0,29,6586328,882 1023 629 1023 173,882 1023 629 1023 173,True
glv-j0-32,tail-pair-periodic-canonical,0,30,15493199,752 1023 245 1023 144,752 1023 245 1023 144,True
glv-j0-32,tail-pair-periodic-canonical,0,31,2817373,625 1023 753 1023 3 304,625 1023 753 1023 3 304,True
glv-j0-32,tail-pair-periodic-canonical,0,32,11391268,746 1023 235 1023 104 102,746 1023 235 1023 104 102,True
glv-j0-32,tail-pair-periodic-canonical,0,33,21542069,374 1023 373 1023 211,374 1023 373 1023 211,True
glv-j0-32,tail-pair-periodic-canonical,0,34,3248477,758 1023 1023 116 1023 862,758 1023 1023 116 1023 862,True
glv-j0-32,tail-pair-periodic-canonical,0,35,2318204,243 1023 751 1023 604,243 1023 751 1023 604,True
glv-j0-32,tail-pair-periodic-canonical,0,36,22960880,880 1023 248 1023 95 336,880 1023 248 1023 95 336,True
glv-j0-32,tail-pair-periodic-canonical,0,37,3622857,115 1023 880 1023 1 296,115 1023 880 1023 1 296,True
glv-j0-32,tail-pair-periodic-canonical,0,38,3572562,884 1023 235 1023 95 354,884 1023 235 1023 95 354,True
glv-j0-32,tail-pair-periodic-canonical,0,39,18381777,875 1023 1023 261 647,875 1023 1023 261 647,True
glv-j0-32,tail-pair-periodic-canonical,0,40,5493255,624 1023 245 1023 168,624 1023 245 1023 168,True
glv-j0-32,tail-pair-periodic-canonical,0,41,7663525,246 1023 119 1023 264,246 1023 119 1023 264,True
glv-j0-32,tail-pair-periodic-canonical,0,42,15958745,114 1023 95 1023 888 1023 874,114 1023 95 1023 888 1023 874,True
glv-j0-32,tail-pair-periodic-canonical,0,43,23030,885 1023 109 1023 95 84,885 1023 109 1023 95 84,True
glv-j0-32,tail-pair-periodic-canonical,0,44,10649142,113 1023 368 1023 7 707,113 1023 368 1023 7 707,True
glv-j0-32,tail-pair-periodic-canonical,0,45,8391221,631 1023 886 1023 24 557,631 1023 886 1023 24 557,True
glv-j0-32,tail-pair-periodic-canonical,0,46,8071987,885 1023 112 1023 1 737,885 1023 112 1023 1 737,True
glv-j0-32,tail-pair-periodic-canonical,0,47,22247405,368 1023 117 1023 4 882,368 1023 117 1023 4 882,True
glv-j0-32,tail-pair-periodic-canonical,0,48,122647,623 1023 1 561,623 1023 1 561,True
glv-j0-32,tail-pair-periodic-canonical,0,49,22783709,362 1023 105 1023 1023 796,362 1023 105 1023 1023 796,True
glv-j0-32,tail-pair-periodic-canonical,0,50,5253753,751 1023 363 1023 105 84,751 1023 363 1023 105 84,True
glv-j0-32,tail-pair-periodic-canonical,0,51,13514443,371 1023 64 1023 85,371 1023 64 1023 85,True
glv-j0-32,tail-pair-periodic-canonical,0,52,9563597,374 1023 371 1023 692,374 1023 371 1023 692,True
glv-j0-32,tail-pair-periodic-canonical,0,53,17150963,247 1023 642,247 1023 642,True
glv-j0-32,tail-pair-periodic-canonical,0,54,12591836,368 1023 114 1023 1023 333,368 1023 114 1023 1023 333,True
glv-j0-32,tail-pair-periodic-canonical,0,55,3466673,883 1023 236 1023 107 1023 376,883 1023 236 1023 107 1023 376,True
glv-j0-32,tail-pair-periodic-canonical,0,56,20290572,881 1023 241 1023 1023 820,881 1023 241 1023 1023 820,True
glv-j0-32,tail-pair-periodic-canonical,0,57,20887226,885 1023 1023 1023 104 316,885 1023 1023 1023 104 316,True
glv-j0-32,tail-pair-periodic-canonical,0,58,3586798,112 1023 248 1023 95 96,112 1023 248 1023 95 96,True
glv-j0-32,tail-pair-periodic-canonical,0,59,5046250,235 1023 363 1023 1023 853,235 1023 363 1023 1023 853,True
glv-j0-32,tail-pair-periodic-canonical,0,60,6246984,881 1023 748 1023 104 606,881 1023 748 1023 104 606,True
glv-j0-32,tail-pair-periodic-canonical,0,61,9982923,241 1023 631 1023 1023 1023 748,241 1023 631 1023 1023 1023 748,True
glv-j0-32,tail-pair-periodic-canonical,0,62,13120819,880 1023 111 1023 0 728,880 1023 111 1023 0 728,True
glv-j0-32,tail-pair-periodic-canonical,0,63,8699668,108 1023 1023 237 1023 105 728,108 1023 1023 237 1023 105 728,True
glv-j0-32,tail-pair-periodic-gated27,0,0,20566646,338 1023 1023 1 4 854,338 1023 1023 1 4 854,True
glv-j0-32,tail-pair-periodic-gated27,0,1,7843221,885 1023 624 1023 12 608,885 1023 624 1023 12 608,True
glv-j0-32,tail-pair-periodic-gated27,0,2,19391305,235 1023 1023 301 0,235 1023 1023 301 0,True
glv-j0-32,tail-pair-periodic-gated27,0,3,16519870,119 1023 246 1023 713,119 1023 246 1023 713,True
glv-j0-32,tail-pair-periodic-gated27,0,4,4668766,1023 886 1023 626 1023 862,1023 886 1023 626 1023 862,True
glv-j0-32,tail-pair-periodic-gated27,0,5,22575707,881 1023 632 1023 1023 1023 364,881 1023 632 1023 1023 1023 364,True
glv-j0-32,tail-pair-periodic-gated27,0,6,5568342,718 1023 1023 370 1023 1023 231,718 1023 1023 370 1023 1023 231,True
glv-j0-32,tail-pair-periodic-gated27,0,7,10566719,624 1023 757 1023 3 555,624 1023 757 1023 3 555,True
glv-j0-32,tail-pair-periodic-gated27,0,8,21158857,247 1023 753 1023 0 371,247 1023 753 1023 0 371,True
glv-j0-32,tail-pair-periodic-gated27,0,9,19973228,630 1023 1023 95 104 700,630 1023 1023 95 104 700,True
glv-j0-32,tail-pair-periodic-gated27,0,10,15619414,375 1023 351 1023 104 717,375 1023 351 1023 104 717,True
glv-j0-32,tail-pair-periodic-gated27,0,11,23150076,217 1023 1023 2 652,217 1023 1023 2 652,True
glv-j0-32,tail-pair-periodic-gated27,0,12,16695815,359 1023 1023 1023 12 556,359 1023 1023 1023 12 556,True
glv-j0-32,tail-pair-periodic-gated27,0,13,2697002,882 1023 629 1023 51,882 1023 629 1023 51,True
glv-j0-32,tail-pair-periodic-gated27,0,14,16045712,1023 628 1023 223 1023 1023 631,1023 628 1023 223 1023 1023 631,True
glv-j0-32,tail-pair-periodic-gated27,0,15,19522544,751 1023 372 1023 0 115,751 1023 372 1023 0 115,True
glv-j0-32,tail-pair-periodic-gated27,0,16,1231995,790 1023 1023 782 150,790 1023 1023 782 150,True
glv-j0-32,tail-pair-periodic-gated27,0,17,3896279,758 1023 882 1023 1023 87,758 1023 882 1023 1023 87,True
glv-j0-32,tail-pair-periodic-gated27,0,18,19578585,114 1023 1023 45 150,114 1023 1023 45 150,True
glv-j0-32,tail-pair-periodic-gated27,0,19,9693278,362 1023 110 1023 223,362 1023 110 1023 223,True
glv-j0-32,tail-pair-periodic-gated27,0,20,15330074,625 1023 105 1023 95 317,625 1023 105 1023 95 317,True
glv-j0-32,tail-pair-periodic-gated27,0,21,6910797,113 1023 628 1023 4 720,113 1023 628 1023 4 720,True
glv-j0-32,tail-pair-periodic-gated27,0,22,686887,1023 625 1023 881 1023 370,1023 625 1023 881 1023 370,True
glv-j0-32,tail-pair-periodic-gated27,0,23,15912434,104 734 1023 1023 163,104 734 1023 1023 163,True
glv-j0-32,tail-pair-periodic-gated27,0,24,23366634,375 1023 882 1023 2 363,375 1023 882 1023 2 363,True
glv-j0-32,tail-pair-periodic-gated27,0,25,3318192,624 1023 882 1023 569,624 1023 882 1023 569,True
glv-j0-32,tail-pair-periodic-gated27,0,26,8729071,111 1023 109 1023 109 65,111 1023 109 1023 109 65,True
glv-j0-32,tail-pair-periodic-gated27,0,27,1838014,210 1023 1023 93 1023 1023 879,210 1023 1023 93 1023 1023 879,True
glv-j0-32,tail-pair-periodic-gated27,0,28,8548248,116 1023 631 1023 2 291,116 1023 631 1023 2 291,True
glv-j0-32,tail-pair-periodic-gated27,0,29,6586328,882 1023 629 1023 173,882 1023 629 1023 173,True
glv-j0-32,tail-pair-periodic-gated27,0,30,15493199,752 1023 245 1023 144,752 1023 245 1023 144,True
glv-j0-32,tail-pair-periodic-gated27,0,31,2817373,625 1023 753 1023 3 304,625 1023 753 1023 3 304,True
glv-j0-32,tail-pair-periodic-gated27,0,32,11391268,746 1023 235 1023 104 102,746 1023 235 1023 104 102,True
glv-j0-32,tail-pair-periodic-gated27,0,33,21542069,374 1023 373 1023 211,374 1023 373 1023 211,True
glv-j0-32,tail-pair-periodic-gated27,0,34,3248477,758 1023 1023 116 1023 862,758 1023 1023 116 1023 862,True
glv-j0-32,tail-pair-periodic-gated27,0,35,2318204,243 1023 751 1023 604,243 1023 751 1023 604,True
glv-j0-32,tail-pair-periodic-gated27,0,36,22960880,161 1023 1023 136 545,161 1023 1023 136 545,True
glv-j0-32,tail-pair-periodic-gated27,0,37,3622857,835 1023 1023 1023 1 296,835 1023 1023 1023 1 296,True
glv-j0-32,tail-pair-periodic-gated27,0,38,3572562,287 1023 1023 54 184,287 1023 1023 54 184,True
glv-j0-32,tail-pair-periodic-gated27,0,39,18381777,875 1023 1023 261 647,875 1023 1023 261 647,True
glv-j0-32,tail-pair-periodic-gated27,0,40,5493255,624 1023 245 1023 168,624 1023 245 1023 168,True
glv-j0-32,tail-pair-periodic-gated27,0,41,7663525,246 1023 119 1023 264,246 1023 119 1023 264,True
glv-j0-32,tail-pair-periodic-gated27,0,42,15958745,325 1023 1023 95 106 802,325 1023 1023 95 106 802,True
glv-j0-32,tail-pair-periodic-gated27,0,43,23030,286 1023 1023 269 3,286 1023 1023 269 3,True
glv-j0-32,tail-pair-periodic-gated27,0,44,10649142,343 1023 1023 1023 7 707,343 1023 1023 1023 7 707,True
glv-j0-32,tail-pair-periodic-gated27,0,45,8391221,631 1023 886 1023 24 557,631 1023 886 1023 24 557,True
glv-j0-32,tail-pair-periodic-gated27,0,46,8071987,102 1023 1023 1023 1 737,102 1023 1023 1023 1 737,True
glv-j0-32,tail-pair-periodic-gated27,0,47,22247405,840 1023 1023 760 1023 1023 881,840 1023 1023 760 1023 1023 881,True
glv-j0-32,tail-pair-periodic-gated27,0,48,122647,186 1023 1023 184,186 1023 1023 184,True
glv-j0-32,tail-pair-periodic-gated27,0,49,22783709,362 1023 105 1023 1023 796,362 1023 105 1023 1023 796,True
glv-j0-32,tail-pair-periodic-gated27,0,50,5253753,751 1023 363 1023 105 84,751 1023 363 1023 105 84,True
glv-j0-32,tail-pair-periodic-gated27,0,51,13514443,371 1023 64 1023 85,371 1023 64 1023 85,True
glv-j0-32,tail-pair-periodic-gated27,0,52,9563597,374 1023 371 1023 692,374 1023 371 1023 692,True
glv-j0-32,tail-pair-periodic-gated27,0,53,17150963,247 1023 642,247 1023 642,True
glv-j0-32,tail-pair-periodic-gated27,0,54,12591836,368 1023 114 1023 1023 333,368 1023 114 1023 1023 333,True
glv-j0-32,tail-pair-periodic-gated27,0,55,3466673,883 1023 236 1023 107 1023 376,883 1023 236 1023 107 1023 376,True
glv-j0-32,tail-pair-periodic-gated27,0,56,20290572,881 1023 241 1023 1023 820,881 1023 241 1023 1023 820,True
glv-j0-32,tail-pair-periodic-gated27,0,57,20887226,885 1023 1023 1023 104 316,885 1023 1023 1023 104 316,True
glv-j0-32,tail-pair-periodic-gated27,0,58,3586798,112 1023 248 1023 95 96,112 1023 248 1023 95 96,True
glv-j0-32,tail-pair-periodic-gated27,0,59,5046250,235 1023 363 1023 1023 853,235 1023 363 1023 1023 853,True
glv-j0-32,tail-pair-periodic-gated27,0,60,6246984,294 1023 1023 1023 104 606,294 1023 1023 1023 104 606,True
glv-j0-32,tail-pair-periodic-gated27,0,61,9982923,241 1023 631 1023 1023 1023 748,241 1023 631 1023 1023 1023 748,True
glv-j0-32,tail-pair-periodic-gated27,0,62,13120819,880 1023 111 1023 0 728,880 1023 111 1023 0 728,True
glv-j0-32,tail-pair-periodic-gated27,0,63,8699668,108 1023 1023 105 7 264,108 1023 1023 105 7 264,True
glv-j0-32,tail-pair-periodic-canonical,1,0,4215455,247 1023 757 1023 21 284,247 1023 757 1023 21 284,True
glv-j0-32,tail-pair-periodic-canonical,1,1,21959376,757 1023 755 1023 756 1023 631,757 1023 755 1023 756 1023 631,True
glv-j0-32,tail-pair-periodic-canonical,1,2,21354941,111 1023 375 1023 7 581,111 1023 375 1023 7 581,True
glv-j0-32,tail-pair-periodic-canonical,1,3,22480996,753 1023 361 1023 104 310,753 1023 361 1023 104 310,True
glv-j0-32,tail-pair-periodic-canonical,1,4,16866960,113 1023 1023 109 710,113 1023 1023 109 710,True
glv-j0-32,tail-pair-periodic-canonical,1,5,145771,883 1023 760 1023 104 94,883 1023 760 1023 104 94,True
glv-j0-32,tail-pair-periodic-canonical,1,6,12085259,236 1023 106 556,236 1023 106 556,True
glv-j0-32,tail-pair-periodic-canonical,1,7,1582806,106 1023 1023 115 1023 95 625,106 1023 1023 115 1023 95 625,True
glv-j0-32,tail-pair-periodic-canonical,1,8,8226197,887 1023 620 1023 1023 95 364,887 1023 620 1023 1023 95 364,True
glv-j0-32,tail-pair-periodic-canonical,1,9,8014407,362 1023 875 1023 1023 596,362 1023 875 1023 1023 596,True
glv-j0-32,tail-pair-periodic-canonical,1,10,12050686,240 1023 881 1023 104 614,240 1023 881 1023 104 614,True
glv-j0-32,tail-pair-periodic-canonical,1,11,22303428,244 1023 754 1023 8 746,244 1023 754 1023 8 746,True
glv-j0-32,tail-pair-periodic-canonical,1,12,8276265,240 1023 370 1023 8 748,240 1023 370 1023 8 748,True
glv-j0-32,tail-pair-periodic-canonical,1,13,10581163,1023 752 1023 759 1023 225,1023 752 1023 759 1023 225,True
glv-j0-32,tail-pair-periodic-canonical,1,14,450877,629 1023 623 1023 95 747,629 1023 623 1023 95 747,True
glv-j0-32,tail-pair-periodic-canonical,1,15,8400059,758 1023 626 1023 13 757,758 1023 626 1023 13 757,True
glv-j0-32,tail-pair-periodic-canonical,1,16,5748051,757 1023 241 1023 1023 227,757 1023 241 1023 1023 227,True
glv-j0-32,tail-pair-periodic-canonical,1,17,11293922,119 1023 886 1023 16 734,119 1023 886 1023 16 734,True
glv-j0-32,tail-pair-periodic-canonical,1,18,20064487,105 1023 238 1023 1023 865,105 1023 238 1023 1023 865,True
glv-j0-32,tail-pair-periodic-canonical,1,19,108389,240 1023 887 1023 19 302,240 1023 887 1023 19 302,True
glv-j0-32,tail-pair-periodic-canonical,1,20,14763815,1023 246 1023 368 1023 360,1023 246 1023 368 1023 360,True
glv-j0-32,tail-pair-periodic-canonical,1,21,13726473,881 1023 116 1023 104 228,881 1023 116 1023 104 228,True
glv-j0-32,tail-pair-periodic-canonical,1,22,1660483,247 1023 623 1023 10 319,247 1023 623 1023 10 319,True
glv-j0-32,tail-pair-periodic-canonical,1,23,510938,373 1023 372 1023 1023 337,373 1023 372 1023 1023 337,True
glv-j0-32,tail-pair-periodic-canonical,1,24,13885032,367 1023 863 1023 1023 834,367 1023 863 1023 1023 834,True
glv-j0-32,tail-pair-periodic-canonical,1,25,14251841,618 1023 748 1023 1023 1023 752,618 1023 748 1023 1023 1023 752,True
glv-j0-32,tail-pair-periodic-canonical,1,26,10302284,115 1023 243 1023 0 729,115 1023 243 1023 0 729,True
glv-j0-32,tail-pair-periodic-canonical,1,27,2417548,366 1023 1023 351 1023 104 728,366 1023 1023 351 1023 104 728,True
glv-j0-32,tail-pair-periodic-canonical,1,28,19850332,372 1023 624 1023 12 703,372 1023 624 1023 12 703,True
glv-j0-32,tail-pair-periodic-canonical,1,29,17653620,1023 755 1023 885 1023 828,1023 755 1023 885 1023 828,True
glv-j0-32,tail-pair-periodic-canonical,1,30,2752607,116 1023 239 1023 7 730,116 1023 239 1023 7 730,True
glv-j0-32,tail-pair-periodic-canonical,1,31,14235130,116 1023 630 1023 1023 104 375,116 1023 630 1023 1023 104 375,True
glv-j0-32,tail-pair-periodic-canonical,1,32,120553,117 1023 373 1023 12 281,117 1023 373 1023 12 281,True
glv-j0-32,tail-pair-periodic-canonical,1,33,2962796,1023 367 1023 95 346,1023 367 1023 95 346,True
glv-j0-32,tail-pair-periodic-canonical,1,34,6685254,114 1023 244 1023 7 699,114 1023 244 1023 7 699,True
glv-j0-32,tail-pair-periodic-canonical,1,35,23177175,760 1023 607 1023 104 341,760 1023 607 1023 104 341,True
glv-j0-32,tail-pair-periodic-canonical,1,36,20853272,887 1023 630 1023 105 73,887 1023 630 1023 105 73,True
glv-j0-32,tail-pair-periodic-canonical,1,37,13870253,630 1023 368 1023 804,630 1023 368 1023 804,True
glv-j0-32,tail-pair-periodic-canonical,1,38,2188830,372 1023 882 1023 95 83,372 1023 882 1023 95 83,True
glv-j0-32,tail-pair-periodic-canonical,1,39,5960148,361 1023 616 1023 106 715,361 1023 616 1023 106 715,True
glv-j0-32,tail-pair-periodic-canonical,1,40,11782325,236 1023 233 1023 106 81,236 1023 233 1023 106 81,True
glv-j0-32,tail-pair-periodic-canonical,1,41,1323365,751 1023 746 1023 1023 71,751 1023 746 1023 1023 71,True
glv-j0-32,tail-pair-periodic-canonical,1,42,3516968,752 1023 118 1023 1023 1023 119,752 1023 118 1023 1023 1023 119,True
glv-j0-32,tail-pair-periodic-canonical,1,43,10354331,375 1023 880 1023 16 568,375 1023 880 1023 16 568,True
glv-j0-32,tail-pair-periodic-canonical,1,44,6389956,118 1023 239 1023 1 721,118 1023 239 1023 1 721,True
glv-j0-32,tail-pair-periodic-canonical,1,45,13691139,625 1023 116 1023 3 697,625 1023 116 1023 3 697,True
glv-j0-32,tail-pair-periodic-canonical,1,46,56503,375 1023 242 1023 9 725,375 1023 242 1023 9 725,True
glv-j0-32,tail-pair-periodic-canonical,1,47,22689808,1023 751 1023 367 1023 95 624,1023 751 1023 367 1023 95 624,True
glv-j0-32,tail-pair-periodic-canonical,1,48,10805717,369 1023 744 1023 95 752,369 1023 744 1023 95 752,True
glv-j0-32,tail-pair-periodic-canonical,1,49,16693250,247 1023 887 1023 630,247 1023 887 1023 630,True
glv-j0-32,tail-pair-periodic-canonical,1,50,23357249,748 1023 1023 246 1023 374,748 1023 1023 246 1023 374,True
glv-j0-32,tail-pair-periodic-canonical,1,51,7811101,236 1023 248 1023 106 352,236 1023 248 1023 106 352,True
glv-j0-32,tail-pair-periodic-canonical,1,52,14367569,630 1023 247 1023 0 363,630 1023 247 1023 0 363,True
glv-j0-32,tail-pair-periodic-canonical,1,53,12124169,243 1023 241 1023 0 235,243 1023 241 1023 0 235,True
glv-j0-32,tail-pair-periodic-canonical,1,54,7144063,623 1023 110 1023 1023 94,623 1023 110 1023 1023 94,True
glv-j0-32,tail-pair-periodic-canonical,1,55,3763107,244 1023 119 1023 119 1023 376,244 1023 119 1023 119 1023 376,True
glv-j0-32,tail-pair-periodic-canonical,1,56,3779830,752 1023 758 1023 105 717,752 1023 758 1023 105 717,True
glv-j0-32,tail-pair-periodic-canonical,1,57,7034212,1023 881 1023 1023 9 76,1023 881 1023 1023 9 76,True
glv-j0-32,tail-pair-periodic-canonical,1,58,729355,758 1023 371 1023 8 712,758 1023 371 1023 8 712,True
glv-j0-32,tail-pair-periodic-canonical,1,59,5702289,118 1023 107 1023 1023 102,118 1023 107 1023 1023 102,True
glv-j0-32,tail-pair-periodic-canonical,1,60,21144100,117 1023 374 1023 857,117 1023 374 1023 857,True
glv-j0-32,tail-pair-periodic-canonical,1,61,20071893,752 1023 232 1023 1023 1023 880,752 1023 232 1023 1023 1023 880,True
glv-j0-32,tail-pair-periodic-canonical,1,62,743925,95 1023 237 1023 95 318,95 1023 237 1023 95 318,True
glv-j0-32,tail-pair-periodic-canonical,1,63,14737453,370 1023 372 1023 16 313,370 1023 372 1023 16 313,True
glv-j0-32,tail-pair-periodic-gated27,1,0,4215455,247 1023 757 1023 21 284,247 1023 757 1023 21 284,True
glv-j0-32,tail-pair-periodic-gated27,1,1,21959376,191 1023 1023 8 3 262,191 1023 1023 8 3 262,True
glv-j0-32,tail-pair-periodic-gated27,1,2,21354941,111 1023 375 1023 7 581,111 1023 375 1023 7 581,True
glv-j0-32,tail-pair-periodic-gated27,1,3,22480996,753 1023 361 1023 104 310,753 1023 361 1023 104 310,True
glv-j0-32,tail-pair-periodic-gated27,1,4,16866960,113 1023 1023 109 710,113 1023 1023 109 710,True
glv-j0-32,tail-pair-periodic-gated27,1,5,145771,288 1023 1023 268 11,288 1023 1023 268 11,True
glv-j0-32,tail-pair-periodic-gated27,1,6,12085259,236 1023 106 556,236 1023 106 556,True
glv-j0-32,tail-pair-periodic-gated27,1,7,1582806,106 1023 1023 7 7 112,106 1023 1023 7 7 112,True
glv-j0-32,tail-pair-periodic-gated27,1,8,8226197,283 1023 1023 13 3 102,283 1023 1023 13 3 102,True
glv-j0-32,tail-pair-periodic-gated27,1,9,8014407,362 1023 875 1023 1023 596,362 1023 875 1023 1023 596,True
glv-j0-32,tail-pair-periodic-gated27,1,10,12050686,712 1023 1023 4 179,712 1023 1023 4 179,True
glv-j0-32,tail-pair-periodic-gated27,1,11,22303428,866 1023 1023 120 1023 845,866 1023 1023 120 1023 845,True
glv-j0-32,tail-pair-periodic-gated27,1,12,8276265,240 1023 370 1023 8 748,240 1023 370 1023 8 748,True
glv-j0-32,tail-pair-periodic-gated27,1,13,10581163,1023 719 1023 1023 779,1023 719 1023 1023 779,True
glv-j0-32,tail-pair-periodic-gated27,1,14,450877,99 1023 1023 18 17,99 1023 1023 18 17,True
glv-j0-32,tail-pair-periodic-gated27,1,15,8400059,758 1023 626 1023 13 757,758 1023 626 1023 13 757,True
glv-j0-32,tail-pair-periodic-gated27,1,16,5748051,757 1023 241 1023 1023 227,757 1023 241 1023 1023 227,True
glv-j0-32,tail-pair-periodic-gated27,1,17,11293922,119 1023 886 1023 16 734,119 1023 886 1023 16 734,True
glv-j0-32,tail-pair-periodic-gated27,1,18,20064487,105 1023 238 1023 1023 865,105 1023 238 1023 1023 865,True
glv-j0-32,tail-pair-periodic-gated27,1,19,108389,851 1023 1023 545 129,851 1023 1023 545 129,True
glv-j0-32,tail-pair-periodic-gated27,1,20,14763815,1023 246 1023 368 1023 360,1023 246 1023 368 1023 360,True
glv-j0-32,tail-pair-periodic-gated27,1,21,13726473,727 1023 1023 2 793,727 1023 1023 2 793,True
glv-j0-32,tail-pair-periodic-gated27,1,22,1660483,247 1023 623 1023 10 319,247 1023 623 1023 10 319,True
glv-j0-32,tail-pair-periodic-gated27,1,23,510938,373 1023 372 1023 1023 337,373 1023 372 1023 1023 337,True
glv-j0-32,tail-pair-periodic-gated27,1,24,13885032,367 1023 863 1023 1023 834,367 1023 863 1023 1023 834,True
glv-j0-32,tail-pair-periodic-gated27,1,25,14251841,95 145 1023 1023 723,95 145 1023 1023 723,True
glv-j0-32,tail-pair-periodic-gated27,1,26,10302284,728 1023 1023 151 1023 1023 871,728 1023 1023 151 1023 1023 871,True
glv-j0-32,tail-pair-periodic-gated27,1,27,2417548,366 1023 1023 351 1023 104 728,366 1023 1023 351 1023 104 728,True
glv-j0-32,tail-pair-periodic-gated27,1,28,19850332,610 1023 1023 1023 12 703,610 1023 1023 1023 12 703,True
glv-j0-32,tail-pair-periodic-gated27,1,29,17653620,1023 755 1023 885 1023 828,1023 755 1023 885 1023 828,True
glv-j0-32,tail-pair-periodic-gated27,1,30,2752607,116 1023 239 1023 7 730,116 1023 239 1023 7 730,True
glv-j0-32,tail-pair-periodic-gated27,1,31,14235130,176 1023 1023 806 1023 1023 756,176 1023 1023 806 1023 1023 756,True
glv-j0-32,tail-pair-periodic-gated27,1,32,120553,117 1023 373 1023 12 281,117 1023 373 1023 12 281,True
glv-j0-32,tail-pair-periodic-gated27,1,33,2962796,1023 300 1023 1023 353,1023 300 1023 1023 353,True
glv-j0-32,tail-pair-periodic-gated27,1,34,6685254,818 1023 1023 222 1023 1023 753,818 1023 1023 222 1023 1023 753,True
glv-j0-32,tail-pair-periodic-gated27,1,35,23177175,95 174 1023 1023 1023 349,95 174 1023 1023 1023 349,True
glv-j0-32,tail-pair-periodic-gated27,1,36,20853272,657 1023 1023 618 1023 90,657 1023 1023 618 1023 90,True
glv-j0-32,tail-pair-periodic-gated27,1,37,13870253,630 1023 368 1023 804,630 1023 368 1023 804,True
glv-j0-32,tail-pair-periodic-gated27,1,38,2188830,610 1023 1023 362 1023 864,610 1023 1023 362 1023 864,True
glv-j0-32,tail-pair-periodic-gated27,1,39,5960148,361 1023 616 1023 106 715,361 1023 616 1023 106 715,True
glv-j0-32,tail-pair-periodic-gated27,1,40,11782325,236 1023 233 1023 106 81,236 1023 233 1023 106 81,True
glv-j0-32,tail-pair-periodic-gated27,1,41,1323365,751 1023 746 1023 1023 71,751 1023 746 1023 1023 71,True
glv-j0-32,tail-pair-periodic-gated27,1,42,3516968,752 1023 118 1023 1023 1023 119,752 1023 118 1023 1023 1023 119,True
glv-j0-32,tail-pair-periodic-gated27,1,43,10354331,375 1023 880 1023 16 568,375 1023 880 1023 16 568,True
glv-j0-32,tail-pair-periodic-gated27,1,44,6389956,118 1023 239 1023 1 721,118 1023 239 1023 1 721,True
glv-j0-32,tail-pair-periodic-gated27,1,45,13691139,625 1023 116 1023 3 697,625 1023 116 1023 3 697,True
glv-j0-32,tail-pair-periodic-gated27,1,46,56503,375 1023 242 1023 9 725,375 1023 242 1023 9 725,True
glv-j0-32,tail-pair-periodic-gated27,1,47,22689808,1023 751 1023 367 1023 95 624,1023 751 1023 367 1023 95 624,True
glv-j0-32,tail-pair-periodic-gated27,1,48,10805717,1 243 1023 1023 780,1 243 1023 1023 780,True
glv-j0-32,tail-pair-periodic-gated27,1,49,16693250,247 1023 887 1023 630,247 1023 887 1023 630,True
glv-j0-32,tail-pair-periodic-gated27,1,50,23357249,748 1023 1023 246 1023 374,748 1023 1023 246 1023 374,True
glv-j0-32,tail-pair-periodic-gated27,1,51,7811101,236 1023 248 1023 106 352,236 1023 248 1023 106 352,True
glv-j0-32,tail-pair-periodic-gated27,1,52,14367569,615 1023 1023 799 1023 1023 871,615 1023 1023 799 1023 1023 871,True
glv-j0-32,tail-pair-periodic-gated27,1,53,12124169,243 1023 241 1023 0 235,243 1023 241 1023 0 235,True
glv-j0-32,tail-pair-periodic-gated27,1,54,7144063,623 1023 110 1023 1023 94,623 1023 110 1023 1023 94,True
glv-j0-32,tail-pair-periodic-gated27,1,55,3763107,91 1023 1023 821 1023 1023 376,91 1023 1023 821 1023 1023 376,True
glv-j0-32,tail-pair-periodic-gated27,1,56,3779830,752 1023 758 1023 105 717,752 1023 758 1023 105 717,True
glv-j0-32,tail-pair-periodic-gated27,1,57,7034212,1023 881 1023 1023 9 76,1023 881 1023 1023 9 76,True
glv-j0-32,tail-pair-periodic-gated27,1,58,729355,324 1023 1023 1023 8 712,324 1023 1023 1023 8 712,True
glv-j0-32,tail-pair-periodic-gated27,1,59,5702289,350 1023 1023 95 655,350 1023 1023 95 655,True
glv-j0-32,tail-pair-periodic-gated27,1,60,21144100,117 1023 374 1023 857,117 1023 374 1023 857,True
glv-j0-32,tail-pair-periodic-gated27,1,61,20071893,11 323 1023 1023 846,11 323 1023 1023 846,True
glv-j0-32,tail-pair-periodic-gated27,1,62,743925,95 1023 237 1023 95 318,95 1023 237 1023 95 318,True
glv-j0-32,tail-pair-periodic-gated27,1,63,14737453,613 1023 1023 135 159,613 1023 1023 135 159,True
glv-j0-32,tail-pair-periodic-canonical,2,0,13302568,884 1023 873 1023 95 86,884 1023 873 1023 95 86,True
glv-j0-32,tail-pair-periodic-canonical,2,1,6235454,110 1023 1023 1023 8 698,110 1023 1023 1023 8 698,True
glv-j0-32,tail-pair-periodic-canonical,2,2,5108284,874 1023 1023 312,874 1023 1023 312,True
glv-j0-32,tail-pair-periodic-canonical,2,3,22754115,248 1023 1023 361 1023 104 358,248 1023 1023 361 1023 104 358,True
glv-j0-32,tail-pair-periodic-canonical,2,4,1858100,1023 247 1023 618 1023 1023 881,1023 247 1023 618 1023 1023 881,True
glv-j0-32,tail-pair-periodic-canonical,2,5,16006557,95 1023 1023 19,95 1023 1023 19,True
glv-j0-32,tail-pair-periodic-canonical,2,6,225686,625 1023 622 1023 1023 759,625 1023 622 1023 1023 759,True
glv-j0-32,tail-pair-periodic-canonical,2,7,5838502,1023 1023 375 1023 0 724,1023 1023 375 1023 0 724,True
glv-j0-32,tail-pair-periodic-canonical,2,8,23278872,623 1023 368 1023 106 345,623 1023 368 1023 106 345,True
glv-j0-32,tail-pair-periodic-canonical,2,9,4547580,363 1023 236 1023 1023 732,363 1023 236 1023 1023 732,True
glv-j0-32,tail-pair-periodic-canonical,2,10,15301724,360 1023 875 1023 105 736,360 1023 875 1023 105 736,True
glv-j0-32,tail-pair-periodic-canonical,2,11,14231554,1023 1023 369 1023 17,1023 1023 369 1023 17,True
glv-j0-32,tail-pair-periodic-canonical,2,12,1407750,367 1023 244 1023 95,367 1023 244 1023 95,True
glv-j0-32,tail-pair-periodic-canonical,2,13,7668838,1023 242 1023 372 1023 221,1023 242 1023 372 1023 221,True
glv-j0-32,tail-pair-periodic-canonical,2,14,16063165,119 1023 112 1023 1 725,119 1023 112 1023 1 725,True
glv-j0-32,tail-pair-periodic-canonical,2,15,8834285,244 1023 247 1023 818,244 1023 247 1023 818,True
glv-j0-32,tail-pair-periodic-canonical,2,16,18562374,244 1023 629 1023 330,244 1023 629 1023 330,True
glv-j0-32,tail-pair-periodic-canonical,2,17,5952621,758 1023 880 1023 107 1023 362,758 1023 880 1023 107 1023 362,True
glv-j0-32,tail-pair-periodic-canonical,2,18,3142739,759 1023 760 1023 95 306,759 1023 760 1023 95 306,True
glv-j0-32,tail-pair-periodic-canonical,2,19,17984378,375 1023 881 1023 104 342,375 1023 881 1023 104 342,True
glv-j0-32,tail-pair-periodic-canonical,2,20,12238526,104 1023 108 1023 106 239,104 1023 108 1023 106 239,True
glv-j0-32,tail-pair-periodic-canonical,2,21,242532,373 1023 879 1023 116 1023 362,373 1023 879 1023 116 1023 362,True
glv-j0-32,tail-pair-periodic-canonical,2,22,9909437,621 1023 617 1023 105 711,621 1023 617 1023 105 711,True
glv-j0-32,tail-pair-periodic-canonical,2,23,18474936,371 1023 113 1023 3 725,371 1023 113 1023 3 725,True
glv-j0-32,tail-pair-periodic-canonical,2,24,10909407,1023 756 1023 627 1023 1023 879,1023 756 1023 627 1023 1023 879,True
glv-j0-32,tail-pair-periodic-canonical,2,25,6059652,863 1023 747 1023 1023 1023 1023 880,863 1023 747 1023 1023 1023 1023 880,True
glv-j0-32,tail-pair-periodic-canonical,2,26,23677906,374 1023 881 1023 561,374 1023 881 1023 561,True
glv-j0-32,tail-pair-periodic-canonical,2,27,20184477,360 1023 361 1023 106 346,360 1023 361 1023 106 346,True
glv-j0-32,tail-pair-periodic-canonical,2,28,4891012,365 1023 1023 15 577,365 1023 1023 15 577,True
glv-j0-32,tail-pair-periodic-canonical,2,29,17610509,885 1023 880 1023 3 874,885 1023 880 1023 3 874,True
glv-j0-32,tail-pair-periodic-canonical,2,30,6817670,757 1023 1023 230 641,757 1023 1023 230 641,True
glv-j0-32,tail-pair-periodic-canonical,2,31,11365730,115 1023 119 1023 888 1023 888,115 1023 119 1023 888 1023 888,True
glv-j0-32,tail-pair-periodic-canonical,2,32,6571128,748 1023 1023 40 657,748 1023 1023 40 657,True
glv-j0-32,tail-pair-periodic-canonical,2,33,17981455,753 1023 863 1023 104 724,753 1023 863 1023 104 724,True
glv-j0-32,tail-pair-periodic-canonical,2,34,22972071,238 1023 875 1023 104 117,238 1023 875 1023 104 117,True
glv-j0-32,tail-pair-periodic-canonical,2,35,1116987,223 1023 1023 236 1023 845,223 1023 1023 236 1023 845,True
glv-j0-32,tail-pair-periodic-canonical,2,36,1228050,879 1023 748 1023 120 1023 874,879 1023 748 1023 120 1023 874,True
glv-j0-32,tail-pair-periodic-canonical,2,37,8952436,754 1023 752 1023 375 1023 228,754 1023 752 1023 375 1023 228,True
glv-j0-32,tail-pair-periodic-canonical,2,38,21766963,885 1023 240 1023 1023 881,885 1023 240 1023 1023 881,True
glv-j0-32,tail-pair-periodic-canonical,2,39,20236457,366 1023 110 528,366 1023 110 528,True
glv-j0-32,tail-pair-periodic-canonical,2,40,17889775,105 1023 364 1023 1023 99,105 1023 364 1023 1023 99,True
glv-j0-32,tail-pair-periodic-canonical,2,41,8982386,242 1023 883 1023 4 711,242 1023 883 1023 4 711,True
glv-j0-32,tail-pair-periodic-canonical,2,42,17028560,1023 884 1023 1 366,1023 884 1023 1 366,True
glv-j0-32,tail-pair-periodic-canonical,2,43,11590817,246 1023 880 1023 759 1023 631,246 1023 880 1023 759 1023 631,True
glv-j0-32,tail-pair-periodic-canonical,2,44,17358709,1023 756 1023 758 1023 366,1023 756 1023 758 1023 366,True
glv-j0-32,tail-pair-periodic-canonical,2,45,16318898,881 1023 626 1023 8 574,881 1023 626 1023 8 574,True
glv-j0-32,tail-pair-periodic-canonical,2,46,19649656,116 1023 886 1023 59 302,116 1023 886 1023 59 302,True
glv-j0-32,tail-pair-periodic-canonical,2,47,22771930,625 1023 243 1023 2 726,625 1023 243 1023 2 726,True
glv-j0-32,tail-pair-periodic-canonical,2,48,21184646,886 1023 116 1023 1 286,886 1023 116 1023 1 286,True
glv-j0-32,tail-pair-periodic-canonical,2,49,7341021,106 1023 873 1023 104 613,106 1023 873 1023 104 613,True
glv-j0-32,tail-pair-periodic-canonical,2,50,19286731,630 1023 232 1023 326,630 1023 232 1023 326,True
glv-j0-32,tail-pair-periodic-canonical,2,51,2370314,238 1023 620 1023 745,238 1023 620 1023 745,True
glv-j0-32,tail-pair-periodic-canonical,2,52,1199855,242 1023 751 1023 1023 95 96,242 1023 751 1023 1023 95 96,True
glv-j0-32,tail-pair-periodic-canonical,2,53,4578831,115 1023 758 1023 1023 746,115 1023 758 1023 1023 746,True
glv-j0-32,tail-pair-periodic-canonical,2,54,22110870,632 1023 237 1023 1023 76,632 1023 237 1023 1023 76,True
glv-j0-32,tail-pair-periodic-canonical,2,55,9923441,879 1023 369 1023 7 688,879 1023 369 1023 7 688,True
glv-j0-32,tail-pair-periodic-canonical,2,56,12699284,246 1023 114 1023 16 336,246 1023 114 1023 16 336,True
glv-j0-32,tail-pair-periodic-canonical,2,57,18641757,882 1023 375 1023 538,882 1023 375 1023 538,True
glv-j0-32,tail-pair-periodic-canonical,2,58,15319589,618 1023 1023 744 1023 1023 236,618 1023 1023 744 1023 1023 236,True
glv-j0-32,tail-pair-periodic-canonical,2,59,7460633,244 1023 247 1023 3 711,244 1023 247 1023 3 711,True
glv-j0-32,tail-pair-periodic-canonical,2,60,17421111,884 1023 876 1023 1023 577,884 1023 876 1023 1023 577,True
glv-j0-32,tail-pair-periodic-canonical,2,61,8216441,372 1023 629 1023 3 362,372 1023 629 1023 3 362,True
glv-j0-32,tail-pair-periodic-canonical,2,62,22948851,885 1023 631 1023 128,885 1023 631 1023 128,True
glv-j0-32,tail-pair-periodic-canonical,2,63,15211504,1023 621 1023 1023 2 113,1023 621 1023 1023 2 113,True
glv-j0-32,tail-pair-periodic-gated27,2,0,13302568,884 1023 873 1023 95 86,884 1023 873 1023 95 86,True
glv-j0-32,tail-pair-periodic-gated27,2,1,6235454,110 1023 1023 1023 8 698,110 1023 1023 1023 8 698,True
glv-j0-32,tail-pair-periodic-gated27,2,2,5108284,874 1023 1023 312,874 1023 1023 312,True
glv-j0-32,tail-pair-periodic-gated27,2,3,22754115,248 1023 1023 95 104 609,248 1023 1023 95 104 609,True
glv-j0-32,tail-pair-periodic-gated27,2,4,1858100,1023 247 1023 618 1023 1023 881,1023 247 1023 618 1023 1023 881,True
glv-j0-32,tail-pair-periodic-gated27,2,5,16006557,95 1023 1023 19,95 1023 1023 19,True
glv-j0-32,tail-pair-periodic-gated27,2,6,225686,625 1023 622 1023 1023 759,625 1023 622 1023 1023 759,True
glv-j0-32,tail-pair-periodic-gated27,2,7,5838502,1023 1023 145 1023 1023 73,1023 1023 145 1023 1023 73,True
glv-j0-32,tail-pair-periodic-gated27,2,8,23278872,348 1023 1023 1023 106 345,348 1023 1023 1023 106 345,True
glv-j0-32,tail-pair-periodic-gated27,2,9,4547580,363 1023 236 1023 1023 732,363 1023 236 1023 1023 732,True
glv-j0-32,tail-pair-periodic-gated27,2,10,15301724,104 334 1023 1023 562,104 334 1023 1023 562,True
glv-j0-32,tail-pair-periodic-gated27,2,11,14231554,1023 1023 369 1023 17,1023 1023 369 1023 17,True
glv-j0-32,tail-pair-periodic-gated27,2,12,1407750,367 1023 244 1023 95,367 1023 244 1023 95,True
glv-j0-32,tail-pair-periodic-gated27,2,13,7668838,1023 242 1023 372 1023 221,1023 242 1023 372 1023 221,True
glv-j0-32,tail-pair-periodic-gated27,2,14,16063165,119 1023 112 1023 1 725,119 1023 112 1023 1 725,True
glv-j0-32,tail-pair-periodic-gated27,2,15,8834285,244 1023 247 1023 818,244 1023 247 1023 818,True
glv-j0-32,tail-pair-periodic-gated27,2,16,18562374,244 1023 629 1023 330,244 1023 629 1023 330,True
glv-j0-32,tail-pair-periodic-gated27,2,17,5952621,758 1023 880 1023 107 1023 362,758 1023 880 1023 107 1023 362,True
glv-j0-32,tail-pair-periodic-gated27,2,18,3142739,759 1023 760 1023 95 306,759 1023 760 1023 95 306,True
glv-j0-32,tail-pair-periodic-gated27,2,19,17984378,145 1023 1023 800 133,145 1023 1023 800 133,True
glv-j0-32,tail-pair-periodic-gated27,2,20,12238526,104 1023 108 1023 106 239,104 1023 108 1023 106 239,True
glv-j0-32,tail-pair-periodic-gated27,2,21,242532,373 1023 879 1023 116 1023 362,373 1023 879 1023 116 1023 362,True
glv-j0-32,tail-pair-periodic-gated27,2,22,9909437,621 1023 617 1023 105 711,621 1023 617 1023 105 711,True
glv-j0-32,tail-pair-periodic-gated27,2,23,18474936,371 1023 113 1023 3 725,371 1023 113 1023 3 725,True
glv-j0-32,tail-pair-periodic-gated27,2,24,10909407,1023 756 1023 627 1023 1023 879,1023 756 1023 627 1023 1023 879,True
glv-j0-32,tail-pair-periodic-gated27,2,25,6059652,104 206 1023 1023 16 114,104 206 1023 1023 16 114,True
glv-j0-32,tail-pair-periodic-gated27,2,26,23677906,374 1023 881 1023 561,374 1023 881 1023 561,True
glv-j0-32,tail-pair-periodic-gated27,2,27,20184477,360 1023 361 1023 106 346,360 1023 361 1023 106 346,True
glv-j0-32,tail-pair-periodic-gated27,2,28,4891012,365 1023 1023 15 577,365 1023 1023 15 577,True
glv-j0-32,tail-pair-periodic-gated27,2,29,17610509,204 1023 1023 1023 3 874,204 1023 1023 1023 3 874,True
glv-j0-32,tail-pair-periodic-gated27,2,30,6817670,757 1023 1023 230 641,757 1023 1023 230 641,True
glv-j0-32,tail-pair-periodic-gated27,2,31,11365730,7 865 1023 1023 105 292,7 865 1023 1023 105 292,True
glv-j0-32,tail-pair-periodic-gated27,2,32,6571128,748 1023 1023 40 657,748 1023 1023 40 657,True
glv-j0-32,tail-pair-periodic-gated27,2,33,17981455,790 1023 1023 312 1023 1023 371,790 1023 1023 312 1023 1023 371,True
glv-j0-32,tail-pair-periodic-gated27,2,34,22972071,238 1023 875 1023 104 117,238 1023 875 1023 104 117,True
glv-j0-32,tail-pair-periodic-gated27,2,35,1116987,223 1023 1023 236 1023 845,223 1023 1023 236 1023 845,True
glv-j0-32,tail-pair-periodic-gated27,2,36,1228050,656 1023 1023 1023 104 820,656 1023 1023 1023 104 820,True
glv-j0-32,tail-pair-periodic-gated27,2,37,8952436,754 1023 752 1023 375 1023 228,754 1023 752 1023 375 1023 228,True
glv-j0-32,tail-pair-periodic-gated27,2,38,21766963,885 1023 240 1023 1023 881,885 1023 240 1023 1023 881,True
glv-j0-32,tail-pair-periodic-gated27,2,39,20236457,366 1023 110 528,366 1023 110 528,True
glv-j0-32,tail-pair-periodic-gated27,2,40,17889775,105 1023 364 1023 1023 99,105 1023 364 1023 1023 99,True
glv-j0-32,tail-pair-periodic-gated27,2,41,8982386,804 1023 1023 1023 4 711,804 1023 1023 1023 4 711,True
glv-j0-32,tail-pair-periodic-gated27,2,42,17028560,1023 663 1023 1023 85,1023 663 1023 1023 85,True
glv-j0-32,tail-pair-periodic-gated27,2,43,11590817,246 1023 880 1023 759 1023 631,246 1023 880 1023 759 1023 631,True
glv-j0-32,tail-pair-periodic-gated27,2,44,17358709,1023 756 1023 758 1023 366,1023 756 1023 758 1023 366,True
glv-j0-32,tail-pair-periodic-gated27,2,45,16318898,881 1023 626 1023 8 574,881 1023 626 1023 8 574,True
glv-j0-32,tail-pair-periodic-gated27,2,46,19649656,116 1023 886 1023 59 302,116 1023 886 1023 59 302,True
glv-j0-32,tail-pair-periodic-gated27,2,47,22771930,625 1023 243 1023 2 726,625 1023 243 1023 2 726,True
glv-j0-32,tail-pair-periodic-gated27,2,48,21184646,886 1023 116 1023 1 286,886 1023 116 1023 1 286,True
glv-j0-32,tail-pair-periodic-gated27,2,49,7341021,104 882 1023 1023 131,104 882 1023 1023 131,True
glv-j0-32,tail-pair-periodic-gated27,2,50,19286731,630 1023 232 1023 326,630 1023 232 1023 326,True
glv-j0-32,tail-pair-periodic-gated27,2,51,2370314,238 1023 620 1023 745,238 1023 620 1023 745,True
glv-j0-32,tail-pair-periodic-gated27,2,52,1199855,242 1023 751 1023 1023 95 96,242 1023 751 1023 1023 95 96,True
glv-j0-32,tail-pair-periodic-gated27,2,53,4578831,338 1023 1023 3 657,338 1023 1023 3 657,True
glv-j0-32,tail-pair-periodic-gated27,2,54,22110870,632 1023 237 1023 1023 76,632 1023 237 1023 1023 76,True
glv-j0-32,tail-pair-periodic-gated27,2,55,9923441,220 1023 1023 315 1023 1023 239,220 1023 1023 315 1023 1023 239,True
glv-j0-32,tail-pair-periodic-gated27,2,56,12699284,246 1023 114 1023 16 336,246 1023 114 1023 16 336,True
glv-j0-32,tail-pair-periodic-gated27,2,57,18641757,882 1023 375 1023 538,882 1023 375 1023 538,True
glv-j0-32,tail-pair-periodic-gated27,2,58,15319589,618 1023 1023 95 805,618 1023 1023 95 805,True
glv-j0-32,tail-pair-periodic-gated27,2,59,7460633,244 1023 247 1023 3 711,244 1023 247 1023 3 711,True
glv-j0-32,tail-pair-periodic-gated27,2,60,17421111,884 1023 876 1023 1023 577,884 1023 876 1023 1023 577,True
glv-j0-32,tail-pair-periodic-gated27,2,61,8216441,341 1023 1023 248 645,341 1023 1023 248 645,True
glv-j0-32,tail-pair-periodic-gated27,2,62,22948851,885 1023 631 1023 128,885 1023 631 1023 128,True
glv-j0-32,tail-pair-periodic-gated27,2,63,15211504,1023 621 1023 1023 2 113,1023 621 1023 1023 2 113,True
glv-j0-32,tail-pair-periodic-canonical,3,0,17297770,1023 223 1023 616 1023 95 364,1023 223 1023 616 1023 95 364,True
glv-j0-32,tail-pair-periodic-canonical,3,1,14862916,887 1023 752 1023 39,887 1023 752 1023 39,True
glv-j0-32,tail-pair-periodic-canonical,3,2,10125200,886 1023 370 1023 1023 104 112,886 1023 370 1023 1023 104 112,True
glv-j0-32,tail-pair-periodic-canonical,3,3,10638788,625 1023 631 1023 104 232,625 1023 631 1023 104 232,True
glv-j0-32,tail-pair-periodic-canonical,3,4,14435906,372 1023 1023 882 1023 841,372 1023 1023 882 1023 841,True
glv-j0-32,tail-pair-periodic-canonical,3,5,2586190,881 1023 108 1023 1023 1023 752,881 1023 108 1023 1023 1023 752,True
glv-j0-32,tail-pair-periodic-canonical,3,6,9693698,745 1023 1023 105 593,745 1023 1023 105 593,True
glv-j0-32,tail-pair-periodic-canonical,3,7,15851015,887 1023 886 1023 753 1023 631,887 1023 886 1023 753 1023 631,True
glv-j0-32,tail-pair-periodic-canonical,3,8,11682161,371 1023 242 1023 2 580,371 1023 242 1023 2 580,True
glv-j0-32,tail-pair-periodic-canonical,3,9,14857098,886 1023 619 1023 863 1023 95 628,886 1023 619 1023 863 1023 95 628,True
glv-j0-32,tail-pair-periodic-canonical,3,10,4640401,885 1023 238 1023 745 1023 1023 880,885 1023 238 1023 745 1023 1023 880,True
glv-j0-32,tail-pair-periodic-canonical,3,11,15221779,115 1023 371 1023 315,115 1023 371 1023 315,True
glv-j0-32,tail-pair-periodic-canonical,3,12,10922393,117 1023 1023 240 1023 821,117 1023 1023 240 1023 821,True
glv-j0-32,tail-pair-periodic-canonical,3,13,17060210,114 1023 370 1023 2 294,114 1023 370 1023 2 294,True
glv-j0-32,tail-pair-periodic-canonical,3,14,3606597,754 1023 760 1023 1023 626,754 1023 760 1023 1023 626,True
glv-j0-32,tail-pair-periodic-canonical,3,15,6610647,117 1023 879 1023 0 115,117 1023 879 1023 0 115,True
glv-j0-32,tail-pair-periodic-canonical,3,16,472369,1023 365 1023 235 0,1023 365 1023 235 0,True
glv-j0-32,tail-pair-periodic-canonical,3,17,19441888,630 1023 372 1023 104 854,630 1023 372 1023 104 854,True
glv-j0-32,tail-pair-periodic-canonical,3,18,1059418,629 1023 245 1023 1023 885,629 1023 245 1023 1023 885,True
glv-j0-32,tail-pair-periodic-canonical,3,19,11849862,887 1023 243 1023 7 113,887 1023 243 1023 7 113,True
glv-j0-32,tail-pair-periodic-canonical,3,20,12120995,884 1023 629 1023 1 715,884 1023 629 1023 1 715,True
glv-j0-32,tail-pair-periodic-canonical,3,21,13893212,108 1023 1023 370 1023 848,108 1023 1023 370 1023 848,True
glv-j0-32,tail-pair-periodic-canonical,3,22,19150775,631 1023 119 1023 165,631 1023 119 1023 165,True
glv-j0-32,tail-pair-periodic-canonical,3,23,5442121,374 1023 631 1023 170,374 1023 631 1023 170,True
glv-j0-32,tail-pair-periodic-canonical,3,24,19997707,616 1023 236 1023 1023 342,616 1023 236 1023 1023 342,True
glv-j0-32,tail-pair-periodic-canonical,3,25,12206332,1023 754 1023 373 1023 336,1023 754 1023 373 1023 336,True
glv-j0-32,tail-pair-periodic-canonical,3,26,16150610,372 1023 1 286,372 1023 1 286,True
glv-j0-32,tail-pair-periodic-canonical,3,27,2184449,371 1023 753 1023 1 884,371 1023 753 1023 1 884,True
glv-j0-32,tail-pair-periodic-canonical,3,28,8706691,117 1023 752 1023 2 704,117 1023 752 1023 2 704,True
glv-j0-32,tail-pair-periodic-canonical,3,29,16845399,754 1023 90 514,754 1023 90 514,True
glv-j0-32,tail-pair-periodic-canonical,3,30,23563886,751 1023 1023 105 200,751 1023 1023 105 200,True
glv-j0-32,tail-pair-periodic-canonical,3,31,4620396,360 1023 620 1023 104 720,360 1023 620 1023 104 720,True
glv-j0-32,tail-pair-periodic-canonical,3,32,11325189,880 1023 106 1023 106 352,880 1023 106 1023 106 352,True
glv-j0-32,tail-pair-periodic-canonical,3,33,5727220,376 1023 1023 884 1023 212,376 1023 1023 884 1023 212,True
glv-j0-32,tail-pair-periodic-canonical,3,34,18613716,105 1023 1023 24 697,105 1023 1023 24 697,True
glv-j0-32,tail-pair-periodic-canonical,3,35,4416731,111 1023 631 1023 106 714,111 1023 631 1023 106 714,True
glv-j0-32,tail-pair-periodic-canonical,3,36,14789057,1023 376 1023 1023 170,1023 376 1023 1023 170,True
glv-j0-32,tail-pair-periodic-canonical,3,37,15923420,118 1023 757 1023 12 281,118 1023 757 1023 12 281,True
glv-j0-32,tail-pair-periodic-canonical,3,38,19588971,237 1023 1023 365 1023 1023 740,237 1023 1023 365 1023 1023 740,True
glv-j0-32,tail-pair-periodic-canonical,3,39,4753597,754 1023 735 1023 95 66,754 1023 735 1023 95 66,True
glv-j0-32,tail-pair-periodic-canonical,3,40,17374558,110 1023 95 1023 1023 244,110 1023 95 1023 1023 244,True
glv-j0-32,tail-pair-periodic-canonical,3,41,22574886,104 1023 875 1023 95 697,104 1023 875 1023 95 697,True
glv-j0-32,tail-pair-periodic-canonical,3,42,13563545,247 1023 114 1023 95 350,247 1023 114 1023 95 350,True
glv-j0-32,tail-pair-periodic-canonical,3,43,12321728,624 1023 872 1023 1023 95 734,624 1023 872 1023 1023 95 734,True
glv-j0-32,tail-pair-periodic-canonical,3,44,13210520,361 1023 120 1023 1023 95 879,361 1023 120 1023 1023 95 879,True
glv-j0-32,tail-pair-periodic-canonical,3,45,13935789,117 1023 881 1023 5 749,117 1023 881 1023 5 749,True
glv-j0-32,tail-pair-periodic-canonical,3,46,19762527,116 1023 115 1023 883 1023 740,116 1023 115 1023 883 1023 740,True
glv-j0-32,tail-pair-periodic-canonical,3,47,1459133,755 1023 626 1023 7 887,755 1023 626 1023 7 887,True
glv-j0-32,tail-pair-periodic-canonical,3,48,11448051,745 1023 1023 872 150,745 1023 1023 872 150,True
glv-j0-32,tail-pair-periodic-canonical,3,49,22174710,117 1023 1023 747 1023 1023 883,117 1023 1023 747 1023 1023 883,True
glv-j0-32,tail-pair-periodic-canonical,3,50,11056317,747 1023 874 1023 106 88,747 1023 874 1023 106 88,True
glv-j0-32,tail-pair-periodic-canonical,3,51,206118,239 1023 1023 240 1023 828,239 1023 1023 240 1023 828,True
glv-j0-32,tail-pair-periodic-canonical,3,52,14554095,630 1023 362 1023 104 310,630 1023 362 1023 104 310,True
glv-j0-32,tail-pair-periodic-canonical,3,53,16434740,877 1023 863 1023 95 624,877 1023 863 1023 95 624,True
glv-j0-32,tail-pair-periodic-canonical,3,54,18037764,875 1023 1023 112 1023 104 243,875 1023 1023 112 1023 104 243,True
glv-j0-32,tail-pair-periodic-canonical,3,55,3863627,748 1023 223 1023 104 859,748 1023 223 1023 104 859,True
glv-j0-32,tail-pair-periodic-canonical,3,56,18967738,623 1023 115 1023 0 284,623 1023 115 1023 0 284,True
glv-j0-32,tail-pair-periodic-canonical,3,57,965820,239 1023 245 1023 3 573,239 1023 245 1023 3 573,True
glv-j0-32,tail-pair-periodic-canonical,3,58,11480834,1023 625 1023 375 1023 317,1023 625 1023 375 1023 317,True
glv-j0-32,tail-pair-periodic-canonical,3,59,969989,759 1023 753 1023 233,759 1023 753 1023 233,True
glv-j0-32,tail-pair-periodic-canonical,3,60,1018255,881 1023 631 1023 372 1023 740,881 1023 631 1023 372 1023 740,True
glv-j0-32,tail-pair-periodic-canonical,3,61,10024313,882 1023 751 1023 884 1023 228,882 1023 751 1023 884 1023 228,True
glv-j0-32,tail-pair-periodic-canonical,3,62,21879091,244 1023 241 1023 105 311,244 1023 241 1023 105 311,True
glv-j0-32,tail-pair-periodic-canonical,3,63,825349,884 1023 877 1023 1023 245,884 1023 877 1023 1023 245,True
glv-j0-32,tail-pair-periodic-gated27,3,0,17297770,1023 95 688 1023 1023 826,1023 95 688 1023 1023 826,True
glv-j0-32,tail-pair-periodic-gated27,3,1,14862916,726 1023 1023 1023 39,726 1023 1023 1023 39,True
glv-j0-32,tail-pair-periodic-gated27,3,2,10125200,871 1023 1023 95 106 826,871 1023 1023 95 106 826,True
glv-j0-32,tail-pair-periodic-gated27,3,3,10638788,625 1023 631 1023 104 232,625 1023 631 1023 104 232,True
glv-j0-32,tail-pair-periodic-gated27,3,4,14435906,372 1023 1023 882 1023 841,372 1023 1023 882 1023 841,True
glv-j0-32,tail-pair-periodic-gated27,3,5,2586190,881 1023 108 1023 1023 1023 752,881 1023 108 1023 1023 1023 752,True
glv-j0-32,tail-pair-periodic-gated27,3,6,9693698,745 1023 1023 105 593,745 1023 1023 105 593,True
glv-j0-32,tail-pair-periodic-gated27,3,7,15851015,100 1023 1023 734 1023 1023 631,100 1023 1023 734 1023 1023 631,True
glv-j0-32,tail-pair-periodic-gated27,3,8,11682161,371 1023 242 1023 2 580,371 1023 242 1023 2 580,True
glv-j0-32,tail-pair-periodic-gated27,3,9,14857098,734 1023 1023 0 8 758,734 1023 1023 0 8 758,True
glv-j0-32,tail-pair-periodic-gated27,3,10,4640401,4 864 1023 1023 1 757,4 864 1023 1023 1 757,True
glv-j0-32,tail-pair-periodic-gated27,3,11,15221779,115 1023 371 1023 315,115 1023 371 1023 315,True
glv-j0-32,tail-pair-periodic-gated27,3,12,10922393,117 1023 1023 240 1023 821,117 1023 1023 240 1023 821,True
glv-j0-32,tail-pair-periodic-gated27,3,13,17060210,114 1023 370 1023 2 294,114 1023 370 1023 2 294,True
glv-j0-32,tail-pair-periodic-gated27,3,14,3606597,2 663 1023 1023 302,2 663 1023 1023 302,True
glv-j0-32,tail-pair-periodic-gated27,3,15,6610647,742 1023 1023 3 0,742 1023 1023 3 0,True
glv-j0-32,tail-pair-periodic-gated27,3,16,472369,1023 365 1023 235 0,1023 365 1023 235 0,True
glv-j0-32,tail-pair-periodic-gated27,3,17,19441888,630 1023 372 1023 104 854,630 1023 372 1023 104 854,True
glv-j0-32,tail-pair-periodic-gated27,3,18,1059418,629 1023 245 1023 1023 885,629 1023 245 1023 1023 885,True
glv-j0-32,tail-pair-periodic-gated27,3,19,11849862,887 1023 243 1023 7 113,887 1023 243 1023 7 113,True
glv-j0-32,tail-pair-periodic-gated27,3,20,12120995,8 215 1023 1023 1023 67,8 215 1023 1023 1023 67,True
glv-j0-32,tail-pair-periodic-gated27,3,21,13893212,108 1023 1023 370 1023 848,108 1023 1023 370 1023 848,True
glv-j0-32,tail-pair-periodic-gated27,3,22,19150775,631 1023 119 1023 165,631 1023 119 1023 165,True
glv-j0-32,tail-pair-periodic-gated27,3,23,5442121,374 1023 631 1023 170,374 1023 631 1023 170,True
glv-j0-32,tail-pair-periodic-gated27,3,24,19997707,616 1023 236 1023 1023 342,616 1023 236 1023 1023 342,True
glv-j0-32,tail-pair-periodic-gated27,3,25,12206332,1023 754 1023 373 1023 336,1023 754 1023 373 1023 336,True
glv-j0-32,tail-pair-periodic-gated27,3,26,16150610,219 1023 1023 344,219 1023 1023 344,True
glv-j0-32,tail-pair-periodic-gated27,3,27,2184449,371 1023 753 1023 1 884,371 1023 753 1023 1 884,True
glv-j0-32,tail-pair-periodic-gated27,3,28,8706691,742 1023 1023 1023 2 704,742 1023 1023 1023 2 704,True
glv-j0-32,tail-pair-periodic-gated27,3,29,16845399,754 1023 90 514,754 1023 90 514,True
glv-j0-32,tail-pair-periodic-gated27,3,30,23563886,751 1023 1023 105 200,751 1023 1023 105 200,True
glv-j0-32,tail-pair-periodic-gated27,3,31,4620396,360 1023 620 1023 104 720,360 1023 620 1023 104 720,True
glv-j0-32,tail-pair-periodic-gated27,3,32,11325189,161 1023 1023 39 528,161 1023 1023 39 528,True
glv-j0-32,tail-pair-periodic-gated27,3,33,5727220,376 1023 1023 884 1023 212,376 1023 1023 884 1023 212,True
glv-j0-32,tail-pair-periodic-gated27,3,34,18613716,105 1023 1023 24 697,105 1023 1023 24 697,True
glv-j0-32,tail-pair-periodic-gated27,3,35,4416731,111 1023 631 1023 106 714,111 1023 631 1023 106 714,True
glv-j0-32,tail-pair-periodic-gated27,3,36,14789057,1023 376 1023 1023 170,1023 376 1023 1023 170,True
glv-j0-32,tail-pair-periodic-gated27,3,37,15923420,118 1023 757 1023 12 281,118 1023 757 1023 12 281,True
glv-j0-32,tail-pair-periodic-gated27,3,38,19588971,237 1023 1023 365 1023 1023 740,237 1023 1023 365 1023 1023 740,True
glv-j0-32,tail-pair-periodic-gated27,3,39,4753597,754 1023 735 1023 95 66,754 1023 735 1023 95 66,True
glv-j0-32,tail-pair-periodic-gated27,3,40,17374558,110 1023 95 1023 1023 244,110 1023 95 1023 1023 244,True
glv-j0-32,tail-pair-periodic-gated27,3,41,22574886,104 1023 875 1023 95 697,104 1023 875 1023 95 697,True
glv-j0-32,tail-pair-periodic-gated27,3,42,13563545,218 1023 1023 95 570,218 1023 1023 95 570,True
glv-j0-32,tail-pair-periodic-gated27,3,43,12321728,13 321 1023 1023 17 325,13 321 1023 1023 17 325,True
glv-j0-32,tail-pair-periodic-gated27,3,44,13210520,361 1023 120 1023 1023 95 879,361 1023 120 1023 1023 95 879,True
glv-j0-32,tail-pair-periodic-gated27,3,45,13935789,117 1023 881 1023 5 749,117 1023 881 1023 5 749,True
glv-j0-32,tail-pair-periodic-gated27,3,46,19762527,116 1023 115 1023 883 1023 740,116 1023 115 1023 883 1023 740,True
glv-j0-32,tail-pair-periodic-gated27,3,47,1459133,755 1023 626 1023 7 887,755 1023 626 1023 7 887,True
glv-j0-32,tail-pair-periodic-gated27,3,48,11448051,745 1023 1023 872 150,745 1023 1023 872 150,True
glv-j0-32,tail-pair-periodic-gated27,3,49,22174710,117 1023 1023 747 1023 1023 883,117 1023 1023 747 1023 1023 883,True
glv-j0-32,tail-pair-periodic-gated27,3,50,11056317,747 1023 874 1023 106 88,747 1023 874 1023 106 88,True
glv-j0-32,tail-pair-periodic-gated27,3,51,206118,239 1023 1023 240 1023 828,239 1023 1023 240 1023 828,True
glv-j0-32,tail-pair-periodic-gated27,3,52,14554095,630 1023 362 1023 104 310,630 1023 362 1023 104 310,True
glv-j0-32,tail-pair-periodic-gated27,3,53,16434740,877 1023 863 1023 95 624,877 1023 863 1023 95 624,True
glv-j0-32,tail-pair-periodic-gated27,3,54,18037764,875 1023 1023 16 780,875 1023 1023 16 780,True
glv-j0-32,tail-pair-periodic-gated27,3,55,3863627,748 1023 223 1023 104 859,748 1023 223 1023 104 859,True
glv-j0-32,tail-pair-periodic-gated27,3,56,18967738,623 1023 115 1023 0 284,623 1023 115 1023 0 284,True
glv-j0-32,tail-pair-periodic-gated27,3,57,965820,604 1023 1023 874 1023 1023 241,604 1023 1023 874 1023 1023 241,True
glv-j0-32,tail-pair-periodic-gated27,3,58,11480834,1023 625 1023 375 1023 317,1023 625 1023 375 1023 317,True
glv-j0-32,tail-pair-periodic-gated27,3,59,969989,759 1023 753 1023 233,759 1023 753 1023 233,True
glv-j0-32,tail-pair-periodic-gated27,3,60,1018255,0 861 1023 1023 3 258,0 861 1023 1023 3 258,True
glv-j0-32,tail-pair-periodic-gated27,3,61,10024313,13 4 706 1023 1023 803,13 4 706 1023 1023 803,True
glv-j0-32,tail-pair-periodic-gated27,3,62,21879091,244 1023 241 1023 105 311,244 1023 241 1023 105 311,True
glv-j0-32,tail-pair-periodic-gated27,3,63,825349,884 1023 877 1023 1023 245,884 1023 877 1023 1023 245,True
glv-j0-32,tail-pair-periodic-canonical,4,0,20829,244 1023 154 545,244 1023 154 545,True
glv-j0-32,tail-pair-periodic-canonical,4,1,11384884,242 1023 247 1023 1023 590,242 1023 247 1023 1023 590,True
glv-j0-32,tail-pair-periodic-canonical,4,2,14138830,630 1023 371 1023 1 368,630 1023 371 1023 1 368,True
glv-j0-32,tail-pair-periodic-canonical,4,3,7108170,1023 361 1023 104 227,1023 361 1023 104 227,True
glv-j0-32,tail-pair-periodic-canonical,4,4,3704052,752 1023 745 1023 1023 604,752 1023 745 1023 1023 604,True
glv-j0-32,tail-pair-periodic-canonical,4,5,22873178,887 1023 115 1023 309,887 1023 115 1023 309,True
glv-j0-32,tail-pair-periodic-canonical,4,6,6722736,223 1023 1023 8 281,223 1023 1023 8 281,True
glv-j0-32,tail-pair-periodic-canonical,4,7,644712,628 1023 115 1023 363,628 1023 115 1023 363,True
glv-j0-32,tail-pair-periodic-canonical,4,8,15232577,361 1023 1023 239 1023 851,361 1023 1023 239 1023 851,True
glv-j0-32,tail-pair-periodic-canonical,4,9,21635656,362 1023 1023 367,362 1023 1023 367,True
glv-j0-32,tail-pair-periodic-canonical,4,10,17496952,884 1023 879 1023 515,884 1023 879 1023 515,True
glv-j0-32,tail-pair-periodic-canonical,4,11,11746192,628 1023 619 1023 110,628 1023 619 1023 110,True
glv-j0-32,tail-pair-periodic-canonical,4,12,8343813,629 1023 242 1023 750 1023 362,629 1023 242 1023 750 1023 362,True
glv-j0-32,tail-pair-periodic-canonical,4,13,6862650,240 1023 626 1023 199,240 1023 626 1023 199,True
glv-j0-32,tail-pair-periodic-canonical,4,14,10673942,747 1023 760 1023 104,747 1023 760 1023 104,True
glv-j0-32,tail-pair-periodic-canonical,4,15,3095045,113 1023 11 1023 80,113 1023 11 1023 80,True
glv-j0-32,tail-pair-periodic-canonical,4,16,12846537,883 1023 1023 184 129,883 1023 1023 184 129,True
glv-j0-32,tail-pair-periodic-canonical,4,17,21976777,112 1023 1023 53 1023 85,112 1023 1023 53 1023 85,True
glv-j0-32,tail-pair-periodic-canonical,4,18,10697038,370 1023 625 1023 7 753,370 1023 625 1023 7 753,True
glv-j0-32,tail-pair-periodic-canonical,4,19,18513419,363 1023 618 1023 1023 854,363 1023 618 1023 1023 854,True
glv-j0-32,tail-pair-periodic-canonical,4,20,1647414,108 1023 760 1023 1023 827,108 1023 760 1023 1023 827,True
glv-j0-32,tail-pair-periodic-canonical,4,21,11526539,113 1023 620 1023 1023 92,113 1023 620 1023 1023 92,True
glv-j0-32,tail-pair-periodic-canonical,4,22,8167551,364 1023 750 1023 1023 105 626,364 1023 750 1023 1023 105 626,True
glv-j0-32,tail-pair-periodic-canonical,4,23,18876520,863 1023 1023 1 103,863 1023 1023 1 103,True
glv-j0-32,tail-pair-periodic-canonical,4,24,23432948,755 1023 1023 104 752,755 1023 1023 104 752,True
glv-j0-32,tail-pair-periodic-canonical,4,25,3005203,875 1023 621 1023 1023 362,875 1023 621 1023 1023 362,True
glv-j0-32,tail-pair-periodic-canonical,4,26,7770812,243 1023 371 1023 631 1023 740,243 1023 371 1023 631 1023 740,True
glv-j0-32,tail-pair-periodic-canonical,4,27,943264,374 1023 376 1023 95 74,374 1023 376 1023 95 74,True
glv-j0-32,tail-pair-periodic-canonical,4,28,7944840,372 1023 1023 242 1023 95 713,372 1023 1023 242 1023 95 713,True
glv-j0-32,tail-pair-periodic-canonical,4,29,19139260,751 1023 365 1023 95 877,751 1023 365 1023 95 877,True
glv-j0-32,tail-pair-periodic-canonical,4,30,14738354,372 1023 365 1023 95 358,372 1023 365 1023 95 358,True
glv-j0-32,tail-pair-periodic-canonical,4,31,17495255,374 1023 631 1023 887 1023 631,374 1023 631 1023 887 1023 631,True
glv-j0-32,tail-pair-periodic-canonical,4,32,20505785,375 1023 1023 74 1023 85,375 1023 1023 74 1023 85,True
glv-j0-32,tail-pair-periodic-canonical,4,33,2852780,629 1023 1023 374 1023 363,629 1023 1023 374 1023 363,True
glv-j0-32,tail-pair-periodic-canonical,4,34,11516190,877 1023 1023 374 1023 104 108,877 1023 1023 374 1023 104 108,True
glv-j0-32,tail-pair-periodic-canonical,4,35,8984053,234 1023 351 1023 1023 745,234 1023 351 1023 1023 745,True
glv-j0-32,tail-pair-periodic-canonical,4,36,7825957,879 1023 1023 2 707,879 1023 1023 2 707,True
glv-j0-32,tail-pair-periodic-canonical,4,37,11264427,370 1023 242 1023 361 1023 888,370 1023 242 1023 361 1023 888,True
glv-j0-32,tail-pair-periodic-canonical,4,38,9502844,115 1023 881 1023 626 1023 874,115 1023 881 1023 626 1023 874,True
glv-j0-32,tail-pair-periodic-canonical,4,39,20456990,114 1023 1023 117 1023 878,114 1023 1023 117 1023 878,True
glv-j0-32,tail-pair-periodic-canonical,4,40,17915907,884 1023 373 1023 2 276,884 1023 373 1023 2 276,True
glv-j0-32,tail-pair-periodic-canonical,4,41,13767212,246 1023 617 1023 1023 613,246 1023 617 1023 1023 613,True
glv-j0-32,tail-pair-periodic-canonical,4,42,18882677,627 1023 631 1023 1023 104 629,627 1023 631 1023 1023 104 629,True
glv-j0-32,tail-pair-periodic-canonical,4,43,13525946,754 1023 888 1023 1023 888,754 1023 888 1023 1023 888,True
glv-j0-32,tail-pair-periodic-canonical,4,44,16631018,240 1023 753 1023 104 865,240 1023 753 1023 104 865,True
glv-j0-32,tail-pair-periodic-canonical,4,45,5483053,735 1023 621 1023 104 323,735 1023 621 1023 104 323,True
glv-j0-32,tail-pair-periodic-canonical,4,46,11275926,247 1023 631 1023 828,247 1023 631 1023 828,True
glv-j0-32,tail-pair-periodic-canonical,4,47,8923699,1023 1023 753 1023 120 1023 888,1023 1023 753 1023 120 1023 888,True
glv-j0-32,tail-pair-periodic-canonical,4,48,3019941,623 1023 105 1023 1023 327,623 1023 105 1023 1023 327,True
glv-j0-32,tail-pair-periodic-canonical,4,49,9249457,756 1023 247 1023 105 695,756 1023 247 1023 105 695,True
glv-j0-32,tail-pair-periodic-canonical,4,50,19678186,236 1023 1023 1023 95 70,236 1023 1023 1023 95 70,True
glv-j0-32,tail-pair-periodic-canonical,4,51,7654011,887 1023 887 1023 630 1023 231,887 1023 887 1023 630 1023 231,True
glv-j0-32,tail-pair-periodic-canonical,4,52,19531755,631 1023 887 1023 2 299,631 1023 887 1023 2 299,True
glv-j0-32,tail-pair-periodic-canonical,4,53,4184652,875 1023 1023 623 1023 291,875 1023 1023 623 1023 291,True
glv-j0-32,tail-pair-periodic-canonical,4,54,15164374,375 1023 111 1023 2 734,375 1023 111 1023 2 734,True
glv-j0-32,tail-pair-periodic-canonical,4,55,966983,1023 241 1023 625 1023 212,1023 241 1023 625 1023 212,True
glv-j0-32,tail-pair-periodic-canonical,4,56,9335493,884 1023 879 1023 0 609,884 1023 879 1023 0 609,True
glv-j0-32,tail-pair-periodic-canonical,4,57,1580957,118 1023 247 1023 1023 882,118 1023 247 1023 1023 882,True
glv-j0-32,tail-pair-periodic-canonical,4,58,22673348,245 1023 747 1023 95 245,245 1023 747 1023 95 245,True
glv-j0-32,tail-pair-periodic-canonical,4,59,6161583,373 1023 372 1023 3 871,373 1023 372 1023 3 871,True
glv-j0-32,tail-pair-periodic-canonical,4,60,21280072,243 1023 95 1023 104 373,243 1023 95 1023 104 373,True
glv-j0-32,tail-pair-periodic-canonical,4,61,8175990,117 1023 351 1023 1023 808,117 1023 351 1023 1023 808,True
glv-j0-32,tail-pair-periodic-canonical,4,62,6552952,747 1023 1023 618 1023 95 736,747 1023 1023 618 1023 95 736,True
glv-j0-32,tail-pair-periodic-canonical,4,63,13042471,888 1023 110 1023 95 357,888 1023 110 1023 95 357,True
glv-j0-32,tail-pair-periodic-gated27,4,0,20829,244 1023 154 545,244 1023 154 545,True
glv-j0-32,tail-pair-periodic-gated27,4,1,11384884,242 1023 247 1023 1023 590,242 1023 247 1023 1023 590,True
glv-j0-32,tail-pair-periodic-gated27,4,2,14138830,630 1023 371 1023 1 368,630 1023 371 1023 1 368,True
glv-j0-32,tail-pair-periodic-gated27,4,3,7108170,1023 361 1023 104 227,1023 361 1023 104 227,True
glv-j0-32,tail-pair-periodic-gated27,4,4,3704052,752 1023 745 1023 1023 604,752 1023 745 1023 1023 604,True
glv-j0-32,tail-pair-periodic-gated27,4,5,22873178,887 1023 115 1023 309,887 1023 115 1023 309,True
glv-j0-32,tail-pair-periodic-gated27,4,6,6722736,223 1023 1023 8 281,223 1023 1023 8 281,True
glv-j0-32,tail-pair-periodic-gated27,4,7,644712,628 1023 115 1023 363,628 1023 115 1023 363,True
glv-j0-32,tail-pair-periodic-gated27,4,8,15232577,361 1023 1023 239 1023 851,361 1023 1023 239 1023 851,True
glv-j0-32,tail-pair-periodic-gated27,4,9,21635656,362 1023 1023 367,362 1023 1023 367,True
glv-j0-32,tail-pair-periodic-gated27,4,10,17496952,884 1023 879 1023 515,884 1023 879 1023 515,True
glv-j0-32,tail-pair-periodic-gated27,4,11,11746192,628 1023 619 1023 110,628 1023 619 1023 110,True
glv-j0-32,tail-pair-periodic-gated27,4,12,8343813,299 1023 1023 95 13 277,299 1023 1023 95 13 277,True
glv-j0-32,tail-pair-periodic-gated27,4,13,6862650,240 1023 626 1023 199,240 1023 626 1023 199,True
glv-j0-32,tail-pair-periodic-gated27,4,14,10673942,747 1023 760 1023 104,747 1023 760 1023 104,True
glv-j0-32,tail-pair-periodic-gated27,4,15,3095045,113 1023 11 1023 80,113 1023 11 1023 80,True
glv-j0-32,tail-pair-periodic-gated27,4,16,12846537,883 1023 1023 184 129,883 1023 1023 184 129,True
glv-j0-32,tail-pair-periodic-gated27,4,17,21976777,112 1023 1023 53 1023 85,112 1023 1023 53 1023 85,True
glv-j0-32,tail-pair-periodic-gated27,4,18,10697038,370 1023 625 1023 7 753,370 1023 625 1023 7 753,True
glv-j0-32,tail-pair-periodic-gated27,4,19,18513419,363 1023 618 1023 1023 854,363 1023 618 1023 1023 854,True
glv-j0-32,tail-pair-periodic-gated27,4,20,1647414,108 1023 760 1023 1023 827,108 1023 760 1023 1023 827,True
glv-j0-32,tail-pair-periodic-gated27,4,21,11526539,113 1023 620 1023 1023 92,113 1023 620 1023 1023 92,True
glv-j0-32,tail-pair-periodic-gated27,4,22,8167551,104 809 1023 1023 16 562,104 809 1023 1023 16 562,True
glv-j0-32,tail-pair-periodic-gated27,4,23,18876520,863 1023 1023 1 103,863 1023 1023 1 103,True
glv-j0-32,tail-pair-periodic-gated27,4,24,23432948,755 1023 1023 104 752,755 1023 1023 104 752,True
glv-j0-32,tail-pair-periodic-gated27,4,25,3005203,104 795 1023 1023 306,104 795 1023 1023 306,True
glv-j0-32,tail-pair-periodic-gated27,4,26,7770812,856 1023 1023 315 1023 1023 740,856 1023 1023 315 1023 1023 740,True
glv-j0-32,tail-pair-periodic-gated27,4,27,943264,305 1023 1023 225 1023 839,305 1023 1023 225 1023 839,True
glv-j0-32,tail-pair-periodic-gated27,4,28,7944840,372 1023 1023 242 1023 95 713,372 1023 1023 242 1023 95 713,True
glv-j0-32,tail-pair-periodic-gated27,4,29,19139260,751 1023 365 1023 95 877,751 1023 365 1023 95 877,True
glv-j0-32,tail-pair-periodic-gated27,4,30,14738354,372 1023 365 1023 95 358,372 1023 365 1023 95 358,True
glv-j0-32,tail-pair-periodic-gated27,4,31,17495255,359 1023 1023 180 1023 1023 631,359 1023 1023 180 1023 1023 631,True
glv-j0-32,tail-pair-periodic-gated27,4,32,20505785,375 1023 1023 74 1023 85,375 1023 1023 74 1023 85,True
glv-j0-32,tail-pair-periodic-gated27,4,33,2852780,629 1023 1023 374 1023 363,629 1023 1023 374 1023 363,True
glv-j0-32,tail-pair-periodic-gated27,4,34,11516190,877 1023 1023 305 1023 1023 119,877 1023 1023 305 1023 1023 119,True
glv-j0-32,tail-pair-periodic-gated27,4,35,8984053,234 1023 351 1023 1023 745,234 1023 351 1023 1023 745,True
glv-j0-32,tail-pair-periodic-gated27,4,36,7825957,879 1023 1023 2 707,879 1023 1023 2 707,True
glv-j0-32,tail-pair-periodic-gated27,4,37,11264427,337 1023 1023 363 1023 1023 631,337 1023 1023 363 1023 1023 631,True
glv-j0-32,tail-pair-periodic-gated27,4,38,9502844,728 1023 1023 806 1023 1023 228,728 1023 1023 806 1023 1023 228,True
glv-j0-32,tail-pair-periodic-gated27,4,39,20456990,114 1023 1023 117 1023 878,114 1023 1023 117 1023 878,True
glv-j0-32,tail-pair-periodic-gated27,4,40,17915907,884 1023 373 1023 2 276,884 1023 373 1023 2 276,True
glv-j0-32,tail-pair-periodic-gated27,4,41,13767212,668 1023 1023 5 558,668 1023 1023 5 558,True
glv-j0-32,tail-pair-periodic-gated27,4,42,18882677,8 840 1023 1023 58 568,8 840 1023 1023 58 568,True
glv-j0-32,tail-pair-periodic-gated27,4,43,13525946,2 853 1023 1023 303,2 853 1023 1023 303,True
glv-j0-32,tail-pair-periodic-gated27,4,44,16631018,240 1023 753 1023 104 865,240 1023 753 1023 104 865,True
glv-j0-32,tail-pair-periodic-gated27,4,45,5483053,735 1023 621 1023 104 323,735 1023 621 1023 104 323,True
glv-j0-32,tail-pair-periodic-gated27,4,46,11275926,247 1023 631 1023 828,247 1023 631 1023 828,True
glv-j0-32,tail-pair-periodic-gated27,4,47,8923699,1023 1023 790 1023 1023 290,1023 1023 790 1023 1023 290,True
glv-j0-32,tail-pair-periodic-gated27,4,48,3019941,623 1023 105 1023 1023 327,623 1023 105 1023 1023 327,True
glv-j0-32,tail-pair-periodic-gated27,4,49,9249457,192 1023 1023 810 1023 1023 749,192 1023 1023 810 1023 1023 749,True
glv-j0-32,tail-pair-periodic-gated27,4,50,19678186,236 1023 1023 1023 95 70,236 1023 1023 1023 95 70,True
glv-j0-32,tail-pair-periodic-gated27,4,51,7654011,858 1023 1023 1 4 101,858 1023 1023 1 4 101,True
glv-j0-32,tail-pair-periodic-gated27,4,52,19531755,854 1023 1023 300 1023 1023 879,854 1023 1023 300 1023 1023 879,True
glv-j0-32,tail-pair-periodic-gated27,4,53,4184652,875 1023 1023 623 1023 291,875 1023 1023 623 1023 291,True
glv-j0-32,tail-pair-periodic-gated27,4,54,15164374,375 1023 111 1023 2 734,375 1023 111 1023 2 734,True
glv-j0-32,tail-pair-periodic-gated27,4,55,966983,1023 241 1023 625 1023 212,1023 241 1023 625 1023 212,True
glv-j0-32,tail-pair-periodic-gated27,4,56,9335493,731 1023 1023 612 1023 1023 881,731 1023 1023 612 1023 1023 881,True
glv-j0-32,tail-pair-periodic-gated27,4,57,1580957,118 1023 247 1023 1023 882,118 1023 247 1023 1023 882,True
glv-j0-32,tail-pair-periodic-gated27,4,58,22673348,245 1023 747 1023 95 245,245 1023 747 1023 95 245,True
glv-j0-32,tail-pair-periodic-gated27,4,59,6161583,373 1023 372 1023 3 871,373 1023 372 1023 3 871,True
glv-j0-32,tail-pair-periodic-gated27,4,60,21280072,243 1023 95 1023 104 373,243 1023 95 1023 104 373,True
glv-j0-32,tail-pair-periodic-gated27,4,61,8175990,117 1023 351 1023 1023 808,117 1023 351 1023 1023 808,True
glv-j0-32,tail-pair-periodic-gated27,4,62,6552952,747 1023 1023 95 3 579,747 1023 1023 95 3 579,True
glv-j0-32,tail-pair-periodic-gated27,4,63,13042471,95 872 1023 1023 179,95 872 1023 1023 179,True
glv-j0-32,tail-pair-periodic-canonical,5,0,6035357,235 1023 1023 2 541,235 1023 1023 2 541,True
glv-j0-32,tail-pair-periodic-canonical,5,1,3232845,621 1023 361 1023 105 602,621 1023 361 1023 105 602,True
glv-j0-32,tail-pair-periodic-canonical,5,2,5509850,1023 626 1023 888 1023 95 368,1023 626 1023 888 1023 95 368,True
glv-j0-32,tail-pair-periodic-canonical,5,3,9891484,363 1023 223 1023 104 90,363 1023 223 1023 104 90,True
glv-j0-32,tail-pair-periodic-canonical,5,4,5513787,247 1023 370 1023 13 321,247 1023 370 1023 13 321,True
glv-j0-32,tail-pair-periodic-canonical,5,5,23144719,1023 236 1023 364 1023 1023 236,1023 236 1023 364 1023 1023 236,True
glv-j0-32,tail-pair-periodic-canonical,5,6,10365336,883 1023 112 1023 630 1023 888,883 1023 112 1023 630 1023 888,True
glv-j0-32,tail-pair-periodic-canonical,5,7,9113105,880 1023 371 1023 4 331,880 1023 371 1023 4 331,True
glv-j0-32,tail-pair-periodic-canonical,5,8,15975419,621 1023 238 1023 104 350,621 1023 238 1023 104 350,True
glv-j0-32,tail-pair-periodic-canonical,5,9,1468949,746 1023 746 1023 1023 339,746 1023 746 1023 1023 339,True
glv-j0-32,tail-pair-periodic-canonical,5,10,17309196,757 1023 873 1023 1023 84,757 1023 873 1023 1023 84,True
glv-j0-32,tail-pair-periodic-canonical,5,11,15884808,753 1023 117 1023 104 868,753 1023 117 1023 104 868,True
glv-j0-32,tail-pair-periodic-canonical,5,12,3427237,625 1023 752 1023 106 332,625 1023 752 1023 106 332,True
glv-j0-32,tail-pair-periodic-canonical,5,13,5270838,116 1023 118 1023 104 857,116 1023 118 1023 104 857,True
glv-j0-32,tail-pair-periodic-canonical,5,14,21012905,626 1023 1023 692,626 1023 1023 692,True
glv-j0-32,tail-pair-periodic-canonical,5,15,18056316,753 1023 873 1023 106 342,753 1023 873 1023 106 342,True
glv-j0-32,tail-pair-periodic-canonical,5,16,12267977,244 1023 268 11,244 1023 268 11,True
glv-j0-32,tail-pair-periodic-canonical,5,17,10559077,111 1023 375 1023 3 592,111 1023 375 1023 3 592,True
glv-j0-32,tail-pair-periodic-canonical,5,18,17873187,107 1023 620 1023 104 309,107 1023 620 1023 104 309,True
glv-j0-32,tail-pair-periodic-canonical,5,19,14384187,631 1023 887 1023 95 98,631 1023 887 1023 95 98,True
glv-j0-32,tail-pair-periodic-canonical,5,20,17189473,887 1023 117 1023 1023 221,887 1023 117 1023 1023 221,True
glv-j0-32,tail-pair-periodic-canonical,5,21,16924828,1023 247 1023 15 519,1023 247 1023 15 519,True
glv-j0-32,tail-pair-periodic-canonical,5,22,10360693,887 1023 111 1023 681,887 1023 111 1023 681,True
glv-j0-32,tail-pair-periodic-canonical,5,23,20847390,756 1023 629 1023 836,756 1023 629 1023 836,True
glv-j0-32,tail-pair-periodic-canonical,5,24,4822422,242 1023 116 1023 1 295,242 1023 116 1023 1 295,True
glv-j0-32,tail-pair-periodic-canonical,5,25,5567275,874 1023 1023 753 1023 862,874 1023 1023 753 1023 862,True
glv-j0-32,tail-pair-periodic-canonical,5,26,12873379,234 1023 109 1023 1023 738,234 1023 109 1023 1023 738,True
glv-j0-32,tail-pair-periodic-canonical,5,27,20525948,1023 242 1023 232 648,1023 242 1023 232 648,True
glv-j0-32,tail-pair-periodic-canonical,5,28,13095291,748 1023 1023 1023 1 241,748 1023 1023 1023 1 241,True
glv-j0-32,tail-pair-periodic-canonical,5,29,9259563,1023 236 1023 616 641,1023 236 1023 616 641,True
glv-j0-32,tail-pair-periodic-canonical,5,30,3647054,760 1023 1023 240 1023 862,760 1023 1023 240 1023 862,True
glv-j0-32,tail-pair-periodic-canonical,5,31,13905039,366 1023 616 1023 104 98,366 1023 616 1023 104 98,True
glv-j0-32,tail-pair-periodic-canonical,5,32,23071071,881 1023 111 1023 0 289,881 1023 111 1023 0 289,True
glv-j0-32,tail-pair-periodic-canonical,5,33,9674829,754 1023 883 1023 2 880,754 1023 883 1023 2 880,True
glv-j0-32,tail-pair-periodic-canonical,5,34,9419602,240 1023 881 1023 86,240 1023 881 1023 86,True
glv-j0-32,tail-pair-periodic-canonical,5,35,3043151,621 1023 747 1023 1023 236,621 1023 747 1023 1023 236,True
glv-j0-32,tail-pair-periodic-canonical,5,36,10320858,607 1023 1023 116 1023 95 368,607 1023 1023 116 1023 95 368,True
glv-j0-32,tail-pair-periodic-canonical,5,37,9704294,1023 616 1023 1023 1023 867,1023 616 1023 1023 1023 867,True
glv-j0-32,tail-pair-periodic-canonical,5,38,3543263,367 1023 880 1023 1023 751,367 1023 880 1023 1023 751,True
glv-j0-32,tail-pair-periodic-canonical,5,39,7941917,371 1023 1023 115 1023 586,371 1023 1023 115 1023 586,True
glv-j0-32,tail-pair-periodic-canonical,5,40,16264129,372 1023 117 1023 4 325,372 1023 117 1023 4 325,True
glv-j0-32,tail-pair-periodic-canonical,5,41,9243061,245 1023 119 1023 2 281,245 1023 119 1023 2 281,True
glv-j0-32,tail-pair-periodic-canonical,5,42,1253965,625 1023 1023 95 212,625 1023 1023 95 212,True
glv-j0-32,tail-pair-periodic-canonical,5,43,5618274,365 1023 760 1023 1023 858,365 1023 760 1023 1023 858,True
glv-j0-32,tail-pair-periodic-canonical,5,44,20275306,242 1023 113 1023 810,242 1023 113 1023 810,True
glv-j0-32,tail-pair-periodic-canonical,5,45,9560152,244 1023 245 1023 106 224,244 1023 245 1023 106 224,True
glv-j0-32,tail-pair-periodic-canonical,5,46,7245538,240 1023 626 1023 7 738,240 1023 626 1023 7 738,True
glv-j0-32,tail-pair-periodic-canonical,5,47,17491367,759 1023 630 1023 1023 99,759 1023 630 1023 1023 99,True
glv-j0-32,tail-pair-periodic-canonical,5,48,22028390,242 1023 883 1023 16 543,242 1023 883 1023 16 543,True
glv-j0-32,tail-pair-periodic-canonical,5,49,23360435,239 1023 111 1023 208,239 1023 111 1023 208,True
glv-j0-32,tail-pair-periodic-canonical,5,50,4079059,246 1023 243 1023 655,246 1023 243 1023 655,True
glv-j0-32,tail-pair-periodic-canonical,5,51,14189638,880 1023 1023 114 1023 852,880 1023 1023 114 1023 852,True
glv-j0-32,tail-pair-periodic-canonical,5,52,18913743,883 1023 247 1023 16 561,883 1023 247 1023 16 561,True
glv-j0-32,tail-pair-periodic-canonical,5,53,4509672,223 1023 874 1023 1023 95 736,223 1023 874 1023 1023 95 736,True
glv-j0-32,tail-pair-periodic-canonical,5,54,15869172,1023 242 1023 879 1023 233,1023 242 1023 879 1023 233,True
glv-j0-32,tail-pair-periodic-canonical,5,55,7320958,880 1023 240 1023 2 591,880 1023 240 1023 2 591,True
glv-j0-32,tail-pair-periodic-canonical,5,56,12654834,243 1023 624 1023 747 1023 362,243 1023 624 1023 747 1023 362,True
glv-j0-32,tail-pair-periodic-canonical,5,57,3212975,363 1023 1023 375 1023 104 359,363 1023 1023 375 1023 104 359,True
glv-j0-32,tail-pair-periodic-canonical,5,58,12019646,362 1023 233 1023 104 328,362 1023 233 1023 104 328,True
glv-j0-32,tail-pair-periodic-canonical,5,59,15464901,886 1023 374 1023 1023 224,886 1023 374 1023 1023 224,True
glv-j0-32,tail-pair-periodic-canonical,5,60,8247369,223 1023 364 1023 104 586,223 1023 364 1023 104 586,True
glv-j0-32,tail-pair-periodic-canonical,5,61,16309331,887 1023 370 1023 58 302,887 1023 370 1023 58 302,True
glv-j0-32,tail-pair-periodic-canonical,5,62,12522431,755 1023 631 1023 816,755 1023 631 1023 816,True
glv-j0-32,tail-pair-periodic-canonical,5,63,18112488,626 1023 117 1023 303,626 1023 117 1023 303,True
glv-j0-32,tail-pair-periodic-gated27,5,0,6035357,235 1023 1023 2 541,235 1023 1023 2 541,True
glv-j0-32,tail-pair-periodic-gated27,5,1,3232845,621 1023 361 1023 105 602,621 1023 361 1023 105 602,True
glv-j0-32,tail-pair-periodic-gated27,5,2,5509850,1023 11 852 1023 1023 796,1023 11 852 1023 1023 796,True
glv-j0-32,tail-pair-periodic-gated27,5,3,9891484,363 1023 223 1023 104 90,363 1023 223 1023 104 90,True
glv-j0-32,tail-pair-periodic-gated27,5,4,5513787,247 1023 370 1023 13 321,247 1023 370 1023 13 321,True
glv-j0-32,tail-pair-periodic-gated27,5,5,23144719,1023 236 1023 364 1023 1023 236,1023 236 1023 364 1023 1023 236,True
glv-j0-32,tail-pair-periodic-gated27,5,6,10365336,883 1023 112 1023 630 1023 888,883 1023 112 1023 630 1023 888,True
glv-j0-32,tail-pair-periodic-gated27,5,7,9113105,847 1023 1023 294 1023 1023 364,847 1023 1023 294 1023 1023 364,True
glv-j0-32,tail-pair-periodic-gated27,5,8,15975419,104 288 1023 1023 532,104 288 1023 1023 532,True
glv-j0-32,tail-pair-periodic-gated27,5,9,1468949,746 1023 746 1023 1023 339,746 1023 746 1023 1023 339,True
glv-j0-32,tail-pair-periodic-gated27,5,10,17309196,757 1023 873 1023 1023 84,757 1023 873 1023 1023 84,True
glv-j0-32,tail-pair-periodic-gated27,5,11,15884808,753 1023 117 1023 104 868,753 1023 117 1023 104 868,True
glv-j0-32,tail-pair-periodic-gated27,5,12,3427237,692 1023 1023 1023 106 332,692 1023 1023 1023 106 332,True
glv-j0-32,tail-pair-periodic-gated27,5,13,5270838,738 1023 1023 0 5,738 1023 1023 0 5,True
glv-j0-32,tail-pair-periodic-gated27,5,14,21012905,626 1023 1023 692,626 1023 1023 692,True
glv-j0-32,tail-pair-periodic-gated27,5,15,18056316,790 1023 1023 1023 8 302,790 1023 1023 1023 8 302,True
glv-j0-32,tail-pair-periodic-gated27,5,16,12267977,244 1023 268 11,244 1023 268 11,True
glv-j0-32,tail-pair-periodic-gated27,5,17,10559077,309 1023 1023 845 1023 1023 236,309 1023 1023 845 1023 1023 236,True
glv-j0-32,tail-pair-periodic-gated27,5,18,17873187,107 1023 620 1023 104 309,107 1023 620 1023 104 309,True
glv-j0-32,tail-pair-periodic-gated27,5,19,14384187,854 1023 1023 55 17,854 1023 1023 55 17,True
glv-j0-32,tail-pair-periodic-gated27,5,20,17189473,887 1023 117 1023 1023 221,887 1023 117 1023 1023 221,True
glv-j0-32,tail-pair-periodic-gated27,5,21,16924828,1023 868 1023 1023 523,1023 868 1023 1023 523,True
glv-j0-32,tail-pair-periodic-gated27,5,22,10360693,887 1023 111 1023 681,887 1023 111 1023 681,True
glv-j0-32,tail-pair-periodic-gated27,5,23,20847390,756 1023 629 1023 836,756 1023 629 1023 836,True
glv-j0-32,tail-pair-periodic-gated27,5,24,4822422,710 1023 1023 858 1023 1023 369,710 1023 1023 858 1023 1023 369,True
glv-j0-32,tail-pair-periodic-gated27,5,25,5567275,874 1023 1023 753 1023 862,874 1023 1023 753 1023 862,True
glv-j0-32,tail-pair-periodic-gated27,5,26,12873379,234 1023 109 1023 1023 738,234 1023 109 1023 1023 738,True
glv-j0-32,tail-pair-periodic-gated27,5,27,20525948,1023 242 1023 232 648,1023 242 1023 232 648,True
glv-j0-32,tail-pair-periodic-gated27,5,28,13095291,748 1023 1023 1023 1 241,748 1023 1023 1023 1 241,True
glv-j0-32,tail-pair-periodic-gated27,5,29,9259563,1023 236 1023 616 641,1023 236 1023 616 641,True
glv-j0-32,tail-pair-periodic-gated27,5,30,3647054,760 1023 1023 240 1023 862,760 1023 1023 240 1023 862,True
glv-j0-32,tail-pair-periodic-gated27,5,31,13905039,366 1023 616 1023 104 98,366 1023 616 1023 104 98,True
glv-j0-32,tail-pair-periodic-gated27,5,32,23071071,881 1023 111 1023 0 289,881 1023 111 1023 0 289,True
glv-j0-32,tail-pair-periodic-gated27,5,33,9674829,754 1023 883 1023 2 880,754 1023 883 1023 2 880,True
glv-j0-32,tail-pair-periodic-gated27,5,34,9419602,240 1023 881 1023 86,240 1023 881 1023 86,True
glv-j0-32,tail-pair-periodic-gated27,5,35,3043151,104 852 1023 1023 227,104 852 1023 1023 227,True
glv-j0-32,tail-pair-periodic-gated27,5,36,10320858,106 180 1023 1023 95 825,106 180 1023 1023 95 825,True
glv-j0-32,tail-pair-periodic-gated27,5,37,9704294,1023 616 1023 1023 1023 867,1023 616 1023 1023 1023 867,True
glv-j0-32,tail-pair-periodic-gated27,5,38,3543263,842 1023 1023 1023 1023 751,842 1023 1023 1023 1023 751,True
glv-j0-32,tail-pair-periodic-gated27,5,39,7941917,371 1023 1023 115 1023 586,371 1023 1023 115 1023 586,True
glv-j0-32,tail-pair-periodic-gated27,5,40,16264129,372 1023 117 1023 4 325,372 1023 117 1023 4 325,True
glv-j0-32,tail-pair-periodic-gated27,5,41,9243061,245 1023 119 1023 2 281,245 1023 119 1023 2 281,True
glv-j0-32,tail-pair-periodic-gated27,5,42,1253965,625 1023 1023 95 212,625 1023 1023 95 212,True
glv-j0-32,tail-pair-periodic-gated27,5,43,5618274,365 1023 760 1023 1023 858,365 1023 760 1023 1023 858,True
glv-j0-32,tail-pair-periodic-gated27,5,44,20275306,242 1023 113 1023 810,242 1023 113 1023 810,True
glv-j0-32,tail-pair-periodic-gated27,5,45,9560152,244 1023 245 1023 106 224,244 1023 245 1023 106 224,True
glv-j0-32,tail-pair-periodic-gated27,5,46,7245538,712 1023 1023 120 672,712 1023 1023 120 672,True
glv-j0-32,tail-pair-periodic-gated27,5,47,17491367,759 1023 630 1023 1023 99,759 1023 630 1023 1023 99,True
glv-j0-32,tail-pair-periodic-gated27,5,48,22028390,804 1023 1023 1023 16 543,804 1023 1023 1023 16 543,True
glv-j0-32,tail-pair-periodic-gated27,5,49,23360435,239 1023 111 1023 208,239 1023 111 1023 208,True
glv-j0-32,tail-pair-periodic-gated27,5,50,4079059,246 1023 243 1023 655,246 1023 243 1023 655,True
glv-j0-32,tail-pair-periodic-gated27,5,51,14189638,880 1023 1023 114 1023 852,880 1023 1023 114 1023 852,True
glv-j0-32,tail-pair-periodic-gated27,5,52,18913743,195 1023 1023 753 1023 1023 241,195 1023 1023 753 1023 1023 241,True
glv-j0-32,tail-pair-periodic-gated27,5,53,4509672,223 1023 874 1023 1023 95 736,223 1023 874 1023 1023 95 736,True
glv-j0-32,tail-pair-periodic-gated27,5,54,15869172,1023 242 1023 879 1023 233,1023 242 1023 879 1023 233,True
glv-j0-32,tail-pair-periodic-gated27,5,55,7320958,201 1023 1023 1023 2 591,201 1023 1023 1023 2 591,True
glv-j0-32,tail-pair-periodic-gated27,5,56,12654834,0 315 1023 1023 104 307,0 315 1023 1023 104 307,True
glv-j0-32,tail-pair-periodic-gated27,5,57,3212975,363 1023 1023 795 1023 1023 751,363 1023 1023 795 1023 1023 751,True
glv-j0-32,tail-pair-periodic-gated27,5,58,12019646,362 1023 233 1023 104 328,362 1023 233 1023 104 328,True
glv-j0-32,tail-pair-periodic-gated27,5,59,15464901,886 1023 374 1023 1023 224,886 1023 374 1023 1023 224,True
glv-j0-32,tail-pair-periodic-gated27,5,60,8247369,223 1023 364 1023 104 586,223 1023 364 1023 104 586,True
glv-j0-32,tail-pair-periodic-gated27,5,61,16309331,100 1023 1023 622 1023 326,100 1023 1023 622 1023 326,True
glv-j0-32,tail-pair-periodic-gated27,5,62,12522431,755 1023 631 1023 816,755 1023 631 1023 816,True
glv-j0-32,tail-pair-periodic-gated27,5,63,18112488,626 1023 117 1023 303,626 1023 117 1023 303,True
glv-j0-32,tail-pair-periodic-canonical,6,0,12150825,375 1023 632 1023 1023 95 372,375 1023 632 1023 1023 95 372,True
glv-j0-32,tail-pair-periodic-canonical,6,1,11114606,1023 618 1023 593,1023 618 1023 593,True
glv-j0-32,tail-pair-periodic-canonical,6,2,18085732,752 1023 882 1023 104 332,752 1023 882 1023 104 332,True
glv-j0-32,tail-pair-periodic-canonical,6,3,594385,630 1023 1023 104 685,630 1023 1023 104 685,True
glv-j0-32,tail-pair-periodic-canonical,6,4,121901,363 1023 1023 31 551,363 1023 1023 31 551,True
glv-j0-32,tail-pair-periodic-canonical,6,5,12111835,885 1023 756 1023 881 1023 631,885 1023 756 1023 881 1023 631,True
glv-j0-32,tail-pair-periodic-canonical,6,6,16403003,119 1023 630 1023 18 296,119 1023 630 1023 18 296,True
glv-j0-32,tail-pair-periodic-canonical,6,7,22246650,752 1023 887 1023 106 119,752 1023 887 1023 106 119,True
glv-j0-32,tail-pair-periodic-canonical,6,8,9549014,1023 243 1023 18 514,1023 243 1023 18 514,True
glv-j0-32,tail-pair-periodic-canonical,6,9,22457533,241 1023 880 1023 11 561,241 1023 880 1023 11 561,True
glv-j0-32,tail-pair-periodic-canonical,6,10,10243297,885 1023 627 1023 95 311,885 1023 627 1023 95 311,True
glv-j0-32,tail-pair-periodic-canonical,6,11,7671435,113 1023 631 1023 544,113 1023 631 1023 544,True
glv-j0-32,tail-pair-periodic-canonical,6,12,10791307,628 1023 881 1023 8 555,628 1023 881 1023 8 555,True
glv-j0-32,tail-pair-periodic-canonical,6,13,16432723,881 1023 757 1023 7 296,881 1023 757 1023 7 296,True
glv-j0-32,tail-pair-periodic-canonical,6,14,7035281,373 1023 629 1023 16 313,373 1023 629 1023 16 313,True
glv-j0-32,tail-pair-periodic-canonical,6,15,21178012,360 1023 1023 29 288,360 1023 1023 29 288,True
glv-j0-32,tail-pair-periodic-canonical,6,16,17762629,237 1023 878 1023 104 224,237 1023 878 1023 104 224,True
glv-j0-32,tail-pair-periodic-canonical,6,17,1128303,754 1023 1023 623 1023 82,754 1023 1023 623 1023 82,True
glv-j0-32,tail-pair-periodic-canonical,6,18,2942569,745 1023 366 1023 1023 1023 112,745 1023 366 1023 1023 1023 112,True
glv-j0-32,tail-pair-periodic-canonical,6,19,16179222,116 1023 619 1023 95 622,116 1023 619 1023 95 622,True
glv-j0-32,tail-pair-periodic-canonical,6,20,10130361,887 1023 879 1023 153,887 1023 879 1023 153,True
glv-j0-32,tail-pair-periodic-canonical,6,21,21157605,878 1023 872 1023 104 100,878 1023 872 1023 104 100,True
glv-j0-32,tail-pair-periodic-canonical,6,22,15746855,883 1023 751 1023 3 567,883 1023 751 1023 3 567,True
glv-j0-32,tail-pair-periodic-canonical,6,23,14397758,1023 361 1023 120 1023 844,1023 361 1023 120 1023 844,True
glv-j0-32,tail-pair-periodic-canonical,6,24,19261996,105 1023 621 1023 106 227,105 1023 621 1023 106 227,True
glv-j0-32,tail-pair-periodic-canonical,6,25,19864575,111 1023 117 1023 756 1023 740,111 1023 117 1023 756 1023 740,True
glv-j0-32,tail-pair-periodic-canonical,6,26,4360403,239 1023 242 1023 515,239 1023 242 1023 515,True
glv-j0-32,tail-pair-periodic-canonical,6,27,8395644,752 1023 371 1023 13 298,752 1023 371 1023 13 298,True
glv-j0-32,tail-pair-periodic-canonical,6,28,20904114,240 1023 756 1023 3 370,240 1023 756 1023 3 370,True
glv-j0-32,tail-pair-periodic-canonical,6,29,18655250,1023 629 1023 619 1023 1023 371,1023 629 1023 619 1023 1023 371,True
glv-j0-32,tail-pair-periodic-canonical,6,30,12259787,245 1023 119 1023 721,245 1023 119 1023 721,True
glv-j0-32,tail-pair-periodic-canonical,6,31,19479245,885 1023 105 1023 1023 219,885 1023 105 1023 1023 219,True
glv-j0-32,tail-pair-periodic-canonical,6,32,15136576,873 1023 108 1023 95 357,873 1023 108 1023 95 357,True
glv-j0-32,tail-pair-periodic-canonical,6,33,7406449,113 1023 885 1023 95 375,113 1023 885 1023 95 375,True
glv-j0-32,tail-pair-periodic-canonical,6,34,4172631,1023 363 1023 1023 107 66,1023 363 1023 1023 107 66,True
glv-j0-32,tail-pair-periodic-canonical,6,35,12036369,248 1023 619 1023 104 90,248 1023 619 1023 104 90,True
glv-j0-32,tail-pair-periodic-canonical,6,36,13936264,351 1023 1023 628 1023 827,351 1023 1023 628 1023 827,True
glv-j0-32,tail-pair-periodic-canonical,6,37,22659210,888 1023 616 1023 104 859,888 1023 616 1023 104 859,True
glv-j0-32,tail-pair-periodic-canonical,6,38,4751926,244 1023 372 1023 325,244 1023 372 1023 325,True
glv-j0-32,tail-pair-periodic-canonical,6,39,22224630,746 1023 744 1023 1023 608,746 1023 744 1023 1023 608,True
glv-j0-32,tail-pair-periodic-canonical,6,40,1275783,607 1023 1023 0 610,607 1023 1023 0 610,True
glv-j0-32,tail-pair-periodic-canonical,6,41,21566804,755 1023 882 1023 618 1023 874,755 1023 882 1023 618 1023 874,True
glv-j0-32,tail-pair-periodic-canonical,6,42,5472121,756 1023 243 1023 8 597,756 1023 243 1023 8 597,True
glv-j0-32,tail-pair-periodic-canonical,6,43,10680859,624 1023 374 1023 1023 601,624 1023 374 1023 1023 601,True
glv-j0-32,tail-pair-periodic-canonical,6,44,22014031,1023 1023 1023 3 65,1023 1023 1023 3 65,True
glv-j0-32,tail-pair-periodic-canonical,6,45,6939966,620 1023 236 1023 1023 92,620 1023 236 1023 1023 92,True
glv-j0-32,tail-pair-periodic-canonical,6,46,12552437,1023 883 1023 753 1023 220,1023 883 1023 753 1023 220,True
glv-j0-32,tail-pair-periodic-canonical,6,47,8765639,629 1023 753 1023 105 728,629 1023 753 1023 105 728,True
glv-j0-32,tail-pair-periodic-canonical,6,48,17192781,1023 882 1023 1023 327,1023 882 1023 1023 327,True
glv-j0-32,tail-pair-periodic-canonical,6,49,34536,240 1023 108 1023 104 374,240 1023 108 1023 104 374,True
glv-j0-32,tail-pair-periodic-canonical,6,50,17877459,618 1023 1023 1023 7 752,618 1023 1023 1023 7 752,True
glv-j0-32,tail-pair-periodic-canonical,6,51,11097423,367 1023 759 1023 1023 1023 239,367 1023 759 1023 1023 1023 239,True
glv-j0-32,tail-pair-periodic-canonical,6,52,2953736,607 1023 1023 622 1023 104 742,607 1023 1023 622 1023 104 742,True
glv-j0-32,tail-pair-periodic-canonical,6,53,23600854,887 1023 248 1023 106 838,887 1023 248 1023 106 838,True
glv-j0-32,tail-pair-periodic-canonical,6,54,22748728,1023 757 1023 877 1023 1023 879,1023 757 1023 877 1023 1023 879,True
glv-j0-32,tail-pair-periodic-canonical,6,55,12713371,223 1023 1023 618 1023 104 375,223 1023 1023 618 1023 104 375,True
glv-j0-32,tail-pair-periodic-canonical,6,56,17301334,107 1023 110 1023 105 329,107 1023 110 1023 105 329,True
glv-j0-32,tail-pair-periodic-canonical,6,57,3915770,247 1023 115 1023 372 1023 119,247 1023 115 1023 372 1023 119,True
glv-j0-32,tail-pair-periodic-canonical,6,58,16065778,879 1023 626 1023 800,879 1023 626 1023 800,True
glv-j0-32,tail-pair-periodic-canonical,6,59,14847016,752 1023 370 1023 1 91,752 1023 370 1023 1 91,True
glv-j0-32,tail-pair-periodic-canonical,6,60,8471784,115 1023 372 1023 8 102,115 1023 372 1023 8 102,True
glv-j0-32,tail-pair-periodic-canonical,6,61,12986654,1023 235 1023 621 1023 95 364,1023 235 1023 621 1023 95 364,True
glv-j0-32,tail-pair-periodic-canonical,6,62,21969140,750 1023 109 1023 1023 606,750 1023 109 1023 1023 606,True
glv-j0-32,tail-pair-periodic-canonical,6,63,16868732,360 1023 1023 223 1023 850,360 1023 1023 223 1023 850,True
glv-j0-32,tail-pair-periodic-gated27,6,0,12150825,375 1023 632 1023 1023 95 372,375 1023 632 1023 1023 95 372,True
glv-j0-32,tail-pair-periodic-gated27,6,1,11114606,1023 618 1023 593,1023 618 1023 593,True
glv-j0-32,tail-pair-periodic-gated27,6,2,18085732,752 1023 882 1023 104 332,752 1023 882 1023 104 332,True
glv-j0-32,tail-pair-periodic-gated27,6,3,594385,630 1023 1023 104 685,630 1023 1023 104 685,True
glv-j0-32,tail-pair-periodic-gated27,6,4,121901,363 1023 1023 31 551,363 1023 1023 31 551,True
glv-j0-32,tail-pair-periodic-gated27,6,5,12111835,885 1023 756 1023 881 1023 631,885 1023 756 1023 881 1023 631,True
glv-j0-32,tail-pair-periodic-gated27,6,6,16403003,169 1023 1023 89 512,169 1023 1023 89 512,True
glv-j0-32,tail-pair-periodic-gated27,6,7,22246650,834 1023 1023 885 1023 1023 883,834 1023 1023 885 1023 1023 883,True
glv-j0-32,tail-pair-periodic-gated27,6,8,9549014,1023 243 1023 18 514,1023 243 1023 18 514,True
glv-j0-32,tail-pair-periodic-gated27,6,9,22457533,861 1023 1023 1023 11 561,861 1023 1023 1023 11 561,True
glv-j0-32,tail-pair-periodic-gated27,6,10,10243297,885 1023 627 1023 95 311,885 1023 627 1023 95 311,True
glv-j0-32,tail-pair-periodic-gated27,6,11,7671435,113 1023 631 1023 544,113 1023 631 1023 544,True
glv-j0-32,tail-pair-periodic-gated27,6,12,10791307,628 1023 881 1023 8 555,628 1023 881 1023 8 555,True
glv-j0-32,tail-pair-periodic-gated27,6,13,16432723,93 1023 1023 104 1023 347,93 1023 1023 104 1023 347,True
glv-j0-32,tail-pair-periodic-gated27,6,14,7035281,716 1023 1023 863 166,716 1023 1023 863 166,True
glv-j0-32,tail-pair-periodic-gated27,6,15,21178012,360 1023 1023 29 288,360 1023 1023 29 288,True
glv-j0-32,tail-pair-periodic-gated27,6,16,17762629,237 1023 878 1023 104 224,237 1023 878 1023 104 224,True
glv-j0-32,tail-pair-periodic-gated27,6,17,1128303,754 1023 1023 623 1023 82,754 1023 1023 623 1023 82,True
glv-j0-32,tail-pair-periodic-gated27,6,18,2942569,745 1023 366 1023 1023 1023 112,745 1023 366 1023 1023 1023 112,True
glv-j0-32,tail-pair-periodic-gated27,6,19,16179222,116 1023 619 1023 95 622,116 1023 619 1023 95 622,True
glv-j0-32,tail-pair-periodic-gated27,6,20,10130361,887 1023 879 1023 153,887 1023 879 1023 153,True
glv-j0-32,tail-pair-periodic-gated27,6,21,21157605,95 335 1023 1023 702,95 335 1023 1023 702,True
glv-j0-32,tail-pair-periodic-gated27,6,22,15746855,883 1023 751 1023 3 567,883 1023 751 1023 3 567,True
glv-j0-32,tail-pair-periodic-gated27,6,23,14397758,1023 361 1023 120 1023 844,1023 361 1023 120 1023 844,True
glv-j0-32,tail-pair-periodic-gated27,6,24,19261996,105 1023 621 1023 106 227,105 1023 621 1023 106 227,True
glv-j0-32,tail-pair-periodic-gated27,6,25,19864575,111 1023 117 1023 756 1023 740,111 1023 117 1023 756 1023 740,True
glv-j0-32,tail-pair-periodic-gated27,6,26,4360403,239 1023 242 1023 515,239 1023 242 1023 515,True
glv-j0-32,tail-pair-periodic-gated27,6,27,8395644,752 1023 371 1023 13 298,752 1023 371 1023 13 298,True
glv-j0-32,tail-pair-periodic-gated27,6,28,20904114,322 1023 1023 32 1023 80,322 1023 1023 32 1023 80,True
glv-j0-32,tail-pair-periodic-gated27,6,29,18655250,1023 843 1023 1023 104 719,1023 843 1023 1023 104 719,True
glv-j0-32,tail-pair-periodic-gated27,6,30,12259787,245 1023 119 1023 721,245 1023 119 1023 721,True
glv-j0-32,tail-pair-periodic-gated27,6,31,19479245,286 1023 1023 1 38,286 1023 1023 1 38,True
glv-j0-32,tail-pair-periodic-gated27,6,32,15136576,873 1023 108 1023 95 357,873 1023 108 1023 95 357,True
glv-j0-32,tail-pair-periodic-gated27,6,33,7406449,180 1023 1023 106 42,180 1023 1023 106 42,True
glv-j0-32,tail-pair-periodic-gated27,6,34,4172631,1023 363 1023 1023 107 66,1023 363 1023 1023 107 66,True
glv-j0-32,tail-pair-periodic-gated27,6,35,12036369,248 1023 619 1023 104 90,248 1023 619 1023 104 90,True
glv-j0-32,tail-pair-periodic-gated27,6,36,13936264,351 1023 1023 628 1023 827,351 1023 1023 628 1023 827,True
glv-j0-32,tail-pair-periodic-gated27,6,37,22659210,888 1023 616 1023 104 859,888 1023 616 1023 104 859,True
glv-j0-32,tail-pair-periodic-gated27,6,38,4751926,244 1023 372 1023 325,244 1023 372 1023 325,True
glv-j0-32,tail-pair-periodic-gated27,6,39,22224630,746 1023 744 1023 1023 608,746 1023 744 1023 1023 608,True
glv-j0-32,tail-pair-periodic-gated27,6,40,1275783,607 1023 1023 0 610,607 1023 1023 0 610,True
glv-j0-32,tail-pair-periodic-gated27,6,41,21566804,755 1023 882 1023 618 1023 874,755 1023 882 1023 618 1023 874,True
glv-j0-32,tail-pair-periodic-gated27,6,42,5472121,756 1023 243 1023 8 597,756 1023 243 1023 8 597,True
glv-j0-32,tail-pair-periodic-gated27,6,43,10680859,624 1023 374 1023 1023 601,624 1023 374 1023 1023 601,True
glv-j0-32,tail-pair-periodic-gated27,6,44,22014031,1023 1023 1023 3 65,1023 1023 1023 3 65,True
glv-j0-32,tail-pair-periodic-gated27,6,45,6939966,620 1023 236 1023 1023 92,620 1023 236 1023 1023 92,True
glv-j0-32,tail-pair-periodic-gated27,6,46,12552437,1023 883 1023 753 1023 220,1023 883 1023 753 1023 220,True
glv-j0-32,tail-pair-periodic-gated27,6,47,8765639,629 1023 753 1023 105 728,629 1023 753 1023 105 728,True
glv-j0-32,tail-pair-periodic-gated27,6,48,17192781,1023 882 1023 1023 327,1023 882 1023 1023 327,True
glv-j0-32,tail-pair-periodic-gated27,6,49,34536,240 1023 108 1023 104 374,240 1023 108 1023 104 374,True
glv-j0-32,tail-pair-periodic-gated27,6,50,17877459,618 1023 1023 1023 7 752,618 1023 1023 1023 7 752,True
glv-j0-32,tail-pair-periodic-gated27,6,51,11097423,367 1023 759 1023 1023 1023 239,367 1023 759 1023 1023 1023 239,True
glv-j0-32,tail-pair-periodic-gated27,6,52,2953736,106 3 201 1023 1023 737,106 3 201 1023 1023 737,True
glv-j0-32,tail-pair-periodic-gated27,6,53,23600854,887 1023 248 1023 106 838,887 1023 248 1023 106 838,True
glv-j0-32,tail-pair-periodic-gated27,6,54,22748728,1023 757 1023 877 1023 1023 879,1023 757 1023 877 1023 1023 879,True
glv-j0-32,tail-pair-periodic-gated27,6,55,12713371,95 1 830 1023 1023 71,95 1 830 1023 1023 71,True
glv-j0-32,tail-pair-periodic-gated27,6,56,17301334,107 1023 110 1023 105 329,107 1023 110 1023 105 329,True
glv-j0-32,tail-pair-periodic-gated27,6,57,3915770,1 631 1023 1023 7 855,1 631 1023 1023 7 855,True
glv-j0-32,tail-pair-periodic-gated27,6,58,16065778,879 1023 626 1023 800,879 1023 626 1023 800,True
glv-j0-32,tail-pair-periodic-gated27,6,59,14847016,752 1023 370 1023 1 91,752 1023 370 1023 1 91,True
glv-j0-32,tail-pair-periodic-gated27,6,60,8471784,115 1023 372 1023 8 102,115 1023 372 1023 8 102,True
glv-j0-32,tail-pair-periodic-gated27,6,61,12986654,1023 235 1023 621 1023 95 364,1023 235 1023 621 1023 95 364,True
glv-j0-32,tail-pair-periodic-gated27,6,62,21969140,750 1023 109 1023 1023 606,750 1023 109 1023 1023 606,True
glv-j0-32,tail-pair-periodic-gated27,6,63,16868732,360 1023 1023 223 1023 850,360 1023 1023 223 1023 850,True
glv-j0-32,tail-pair-periodic-canonical,7,0,12443361,116 1023 622 1023 95 750,116 1023 622 1023 95 750,True
glv-j0-32,tail-pair-periodic-canonical,7,1,7952054,886 1023 627 1023 116 1023 225,886 1023 627 1023 116 1023 225,True
glv-j0-32,tail-pair-periodic-canonical,7,2,12143068,1023 373 1023 157 545,1023 373 1023 157 545,True
glv-j0-32,tail-pair-periodic-canonical,7,3,20067337,624 1023 351 1023 104 695,624 1023 351 1023 104 695,True
glv-j0-32,tail-pair-periodic-canonical,7,4,13641856,887 1023 627 1023 0 718,887 1023 627 1023 0 718,True
glv-j0-32,tail-pair-periodic-canonical,7,5,9533519,105 1023 1023 367 1023 1023 748,105 1023 1023 367 1023 1023 748,True
glv-j0-32,tail-pair-periodic-canonical,7,6,6504605,244 1023 631 1023 18 284,244 1023 631 1023 18 284,True
glv-j0-32,tail-pair-periodic-canonical,7,7,14526101,883 1023 243 1023 568,883 1023 243 1023 568,True
glv-j0-32,tail-pair-periodic-canonical,7,8,1842236,361 1023 1023 44 1023 832,361 1023 1023 44 1023 832,True
glv-j0-32,tail-pair-periodic-canonical,7,9,23440844,242 1023 1023 13 183,242 1023 1023 13 183,True
glv-j0-32,tail-pair-periodic-canonical,7,10,21481186,232 1023 1023 756 1023 340,232 1023 1023 756 1023 340,True
glv-j0-32,tail-pair-periodic-canonical,7,11,8578319,105 1023 620 1023 105 349,105 1023 620 1023 105 349,True
glv-j0-32,tail-pair-periodic-canonical,7,12,21519138,113 1023 113 1023 39 296,113 1023 113 1023 39 296,True
glv-j0-32,tail-pair-periodic-canonical,7,13,17167829,627 1023 105 1023 106 227,627 1023 105 1023 106 227,True
glv-j0-32,tail-pair-periodic-canonical,7,14,19461605,368 1023 885 1023 719,368 1023 885 1023 719,True
glv-j0-32,tail-pair-periodic-canonical,7,15,10557384,863 1023 622 1023 1023 104 629,863 1023 622 1023 1023 104 629,True
glv-j0-32,tail-pair-periodic-canonical,7,16,1304551,616 1023 1023 29 545,616 1023 1023 29 545,True
glv-j0-32,tail-pair-periodic-canonical,7,17,13841067,621 1023 234 1023 1023 114,621 1023 234 1023 1023 114,True
glv-j0-32,tail-pair-periodic-canonical,7,18,1865040,367 1023 117 1023 104 608,367 1023 117 1023 104 608,True
glv-j0-32,tail-pair-periodic-canonical,7,19,9737830,363 1023 749 1023 104 92,363 1023 749 1023 104 92,True
glv-j0-32,tail-pair-periodic-canonical,7,20,17691167,621 1023 617 1023 1023 323,621 1023 617 1023 1023 323,True
glv-j0-32,tail-pair-periodic-canonical,7,21,22693538,367 1023 758 1023 20 302,367 1023 758 1023 20 302,True
glv-j0-32,tail-pair-periodic-canonical,7,22,21416744,1023 363 1023 617 1023 1023 1023 112,1023 363 1023 617 1023 1023 1023 112,True
glv-j0-32,tail-pair-periodic-canonical,7,23,3326202,371 1023 239 1023 1 303,371 1023 239 1023 1 303,True
glv-j0-32,tail-pair-periodic-canonical,7,24,23126226,623 1023 880 1023 0 285,623 1023 880 1023 0 285,True
glv-j0-32,tail-pair-periodic-canonical,7,25,19103133,882 1023 374 1023 3 114,882 1023 374 1023 3 114,True
glv-j0-32,tail-pair-periodic-canonical,7,26,8829367,619 1023 362 1023 1023 724,619 1023 362 1023 1023 724,True
glv-j0-32,tail-pair-periodic-canonical,7,27,17511591,624 1023 372 1023 0 726,624 1023 372 1023 0 726,True
glv-j0-32,tail-pair-periodic-canonical,7,28,14137625,887 1023 2 1023 74,887 1023 2 1023 74,True
glv-j0-32,tail-pair-periodic-canonical,7,29,16386236,118 1023 108 1023 361 1023 877,118 1023 108 1023 361 1023 877,True
glv-j0-32,tail-pair-periodic-canonical,7,30,12120867,751 1023 372 1023 104 52,751 1023 372 1023 104 52,True
glv-j0-32,tail-pair-periodic-canonical,7,31,19769280,879 1023 237 1023 1023 1023 119,879 1023 237 1023 1023 1023 119,True
glv-j0-32,tail-pair-periodic-canonical,7,32,11008457,244 1023 369 1023 95 751,244 1023 369 1023 95 751,True
glv-j0-32,tail-pair-periodic-canonical,7,33,18443670,759 1023 626 1023 1 586,759 1023 626 1023 1 586,True
glv-j0-32,tail-pair-periodic-canonical,7,34,17423874,877 1023 361 1023 1023 106 740,877 1023 361 1023 1023 106 740,True
glv-j0-32,tail-pair-periodic-canonical,7,35,18159354,119 1023 367 1023 8 597,119 1023 367 1023 8 597,True
glv-j0-32,tail-pair-periodic-canonical,7,36,9970173,151 1023 326,151 1023 326,True
glv-j0-32,tail-pair-periodic-canonical,7,37,10497952,748 1023 1023 30 1023 334,748 1023 1023 30 1023 334,True
glv-j0-32,tail-pair-periodic-canonical,7,38,22674532,239 1023 114 1023 1 606,239 1023 114 1023 1 606,True
glv-j0-32,tail-pair-periodic-canonical,7,39,4519232,607 1023 632 1023 104 76,607 1023 632 1023 104 76,True
glv-j0-32,tail-pair-periodic-canonical,7,40,3586434,1023 113 1023 292,1023 113 1023 292,True
glv-j0-32,tail-pair-periodic-canonical,7,41,11776860,374 1023 880 1023 1023 95 628,374 1023 880 1023 1023 95 628,True
glv-j0-32,tail-pair-periodic-canonical,7,42,6645121,117 1023 116 1023 24 568,117 1023 116 1023 24 568,True
glv-j0-32,tail-pair-periodic-canonical,7,43,9271338,617 1023 620 1023 1023 284,617 1023 620 1023 1023 284,True
glv-j0-32,tail-pair-periodic-canonical,7,44,11495738,245 1023 631 1023 7 687,245 1023 631 1023 7 687,True
glv-j0-32,tail-pair-periodic-canonical,7,45,11472504,374 1023 750 1023 1023 852,374 1023 750 1023 1023 852,True
glv-j0-32,tail-pair-periodic-canonical,7,46,16015748,881 1023 880 1023 7 887,881 1023 880 1023 7 887,True
glv-j0-32,tail-pair-periodic-canonical,7,47,23034670,883 1023 105 48,883 1023 105 48,True
glv-j0-32,tail-pair-periodic-canonical,7,48,22207288,368 1023 625 1023 233,368 1023 625 1023 233,True
glv-j0-32,tail-pair-periodic-canonical,7,49,7961894,1023 369 1023 626 1023 88,1023 369 1023 626 1023 88,True
glv-j0-32,tail-pair-periodic-canonical,7,50,21312265,885 1023 369 1023 875 1023 376,885 1023 369 1023 875 1023 376,True
glv-j0-32,tail-pair-periodic-canonical,7,51,1282055,885 1023 237 1023 106 67,885 1023 237 1023 106 67,True
glv-j0-32,tail-pair-periodic-canonical,7,52,8264210,1023 366 1023 632 1023 104 741,1023 366 1023 632 1023 104 741,True
glv-j0-32,tail-pair-periodic-canonical,7,53,22848050,628 1023 114 1023 0 586,628 1023 114 1023 0 586,True
glv-j0-32,tail-pair-periodic-canonical,7,54,939214,374 1023 238 1023 95 697,374 1023 238 1023 95 697,True
glv-j0-32,tail-pair-periodic-canonical,7,55,21047055,757 1023 1023 244 1023 105 372,757 1023 1023 244 1023 105 372,True
glv-j0-32,tail-pair-periodic-canonical,7,56,20239671,242 1023 375 1023 878 1023 376,242 1023 375 1023 878 1023 376,True
glv-j0-32,tail-pair-periodic-canonical,7,57,20339940,360 1023 1023 108 11,360 1023 1023 108 11,True
glv-j0-32,tail-pair-periodic-canonical,7,58,1665700,1023 360 1023 1023 1023 627,1023 360 1023 1023 1023 627,True
glv-j0-32,tail-pair-periodic-canonical,7,59,14401189,887 1023 369 1023 626 1023 631,887 1023 369 1023 626 1023 631,True
glv-j0-32,tail-pair-periodic-canonical,7,60,19780575,375 1023 745 1023 1023 1023 623,375 1023 745 1023 1023 1023 623,True
glv-j0-32,tail-pair-periodic-canonical,7,61,23237871,368 1023 365 1023 1023 881,368 1023 365 1023 1023 881,True
glv-j0-32,tail-pair-periodic-canonical,7,62,3571956,241 1023 882 1023 46 319,241 1023 882 1023 46 319,True
glv-j0-32,tail-pair-periodic-canonical,7,63,13019425,363 1023 1023 118 1023 67,363 1023 1023 118 1023 67,True
glv-j0-32,tail-pair-periodic-gated27,7,0,12443361,116 1023 622 1023 95 750,116 1023 622 1023 95 750,True
glv-j0-32,tail-pair-periodic-gated27,7,1,7952054,886 1023 627 1023 116 1023 225,886 1023 627 1023 116 1023 225,True
glv-j0-32,tail-pair-periodic-gated27,7,2,12143068,1023 373 1023 157 545,1023 373 1023 157 545,True
glv-j0-32,tail-pair-periodic-gated27,7,3,20067337,624 1023 351 1023 104 695,624 1023 351 1023 104 695,True
glv-j0-32,tail-pair-periodic-gated27,7,4,13641856,887 1023 627 1023 0 718,887 1023 627 1023 0 718,True
glv-j0-32,tail-pair-periodic-gated27,7,5,9533519,105 1023 1023 367 1023 1023 748,105 1023 1023 367 1023 1023 748,True
glv-j0-32,tail-pair-periodic-gated27,7,6,6504605,244 1023 631 1023 18 284,244 1023 631 1023 18 284,True
glv-j0-32,tail-pair-periodic-gated27,7,7,14526101,883 1023 243 1023 568,883 1023 243 1023 568,True
glv-j0-32,tail-pair-periodic-gated27,7,8,1842236,361 1023 1023 44 1023 832,361 1023 1023 44 1023 832,True
glv-j0-32,tail-pair-periodic-gated27,7,9,23440844,242 1023 1023 13 183,242 1023 1023 13 183,True
glv-j0-32,tail-pair-periodic-gated27,7,10,21481186,232 1023 1023 756 1023 340,232 1023 1023 756 1023 340,True
glv-j0-32,tail-pair-periodic-gated27,7,11,8578319,105 1023 620 1023 105 349,105 1023 620 1023 105 349,True
glv-j0-32,tail-pair-periodic-gated27,7,12,21519138,343 1023 1023 23 1023 327,343 1023 1023 23 1023 327,True
glv-j0-32,tail-pair-periodic-gated27,7,13,17167829,627 1023 105 1023 106 227,627 1023 105 1023 106 227,True
glv-j0-32,tail-pair-periodic-gated27,7,14,19461605,368 1023 885 1023 719,368 1023 885 1023 719,True
glv-j0-32,tail-pair-periodic-gated27,7,15,10557384,104 674 1023 1023 54 313,104 674 1023 1023 54 313,True
glv-j0-32,tail-pair-periodic-gated27,7,16,1304551,616 1023 1023 29 545,616 1023 1023 29 545,True
glv-j0-32,tail-pair-periodic-gated27,7,17,13841067,621 1023 234 1023 1023 114,621 1023 234 1023 1023 114,True
glv-j0-32,tail-pair-periodic-gated27,7,18,1865040,367 1023 117 1023 104 608,367 1023 117 1023 104 608,True
glv-j0-32,tail-pair-periodic-gated27,7,19,9737830,95 813 1023 1023 677,95 813 1023 1023 677,True
glv-j0-32,tail-pair-periodic-gated27,7,20,17691167,621 1023 617 1023 1023 323,621 1023 617 1023 1023 323,True
glv-j0-32,tail-pair-periodic-gated27,7,21,22693538,333 1023 1023 148 129,333 1023 1023 148 129,True
glv-j0-32,tail-pair-periodic-gated27,7,22,21416744,1023 95 706 1023 1023 66,1023 95 706 1023 1023 66,True
glv-j0-32,tail-pair-periodic-gated27,7,23,3326202,371 1023 239 1023 1 303,371 1023 239 1023 1 303,True
glv-j0-32,tail-pair-periodic-gated27,7,24,23126226,821 1023 1023 1023 0 285,821 1023 1023 1023 0 285,True
glv-j0-32,tail-pair-periodic-gated27,7,25,19103133,882 1023 374 1023 3 114,882 1023 374 1023 3 114,True
glv-j0-32,tail-pair-periodic-gated27,7,26,8829367,619 1023 362 1023 1023 724,619 1023 362 1023 1023 724,True
glv-j0-32,tail-pair-periodic-gated27,7,27,17511591,624 1023 372 1023 0 726,624 1023 372 1023 0 726,True
glv-j0-32,tail-pair-periodic-gated27,7,28,14137625,887 1023 2 1023 74,887 1023 2 1023 74,True
glv-j0-32,tail-pair-periodic-gated27,7,29,16386236,118 1023 108 1023 361 1023 877,118 1023 108 1023 361 1023 877,True
glv-j0-32,tail-pair-periodic-gated27,7,30,12120867,751 1023 372 1023 104 52,751 1023 372 1023 104 52,True
glv-j0-32,tail-pair-periodic-gated27,7,31,19769280,879 1023 237 1023 1023 1023 119,879 1023 237 1023 1023 1023 119,True
glv-j0-32,tail-pair-periodic-gated27,7,32,11008457,244 1023 369 1023 95 751,244 1023 369 1023 95 751,True
glv-j0-32,tail-pair-periodic-gated27,7,33,18443670,759 1023 626 1023 1 586,759 1023 626 1023 1 586,True
glv-j0-32,tail-pair-periodic-gated27,7,34,17423874,104 729 1023 1023 11 274,104 729 1023 1023 11 274,True
glv-j0-32,tail-pair-periodic-gated27,7,35,18159354,169 1023 1023 186 1023 1023 236,169 1023 1023 186 1023 1023 236,True
glv-j0-32,tail-pair-periodic-gated27,7,36,9970173,151 1023 326,151 1023 326,True
glv-j0-32,tail-pair-periodic-gated27,7,37,10497952,748 1023 1023 30 1023 334,748 1023 1023 30 1023 334,True
glv-j0-32,tail-pair-periodic-gated27,7,38,22674532,205 1023 1023 95 776,205 1023 1023 95 776,True
glv-j0-32,tail-pair-periodic-gated27,7,39,4519232,607 1023 632 1023 104 76,607 1023 632 1023 104 76,True
glv-j0-32,tail-pair-periodic-gated27,7,40,3586434,1023 113 1023 292,1023 113 1023 292,True
glv-j0-32,tail-pair-periodic-gated27,7,41,11776860,374 1023 880 1023 1023 95 628,374 1023 880 1023 1023 95 628,True
glv-j0-32,tail-pair-periodic-gated27,7,42,6645121,117 1023 116 1023 24 568,117 1023 116 1023 24 568,True
glv-j0-32,tail-pair-periodic-gated27,7,43,9271338,617 1023 620 1023 1023 284,617 1023 620 1023 1023 284,True
glv-j0-32,tail-pair-periodic-gated27,7,44,11495738,245 1023 631 1023 7 687,245 1023 631 1023 7 687,True
glv-j0-32,tail-pair-periodic-gated27,7,45,11472504,374 1023 750 1023 1023 852,374 1023 750 1023 1023 852,True
glv-j0-32,tail-pair-periodic-gated27,7,46,16015748,848 1023 1023 1023 7 887,848 1023 1023 1023 7 887,True
glv-j0-32,tail-pair-periodic-gated27,7,47,23034670,883 1023 105 48,883 1023 105 48,True
glv-j0-32,tail-pair-periodic-gated27,7,48,22207288,368 1023 625 1023 233,368 1023 625 1023 233,True
glv-j0-32,tail-pair-periodic-gated27,7,49,7961894,1023 369 1023 626 1023 88,1023 369 1023 626 1023 88,True
glv-j0-32,tail-pair-periodic-gated27,7,50,21312265,885 1023 369 1023 875 1023 376,885 1023 369 1023 875 1023 376,True
glv-j0-32,tail-pair-periodic-gated27,7,51,1282055,885 1023 237 1023 106 67,885 1023 237 1023 106 67,True
glv-j0-32,tail-pair-periodic-gated27,7,52,8264210,1023 366 1023 632 1023 104 741,1023 366 1023 632 1023 104 741,True
glv-j0-32,tail-pair-periodic-gated27,7,53,22848050,628 1023 114 1023 0 586,628 1023 114 1023 0 586,True
glv-j0-32,tail-pair-periodic-gated27,7,54,939214,305 1023 1023 113 1023 1023 879,305 1023 1023 113 1023 1023 879,True
glv-j0-32,tail-pair-periodic-gated27,7,55,21047055,757 1023 1023 12 7 699,757 1023 1023 12 7 699,True
glv-j0-32,tail-pair-periodic-gated27,7,56,20239671,242 1023 375 1023 878 1023 376,242 1023 375 1023 878 1023 376,True
glv-j0-32,tail-pair-periodic-gated27,7,57,20339940,360 1023 1023 108 11,360 1023 1023 108 11,True
glv-j0-32,tail-pair-periodic-gated27,7,58,1665700,1023 360 1023 1023 1023 627,1023 360 1023 1023 1023 627,True
glv-j0-32,tail-pair-periodic-gated27,7,59,14401189,657 1023 1023 795 1023 1023 743,657 1023 1023 795 1023 1023 743,True
glv-j0-32,tail-pair-periodic-gated27,7,60,19780575,795 1023 1023 239 641,795 1023 1023 239 641,True
glv-j0-32,tail-pair-periodic-gated27,7,61,23237871,673 1023 1023 5 877,673 1023 1023 5 877,True
glv-j0-32,tail-pair-periodic-gated27,7,62,3571956,241 1023 882 1023 46 319,241 1023 882 1023 46 319,True
glv-j0-32,tail-pair-periodic-gated27,7,63,13019425,363 1023 1023 118 1023 67,363 1023 1023 118 1023 67,True
j0-56,tail-pair-periodic-canonical,0,0,1701235640930529,369 1023 233 1023 616 1023 621 1023 877 1023 235 1023 1023 104 548,369 1023 233 1023 616 1023 621 1023 877 1023 235 1023 1023 104 548,True
j0-56,tail-pair-periodic-canonical,0,1,51209531857192480,878 1023 1023 368 1023 375 1023 247 1023 105 1023 104 1023 95 347,878 1023 1023 368 1023 375 1023 247 1023 105 1023 104 1023 95 347,True
j0-56,tail-pair-periodic-canonical,0,2,48599518593898289,374 1023 371 1023 629 1023 95 1023 618 1023 874 1023 1023 7 582,374 1023 371 1023 629 1023 95 1023 618 1023 874 1023 1023 7 582,True
j0-56,tail-pair-periodic-canonical,0,3,27597576995578806,620 1023 747 1023 105 1023 760 1023 1023 885 1023 748 1023 747 1023 376,620 1023 747 1023 105 1023 760 1023 1023 885 1023 748 1023 747 1023 376,True
j0-56,tail-pair-periodic-canonical,0,4,3817654454660021,119 1023 248 1023 1023 627 1023 367 1023 744 1023 108 1023 104 354,119 1023 248 1023 1023 627 1023 367 1023 744 1023 108 1023 104 354,True
j0-56,tail-pair-periodic-canonical,0,5,48545827656597763,115 1023 107 1023 1023 619 1023 104 1023 746 1023 1023 118 1023 852,115 1023 107 1023 1023 619 1023 104 1023 746 1023 1023 118 1023 852,True
j0-56,tail-pair-periodic-canonical,0,6,14288319057473904,372 1023 1023 745 1023 1023 369 1023 106 1023 361 1023 621 1023 95 94,372 1023 1023 745 1023 1023 369 1023 106 1023 361 1023 621 1023 95 94,True
j0-56,tail-pair-periodic-canonical,0,7,30552417570233334,1023 243 1023 1023 241 1023 629 1023 241 1023 629 1023 1023 110 143,1023 243 1023 1023 241 1023 629 1023 241 1023 629 1023 1023 110 143,True
j0-56,tail-pair-periodic-canonical,0,8,35428365444187694,885 1023 233 1023 620 1023 750 1023 760 1023 1023 882 1023 108 1023 106 239,885 1023 233 1023 620 1023 750 1023 760 1023 1023 882 1023 108 1023 106 239,True
j0-56,tail-pair-periodic-canonical,0,9,12631911908881298,630 1023 753 1023 753 1023 244 1023 112 1023 755 1023 1023 630 1023 1023 879,630 1023 753 1023 753 1023 244 1023 112 1023 755 1023 1023 630 1023 1023 879,True
j0-56,tail-pair-periodic-canonical,0,10,22206975263005101,753 1023 375 1023 116 1023 619 1023 1023 116 1023 241 1023 7 33,753 1023 375 1023 116 1023 619 1023 1023 116 1023 241 1023 7 33,True
j0-56,tail-pair-periodic-canonical,0,11,1530501890144118,625 1023 623 1023 362 1023 1023 1023 886 1023 233 1023 365 1023 106 697,625 1023 623 1023 362 1023 1023 1023 886 1023 233 1023 365 1023 106 697,True
j0-56,tail-pair-periodic-canonical,0,12,48579291596137043,247 1023 115 1023 111 1023 1023 1023 372 1023 368 1023 246 1023 95 348,247 1023 115 1023 111 1023 1023 1023 372 1023 368 1023 246 1023 95 348,True
j0-56,tail-pair-periodic-canonical,0,13,31691155313374275,235 1023 1023 113 1023 623 1023 115 1023 119 1023 624 1023 23 651,235 1023 1023 113 1023 623 1023 115 1023 119 1023 624 1023 23 651,True
j0-56,tail-pair-periodic-canonical,0,14,16075819056460500,874 1023 223 1023 1023 880 1023 234 1023 1023 752 1023 234 1023 1023 736,874 1023 223 1023 1023 880 1023 234 1023 1023 752 1023 234 1023 1023 736,True
j0-56,tail-pair-periodic-canonical,0,15,32462769711762082,620 1023 366 1023 735 1023 1023 757 1023 619 1023 750 1023 95 84,620 1023 366 1023 735 1023 1023 757 1023 619 1023 750 1023 95 84,True
j0-56,tail-pair-periodic-canonical,0,16,7963633318843282,365 1023 876 1023 1023 883 1023 371 1023 242 1023 246 1023 750 1023 104,365 1023 876 1023 1023 883 1023 371 1023 242 1023 246 1023 750 1023 104,True
j0-56,tail-pair-periodic-canonical,0,17,18983786612097719,114 1023 888 1023 1023 371 1023 248 1023 1023 750 1023 1023 3 182,114 1023 888 1023 1023 371 1023 248 1023 1023 750 1023 1023 3 182,True
j0-56,tail-pair-periodic-canonical,0,18,13288556210279355,1023 630 1023 115 1023 880 1023 885 1023 116 1023 235 1023 366 1023 1023 879,1023 630 1023 115 1023 880 1023 885 1023 116 1023 235 1023 366 1023 1023 879,True
j0-56,tail-pair-periodic-canonical,0,19,4496290136107762,1023 372 1023 115 1023 119 1023 872 1023 366 1023 1023 369 1023 0 624,1023 372 1023 115 1023 119 1023 872 1023 366 1023 1023 369 1023 0 624,True
j0-56,tail-pair-periodic-canonical,0,20,20589605919579750,735 1023 1023 109 1023 1023 747 1023 1023 1023 110 1023 632 1023 1023 613,735 1023 1023 109 1023 1023 747 1023 1023 1023 110 1023 632 1023 1023 613,True
j0-56,tail-pair-periodic-canonical,0,21,22790144222852090,367 1023 239 1023 631 1023 111 1023 372 1023 881 1023 368 1023 95 106,367 1023 239 1023 631 1023 111 1023 372 1023 881 1023 368 1023 95 106,True
j0-56,tail-pair-periodic-canonical,0,22,42340928108677318,760 1023 1023 630 1023 112 1023 883 1023 753 1023 1023 1023 623 1023 376,760 1023 1023 630 1023 112 1023 883 1023 753 1023 1023 1023 623 1023 376,True
j0-56,tail-pair-periodic-canonical,0,23,25197607550421394,882 1023 113 1023 625 1023 117 1023 366 1023 104 1023 1023 245 1023 107,882 1023 113 1023 625 1023 117 1023 366 1023 104 1023 1023 245 1023 107,True
j0-56,tail-pair-periodic-canonical,0,24,20178356449854996,248 1023 750 1023 363 1023 107 1023 1023 111 1023 879 1023 3 189,248 1023 750 1023 363 1023 107 1023 1023 111 1023 879 1023 3 189,True
j0-56,tail-pair-periodic-canonical,0,25,28644864995100918,607 1023 106 1023 248 1023 1023 628 1023 245 1023 880 1023 374 1023 710,607 1023 106 1023 248 1023 1023 628 1023 245 1023 880 1023 374 1023 710,True
j0-56,tail-pair-periodic-canonical,0,26,830492720152661,620 1023 876 1023 105 1023 95 1023 877 1023 110 1023 744 1023 104 880,620 1023 876 1023 105 1023 95 1023 877 1023 110 1023 744 1023 104 880,True
j0-56,tail-pair-periodic-canonical,0,27,51066650839970376,630 1023 247 1023 372 1023 760 1023 616 1023 1023 116 1023 110 1023 362,630 1023 247 1023 372 1023 760 1023 616 1023 1023 116 1023 110 1023 362,True
j0-56,tail-pair-periodic-canonical,0,28,7367209113137255,753 1023 120 1023 351 1023 1023 115 1023 242 1023 1023 758 1023 1023 1023 881,753 1023 120 1023 351 1023 1023 115 1023 242 1023 1023 758 1023 1023 1023 881,True
j0-56,tail-pair-periodic-canonical,0,29,41495489534377967,116 1023 238 1023 622 1023 361 1023 878 1023 1023 628 1023 239 1023 870,116 1023 238 1023 622 1023 361 1023 878 1023 1023 628 1023 239 1023 870,True
j0-56,tail-pair-periodic-canonical,0,30,18850207754958135,885 1023 1023 1023 1023 630 1023 886 1023 117 1023 1023 760 1023 104 349,885 1023 1023 1023 1023 630 1023 886 1023 117 1023 1023 760 1023 104 349,True
j0-56,tail-pair-periodic-canonical,0,31,4845133839933892,111 1023 628 1023 627 1023 112 1023 631 1023 233 1023 876 1023 1023 1023 367,111 1023 628 1023 627 1023 112 1023 631 1023 233 1023 876 1023 1023 1023 367,True
j0-56,tail-pair-periodic-canonical,0,32,5193370461102195,627 1023 629 1023 367 1023 246 1023 760 1023 876 1023 1023 104 849,627 1023 629 1023 367 1023 246 1023 760 1023 876 1023 1023 104 849,True
j0-56,tail-pair-periodic-canonical,0,33,1242272748976912,240 1023 109 1023 361 1023 1023 751 1023 110 1023 232 1023 104 645,240 1023 109 1023 361 1023 1023 751 1023 110 1023 232 1023 104 645,True
j0-56,tail-pair-periodic-canonical,0,34,39514372386363214,233 1023 1023 245 1023 371 1023 242 1023 237 1023 1023 362 1023 1023 339,233 1023 1023 245 1023 371 1023 242 1023 237 1023 1023 362 1023 1023 339,True
j0-56,tail-pair-periodic-canonical,0,35,19675328070911641,374 1023 236 1023 621 1023 620 1023 746 1023 1023 365 1023 106 143,374 1023 236 1023 621 1023 620 1023 746 1023 1023 365 1023 106 143,True
j0-56,tail-pair-periodic-canonical,0,36,41366696232866228,237 1023 232 1023 106 1023 877 1023 1023 1023 1023 373 1023 9 150,237 1023 232 1023 106 1023 877 1023 1023 1023 1023 373 1023 9 150,True
j0-56,tail-pair-periodic-canonical,0,37,31172817672903867,884 1023 1023 626 1023 1023 247 1023 747 1023 110 1023 237 1023 95 720,884 1023 1023 626 1023 1023 247 1023 747 1023 110 1023 237 1023 95 720,True
j0-56,tail-pair-periodic-canonical,0,38,35367915211123801,116 1023 244 1023 368 1023 247 1023 241 1023 247 1023 112 1023 669,116 1023 244 1023 368 1023 247 1023 241 1023 247 1023 112 1023 669,True
j0-56,tail-pair-periodic-canonical,0,39,35071119051253254,241 1023 628 1023 245 1023 879 1023 375 1023 360 1023 1023 752 1023 105,241 1023 628 1023 245 1023 879 1023 375 1023 360 1023 1023 752 1023 105,True
j0-56,tail-pair-periodic-canonical,0,40,9861492365136984,619 1023 110 1023 878 1023 1023 623 1023 246 1023 113 1023 105 142,619 1023 110 1023 878 1023 1023 623 1023 246 1023 113 1023 105 142,True
j0-56,tail-pair-periodic-canonical,0,41,9178330123649395,1023 887 1023 630 1023 886 1023 246 1023 882 1023 887 1023 625 1023 1023 364,1023 887 1023 630 1023 886 1023 246 1023 882 1023 887 1023 625 1023 1023 364,True
j0-56,tail-pair-periodic-canonical,0,42,45110651565721999,118 1023 759 1023 369 1023 1023 884 1023 245 1023 1023 752 1023 305,118 1023 759 1023 369 1023 1023 884 1023 245 1023 1023 752 1023 305,True
j0-56,tail-pair-periodic-canonical,0,43,38793885881587753,888 1023 622 1023 617 1023 747 1023 108 1023 875 1023 1023 874 1023 95 111,888 1023 622 1023 617 1023 747 1023 108 1023 875 1023 1023 874 1023 95 111,True
j0-56,tail-pair-periodic-canonical,0,44,20861563596356667,627 1023 1023 248 1023 1023 881 1023 627 1023 625 1023 883 1023 25,627 1023 1023 248 1023 1023 881 1023 627 1023 625 1023 883 1023 25,True
j0-56,tail-pair-periodic-canonical,0,45,40079474742851907,234 1023 744 1023 110 1023 622 1023 873 1023 360 1023 248 1023 1023 344,234 1023 744 1023 110 1023 622 1023 873 1023 360 1023 248 1023 1023 344,True
j0-56,tail-pair-periodic-canonical,0,46,29750184353322879,235 1023 1023 625 1023 752 1023 371 1023 239 1023 753 1023 7 600,235 1023 1023 625 1023 752 1023 371 1023 239 1023 753 1023 7 600,True
j0-56,tail-pair-periodic-canonical,0,47,41775106311314461,1023 1023 630 1023 750 1023 248 1023 1023 374 1023 1023 118 1023 220,1023 1023 630 1023 750 1023 248 1023 1023 374 1023 1023 118 1023 220,True
j0-56,tail-pair-periodic-canonical,0,48,30167557982534480,233 1023 1023 626 1023 1023 1023 882 1023 875 1023 1023 626 1023 105 704,233 1023 1023 626 1023 1023 1023 882 1023 875 1023 1023 626 1023 105 704,True
j0-56,tail-pair-periodic-canonical,0,49,21874390231708974,1023 628 1023 361 1023 1023 882 1023 632 1023 744 1023 104 72,1023 628 1023 361 1023 1023 882 1023 632 1023 744 1023 104 72,True
j0-56,tail-pair-periodic-canonical,0,50,3105461830624122,245 1023 117 1023 881 1023 105 1023 863 1023 744 1023 863 1023 95 748,245 1023 117 1023 881 1023 105 1023 863 1023 744 1023 863 1023 95 748,True
j0-56,tail-pair-periodic-canonical,0,51,34493533756903583,247 1023 365 1023 1023 746 1023 1023 114 1023 1023 234 1023 109 1023 362,247 1023 365 1023 1023 746 1023 1023 114 1023 1023 234 1023 109 1023 362,True
j0-56,tail-pair-periodic-canonical,0,52,10927138478287741,245 1023 240 1023 241 1023 607 1023 95 1023 760 1023 1023 233 1023 248,245 1023 240 1023 241 1023 607 1023 95 1023 760 1023 1023 233 1023 248,True
j0-56,tail-pair-periodic-canonical,0,53,13041840988692033,887 1023 247 1023 244 1023 1023 755 1023 374 1023 18 1023 326,887 1023 247 1023 244 1023 1023 755 1023 374 1023 18 1023 326,True
j0-56,tail-pair-periodic-canonical,0,54,17649820318362341,107 1023 120 1023 1023 1023 1023 1023 374 1023 755 1023 627 1023 590,107 1023 120 1023 1023 1023 1023 1023 374 1023 755 1023 627 1023 590,True
j0-56,tail-pair-periodic-canonical,0,55,22002188124659772,627 1023 369 1023 367 1023 115 1023 115 1023 625 1023 1023 1023 54,627 1023 369 1023 367 1023 115 1023 115 1023 625 1023 1023 1023 54,True
j0-56,tail-pair-periodic-canonical,0,56,19276342459370318,618 1023 1023 629 1023 753 1023 242 1023 886 1023 113 1023 375 1023 703,618 1023 1023 629 1023 753 1023 242 1023 886 1023 113 1023 375 1023 703,True
j0-56,tail-pair-periodic-canonical,0,57,21676120109663945,626 1023 886 1023 246 1023 880 1023 360 1023 361 1023 863 1023 105 727,626 1023 886 1023 246 1023 880 1023 360 1023 361 1023 863 1023 105 727,True
j0-56,tail-pair-periodic-canonical,0,58,9033696722782453,243 1023 754 1023 104 1023 875 1023 362 1023 607 1023 749 1023 104 697,243 1023 754 1023 104 1023 875 1023 362 1023 607 1023 749 1023 104 697,True
j0-56,tail-pair-periodic-canonical,0,59,16406421601179465,374 1023 374 1023 735 1023 748 1023 376 1023 872 1023 362 1023 106 861,374 1023 374 1023 735 1023 748 1023 376 1023 872 1023 362 1023 106 861,True
j0-56,tail-pair-periodic-canonical,0,60,27980479105654696,887 1023 370 1023 242 1023 756 1023 886 1023 755 1023 369 1023 2 600,887 1023 370 1023 242 1023 756 1023 886 1023 755 1023 369 1023 2 600,True
j0-56,tail-pair-periodic-canonical,0,61,21123314884727665,239 1023 246 1023 1023 246 1023 243 1023 1023 109 1023 365 1023 104 614,239 1023 246 1023 1023 246 1023 243 1023 1023 109 1023 365 1023 104 614,True
j0-56,tail-pair-periodic-canonical,0,62,12742782193394444,758 1023 624 1023 235 1023 366 1023 619 1023 236 1023 1023 1023 0 610,758 1023 624 1023 235 1023 366 1023 619 1023 236 1023 1023 1023 0 610,True
j0-56,tail-pair-periodic-canonical,0,63,21396362371914551,880 1023 113 1023 880 1023 617 1023 376 1023 238 1023 366 1023 95 344,880 1023 113 1023 880 1023 617 1023 376 1023 238 1023 366 1023 95 344,True
j0-56,tail-pair-periodic-gated27,0,0,1701235640930529,1 315 1023 1023 210 1023 1023 843 1023 1023 235 1023 1023 104 548,1 315 1023 1023 210 1023 1023 843 1023 1023 235 1023 1023 104 548,True
j0-56,tail-pair-periodic-gated27,0,1,51209531857192480,878 1023 1023 335 1023 1023 0 8 359 1023 1023 717 1023 1023 591,878 1023 1023 335 1023 1023 0 8 359 1023 1023 717 1023 1023 591,True
j0-56,tail-pair-periodic-gated27,0,2,48599518593898289,374 1023 371 1023 629 1023 95 1023 618 1023 874 1023 1023 7 582,374 1023 371 1023 629 1023 95 1023 618 1023 874 1023 1023 7 582,True
j0-56,tail-pair-periodic-gated27,0,3,27597576995578806,620 1023 747 1023 105 1023 760 1023 1023 885 1023 748 1023 747 1023 376,620 1023 747 1023 105 1023 760 1023 1023 885 1023 748 1023 747 1023 376,True
j0-56,tail-pair-periodic-gated27,0,4,3817654454660021,8 2 717 1023 1023 216 1023 1023 117 1023 1023 3 2 533,8 2 717 1023 1023 216 1023 1023 117 1023 1023 3 2 533,True
j0-56,tail-pair-periodic-gated27,0,5,48545827656597763,115 1023 107 1023 1023 619 1023 104 1023 746 1023 1023 118 1023 852,115 1023 107 1023 1023 619 1023 104 1023 746 1023 1023 118 1023 852,True
j0-56,tail-pair-periodic-gated27,0,6,14288319057473904,372 1023 1023 745 1023 1023 369 1023 106 1023 361 1023 621 1023 95 94,372 1023 1023 745 1023 1023 369 1023 106 1023 361 1023 621 1023 95 94,True
j0-56,tail-pair-periodic-gated27,0,7,30552417570233334,1023 243 1023 1023 241 1023 629 1023 241 1023 629 1023 1023 110 143,1023 243 1023 1023 241 1023 629 1023 241 1023 629 1023 1023 110 143,True
j0-56,tail-pair-periodic-gated27,0,8,35428365444187694,286 1023 1023 338 1023 1023 105 174 1023 1023 1023 13 628 1023 1023 106 239,286 1023 1023 338 1023 1023 105 174 1023 1023 1023 13 628 1023 1023 106 239,True
j0-56,tail-pair-periodic-gated27,0,9,12631911908881298,1 168 1023 1023 1023 8 718 1023 1023 1023 755 1023 1023 630 1023 1023 879,1 168 1023 1023 1023 8 718 1023 1023 1023 755 1023 1023 630 1023 1023 879,True
j0-56,tail-pair-periodic-gated27,0,10,22206975263005101,753 1023 375 1023 116 1023 619 1023 1023 116 1023 241 1023 7 33,753 1023 375 1023 116 1023 619 1023 1023 116 1023 241 1023 7 33,True
j0-56,tail-pair-periodic-gated27,0,11,1530501890144118,855 1023 1023 298 1023 1023 1023 1023 817 1023 1023 312 1023 1023 106 697,855 1023 1023 298 1023 1023 1023 1023 817 1023 1023 312 1023 1023 106 697,True
j0-56,tail-pair-periodic-gated27,0,12,48579291596137043,1 631 1023 1023 111 1023 1023 1023 341 1023 1023 1023 94 1023 1023 605,1 631 1023 1023 111 1023 1023 1023 341 1023 1023 1023 94 1023 1023 605,True
j0-56,tail-pair-periodic-gated27,0,13,31691155313374275,235 1023 1023 828 1023 1023 861 1023 1023 8 328 1023 1023 23 651,235 1023 1023 828 1023 1023 861 1023 1023 8 328 1023 1023 23 651,True
j0-56,tail-pair-periodic-gated27,0,14,16075819056460500,874 1023 223 1023 1023 880 1023 234 1023 1023 752 1023 234 1023 1023 736,874 1023 223 1023 1023 880 1023 234 1023 1023 752 1023 234 1023 1023 736,True
j0-56,tail-pair-periodic-gated27,0,15,32462769711762082,620 1023 366 1023 735 1023 1023 757 1023 619 1023 750 1023 95 84,620 1023 366 1023 735 1023 1023 757 1023 619 1023 750 1023 95 84,True
j0-56,tail-pair-periodic-gated27,0,16,7963633318843282,95 102 1023 1023 1023 852 1023 1023 656 1023 1023 1 754 1023 1023 852,95 102 1023 1023 1023 852 1023 1023 656 1023 1023 1 754 1023 1023 852,True
j0-56,tail-pair-periodic-gated27,0,17,18983786612097719,114 1023 888 1023 1023 371 1023 248 1023 1023 750 1023 1023 3 182,114 1023 888 1023 1023 371 1023 248 1023 1023 750 1023 1023 3 182,True
j0-56,tail-pair-periodic-gated27,0,18,13288556210279355,1023 630 1023 115 1023 880 1023 885 1023 116 1023 235 1023 366 1023 1023 879,1023 630 1023 115 1023 880 1023 885 1023 116 1023 235 1023 366 1023 1023 879,True
j0-56,tail-pair-periodic-gated27,0,19,4496290136107762,1023 610 1023 1023 821 1023 1023 95 6 95 759 1023 1023 268 6,1023 610 1023 1023 821 1023 1023 95 6 95 759 1023 1023 268 6,True
j0-56,tail-pair-periodic-gated27,0,20,20589605919579750,735 1023 1023 109 1023 1023 747 1023 1023 1023 110 1023 632 1023 1023 613,735 1023 1023 109 1023 1023 747 1023 1023 1023 110 1023 632 1023 1023 613,True
j0-56,tail-pair-periodic-gated27,0,21,22790144222852090,367 1023 239 1023 631 1023 111 1023 372 1023 881 1023 368 1023 95 106,367 1023 239 1023 631 1023 111 1023 372 1023 881 1023 368 1023 95 106,True
j0-56,tail-pair-periodic-gated27,0,22,42340928108677318,760 1023 1023 1 732 1023 1023 3 712 1023 1023 1023 1023 2 855,760 1023 1023 1 732 1023 1023 3 712 1023 1023 1023 1023 2 855,True
j0-56,tail-pair-periodic-gated27,0,23,25197607550421394,882 1023 113 1023 625 1023 117 1023 366 1023 104 1023 1023 245 1023 107,882 1023 113 1023 625 1023 117 1023 366 1023 104 1023 1023 245 1023 107,True
j0-56,tail-pair-periodic-gated27,0,24,20178356449854996,248 1023 750 1023 363 1023 107 1023 1023 111 1023 879 1023 3 189,248 1023 750 1023 363 1023 107 1023 1023 111 1023 879 1023 3 189,True
j0-56,tail-pair-periodic-gated27,0,25,28644864995100918,607 1023 106 1023 248 1023 1023 628 1023 245 1023 880 1023 374 1023 710,607 1023 106 1023 248 1023 1023 628 1023 245 1023 880 1023 374 1023 710,True
j0-56,tail-pair-periodic-gated27,0,26,830492720152661,95 103 1023 1023 95 8 16 181 1023 1023 104 114 1023 1023 843,95 103 1023 1023 95 8 16 181 1023 1023 104 114 1023 1023 843,True
j0-56,tail-pair-periodic-gated27,0,27,51066650839970376,630 1023 247 1023 372 1023 760 1023 616 1023 1023 116 1023 110 1023 362,630 1023 247 1023 372 1023 760 1023 616 1023 1023 116 1023 110 1023 362,True
j0-56,tail-pair-periodic-gated27,0,28,7367209113137255,753 1023 120 1023 351 1023 1023 115 1023 242 1023 1023 758 1023 1023 1023 881,753 1023 120 1023 351 1023 1023 115 1023 242 1023 1023 758 1023 1023 1023 881,True
j0-56,tail-pair-periodic-gated27,0,29,41495489534377967,116 1023 238 1023 622 1023 361 1023 878 1023 1023 628 1023 239 1023 870,116 1023 238 1023 622 1023 361 1023 878 1023 1023 628 1023 239 1023 870,True
j0-56,tail-pair-periodic-gated27,0,30,18850207754958135,885 1023 1023 1023 1023 1 144 1023 1023 117 1023 1023 95 12 520,885 1023 1023 1023 1023 1 144 1023 1023 117 1023 1023 95 12 520,True
j0-56,tail-pair-periodic-gated27,0,31,4845133839933892,217 1023 1023 354 1023 1023 16 842 1023 1023 846 1023 1023 1023 1023 1023 367,217 1023 1023 354 1023 1023 16 842 1023 1023 846 1023 1023 1023 1023 1023 367,True
j0-56,tail-pair-periodic-gated27,0,32,5193370461102195,323 1023 1023 104 1023 1023 94 1023 1023 114 1023 1023 1023 104 849,323 1023 1023 104 1023 1023 94 1023 1023 114 1023 1023 1023 104 849,True
j0-56,tail-pair-periodic-gated27,0,33,1242272748976912,240 1023 109 1023 361 1023 1023 751 1023 110 1023 232 1023 104 645,240 1023 109 1023 361 1023 1023 751 1023 110 1023 232 1023 104 645,True
j0-56,tail-pair-periodic-gated27,0,34,39514372386363214,233 1023 1023 245 1023 371 1023 242 1023 237 1023 1023 362 1023 1023 339,233 1023 1023 245 1023 371 1023 242 1023 237 1023 1023 362 1023 1023 339,True
j0-56,tail-pair-periodic-gated27,0,35,19675328070911641,374 1023 236 1023 621 1023 620 1023 746 1023 1023 365 1023 106 143,374 1023 236 1023 621 1023 620 1023 746 1023 1023 365 1023 106 143,True
j0-56,tail-pair-periodic-gated27,0,36,41366696232866228,105 717 1023 1023 0 217 1023 1023 1023 1023 1023 716 1023 1023 1023 605,105 717 1023 1023 0 217 1023 1023 1023 1023 1023 716 1023 1023 1023 605,True
j0-56,tail-pair-periodic-gated27,0,37,31172817672903867,884 1023 1023 626 1023 1023 1 115 1023 1023 346 1023 1023 223 722,884 1023 1023 626 1023 1023 1 115 1023 1023 346 1023 1023 223 722,True
j0-56,tail-pair-periodic-gated27,0,38,35367915211123801,822 1023 1023 631 1023 1023 1 13 605 1023 1023 753 1023 1023 669,822 1023 1023 631 1023 1023 1 13 605 1023 1023 753 1023 1023 669,True
j0-56,tail-pair-periodic-gated27,0,39,35071119051253254,241 1023 628 1023 245 1023 879 1023 375 1023 360 1023 1023 752 1023 105,241 1023 628 1023 245 1023 879 1023 375 1023 360 1023 1023 752 1023 105,True
j0-56,tail-pair-periodic-gated27,0,40,9861492365136984,619 1023 110 1023 878 1023 1023 623 1023 246 1023 113 1023 105 142,619 1023 110 1023 878 1023 1023 623 1023 246 1023 113 1023 105 142,True
j0-56,tail-pair-periodic-gated27,0,41,9178330123649395,1023 657 1023 1023 95 858 1023 1023 198 1023 1023 858 1023 1023 9 324,1023 657 1023 1023 95 858 1023 1023 198 1023 1023 858 1023 1023 9 324,True
j0-56,tail-pair-periodic-gated27,0,42,45110651565721999,118 1023 759 1023 369 1023 1023 884 1023 245 1023 1023 752 1023 305,118 1023 759 1023 369 1023 1023 884 1023 245 1023 1023 752 1023 305,True
j0-56,tail-pair-periodic-gated27,0,43,38793885881587753,105 198 1023 1023 210 1023 1023 855 1023 1023 875 1023 1023 95 95 104,105 198 1023 1023 210 1023 1023 855 1023 1023 875 1023 1023 95 95 104,True
j0-56,tail-pair-periodic-gated27,0,44,20861563596356667,627 1023 1023 248 1023 1023 93 1023 1023 343 1023 1023 722 1023 1023 868,627 1023 1023 248 1023 1023 93 1023 1023 343 1023 1023 722 1023 1023 868,True
j0-56,tail-pair-periodic-gated27,0,45,40079474742851907,104 755 1023 1023 346 1023 1023 881 1023 1023 841 1023 1023 114 514,104 755 1023 1023 346 1023 1023 881 1023 1023 841 1023 1023 114 514,True
j0-56,tail-pair-periodic-gated27,0,46,29750184353322879,235 1023 1023 692 1023 1023 1023 12 705 1023 1023 7 673 1023 1023 751,235 1023 1023 692 1023 1023 1023 12 705 1023 1023 7 673 1023 1023 751,True
j0-56,tail-pair-periodic-gated27,0,47,41775106311314461,1023 1023 1 859 1023 1023 375 1023 1023 7 680 1023 1023 771,1023 1023 1 859 1023 1023 375 1023 1023 7 680 1023 1023 771,True
j0-56,tail-pair-periodic-gated27,0,48,30167557982534480,233 1023 1023 626 1023 1023 1023 882 1023 875 1023 1023 626 1023 105 704,233 1023 1023 626 1023 1023 1023 882 1023 875 1023 1023 626 1023 105 704,True
j0-56,tail-pair-periodic-gated27,0,49,21874390231708974,1023 628 1023 361 1023 1023 882 1023 632 1023 744 1023 104 72,1023 628 1023 361 1023 1023 882 1023 632 1023 744 1023 104 72,True
j0-56,tail-pair-periodic-gated27,0,50,3105461830624122,870 1023 1023 95 104 756 1023 1023 7 0 851 1023 1023 3 854,870 1023 1023 95 104 756 1023 1023 7 0 851 1023 1023 3 854,True
j0-56,tail-pair-periodic-gated27,0,51,34493533756903583,247 1023 365 1023 1023 746 1023 1023 114 1023 1023 234 1023 109 1023 362,247 1023 365 1023 1023 746 1023 1023 114 1023 1023 234 1023 109 1023 362,True
j0-56,tail-pair-periodic-gated27,0,52,10927138478287741,245 1023 240 1023 241 1023 607 1023 95 1023 760 1023 1023 233 1023 248,245 1023 240 1023 241 1023 607 1023 95 1023 760 1023 1023 233 1023 248,True
j0-56,tail-pair-periodic-gated27,0,53,13041840988692033,887 1023 247 1023 244 1023 1023 755 1023 374 1023 18 1023 326,887 1023 247 1023 244 1023 1023 755 1023 374 1023 18 1023 326,True
j0-56,tail-pair-periodic-gated27,0,54,17649820318362341,107 1023 120 1023 1023 1023 1023 1023 374 1023 755 1023 627 1023 590,107 1023 120 1023 1023 1023 1023 1023 374 1023 755 1023 627 1023 590,True
j0-56,tail-pair-periodic-gated27,0,55,22002188124659772,216 1023 1023 848 1023 1023 7 624 1023 1023 625 1023 1023 1023 54,216 1023 1023 848 1023 1023 7 624 1023 1023 625 1023 1023 1023 54,True
j0-56,tail-pair-periodic-gated27,0,56,19276342459370318,618 1023 1023 9 146 1023 1023 373 1023 1023 757 1023 1023 612 1023 1023 365,618 1023 1023 9 146 1023 1023 373 1023 1023 757 1023 1023 612 1023 1023 365,True
j0-56,tail-pair-periodic-gated27,0,57,21676120109663945,626 1023 886 1023 246 1023 880 1023 360 1023 361 1023 863 1023 105 727,626 1023 886 1023 246 1023 880 1023 360 1023 361 1023 863 1023 105 727,True
j0-56,tail-pair-periodic-gated27,0,58,9033696722782453,856 1023 1023 875 1023 1023 7 864 1023 1023 608 1023 1023 104 9 288,856 1023 1023 875 1023 1023 7 864 1023 1023 608 1023 1023 104 9 288,True
j0-56,tail-pair-periodic-gated27,0,59,16406421601179465,359 1023 1023 823 1023 1023 2 855 1023 1023 95 11 862 1023 1023 1023 367,359 1023 1023 823 1023 1023 2 855 1023 1023 95 11 862 1023 1023 1023 367,True
j0-56,tail-pair-periodic-gated27,0,60,27980479105654696,100 1023 1023 95 286 1023 1023 8 278 1023 1023 1023 1 730 1023 1023 883,100 1023 1023 95 286 1023 1023 8 278 1023 1023 1023 1 730 1023 1023 883,True
j0-56,tail-pair-periodic-gated27,0,61,21123314884727665,239 1023 246 1023 1023 246 1023 243 1023 1023 109 1023 365 1023 104 614,239 1023 246 1023 1023 246 1023 243 1023 1023 109 1023 365 1023 104 614,True
j0-56,tail-pair-periodic-gated27,0,62,12742782193394444,225 1023 1023 1023 95 1 854 1023 1023 877 1023 1023 1023 1023 0 610,225 1023 1023 1023 95 1 854 1023 1023 877 1023 1023 1023 1023 0 610,True
j0-56,tail-pair-periodic-gated27,0,63,21396362371914551,328 1023 1023 231 1023 1023 104 0 11 859 1023 1023 218 1023 1023 601,328 1023 1023 231 1023 1023 104 0 11 859 1023 1023 218 1023 1023 601,True
j0-56,tail-pair-periodic-canonical,1,0,39537698145832258,1023 246 1023 621 1023 95 1023 747 1023 1023 632 1023 248 1023 105 245,1023 246 1023 621 1023 95 1023 747 1023 1023 632 1023 248 1023 105 245,True
j0-56,tail-pair-periodic-canonical,1,1,13065460595795204,372 1023 1023 108 1023 360 1023 248 1023 1023 114 1023 1023 65 651,372 1023 1023 108 1023 360 1023 248 1023 1023 114 1023 1023 65 651,True
j0-56,tail-pair-periodic-canonical,1,2,22759314154371484,753 1023 246 1023 885 1023 879 1023 745 1023 1023 887 1023 757 1023 105 739,753 1023 246 1023 885 1023 879 1023 745 1023 1023 887 1023 757 1023 105 739,True
j0-56,tail-pair-periodic-canonical,1,3,3165184489545529,1023 624 1023 1023 755 1023 240 1023 881 1023 106 1023 106 653,1023 624 1023 1023 755 1023 240 1023 881 1023 106 1023 106 653,True
j0-56,tail-pair-periodic-canonical,1,4,16952083564757972,246 1023 240 1023 240 1023 626 1023 754 1023 370 1023 886 1023 8 222,246 1023 240 1023 240 1023 626 1023 754 1023 370 1023 886 1023 8 222,True
j0-56,tail-pair-periodic-canonical,1,5,16104742332760926,1023 118 1023 881 1023 883 1023 239 1023 625 1023 244 1023 363 1023 110,1023 118 1023 881 1023 883 1023 239 1023 625 1023 244 1023 363 1023 110,True
j0-56,tail-pair-periodic-canonical,1,6,47657003627625780,751 1023 246 1023 751 1023 239 1023 751 1023 623 1023 374 1023 642,751 1023 246 1023 751 1023 239 1023 751 1023 623 1023 374 1023 642,True
j0-56,tail-pair-periodic-canonical,1,7,46584440396381213,621 1023 747 1023 1023 1023 236 1023 632 1023 351 1023 363 1023 1023 618,621 1023 747 1023 1023 1023 236 1023 632 1023 351 1023 363 1023 1023 618,True
j0-56,tail-pair-periodic-canonical,1,8,22703053727935165,616 1023 619 1023 745 1023 748 1023 1023 1023 239 1023 624 1023 104 356,616 1023 619 1023 745 1023 748 1023 1023 1023 239 1023 624 1023 104 356,True
j0-56,tail-pair-periodic-canonical,1,9,28645336913364693,116 1023 112 1023 748 1023 120 1023 748 1023 745 1023 632 1023 1023 95 620,116 1023 112 1023 748 1023 120 1023 748 1023 745 1023 632 1023 1023 95 620,True
j0-56,tail-pair-periodic-canonical,1,10,39605236589306152,1023 623 1023 625 1023 115 1023 629 1023 236 1023 363 1023 1023 86,1023 623 1023 625 1023 115 1023 629 1023 236 1023 363 1023 1023 86,True
j0-56,tail-pair-periodic-canonical,1,11,13065953414515776,248 1023 619 1023 863 1023 748 1023 233 1023 363 1023 108 1023 839,248 1023 619 1023 863 1023 748 1023 233 1023 363 1023 108 1023 839,True
j0-56,tail-pair-periodic-canonical,1,12,904166757114498,757 1023 234 1023 878 1023 1023 873 1023 617 1023 238 1023 1023 106 851,757 1023 234 1023 878 1023 1023 873 1023 617 1023 238 1023 1023 106 851,True
j0-56,tail-pair-periodic-canonical,1,13,21771539989004068,629 1023 882 1023 235 1023 1023 1023 1023 1023 362 1023 366 1023 1023 703,629 1023 882 1023 235 1023 1023 1023 1023 1023 362 1023 366 1023 1023 703,True
j0-56,tail-pair-periodic-canonical,1,14,34213501305266941,759 1023 884 1023 1023 362 1023 106 1023 878 1023 617 1023 1023 0 231,759 1023 884 1023 1023 362 1023 106 1023 878 1023 617 1023 1023 0 231,True
j0-56,tail-pair-periodic-canonical,1,15,10169778441945402,1023 885 1023 754 1023 1023 116 1023 755 1023 372 1023 631 1023 104 857,1023 885 1023 754 1023 1023 116 1023 755 1023 372 1023 631 1023 104 857,True
j0-56,tail-pair-periodic-canonical,1,16,26718398517645314,1023 882 1023 1023 239 1023 120 1023 872 1023 872 1023 1023 748 1023 95 625,1023 882 1023 1023 239 1023 120 1023 872 1023 872 1023 1023 748 1023 95 625,True
j0-56,tail-pair-periodic-canonical,1,17,49656790401305464,755 1023 374 1023 239 1023 630 1023 885 1023 863 1023 1023 1023 1023 754,755 1023 374 1023 239 1023 630 1023 885 1023 863 1023 1023 1023 1023 754,True
j0-56,tail-pair-periodic-canonical,1,18,17897532409449084,113 1023 757 1023 115 1023 1023 607 1023 876 1023 1023 1023 244 1023 227,113 1023 757 1023 115 1023 1023 607 1023 876 1023 1023 1023 244 1023 227,True
j0-56,tail-pair-periodic-canonical,1,19,35920999987421771,372 1023 243 1023 351 1023 363 1023 747 1023 364 1023 108 1023 1023 760,372 1023 243 1023 351 1023 363 1023 747 1023 364 1023 108 1023 1023 760,True
j0-56,tail-pair-periodic-canonical,1,20,30588916004092226,245 1023 1023 887 1023 1023 756 1023 370 1023 882 1023 371 1023 3 227,245 1023 1023 887 1023 1023 756 1023 370 1023 882 1023 371 1023 3 227,True
j0-56,tail-pair-periodic-canonical,1,21,30968213353127901,1023 751 1023 879 1023 110 1023 1023 370 1023 360 1023 620 1023 238 1023 365,1023 751 1023 879 1023 110 1023 1023 370 1023 360 1023 620 1023 238 1023 365,True
j0-56,tail-pair-periodic-canonical,1,22,34674676015461551,351 1023 878 1023 1023 746 1023 365 1023 109 1023 363 1023 95 619,351 1023 878 1023 1023 746 1023 365 1023 109 1023 363 1023 95 619,True
j0-56,tail-pair-periodic-canonical,1,23,40461887597234704,748 1023 750 1023 1023 873 1023 876 1023 1023 244 1023 887 1023 1023 760,748 1023 750 1023 1023 873 1023 876 1023 1023 244 1023 887 1023 1023 760,True
j0-56,tail-pair-periodic-canonical,1,24,11839173226872782,1023 758 1023 239 1023 112 1023 623 1023 618 1023 750 1023 234 1023 1023 876,1023 758 1023 239 1023 112 1023 623 1023 618 1023 750 1023 234 1023 1023 876,True
j0-56,tail-pair-periodic-canonical,1,25,49305519718570299,372 1023 875 1023 248 1023 1023 368 1023 631 1023 622 1023 1023 571,372 1023 875 1023 248 1023 1023 368 1023 631 1023 622 1023 1023 571,True
j0-56,tail-pair-periodic-canonical,1,26,40036720864871481,757 1023 114 1023 373 1023 366 1023 233 1023 105 1023 234 1023 95 248,757 1023 114 1023 373 1023 366 1023 233 1023 105 1023 234 1023 95 248,True
j0-56,tail-pair-periodic-canonical,1,27,14829457069349464,1023 242 1023 240 1023 747 1023 877 1023 619 1023 364 1023 1023 12 704,1023 242 1023 240 1023 747 1023 877 1023 619 1023 364 1023 1023 12 704,True
j0-56,tail-pair-periodic-canonical,1,28,47564045200600772,370 1023 244 1023 622 1023 1023 114 1023 884 1023 232 1023 1023 0 716,370 1023 244 1023 622 1023 1023 114 1023 884 1023 232 1023 1023 0 716,True
j0-56,tail-pair-periodic-canonical,1,29,38685495441705424,884 1023 370 1023 113 1023 113 1023 631 1023 374 1023 618 1023 1023 1023 877,884 1023 370 1023 113 1023 113 1023 631 1023 374 1023 618 1023 1023 1023 877,True
j0-56,tail-pair-periodic-canonical,1,30,17494242358758616,630 1023 631 1023 370 1023 625 1023 878 1023 1023 757 1023 109 1023 1023 876,630 1023 631 1023 370 1023 625 1023 878 1023 1023 757 1023 109 1023 1023 876,True
j0-56,tail-pair-periodic-canonical,1,31,53004318539211895,119 1023 1023 754 1023 628 1023 752 1023 882 1023 113 1023 1023 104 734,119 1023 1023 754 1023 628 1023 752 1023 882 1023 113 1023 1023 104 734,True
j0-56,tail-pair-periodic-canonical,1,32,32805240726094732,756 1023 1023 622 1023 365 1023 1023 886 1023 247 1023 886 1023 8 283,756 1023 1023 622 1023 365 1023 1023 886 1023 247 1023 886 1023 8 283,True
j0-56,tail-pair-periodic-canonical,1,33,17279918344973559,1023 1023 884 1023 375 1023 883 1023 1023 374 1023 363 1023 1023 25 697,1023 1023 884 1023 375 1023 883 1023 1023 374 1023 363 1023 1023 25 697,True
j0-56,tail-pair-periodic-canonical,1,34,47547342471716815,757 1023 628 1023 232 1023 351 1023 1023 607 1023 1023 240 1023 1023 884,757 1023 628 1023 232 1023 351 1023 1023 607 1023 1023 240 1023 1023 884,True
j0-56,tail-pair-periodic-canonical,1,35,6773853948615881,881 1023 115 1023 370 1023 105 1023 366 1023 366 1023 104 1023 104 231,881 1023 115 1023 370 1023 105 1023 366 1023 366 1023 104 1023 104 231,True
j0-56,tail-pair-periodic-canonical,1,36,45445622245394099,879 1023 1023 367 1023 118 1023 884 1023 1023 886 1023 247 1023 300,879 1023 1023 367 1023 118 1023 884 1023 1023 886 1023 247 1023 300,True
j0-56,tail-pair-periodic-canonical,1,37,52829743594734318,630 1023 114 1023 876 1023 106 1023 863 1023 1023 115 1023 1023 1023 748,630 1023 114 1023 876 1023 106 1023 863 1023 1023 115 1023 1023 1023 748,True
j0-56,tail-pair-periodic-canonical,1,38,40985804299713451,1023 242 1023 759 1023 371 1023 116 1023 351 1023 1023 759 1023 5 108,1023 242 1023 759 1023 371 1023 116 1023 351 1023 1023 759 1023 5 108,True
j0-56,tail-pair-periodic-canonical,1,39,28097645511830665,119 1023 237 1023 616 1023 748 1023 109 1023 632 1023 376 1023 105,119 1023 237 1023 616 1023 748 1023 109 1023 632 1023 376 1023 105,True
j0-56,tail-pair-periodic-canonical,1,40,53294004460942691,756 1023 241 1023 630 1023 621 1023 376 1023 235 1023 1023 876 1023 95 720,756 1023 241 1023 630 1023 621 1023 376 1023 235 1023 1023 876 1023 95 720,True
j0-56,tail-pair-periodic-canonical,1,41,13252658062020084,1023 886 1023 1023 369 1023 883 1023 233 1023 362 1023 1023 108 1023 104 880,1023 886 1023 1023 369 1023 883 1023 233 1023 362 1023 1023 108 1023 104 880,True
j0-56,tail-pair-periodic-canonical,1,42,18888854468626532,880 1023 240 1023 369 1023 111 1023 119 1023 880 1023 754 1023 532,880 1023 240 1023 369 1023 111 1023 119 1023 880 1023 754 1023 532,True
j0-56,tail-pair-periodic-canonical,1,43,13091230322071925,373 1023 1023 1023 627 1023 246 1023 111 1023 112 1023 368 1023 802,373 1023 1023 1023 627 1023 246 1023 111 1023 112 1023 368 1023 802,True
j0-56,tail-pair-periodic-canonical,1,44,44597414281513488,237 1023 105 1023 1023 246 1023 116 1023 879 1023 1023 758 1023 7 304,237 1023 105 1023 1023 246 1023 116 1023 879 1023 1023 758 1023 7 304,True
j0-56,tail-pair-periodic-canonical,1,45,40623089083761089,745 1023 236 1023 872 1023 232 1023 1023 618 1023 1023 1023 2 539,745 1023 236 1023 872 1023 232 1023 1023 618 1023 1023 1023 2 539,True
j0-56,tail-pair-periodic-canonical,1,46,38310934467536758,1023 362 1023 1023 879 1023 362 1023 1023 882 1023 118 1023 8 521,1023 362 1023 1023 879 1023 362 1023 1023 882 1023 118 1023 8 521,True
j0-56,tail-pair-periodic-canonical,1,47,17561705598373794,119 1023 882 1023 116 1023 1023 111 1023 622 1023 362 1023 1023 3 600,119 1023 882 1023 116 1023 1023 111 1023 622 1023 362 1023 1023 3 600,True
j0-56,tail-pair-periodic-canonical,1,48,36617420791373851,760 1023 877 1023 760 1023 616 1023 877 1023 364 1023 237 1023 1023 358,760 1023 877 1023 760 1023 616 1023 877 1023 364 1023 237 1023 1023 358,True
j0-56,tail-pair-periodic-canonical,1,49,53118972298342966,626 1023 115 1023 620 1023 365 1023 760 1023 1023 108 1023 1023 13 300,626 1023 115 1023 620 1023 365 1023 760 1023 1023 108 1023 1023 13 300,True
j0-56,tail-pair-periodic-canonical,1,50,2938216667793825,885 1023 369 1023 630 1023 887 1023 1023 371 1023 628 1023 120 1023 875,885 1023 369 1023 630 1023 887 1023 1023 371 1023 628 1023 120 1023 875,True
j0-56,tail-pair-periodic-canonical,1,51,22011631292390061,884 1023 368 1023 113 1023 1023 373 1023 232 1023 365 1023 1023 104 352,884 1023 368 1023 113 1023 1023 373 1023 232 1023 365 1023 1023 104 352,True
j0-56,tail-pair-periodic-canonical,1,52,23451746292891595,758 1023 628 1023 627 1023 113 1023 758 1023 369 1023 759 1023 104 214,758 1023 628 1023 627 1023 113 1023 758 1023 369 1023 759 1023 104 214,True
j0-56,tail-pair-periodic-canonical,1,53,5142961973466927,620 1023 1023 115 1023 887 1023 749 1023 237 1023 1023 111 1023 1 729,620 1023 1023 115 1023 887 1023 749 1023 237 1023 1023 111 1023 1 729,True
j0-56,tail-pair-periodic-canonical,1,54,223492332701608,879 1023 1023 1023 369 1023 751 1023 753 1023 236 1023 878 1023 95 862,879 1023 1023 1023 369 1023 751 1023 753 1023 236 1023 878 1023 95 862,True
j0-56,tail-pair-periodic-canonical,1,55,24331969636176457,628 1023 735 1023 361 1023 235 1023 616 1023 1023 1023 747 1023 1023 248,628 1023 735 1023 361 1023 235 1023 616 1023 1023 1023 747 1023 1023 248,True
j0-56,tail-pair-periodic-canonical,1,56,38541595265104017,874 1023 1023 114 1023 223 1023 616 1023 362 1023 237 1023 105 695,874 1023 1023 114 1023 223 1023 616 1023 362 1023 237 1023 105 695,True
j0-56,tail-pair-periodic-canonical,1,57,18403624979476078,237 1023 1023 880 1023 117 1023 886 1023 246 1023 863 1023 1023 1023 115,237 1023 1023 880 1023 117 1023 886 1023 246 1023 863 1023 1023 1023 115,True
j0-56,tail-pair-periodic-canonical,1,58,48990570742426995,235 1023 875 1023 1023 365 1023 622 1023 107 1023 744 1023 748 1023 1023 367,235 1023 875 1023 1023 365 1023 622 1023 107 1023 744 1023 748 1023 1023 367,True
j0-56,tail-pair-periodic-canonical,1,59,44898213584775108,876 1023 1023 1023 234 1023 619 1023 745 1023 1023 757 1023 105 347,876 1023 1023 1023 234 1023 619 1023 745 1023 1023 757 1023 105 347,True
j0-56,tail-pair-periodic-canonical,1,60,36533215582766472,1023 109 1023 1023 752 1023 1023 617 1023 875 1023 1023 624 1023 1023 726,1023 109 1023 1023 752 1023 1023 617 1023 875 1023 1023 624 1023 1023 726,True
j0-56,tail-pair-periodic-canonical,1,61,45402658648003580,372 1023 883 1023 108 1023 1023 116 1023 243 1023 747 1023 1023 104 757,372 1023 883 1023 108 1023 1023 116 1023 243 1023 747 1023 1023 104 757,True
j0-56,tail-pair-periodic-canonical,1,62,52720701094924937,631 1023 105 1023 607 1023 232 1023 1023 887 1023 880 1023 747 1023 888,631 1023 105 1023 607 1023 232 1023 1023 887 1023 880 1023 747 1023 888,True
j0-56,tail-pair-periodic-canonical,1,63,6000371050220278,754 1023 245 1023 376 1023 863 1023 237 1023 621 1023 362 1023 104 117,754 1023 245 1023 376 1023 863 1023 237 1023 621 1023 362 1023 104 117,True
j0-56,tail-pair-periodic-gated27,1,0,39537698145832258,1023 246 1023 621 1023 95 1023 747 1023 1023 632 1023 248 1023 105 245,1023 246 1023 621 1023 95 1023 747 1023 1023 632 1023 248 1023 105 245,True
j0-56,tail-pair-periodic-gated27,1,1,13065460595795204,372 1023 1023 108 1023 360 1023 248 1023 1023 114 1023 1023 65 651,372 1023 1023 108 1023 360 1023 248 1023 1023 114 1023 1023 65 651,True
j0-56,tail-pair-periodic-gated27,1,2,22759314154371484,820 1023 1023 174 1023 1023 812 1023 1023 817 1023 1023 1 8 23 301,820 1023 1023 174 1023 1023 812 1023 1023 817 1023 1023 1 8 23 301,True
j0-56,tail-pair-periodic-gated27,1,3,3165184489545529,1023 624 1023 1023 755 1023 240 1023 881 1023 106 1023 106 653,1023 624 1023 1023 755 1023 240 1023 881 1023 106 1023 106 653,True
j0-56,tail-pair-periodic-gated27,1,4,16952083564757972,246 1023 240 1023 240 1023 626 1023 754 1023 370 1023 886 1023 8 222,246 1023 240 1023 240 1023 626 1023 754 1023 370 1023 886 1023 8 222,True
j0-56,tail-pair-periodic-gated27,1,5,16104742332760926,1023 103 1023 1023 226 1023 1023 8 798 1023 1023 278 1023 1023 2 877,1023 103 1023 1023 226 1023 1023 8 798 1023 1023 278 1023 1023 2 877,True
j0-56,tail-pair-periodic-gated27,1,6,47657003627625780,751 1023 246 1023 751 1023 239 1023 751 1023 623 1023 374 1023 642,751 1023 246 1023 751 1023 239 1023 751 1023 623 1023 374 1023 642,True
j0-56,tail-pair-periodic-gated27,1,7,46584440396381213,621 1023 747 1023 1023 1023 236 1023 632 1023 351 1023 363 1023 1023 618,621 1023 747 1023 1023 1023 236 1023 632 1023 351 1023 363 1023 1023 618,True
j0-56,tail-pair-periodic-gated27,1,8,22703053727935165,95 104 852 1023 1023 98 1023 1023 1023 1023 604 1023 1023 1023 104 356,95 104 852 1023 1023 98 1023 1023 1023 1023 604 1023 1023 1023 104 356,True
j0-56,tail-pair-periodic-gated27,1,9,28645336913364693,116 1023 112 1023 748 1023 120 1023 748 1023 745 1023 632 1023 1023 95 620,116 1023 112 1023 748 1023 120 1023 748 1023 745 1023 632 1023 1023 95 620,True
j0-56,tail-pair-periodic-gated27,1,10,39605236589306152,1023 821 1023 1023 860 1023 1023 843 1023 1023 1023 363 1023 1023 86,1023 821 1023 1023 860 1023 1023 843 1023 1023 1023 363 1023 1023 86,True
j0-56,tail-pair-periodic-gated27,1,11,13065953414515776,248 1023 619 1023 863 1023 748 1023 233 1023 363 1023 108 1023 839,248 1023 619 1023 863 1023 748 1023 233 1023 363 1023 108 1023 839,True
j0-56,tail-pair-periodic-gated27,1,12,904166757114498,757 1023 234 1023 878 1023 1023 873 1023 617 1023 238 1023 1023 106 851,757 1023 234 1023 878 1023 1023 873 1023 617 1023 238 1023 1023 106 851,True
j0-56,tail-pair-periodic-gated27,1,13,21771539989004068,629 1023 882 1023 235 1023 1023 1023 1023 1023 362 1023 366 1023 1023 703,629 1023 882 1023 235 1023 1023 1023 1023 1023 362 1023 366 1023 1023 703,True
j0-56,tail-pair-periodic-gated27,1,14,34213501305266941,759 1023 884 1023 1023 362 1023 106 1023 878 1023 617 1023 1023 0 231,759 1023 884 1023 1023 362 1023 106 1023 878 1023 617 1023 1023 0 231,True
j0-56,tail-pair-periodic-gated27,1,15,10169778441945402,1023 204 1023 1023 360 1023 1023 100 1023 1023 610 1023 1023 9 1,1023 204 1023 1023 360 1023 1023 100 1023 1023 610 1023 1023 9 1,True
j0-56,tail-pair-periodic-gated27,1,16,26718398517645314,1023 882 1023 1023 239 1023 120 1023 872 1023 872 1023 1023 748 1023 95 625,1023 882 1023 1023 239 1023 120 1023 872 1023 872 1023 1023 748 1023 95 625,True
j0-56,tail-pair-periodic-gated27,1,17,49656790401305464,755 1023 374 1023 239 1023 630 1023 885 1023 863 1023 1023 1023 1023 754,755 1023 374 1023 239 1023 630 1023 885 1023 863 1023 1023 1023 1023 754,True
j0-56,tail-pair-periodic-gated27,1,18,17897532409449084,3 174 1023 1023 1023 161 1023 1023 749 1023 1023 1023 1023 91 1023 1023 236,3 174 1023 1023 1023 161 1023 1023 749 1023 1023 1023 1023 91 1023 1023 236,True
j0-56,tail-pair-periodic-gated27,1,19,35920999987421771,151 1023 1023 1023 95 7 846 1023 1023 625 1023 1023 108 1023 1023 760,151 1023 1023 1023 95 7 846 1023 1023 625 1023 1023 108 1023 1023 760,True
j0-56,tail-pair-periodic-gated27,1,20,30588916004092226,245 1023 1023 887 1023 1023 756 1023 370 1023 882 1023 371 1023 3 227,245 1023 1023 887 1023 1023 756 1023 370 1023 882 1023 371 1023 3 227,True
j0-56,tail-pair-periodic-gated27,1,21,30968213353127901,1023 751 1023 879 1023 110 1023 1023 370 1023 360 1023 620 1023 238 1023 365,1023 751 1023 879 1023 110 1023 1023 370 1023 360 1023 620 1023 238 1023 365,True
j0-56,tail-pair-periodic-gated27,1,22,34674676015461551,95 338 1023 1023 168 1023 1023 1 0 0 96 1023 1023 166,95 338 1023 1023 168 1023 1023 1 0 0 96 1023 1023 166,True
j0-56,tail-pair-periodic-gated27,1,23,40461887597234704,105 809 1023 1023 227 1023 1023 883 1023 1023 866 1023 1023 4 202,105 809 1023 1023 227 1023 1023 883 1023 1023 866 1023 1023 4 202,True
j0-56,tail-pair-periodic-gated27,1,24,11839173226872782,1023 758 1023 239 1023 112 1023 623 1023 618 1023 750 1023 234 1023 1023 876,1023 758 1023 239 1023 112 1023 623 1023 618 1023 750 1023 234 1023 1023 876,True
j0-56,tail-pair-periodic-gated27,1,25,49305519718570299,799 1023 1023 686 1023 1023 1023 9 840 1023 1023 736 1023 1023 571,799 1023 1023 686 1023 1023 1023 9 840 1023 1023 736 1023 1023 571,True
j0-56,tail-pair-periodic-gated27,1,26,40036720864871481,191 1023 1023 105 809 1023 1023 751 1023 1023 2 4 92 1023 1023 759,191 1023 1023 105 809 1023 1023 751 1023 1023 2 4 92 1023 1023 759,True
j0-56,tail-pair-periodic-gated27,1,27,14829457069349464,1023 242 1023 240 1023 747 1023 877 1023 619 1023 364 1023 1023 12 704,1023 242 1023 240 1023 747 1023 877 1023 619 1023 364 1023 1023 12 704,True
j0-56,tail-pair-periodic-gated27,1,28,47564045200600772,370 1023 244 1023 622 1023 1023 114 1023 884 1023 232 1023 1023 0 716,370 1023 244 1023 622 1023 1023 114 1023 884 1023 232 1023 1023 0 716,True
j0-56,tail-pair-periodic-gated27,1,29,38685495441705424,884 1023 370 1023 113 1023 113 1023 631 1023 374 1023 618 1023 1023 1023 877,884 1023 370 1023 113 1023 113 1023 631 1023 374 1023 618 1023 1023 1023 877,True
j0-56,tail-pair-periodic-gated27,1,30,17494242358758616,1 4 174 1023 1023 352 1023 1023 878 1023 1023 687 1023 1023 2 615,1 4 174 1023 1023 352 1023 1023 878 1023 1023 687 1023 1023 2 615,True
j0-56,tail-pair-periodic-gated27,1,31,53004318539211895,119 1023 1023 198 1023 1023 375 1023 1023 13 369 1023 1023 1023 104 734,119 1023 1023 198 1023 1023 375 1023 1023 13 369 1023 1023 1023 104 734,True
j0-56,tail-pair-periodic-gated27,1,32,32805240726094732,756 1023 1023 95 657 1023 1023 1023 697 1023 1023 8 243 1023 1023 331,756 1023 1023 95 657 1023 1023 1023 697 1023 1023 8 243 1023 1023 331,True
j0-56,tail-pair-periodic-gated27,1,33,17279918344973559,1023 1023 884 1023 375 1023 883 1023 1023 374 1023 363 1023 1023 25 697,1023 1023 884 1023 375 1023 883 1023 1023 374 1023 363 1023 1023 25 697,True
j0-56,tail-pair-periodic-gated27,1,34,47547342471716815,191 1023 1023 629 1023 1023 186 1023 1023 3 613 1023 1023 1023 1023 884,191 1023 1023 629 1023 1023 186 1023 1023 3 613 1023 1023 1023 1023 884,True
j0-56,tail-pair-periodic-gated27,1,35,6773853948615881,0 241 1023 1023 16 230 1023 1023 810 1023 1023 228 1023 1023 778,0 241 1023 1023 16 230 1023 1023 810 1023 1023 228 1023 1023 778,True
j0-56,tail-pair-periodic-gated27,1,36,45445622245394099,879 1023 1023 367 1023 118 1023 884 1023 1023 886 1023 247 1023 300,879 1023 1023 367 1023 118 1023 884 1023 1023 886 1023 247 1023 300,True
j0-56,tail-pair-periodic-gated27,1,37,52829743594734318,630 1023 114 1023 876 1023 106 1023 863 1023 1023 115 1023 1023 1023 748,630 1023 114 1023 876 1023 106 1023 863 1023 1023 115 1023 1023 1023 748,True
j0-56,tail-pair-periodic-gated27,1,38,40985804299713451,1023 710 1023 1023 740 1023 1023 318 1023 1023 2 11 309 1023 1023 1023 367,1023 710 1023 1023 740 1023 1023 318 1023 1023 2 11 309 1023 1023 1023 367,True
j0-56,tail-pair-periodic-gated27,1,39,28097645511830665,311 1023 1023 363 1023 1023 8 93 1023 1023 107 299 1023 1023 852,311 1023 1023 363 1023 1023 8 93 1023 1023 107 299 1023 1023 852,True
j0-56,tail-pair-periodic-gated27,1,40,53294004460942691,756 1023 241 1023 630 1023 621 1023 376 1023 235 1023 1023 876 1023 95 720,756 1023 241 1023 630 1023 621 1023 376 1023 235 1023 1023 876 1023 95 720,True
j0-56,tail-pair-periodic-gated27,1,41,13252658062020084,1023 886 1023 1023 369 1023 883 1023 233 1023 362 1023 1023 108 1023 104 880,1023 886 1023 1023 369 1023 883 1023 233 1023 362 1023 1023 108 1023 104 880,True
j0-56,tail-pair-periodic-gated27,1,42,18888854468626532,201 1023 1023 1023 336 1023 1023 820 1023 1023 847 1023 1023 106 538,201 1023 1023 1023 336 1023 1023 820 1023 1023 847 1023 1023 106 538,True
j0-56,tail-pair-periodic-gated27,1,43,13091230322071925,373 1023 1023 1023 627 1023 246 1023 111 1023 112 1023 368 1023 802,373 1023 1023 1023 627 1023 246 1023 111 1023 112 1023 368 1023 802,True
j0-56,tail-pair-periodic-gated27,1,44,44597414281513488,105 753 1023 1023 836 1023 1023 363 1023 1023 335 1023 1023 3 512,105 753 1023 1023 836 1023 1023 363 1023 1023 335 1023 1023 3 512,True
j0-56,tail-pair-periodic-gated27,1,45,40623089083761089,745 1023 236 1023 872 1023 232 1023 1023 618 1023 1023 1023 2 539,745 1023 236 1023 872 1023 232 1023 1023 618 1023 1023 1023 2 539,True
j0-56,tail-pair-periodic-gated27,1,46,38310934467536758,1023 362 1023 1023 879 1023 362 1023 1023 882 1023 118 1023 8 521,1023 362 1023 1023 879 1023 362 1023 1023 882 1023 118 1023 8 521,True
j0-56,tail-pair-periodic-gated27,1,47,17561705598373794,119 1023 882 1023 116 1023 1023 111 1023 622 1023 362 1023 1023 3 600,119 1023 882 1023 116 1023 1023 111 1023 622 1023 362 1023 1023 3 600,True
j0-56,tail-pair-periodic-gated27,1,48,36617420791373851,760 1023 877 1023 760 1023 616 1023 877 1023 364 1023 237 1023 1023 358,760 1023 877 1023 760 1023 616 1023 877 1023 364 1023 237 1023 1023 358,True
j0-56,tail-pair-periodic-gated27,1,49,53118972298342966,626 1023 115 1023 620 1023 365 1023 760 1023 1023 108 1023 1023 13 300,626 1023 115 1023 620 1023 365 1023 760 1023 1023 108 1023 1023 13 300,True
j0-56,tail-pair-periodic-gated27,1,50,2938216667793825,4 294 1023 1023 97 1023 1023 851 1023 1023 0 216 1023 1023 778,4 294 1023 1023 97 1023 1023 851 1023 1023 0 216 1023 1023 778,True
j0-56,tail-pair-periodic-gated27,1,51,22011631292390061,8 336 1023 1023 113 1023 1023 798 1023 1023 318 1023 1023 1023 104 352,8 336 1023 1023 113 1023 1023 798 1023 1023 318 1023 1023 1023 104 352,True
j0-56,tail-pair-periodic-gated27,1,52,23451746292891595,819 1023 1023 354 1023 1023 343 1023 1023 629 1023 1023 0 3 7 367,819 1023 1023 354 1023 1023 343 1023 1023 629 1023 1023 0 3 7 367,True
j0-56,tail-pair-periodic-gated27,1,53,5142961973466927,620 1023 1023 115 1023 887 1023 749 1023 237 1023 1023 111 1023 1 729,620 1023 1023 115 1023 887 1023 749 1023 237 1023 1023 111 1023 1 729,True
j0-56,tail-pair-periodic-gated27,1,54,223492332701608,879 1023 1023 1023 605 1023 1023 1 849 1023 1023 1023 95 673 1023 1023 884,879 1023 1023 1023 605 1023 1023 1 849 1023 1023 1023 95 673 1023 1023 884,True
j0-56,tail-pair-periodic-gated27,1,55,24331969636176457,830 1023 1023 94 1023 1023 7 704 1023 1023 807 1023 1023 26 656,830 1023 1023 94 1023 1023 7 704 1023 1023 807 1023 1023 26 656,True
j0-56,tail-pair-periodic-gated27,1,56,38541595265104017,874 1023 1023 114 1023 223 1023 616 1023 362 1023 237 1023 105 695,874 1023 1023 114 1023 223 1023 616 1023 362 1023 237 1023 105 695,True
j0-56,tail-pair-periodic-gated27,1,57,18403624979476078,237 1023 1023 847 1023 1023 95 219 1023 1023 2 656 1023 1023 865,237 1023 1023 847 1023 1023 95 219 1023 1023 2 656 1023 1023 865,True
j0-56,tail-pair-periodic-gated27,1,58,48990570742426995,95 297 1023 1023 325 1023 1023 95 887 1023 1023 658 1023 1023 1023 1023 367,95 297 1023 1023 325 1023 1023 95 887 1023 1023 658 1023 1023 1023 1023 367,True
j0-56,tail-pair-periodic-gated27,1,59,44898213584775108,876 1023 1023 1023 234 1023 619 1023 745 1023 1023 757 1023 105 347,876 1023 1023 1023 234 1023 619 1023 745 1023 1023 757 1023 105 347,True
j0-56,tail-pair-periodic-gated27,1,60,36533215582766472,1023 109 1023 1023 752 1023 1023 617 1023 875 1023 1023 624 1023 1023 726,1023 109 1023 1023 752 1023 1023 617 1023 875 1023 1023 624 1023 1023 726,True
j0-56,tail-pair-periodic-gated27,1,61,45402658648003580,341 1023 1023 102 1023 1023 1023 738 1023 1023 849 1023 1023 16 40,341 1023 1023 102 1023 1023 1023 738 1023 1023 849 1023 1023 16 40,True
j0-56,tail-pair-periodic-gated27,1,62,52720701094924937,631 1023 105 1023 607 1023 232 1023 1023 887 1023 880 1023 747 1023 888,631 1023 105 1023 607 1023 232 1023 1023 887 1023 880 1023 747 1023 888,True
j0-56,tail-pair-periodic-gated27,1,63,6000371050220278,608 1023 1023 95 800 1023 1023 3 7 841 1023 1023 811 1023 1023 210,608 1023 1023 95 800 1023 1023 3 7 841 1023 1023 811 1023 1023 210,True
j0-56,tail-pair-periodic-canonical,2,0,38311187506528041,628 1023 369 1023 116 1023 880 1023 628 1023 242 1023 1023 751 1023 740,628 1023 369 1023 116 1023 880 1023 628 1023 242 1023 1023 751 1023 740,True
j0-56,tail-pair-periodic-canonical,2,1,38756169073203765,241 1023 624 1023 887 1023 367 1023 244 1023 375 1023 112 1023 873,241 1023 624 1023 887 1023 367 1023 244 1023 375 1023 112 1023 873,True
j0-56,tail-pair-periodic-canonical,2,2,20508560949370121,882 1023 373 1023 632 1023 1023 1023 234 1023 1023 118 1023 1023 8 876,882 1023 373 1023 632 1023 1023 1023 234 1023 1023 118 1023 1023 8 876,True
j0-56,tail-pair-periodic-canonical,2,3,4906580961022005,113 1023 367 1023 881 1023 623 1023 754 1023 370 1023 760 1023 1023 229,113 1023 367 1023 881 1023 623 1023 754 1023 370 1023 760 1023 1023 229,True
j0-56,tail-pair-periodic-canonical,2,4,32358734609558504,757 1023 116 1023 888 1023 760 1023 237 1023 622 1023 105 1023 105 717,757 1023 116 1023 888 1023 760 1023 237 1023 622 1023 105 1023 105 717,True
j0-56,tail-pair-periodic-canonical,2,5,7113278303298251,620 1023 619 1023 1023 375 1023 885 1023 371 1023 368 1023 879 1023 92,620 1023 619 1023 1023 375 1023 885 1023 371 1023 368 1023 879 1023 92,True
j0-56,tail-pair-periodic-canonical,2,6,13346473465623167,873 1023 1023 758 1023 624 1023 241 1023 243 1023 879 1023 80 642,873 1023 1023 758 1023 624 1023 241 1023 243 1023 879 1023 80 642,True
j0-56,tail-pair-periodic-canonical,2,7,19639487685580159,751 1023 630 1023 875 1023 632 1023 876 1023 873 1023 248 1023 106 224,751 1023 630 1023 875 1023 632 1023 876 1023 873 1023 248 1023 106 224,True
j0-56,tail-pair-periodic-canonical,2,8,40115118553213934,370 1023 360 1023 878 1023 1023 109 1023 1023 1023 239 1023 360 642,370 1023 360 1023 878 1023 1023 109 1023 1023 1023 239 1023 360 642,True
j0-56,tail-pair-periodic-canonical,2,9,31457901272893238,1023 113 1023 118 1023 373 1023 1023 239 1023 624 1023 750 1023 95 341,1023 113 1023 118 1023 373 1023 1023 239 1023 624 1023 750 1023 95 341,True
j0-56,tail-pair-periodic-canonical,2,10,53411778270328396,247 1023 752 1023 887 1023 373 1023 1023 112 1023 367 1023 32,247 1023 752 1023 887 1023 373 1023 1023 112 1023 367 1023 32,True
j0-56,tail-pair-periodic-canonical,2,11,12848748283594004,367 1023 757 1023 1023 1023 1023 109 1023 1023 626 1023 887 1023 8 216,367 1023 757 1023 1023 1023 1023 109 1023 1023 626 1023 887 1023 8 216,True
j0-56,tail-pair-periodic-canonical,2,12,11285289609052862,748 1023 361 1023 237 1023 1023 626 1023 240 1023 247 1023 3 603,748 1023 361 1023 237 1023 1023 626 1023 240 1023 247 1023 3 603,True
j0-56,tail-pair-periodic-canonical,2,13,36825917284849968,116 1023 877 1023 1023 617 1023 735 1023 233 1023 632 1023 1023 7 367,116 1023 877 1023 1023 617 1023 735 1023 233 1023 632 1023 1023 7 367,True
j0-56,tail-pair-periodic-canonical,2,14,875799018532028,114 1023 624 1023 239 1023 752 1023 105 1023 745 1023 874 1023 1023 235,114 1023 624 1023 239 1023 752 1023 105 1023 745 1023 874 1023 1023 235,True
j0-56,tail-pair-periodic-canonical,2,15,37857706207866448,744 1023 747 1023 632 1023 618 1023 1023 1023 735 1023 875 1023 106 860,744 1023 747 1023 632 1023 618 1023 1023 1023 735 1023 875 1023 106 860,True
j0-56,tail-pair-periodic-canonical,2,16,37414838231680755,624 1023 367 1023 368 1023 1023 370 1023 607 1023 95 1023 104 83,624 1023 367 1023 368 1023 1023 370 1023 607 1023 95 1023 104 83,True
j0-56,tail-pair-periodic-canonical,2,17,21096859969651625,629 1023 886 1023 239 1023 1023 760 1023 1023 753 1023 885 1023 1 300,629 1023 886 1023 239 1023 1023 760 1023 1023 753 1023 885 1023 1 300,True
j0-56,tail-pair-periodic-canonical,2,18,11587961999289977,880 1023 241 1023 1023 607 1023 1023 244 1023 759 1023 116 1023 1023 746,880 1023 241 1023 1023 607 1023 1023 244 1023 759 1023 116 1023 1023 746,True
j0-56,tail-pair-periodic-canonical,2,19,22690739316092,757 1023 625 1023 619 1023 110 1023 1023 631 1023 628 1023 367 1023 622,757 1023 625 1023 619 1023 110 1023 1023 631 1023 628 1023 367 1023 622,True
j0-56,tail-pair-periodic-canonical,2,20,13009612339358307,360 1023 888 1023 877 1023 232 1023 120 1023 1023 626 1023 106 715,360 1023 888 1023 877 1023 232 1023 120 1023 1023 626 1023 106 715,True
j0-56,tail-pair-periodic-canonical,2,21,15713889961095154,885 1023 373 1023 371 1023 1023 116 1023 625 1023 117 1023 95 699,885 1023 373 1023 371 1023 1023 116 1023 625 1023 117 1023 95 699,True
j0-56,tail-pair-periodic-canonical,2,22,36971337223959763,755 1023 242 1023 105 1023 1023 884 1023 371 1023 242 1023 63 16,755 1023 242 1023 105 1023 1023 884 1023 371 1023 242 1023 63 16,True
j0-56,tail-pair-periodic-canonical,2,23,42064303341991702,242 1023 627 1023 751 1023 1023 631 1023 372 1023 879 1023 759 1023 95 720,242 1023 627 1023 751 1023 1023 631 1023 372 1023 879 1023 759 1023 95 720,True
j0-56,tail-pair-periodic-canonical,2,24,14467102193896425,626 1023 235 1023 1023 631 1023 1023 1023 759 1023 735 1023 872 1023 95 724,626 1023 235 1023 1023 631 1023 1023 1023 759 1023 735 1023 872 1023 95 724,True
j0-56,tail-pair-periodic-canonical,2,25,10061242767296782,760 1023 110 1023 360 1023 877 1023 1023 626 1023 111 1023 8 599,760 1023 110 1023 360 1023 877 1023 1023 626 1023 111 1023 8 599,True
j0-56,tail-pair-periodic-canonical,2,26,1295525412555524,365 1023 1023 753 1023 628 1023 872 1023 619 1023 1023 630 1023 696,365 1023 1023 753 1023 628 1023 872 1023 619 1023 1023 630 1023 696,True
j0-56,tail-pair-periodic-canonical,2,27,51044583905993358,223 1023 237 1023 873 1023 235 1023 878 1023 1023 114 1023 61 517,223 1023 237 1023 873 1023 235 1023 878 1023 1023 114 1023 61 517,True
j0-56,tail-pair-periodic-canonical,2,28,39765379201798277,758 1023 369 1023 880 1023 882 1023 351 1023 363 1023 1023 1023 246,758 1023 369 1023 880 1023 882 1023 351 1023 363 1023 1023 1023 246,True
j0-56,tail-pair-periodic-canonical,2,29,43909499340571459,376 1023 1023 630 1023 1023 240 1023 617 1023 95 1023 744 1023 104 869,376 1023 1023 630 1023 1023 240 1023 617 1023 95 1023 744 1023 104 869,True
j0-56,tail-pair-periodic-canonical,2,30,39645890138084737,120 1023 1023 370 1023 882 1023 239 1023 882 1023 244 1023 1023 851,120 1023 1023 370 1023 882 1023 239 1023 882 1023 244 1023 1023 851,True
j0-56,tail-pair-periodic-canonical,2,31,8143057339237969,245 1023 367 1023 112 1023 618 1023 1023 237 1023 878 1023 104 603,245 1023 367 1023 112 1023 618 1023 1023 237 1023 878 1023 104 603,True
j0-56,tail-pair-periodic-canonical,2,32,10169904993638066,115 1023 1023 247 1023 631 1023 105 1023 617 1023 110 576,115 1023 1023 247 1023 631 1023 105 1023 617 1023 110 576,True
j0-56,tail-pair-periodic-canonical,2,33,22326285682236925,368 1023 630 1023 243 1023 630 1023 882 1023 757 1023 887 1023 533,368 1023 630 1023 243 1023 630 1023 882 1023 757 1023 887 1023 533,True
j0-56,tail-pair-periodic-canonical,2,34,9080666079101881,752 1023 1023 117 1023 362 1023 874 1023 607 1023 1023 628 1023 853,752 1023 1023 117 1023 362 1023 874 1023 607 1023 1023 628 1023 853,True
j0-56,tail-pair-periodic-canonical,2,35,16885967517133620,628 1023 886 1023 886 1023 119 1023 111 1023 369 1023 751 1023 104 881,628 1023 886 1023 886 1023 119 1023 111 1023 369 1023 751 1023 104 881,True
j0-56,tail-pair-periodic-canonical,2,36,40687787322514304,631 1023 1023 881 1023 113 1023 1023 369 1023 119 1023 879 1023 1023 618,631 1023 1023 881 1023 113 1023 1023 369 1023 119 1023 879 1023 1023 618,True
j0-56,tail-pair-periodic-canonical,2,37,9124155338613709,628 1023 887 1023 882 1023 109 1023 616 1023 110 1023 1023 242 1023 105 372,628 1023 887 1023 882 1023 109 1023 616 1023 110 1023 1023 242 1023 105 372,True
j0-56,tail-pair-periodic-canonical,2,38,17830562083135023,877 1023 872 1023 1023 247 1023 751 1023 885 1023 628 1023 1023 181,877 1023 872 1023 1023 247 1023 751 1023 885 1023 628 1023 1023 181,True
j0-56,tail-pair-periodic-canonical,2,39,16544801451684689,758 1023 753 1023 116 1023 750 1023 361 1023 876 1023 632 1023 1023 231,758 1023 753 1023 116 1023 750 1023 361 1023 876 1023 632 1023 1023 231,True
j0-56,tail-pair-periodic-canonical,2,40,32735284915046932,114 1023 368 1023 374 1023 360 1023 104 1023 106 1023 1023 54 47,114 1023 368 1023 374 1023 360 1023 104 1023 106 1023 1023 54 47,True
j0-56,tail-pair-periodic-canonical,2,41,32707817222079645,111 1023 753 1023 1023 1023 631 1023 371 1023 1023 629 1023 95 1023 363,111 1023 753 1023 1023 1023 631 1023 371 1023 1023 629 1023 95 1023 363,True
j0-56,tail-pair-periodic-canonical,2,42,17808843356347195,885 1023 881 1023 886 1023 607 1023 735 1023 1023 368 1023 1023 2 376,885 1023 881 1023 886 1023 607 1023 735 1023 1023 368 1023 1023 2 376,True
j0-56,tail-pair-periodic-canonical,2,43,43486948944884957,105 1023 1023 367 1023 241 1023 883 1023 371 1023 118 1023 2 595,105 1023 1023 367 1023 241 1023 883 1023 371 1023 118 1023 2 595,True
j0-56,tail-pair-periodic-canonical,2,44,18941636097911455,1023 369 1023 241 1023 886 1023 119 1023 758 1023 120 1023 232 1023 1023 369,1023 369 1023 241 1023 886 1023 119 1023 758 1023 120 1023 232 1023 1023 369,True
j0-56,tail-pair-periodic-canonical,2,45,33679725548582850,245 1023 115 1023 619 1023 95 1023 878 1023 1023 752 1023 361 1023 232,245 1023 115 1023 619 1023 95 1023 878 1023 1023 752 1023 361 1023 232,True
j0-56,tail-pair-periodic-canonical,2,46,8299227215350924,237 1023 107 1023 1023 757 1023 374 1023 242 1023 245 1023 242 1023 727,237 1023 107 1023 1023 757 1023 374 1023 242 1023 245 1023 242 1023 727,True
j0-56,tail-pair-periodic-canonical,2,47,41202912235433771,238 1023 1023 754 1023 879 1023 753 1023 623 1023 863 1023 365 1023 95 111,238 1023 1023 754 1023 879 1023 753 1023 623 1023 863 1023 365 1023 95 111,True
j0-56,tail-pair-periodic-canonical,2,48,22605111264230790,112 1023 368 1023 623 1023 629 1023 232 1023 351 1023 1023 753 1023 83,112 1023 368 1023 623 1023 629 1023 232 1023 351 1023 1023 753 1023 83,True
j0-56,tail-pair-periodic-canonical,2,49,53185519946033252,886 1023 752 1023 240 1023 109 1023 749 1023 237 1023 875 1023 95 688,886 1023 752 1023 240 1023 109 1023 749 1023 237 1023 875 1023 95 688,True
j0-56,tail-pair-periodic-canonical,2,50,40909691953282113,244 1023 616 1023 1023 627 1023 629 1023 754 1023 119 1023 753 1023 1023 748,244 1023 616 1023 1023 627 1023 629 1023 754 1023 119 1023 753 1023 1023 748,True
j0-56,tail-pair-periodic-canonical,2,51,35195142182639296,754 1023 112 1023 755 1023 1023 875 1023 749 1023 95 1023 105 516,754 1023 112 1023 755 1023 1023 875 1023 749 1023 95 1023 105 516,True
j0-56,tail-pair-periodic-canonical,2,52,31552733958452456,758 1023 749 1023 760 1023 1023 629 1023 879 1023 872 1023 1023 313,758 1023 749 1023 760 1023 1023 629 1023 879 1023 872 1023 1023 313,True
j0-56,tail-pair-periodic-canonical,2,53,45931450143491455,375 1023 880 1023 760 1023 620 1023 1023 627 1023 750 1023 622 1023 1023 876,375 1023 880 1023 760 1023 620 1023 1023 627 1023 750 1023 622 1023 1023 876,True
j0-56,tail-pair-periodic-canonical,2,54,28530397675123471,755 1023 372 1023 1023 1023 745 1023 235 1023 1023 887 1023 881 1023 346,755 1023 372 1023 1023 1023 745 1023 235 1023 1023 887 1023 881 1023 346,True
j0-56,tail-pair-periodic-canonical,2,55,41970707164772197,366 1023 888 1023 877 1023 223 1023 1023 881 1023 752 1023 118 1023 743,366 1023 888 1023 877 1023 223 1023 1023 881 1023 752 1023 118 1023 743,True
j0-56,tail-pair-periodic-canonical,2,56,40152013955007953,880 1023 754 1023 113 1023 244 1023 1023 882 1023 624 1023 687,880 1023 754 1023 113 1023 244 1023 1023 882 1023 624 1023 687,True
j0-56,tail-pair-periodic-canonical,2,57,47533006687794384,751 1023 104 1023 351 1023 1023 113 1023 363 1023 735 1023 1023 13 732,751 1023 104 1023 351 1023 1023 113 1023 363 1023 735 1023 1023 13 732,True
j0-56,tail-pair-periodic-canonical,2,58,47634303038176133,238 1023 888 1023 1023 753 1023 112 1023 1023 373 1023 1023 371 1023 609,238 1023 888 1023 1023 753 1023 112 1023 1023 373 1023 1023 371 1023 609,True
j0-56,tail-pair-periodic-canonical,2,59,50067287698203484,623 1023 113 1023 753 1023 622 1023 110 1023 1023 1023 620 1023 106 239,623 1023 113 1023 753 1023 622 1023 110 1023 1023 1023 620 1023 106 239,True
j0-56,tail-pair-periodic-canonical,2,60,4948567543457225,118 1023 374 1023 242 1023 119 1023 630 1023 756 1023 235 1023 361,118 1023 374 1023 242 1023 119 1023 630 1023 756 1023 235 1023 361,True
j0-56,tail-pair-periodic-canonical,2,61,3356993854869396,363 1023 120 1023 745 1023 621 1023 735 1023 1023 756 1023 106 697,363 1023 120 1023 745 1023 621 1023 735 1023 1023 756 1023 106 697,True
j0-56,tail-pair-periodic-canonical,2,62,5135320173509188,886 1023 607 1023 107 1023 1023 364 1023 620 1023 1023 236 1023 95 78,886 1023 607 1023 107 1023 1023 364 1023 620 1023 1023 236 1023 95 78,True
j0-56,tail-pair-periodic-canonical,2,63,49489023550209679,752 1023 749 1023 1023 116 1023 876 1023 1023 366 1023 361 1023 1023 842,752 1023 749 1023 1023 116 1023 876 1023 1023 366 1023 361 1023 1023 842,True
j0-56,tail-pair-periodic-gated27,2,0,38311187506528041,226 1023 1023 0 117 1023 1023 1023 310 1023 1023 95 881 1023 1023 740,226 1023 1023 0 117 1023 1023 1023 310 1023 1023 95 881 1023 1023 740,True
j0-56,tail-pair-periodic-gated27,2,1,38756169073203765,8 329 1023 1023 657 1023 1023 1 855 1023 1023 868 1023 1023 873,8 329 1023 1023 657 1023 1023 1 855 1023 1023 868 1023 1023 873,True
j0-56,tail-pair-periodic-gated27,2,2,20508560949370121,882 1023 373 1023 632 1023 1023 1023 234 1023 1023 118 1023 1023 8 876,882 1023 373 1023 632 1023 1023 1023 234 1023 1023 118 1023 1023 8 876,True
j0-56,tail-pair-periodic-gated27,2,3,4906580961022005,180 1023 1023 210 1023 1023 821 1023 1023 104 13 194 1023 1023 1023 229,180 1023 1023 210 1023 1023 821 1023 1023 104 13 194 1023 1023 1023 229,True
j0-56,tail-pair-periodic-gated27,2,4,32358734609558504,16 861 1023 1023 105 198 1023 1023 105 199 1023 1023 728 1023 1023 622,16 861 1023 1023 105 198 1023 1023 105 199 1023 1023 728 1023 1023 622,True
j0-56,tail-pair-periodic-gated27,2,5,7113278303298251,620 1023 619 1023 1023 375 1023 885 1023 371 1023 368 1023 879 1023 92,620 1023 619 1023 1023 375 1023 885 1023 371 1023 368 1023 879 1023 92,True
j0-56,tail-pair-periodic-gated27,2,6,13346473465623167,873 1023 1023 225 1023 1023 1023 711 1023 1023 341 1023 1023 80 642,873 1023 1023 225 1023 1023 1023 711 1023 1023 341 1023 1023 80 642,True
j0-56,tail-pair-periodic-gated27,2,7,19639487685580159,751 1023 630 1023 875 1023 632 1023 876 1023 873 1023 248 1023 106 224,751 1023 630 1023 875 1023 632 1023 876 1023 873 1023 248 1023 106 224,True
j0-56,tail-pair-periodic-gated27,2,8,40115118553213934,370 1023 360 1023 878 1023 1023 109 1023 1023 1023 239 1023 360 642,370 1023 360 1023 878 1023 1023 109 1023 1023 1023 239 1023 360 642,True
j0-56,tail-pair-periodic-gated27,2,9,31457901272893238,1023 733 1023 1023 11 731 1023 1023 604 1023 1023 1023 105 15 516,1023 733 1023 1023 11 731 1023 1023 604 1023 1023 1023 105 15 516,True
j0-56,tail-pair-periodic-gated27,2,10,53411778270328396,247 1023 752 1023 887 1023 373 1023 1023 112 1023 367 1023 32,247 1023 752 1023 887 1023 373 1023 1023 112 1023 367 1023 32,True
j0-56,tail-pair-periodic-gated27,2,11,12848748283594004,367 1023 757 1023 1023 1023 1023 109 1023 1023 626 1023 887 1023 8 216,367 1023 757 1023 1023 1023 1023 109 1023 1023 626 1023 887 1023 8 216,True
j0-56,tail-pair-periodic-gated27,2,12,11285289609052862,105 730 1023 1023 751 1023 1023 229 1023 1023 1023 297 1023 1023 206,105 730 1023 1023 751 1023 1023 229 1023 1023 1023 297 1023 1023 206,True
j0-56,tail-pair-periodic-gated27,2,13,36825917284849968,116 1023 877 1023 1023 617 1023 735 1023 233 1023 632 1023 1023 7 367,116 1023 877 1023 1023 617 1023 735 1023 233 1023 632 1023 1023 7 367,True
j0-56,tail-pair-periodic-gated27,2,14,875799018532028,114 1023 624 1023 239 1023 752 1023 105 1023 745 1023 874 1023 1023 235,114 1023 624 1023 239 1023 752 1023 105 1023 745 1023 874 1023 1023 235,True
j0-56,tail-pair-periodic-gated27,2,15,37857706207866448,744 1023 747 1023 632 1023 618 1023 1023 1023 735 1023 875 1023 106 860,744 1023 747 1023 632 1023 618 1023 1023 1023 735 1023 875 1023 106 860,True
j0-56,tail-pair-periodic-gated27,2,16,37414838231680755,211 1023 1023 625 1023 1023 1023 805 1023 1023 104 875 1023 1023 747,211 1023 1023 625 1023 1023 1023 805 1023 1023 104 875 1023 1023 747,True
j0-56,tail-pair-periodic-gated27,2,17,21096859969651625,629 1023 886 1023 239 1023 1023 760 1023 1023 753 1023 885 1023 1 300,629 1023 886 1023 239 1023 1023 760 1023 1023 753 1023 885 1023 1 300,True
j0-56,tail-pair-periodic-gated27,2,18,11587961999289977,880 1023 241 1023 1023 607 1023 1023 244 1023 759 1023 116 1023 1023 746,880 1023 241 1023 1023 607 1023 1023 244 1023 759 1023 116 1023 1023 746,True
j0-56,tail-pair-periodic-gated27,2,19,22690739316092,298 1023 1023 13 226 1023 1023 1 855 1023 1023 1023 852 1023 1023 622,298 1023 1023 13 226 1023 1023 1 855 1023 1023 1023 852 1023 1023 622,True
j0-56,tail-pair-periodic-gated27,2,20,13009612339358307,360 1023 888 1023 877 1023 232 1023 120 1023 1023 626 1023 106 715,360 1023 888 1023 877 1023 232 1023 120 1023 1023 626 1023 106 715,True
j0-56,tail-pair-periodic-gated27,2,21,15713889961095154,355 1023 1023 363 1023 1023 1023 822 1023 1023 312 1023 1023 3 325,355 1023 1023 363 1023 1023 1023 822 1023 1023 312 1023 1023 3 325,True
j0-56,tail-pair-periodic-gated27,2,22,36971337223959763,344 1023 1023 109 1023 1023 186 1023 1023 340 1023 1023 95 616 1023 860,344 1023 1023 109 1023 1023 186 1023 1023 340 1023 1023 95 616 1023 860,True
j0-56,tail-pair-periodic-gated27,2,23,42064303341991702,242 1023 627 1023 751 1023 1023 631 1023 372 1023 879 1023 759 1023 95 720,242 1023 627 1023 751 1023 1023 631 1023 372 1023 879 1023 759 1023 95 720,True
j0-56,tail-pair-periodic-gated27,2,24,14467102193896425,11 288 1023 1023 305 1023 1023 1023 1023 0 217 1023 1023 328 1023 1023 743,11 288 1023 1023 305 1023 1023 1023 1023 0 217 1023 1023 328 1023 1023 743,True
j0-56,tail-pair-periodic-gated27,2,25,10061242767296782,760 1023 110 1023 360 1023 877 1023 1023 626 1023 111 1023 8 599,760 1023 110 1023 360 1023 877 1023 1023 626 1023 111 1023 8 599,True
j0-56,tail-pair-periodic-gated27,2,26,1295525412555524,365 1023 1023 753 1023 628 1023 872 1023 619 1023 1023 630 1023 696,365 1023 1023 753 1023 628 1023 872 1023 619 1023 1023 630 1023 696,True
j0-56,tail-pair-periodic-gated27,2,27,51044583905993358,223 1023 237 1023 873 1023 235 1023 878 1023 1023 114 1023 61 517,223 1023 237 1023 873 1023 235 1023 878 1023 1023 114 1023 61 517,True
j0-56,tail-pair-periodic-gated27,2,28,39765379201798277,819 1023 1023 116 1023 1023 293 1023 1023 2 717 1023 1023 1023 246,819 1023 1023 116 1023 1023 293 1023 1023 2 717 1023 1023 1023 246,True
j0-56,tail-pair-periodic-gated27,2,29,43909499340571459,376 1023 1023 630 1023 1023 240 1023 617 1023 95 1023 744 1023 104 869,376 1023 1023 630 1023 1023 240 1023 617 1023 95 1023 744 1023 104 869,True
j0-56,tail-pair-periodic-gated27,2,30,39645890138084737,120 1023 1023 370 1023 882 1023 239 1023 882 1023 244 1023 1023 851,120 1023 1023 370 1023 882 1023 239 1023 882 1023 244 1023 1023 851,True
j0-56,tail-pair-periodic-gated27,2,31,8143057339237969,245 1023 367 1023 112 1023 618 1023 1023 237 1023 878 1023 104 603,245 1023 367 1023 112 1023 618 1023 1023 237 1023 878 1023 104 603,True
j0-56,tail-pair-periodic-gated27,2,32,10169904993638066,115 1023 1023 247 1023 631 1023 105 1023 617 1023 110 576,115 1023 1023 247 1023 631 1023 105 1023 617 1023 110 576,True
j0-56,tail-pair-periodic-gated27,2,33,22326285682236925,368 1023 630 1023 243 1023 630 1023 882 1023 757 1023 887 1023 533,368 1023 630 1023 243 1023 630 1023 882 1023 757 1023 887 1023 533,True
j0-56,tail-pair-periodic-gated27,2,34,9080666079101881,752 1023 1023 117 1023 362 1023 874 1023 607 1023 1023 628 1023 853,752 1023 1023 117 1023 362 1023 874 1023 607 1023 1023 628 1023 853,True
j0-56,tail-pair-periodic-gated27,2,35,16885967517133620,1 9 628 1023 1023 841 1023 1023 217 1023 1023 212 1023 1023 104 881,1 9 628 1023 1023 841 1023 1023 217 1023 1023 212 1023 1023 104 881,True
j0-56,tail-pair-periodic-gated27,2,36,40687787322514304,631 1023 1023 881 1023 113 1023 1023 369 1023 119 1023 879 1023 1023 618,631 1023 1023 881 1023 113 1023 1023 369 1023 119 1023 879 1023 1023 618,True
j0-56,tail-pair-periodic-gated27,2,37,9124155338613709,628 1023 887 1023 882 1023 109 1023 616 1023 110 1023 1023 242 1023 105 372,628 1023 887 1023 882 1023 109 1023 616 1023 110 1023 1023 242 1023 105 372,True
j0-56,tail-pair-periodic-gated27,2,38,17830562083135023,877 1023 872 1023 1023 247 1023 751 1023 885 1023 628 1023 1023 181,877 1023 872 1023 1023 247 1023 751 1023 885 1023 628 1023 1023 181,True
j0-56,tail-pair-periodic-gated27,2,39,16544801451684689,758 1023 753 1023 116 1023 750 1023 361 1023 876 1023 632 1023 1023 231,758 1023 753 1023 116 1023 750 1023 361 1023 876 1023 632 1023 1023 231,True
j0-56,tail-pair-periodic-gated27,2,40,32735284915046932,352 1023 1023 1023 305 1023 1023 231 1023 1023 870 1023 1023 54 47,352 1023 1023 1023 305 1023 1023 231 1023 1023 870 1023 1023 54 47,True
j0-56,tail-pair-periodic-gated27,2,41,32707817222079645,111 1023 753 1023 1023 1023 631 1023 371 1023 1023 629 1023 95 1023 363,111 1023 753 1023 1023 1023 631 1023 371 1023 1023 629 1023 95 1023 363,True
j0-56,tail-pair-periodic-gated27,2,42,17808843356347195,355 1023 1023 1 687 1023 1023 856 1023 1023 624 1023 1023 1023 2 376,355 1023 1023 1 687 1023 1023 856 1023 1023 624 1023 1023 1023 2 376,True
j0-56,tail-pair-periodic-gated27,2,43,43486948944884957,105 1023 1023 1 2 850 1023 1023 1023 707 1023 1023 306 1023 1023 751,105 1023 1023 1 2 850 1023 1023 1023 707 1023 1023 306 1023 1023 751,True
j0-56,tail-pair-periodic-gated27,2,44,18941636097911455,1023 1 11 713 1023 1023 841 1023 1023 606 1023 1023 622 1023 1023 717,1023 1 11 713 1023 1023 841 1023 1023 606 1023 1023 622 1023 1023 717,True
j0-56,tail-pair-periodic-gated27,2,45,33679725548582850,245 1023 115 1023 619 1023 95 1023 878 1023 1023 752 1023 361 1023 232,245 1023 115 1023 619 1023 95 1023 878 1023 1023 752 1023 361 1023 232,True
j0-56,tail-pair-periodic-gated27,2,46,8299227215350924,237 1023 107 1023 1023 757 1023 374 1023 242 1023 245 1023 242 1023 727,237 1023 107 1023 1023 757 1023 374 1023 242 1023 245 1023 242 1023 727,True
j0-56,tail-pair-periodic-gated27,2,47,41202912235433771,238 1023 1023 2 298 1023 1023 820 1023 1023 16 16 851 1023 1023 185,238 1023 1023 2 298 1023 1023 820 1023 1023 16 16 851 1023 1023 185,True
j0-56,tail-pair-periodic-gated27,2,48,22605111264230790,112 1023 368 1023 623 1023 629 1023 232 1023 351 1023 1023 753 1023 83,112 1023 368 1023 623 1023 629 1023 232 1023 351 1023 1023 753 1023 83,True
j0-56,tail-pair-periodic-gated27,2,49,53185519946033252,353 1023 1023 1023 4 92 1023 1023 104 104 185 1023 1023 324 1023 1023 369,353 1023 1023 1023 4 92 1023 1023 104 104 185 1023 1023 324 1023 1023 369,True
j0-56,tail-pair-periodic-gated27,2,50,40909691953282113,244 1023 616 1023 1023 627 1023 629 1023 754 1023 119 1023 753 1023 1023 748,244 1023 616 1023 1023 627 1023 629 1023 754 1023 119 1023 753 1023 1023 748,True
j0-56,tail-pair-periodic-gated27,2,51,35195142182639296,2 241 1023 1023 755 1023 1023 104 145 1023 1023 97 1023 1023 1023 344,2 241 1023 1023 755 1023 1023 104 145 1023 1023 97 1023 1023 1023 344,True
j0-56,tail-pair-periodic-gated27,2,52,31552733958452456,758 1023 749 1023 760 1023 1023 629 1023 879 1023 872 1023 1023 313,758 1023 749 1023 760 1023 1023 629 1023 879 1023 872 1023 1023 313,True
j0-56,tail-pair-periodic-gated27,2,53,45931450143491455,375 1023 880 1023 760 1023 620 1023 1023 627 1023 750 1023 622 1023 1023 876,375 1023 880 1023 760 1023 620 1023 1023 627 1023 750 1023 622 1023 1023 876,True
j0-56,tail-pair-periodic-gated27,2,54,28530397675123471,755 1023 372 1023 1023 1023 745 1023 235 1023 1023 887 1023 881 1023 346,755 1023 372 1023 1023 1023 745 1023 235 1023 1023 887 1023 881 1023 346,True
j0-56,tail-pair-periodic-gated27,2,55,41970707164772197,366 1023 888 1023 877 1023 223 1023 1023 881 1023 752 1023 118 1023 743,366 1023 888 1023 877 1023 223 1023 1023 881 1023 752 1023 118 1023 743,True
j0-56,tail-pair-periodic-gated27,2,56,40152013955007953,880 1023 754 1023 113 1023 244 1023 1023 882 1023 624 1023 687,880 1023 754 1023 113 1023 244 1023 1023 882 1023 624 1023 687,True
j0-56,tail-pair-periodic-gated27,2,57,47533006687794384,7 342 1023 1023 176 1023 1023 318 1023 1023 836 1023 1023 48 656,7 342 1023 1023 176 1023 1023 318 1023 1023 836 1023 1023 48 656,True
j0-56,tail-pair-periodic-gated27,2,58,47634303038176133,238 1023 888 1023 1023 753 1023 112 1023 1023 373 1023 1023 371 1023 609,238 1023 888 1023 1023 753 1023 112 1023 1023 373 1023 1023 371 1023 609,True
j0-56,tail-pair-periodic-gated27,2,59,50067287698203484,348 1023 1023 91 1023 1023 95 221 1023 1023 295 1023 1023 7 361,348 1023 1023 91 1023 1023 95 221 1023 1023 295 1023 1023 7 361,True
j0-56,tail-pair-periodic-gated27,2,60,4948567543457225,118 1023 374 1023 242 1023 119 1023 630 1023 756 1023 235 1023 361,118 1023 374 1023 242 1023 119 1023 630 1023 756 1023 235 1023 361,True
j0-56,tail-pair-periodic-gated27,2,61,3356993854869396,363 1023 120 1023 745 1023 621 1023 735 1023 1023 756 1023 106 697,363 1023 120 1023 745 1023 621 1023 735 1023 1023 756 1023 106 697,True
j0-56,tail-pair-periodic-gated27,2,62,5135320173509188,734 1023 1023 609 1023 1023 357 1023 1023 620 1023 1023 106 16 650,734 1023 1023 609 1023 1023 357 1023 1023 620 1023 1023 106 16 650,True
j0-56,tail-pair-periodic-gated27,2,63,49489023550209679,752 1023 749 1023 1023 116 1023 876 1023 1023 366 1023 361 1023 1023 842,752 1023 749 1023 1023 116 1023 876 1023 1023 366 1023 361 1023 1023 842,True
j0-56,tail-pair-periodic-canonical,3,0,6404382926453242,1023 625 1023 622 1023 760 1023 223 1023 1023 754 1023 623 1023 7 605,1023 625 1023 622 1023 760 1023 223 1023 1023 754 1023 623 1023 7 605,True
j0-56,tail-pair-periodic-canonical,3,1,48023584699932674,371 1023 631 1023 112 1023 752 1023 1023 617 1023 1023 368 1023 3 325,371 1023 631 1023 112 1023 752 1023 1023 617 1023 1023 368 1023 3 325,True
j0-56,tail-pair-periodic-canonical,3,2,6638887291946428,360 1023 1023 1023 243 1023 875 1023 109 1023 1023 887 1023 116 1023 837,360 1023 1023 1023 243 1023 875 1023 109 1023 1023 887 1023 116 1023 837,True
j0-56,tail-pair-periodic-canonical,3,3,10393811084038722,369 1023 1023 232 1023 876 1023 364 1023 607 1023 617 1023 874 1023 110,369 1023 1023 232 1023 876 1023 364 1023 607 1023 617 1023 874 1023 110,True
j0-56,tail-pair-periodic-canonical,3,4,49069650149607797,118 1023 759 1023 118 1023 371 1023 242 1023 882 1023 629 1023 1023 736,118 1023 759 1023 118 1023 371 1023 242 1023 882 1023 629 1023 1023 736,True
j0-56,tail-pair-periodic-canonical,3,5,15440018775836142,119 1023 246 1023 621 1023 1023 244 1023 619 1023 747 1023 620 16,119 1023 246 1023 621 1023 1023 244 1023 619 1023 747 1023 620 16,True
j0-56,tail-pair-periodic-canonical,3,6,37259696303378136,756 1023 119 1023 239 1023 1023 368 1023 1023 625 1023 243 1023 696,756 1023 119 1023 239 1023 1023 368 1023 1023 625 1023 243 1023 696,True
j0-56,tail-pair-periodic-canonical,3,7,3129522840575442,874 1023 1023 223 1023 888 1023 1023 104 1023 619 1023 364 1023 1023 104 236,874 1023 1023 223 1023 888 1023 1023 104 1023 619 1023 364 1023 1023 104 236,True
j0-56,tail-pair-periodic-canonical,3,8,3258658967885545,112 1023 237 1023 1023 1023 114 1023 884 1023 118 1023 620 1023 105,112 1023 237 1023 1023 1023 114 1023 884 1023 118 1023 620 1023 105,True
j0-56,tail-pair-periodic-canonical,3,9,29790199589195252,886 1023 626 1023 875 1023 1023 119 1023 372 1023 626 1023 1023 25,886 1023 626 1023 875 1023 1023 119 1023 372 1023 626 1023 1023 25,True
j0-56,tail-pair-periodic-canonical,3,10,10551603362802720,234 1023 351 1023 1023 625 1023 375 1023 752 1023 884 1023 374 1023 362,234 1023 351 1023 1023 625 1023 375 1023 752 1023 884 1023 374 1023 362,True
j0-56,tail-pair-periodic-canonical,3,11,7319077179150710,115 1023 240 1023 758 1023 372 1023 105 1023 238 1023 1023 368 1023 629,115 1023 240 1023 758 1023 372 1023 105 1023 238 1023 1023 368 1023 629,True
j0-56,tail-pair-periodic-canonical,3,12,41983775051221625,1023 629 1023 119 1023 247 1023 755 1023 247 1023 1023 790 135,1023 629 1023 119 1023 247 1023 755 1023 247 1023 1023 790 135,True
j0-56,tail-pair-periodic-canonical,3,13,16830149365919123,1023 748 1023 619 1023 750 1023 875 1023 376 1023 366 1023 238 1023 1023 365,1023 748 1023 619 1023 750 1023 875 1023 376 1023 366 1023 238 1023 1023 365,True
j0-56,tail-pair-periodic-canonical,3,14,30205878636957272,1023 1023 628 1023 628 1023 367 1023 361 1023 236 1023 1023 1023 167,1023 1023 628 1023 628 1023 367 1023 361 1023 236 1023 1023 1023 167,True
j0-56,tail-pair-periodic-canonical,3,15,22327759823042639,623 1023 879 1023 248 1023 873 1023 1023 628 1023 245 1023 105 347,623 1023 879 1023 248 1023 873 1023 1023 628 1023 245 1023 105 347,True
j0-56,tail-pair-periodic-canonical,3,16,39048467483571708,118 1023 886 1023 1023 369 1023 106 1023 607 1023 621 1023 107 662,118 1023 886 1023 1023 369 1023 106 1023 607 1023 621 1023 107 662,True
j0-56,tail-pair-periodic-canonical,3,17,34671672234352364,630 1023 118 1023 242 1023 758 1023 1023 621 1023 364 1023 1023 95 751,630 1023 118 1023 242 1023 758 1023 1023 621 1023 364 1023 1023 95 751,True
j0-56,tail-pair-periodic-canonical,3,18,40373496920430168,244 1023 630 1023 115 1023 244 1023 758 1023 880 1023 1023 95 542,244 1023 630 1023 115 1023 244 1023 758 1023 880 1023 1023 95 542,True
j0-56,tail-pair-periodic-canonical,3,19,14423522179108612,368 1023 118 1023 107 1023 106 1023 1023 246 1023 244 1023 244 1023 858,368 1023 118 1023 107 1023 106 1023 1023 246 1023 244 1023 244 1023 858,True
j0-56,tail-pair-periodic-canonical,3,20,2935089789802714,115 1023 607 1023 110 1023 872 1023 1023 372 1023 620 1023 617 1023 1023 883,115 1023 607 1023 110 1023 872 1023 1023 372 1023 620 1023 617 1023 1023 883,True
j0-56,tail-pair-periodic-canonical,3,21,23693032385715504,884 1023 373 1023 235 1023 1023 625 1023 373 1023 112 1023 1023 95 368,884 1023 373 1023 235 1023 1023 625 1023 373 1023 112 1023 1023 95 368,True
j0-56,tail-pair-periodic-canonical,3,22,28813105365896919,373 1023 748 1023 351 1023 1023 1023 243 1023 1023 366 1023 1023 1023 866,373 1023 748 1023 351 1023 1023 1023 243 1023 1023 366 1023 1023 1023 866,True
j0-56,tail-pair-periodic-canonical,3,23,2923940182174376,108 1023 363 1023 616 1023 1023 620 1023 760 1023 622 1023 104 693,108 1023 363 1023 616 1023 1023 620 1023 760 1023 622 1023 104 693,True
j0-56,tail-pair-periodic-canonical,3,24,8044432691537962,879 1023 371 1023 247 1023 631 1023 873 1023 362 1023 236 1023 1023 185,879 1023 371 1023 247 1023 631 1023 873 1023 362 1023 236 1023 1023 185,True
j0-56,tail-pair-periodic-canonical,3,25,53013820878308157,246 1023 749 1023 744 1023 745 1023 1023 108 1023 223 1023 238 1023 105 372,246 1023 749 1023 744 1023 745 1023 1023 108 1023 223 1023 238 1023 105 372,True
j0-56,tail-pair-periodic-canonical,3,26,31780868662189722,113 1023 118 1023 116 1023 885 1023 885 1023 1023 18 1023 338,113 1023 118 1023 116 1023 885 1023 885 1023 1023 18 1023 338,True
j0-56,tail-pair-periodic-canonical,3,27,20734219131844507,629 1023 376 1023 616 1023 364 1023 1023 113 1023 1023 758 1023 25 697,629 1023 376 1023 616 1023 364 1023 1023 113 1023 1023 758 1023 25 697,True
j0-56,tail-pair-periodic-canonical,3,28,39139327972457631,626 1023 363 1023 360 1023 362 1023 888 1023 746 1023 618 1023 104 733,626 1023 363 1023 360 1023 362 1023 888 1023 746 1023 618 1023 104 733,True
j0-56,tail-pair-periodic-canonical,3,29,25536540281113814,759 1023 351 1023 750 1023 1023 750 1023 1023 760 1023 621 1023 104 724,759 1023 351 1023 750 1023 1023 750 1023 1023 760 1023 621 1023 104 724,True
j0-56,tail-pair-periodic-canonical,3,30,32681269639306067,244 1023 236 1023 874 1023 104 1023 110 1023 1023 372 1023 623 1023 857,244 1023 236 1023 874 1023 104 1023 110 1023 1023 372 1023 623 1023 857,True
j0-56,tail-pair-periodic-canonical,3,31,36419452196528197,754 1023 371 1023 755 1023 745 1023 95 1023 632 1023 621 1023 593,754 1023 371 1023 755 1023 745 1023 95 1023 632 1023 621 1023 593,True
j0-56,tail-pair-periodic-canonical,3,32,41169976182333038,874 1023 1023 625 1023 245 1023 758 1023 885 1023 115 1023 115 1023 1023 877,874 1023 1023 625 1023 245 1023 758 1023 885 1023 115 1023 115 1023 1023 877,True
j0-56,tail-pair-periodic-canonical,3,33,19041800751332046,628 1023 374 1023 369 1023 373 1023 113 1023 247 1023 236 1023 95 96,628 1023 374 1023 369 1023 373 1023 113 1023 247 1023 236 1023 95 96,True
j0-56,tail-pair-periodic-canonical,3,34,37652473607793379,1023 885 1023 360 1023 1023 116 1023 111 1023 244 1023 755 1023 3 116,1023 885 1023 360 1023 1023 116 1023 111 1023 244 1023 755 1023 3 116,True
j0-56,tail-pair-periodic-canonical,3,35,39325957581298395,362 1023 750 1023 361 1023 746 1023 110 1023 616 1023 744 1023 1023 341,362 1023 750 1023 361 1023 746 1023 110 1023 616 1023 744 1023 1023 341,True
j0-56,tail-pair-periodic-canonical,3,36,3795199607796424,371 1023 880 1023 232 1023 1023 243 1023 119 1023 623 1023 115 1023 1023 879,371 1023 880 1023 232 1023 1023 243 1023 119 1023 623 1023 115 1023 1023 879,True
j0-56,tail-pair-periodic-canonical,3,37,26435579481601534,246 1023 116 1023 363 1023 248 1023 622 1023 1023 607 1023 1023 104 723,246 1023 116 1023 363 1023 248 1023 622 1023 1023 607 1023 1023 104 723,True
j0-56,tail-pair-periodic-canonical,3,38,39862841282722459,621 1023 607 1023 746 1023 1023 374 1023 240 1023 369 1023 881 1023 1023 877,621 1023 607 1023 746 1023 1023 374 1023 240 1023 369 1023 881 1023 1023 877,True
j0-56,tail-pair-periodic-canonical,3,39,16702221362109029,753 1023 232 1023 110 1023 1023 1023 756 1023 1023 883 1023 1023 95 359,753 1023 232 1023 110 1023 1023 1023 756 1023 1023 883 1023 1023 95 359,True
j0-56,tail-pair-periodic-canonical,3,40,37441286974422631,247 1023 886 1023 1023 372 1023 885 1023 754 1023 370 1023 109 1023 376,247 1023 886 1023 1023 372 1023 885 1023 754 1023 370 1023 109 1023 376,True
j0-56,tail-pair-periodic-canonical,3,41,49101454573865131,104 1023 622 1023 1023 759 1023 245 1023 112 1023 753 1023 12 576,104 1023 622 1023 1023 759 1023 245 1023 112 1023 753 1023 12 576,True
j0-56,tail-pair-periodic-canonical,3,42,43450524229083669,108 1023 735 1023 619 1023 366 1023 1023 735 1023 108 1023 363 1023 888,108 1023 735 1023 619 1023 366 1023 1023 735 1023 108 1023 363 1023 888,True
j0-56,tail-pair-periodic-canonical,3,43,15271481276624891,240 1023 872 1023 863 1023 232 1023 744 1023 105 1023 874 1023 104 349,240 1023 872 1023 863 1023 232 1023 744 1023 105 1023 874 1023 104 349,True
j0-56,tail-pair-periodic-canonical,3,44,24101564368643742,1023 376 1023 360 1023 622 1023 1023 245 1023 881 1023 237 1023 1023 631,1023 376 1023 360 1023 622 1023 1023 245 1023 881 1023 237 1023 1023 631,True
j0-56,tail-pair-periodic-canonical,3,45,3198568409180593,1023 877 1023 619 1023 1023 116 1023 888 1023 863 1023 632 1023 104 718,1023 877 1023 619 1023 1023 116 1023 888 1023 863 1023 632 1023 104 718,True
j0-56,tail-pair-periodic-canonical,3,46,21305379334198817,239 1023 368 1023 752 1023 371 1023 756 1023 238 1023 620 1023 95 870,239 1023 368 1023 752 1023 371 1023 756 1023 238 1023 620 1023 95 870,True
j0-56,tail-pair-periodic-canonical,3,47,34544091908030117,759 1023 749 1023 95 1023 1023 247 1023 244 1023 114 1023 7 756,759 1023 749 1023 95 1023 1023 247 1023 244 1023 114 1023 7 756,True
j0-56,tail-pair-periodic-canonical,3,48,49562688839198371,630 1023 117 1023 880 1023 1023 622 1023 1023 361 1023 618 1023 622,630 1023 117 1023 880 1023 1023 622 1023 1023 361 1023 618 1023 622,True
j0-56,tail-pair-periodic-canonical,3,49,13341142573045411,112 1023 884 1023 245 1023 1023 751 1023 1023 623 1023 240 1023 1023 198,112 1023 884 1023 245 1023 1023 751 1023 1023 623 1023 240 1023 1023 198,True
j0-56,tail-pair-periodic-canonical,3,50,36949787020800701,244 1023 1023 879 1023 351 1023 1023 887 1023 754 1023 754 1023 1023 885,244 1023 1023 879 1023 351 1023 1023 887 1023 754 1023 754 1023 1023 885,True
j0-56,tail-pair-periodic-canonical,3,51,18783178402817031,632 1023 863 1023 1023 118 1023 107 1023 1023 884 1023 616 1023 104 710,632 1023 863 1023 1023 118 1023 107 1023 1023 884 1023 616 1023 104 710,True
j0-56,tail-pair-periodic-canonical,3,52,52527789132125298,1023 755 1023 624 1023 119 1023 115 1023 244 1023 629 1023 104 595,1023 755 1023 624 1023 119 1023 115 1023 244 1023 629 1023 104 595,True
j0-56,tail-pair-periodic-canonical,3,53,12170212223149869,366 1023 1023 629 1023 111 1023 1023 629 1023 621 1023 632 1023 95 353,366 1023 1023 629 1023 111 1023 1023 629 1023 621 1023 632 1023 95 353,True
j0-56,tail-pair-periodic-canonical,3,54,52650824960873336,247 1023 625 1023 882 1023 884 1023 883 1023 111 1023 616 1023 104 856,247 1023 625 1023 882 1023 884 1023 883 1023 111 1023 616 1023 104 856,True
j0-56,tail-pair-periodic-canonical,3,55,14068076703538501,1023 367 1023 757 1023 886 1023 626 1023 111 1023 360 1023 106 197,1023 367 1023 757 1023 886 1023 626 1023 111 1023 360 1023 106 197,True
j0-56,tail-pair-periodic-canonical,3,56,37141700706960248,374 1023 244 1023 370 1023 242 1023 375 1023 120 1023 874 1023 1023 750,374 1023 244 1023 370 1023 242 1023 375 1023 120 1023 874 1023 1023 750,True
j0-56,tail-pair-periodic-canonical,3,57,21134464366103609,370 1023 632 1023 105 1023 1023 373 1023 367 1023 1023 624 1023 8 319,370 1023 632 1023 105 1023 1023 373 1023 367 1023 1023 624 1023 8 319,True
j0-56,tail-pair-periodic-canonical,3,58,42768741827772701,886 1023 754 1023 872 1023 863 1023 1023 622 1023 616 1023 1023 104 614,886 1023 754 1023 872 1023 863 1023 1023 622 1023 616 1023 1023 104 614,True
j0-56,tail-pair-periodic-canonical,3,59,39430831771456550,119 1023 616 1023 232 1023 95 1023 1023 1023 881 1023 877 1023 1023 346,119 1023 616 1023 232 1023 95 1023 1023 1023 881 1023 877 1023 1023 346,True
j0-56,tail-pair-periodic-canonical,3,60,25033301741904387,120 1023 1023 361 1023 236 1023 1023 1023 629 1023 367 1023 263 19,120 1023 1023 361 1023 236 1023 1023 1023 629 1023 367 1023 263 19,True
j0-56,tail-pair-periodic-canonical,3,61,50719178382527052,886 1023 756 1023 625 1023 1023 1023 881 1023 375 1023 1023 246 1023 324,886 1023 756 1023 625 1023 1023 1023 881 1023 375 1023 1023 246 1023 324,True
j0-56,tail-pair-periodic-canonical,3,62,29078193774643801,116 1023 112 1023 369 1023 119 1023 114 1023 371 1023 750 1023 338,116 1023 112 1023 369 1023 119 1023 114 1023 371 1023 750 1023 338,True
j0-56,tail-pair-periodic-canonical,3,63,2754956326882378,878 1023 238 1023 874 1023 1023 1023 628 1023 627 1023 115 1023 104 340,878 1023 238 1023 874 1023 1023 1023 628 1023 627 1023 115 1023 104 340,True
j0-56,tail-pair-periodic-gated27,3,0,6404382926453242,1023 625 1023 622 1023 760 1023 223 1023 1023 754 1023 623 1023 7 605,1023 625 1023 622 1023 760 1023 223 1023 1023 754 1023 623 1023 7 605,True
j0-56,tail-pair-periodic-gated27,3,1,48023584699932674,12 834 1023 1023 360 1023 1023 1023 1023 617 1023 1023 335 1023 1023 732,12 834 1023 1023 360 1023 1023 1023 1023 617 1023 1023 335 1023 1023 732,True
j0-56,tail-pair-periodic-gated27,3,2,6638887291946428,360 1023 1023 1023 243 1023 875 1023 109 1023 1023 887 1023 116 1023 837,360 1023 1023 1023 243 1023 875 1023 109 1023 1023 887 1023 116 1023 837,True
j0-56,tail-pair-periodic-gated27,3,3,10393811084038722,369 1023 1023 232 1023 876 1023 364 1023 607 1023 617 1023 874 1023 110,369 1023 1023 232 1023 876 1023 364 1023 607 1023 617 1023 874 1023 110,True
j0-56,tail-pair-periodic-gated27,3,4,49069650149607797,118 1023 759 1023 118 1023 371 1023 242 1023 882 1023 629 1023 1023 736,118 1023 759 1023 118 1023 371 1023 242 1023 882 1023 629 1023 1023 736,True
j0-56,tail-pair-periodic-gated27,3,5,15440018775836142,829 1023 1023 2 330 1023 1023 174 1023 1023 104 201 1023 1023 16,829 1023 1023 2 330 1023 1023 174 1023 1023 104 201 1023 1023 16,True
j0-56,tail-pair-periodic-gated27,3,6,37259696303378136,756 1023 119 1023 239 1023 1023 368 1023 1023 625 1023 243 1023 696,756 1023 119 1023 239 1023 1023 368 1023 1023 625 1023 243 1023 696,True
j0-56,tail-pair-periodic-gated27,3,7,3129522840575442,874 1023 1023 95 859 1023 1023 229 1023 1023 199 1023 1023 11 8 230,874 1023 1023 95 859 1023 1023 229 1023 1023 199 1023 1023 11 8 230,True
j0-56,tail-pair-periodic-gated27,3,8,3258658967885545,112 1023 237 1023 1023 1023 114 1023 884 1023 118 1023 620 1023 105,112 1023 237 1023 1023 1023 114 1023 884 1023 118 1023 620 1023 105,True
j0-56,tail-pair-periodic-gated27,3,9,29790199589195252,886 1023 626 1023 875 1023 1023 119 1023 372 1023 626 1023 1023 25,886 1023 626 1023 875 1023 1023 119 1023 372 1023 626 1023 1023 25,True
j0-56,tail-pair-periodic-gated27,3,10,10551603362802720,234 1023 351 1023 1023 625 1023 375 1023 752 1023 884 1023 374 1023 362,234 1023 351 1023 1023 625 1023 375 1023 752 1023 884 1023 374 1023 362,True
j0-56,tail-pair-periodic-gated27,3,11,7319077179150710,115 1023 240 1023 758 1023 372 1023 105 1023 238 1023 1023 368 1023 629,115 1023 240 1023 758 1023 372 1023 105 1023 238 1023 1023 368 1023 629,True
j0-56,tail-pair-periodic-gated27,3,12,41983775051221625,1023 629 1023 119 1023 247 1023 755 1023 247 1023 1023 790 135,1023 629 1023 119 1023 247 1023 755 1023 247 1023 1023 790 135,True
j0-56,tail-pair-periodic-gated27,3,13,16830149365919123,1023 748 1023 619 1023 750 1023 875 1023 376 1023 366 1023 238 1023 1023 365,1023 748 1023 619 1023 750 1023 875 1023 376 1023 366 1023 238 1023 1023 365,True
j0-56,tail-pair-periodic-gated27,3,14,30205878636957272,1023 1023 226 1023 1023 852 1023 1023 95 364 1023 1023 1023 1023 167,1023 1023 226 1023 1023 852 1023 1023 95 364 1023 1023 1023 1023 167,True
j0-56,tail-pair-periodic-gated27,3,15,22327759823042639,729 1023 1023 674 1023 1023 873 1023 1023 1 3 3 140 140,729 1023 1023 674 1023 1023 873 1023 1023 1 3 3 140 140,True
j0-56,tail-pair-periodic-gated27,3,16,39048467483571708,118 1023 886 1023 1023 369 1023 106 1023 607 1023 621 1023 107 662,118 1023 886 1023 1023 369 1023 106 1023 607 1023 621 1023 107 662,True
j0-56,tail-pair-periodic-gated27,3,17,34671672234352364,630 1023 118 1023 242 1023 758 1023 1023 621 1023 364 1023 1023 95 751,630 1023 118 1023 242 1023 758 1023 1023 621 1023 364 1023 1023 95 751,True
j0-56,tail-pair-periodic-gated27,3,18,40373496920430168,244 1023 630 1023 115 1023 244 1023 758 1023 880 1023 1023 95 542,244 1023 630 1023 115 1023 244 1023 758 1023 880 1023 1023 95 542,True
j0-56,tail-pair-periodic-gated27,3,19,14423522179108612,713 1023 1023 656 1023 1023 871 1023 1023 231 1023 1023 7 624 1023 1023 367,713 1023 1023 656 1023 1023 871 1023 1023 231 1023 1023 7 624 1023 1023 367,True
j0-56,tail-pair-periodic-gated27,3,20,2935089789802714,115 1023 607 1023 110 1023 872 1023 1023 372 1023 620 1023 617 1023 1023 883,115 1023 607 1023 110 1023 872 1023 1023 372 1023 620 1023 617 1023 1023 883,True
j0-56,tail-pair-periodic-gated27,3,21,23693032385715504,731 1023 1023 105 245 1023 1023 692 1023 1023 632 1023 1023 1023 95 368,731 1023 1023 105 245 1023 1023 692 1023 1023 632 1023 1023 1023 95 368,True
j0-56,tail-pair-periodic-gated27,3,22,28813105365896919,373 1023 748 1023 351 1023 1023 1023 243 1023 1023 366 1023 1023 1023 866,373 1023 748 1023 351 1023 1023 1023 243 1023 1023 366 1023 1023 1023 866,True
j0-56,tail-pair-periodic-gated27,3,23,2923940182174376,108 1023 363 1023 616 1023 1023 620 1023 760 1023 622 1023 104 693,108 1023 363 1023 616 1023 1023 620 1023 760 1023 622 1023 104 693,True
j0-56,tail-pair-periodic-gated27,3,24,8044432691537962,879 1023 371 1023 247 1023 631 1023 873 1023 362 1023 236 1023 1023 185,879 1023 371 1023 247 1023 631 1023 873 1023 362 1023 236 1023 1023 185,True
j0-56,tail-pair-periodic-gated27,3,25,53013820878308157,668 1023 1023 867 1023 1023 3 174 1023 1023 337 1023 1023 3 12 706,668 1023 1023 867 1023 1023 3 174 1023 1023 337 1023 1023 3 12 706,True
j0-56,tail-pair-periodic-gated27,3,26,31780868662189722,733 1023 1023 834 1023 1023 4 658 1023 1023 7 132 167,733 1023 1023 834 1023 1023 4 658 1023 1023 7 132 167,True
j0-56,tail-pair-periodic-gated27,3,27,20734219131844507,629 1023 376 1023 616 1023 364 1023 1023 113 1023 1023 758 1023 25 697,629 1023 376 1023 616 1023 364 1023 1023 113 1023 1023 758 1023 25 697,True
j0-56,tail-pair-periodic-gated27,3,28,39139327972457631,626 1023 363 1023 360 1023 362 1023 888 1023 746 1023 618 1023 104 733,626 1023 363 1023 360 1023 362 1023 888 1023 746 1023 618 1023 104 733,True
j0-56,tail-pair-periodic-gated27,3,29,25536540281113814,759 1023 351 1023 750 1023 1023 750 1023 1023 760 1023 621 1023 104 724,759 1023 351 1023 750 1023 1023 750 1023 1023 760 1023 621 1023 104 724,True
j0-56,tail-pair-periodic-gated27,3,30,32681269639306067,174 1023 1023 1023 95 237 1023 1023 219 1023 1023 7 91 1023 1023 857,174 1023 1023 1023 95 237 1023 1023 219 1023 1023 7 91 1023 1023 857,True
j0-56,tail-pair-periodic-gated27,3,31,36419452196528197,292 1023 1023 1023 1 740 1023 1023 97 1023 1023 16 8 1023 333,292 1023 1023 1023 1 740 1023 1023 97 1023 1023 16 8 1023 333,True
j0-56,tail-pair-periodic-gated27,3,32,41169976182333038,874 1023 1023 625 1023 245 1023 758 1023 885 1023 115 1023 115 1023 1023 877,874 1023 1023 625 1023 245 1023 758 1023 885 1023 115 1023 115 1023 1023 877,True
j0-56,tail-pair-periodic-gated27,3,33,19041800751332046,628 1023 374 1023 369 1023 373 1023 113 1023 247 1023 236 1023 95 96,628 1023 374 1023 369 1023 373 1023 113 1023 247 1023 236 1023 95 96,True
j0-56,tail-pair-periodic-gated27,3,34,37652473607793379,1023 885 1023 360 1023 1023 116 1023 111 1023 244 1023 755 1023 3 116,1023 885 1023 360 1023 1023 116 1023 111 1023 244 1023 755 1023 3 116,True
j0-56,tail-pair-periodic-gated27,3,35,39325957581298395,362 1023 750 1023 361 1023 746 1023 110 1023 616 1023 744 1023 1023 341,362 1023 750 1023 361 1023 746 1023 110 1023 616 1023 744 1023 1023 341,True
j0-56,tail-pair-periodic-gated27,3,36,3795199607796424,833 1023 1023 1023 104 680 1023 1023 820 1023 1023 2 880 1023 1023 1023 879,833 1023 1023 1023 104 680 1023 1023 820 1023 1023 2 880 1023 1023 1023 879,True
j0-56,tail-pair-periodic-gated27,3,37,26435579481601534,246 1023 116 1023 363 1023 248 1023 622 1023 1023 607 1023 1023 104 723,246 1023 116 1023 363 1023 248 1023 622 1023 1023 607 1023 1023 104 723,True
j0-56,tail-pair-periodic-gated27,3,38,39862841282722459,621 1023 607 1023 746 1023 1023 374 1023 240 1023 369 1023 881 1023 1023 877,621 1023 607 1023 746 1023 1023 374 1023 240 1023 369 1023 881 1023 1023 877,True
j0-56,tail-pair-periodic-gated27,3,39,16702221362109029,753 1023 232 1023 110 1023 1023 1023 756 1023 1023 883 1023 1023 95 359,753 1023 232 1023 110 1023 1023 1023 756 1023 1023 883 1023 1023 95 359,True
j0-56,tail-pair-periodic-gated27,3,40,37441286974422631,247 1023 886 1023 1023 372 1023 885 1023 754 1023 370 1023 109 1023 376,247 1023 886 1023 1023 372 1023 885 1023 754 1023 370 1023 109 1023 376,True
j0-56,tail-pair-periodic-gated27,3,41,49101454573865131,104 1023 622 1023 1023 759 1023 245 1023 112 1023 753 1023 12 576,104 1023 622 1023 1023 759 1023 245 1023 112 1023 753 1023 12 576,True
j0-56,tail-pair-periodic-gated27,3,42,43450524229083669,108 1023 735 1023 619 1023 366 1023 1023 735 1023 108 1023 363 1023 888,108 1023 735 1023 619 1023 366 1023 1023 735 1023 108 1023 363 1023 888,True
j0-56,tail-pair-periodic-gated27,3,43,15271481276624891,4 7 16 3 631 1023 1023 113 1023 1023 732 1023 1023 106 535,4 7 16 3 631 1023 1023 113 1023 1023 732 1023 1023 106 535,True
j0-56,tail-pair-periodic-gated27,3,44,24101564368643742,1023 376 1023 360 1023 622 1023 1023 245 1023 881 1023 237 1023 1023 631,1023 376 1023 360 1023 622 1023 1023 245 1023 881 1023 237 1023 1023 631,True
j0-56,tail-pair-periodic-gated27,3,45,3198568409180593,1023 877 1023 619 1023 1023 116 1023 888 1023 863 1023 632 1023 104 718,1023 877 1023 619 1023 1023 116 1023 888 1023 863 1023 632 1023 104 718,True
j0-56,tail-pair-periodic-gated27,3,46,21305379334198817,239 1023 368 1023 752 1023 371 1023 756 1023 238 1023 620 1023 95 870,239 1023 368 1023 752 1023 371 1023 756 1023 238 1023 620 1023 95 870,True
j0-56,tail-pair-periodic-gated27,3,47,34544091908030117,759 1023 749 1023 95 1023 1023 247 1023 244 1023 114 1023 7 756,759 1023 749 1023 95 1023 1023 247 1023 244 1023 114 1023 7 756,True
j0-56,tail-pair-periodic-gated27,3,48,49562688839198371,630 1023 117 1023 880 1023 1023 622 1023 1023 361 1023 618 1023 622,630 1023 117 1023 880 1023 1023 622 1023 1023 361 1023 618 1023 622,True
j0-56,tail-pair-periodic-gated27,3,49,13341142573045411,112 1023 884 1023 245 1023 1023 751 1023 1023 623 1023 240 1023 1023 198,112 1023 884 1023 245 1023 1023 751 1023 1023 623 1023 240 1023 1023 198,True
j0-56,tail-pair-periodic-gated27,3,50,36949787020800701,244 1023 1023 879 1023 351 1023 1023 887 1023 754 1023 754 1023 1023 885,244 1023 1023 879 1023 351 1023 1023 887 1023 754 1023 754 1023 1023 885,True
j0-56,tail-pair-periodic-gated27,3,51,18783178402817031,632 1023 863 1023 1023 118 1023 107 1023 1023 884 1023 616 1023 104 710,632 1023 863 1023 1023 118 1023 107 1023 1023 884 1023 616 1023 104 710,True
j0-56,tail-pair-periodic-gated27,3,52,52527789132125298,1023 755 1023 624 1023 119 1023 115 1023 244 1023 629 1023 104 595,1023 755 1023 624 1023 119 1023 115 1023 244 1023 629 1023 104 595,True
j0-56,tail-pair-periodic-gated27,3,53,12170212223149869,366 1023 1023 629 1023 111 1023 1023 629 1023 621 1023 632 1023 95 353,366 1023 1023 629 1023 111 1023 1023 629 1023 621 1023 632 1023 95 353,True
j0-56,tail-pair-periodic-gated27,3,54,52650824960873336,868 1023 1023 3 631 1023 1023 226 1023 1023 3 717 1023 1023 1 752,868 1023 1023 3 631 1023 1023 226 1023 1023 3 717 1023 1023 1 752,True
j0-56,tail-pair-periodic-gated27,3,55,14068076703538501,1023 1 198 1023 1023 245 1023 1023 238 1023 1023 104 112 1023 1023 614,1023 1 198 1023 1023 245 1023 1023 238 1023 1023 104 112 1023 1023 614,True
j0-56,tail-pair-periodic-gated27,3,56,37141700706960248,374 1023 244 1023 370 1023 242 1023 375 1023 120 1023 874 1023 1023 750,374 1023 244 1023 370 1023 242 1023 375 1023 120 1023 874 1023 1023 750,True
j0-56,tail-pair-periodic-gated27,3,57,21134464366103609,370 1023 632 1023 105 1023 1023 373 1023 367 1023 1023 624 1023 8 319,370 1023 632 1023 105 1023 1023 373 1023 367 1023 1023 624 1023 8 319,True
j0-56,tail-pair-periodic-gated27,3,58,42768741827772701,886 1023 754 1023 872 1023 863 1023 1023 622 1023 616 1023 1023 104 614,886 1023 754 1023 872 1023 863 1023 1023 622 1023 616 1023 1023 104 614,True
j0-56,tail-pair-periodic-gated27,3,59,39430831771456550,119 1023 616 1023 232 1023 95 1023 1023 1023 881 1023 877 1023 1023 346,119 1023 616 1023 232 1023 95 1023 1023 1023 881 1023 877 1023 1023 346,True
j0-56,tail-pair-periodic-gated27,3,60,25033301741904387,120 1023 1023 95 364 1023 1023 1023 1023 230 1023 1023 94 1023 1023 855,120 1023 1023 95 364 1023 1023 1023 1023 230 1023 1023 94 1023 1023 855,True
j0-56,tail-pair-periodic-gated27,3,61,50719178382527052,886 1023 756 1023 625 1023 1023 1023 881 1023 375 1023 1023 246 1023 324,886 1023 756 1023 625 1023 1023 1023 881 1023 375 1023 1023 246 1023 324,True
j0-56,tail-pair-periodic-gated27,3,62,29078193774643801,0 245 1023 1023 1 864 1023 1023 818 1023 1023 798 1023 1023 1023 625,0 245 1023 1023 1 864 1023 1023 818 1023 1023 798 1023 1023 1023 625,True
j0-56,tail-pair-periodic-gated27,3,63,2754956326882378,878 1023 238 1023 874 1023 1023 1023 628 1023 627 1023 115 1023 104 340,878 1023 238 1023 874 1023 1023 1023 628 1023 627 1023 115 1023 104 340,True
j0-56,tail-pair-periodic-canonical,4,0,9278932869219573,241 1023 1023 245 1023 880 1023 887 1023 624 1023 625 1023 1023 736,241 1023 1023 245 1023 880 1023 887 1023 624 1023 625 1023 1023 736,True
j0-56,tail-pair-periodic-canonical,4,1,42280023750745335,366 1023 616 1023 617 1023 1023 237 1023 104 1023 1023 885 1023 370,366 1023 616 1023 617 1023 1023 237 1023 104 1023 1023 885 1023 370,True
j0-56,tail-pair-periodic-canonical,4,2,15693107538860999,239 1023 863 1023 1023 873 1023 748 1023 873 1023 108 1023 120 33,239 1023 863 1023 1023 873 1023 748 1023 873 1023 108 1023 120 33,True
j0-56,tail-pair-periodic-canonical,4,3,20773195543068900,607 1023 876 1023 744 1023 1023 239 1023 863 1023 619 1023 105 73,607 1023 876 1023 744 1023 1023 239 1023 863 1023 619 1023 105 73,True
j0-56,tail-pair-periodic-canonical,4,4,47813522507442022,1023 879 1023 246 1023 880 1023 234 1023 760 1023 1023 245 1023 3 581,1023 879 1023 246 1023 880 1023 234 1023 760 1023 1023 245 1023 3 581,True
j0-56,tail-pair-periodic-canonical,4,5,41274285190456879,243 1023 754 1023 882 1023 884 1023 371 1023 1023 239 1023 753 1023 231,243 1023 754 1023 882 1023 884 1023 371 1023 1023 239 1023 753 1023 231,True
j0-56,tail-pair-periodic-canonical,4,6,14821096958892311,628 1023 875 1023 618 1023 1023 746 1023 105 1023 1023 232 1023 104 712,628 1023 875 1023 618 1023 1023 746 1023 105 1023 1023 232 1023 104 712,True
j0-56,tail-pair-periodic-canonical,4,7,51845410459424113,749 1023 1023 1023 112 1023 247 1023 756 1023 884 1023 884 1023 329,749 1023 1023 1023 112 1023 247 1023 756 1023 884 1023 884 1023 329,True
j0-56,tail-pair-periodic-canonical,4,8,2450644323773332,626 1023 876 1023 877 1023 744 1023 248 1023 744 1023 620 1023 106 98,626 1023 876 1023 877 1023 744 1023 248 1023 744 1023 620 1023 106 98,True
j0-56,tail-pair-periodic-canonical,4,9,16729981867462339,631 1023 746 1023 105 1023 109 1023 110 1023 1023 104 1023 1023 7 712,631 1023 746 1023 105 1023 109 1023 110 1023 1023 104 1023 1023 7 712,True
j0-56,tail-pair-periodic-canonical,4,10,27639310593416759,624 1023 245 1023 360 1023 619 1023 351 1023 748 1023 108 319,624 1023 245 1023 360 1023 619 1023 351 1023 748 1023 108 319,True
j0-56,tail-pair-periodic-canonical,4,11,19085159249605998,629 1023 1023 750 1023 104 1023 619 1023 750 1023 748 1023 120 1023 888,629 1023 1023 750 1023 104 1023 619 1023 750 1023 748 1023 120 1023 888,True
j0-56,tail-pair-periodic-canonical,4,12,41837637324091770,879 1023 1023 1023 628 1023 1023 627 1023 241 1023 881 1023 1023 8 304,879 1023 1023 1023 628 1023 1023 627 1023 241 1023 881 1023 1023 8 304,True
j0-56,tail-pair-periodic-canonical,4,13,53317175751304376,1023 366 1023 1023 107 1023 108 1023 363 1023 1023 1023 362 1023 104 733,1023 366 1023 1023 107 1023 108 1023 363 1023 1023 1023 362 1023 104 733,True
j0-56,tail-pair-periodic-canonical,4,14,6385456723123380,117 1023 361 1023 735 1023 1023 375 1023 111 1023 751 1023 18 46,117 1023 361 1023 735 1023 1023 375 1023 111 1023 751 1023 18 46,True
j0-56,tail-pair-periodic-canonical,4,15,26725439002067093,247 1023 241 1023 245 1023 627 1023 884 1023 238 1023 1023 784,247 1023 241 1023 245 1023 627 1023 884 1023 238 1023 1023 784,True
j0-56,tail-pair-periodic-canonical,4,16,45106087843954389,888 1023 232 1023 877 1023 108 1023 607 1023 365 1023 1023 1023 11 325,888 1023 232 1023 877 1023 108 1023 607 1023 365 1023 1023 1023 11 325,True
j0-56,tail-pair-periodic-canonical,4,17,4392171150471870,1023 247 1023 626 1023 245 1023 371 1023 242 1023 754 1023 1023 647,1023 247 1023 626 1023 245 1023 371 1023 242 1023 754 1023 1023 647,True
j0-56,tail-pair-periodic-canonical,4,18,16850694280784242,242 1023 240 1023 875 1023 1023 863 1023 1023 628 1023 9 342,242 1023 240 1023 875 1023 1023 863 1023 1023 628 1023 9 342,True
j0-56,tail-pair-periodic-canonical,4,19,45702056893551526,759 1023 756 1023 744 1023 1023 246 1023 370 1023 243 1023 371 1023 853,759 1023 756 1023 744 1023 1023 246 1023 370 1023 243 1023 371 1023 853,True
j0-56,tail-pair-periodic-canonical,4,20,10184430689215565,887 1023 368 1023 1023 1023 885 1023 884 1023 110 1023 745 1023 104 729,887 1023 368 1023 1023 1023 885 1023 884 1023 110 1023 745 1023 104 729,True
j0-56,tail-pair-periodic-canonical,4,21,429759113085949,248 1023 235 1023 618 1023 1023 616 1023 632 1023 1023 627 1023 8 283,248 1023 235 1023 618 1023 1023 616 1023 632 1023 1023 627 1023 8 283,True
j0-56,tail-pair-periodic-canonical,4,22,8226055944221613,882 1023 105 1023 1023 628 1023 237 1023 362 1023 366 1023 223 1023 1023 883,882 1023 105 1023 1023 628 1023 237 1023 362 1023 366 1023 223 1023 1023 883,True
j0-56,tail-pair-periodic-canonical,4,23,12206765814937791,119 1023 758 1023 238 1023 223 1023 1023 619 1023 1023 627 1023 8 885,119 1023 758 1023 238 1023 223 1023 1023 619 1023 1023 627 1023 8 885,True
j0-56,tail-pair-periodic-canonical,4,24,14663927512775907,115 1023 621 1023 873 1023 1023 108 1023 744 1023 1023 115 1023 1023 843,115 1023 621 1023 873 1023 1023 108 1023 744 1023 1023 115 1023 1023 843,True
j0-56,tail-pair-periodic-canonical,4,25,52030557536089425,623 1023 877 1023 1023 238 1023 750 1023 1023 369 1023 872 1023 95 94,623 1023 877 1023 1023 238 1023 750 1023 1023 369 1023 872 1023 95 94,True
j0-56,tail-pair-periodic-canonical,4,26,18590607016168283,242 1023 624 1023 109 1023 748 1023 223 1023 233 1023 1023 758 1023 716,242 1023 624 1023 109 1023 748 1023 223 1023 233 1023 1023 758 1023 716,True
j0-56,tail-pair-periodic-canonical,4,27,17858531837344763,119 1023 233 1023 1023 1023 373 1023 243 1023 753 1023 241 1023 184,119 1023 233 1023 1023 1023 373 1023 243 1023 753 1023 241 1023 184,True
j0-56,tail-pair-periodic-canonical,4,28,29386234509914258,242 1023 626 1023 234 1023 876 1023 365 1023 1023 240 1023 26 16,242 1023 626 1023 234 1023 876 1023 365 1023 1023 240 1023 26 16,True
j0-56,tail-pair-periodic-canonical,4,29,32558891263087498,607 1023 232 1023 105 1023 1023 625 1023 365 1023 878 1023 363 1023 888,607 1023 232 1023 105 1023 1023 625 1023 365 1023 878 1023 363 1023 888,True
j0-56,tail-pair-periodic-canonical,4,30,40330467287809921,248 1023 1023 119 1023 246 1023 368 1023 628 1023 1023 1023 104 1023 104 243,248 1023 1023 119 1023 246 1023 368 1023 628 1023 1023 1023 104 1023 104 243,True
j0-56,tail-pair-periodic-canonical,4,31,34292672192492488,629 1023 368 1023 114 1023 107 1023 365 1023 1023 246 1023 244 1023 345,629 1023 368 1023 114 1023 107 1023 365 1023 1023 246 1023 244 1023 345,True
j0-56,tail-pair-periodic-canonical,4,32,31382896079114753,1023 369 1023 1023 116 1023 757 1023 112 1023 876 1023 1023 618 1023 860,1023 369 1023 1023 116 1023 757 1023 112 1023 876 1023 1023 618 1023 860,True
j0-56,tail-pair-periodic-canonical,4,33,35471798131957859,629 1023 1023 1023 881 1023 118 1023 625 1023 119 1023 3 362,629 1023 1023 1023 881 1023 118 1023 625 1023 119 1023 3 362,True
j0-56,tail-pair-periodic-canonical,4,34,46876470349513599,243 1023 1023 109 1023 364 1023 747 1023 1023 361 1023 748 1023 95 689,243 1023 1023 109 1023 364 1023 747 1023 1023 361 1023 748 1023 95 689,True
j0-56,tail-pair-periodic-canonical,4,35,2462295080211105,105 1023 95 1023 236 1023 234 1023 237 1023 1023 243 1023 882 1023 628,105 1023 95 1023 236 1023 234 1023 237 1023 1023 243 1023 882 1023 628,True
j0-56,tail-pair-periodic-canonical,4,36,26602728740185696,1023 735 1023 1023 112 1023 879 1023 744 1023 360 1023 874 1023 104 77,1023 735 1023 1023 112 1023 879 1023 744 1023 360 1023 874 1023 104 77,True
j0-56,tail-pair-periodic-canonical,4,37,5068043597535343,753 1023 95 1023 232 1023 364 1023 1023 873 1023 107 1023 120 703,753 1023 95 1023 232 1023 364 1023 1023 873 1023 107 1023 120 703,True
j0-56,tail-pair-periodic-canonical,4,38,38148895315384876,630 1023 886 1023 876 1023 622 1023 1023 758 1023 236 1023 617 1023 1023 369,630 1023 886 1023 876 1023 622 1023 1023 758 1023 236 1023 617 1023 1023 369,True
j0-56,tail-pair-periodic-canonical,4,39,41436452353044290,368 1023 759 1023 1023 245 1023 234 1023 1023 242 1023 115 1023 1023 857,368 1023 759 1023 1023 245 1023 234 1023 1023 242 1023 115 1023 1023 857,True
j0-56,tail-pair-periodic-canonical,4,40,7428704660914444,242 1023 882 1023 108 1023 95 1023 874 1023 872 1023 1023 1023 128,242 1023 882 1023 108 1023 95 1023 874 1023 872 1023 1023 1023 128,True
j0-56,tail-pair-periodic-canonical,4,41,18782940086700396,233 1023 1023 235 1023 760 1023 223 1023 735 1023 235 1023 876 1023 105 372,233 1023 1023 235 1023 760 1023 223 1023 735 1023 235 1023 876 1023 105 372,True
j0-56,tail-pair-periodic-canonical,4,42,26625596258252214,234 1023 376 1023 760 1023 1023 735 1023 874 1023 1023 116 1023 1023 242,234 1023 376 1023 760 1023 1023 735 1023 874 1023 1023 116 1023 1023 242,True
j0-56,tail-pair-periodic-canonical,4,43,26120639012867127,113 1023 607 1023 1023 351 1023 632 1023 735 1023 618 1023 1023 21 308,113 1023 607 1023 1023 351 1023 632 1023 735 1023 618 1023 1023 21 308,True
j0-56,tail-pair-periodic-canonical,4,44,17463889679516722,631 1023 757 1023 244 1023 114 1023 373 1023 753 1023 108 1023 1023 3 602,631 1023 757 1023 244 1023 114 1023 373 1023 753 1023 108 1023 1023 3 602,True
j0-56,tail-pair-periodic-canonical,4,45,32473775723765675,111 1023 1023 885 1023 1023 623 1023 629 1023 1023 119 1023 878 1023 105 372,111 1023 1023 885 1023 1023 623 1023 629 1023 1023 119 1023 878 1023 105 372,True
j0-56,tail-pair-periodic-canonical,4,46,6298894649623137,114 1023 243 1023 114 1023 759 1023 234 1023 1023 372 1023 1023 104 77,114 1023 243 1023 114 1023 759 1023 234 1023 1023 372 1023 1023 104 77,True
j0-56,tail-pair-periodic-canonical,4,47,53317264302817871,752 1023 885 1023 105 1023 1023 887 1023 248 1023 1023 1023 118 1023 875,752 1023 885 1023 105 1023 1023 887 1023 248 1023 1023 1023 118 1023 875,True
j0-56,tail-pair-periodic-canonical,4,48,23375461281891820,749 1023 877 1023 1023 374 1023 623 1023 370 1023 111 1023 106 1023 95 620,749 1023 877 1023 1023 374 1023 623 1023 370 1023 111 1023 106 1023 95 620,True
j0-56,tail-pair-periodic-canonical,4,49,14498012514893859,240 1023 752 1023 620 1023 105 1023 1023 879 1023 630 1023 106 594,240 1023 752 1023 620 1023 105 1023 1023 879 1023 630 1023 106 594,True
j0-56,tail-pair-periodic-canonical,4,50,27520345115671667,626 1023 375 1023 368 1023 628 1023 243 1023 624 1023 373 1023 95 711,626 1023 375 1023 368 1023 628 1023 243 1023 624 1023 373 1023 95 711,True
j0-56,tail-pair-periodic-canonical,4,51,25045017541093243,372 1023 104 1023 620 1023 1023 629 1023 115 1023 105 1023 1023 226,372 1023 104 1023 620 1023 1023 629 1023 115 1023 105 1023 1023 226,True
j0-56,tail-pair-periodic-canonical,4,52,39315591337261423,375 1023 752 1023 757 1023 884 1023 755 1023 886 1023 366 1023 1023 104 621,375 1023 752 1023 757 1023 884 1023 755 1023 886 1023 366 1023 1023 104 621,True
j0-56,tail-pair-periodic-canonical,4,53,15123217579768586,1023 117 1023 373 1023 863 1023 1023 756 1023 1023 1023 109 1023 104 243,1023 117 1023 373 1023 863 1023 1023 756 1023 1023 1023 109 1023 104 243,True
j0-56,tail-pair-periodic-canonical,4,54,24574012473857776,237 1023 223 1023 1023 115 1023 119 1023 118 1023 235 1023 616 1023 1023 371,237 1023 223 1023 1023 115 1023 119 1023 118 1023 235 1023 616 1023 1023 371,True
j0-56,tail-pair-periodic-canonical,4,55,45381281470602887,1023 233 1023 363 1023 620 1023 365 1023 1023 373 1023 748 1023 1023 739,1023 233 1023 363 1023 620 1023 365 1023 1023 373 1023 748 1023 1023 739,True
j0-56,tail-pair-periodic-canonical,4,56,9717070586984878,1023 627 1023 115 1023 242 1023 631 1023 246 1023 374 1023 371 1023 630,1023 627 1023 115 1023 242 1023 631 1023 246 1023 374 1023 371 1023 630,True
j0-56,tail-pair-periodic-canonical,4,57,38904970199321654,620 1023 361 1023 1023 753 1023 117 1023 1023 883 1023 241 1023 92,620 1023 361 1023 1023 753 1023 117 1023 1023 883 1023 241 1023 92,True
j0-56,tail-pair-periodic-canonical,4,58,2297075761758359,374 1023 240 1023 1023 1023 107 1023 363 1023 107 1023 248 1023 105 847,374 1023 240 1023 1023 1023 107 1023 363 1023 107 1023 248 1023 105 847,True
j0-56,tail-pair-periodic-canonical,4,59,48920196119039674,888 1023 1023 375 1023 246 1023 95 1023 873 1023 744 1023 360 1023 363,888 1023 1023 375 1023 246 1023 95 1023 873 1023 744 1023 360 1023 363,True
j0-56,tail-pair-periodic-canonical,4,60,36207820670066523,245 1023 375 1023 753 1023 630 1023 247 1023 630 1023 112 1023 17 287,245 1023 375 1023 753 1023 630 1023 247 1023 630 1023 112 1023 17 287,True
j0-56,tail-pair-periodic-canonical,4,61,41139326247205741,242 1023 374 1023 622 1023 888 1023 1023 115 1023 239 1023 1023 2 624,242 1023 374 1023 622 1023 888 1023 1023 115 1023 239 1023 1023 2 624,True
j0-56,tail-pair-periodic-canonical,4,62,21479204752598915,361 1023 110 1023 1023 370 1023 104 1023 744 1023 1023 1023 1023 96,361 1023 110 1023 1023 370 1023 104 1023 744 1023 1023 1023 1023 96,True
j0-56,tail-pair-periodic-canonical,4,63,8835012889707048,751 1023 376 1023 1023 373 1023 104 1023 1023 882 1023 623 1023 9 319,751 1023 376 1023 1023 373 1023 104 1023 1023 882 1023 623 1023 9 319,True
j0-56,tail-pair-periodic-gated27,4,0,9278932869219573,241 1023 1023 870 1023 1023 1023 2 315 1023 1023 625 1023 1023 736,241 1023 1023 870 1023 1023 1023 2 315 1023 1023 625 1023 1023 736,True
j0-56,tail-pair-periodic-gated27,4,1,42280023750745335,366 1023 616 1023 617 1023 1023 237 1023 104 1023 1023 885 1023 370,366 1023 616 1023 617 1023 1023 237 1023 104 1023 1023 885 1023 370,True
j0-56,tail-pair-periodic-gated27,4,2,15693107538860999,239 1023 863 1023 1023 873 1023 748 1023 873 1023 108 1023 120 33,239 1023 863 1023 1023 873 1023 748 1023 873 1023 108 1023 120 33,True
j0-56,tail-pair-periodic-gated27,4,3,20773195543068900,607 1023 876 1023 744 1023 1023 239 1023 863 1023 619 1023 105 73,607 1023 876 1023 744 1023 1023 239 1023 863 1023 619 1023 105 73,True
j0-56,tail-pair-periodic-gated27,4,4,47813522507442022,1023 845 1023 1023 880 1023 1023 104 193 1023 1023 1023 810 1023 1023 604,1023 845 1023 1023 880 1023 1023 104 193 1023 1023 1023 810 1023 1023 604,True
j0-56,tail-pair-periodic-gated27,4,5,41274285190456879,856 1023 1023 106 98 1023 1023 732 1023 1023 1023 604 1023 1023 829,856 1023 1023 106 98 1023 1023 732 1023 1023 1023 604 1023 1023 829,True
j0-56,tail-pair-periodic-gated27,4,6,14821096958892311,628 1023 875 1023 618 1023 1023 746 1023 105 1023 1023 232 1023 104 712,628 1023 875 1023 618 1023 1023 746 1023 105 1023 1023 232 1023 104 712,True
j0-56,tail-pair-periodic-gated27,4,7,51845410459424113,749 1023 1023 1023 112 1023 247 1023 756 1023 884 1023 884 1023 329,749 1023 1023 1023 112 1023 247 1023 756 1023 884 1023 884 1023 329,True
j0-56,tail-pair-periodic-gated27,4,8,2450644323773332,11 883 1023 1023 104 623 1023 1023 3 881 1023 1023 4 13 644,11 883 1023 1023 104 623 1023 1023 3 881 1023 1023 4 13 644,True
j0-56,tail-pair-periodic-gated27,4,9,16729981867462339,631 1023 746 1023 105 1023 109 1023 110 1023 1023 104 1023 1023 7 712,631 1023 746 1023 105 1023 109 1023 110 1023 1023 104 1023 1023 7 712,True
j0-56,tail-pair-periodic-gated27,4,10,27639310593416759,624 1023 245 1023 360 1023 619 1023 351 1023 748 1023 108 319,624 1023 245 1023 360 1023 619 1023 351 1023 748 1023 108 319,True
j0-56,tail-pair-periodic-gated27,4,11,19085159249605998,629 1023 1023 750 1023 104 1023 619 1023 750 1023 748 1023 120 1023 888,629 1023 1023 750 1023 104 1023 619 1023 750 1023 748 1023 120 1023 888,True
j0-56,tail-pair-periodic-gated27,4,12,41837637324091770,879 1023 1023 1023 628 1023 1023 627 1023 241 1023 881 1023 1023 8 304,879 1023 1023 1023 628 1023 1023 627 1023 241 1023 881 1023 1023 8 304,True
j0-56,tail-pair-periodic-gated27,4,13,53317175751304376,1023 366 1023 1023 105 101 1023 1023 363 1023 1023 1023 104 95 301,1023 366 1023 1023 105 101 1023 1023 363 1023 1023 1023 104 95 301,True
j0-56,tail-pair-periodic-gated27,4,14,6385456723123380,117 1023 361 1023 735 1023 1023 375 1023 111 1023 751 1023 18 46,117 1023 361 1023 735 1023 1023 375 1023 111 1023 751 1023 18 46,True
j0-56,tail-pair-periodic-gated27,4,15,26725439002067093,247 1023 241 1023 245 1023 627 1023 884 1023 238 1023 1023 784,247 1023 241 1023 245 1023 627 1023 884 1023 238 1023 1023 784,True
j0-56,tail-pair-periodic-gated27,4,16,45106087843954389,888 1023 232 1023 877 1023 108 1023 607 1023 365 1023 1023 1023 11 325,888 1023 232 1023 877 1023 108 1023 607 1023 365 1023 1023 1023 11 325,True
j0-56,tail-pair-periodic-gated27,4,17,4392171150471870,1023 1 857 1023 1023 869 1023 1023 656 1023 1023 102 1023 1023 647,1023 1 857 1023 1023 869 1023 1023 656 1023 1023 102 1023 1023 647,True
j0-56,tail-pair-periodic-gated27,4,18,16850694280784242,242 1023 240 1023 875 1023 1023 863 1023 1023 628 1023 9 342,242 1023 240 1023 875 1023 1023 863 1023 1023 628 1023 9 342,True
j0-56,tail-pair-periodic-gated27,4,19,45702056893551526,759 1023 756 1023 744 1023 1023 246 1023 370 1023 243 1023 371 1023 853,759 1023 756 1023 744 1023 1023 246 1023 370 1023 243 1023 371 1023 853,True
j0-56,tail-pair-periodic-gated27,4,20,10184430689215565,2 330 1023 1023 1023 1023 102 1023 1023 4 0 358 1023 1023 299,2 330 1023 1023 1023 1023 102 1023 1023 4 0 358 1023 1023 299,True
j0-56,tail-pair-periodic-gated27,4,21,429759113085949,248 1023 235 1023 618 1023 1023 616 1023 632 1023 1023 627 1023 8 283,248 1023 235 1023 618 1023 1023 616 1023 632 1023 1023 627 1023 8 283,True
j0-56,tail-pair-periodic-gated27,4,22,8226055944221613,293 1023 1023 181 1023 1023 9 194 1023 1023 105 608 1023 1023 809,293 1023 1023 181 1023 1023 9 194 1023 1023 105 608 1023 1023 809,True
j0-56,tail-pair-periodic-gated27,4,23,12206765814937791,119 1023 758 1023 238 1023 223 1023 1023 619 1023 1023 627 1023 8 885,119 1023 758 1023 238 1023 223 1023 1023 619 1023 1023 627 1023 8 885,True
j0-56,tail-pair-periodic-gated27,4,24,14663927512775907,115 1023 621 1023 873 1023 1023 108 1023 744 1023 1023 115 1023 1023 843,115 1023 621 1023 873 1023 1023 108 1023 744 1023 1023 115 1023 1023 843,True
j0-56,tail-pair-periodic-gated27,4,25,52030557536089425,623 1023 877 1023 1023 238 1023 750 1023 1023 369 1023 872 1023 95 94,623 1023 877 1023 1023 238 1023 750 1023 1023 369 1023 872 1023 95 94,True
j0-56,tail-pair-periodic-gated27,4,26,18590607016168283,242 1023 624 1023 109 1023 748 1023 223 1023 233 1023 1023 758 1023 716,242 1023 624 1023 109 1023 748 1023 223 1023 233 1023 1023 758 1023 716,True
j0-56,tail-pair-periodic-gated27,4,27,17858531837344763,119 1023 233 1023 1023 1023 373 1023 243 1023 753 1023 241 1023 184,119 1023 233 1023 1023 1023 373 1023 243 1023 753 1023 241 1023 184,True
j0-56,tail-pair-periodic-gated27,4,28,29386234509914258,242 1023 626 1023 234 1023 876 1023 365 1023 1023 240 1023 26 16,242 1023 626 1023 234 1023 876 1023 365 1023 1023 240 1023 26 16,True
j0-56,tail-pair-periodic-gated27,4,29,32558891263087498,607 1023 232 1023 105 1023 1023 625 1023 365 1023 878 1023 363 1023 888,607 1023 232 1023 105 1023 1023 625 1023 365 1023 878 1023 363 1023 888,True
j0-56,tail-pair-periodic-gated27,4,30,40330467287809921,248 1023 1023 829 1023 1023 737 1023 1023 628 1023 1023 1023 106 768,248 1023 1023 829 1023 1023 737 1023 1023 628 1023 1023 1023 106 768,True
j0-56,tail-pair-periodic-gated27,4,31,34292672192492488,299 1023 1023 1023 325 1023 1023 95 724 1023 1023 231 1023 1023 7 299,299 1023 1023 1023 325 1023 1023 95 724 1023 1023 231 1023 1023 7 299,True
j0-56,tail-pair-periodic-gated27,4,32,31382896079114753,1023 369 1023 1023 116 1023 757 1023 112 1023 876 1023 1023 618 1023 860,1023 369 1023 1023 116 1023 757 1023 112 1023 876 1023 1023 618 1023 860,True
j0-56,tail-pair-periodic-gated27,4,33,35471798131957859,629 1023 1023 1023 727 1023 1023 11 713 1023 1023 57 644,629 1023 1023 1023 727 1023 1023 11 713 1023 1023 57 644,True
j0-56,tail-pair-periodic-gated27,4,34,46876470349513599,243 1023 1023 109 1023 364 1023 747 1023 1023 361 1023 748 1023 95 689,243 1023 1023 109 1023 364 1023 747 1023 1023 361 1023 748 1023 95 689,True
j0-56,tail-pair-periodic-gated27,4,35,2462295080211105,105 1023 95 1023 236 1023 234 1023 237 1023 1023 243 1023 882 1023 628,105 1023 95 1023 236 1023 234 1023 237 1023 1023 243 1023 882 1023 628,True
j0-56,tail-pair-periodic-gated27,4,36,26602728740185696,1023 735 1023 1023 112 1023 879 1023 744 1023 360 1023 874 1023 104 77,1023 735 1023 1023 112 1023 879 1023 744 1023 360 1023 874 1023 104 77,True
j0-56,tail-pair-periodic-gated27,4,37,5068043597535343,753 1023 95 1023 232 1023 364 1023 1023 873 1023 107 1023 120 703,753 1023 95 1023 232 1023 364 1023 1023 873 1023 107 1023 120 703,True
j0-56,tail-pair-periodic-gated27,4,38,38148895315384876,1 144 1023 1023 95 205 1023 1023 330 1023 1023 7 311 1023 1023 722,1 144 1023 1023 95 205 1023 1023 330 1023 1023 7 311 1023 1023 722,True
j0-56,tail-pair-periodic-gated27,4,39,41436452353044290,368 1023 759 1023 1023 245 1023 234 1023 1023 242 1023 115 1023 1023 857,368 1023 759 1023 1023 245 1023 234 1023 1023 242 1023 115 1023 1023 857,True
j0-56,tail-pair-periodic-gated27,4,40,7428704660914444,242 1023 882 1023 108 1023 95 1023 874 1023 872 1023 1023 1023 128,242 1023 882 1023 108 1023 95 1023 874 1023 872 1023 1023 1023 128,True
j0-56,tail-pair-periodic-gated27,4,41,18782940086700396,95 0 278 1023 1023 283 1023 1023 225 1023 1023 833 1023 1023 1023 105 372,95 0 278 1023 1023 283 1023 1023 225 1023 1023 833 1023 1023 1023 105 372,True
j0-56,tail-pair-periodic-gated27,4,42,26625596258252214,234 1023 376 1023 760 1023 1023 735 1023 874 1023 1023 116 1023 1023 242,234 1023 376 1023 760 1023 1023 735 1023 874 1023 1023 116 1023 1023 242,True
j0-56,tail-pair-periodic-gated27,4,43,26120639012867127,113 1023 607 1023 1023 351 1023 632 1023 735 1023 618 1023 1023 21 308,113 1023 607 1023 1023 351 1023 632 1023 735 1023 618 1023 1023 21 308,True
j0-56,tail-pair-periodic-gated27,4,44,17463889679516722,631 1023 757 1023 244 1023 114 1023 373 1023 753 1023 108 1023 1023 3 602,631 1023 757 1023 244 1023 114 1023 373 1023 753 1023 108 1023 1023 3 602,True
j0-56,tail-pair-periodic-gated27,4,45,32473775723765675,111 1023 1023 885 1023 1023 623 1023 629 1023 1023 119 1023 878 1023 105 372,111 1023 1023 885 1023 1023 623 1023 629 1023 1023 119 1023 878 1023 105 372,True
j0-56,tail-pair-periodic-gated27,4,46,6298894649623137,114 1023 243 1023 114 1023 759 1023 234 1023 1023 372 1023 1023 104 77,114 1023 243 1023 114 1023 759 1023 234 1023 1023 372 1023 1023 104 77,True
j0-56,tail-pair-periodic-gated27,4,47,53317264302817871,200 1023 1023 376 1023 1023 668 1023 1023 373 1023 1023 1023 0 174,200 1023 1023 376 1023 1023 668 1023 1023 373 1023 1023 1023 0 174,True
j0-56,tail-pair-periodic-gated27,4,48,23375461281891820,749 1023 877 1023 1023 374 1023 623 1023 370 1023 111 1023 106 1023 95 620,749 1023 877 1023 1023 374 1023 623 1023 370 1023 111 1023 106 1023 95 620,True
j0-56,tail-pair-periodic-gated27,4,49,14498012514893859,712 1023 1023 1023 95 103 1023 1023 340 1023 1023 862 1023 1023 95 736,712 1023 1023 1023 95 103 1023 1023 340 1023 1023 862 1023 1023 95 736,True
j0-56,tail-pair-periodic-gated27,4,50,27520345115671667,306 1023 1023 879 1023 1023 688 1023 1023 359 1023 1023 11 367 1023 1023 364,306 1023 1023 879 1023 1023 688 1023 1023 359 1023 1023 11 367 1023 1023 364,True
j0-56,tail-pair-periodic-gated27,4,51,25045017541093243,799 1023 1023 1023 243 1023 1023 9 369 1023 1023 105 1023 1023 226,799 1023 1023 1023 243 1023 1023 9 369 1023 1023 105 1023 1023 226,True
j0-56,tail-pair-periodic-gated27,4,52,39315591337261423,145 1023 1023 8 8 217 1023 1023 1 16 711 1023 1023 8 152,145 1023 1023 8 8 217 1023 1023 1 16 711 1023 1023 8 152,True
j0-56,tail-pair-periodic-gated27,4,53,15123217579768586,1023 742 1023 1023 105 668 1023 1023 749 1023 1023 1023 95 7 884,1023 742 1023 1023 105 668 1023 1023 749 1023 1023 1023 95 7 884,True
j0-56,tail-pair-periodic-gated27,4,54,24574012473857776,105 7 3 830 1023 1023 817 1023 1023 350 1023 1023 733 1023 1023 733,105 7 3 830 1023 1023 817 1023 1023 350 1023 1023 733 1023 1023 733,True
j0-56,tail-pair-periodic-gated27,4,55,45381281470602887,1023 233 1023 363 1023 620 1023 365 1023 1023 373 1023 748 1023 1023 739,1023 233 1023 363 1023 620 1023 365 1023 1023 373 1023 748 1023 1023 739,True
j0-56,tail-pair-periodic-gated27,4,56,9717070586984878,1023 627 1023 115 1023 242 1023 631 1023 246 1023 374 1023 371 1023 630,1023 627 1023 115 1023 242 1023 631 1023 246 1023 374 1023 371 1023 630,True
j0-56,tail-pair-periodic-gated27,4,57,38904970199321654,620 1023 361 1023 1023 753 1023 117 1023 1023 883 1023 241 1023 92,620 1023 361 1023 1023 753 1023 117 1023 1023 883 1023 241 1023 92,True
j0-56,tail-pair-periodic-gated27,4,58,2297075761758359,374 1023 240 1023 1023 1023 107 1023 363 1023 107 1023 248 1023 105 847,374 1023 240 1023 1023 1023 107 1023 363 1023 107 1023 248 1023 105 847,True
j0-56,tail-pair-periodic-gated27,4,59,48920196119039674,888 1023 1023 375 1023 246 1023 95 1023 873 1023 744 1023 360 1023 363,888 1023 1023 375 1023 246 1023 95 1023 873 1023 744 1023 360 1023 363,True
j0-56,tail-pair-periodic-gated27,4,60,36207820670066523,245 1023 375 1023 753 1023 630 1023 247 1023 630 1023 112 1023 17 287,245 1023 375 1023 753 1023 630 1023 247 1023 630 1023 112 1023 17 287,True
j0-56,tail-pair-periodic-gated27,4,61,41139326247205741,242 1023 374 1023 622 1023 888 1023 1023 115 1023 239 1023 1023 2 624,242 1023 374 1023 622 1023 888 1023 1023 115 1023 239 1023 1023 2 624,True
j0-56,tail-pair-periodic-gated27,4,62,21479204752598915,361 1023 110 1023 1023 370 1023 104 1023 744 1023 1023 1023 1023 96,361 1023 110 1023 1023 370 1023 104 1023 744 1023 1023 1023 1023 96,True
j0-56,tail-pair-periodic-gated27,4,63,8835012889707048,7 8 244 1023 1023 798 1023 1023 1023 174 1023 1023 348 1023 1023 232,7 8 244 1023 1023 798 1023 1023 1023 174 1023 1023 348 1023 1023 232,True
j0-56,tail-pair-periodic-canonical,5,0,14712852890719587,373 1023 759 1023 1023 629 1023 755 1023 759 1023 105 1023 1023 105 686,373 1023 759 1023 1023 629 1023 755 1023 759 1023 105 1023 1023 105 686,True
j0-56,tail-pair-periodic-canonical,5,1,86185443071386,376 1023 1023 625 1023 623 1023 369 1023 757 1023 113 1023 1023 95 880,376 1023 1023 625 1023 623 1023 369 1023 757 1023 113 1023 1023 95 880,True
j0-56,tail-pair-periodic-canonical,5,2,24167023265864925,626 1023 631 1023 376 1023 617 1023 360 1023 1023 106 1023 1023 619,626 1023 631 1023 376 1023 617 1023 360 1023 1023 106 1023 1023 619,True
j0-56,tail-pair-periodic-canonical,5,3,36473513584337369,368 1023 1023 351 1023 1023 237 1023 1023 1023 624 1023 372 1023 11 299,368 1023 1023 351 1023 1023 237 1023 1023 1023 624 1023 372 1023 11 299,True
j0-56,tail-pair-periodic-canonical,5,4,15297038975676866,863 1023 621 1023 1023 631 1023 1023 883 1023 367 1023 364 130,863 1023 621 1023 1023 631 1023 1023 883 1023 367 1023 364 130,True
j0-56,tail-pair-periodic-canonical,5,5,40040061407249453,1023 627 1023 244 1023 754 1023 883 1023 626 1023 1023 624 1023 1023 94,1023 627 1023 244 1023 754 1023 883 1023 626 1023 1023 624 1023 1023 94,True
j0-56,tail-pair-periodic-canonical,5,6,347807371886749,630 1023 759 1023 117 1023 755 1023 95 1023 1023 1023 240 1023 5 308,630 1023 759 1023 117 1023 755 1023 95 1023 1023 1023 240 1023 5 308,True
j0-56,tail-pair-periodic-canonical,5,7,42842524226979311,113 1023 113 1023 375 1023 223 1023 618 1023 1023 370 1023 374 1023 226,113 1023 113 1023 375 1023 223 1023 618 1023 1023 370 1023 374 1023 226,True
j0-56,tail-pair-periodic-canonical,5,8,41126568218661285,369 1023 627 1023 239 1023 1023 248 1023 120 1023 1023 246 1023 7 322,369 1023 627 1023 239 1023 1023 248 1023 120 1023 1023 246 1023 7 322,True
j0-56,tail-pair-periodic-canonical,5,9,15360830469091847,118 1023 885 1023 632 1023 760 1023 873 1023 735 1023 1023 1023 0 608,118 1023 885 1023 632 1023 760 1023 873 1023 735 1023 1023 1023 0 608,True
j0-56,tail-pair-periodic-canonical,5,10,5110164881205098,631 1023 881 1023 366 1023 236 1023 1023 118 1023 876 1023 109 1023 1023 748,631 1023 881 1023 366 1023 236 1023 1023 118 1023 876 1023 109 1023 1023 748,True
j0-56,tail-pair-periodic-canonical,5,11,21974578304543024,1023 882 1023 882 1023 365 1023 1023 368 1023 756 1023 1023 234 1023 95 625,1023 882 1023 882 1023 365 1023 1023 368 1023 756 1023 1023 234 1023 95 625,True
j0-56,tail-pair-periodic-canonical,5,12,12157546995472737,239 1023 623 1023 244 1023 753 1023 884 1023 754 1023 629 1023 7 306,239 1023 623 1023 244 1023 753 1023 884 1023 754 1023 629 1023 7 306,True
j0-56,tail-pair-periodic-canonical,5,13,2605090210560746,113 1023 114 1023 883 1023 627 1023 750 1023 1023 246 1023 104 329,113 1023 114 1023 883 1023 627 1023 750 1023 1023 246 1023 104 329,True
j0-56,tail-pair-periodic-canonical,5,14,7852774666283144,119 1023 880 1023 372 1023 1023 628 1023 631 1023 759 1023 233 1023 872,119 1023 880 1023 372 1023 1023 628 1023 631 1023 759 1023 233 1023 872,True
j0-56,tail-pair-periodic-canonical,5,15,49446165054826979,1023 629 1023 873 1023 1023 885 1023 630 1023 630 1023 758 1023 95 83,1023 629 1023 873 1023 1023 885 1023 630 1023 630 1023 758 1023 95 83,True
j0-56,tail-pair-periodic-canonical,5,16,37357024087710192,627 1023 245 1023 371 1023 367 1023 757 1023 755 1023 643 645,627 1023 245 1023 371 1023 367 1023 757 1023 755 1023 643 645,True
j0-56,tail-pair-periodic-canonical,5,17,33558662936565732,370 1023 887 1023 878 1023 863 1023 237 1023 863 1023 232 1023 104 726,370 1023 887 1023 878 1023 863 1023 237 1023 863 1023 232 1023 104 726,True
j0-56,tail-pair-periodic-canonical,5,18,53348452093874447,875 1023 1023 623 1023 626 1023 115 1023 878 1023 1023 1023 1023 23,875 1023 1023 623 1023 626 1023 115 1023 878 1023 1023 1023 1023 23,True
j0-56,tail-pair-periodic-canonical,5,19,14440280221898547,374 1023 1023 232 1023 1023 625 1023 883 1023 760 1023 363 1023 1023 95 724,374 1023 1023 232 1023 1023 625 1023 883 1023 760 1023 363 1023 1023 95 724,True
j0-56,tail-pair-periodic-canonical,5,20,4343633471766696,753 1023 370 1023 374 1023 115 1023 735 1023 376 1023 361 1023 105 730,753 1023 370 1023 374 1023 115 1023 735 1023 376 1023 361 1023 105 730,True
j0-56,tail-pair-periodic-canonical,5,21,2289485552836269,110 1023 1023 364 1023 104 1023 747 1023 120 1023 746 1023 108 663,110 1023 1023 364 1023 104 1023 747 1023 120 1023 746 1023 108 663,True
j0-56,tail-pair-periodic-canonical,5,22,43347043412485656,364 1023 1023 627 1023 757 1023 749 1023 1023 118 1023 362 1023 1023 366,364 1023 1023 627 1023 757 1023 749 1023 1023 118 1023 362 1023 1023 366,True
j0-56,tail-pair-periodic-canonical,5,23,23613237200534305,747 1023 1023 368 1023 748 1023 351 1023 746 1023 617 1023 1023 1023 99,747 1023 1023 368 1023 748 1023 351 1023 746 1023 617 1023 1023 1023 99,True
j0-56,tail-pair-periodic-canonical,5,24,20361510340467997,244 1023 884 1023 755 1023 883 1023 1023 117 1023 627 1023 881 1023 853,244 1023 884 1023 755 1023 883 1023 1023 117 1023 627 1023 881 1023 853,True
j0-56,tail-pair-periodic-canonical,5,25,22576046000801344,244 1023 1023 631 1023 629 1023 747 1023 248 1023 607 1023 1023 95 93,244 1023 1023 631 1023 629 1023 747 1023 248 1023 607 1023 1023 95 93,True
j0-56,tail-pair-periodic-canonical,5,26,2404545909424945,374 1023 374 1023 116 1023 244 1023 368 1023 371 1023 240 1023 1 333,374 1023 374 1023 116 1023 244 1023 368 1023 371 1023 240 1023 1 333,True
j0-56,tail-pair-periodic-canonical,5,27,3963092549462106,886 1023 873 1023 1023 105 1023 619 1023 1023 749 1023 104 1023 831,886 1023 873 1023 1023 105 1023 619 1023 1023 749 1023 104 1023 831,True
j0-56,tail-pair-periodic-canonical,5,28,37877735457724982,370 1023 233 1023 875 1023 1023 887 1023 365 1023 1023 750 1023 1023 363,370 1023 233 1023 875 1023 1023 887 1023 365 1023 1023 750 1023 1023 363,True
j0-56,tail-pair-periodic-canonical,5,29,19735585380620550,1023 240 1023 104 1023 878 1023 619 1023 236 1023 234 1023 1023 106 239,1023 240 1023 104 1023 878 1023 619 1023 236 1023 234 1023 1023 106 239,True
j0-56,tail-pair-periodic-canonical,5,30,15596488550355484,753 1023 744 1023 106 1023 95 1023 107 1023 234 1023 1023 368 1023 630,753 1023 744 1023 106 1023 95 1023 107 1023 234 1023 1023 368 1023 630,True
j0-56,tail-pair-periodic-canonical,5,31,45737522166239828,240 1023 374 1023 625 1023 754 1023 247 1023 246 1023 370 1023 11 300,240 1023 374 1023 625 1023 754 1023 247 1023 246 1023 370 1023 11 300,True
j0-56,tail-pair-periodic-canonical,5,32,21725625226507985,879 1023 365 1023 108 1023 1023 115 1023 617 1023 120 1023 760 133,879 1023 365 1023 108 1023 1023 115 1023 617 1023 120 1023 760 133,True
j0-56,tail-pair-periodic-canonical,5,33,5827117012307443,371 1023 113 1023 1023 625 1023 744 1023 1023 247 1023 367 1023 8 320,371 1023 113 1023 1023 625 1023 744 1023 1023 247 1023 367 1023 8 320,True
j0-56,tail-pair-periodic-canonical,5,34,27753693076192305,233 1023 746 1023 1023 882 1023 879 1023 246 1023 628 1023 8 46,233 1023 746 1023 1023 882 1023 879 1023 246 1023 628 1023 8 46,True
j0-56,tail-pair-periodic-canonical,5,35,48491030104225512,756 1023 616 1023 874 1023 364 1023 104 1023 1023 1023 754 1023 7 760,756 1023 616 1023 874 1023 364 1023 104 1023 1023 1023 754 1023 7 760,True
j0-56,tail-pair-periodic-canonical,5,36,2466566005939847,1023 886 1023 626 1023 752 1023 759 1023 242 1023 746 1023 1023 105 736,1023 886 1023 626 1023 752 1023 759 1023 242 1023 746 1023 1023 105 736,True
j0-56,tail-pair-periodic-canonical,5,37,22164381291132111,239 1023 752 1023 883 1023 240 1023 874 1023 873 1023 364 1023 107 697,239 1023 752 1023 883 1023 240 1023 874 1023 873 1023 364 1023 107 697,True
j0-56,tail-pair-periodic-canonical,5,38,6193173716552925,883 1023 111 1023 880 1023 628 1023 755 1023 1023 1023 887 1023 95 331,883 1023 111 1023 880 1023 628 1023 755 1023 1023 1023 887 1023 95 331,True
j0-56,tail-pair-periodic-canonical,5,39,16301692173651156,886 1023 370 1023 882 1023 758 1023 106 1023 1023 1023 885 1023 837,886 1023 370 1023 882 1023 758 1023 106 1023 1023 1023 885 1023 837,True
j0-56,tail-pair-periodic-canonical,5,40,44061589616617260,362 1023 1023 885 1023 607 1023 875 1023 105 1023 104 1023 1023 104 723,362 1023 1023 885 1023 607 1023 875 1023 105 1023 104 1023 1023 104 723,True
j0-56,tail-pair-periodic-canonical,5,41,44851926300217585,375 1023 366 1023 365 1023 1023 111 1023 631 1023 248 1023 233 1023 618,375 1023 366 1023 365 1023 1023 111 1023 631 1023 248 1023 233 1023 618,True
j0-56,tail-pair-periodic-canonical,5,42,10825880561680864,877 1023 360 1023 1023 243 1023 746 1023 1023 881 1023 364 1023 104 355,877 1023 360 1023 1023 243 1023 746 1023 1023 881 1023 364 1023 104 355,True
j0-56,tail-pair-periodic-canonical,5,43,16770874288474995,759 1023 239 1023 886 1023 872 1023 1023 1023 223 1023 248 1023 106 78,759 1023 239 1023 886 1023 872 1023 1023 1023 223 1023 248 1023 106 78,True
j0-56,tail-pair-periodic-canonical,5,44,13648823969634602,884 1023 371 1023 368 1023 759 1023 756 1023 755 1023 1023 233 1023 619,884 1023 371 1023 368 1023 759 1023 756 1023 755 1023 1023 233 1023 619,True
j0-56,tail-pair-periodic-canonical,5,45,2099270601302299,1023 759 1023 245 1023 120 1023 1023 376 1023 1023 746 1023 1023 324,1023 759 1023 245 1023 120 1023 1023 376 1023 1023 746 1023 1023 324,True
j0-56,tail-pair-periodic-canonical,5,46,33488315806424401,753 1023 880 1023 373 1023 887 1023 363 1023 1023 371 1023 239 1023 83,753 1023 880 1023 373 1023 887 1023 363 1023 1023 371 1023 239 1023 83,True
j0-56,tail-pair-periodic-canonical,5,47,52520890968830613,885 1023 239 1023 630 1023 104 1023 1023 1023 240 1023 1023 623 1023 1023 364,885 1023 239 1023 630 1023 104 1023 1023 1023 240 1023 1023 623 1023 1023 364,True
j0-56,tail-pair-periodic-canonical,5,48,28088750080839629,116 1023 760 1023 1023 880 1023 235 1023 1023 368 1023 875 1023 1023 219,116 1023 760 1023 1023 880 1023 235 1023 1023 368 1023 875 1023 1023 219,True
j0-56,tail-pair-periodic-canonical,5,49,51358775246187337,365 1023 366 1023 1023 875 1023 351 1023 616 1023 875 1023 106 1023 360,365 1023 366 1023 1023 875 1023 351 1023 616 1023 875 1023 106 1023 360,True
j0-56,tail-pair-periodic-canonical,5,50,3663677493970557,109 1023 107 1023 351 1023 735 1023 364 1023 1023 884 1023 880 1023 95 621,109 1023 107 1023 351 1023 735 1023 364 1023 1023 884 1023 880 1023 95 621,True
j0-56,tail-pair-periodic-canonical,5,51,7277090492919298,111 1023 630 1023 883 1023 879 1023 114 1023 753 1023 242 1023 3 277,111 1023 630 1023 883 1023 879 1023 114 1023 753 1023 242 1023 3 277,True
j0-56,tail-pair-periodic-canonical,5,52,32626076066199297,880 1023 1023 627 1023 863 1023 877 1023 1023 234 1023 1023 129 529,880 1023 1023 627 1023 863 1023 877 1023 1023 234 1023 1023 129 529,True
j0-56,tail-pair-periodic-canonical,5,53,51958069601762693,351 1023 1023 875 1023 1023 883 1023 877 1023 747 1023 107 1023 104 711,351 1023 1023 875 1023 1023 883 1023 877 1023 747 1023 107 1023 104 711,True
j0-56,tail-pair-periodic-canonical,5,54,33866408604925203,241 1023 237 1023 1023 369 1023 360 1023 748 1023 750 1023 1023 304,241 1023 237 1023 1023 369 1023 360 1023 748 1023 750 1023 1023 304,True
j0-56,tail-pair-periodic-canonical,5,55,16539857978260292,623 1023 364 1023 617 1023 1023 240 1023 630 1023 626 1023 376 1023 106 370,623 1023 364 1023 617 1023 1023 240 1023 630 1023 626 1023 376 1023 106 370,True
j0-56,tail-pair-periodic-canonical,5,56,49504197606751941,351 1023 1023 242 1023 1023 617 1023 618 1023 1023 877 1023 1023 104 629,351 1023 1023 242 1023 1023 617 1023 618 1023 1023 877 1023 1023 104 629,True
j0-56,tail-pair-periodic-canonical,5,57,39260096142379213,366 1023 1023 246 1023 109 1023 235 1023 622 1023 1023 758 1023 95 242,366 1023 1023 246 1023 109 1023 235 1023 622 1023 1023 758 1023 95 242,True
j0-56,tail-pair-periodic-canonical,5,58,17502423638487306,876 1023 863 1023 360 1023 632 1023 235 1023 1023 373 1023 3 578,876 1023 863 1023 360 1023 632 1023 235 1023 1023 373 1023 3 578,True
j0-56,tail-pair-periodic-canonical,5,59,7463036146762479,244 1023 245 1023 1023 886 1023 887 1023 370 1023 747 1023 248 1023 875,244 1023 245 1023 1023 886 1023 887 1023 370 1023 747 1023 248 1023 875,True
j0-56,tail-pair-periodic-canonical,5,60,46873625848703724,235 1023 1023 1023 119 1023 631 1023 247 1023 240 1023 887 1023 1 376,235 1023 1023 1023 119 1023 631 1023 247 1023 240 1023 887 1023 1 376,True
j0-56,tail-pair-periodic-canonical,5,61,11171390353239994,757 1023 631 1023 1023 622 1023 1023 618 1023 748 1023 632 1023 105 101,757 1023 631 1023 1023 622 1023 1023 618 1023 748 1023 632 1023 105 101,True
j0-56,tail-pair-periodic-canonical,5,62,28165205739089412,115 1023 631 1023 374 1023 245 1023 241 1023 747 1023 617 1023 104 312,115 1023 631 1023 374 1023 245 1023 241 1023 747 1023 617 1023 104 312,True
j0-56,tail-pair-periodic-canonical,5,63,47590134780301133,630 1023 233 1023 1023 240 1023 882 1023 1023 759 1023 1023 885 1023 220,630 1023 233 1023 1023 240 1023 882 1023 1023 759 1023 1023 885 1023 220,True
j0-56,tail-pair-periodic-gated27,5,0,14712852890719587,373 1023 759 1023 1023 629 1023 755 1023 759 1023 105 1023 1023 105 686,373 1023 759 1023 1023 629 1023 755 1023 759 1023 105 1023 1023 105 686,True
j0-56,tail-pair-periodic-gated27,5,1,86185443071386,376 1023 1023 855 1023 1023 731 1023 1023 358 1023 1023 295 1023 1023 229,376 1023 1023 855 1023 1023 731 1023 1023 358 1023 1023 295 1023 1023 229,True
j0-56,tail-pair-periodic-gated27,5,2,24167023265864925,626 1023 631 1023 376 1023 617 1023 360 1023 1023 106 1023 1023 619,626 1023 631 1023 376 1023 617 1023 360 1023 1023 106 1023 1023 619,True
j0-56,tail-pair-periodic-gated27,5,3,36473513584337369,368 1023 1023 351 1023 1023 237 1023 1023 1023 624 1023 372 1023 11 299,368 1023 1023 351 1023 1023 237 1023 1023 1023 624 1023 372 1023 11 299,True
j0-56,tail-pair-periodic-gated27,5,4,15297038975676866,863 1023 621 1023 1023 631 1023 1023 883 1023 367 1023 364 130,863 1023 621 1023 1023 631 1023 1023 883 1023 367 1023 364 130,True
j0-56,tail-pair-periodic-gated27,5,5,40040061407249453,1023 850 1023 1023 7 317 1023 1023 806 1023 1023 243 1023 1023 1023 94,1023 850 1023 1023 7 317 1023 1023 806 1023 1023 243 1023 1023 1023 94,True
j0-56,tail-pair-periodic-gated27,5,6,347807371886749,630 1023 759 1023 117 1023 755 1023 95 1023 1023 1023 240 1023 5 308,630 1023 759 1023 117 1023 755 1023 95 1023 1023 1023 240 1023 5 308,True
j0-56,tail-pair-periodic-gated27,5,7,42842524226979311,113 1023 113 1023 375 1023 223 1023 618 1023 1023 370 1023 374 1023 226,113 1023 113 1023 375 1023 223 1023 618 1023 1023 370 1023 374 1023 226,True
j0-56,tail-pair-periodic-gated27,5,8,41126568218661285,369 1023 627 1023 239 1023 1023 248 1023 120 1023 1023 246 1023 7 322,369 1023 627 1023 239 1023 1023 248 1023 120 1023 1023 246 1023 7 322,True
j0-56,tail-pair-periodic-gated27,5,9,15360830469091847,118 1023 885 1023 632 1023 760 1023 873 1023 735 1023 1023 1023 0 608,118 1023 885 1023 632 1023 760 1023 873 1023 735 1023 1023 1023 0 608,True
j0-56,tail-pair-periodic-gated27,5,10,5110164881205098,681 1023 1023 4 856 1023 1023 1023 1023 350 1023 1023 4 244 1023 1023 748,681 1023 1023 4 856 1023 1023 1023 1023 350 1023 1023 4 244 1023 1023 748,True
j0-56,tail-pair-periodic-gated27,5,11,21974578304543024,1023 882 1023 882 1023 365 1023 1023 368 1023 756 1023 1023 234 1023 95 625,1023 882 1023 882 1023 365 1023 1023 368 1023 756 1023 1023 234 1023 95 625,True
j0-56,tail-pair-periodic-gated27,5,12,12157546995472737,239 1023 623 1023 244 1023 753 1023 884 1023 754 1023 629 1023 7 306,239 1023 623 1023 244 1023 753 1023 884 1023 754 1023 629 1023 7 306,True
j0-56,tail-pair-periodic-gated27,5,13,2605090210560746,180 1023 1023 872 1023 1023 8 852 1023 1023 829 1023 1023 1 281,180 1023 1023 872 1023 1023 8 852 1023 1023 829 1023 1023 1 281,True
j0-56,tail-pair-periodic-gated27,5,14,7852774666283144,119 1023 880 1023 372 1023 1023 628 1023 631 1023 759 1023 233 1023 872,119 1023 880 1023 372 1023 1023 628 1023 631 1023 759 1023 233 1023 872,True
j0-56,tail-pair-periodic-gated27,5,15,49446165054826979,1023 629 1023 873 1023 1023 885 1023 630 1023 630 1023 758 1023 95 83,1023 629 1023 873 1023 1023 885 1023 630 1023 630 1023 758 1023 95 83,True
j0-56,tail-pair-periodic-gated27,5,16,37357024087710192,627 1023 245 1023 371 1023 367 1023 757 1023 755 1023 643 645,627 1023 245 1023 371 1023 367 1023 757 1023 755 1023 643 645,True
j0-56,tail-pair-periodic-gated27,5,17,33558662936565732,16 3 93 1023 1023 104 104 12 201 1023 1023 343 1023 1023 534,16 3 93 1023 1023 104 104 12 201 1023 1023 343 1023 1023 534,True
j0-56,tail-pair-periodic-gated27,5,18,53348452093874447,875 1023 1023 623 1023 626 1023 115 1023 878 1023 1023 1023 1023 23,875 1023 1023 623 1023 626 1023 115 1023 878 1023 1023 1023 1023 23,True
j0-56,tail-pair-periodic-gated27,5,19,14440280221898547,374 1023 1023 232 1023 1023 625 1023 883 1023 760 1023 363 1023 1023 95 724,374 1023 1023 232 1023 1023 625 1023 883 1023 760 1023 363 1023 1023 95 724,True
j0-56,tail-pair-periodic-gated27,5,20,4343633471766696,753 1023 370 1023 374 1023 115 1023 735 1023 376 1023 361 1023 105 730,753 1023 370 1023 374 1023 115 1023 735 1023 376 1023 361 1023 105 730,True
j0-56,tail-pair-periodic-gated27,5,21,2289485552836269,110 1023 1023 364 1023 104 1023 747 1023 120 1023 746 1023 108 663,110 1023 1023 364 1023 104 1023 747 1023 120 1023 746 1023 108 663,True
j0-56,tail-pair-periodic-gated27,5,22,43347043412485656,364 1023 1023 627 1023 757 1023 749 1023 1023 118 1023 362 1023 1023 366,364 1023 1023 627 1023 757 1023 749 1023 1023 118 1023 362 1023 1023 366,True
j0-56,tail-pair-periodic-gated27,5,23,23613237200534305,747 1023 1023 673 1023 1023 1023 95 835 1023 1023 335 1023 1023 1023 99,747 1023 1023 673 1023 1023 1023 95 835 1023 1023 335 1023 1023 1023 99,True
j0-56,tail-pair-periodic-gated27,5,24,20361510340467997,244 1023 884 1023 755 1023 883 1023 1023 117 1023 627 1023 881 1023 853,244 1023 884 1023 755 1023 883 1023 1023 117 1023 627 1023 881 1023 853,True
j0-56,tail-pair-periodic-gated27,5,25,22576046000801344,244 1023 1023 631 1023 629 1023 747 1023 248 1023 607 1023 1023 95 93,244 1023 1023 631 1023 629 1023 747 1023 248 1023 607 1023 1023 95 93,True
j0-56,tail-pair-periodic-gated27,5,26,2404545909424945,359 1023 1023 293 1023 1023 104 728 1023 1023 210 1023 1023 1023 1 333,359 1023 1023 293 1023 1023 104 728 1023 1023 210 1023 1023 1023 1 333,True
j0-56,tail-pair-periodic-gated27,5,27,3963092549462106,886 1023 873 1023 1023 105 1023 619 1023 1023 749 1023 104 1023 831,886 1023 873 1023 1023 105 1023 619 1023 1023 749 1023 104 1023 831,True
j0-56,tail-pair-periodic-gated27,5,28,37877735457724982,370 1023 233 1023 875 1023 1023 887 1023 365 1023 1023 750 1023 1023 363,370 1023 233 1023 875 1023 1023 887 1023 365 1023 1023 750 1023 1023 363,True
j0-56,tail-pair-periodic-gated27,5,29,19735585380620550,1023 240 1023 104 1023 878 1023 619 1023 236 1023 234 1023 1023 106 239,1023 240 1023 104 1023 878 1023 619 1023 236 1023 234 1023 1023 106 239,True
j0-56,tail-pair-periodic-gated27,5,30,15596488550355484,753 1023 744 1023 106 1023 95 1023 107 1023 234 1023 1023 368 1023 630,753 1023 744 1023 106 1023 95 1023 107 1023 234 1023 1023 368 1023 630,True
j0-56,tail-pair-periodic-gated27,5,31,45737522166239828,240 1023 374 1023 625 1023 754 1023 247 1023 246 1023 370 1023 11 300,240 1023 374 1023 625 1023 754 1023 247 1023 246 1023 370 1023 11 300,True
j0-56,tail-pair-periodic-gated27,5,32,21725625226507985,656 1023 1023 99 1023 1023 1023 7 317 1023 1023 4 861 1023 1023 235,656 1023 1023 99 1023 1023 1023 7 317 1023 1023 4 861 1023 1023 235,True
j0-56,tail-pair-periodic-gated27,5,33,5827117012307443,371 1023 113 1023 1023 625 1023 744 1023 1023 247 1023 367 1023 8 320,371 1023 113 1023 1023 625 1023 744 1023 1023 247 1023 367 1023 8 320,True
j0-56,tail-pair-periodic-gated27,5,34,27753693076192305,233 1023 746 1023 1023 882 1023 879 1023 246 1023 628 1023 8 46,233 1023 746 1023 1023 882 1023 879 1023 246 1023 628 1023 8 46,True
j0-56,tail-pair-periodic-gated27,5,35,48491030104225512,686 1023 1023 1023 8 316 1023 1023 104 1023 1023 1023 608 1023 1023 104 243,686 1023 1023 1023 8 316 1023 1023 104 1023 1023 1023 608 1023 1023 104 243,True
j0-56,tail-pair-periodic-gated27,5,36,2466566005939847,1023 353 1023 1023 248 1023 1023 356 1023 1023 95 7 11 9 289,1023 353 1023 1023 248 1023 1023 356 1023 1023 95 7 11 9 289,True
j0-56,tail-pair-periodic-gated27,5,37,22164381291132111,8 626 1023 1023 195 1023 1023 1023 95 237 1023 1023 8 883 1023 1023 365,8 626 1023 1023 195 1023 1023 1023 95 237 1023 1023 8 883 1023 1023 365,True
j0-56,tail-pair-periodic-gated27,5,38,6193173716552925,321 1023 1023 115 1023 1023 226 1023 1023 112 1023 1023 283 1023 1023 339,321 1023 1023 115 1023 1023 226 1023 1023 112 1023 1023 283 1023 1023 339,True
j0-56,tail-pair-periodic-gated27,5,39,16301692173651156,886 1023 370 1023 882 1023 758 1023 106 1023 1023 1023 885 1023 837,886 1023 370 1023 882 1023 758 1023 106 1023 1023 1023 885 1023 837,True
j0-56,tail-pair-periodic-gated27,5,40,44061589616617260,362 1023 1023 4 680 1023 1023 317 1023 1023 218 1023 1023 754 1023 1023 371,362 1023 1023 4 680 1023 1023 317 1023 1023 218 1023 1023 754 1023 1023 371,True
j0-56,tail-pair-periodic-gated27,5,41,44851926300217585,795 1023 1023 717 1023 1023 1023 3 846 1023 1023 657 1023 1023 544,795 1023 1023 717 1023 1023 1023 3 846 1023 1023 657 1023 1023 544,True
j0-56,tail-pair-periodic-gated27,5,42,10825880561680864,877 1023 360 1023 1023 243 1023 746 1023 1023 881 1023 364 1023 104 355,877 1023 360 1023 1023 243 1023 746 1023 1023 881 1023 364 1023 104 355,True
j0-56,tail-pair-periodic-gated27,5,43,16770874288474995,759 1023 239 1023 886 1023 872 1023 1023 1023 223 1023 248 1023 106 78,759 1023 239 1023 886 1023 872 1023 1023 1023 223 1023 248 1023 106 78,True
j0-56,tail-pair-periodic-gated27,5,44,13648823969634602,853 1023 1023 879 1023 1023 356 1023 1023 98 1023 1023 1023 95 0 299,853 1023 1023 879 1023 1023 356 1023 1023 98 1023 1023 1023 95 0 299,True
j0-56,tail-pair-periodic-gated27,5,45,2099270601302299,1023 759 1023 245 1023 120 1023 1023 376 1023 1023 746 1023 1023 324,1023 759 1023 245 1023 120 1023 1023 376 1023 1023 746 1023 1023 324,True
j0-56,tail-pair-periodic-gated27,5,46,33488315806424401,753 1023 880 1023 373 1023 887 1023 363 1023 1023 371 1023 239 1023 83,753 1023 880 1023 373 1023 887 1023 363 1023 1023 371 1023 239 1023 83,True
j0-56,tail-pair-periodic-gated27,5,47,52520890968830613,102 1023 1023 658 1023 1023 851 1023 1023 1023 240 1023 1023 623 1023 1023 364,102 1023 1023 658 1023 1023 851 1023 1023 1023 240 1023 1023 623 1023 1023 364,True
j0-56,tail-pair-periodic-gated27,5,48,28088750080839629,318 1023 1023 856 1023 1023 1023 235 1023 1023 807 1023 1023 3 45,318 1023 1023 856 1023 1023 1023 235 1023 1023 807 1023 1023 3 45,True
j0-56,tail-pair-periodic-gated27,5,49,51358775246187337,365 1023 366 1023 1023 875 1023 351 1023 616 1023 875 1023 106 1023 360,365 1023 366 1023 1023 875 1023 351 1023 616 1023 875 1023 106 1023 360,True
j0-56,tail-pair-periodic-gated27,5,50,3663677493970557,95 7 673 1023 1023 821 1023 1023 752 1023 1023 853 1023 1023 1023 95 621,95 7 673 1023 1023 821 1023 1023 752 1023 1023 853 1023 1023 1023 95 621,True
j0-56,tail-pair-periodic-gated27,5,51,7277090492919298,217 1023 1023 114 1023 1023 220 1023 1023 105 341 1023 1023 95 109 710,217 1023 1023 114 1023 1023 220 1023 1023 105 341 1023 1023 95 109 710,True
j0-56,tail-pair-periodic-gated27,5,52,32626076066199297,880 1023 1023 627 1023 863 1023 877 1023 1023 234 1023 1023 129 529,880 1023 1023 627 1023 863 1023 877 1023 1023 234 1023 1023 129 529,True
j0-56,tail-pair-periodic-gated27,5,53,51958069601762693,351 1023 1023 875 1023 1023 883 1023 877 1023 747 1023 107 1023 104 711,351 1023 1023 875 1023 1023 883 1023 877 1023 747 1023 107 1023 104 711,True
j0-56,tail-pair-periodic-gated27,5,54,33866408604925203,241 1023 237 1023 1023 369 1023 360 1023 748 1023 750 1023 1023 304,241 1023 237 1023 1023 369 1023 360 1023 748 1023 750 1023 1023 304,True
j0-56,tail-pair-periodic-gated27,5,55,16539857978260292,2 316 1023 1023 617 1023 1023 207 1023 1023 1 114 1023 1023 95 674,2 316 1023 1023 617 1023 1023 207 1023 1023 1 114 1023 1023 95 674,True
j0-56,tail-pair-periodic-gated27,5,56,49504197606751941,351 1023 1023 242 1023 1023 617 1023 618 1023 1023 877 1023 1023 104 629,351 1023 1023 242 1023 1023 617 1023 618 1023 1023 877 1023 1023 104 629,True
j0-56,tail-pair-periodic-gated27,5,57,39260096142379213,366 1023 1023 94 1023 1023 337 1023 1023 726 1023 1023 156 1023 1023 599,366 1023 1023 94 1023 1023 337 1023 1023 726 1023 1023 156 1023 1023 599,True
j0-56,tail-pair-periodic-gated27,5,58,17502423638487306,876 1023 863 1023 360 1023 632 1023 235 1023 1023 373 1023 3 578,876 1023 863 1023 360 1023 632 1023 235 1023 1023 373 1023 3 578,True
j0-56,tail-pair-periodic-gated27,5,59,7463036146762479,244 1023 245 1023 1023 886 1023 887 1023 370 1023 747 1023 248 1023 875,244 1023 245 1023 1023 886 1023 887 1023 370 1023 747 1023 248 1023 875,True
j0-56,tail-pair-periodic-gated27,5,60,46873625848703724,235 1023 1023 1023 8 847 1023 1023 1023 751 1023 1023 657 1023 1023 837,235 1023 1023 1023 8 847 1023 1023 1023 751 1023 1023 657 1023 1023 837,True
j0-56,tail-pair-periodic-gated27,5,61,11171390353239994,227 1023 1023 673 1023 1023 656 1023 1023 734 1023 1023 95 9 33,227 1023 1023 673 1023 1023 656 1023 1023 734 1023 1023 95 9 33,True
j0-56,tail-pair-periodic-gated27,5,62,28165205739089412,7 846 1023 1023 111 1023 1023 105 837 1023 1023 625 1023 1023 17 282,7 846 1023 1023 111 1023 1023 105 837 1023 1023 625 1023 1023 17 282,True
j0-56,tail-pair-periodic-gated27,5,63,47590134780301133,630 1023 233 1023 1023 240 1023 882 1023 1023 759 1023 1023 885 1023 220,630 1023 233 1023 1023 240 1023 882 1023 1023 759 1023 1023 885 1023 220,True
j0-56,tail-pair-periodic-canonical,6,0,53511818396363989,1023 629 1023 1023 116 1023 749 1023 748 1023 1023 118 1023 21 526,1023 629 1023 1023 116 1023 749 1023 748 1023 1023 118 1023 21 526,True
j0-56,tail-pair-periodic-canonical,6,1,45778785334932245,1023 1023 751 1023 242 1023 630 1023 882 1023 628 1023 1023 68,1023 1023 751 1023 242 1023 630 1023 882 1023 628 1023 1023 68,True
j0-56,tail-pair-periodic-canonical,6,2,47344415776237465,111 1023 875 1023 1023 887 1023 107 1023 233 1023 888 1023 872 1023 104 742,111 1023 875 1023 1023 887 1023 107 1023 233 1023 888 1023 872 1023 104 742,True
j0-56,tail-pair-periodic-canonical,6,3,41408371279667461,111 1023 372 1023 623 1023 745 1023 1023 242 1023 372 1023 376 1023 622,111 1023 372 1023 623 1023 745 1023 1023 242 1023 372 1023 376 1023 622,True
j0-56,tail-pair-periodic-canonical,6,4,25809528109918101,630 1023 885 1023 872 1023 745 1023 620 1023 364 1023 622 1023 838,630 1023 885 1023 872 1023 745 1023 620 1023 364 1023 622 1023 838,True
j0-56,tail-pair-periodic-canonical,6,5,39347189923989050,882 1023 621 1023 1023 879 1023 872 1023 746 1023 360 1023 750 1023 1023 239,882 1023 621 1023 1023 879 1023 872 1023 746 1023 360 1023 750 1023 1023 239,True
j0-56,tail-pair-periodic-canonical,6,6,46023179842791818,624 1023 1023 120 1023 351 1023 1023 243 1023 626 1023 107 1023 106 710,624 1023 1023 120 1023 351 1023 1023 243 1023 626 1023 107 1023 106 710,True
j0-56,tail-pair-periodic-canonical,6,7,45716336766740361,1023 746 1023 106 1023 1023 113 1023 759 1023 1023 752 1023 373 1023 116,1023 746 1023 106 1023 1023 113 1023 759 1023 1023 752 1023 373 1023 116,True
j0-56,tail-pair-periodic-canonical,6,8,18747877177158442,619 1023 878 1023 233 1023 376 1023 363 1023 877 1023 622 1023 1023 881,619 1023 878 1023 233 1023 376 1023 363 1023 877 1023 622 1023 1023 881,True
j0-56,tail-pair-periodic-canonical,6,9,1327021515315843,625 1023 751 1023 631 1023 1023 881 1023 1023 626 1023 363 1023 1023 225,625 1023 751 1023 631 1023 1023 881 1023 1023 626 1023 363 1023 1023 225,True
j0-56,tail-pair-periodic-canonical,6,10,48063491925843158,247 1023 752 1023 111 1023 243 1023 755 1023 882 1023 753 1023 104 630,247 1023 752 1023 111 1023 243 1023 755 1023 882 1023 753 1023 104 630,True
j0-56,tail-pair-periodic-canonical,6,11,39000888857311363,351 1023 233 1023 863 1023 1023 883 1023 887 1023 245 1023 1023 1023 697,351 1023 233 1023 863 1023 1023 883 1023 887 1023 245 1023 1023 1023 697,True
j0-56,tail-pair-periodic-canonical,6,12,29019488534640633,756 1023 880 1023 114 1023 239 1023 239 1023 242 1023 119 1023 95 91,756 1023 880 1023 114 1023 239 1023 239 1023 242 1023 119 1023 95 91,True
j0-56,tail-pair-periodic-canonical,6,13,19760759989128933,626 1023 245 1023 876 1023 872 1023 616 1023 376 1023 874 1023 104 88,626 1023 245 1023 876 1023 872 1023 616 1023 376 1023 874 1023 104 88,True
j0-56,tail-pair-periodic-canonical,6,14,13260655280268740,248 1023 620 1023 744 1023 876 1023 877 1023 876 1023 1023 374 1023 324,248 1023 620 1023 744 1023 876 1023 877 1023 876 1023 1023 374 1023 324,True
j0-56,tail-pair-periodic-canonical,6,15,973739301962702,108 1023 1023 881 1023 241 1023 368 1023 244 1023 880 1023 241 1023 885,108 1023 1023 881 1023 241 1023 368 1023 244 1023 880 1023 241 1023 885,True
j0-56,tail-pair-periodic-canonical,6,16,27166626599777270,1023 115 1023 624 1023 111 1023 757 1023 367 1023 757 1023 747 1023 1023 243,1023 115 1023 624 1023 111 1023 757 1023 367 1023 757 1023 747 1023 1023 243,True
j0-56,tail-pair-periodic-canonical,6,17,41597881535605667,243 1023 607 1023 1023 243 1023 753 1023 375 1023 883 1023 112 1023 357,243 1023 607 1023 1023 243 1023 753 1023 375 1023 883 1023 112 1023 357,True
j0-56,tail-pair-periodic-canonical,6,18,33260741458299499,627 1023 373 1023 887 1023 749 1023 376 1023 620 1023 363 1023 1023 230,627 1023 373 1023 887 1023 749 1023 376 1023 620 1023 363 1023 1023 230,True
j0-56,tail-pair-periodic-canonical,6,19,1420064900736397,878 1023 1023 626 1023 107 1023 1023 751 1023 239 1023 246 1023 95 693,878 1023 1023 626 1023 107 1023 1023 751 1023 239 1023 246 1023 95 693,True
j0-56,tail-pair-periodic-canonical,6,20,10025357717235029,242 1023 760 1023 234 1023 95 1023 872 1023 616 1023 760 1023 104 340,242 1023 760 1023 234 1023 95 1023 872 1023 616 1023 760 1023 104 340,True
j0-56,tail-pair-periodic-canonical,6,21,32685019365196425,233 1023 874 1023 747 1023 1023 881 1023 878 1023 1023 247 1023 104 352,233 1023 874 1023 747 1023 1023 881 1023 878 1023 1023 247 1023 104 352,True
j0-56,tail-pair-periodic-canonical,6,22,19885871635516095,758 1023 879 1023 240 1023 375 1023 882 1023 756 1023 113 1023 7 332,758 1023 879 1023 240 1023 375 1023 882 1023 756 1023 113 1023 7 332,True
j0-56,tail-pair-periodic-canonical,6,23,24122860863976990,118 1023 367 1023 627 1023 112 1023 367 1023 238 1023 748 1023 95 63,118 1023 367 1023 627 1023 112 1023 367 1023 238 1023 748 1023 95 63,True
j0-56,tail-pair-periodic-canonical,6,24,14554518508007560,751 1023 888 1023 760 1023 236 1023 1023 115 1023 239 1023 372 1023 1023 881,751 1023 888 1023 760 1023 236 1023 1023 115 1023 239 1023 372 1023 1023 881,True
j0-56,tail-pair-periodic-canonical,6,25,30012608428496110,632 1023 1023 629 1023 882 1023 619 1023 1023 371 1023 628 1023 8 752,632 1023 1023 629 1023 882 1023 619 1023 1023 371 1023 628 1023 8 752,True
j0-56,tail-pair-periodic-canonical,6,26,53412111662456522,109 1023 1023 112 1023 887 1023 108 1023 364 1023 104 1023 1023 736,109 1023 1023 112 1023 887 1023 108 1023 364 1023 104 1023 1023 736,True
j0-56,tail-pair-periodic-canonical,6,27,4316891510654245,629 1023 111 1023 878 1023 872 1023 1023 242 1023 366 1023 746 1023 376,629 1023 111 1023 878 1023 872 1023 1023 242 1023 366 1023 746 1023 376,True
j0-56,tail-pair-periodic-canonical,6,28,30109458974712091,247 1023 240 1023 239 1023 630 1023 746 1023 744 1023 104 1023 106 78,247 1023 240 1023 239 1023 630 1023 746 1023 744 1023 104 1023 106 78,True
j0-56,tail-pair-periodic-canonical,6,29,12775372795566764,630 1023 626 1023 119 1023 625 1023 1023 623 1023 119 1023 1023 297,630 1023 626 1023 119 1023 625 1023 1023 623 1023 119 1023 1023 297,True
j0-56,tail-pair-periodic-canonical,6,30,18388943614824595,1023 115 1023 244 1023 1023 1023 1023 115 1023 885 1023 735 1023 95 104,1023 115 1023 244 1023 1023 1023 1023 115 1023 885 1023 735 1023 95 104,True
j0-56,tail-pair-periodic-canonical,6,31,44360455501304555,627 1023 112 1023 625 1023 239 1023 1023 746 1023 376 1023 1023 3 115,627 1023 112 1023 625 1023 239 1023 1023 746 1023 376 1023 1023 3 115,True
j0-56,tail-pair-periodic-canonical,6,32,45317723672547655,112 1023 752 1023 370 1023 361 1023 105 1023 1023 246 1023 105 1023 110,112 1023 752 1023 370 1023 361 1023 105 1023 1023 246 1023 105 1023 110,True
j0-56,tail-pair-periodic-canonical,6,33,30073257139341939,881 1023 873 1023 223 1023 362 1023 1023 882 1023 139,881 1023 873 1023 223 1023 362 1023 1023 882 1023 139,True
j0-56,tail-pair-periodic-canonical,6,34,16730903028130107,369 1023 109 1023 1023 631 1023 119 1023 363 1023 104 1023 607 1023 618,369 1023 109 1023 1023 631 1023 119 1023 363 1023 104 1023 607 1023 618,True
j0-56,tail-pair-periodic-canonical,6,35,21155419771992593,748 1023 1023 627 1023 116 1023 752 1023 627 1023 247 1023 883 1023 731,748 1023 1023 627 1023 116 1023 752 1023 627 1023 247 1023 883 1023 731,True
j0-56,tail-pair-periodic-canonical,6,36,1096385035594895,757 1023 111 1023 372 1023 882 1023 1023 886 1023 626 1023 372 1023 106 239,757 1023 111 1023 372 1023 882 1023 1023 886 1023 626 1023 372 1023 106 239,True
j0-56,tail-pair-periodic-canonical,6,37,42727672212311274,240 1023 753 1023 630 1023 242 1023 1023 240 1023 882 1023 881 1023 874,240 1023 753 1023 630 1023 242 1023 1023 240 1023 882 1023 881 1023 874,True
j0-56,tail-pair-periodic-canonical,6,38,41032086942525291,758 1023 1023 246 1023 244 1023 1023 879 1023 373 1023 116 1023 1023 606,758 1023 1023 246 1023 244 1023 1023 879 1023 373 1023 116 1023 1023 606,True
j0-56,tail-pair-periodic-canonical,6,39,29876663003370599,882 1023 246 1023 119 1023 113 1023 624 1023 113 1023 875 1023 747 1023 877,882 1023 246 1023 119 1023 113 1023 624 1023 113 1023 875 1023 747 1023 877,True
j0-56,tail-pair-periodic-canonical,6,40,9911030673507373,885 1023 753 1023 112 1023 629 1023 884 1023 623 1023 237 1023 105 720,885 1023 753 1023 112 1023 629 1023 884 1023 623 1023 237 1023 105 720,True
j0-56,tail-pair-periodic-canonical,6,41,44044187104322457,887 1023 879 1023 223 1023 1023 744 1023 1023 886 1023 360 1023 1023 843,887 1023 879 1023 223 1023 1023 744 1023 1023 886 1023 360 1023 1023 843,True
j0-56,tail-pair-periodic-canonical,6,42,5819789732416319,366 1023 632 1023 748 1023 108 1023 108 1023 1023 883 1023 876 1023 105 739,366 1023 632 1023 748 1023 108 1023 108 1023 1023 883 1023 876 1023 105 739,True
j0-56,tail-pair-periodic-canonical,6,43,38432520406090138,626 1023 758 1023 627 1023 619 1023 120 1023 361 1023 104 1023 1023 210,626 1023 758 1023 627 1023 619 1023 120 1023 361 1023 104 1023 1023 210,True
j0-56,tail-pair-periodic-canonical,6,44,1272790588091295,752 1023 248 1023 1023 879 1023 368 1023 629 1023 108 1023 236 1023 104 621,752 1023 248 1023 1023 879 1023 368 1023 629 1023 108 1023 236 1023 104 621,True
j0-56,tail-pair-periodic-canonical,6,45,9708532985260925,1023 116 1023 747 1023 1023 759 1023 756 1023 246 1023 12 316,1023 116 1023 747 1023 1023 759 1023 756 1023 246 1023 12 316,True
j0-56,tail-pair-periodic-canonical,6,46,7125327389063891,118 1023 879 1023 1023 880 1023 111 1023 618 1023 1023 104 179,118 1023 879 1023 1023 880 1023 111 1023 618 1023 1023 104 179,True
j0-56,tail-pair-periodic-canonical,6,47,4269831668347006,111 1023 621 1023 366 1023 1023 631 1023 351 1023 105 1023 1023 95 112,111 1023 621 1023 366 1023 1023 631 1023 351 1023 105 1023 1023 95 112,True
j0-56,tail-pair-periodic-canonical,6,48,45245646996519976,105 1023 1023 623 1023 374 1023 1023 626 1023 880 1023 112 1023 1 713,105 1023 1023 623 1023 374 1023 1023 626 1023 880 1023 112 1023 1 713,True
j0-56,tail-pair-periodic-canonical,6,49,25579498441658903,236 1023 366 1023 616 1023 1023 756 1023 362 1023 607 1023 363 1023 104 742,236 1023 366 1023 616 1023 1023 756 1023 362 1023 607 1023 363 1023 104 742,True
j0-56,tail-pair-periodic-canonical,6,50,8172710892971574,757 1023 620 1023 1023 616 1023 235 1023 1023 882 1023 104 1023 106 757,757 1023 620 1023 1023 616 1023 235 1023 1023 882 1023 104 1023 106 757,True
j0-56,tail-pair-periodic-canonical,6,51,21715861272323753,629 1023 1023 621 1023 106 1023 1023 625 1023 117 1023 116 1023 357,629 1023 1023 621 1023 106 1023 1023 625 1023 117 1023 116 1023 357,True
j0-56,tail-pair-periodic-canonical,6,52,11600176086391566,625 1023 114 1023 744 1023 364 1023 363 1023 874 1023 1023 8 650,625 1023 114 1023 744 1023 364 1023 363 1023 874 1023 1023 8 650,True
j0-56,tail-pair-periodic-canonical,6,53,53013613334317506,243 1023 1023 755 1023 371 1023 745 1023 750 1023 618 1023 872 1023 872,243 1023 1023 755 1023 371 1023 745 1023 750 1023 618 1023 872 1023 872,True
j0-56,tail-pair-periodic-canonical,6,54,26180663322040669,239 1023 111 1023 240 1023 749 1023 1023 1023 246 1023 367 1023 3 307,239 1023 111 1023 240 1023 749 1023 1023 1023 246 1023 367 1023 3 307,True
j0-56,tail-pair-periodic-canonical,6,55,27496571810750670,111 1023 245 1023 759 1023 1023 759 1023 1023 630 1023 246 1023 13 312,111 1023 245 1023 759 1023 1023 759 1023 1023 630 1023 246 1023 13 312,True
j0-56,tail-pair-periodic-canonical,6,56,29590113814397977,760 1023 1023 883 1023 375 1023 242 1023 1023 235 1023 1023 1023 882,760 1023 1023 883 1023 375 1023 242 1023 1023 235 1023 1023 1023 882,True
j0-56,tail-pair-periodic-canonical,6,57,37346978429000855,117 1023 115 1023 626 1023 607 1023 351 1023 875 1023 223 1023 1023 102,117 1023 115 1023 626 1023 607 1023 351 1023 875 1023 223 1023 1023 102,True
j0-56,tail-pair-periodic-canonical,6,58,34405752034744859,888 1023 875 1023 237 1023 619 1023 1023 364 1023 1023 752 1023 4 718,888 1023 875 1023 237 1023 619 1023 1023 364 1023 1023 752 1023 4 718,True
j0-56,tail-pair-periodic-canonical,6,59,42831372053627335,375 1023 629 1023 114 1023 745 1023 617 1023 1023 240 1023 681,375 1023 629 1023 114 1023 745 1023 617 1023 1023 240 1023 681,True
j0-56,tail-pair-periodic-canonical,6,60,42883229161877803,624 1023 372 1023 112 1023 879 1023 119 1023 243 1023 631 1023 9 299,624 1023 372 1023 112 1023 879 1023 119 1023 243 1023 631 1023 9 299,True
j0-56,tail-pair-periodic-canonical,6,61,13291360817991023,735 1023 748 1023 749 1023 1023 246 1023 374 1023 238 1023 1023 3 367,735 1023 748 1023 749 1023 1023 246 1023 374 1023 238 1023 1023 3 367,True
j0-56,tail-pair-periodic-canonical,6,62,29815428672016644,372 1023 114 1023 881 1023 239 1023 1023 1023 757 1023 631 1023 642,372 1023 114 1023 881 1023 239 1023 1023 1023 757 1023 631 1023 642,True
j0-56,tail-pair-periodic-canonical,6,63,7221084940903120,1023 1023 623 1023 630 1023 887 1023 111 1023 374 1023 1023 1023 1023 1023 624,1023 1023 623 1023 630 1023 887 1023 111 1023 374 1023 1023 1023 1023 1023 624,True
j0-56,tail-pair-periodic-gated27,6,0,53511818396363989,1023 629 1023 1023 116 1023 749 1023 748 1023 1023 118 1023 21 526,1023 629 1023 1023 116 1023 749 1023 748 1023 1023 118 1023 21 526,True
j0-56,tail-pair-periodic-gated27,6,1,45778785334932245,1023 1023 751 1023 242 1023 630 1023 882 1023 628 1023 1023 68,1023 1023 751 1023 242 1023 630 1023 882 1023 628 1023 1023 68,True
j0-56,tail-pair-periodic-gated27,6,2,47344415776237465,3 823 1023 1023 1023 283 1023 1023 235 1023 1023 12 328 1023 1023 731,3 823 1023 1023 1023 283 1023 1023 235 1023 1023 12 328 1023 1023 731,True
j0-56,tail-pair-periodic-gated27,6,3,41408371279667461,111 1023 372 1023 623 1023 745 1023 1023 242 1023 372 1023 376 1023 622,111 1023 372 1023 623 1023 745 1023 1023 242 1023 372 1023 376 1023 622,True
j0-56,tail-pair-periodic-gated27,6,4,25809528109918101,615 1023 1023 238 1023 1023 194 1023 1023 1023 104 0 30 1023 62,615 1023 1023 238 1023 1023 194 1023 1023 1023 104 0 30 1023 62,True
j0-56,tail-pair-periodic-gated27,6,5,39347189923989050,13 830 1023 1023 350 1023 1023 95 200 1023 1023 3 847 1023 1023 734,13 830 1023 1023 350 1023 1023 95 200 1023 1023 3 847 1023 1023 734,True
j0-56,tail-pair-periodic-gated27,6,6,46023179842791818,624 1023 1023 120 1023 351 1023 1023 243 1023 626 1023 107 1023 106 710,624 1023 1023 120 1023 351 1023 1023 243 1023 626 1023 107 1023 106 710,True
j0-56,tail-pair-periodic-gated27,6,7,45716336766740361,1023 95 2 240 1023 1023 733 1023 1023 723 1023 1023 1023 11 859,1023 95 2 240 1023 1023 733 1023 1023 723 1023 1023 1023 11 859,True
j0-56,tail-pair-periodic-gated27,6,8,18747877177158442,619 1023 878 1023 233 1023 376 1023 363 1023 877 1023 622 1023 1023 881,619 1023 878 1023 233 1023 376 1023 363 1023 877 1023 622 1023 1023 881,True
j0-56,tail-pair-periodic-gated27,6,9,1327021515315843,625 1023 751 1023 631 1023 1023 881 1023 1023 626 1023 363 1023 1023 225,625 1023 751 1023 631 1023 1023 881 1023 1023 626 1023 363 1023 1023 225,True
j0-56,tail-pair-periodic-gated27,6,10,48063491925843158,1 717 1023 1023 698 1023 1023 92 1023 1023 13 712 1023 1023 104 630,1 717 1023 1023 698 1023 1023 92 1023 1023 13 712 1023 1023 104 630,True
j0-56,tail-pair-periodic-gated27,6,11,39000888857311363,351 1023 233 1023 863 1023 1023 883 1023 887 1023 245 1023 1023 1023 697,351 1023 233 1023 863 1023 1023 883 1023 887 1023 245 1023 1023 1023 697,True
j0-56,tail-pair-periodic-gated27,6,12,29019488534640633,3 613 1023 1023 4 704 1023 1023 345 1023 1023 95 104 0 674,3 613 1023 1023 4 704 1023 1023 345 1023 1023 95 104 0 674,True
j0-56,tail-pair-periodic-gated27,6,13,19760759989128933,11 9 3 359 1023 1023 95 719 1023 1023 325 1023 1023 234 662,11 9 3 359 1023 1023 95 719 1023 1023 325 1023 1023 234 662,True
j0-56,tail-pair-periodic-gated27,6,14,13260655280268740,248 1023 620 1023 744 1023 876 1023 877 1023 876 1023 1023 374 1023 324,248 1023 620 1023 744 1023 876 1023 877 1023 876 1023 1023 374 1023 324,True
j0-56,tail-pair-periodic-gated27,6,15,973739301962702,108 1023 1023 93 1023 1023 631 1023 1023 866 1023 1023 1023 208 1023 1023 236,108 1023 1023 93 1023 1023 631 1023 1023 866 1023 1023 1023 208 1023 1023 236,True
j0-56,tail-pair-periodic-gated27,6,16,27166626599777270,1023 7 329 1023 1023 3 185 1023 1023 94 1023 1023 104 3 149,1023 7 329 1023 1023 3 185 1023 1023 94 1023 1023 104 3 149,True
j0-56,tail-pair-periodic-gated27,6,17,41597881535605667,0 680 1023 1023 887 1023 1023 349 1023 1023 220 1023 1023 841 1023 1023 364,0 680 1023 1023 887 1023 1023 349 1023 1023 220 1023 1023 841 1023 1023 364,True
j0-56,tail-pair-periodic-gated27,6,18,33260741458299499,627 1023 373 1023 887 1023 749 1023 376 1023 620 1023 363 1023 1023 230,627 1023 373 1023 887 1023 749 1023 376 1023 620 1023 363 1023 1023 230,True
j0-56,tail-pair-periodic-gated27,6,19,1420064900736397,878 1023 1023 11 3 240 1023 1023 92 1023 1023 822 1023 1023 260,878 1023 1023 11 3 240 1023 1023 92 1023 1023 822 1023 1023 260,True
j0-56,tail-pair-periodic-gated27,6,20,10025357717235029,9 208 1023 1023 104 1 699 1023 1023 631 1023 1023 8 114 518,9 208 1023 1023 104 1 699 1023 1023 631 1023 1023 8 114 518,True
j0-56,tail-pair-periodic-gated27,6,21,32685019365196425,95 845 1023 1023 747 1023 1023 294 1023 1023 208 1023 1023 51 150,95 845 1023 1023 747 1023 1023 294 1023 1023 208 1023 1023 51 150,True
j0-56,tail-pair-periodic-gated27,6,22,19885871635516095,3 309 1023 1023 322 1023 1023 0 837 1023 1023 104 11 16 149,3 309 1023 1023 322 1023 1023 0 837 1023 1023 104 11 16 149,True
j0-56,tail-pair-periodic-gated27,6,23,24122860863976990,0 608 1023 1023 8 111 1023 1023 144 1023 1023 363 1023 1023 95 63,0 608 1023 1023 8 111 1023 1023 144 1023 1023 363 1023 1023 95 63,True
j0-56,tail-pair-periodic-gated27,6,24,14554518508007560,751 1023 888 1023 760 1023 236 1023 1023 115 1023 239 1023 372 1023 1023 881,751 1023 888 1023 760 1023 236 1023 1023 115 1023 239 1023 372 1023 1023 881,True
j0-56,tail-pair-periodic-gated27,6,25,30012608428496110,632 1023 1023 629 1023 882 1023 619 1023 1023 371 1023 628 1023 8 752,632 1023 1023 629 1023 882 1023 619 1023 1023 371 1023 628 1023 8 752,True
j0-56,tail-pair-periodic-gated27,6,26,53412111662456522,109 1023 1023 112 1023 887 1023 108 1023 364 1023 104 1023 1023 736,109 1023 1023 112 1023 887 1023 108 1023 364 1023 104 1023 1023 736,True
j0-56,tail-pair-periodic-gated27,6,27,4316891510654245,629 1023 111 1023 878 1023 872 1023 1023 242 1023 366 1023 746 1023 376,629 1023 111 1023 878 1023 872 1023 1023 242 1023 366 1023 746 1023 376,True
j0-56,tail-pair-periodic-gated27,6,28,30109458974712091,247 1023 240 1023 239 1023 630 1023 746 1023 744 1023 104 1023 106 78,247 1023 240 1023 239 1023 630 1023 746 1023 744 1023 104 1023 106 78,True
j0-56,tail-pair-periodic-gated27,6,29,12775372795566764,630 1023 626 1023 119 1023 625 1023 1023 623 1023 119 1023 1023 297,630 1023 626 1023 119 1023 625 1023 1023 623 1023 119 1023 1023 297,True
j0-56,tail-pair-periodic-gated27,6,30,18388943614824595,1023 835 1023 1023 624 1023 1023 1023 187 1023 1023 104 104 1023 1023 191,1023 835 1023 1023 624 1023 1023 1023 187 1023 1023 104 104 1023 1023 191,True
j0-56,tail-pair-periodic-gated27,6,31,44360455501304555,627 1023 112 1023 625 1023 239 1023 1023 746 1023 376 1023 1023 3 115,627 1023 112 1023 625 1023 239 1023 1023 746 1023 376 1023 1023 3 115,True
j0-56,tail-pair-periodic-gated27,6,32,45317723672547655,723 1023 1023 1023 16 629 1023 1023 835 1023 1023 94 1023 1023 1023 219,723 1023 1023 1023 16 629 1023 1023 835 1023 1023 94 1023 1023 1023 219,True
j0-56,tail-pair-periodic-gated27,6,33,30073257139341939,881 1023 873 1023 223 1023 362 1023 1023 882 1023 139,881 1023 873 1023 223 1023 362 1023 1023 882 1023 139,True
j0-56,tail-pair-periodic-gated27,6,34,16730903028130107,369 1023 109 1023 1023 631 1023 119 1023 363 1023 104 1023 607 1023 618,369 1023 109 1023 1023 631 1023 119 1023 363 1023 104 1023 607 1023 618,True
j0-56,tail-pair-periodic-gated27,6,35,21155419771992593,748 1023 1023 699 1023 1023 371 1023 1023 216 1023 1023 228 1023 1023 731,748 1023 1023 699 1023 1023 371 1023 1023 216 1023 1023 228 1023 1023 731,True
j0-56,tail-pair-periodic-gated27,6,36,1096385035594895,358 1023 1023 7 0 216 1023 1023 1023 353 1023 1023 104 804 1023 1023 1023 112,358 1023 1023 7 0 216 1023 1023 1023 353 1023 1023 104 804 1023 1023 1023 112,True
j0-56,tail-pair-periodic-gated27,6,37,42727672212311274,240 1023 753 1023 630 1023 242 1023 1023 240 1023 882 1023 881 1023 874,240 1023 753 1023 630 1023 242 1023 1023 240 1023 882 1023 881 1023 874,True
j0-56,tail-pair-periodic-gated27,6,38,41032086942525291,758 1023 1023 246 1023 244 1023 1023 879 1023 373 1023 116 1023 1023 606,758 1023 1023 246 1023 244 1023 1023 879 1023 373 1023 116 1023 1023 606,True
j0-56,tail-pair-periodic-gated27,6,39,29876663003370599,849 1023 1023 833 1023 1023 3 328 1023 1023 3 824 1023 1023 104 836,849 1023 1023 833 1023 1023 3 328 1023 1023 3 824 1023 1023 104 836,True
j0-56,tail-pair-periodic-gated27,6,40,9911030673507373,4 705 1023 1023 334 1023 1023 104 104 1023 1023 16 99 1023 1023 739,4 705 1023 1023 334 1023 1023 104 104 1023 1023 16 99 1023 1023 739,True
j0-56,tail-pair-periodic-gated27,6,41,44044187104322457,887 1023 879 1023 223 1023 1023 744 1023 1023 886 1023 360 1023 1023 843,887 1023 879 1023 223 1023 1023 744 1023 1023 886 1023 360 1023 1023 843,True
j0-56,tail-pair-periodic-gated27,6,42,5819789732416319,104 7 656 1023 1023 1023 104 98 1023 1023 1023 288 1023 1023 4 295,104 7 656 1023 1023 1023 104 98 1023 1023 1023 288 1023 1023 4 295,True
j0-56,tail-pair-periodic-gated27,6,43,38432520406090138,626 1023 758 1023 627 1023 619 1023 120 1023 361 1023 104 1023 1023 210,626 1023 758 1023 627 1023 619 1023 120 1023 361 1023 104 1023 1023 210,True
j0-56,tail-pair-periodic-gated27,6,44,1272790588091295,11 8 722 1023 1023 330 1023 1023 1023 843 1023 1023 227 1023 1023 104 621,11 8 722 1023 1023 330 1023 1023 1023 843 1023 1023 227 1023 1023 104 621,True
j0-56,tail-pair-periodic-gated27,6,45,9708532985260925,1023 0 222 1023 1023 8 315 1023 1023 829 1023 1023 1023 357,1023 0 222 1023 1023 8 315 1023 1023 829 1023 1023 1023 357,True
j0-56,tail-pair-periodic-gated27,6,46,7125327389063891,118 1023 879 1023 1023 880 1023 111 1023 618 1023 1023 104 179,118 1023 879 1023 1023 880 1023 111 1023 618 1023 1023 104 179,True
j0-56,tail-pair-periodic-gated27,6,47,4269831668347006,111 1023 621 1023 366 1023 1023 631 1023 351 1023 105 1023 1023 95 112,111 1023 621 1023 366 1023 1023 631 1023 351 1023 105 1023 1023 95 112,True
j0-56,tail-pair-periodic-gated27,6,48,45245646996519976,105 1023 1023 2 161 1023 1023 104 747 1023 1023 1023 194 1023 1023 88,105 1023 1023 2 161 1023 1023 104 747 1023 1023 1023 194 1023 1023 88,True
j0-56,tail-pair-periodic-gated27,6,49,25579498441658903,236 1023 366 1023 616 1023 1023 756 1023 362 1023 607 1023 363 1023 104 742,236 1023 366 1023 616 1023 1023 756 1023 362 1023 607 1023 363 1023 104 742,True
j0-56,tail-pair-periodic-gated27,6,50,8172710892971574,757 1023 620 1023 1023 616 1023 235 1023 1023 882 1023 104 1023 106 757,757 1023 620 1023 1023 616 1023 235 1023 1023 882 1023 104 1023 106 757,True
j0-56,tail-pair-periodic-gated27,6,51,21715861272323753,629 1023 1023 621 1023 106 1023 1023 625 1023 117 1023 116 1023 357,629 1023 1023 621 1023 106 1023 1023 625 1023 117 1023 116 1023 357,True
j0-56,tail-pair-periodic-gated27,6,52,11600176086391566,221 1023 1023 95 310 1023 1023 1023 95 293 1023 1023 827 1023 1023 864,221 1023 1023 95 310 1023 1023 1023 95 293 1023 1023 827 1023 1023 864,True
j0-56,tail-pair-periodic-gated27,6,53,53013613334317506,243 1023 1023 827 1023 1023 864 1023 1023 688 1023 1023 353 1023 1023 217,243 1023 1023 827 1023 1023 864 1023 1023 688 1023 1023 353 1023 1023 217,True
j0-56,tail-pair-periodic-gated27,6,54,26180663322040669,345 1023 1023 751 1023 1023 749 1023 1023 1023 12 880 1023 1023 3 307,345 1023 1023 751 1023 1023 749 1023 1023 1023 12 880 1023 1023 3 307,True
j0-56,tail-pair-periodic-gated27,6,55,27496571810750670,111 1023 245 1023 759 1023 1023 759 1023 1023 630 1023 246 1023 13 312,111 1023 245 1023 759 1023 1023 759 1023 1023 630 1023 246 1023 13 312,True
j0-56,tail-pair-periodic-gated27,6,56,29590113814397977,760 1023 1023 321 1023 1023 656 1023 1023 703 1023 1023 13 206,760 1023 1023 321 1023 1023 656 1023 1023 703 1023 1023 13 206,True
j0-56,tail-pair-periodic-gated27,6,57,37346978429000855,117 1023 115 1023 626 1023 607 1023 351 1023 875 1023 223 1023 1023 102,117 1023 115 1023 626 1023 607 1023 351 1023 875 1023 223 1023 1023 102,True
j0-56,tail-pair-periodic-gated27,6,58,34405752034744859,888 1023 875 1023 237 1023 619 1023 1023 364 1023 1023 752 1023 4 718,888 1023 875 1023 237 1023 619 1023 1023 364 1023 1023 752 1023 4 718,True
j0-56,tail-pair-periodic-gated27,6,59,42831372053627335,375 1023 629 1023 114 1023 745 1023 617 1023 1023 240 1023 681,375 1023 629 1023 114 1023 745 1023 617 1023 1023 240 1023 681,True
j0-56,tail-pair-periodic-gated27,6,60,42883229161877803,13 673 1023 1023 723 1023 1023 3 337 1023 1023 305 1023 1023 9 299,13 673 1023 1023 723 1023 1023 3 337 1023 1023 305 1023 1023 9 299,True
j0-56,tail-pair-periodic-gated27,6,61,13291360817991023,735 1023 748 1023 749 1023 1023 246 1023 374 1023 238 1023 1023 3 367,735 1023 748 1023 749 1023 1023 246 1023 374 1023 238 1023 1023 3 367,True
j0-56,tail-pair-periodic-gated27,6,62,29815428672016644,372 1023 114 1023 881 1023 239 1023 1023 1023 757 1023 631 1023 642,372 1023 114 1023 881 1023 239 1023 1023 1023 757 1023 631 1023 642,True
j0-56,tail-pair-periodic-gated27,6,63,7221084940903120,1023 1023 623 1023 630 1023 887 1023 111 1023 374 1023 1023 1023 1023 1023 624,1023 1023 623 1023 630 1023 887 1023 111 1023 374 1023 1023 1023 1023 1023 624,True
j0-56,tail-pair-periodic-canonical,7,0,18280957447216453,879 1023 223 1023 878 1023 234 1023 106 1023 1023 1023 243 1023 7 368,879 1023 223 1023 878 1023 234 1023 106 1023 1023 1023 243 1023 7 368,True
j0-56,tail-pair-periodic-canonical,7,1,6533276678676588,118 1023 626 1023 882 1023 627 1023 753 1023 112 1023 752 1023 656,118 1023 626 1023 882 1023 627 1023 753 1023 112 1023 752 1023 656,True
j0-56,tail-pair-periodic-canonical,7,2,29458234916480653,755 1023 235 1023 1023 112 1023 616 1023 747 1023 1023 244 1023 24,755 1023 235 1023 1023 112 1023 616 1023 747 1023 1023 244 1023 24,True
j0-56,tail-pair-periodic-canonical,7,3,36293685409273309,369 1023 366 1023 351 1023 888 1023 105 1023 621 1023 106 1023 1023 185,369 1023 366 1023 351 1023 888 1023 105 1023 621 1023 106 1023 1023 185,True
j0-56,tail-pair-periodic-canonical,7,4,18570533617464672,748 1023 622 1023 235 1023 106 1023 106 1023 876 1023 1023 243 1023 743,748 1023 622 1023 235 1023 106 1023 106 1023 876 1023 1023 243 1023 743,True
j0-56,tail-pair-periodic-canonical,7,5,19807186576043754,370 1023 735 1023 351 1023 1023 111 1023 1023 1023 1023 372 1023 104 224,370 1023 735 1023 351 1023 1023 111 1023 1023 1023 1023 372 1023 104 224,True
j0-56,tail-pair-periodic-canonical,7,6,46829046033947766,624 1023 374 1023 632 1023 232 1023 876 1023 1023 107 1023 1023 229,624 1023 374 1023 632 1023 232 1023 876 1023 1023 107 1023 1023 229,True
j0-56,tail-pair-periodic-canonical,7,7,26471554988853986,247 1023 754 1023 883 1023 118 1023 375 1023 104 1023 1023 627 1023 228,247 1023 754 1023 883 1023 118 1023 375 1023 104 1023 1023 627 1023 228,True
j0-56,tail-pair-periodic-canonical,7,8,9592671961373044,756 1023 1023 880 1023 755 1023 368 1023 372 1023 113 1023 625 1023 1023 879,756 1023 1023 880 1023 755 1023 368 1023 372 1023 113 1023 625 1023 1023 879,True
j0-56,tail-pair-periodic-canonical,7,9,52901341631120818,111 1023 625 1023 626 1023 1023 750 1023 1023 104 1023 120 649,111 1023 625 1023 626 1023 1023 750 1023 1023 104 1023 120 649,True
j0-56,tail-pair-periodic-canonical,7,10,27345474905042588,1023 242 1023 621 1023 363 1023 237 1023 749 1023 622 1023 1023 1 741,1023 242 1023 621 1023 363 1023 237 1023 749 1023 622 1023 1023 1 741,True
j0-56,tail-pair-periodic-canonical,7,11,47037727101167201,116 1023 750 1023 863 1023 105 1023 360 1023 735 1023 747 1023 106 722,116 1023 750 1023 863 1023 105 1023 360 1023 735 1023 747 1023 106 722,True
j0-56,tail-pair-periodic-canonical,7,12,48205416697715452,360 1023 1023 1023 116 1023 753 1023 236 1023 621 1023 888 1023 104 108,360 1023 1023 1023 116 1023 753 1023 236 1023 621 1023 888 1023 104 108,True
j0-56,tail-pair-periodic-canonical,7,13,15706091879872016,631 1023 1023 625 1023 1023 371 1023 373 1023 885 1023 375 1023 1023 89,631 1023 1023 625 1023 1023 371 1023 373 1023 885 1023 375 1023 1023 89,True
j0-56,tail-pair-periodic-canonical,7,14,51612677763526897,616 1023 874 1023 746 1023 747 1023 1023 752 1023 241 1023 751 1023 217,616 1023 874 1023 746 1023 747 1023 1023 752 1023 241 1023 751 1023 217,True
j0-56,tail-pair-periodic-canonical,7,15,9522234267074692,371 1023 375 1023 372 1023 241 1023 234 1023 248 1023 1023 118 1023 104 621,371 1023 375 1023 372 1023 241 1023 234 1023 248 1023 1023 118 1023 104 621,True
j0-56,tail-pair-periodic-canonical,7,16,4037924612514705,873 1023 1023 1023 631 1023 757 1023 873 1023 1023 239 1023 626 1023 341,873 1023 1023 1023 631 1023 757 1023 873 1023 1023 239 1023 626 1023 341,True
j0-56,tail-pair-periodic-canonical,7,17,44088252473514861,618 1023 1023 105 1023 618 1023 366 1023 362 1023 1023 756 1023 104 374,618 1023 1023 105 1023 618 1023 366 1023 362 1023 1023 756 1023 104 374,True
j0-56,tail-pair-periodic-canonical,7,18,37928874896321480,624 1023 1023 1023 877 1023 878 1023 621 1023 1023 752 1023 750 1023 95 720,624 1023 1023 1023 877 1023 878 1023 621 1023 1023 752 1023 750 1023 95 720,True
j0-56,tail-pair-periodic-canonical,7,19,38178515298894712,372 1023 758 1023 752 1023 618 1023 107 1023 95 1023 1023 158 131,372 1023 758 1023 752 1023 618 1023 107 1023 95 1023 1023 158 131,True
j0-56,tail-pair-periodic-canonical,7,20,47441001104677948,245 1023 236 1023 888 1023 366 1023 1023 240 1023 623 1023 119 528,245 1023 236 1023 888 1023 366 1023 1023 240 1023 623 1023 119 528,True
j0-56,tail-pair-periodic-canonical,7,21,19762619302354344,376 1023 617 1023 744 1023 1023 113 1023 1023 374 1023 623 1023 11 297,376 1023 617 1023 744 1023 1023 113 1023 1023 374 1023 623 1023 11 297,True
j0-56,tail-pair-periodic-canonical,7,22,37075220611652017,884 1023 1023 240 1023 118 1023 1023 618 1023 616 1023 632 1023 95 239,884 1023 1023 240 1023 118 1023 1023 618 1023 616 1023 632 1023 95 239,True
j0-56,tail-pair-periodic-canonical,7,23,12350023295698903,119 1023 1023 116 1023 885 1023 744 1023 619 1023 1023 240 1023 0 591,119 1023 1023 116 1023 885 1023 744 1023 619 1023 1023 240 1023 0 591,True
j0-56,tail-pair-periodic-canonical,7,24,38519840337308659,118 1023 1023 628 1023 119 1023 360 1023 1023 619 1023 233 1023 840,118 1023 1023 628 1023 119 1023 360 1023 1023 619 1023 233 1023 840,True
j0-56,tail-pair-periodic-canonical,7,25,38038193795123193,244 1023 111 1023 878 1023 749 1023 238 1023 106 1023 748 1023 95 689,244 1023 111 1023 878 1023 749 1023 238 1023 106 1023 748 1023 95 689,True
j0-56,tail-pair-periodic-canonical,7,26,41517815199962084,886 1023 863 1023 617 1023 360 1023 1023 880 1023 758 1023 25 313,886 1023 863 1023 617 1023 360 1023 1023 880 1023 758 1023 25 313,True
j0-56,tail-pair-periodic-canonical,7,27,44453292658969033,624 1023 118 1023 886 1023 372 1023 243 1023 876 1023 236 1023 104 718,624 1023 118 1023 886 1023 372 1023 243 1023 876 1023 236 1023 104 718,True
j0-56,tail-pair-periodic-canonical,7,28,52423186709134772,115 1023 874 1023 351 1023 748 1023 110 1023 1023 247 1023 3 284,115 1023 874 1023 351 1023 748 1023 110 1023 1023 247 1023 3 284,True
j0-56,tail-pair-periodic-canonical,7,29,48021330359874077,623 1023 1023 863 1023 863 1023 748 1023 95 1023 366 1023 750 1023 104 742,623 1023 1023 863 1023 863 1023 748 1023 95 1023 366 1023 750 1023 104 742,True
j0-56,tail-pair-periodic-canonical,7,30,13165538824351504,120 1023 618 1023 1023 746 1023 1023 744 1023 1023 1023 1023 44,120 1023 618 1023 1023 746 1023 1023 744 1023 1023 1023 1023 44,True
j0-56,tail-pair-periodic-canonical,7,31,51228742400293033,887 1023 244 1023 884 1023 885 1023 116 1023 242 1023 1023 238 1023 1023 627,887 1023 244 1023 884 1023 885 1023 116 1023 242 1023 1023 238 1023 1023 627,True
j0-56,tail-pair-periodic-canonical,7,32,23820778524954208,628 1023 1023 752 1023 880 1023 110 1023 616 1023 745 1023 108 654,628 1023 1023 752 1023 880 1023 110 1023 616 1023 745 1023 108 654,True
j0-56,tail-pair-periodic-canonical,7,33,13070152457418321,373 1023 372 1023 247 1023 112 1023 361 1023 1023 105 1023 120 1023 362,373 1023 372 1023 247 1023 112 1023 361 1023 1023 105 1023 120 1023 362,True
j0-56,tail-pair-periodic-canonical,7,34,5349046185935594,751 1023 233 1023 1023 116 1023 107 1023 875 1023 888 1023 1023 42,751 1023 233 1023 1023 116 1023 107 1023 875 1023 888 1023 1023 42,True
j0-56,tail-pair-periodic-canonical,7,35,31708742061663595,625 1023 748 1023 621 1023 1023 246 1023 880 1023 882 1023 12 642,625 1023 748 1023 621 1023 1023 246 1023 880 1023 882 1023 12 642,True
j0-56,tail-pair-periodic-canonical,7,36,52276669743102738,106 1023 873 1023 104 1023 619 1023 749 1023 223 1023 1023 104 569,106 1023 873 1023 104 1023 619 1023 749 1023 223 1023 1023 104 569,True
j0-56,tail-pair-periodic-canonical,7,37,28476104767242530,241 1023 877 1023 877 1023 238 1023 1023 758 1023 748 1023 622 1023 104 883,241 1023 877 1023 877 1023 238 1023 1023 758 1023 748 1023 622 1023 104 883,True
j0-56,tail-pair-periodic-canonical,7,38,41075273581490128,242 1023 885 1023 753 1023 881 1023 888 1023 365 1023 235 1023 1023 120,242 1023 885 1023 753 1023 881 1023 888 1023 365 1023 235 1023 1023 120,True
j0-56,tail-pair-periodic-canonical,7,39,22205823886406963,112 1023 749 1023 1023 106 1023 616 1023 747 1023 120 1023 618 1023 105 372,112 1023 749 1023 1023 106 1023 616 1023 747 1023 120 1023 618 1023 105 372,True
j0-56,tail-pair-periodic-canonical,7,40,13428599385982399,627 1023 1023 118 1023 223 1023 618 1023 364 1023 351 1023 104 852,627 1023 1023 118 1023 223 1023 618 1023 364 1023 351 1023 104 852,True
j0-56,tail-pair-periodic-canonical,7,41,48079796900629316,886 1023 1023 119 1023 887 1023 878 1023 735 1023 1023 886 1023 1 237,886 1023 1023 119 1023 887 1023 878 1023 735 1023 1023 886 1023 1 237,True
j0-56,tail-pair-periodic-canonical,7,42,51884809391446507,631 1023 625 1023 888 1023 616 1023 607 1023 745 1023 1023 1023 1 237,631 1023 625 1023 888 1023 616 1023 607 1023 745 1023 1023 1023 1 237,True
j0-56,tail-pair-periodic-canonical,7,43,23904576317169560,759 1023 242 1023 881 1023 748 1023 248 1023 877 1023 233 1023 104 312,759 1023 242 1023 881 1023 748 1023 248 1023 877 1023 233 1023 104 312,True
j0-56,tail-pair-periodic-canonical,7,44,42122479684873659,114 1023 245 1023 1023 630 1023 759 1023 375 1023 117 1023 1023 13 298,114 1023 245 1023 1023 630 1023 759 1023 375 1023 117 1023 1023 13 298,True
j0-56,tail-pair-periodic-canonical,7,45,40813526933689487,880 1023 239 1023 374 1023 363 1023 619 1023 95 1023 1023 104 646,880 1023 239 1023 374 1023 363 1023 619 1023 95 1023 1023 104 646,True
j0-56,tail-pair-periodic-canonical,7,46,36557540617462749,863 1023 1023 111 1023 1023 245 1023 623 1023 757 1023 110 1023 104 756,863 1023 1023 111 1023 1023 245 1023 623 1023 757 1023 110 1023 104 756,True
j0-56,tail-pair-periodic-canonical,7,47,22564460677977699,756 1023 607 1023 363 1023 607 1023 1023 1023 886 1023 119 1023 3 580,756 1023 607 1023 363 1023 607 1023 1023 1023 886 1023 119 1023 3 580,True
j0-56,tail-pair-periodic-canonical,7,48,22113958135900275,758 1023 113 1023 111 1023 1023 754 1023 620 1023 1023 1023 119 1023 204,758 1023 113 1023 111 1023 1023 754 1023 620 1023 1023 1023 119 1023 204,True
j0-56,tail-pair-periodic-canonical,7,49,7405615485996883,375 1023 885 1023 884 1023 238 1023 744 1023 366 1023 863 18 272,375 1023 885 1023 884 1023 238 1023 744 1023 366 1023 863 18 272,True
j0-56,tail-pair-periodic-canonical,7,50,20459266176053828,756 1023 887 1023 244 1023 369 1023 884 1023 630 1023 883 1023 2 703,756 1023 887 1023 244 1023 369 1023 884 1023 630 1023 883 1023 2 703,True
j0-56,tail-pair-periodic-canonical,7,51,20305927104863832,371 1023 115 1023 759 1023 629 1023 621 1023 1023 749 1023 95 166,371 1023 115 1023 759 1023 629 1023 621 1023 1023 749 1023 95 166,True
j0-56,tail-pair-periodic-canonical,7,52,37526997796994537,367 1023 755 1023 881 1023 619 1023 622 1023 1023 628 1023 877 1023 1023 748,367 1023 755 1023 881 1023 619 1023 622 1023 1023 628 1023 877 1023 1023 748,True
j0-56,tail-pair-periodic-canonical,7,53,37118627987498569,752 1023 622 1023 237 1023 360 1023 360 1023 110 1023 863 1023 1023 244,752 1023 622 1023 237 1023 360 1023 360 1023 110 1023 863 1023 1023 244,True
j0-56,tail-pair-periodic-canonical,7,54,44388052636003557,242 1023 1023 114 1023 1023 116 1023 883 1023 623 1023 374 1023 95 76,242 1023 1023 114 1023 1023 116 1023 883 1023 623 1023 374 1023 95 76,True
j0-56,tail-pair-periodic-canonical,7,55,31197968882551916,628 1023 1023 625 1023 757 1023 112 1023 881 1023 629 1023 886 1023 95 243,628 1023 1023 625 1023 757 1023 112 1023 881 1023 629 1023 886 1023 95 243,True
j0-56,tail-pair-periodic-canonical,7,56,28642803926824539,235 1023 235 1023 746 1023 876 1023 235 1023 873 1023 365 1023 104 114,235 1023 235 1023 746 1023 876 1023 235 1023 873 1023 365 1023 104 114,True
j0-56,tail-pair-periodic-canonical,7,57,47801221206850839,755 1023 627 1023 753 1023 880 1023 759 1023 881 1023 758 1023 1 307,755 1023 627 1023 753 1023 880 1023 759 1023 881 1023 758 1023 1 307,True
j0-56,tail-pair-periodic-canonical,7,58,51249506261188657,363 1023 750 1023 620 1023 1023 1023 756 1023 113 1023 244 1023 8 113,363 1023 750 1023 620 1023 1023 1023 756 1023 113 1023 244 1023 8 113,True
j0-56,tail-pair-periodic-canonical,7,59,34109417835419824,120 1023 237 1023 873 1023 236 1023 876 1023 232 1023 619 1023 95 721,120 1023 237 1023 873 1023 236 1023 876 1023 232 1023 619 1023 95 721,True
j0-56,tail-pair-periodic-canonical,7,60,19202768295335946,759 1023 754 1023 244 1023 369 1023 373 1023 882 1023 232 1023 109 711,759 1023 754 1023 244 1023 369 1023 373 1023 882 1023 232 1023 109 711,True
j0-56,tail-pair-periodic-canonical,7,61,40616030527537075,240 1023 622 1023 237 1023 1023 370 1023 243 1023 95 1023 1023 784,240 1023 622 1023 237 1023 1023 370 1023 243 1023 95 1023 1023 784,True
j0-56,tail-pair-periodic-canonical,7,62,12479139153844553,628 1023 753 1023 244 1023 885 1023 1023 247 1023 630 1023 366 1023 104 741,628 1023 753 1023 244 1023 885 1023 1023 247 1023 630 1023 366 1023 104 741,True
j0-56,tail-pair-periodic-canonical,7,63,45433360620056260,367 1023 878 1023 1023 108 1023 1023 626 1023 754 1023 1023 95 681,367 1023 878 1023 1023 108 1023 1023 626 1023 754 1023 1023 95 681,True
j0-56,tail-pair-periodic-gated27,7,0,18280957447216453,656 1023 1023 3 688 1023 1023 95 100 1023 1023 1023 0 268 7,656 1023 1023 3 688 1023 1023 95 100 1023 1023 1023 0 268 7,True
j0-56,tail-pair-periodic-gated27,7,1,6533276678676588,118 1023 626 1023 882 1023 627 1023 753 1023 112 1023 752 1023 656,118 1023 626 1023 882 1023 627 1023 753 1023 112 1023 752 1023 656,True
j0-56,tail-pair-periodic-gated27,7,2,29458234916480653,755 1023 235 1023 1023 112 1023 616 1023 747 1023 1023 244 1023 24,755 1023 235 1023 1023 112 1023 616 1023 747 1023 1023 244 1023 24,True
j0-56,tail-pair-periodic-gated27,7,3,36293685409273309,369 1023 366 1023 351 1023 888 1023 105 1023 621 1023 106 1023 1023 185,369 1023 366 1023 351 1023 888 1023 105 1023 621 1023 106 1023 1023 185,True
j0-56,tail-pair-periodic-gated27,7,4,18570533617464672,748 1023 622 1023 235 1023 106 1023 106 1023 876 1023 1023 243 1023 743,748 1023 622 1023 235 1023 106 1023 106 1023 876 1023 1023 243 1023 743,True
j0-56,tail-pair-periodic-gated27,7,5,19807186576043754,805 1023 1023 307 1023 1023 0 322 1023 1023 1023 1023 799 1023 1023 205,805 1023 1023 307 1023 1023 0 322 1023 1023 1023 1023 799 1023 1023 205,True
j0-56,tail-pair-periodic-gated27,7,6,46829046033947766,13 807 1023 1023 1023 359 1023 1023 880 1023 1023 107 1023 1023 229,13 807 1023 1023 1023 359 1023 1023 880 1023 1023 107 1023 1023 229,True
j0-56,tail-pair-periodic-gated27,7,7,26471554988853986,868 1023 1023 104 705 1023 1023 705 1023 1023 104 1023 1023 8 840,868 1023 1023 104 705 1023 1023 705 1023 1023 104 1023 1023 8 840,True
j0-56,tail-pair-periodic-gated27,7,8,9592671961373044,756 1023 1023 201 1023 1023 627 1023 1023 341 1023 1023 12 340 1023 1023 879,756 1023 1023 201 1023 1023 627 1023 1023 341 1023 1023 12 340 1023 1023 879,True
j0-56,tail-pair-periodic-gated27,7,9,52901341631120818,860 1023 1023 795 1023 1023 798 1023 1023 227 1023 1023 27 640,860 1023 1023 795 1023 1023 798 1023 1023 227 1023 1023 27 640,True
j0-56,tail-pair-periodic-gated27,7,10,27345474905042588,1023 242 1023 621 1023 363 1023 237 1023 749 1023 622 1023 1023 1 741,1023 242 1023 621 1023 363 1023 237 1023 749 1023 622 1023 1023 1 741,True
j0-56,tail-pair-periodic-gated27,7,11,47037727101167201,318 1023 1023 104 9 605 1023 1023 835 1023 1023 800 1023 1023 3 311,318 1023 1023 104 9 605 1023 1023 835 1023 1023 800 1023 1023 3 311,True
j0-56,tail-pair-periodic-gated27,7,12,48205416697715452,360 1023 1023 1023 0 717 1023 1023 106 8 1 864 1023 1023 808,360 1023 1023 1023 0 717 1023 1023 106 8 1 864 1023 1023 808,True
j0-56,tail-pair-periodic-gated27,7,13,15706091879872016,631 1023 1023 625 1023 1023 707 1023 1023 95 308 1023 1023 220 641,631 1023 1023 625 1023 1023 707 1023 1023 95 308 1023 1023 220 641,True
j0-56,tail-pair-periodic-gated27,7,14,51612677763526897,616 1023 874 1023 746 1023 747 1023 1023 752 1023 241 1023 751 1023 217,616 1023 874 1023 746 1023 747 1023 1023 752 1023 241 1023 751 1023 217,True
j0-56,tail-pair-periodic-gated27,7,15,9522234267074692,340 1023 1023 705 1023 1023 8 7 207 1023 1023 724 1023 1023 0 574,340 1023 1023 705 1023 1023 8 7 207 1023 1023 724 1023 1023 0 574,True
j0-56,tail-pair-periodic-gated27,7,16,4037924612514705,873 1023 1023 1023 631 1023 757 1023 873 1023 1023 239 1023 626 1023 341,873 1023 1023 1023 631 1023 757 1023 873 1023 1023 239 1023 626 1023 341,True
j0-56,tail-pair-periodic-gated27,7,17,44088252473514861,618 1023 1023 105 1023 618 1023 366 1023 362 1023 1023 756 1023 104 374,618 1023 1023 105 1023 618 1023 366 1023 362 1023 1023 756 1023 104 374,True
j0-56,tail-pair-periodic-gated27,7,18,37928874896321480,624 1023 1023 1023 877 1023 878 1023 621 1023 1023 752 1023 750 1023 95 720,624 1023 1023 1023 877 1023 878 1023 621 1023 1023 752 1023 750 1023 95 720,True
j0-56,tail-pair-periodic-gated27,7,19,38178515298894712,341 1023 1023 756 1023 1023 95 612 1023 1023 798 1023 1023 158 131,341 1023 1023 756 1023 1023 95 612 1023 1023 798 1023 1023 158 131,True
j0-56,tail-pair-periodic-gated27,7,20,47441001104677948,245 1023 236 1023 888 1023 366 1023 1023 240 1023 623 1023 119 528,245 1023 236 1023 888 1023 366 1023 1023 240 1023 623 1023 119 528,True
j0-56,tail-pair-periodic-gated27,7,21,19762619302354344,376 1023 617 1023 744 1023 1023 113 1023 1023 374 1023 623 1023 11 297,376 1023 617 1023 744 1023 1023 113 1023 1023 374 1023 623 1023 11 297,True
j0-56,tail-pair-periodic-gated27,7,22,37075220611652017,884 1023 1023 712 1023 1023 294 1023 1023 734 1023 1023 687 1023 1023 114,884 1023 1023 712 1023 1023 294 1023 1023 734 1023 1023 687 1023 1023 114,True
j0-56,tail-pair-periodic-gated27,7,23,12350023295698903,119 1023 1023 176 1023 1023 376 1023 1023 354 1023 1023 712 1023 1023 221,119 1023 1023 176 1023 1023 376 1023 1023 354 1023 1023 712 1023 1023 221,True
j0-56,tail-pair-periodic-gated27,7,24,38519840337308659,118 1023 1023 628 1023 119 1023 360 1023 1023 619 1023 233 1023 840,118 1023 1023 628 1023 119 1023 360 1023 1023 619 1023 233 1023 840,True
j0-56,tail-pair-periodic-gated27,7,25,38038193795123193,244 1023 111 1023 878 1023 749 1023 238 1023 106 1023 748 1023 95 689,244 1023 111 1023 878 1023 749 1023 238 1023 106 1023 748 1023 95 689,True
j0-56,tail-pair-periodic-gated27,7,26,41517815199962084,734 1023 1023 104 119 1023 1023 8 614 1023 1023 3 129 130,734 1023 1023 104 119 1023 1023 8 614 1023 1023 3 129 130,True
j0-56,tail-pair-periodic-gated27,7,27,44453292658969033,706 1023 1023 0 739 1023 1023 760 1023 1023 95 241 1023 1023 104 718,706 1023 1023 0 739 1023 1023 760 1023 1023 95 241 1023 1023 104 718,True
j0-56,tail-pair-periodic-gated27,7,28,52423186709134772,7 857 1023 1023 95 7 823 1023 1023 181 1023 1023 813 514,7 857 1023 1023 95 7 823 1023 1023 181 1023 1023 813 514,True
j0-56,tail-pair-periodic-gated27,7,29,48021330359874077,623 1023 1023 104 807 1023 1023 673 1023 1023 105 7 840 1023 1023 629,623 1023 1023 104 807 1023 1023 673 1023 1023 105 7 840 1023 1023 629,True
j0-56,tail-pair-periodic-gated27,7,30,13165538824351504,120 1023 618 1023 1023 746 1023 1023 744 1023 1023 1023 1023 44,120 1023 618 1023 1023 746 1023 1023 744 1023 1023 1023 1023 44,True
j0-56,tail-pair-periodic-gated27,7,31,51228742400293033,858 1023 1023 199 1023 1023 355 1023 1023 2 7 224 1023 1023 95 716,858 1023 1023 199 1023 1023 355 1023 1023 2 7 224 1023 1023 95 716,True
j0-56,tail-pair-periodic-gated27,7,32,23820778524954208,628 1023 1023 834 1023 1023 1023 104 741 1023 1023 344 1023 1023 1023 98,628 1023 1023 834 1023 1023 1023 104 741 1023 1023 344 1023 1023 1023 98,True
j0-56,tail-pair-periodic-gated27,7,33,13070152457418321,373 1023 372 1023 247 1023 112 1023 361 1023 1023 105 1023 120 1023 362,373 1023 372 1023 247 1023 112 1023 361 1023 1023 105 1023 120 1023 362,True
j0-56,tail-pair-periodic-gated27,7,34,5349046185935594,751 1023 233 1023 1023 116 1023 107 1023 875 1023 888 1023 1023 42,751 1023 233 1023 1023 116 1023 107 1023 875 1023 888 1023 1023 42,True
j0-56,tail-pair-periodic-gated27,7,35,31708742061663595,2 717 1023 1023 621 1023 1023 231 1023 1023 1023 849 1023 1023 655,2 717 1023 1023 621 1023 1023 231 1023 1023 1023 849 1023 1023 655,True
j0-56,tail-pair-periodic-gated27,7,36,52276669743102738,106 1023 873 1023 104 1023 619 1023 749 1023 223 1023 1023 104 569,106 1023 873 1023 104 1023 619 1023 749 1023 223 1023 1023 104 569,True
j0-56,tail-pair-periodic-gated27,7,37,28476104767242530,8 228 1023 1023 104 283 1023 1023 317 1023 1023 11 663 1023 1023 830,8 228 1023 1023 104 283 1023 1023 317 1023 1023 11 663 1023 1023 830,True
j0-56,tail-pair-periodic-gated27,7,38,41075273581490128,9 194 1023 1023 720 1023 1023 818 1023 1023 7 295 1023 1023 552,9 194 1023 1023 720 1023 1023 818 1023 1023 7 295 1023 1023 552,True
j0-56,tail-pair-periodic-gated27,7,39,22205823886406963,16 712 1023 1023 1023 104 739 1023 1023 333 1023 1023 95 7 8 713,16 712 1023 1023 1023 104 739 1023 1023 333 1023 1023 95 7 8 713,True
j0-56,tail-pair-periodic-gated27,7,40,13428599385982399,627 1023 1023 350 1023 1023 3 226 1023 1023 11 97 1023 1023 843,627 1023 1023 350 1023 1023 3 226 1023 1023 11 97 1023 1023 843,True
j0-56,tail-pair-periodic-gated27,7,41,48079796900629316,886 1023 1023 119 1023 887 1023 878 1023 735 1023 1023 886 1023 1 237,886 1023 1023 119 1023 887 1023 878 1023 735 1023 1023 886 1023 1 237,True
j0-56,tail-pair-periodic-gated27,7,42,51884809391446507,631 1023 625 1023 888 1023 616 1023 607 1023 745 1023 1023 1023 1 237,631 1023 625 1023 888 1023 616 1023 607 1023 745 1023 1023 1023 1 237,True
j0-56,tail-pair-periodic-gated27,7,43,23904576317169560,759 1023 242 1023 881 1023 748 1023 248 1023 877 1023 233 1023 104 312,759 1023 242 1023 881 1023 748 1023 248 1023 877 1023 233 1023 104 312,True
j0-56,tail-pair-periodic-gated27,7,44,42122479684873659,114 1023 245 1023 1023 630 1023 759 1023 375 1023 117 1023 1023 13 298,114 1023 245 1023 1023 630 1023 759 1023 375 1023 117 1023 1023 13 298,True
j0-56,tail-pair-periodic-gated27,7,45,40813526933689487,880 1023 239 1023 374 1023 363 1023 619 1023 95 1023 1023 104 646,880 1023 239 1023 374 1023 363 1023 619 1023 95 1023 1023 104 646,True
j0-56,tail-pair-periodic-gated27,7,46,36557540617462749,863 1023 1023 111 1023 1023 245 1023 623 1023 757 1023 110 1023 104 756,863 1023 1023 111 1023 1023 245 1023 623 1023 757 1023 110 1023 104 756,True
j0-56,tail-pair-periodic-gated27,7,47,22564460677977699,3 699 1023 1023 809 1023 1023 362 1023 1023 871 1023 1023 2 140,3 699 1023 1023 809 1023 1023 362 1023 1023 871 1023 1023 2 140,True
j0-56,tail-pair-periodic-gated27,7,48,22113958135900275,758 1023 113 1023 111 1023 1023 754 1023 620 1023 1023 1023 119 1023 204,758 1023 113 1023 111 1023 1023 754 1023 620 1023 1023 1023 119 1023 204,True
j0-56,tail-pair-periodic-gated27,7,49,7405615485996883,214 1023 1023 104 8 854 1023 1023 334 1023 1023 888 1023 1023 12 330,214 1023 1023 104 8 854 1023 1023 334 1023 1023 888 1023 1023 12 330,True
j0-56,tail-pair-periodic-gated27,7,50,20459266176053828,3 16 230 1023 1023 717 1023 1023 663 1023 1023 109 1023 1023 2 703,3 16 230 1023 1023 717 1023 1023 663 1023 1023 109 1023 1023 2 703,True
j0-56,tail-pair-periodic-gated27,7,51,20305927104863832,371 1023 115 1023 759 1023 629 1023 621 1023 1023 749 1023 95 166,371 1023 115 1023 759 1023 629 1023 621 1023 1023 749 1023 95 166,True
j0-56,tail-pair-periodic-gated27,7,52,37526997796994537,181 1023 1023 205 1023 1023 106 192 1023 1023 0 216 1023 1023 295,181 1023 1023 205 1023 1023 106 192 1023 1023 0 216 1023 1023 295,True
j0-56,tail-pair-periodic-gated27,7,53,37118627987498569,752 1023 622 1023 237 1023 360 1023 360 1023 110 1023 863 1023 1023 244,752 1023 622 1023 237 1023 360 1023 360 1023 110 1023 863 1023 1023 244,True
j0-56,tail-pair-periodic-gated27,7,54,44388052636003557,242 1023 1023 114 1023 1023 116 1023 883 1023 623 1023 374 1023 95 76,242 1023 1023 114 1023 1023 116 1023 883 1023 623 1023 374 1023 95 76,True
j0-56,tail-pair-periodic-gated27,7,55,31197968882551916,628 1023 1023 2 185 1023 1023 728 1023 1023 830 1023 1023 104 338 1023 1023 236,628 1023 1023 2 185 1023 1023 728 1023 1023 830 1023 1023 104 338 1023 1023 236,True
j0-56,tail-pair-periodic-gated27,7,56,28642803926824539,235 1023 235 1023 746 1023 876 1023 235 1023 873 1023 365 1023 104 114,235 1023 235 1023 746 1023 876 1023 235 1023 873 1023 365 1023 104 114,True
j0-56,tail-pair-periodic-gated27,7,57,47801221206850839,1 298 1023 1023 820 1023 1023 1023 730 1023 1023 310 1023 1023 104 726,1 298 1023 1023 820 1023 1023 1023 730 1023 1023 310 1023 1023 104 726,True
j0-56,tail-pair-periodic-gated27,7,58,51249506261188657,95 293 1023 1023 243 1023 1023 1023 354 1023 1023 12 718 1023 1023 852,95 293 1023 1023 243 1023 1023 1023 354 1023 1023 12 718 1023 1023 852,True
j0-56,tail-pair-periodic-gated27,7,59,34109417835419824,120 1023 237 1023 873 1023 236 1023 876 1023 232 1023 619 1023 95 721,120 1023 237 1023 873 1023 236 1023 876 1023 232 1023 619 1023 95 721,True
j0-56,tail-pair-periodic-gated27,7,60,19202768295335946,759 1023 754 1023 244 1023 369 1023 373 1023 882 1023 232 1023 109 711,759 1023 754 1023 244 1023 369 1023 373 1023 882 1023 232 1023 109 711,True
j0-56,tail-pair-periodic-gated27,7,61,40616030527537075,240 1023 622 1023 237 1023 1023 370 1023 243 1023 95 1023 1023 784,240 1023 622 1023 237 1023 1023 370 1023 243 1023 95 1023 1023 784,True
j0-56,tail-pair-periodic-gated27,7,62,12479139153844553,1 156 1023 1023 105 185 1023 1023 1023 218 1023 1023 1 855 1023 1023 369,1 156 1023 1023 105 185 1023 1023 1023 218 1023 1023 1 855 1023 1023 369,True
j0-56,tail-pair-periodic-gated27,7,63,45433360620056260,367 1023 878 1023 1023 108 1023 1023 626 1023 754 1023 1023 95 681,367 1023 878 1023 1023 108 1023 1023 626 1023 754 1023 1023 95 681,True
