label,curve_id,x_count,bytes,content_sha256
E0,EC1N83Ckb1h2a0d0f82b548,32646,492890,f6fb719a9c45217e311cea9fa999f7a637aa477e32cff778740c9267750982d8
O00-00,EC1N83Cbinhf87ba46d4a8a,32761,494643,731f55fee35acc06b5578550e0b107967f98c930f54b55c4f0a7b2081004a4ac
O00-01,EC1N83Cbinh7f6b6ec4e0d2,32960,497628,ad308b11f192dd8da3132e76e7eefcd4b9ff683a802d19b012ea0c45beb3ecd6
O00-02,EC1N83Cbinhba2ab86b3bc4,32827,495633,3ff8399d49b56b55a890136fe039d7d2bbc69afada72a92c479d4dbe458ba185
O00-03,EC1N83Cbinh861be660abbc,32672,493308,102360daf78b28f537f802b8ce23b1aae323a52434a8955cf79a208ef323d185
O00-04,EC1N83Cbinh6dd96541feb2,32815,495453,33eccdf48fa994ddd43a2c513781033fce6fb0eaca8f40b0858f3bf0c00cbc1c
O00-05,EC1N83Cbinh079580c1a8e8,32827,495633,875d508d98717e1f9e827b39c1608287c693c8fc58c96c1a988193109a1c482d
O00-06,EC1N83Cbinh444b064f2322,32944,497388,a0227db2afa27ccd788e20a24a018dc554f7a7edceece2d3cc70c39c625724bd
O00-07,EC1N83Cbinha60b7e16c20f,33003,498273,0baa296f73473499712850921a18fdc0a38bf84644f23a5c06dca3e637251bec
O00-08,EC1N83Cbinh2df6080ca19e,32890,496578,8ed200f02a7d792ff1c5c4203335f3c9fdee2696b393473da143379cffeb789b
O00-09,EC1N83Cbinh4a9c9179b78a,32830,495678,03f2f6abfe415012f03d761773d69969ed28508e8787fdb021df40e15b71abc7
O00-10,EC1N83Cbinh9bb108a612bd,32467,490233,24feaffd92f54d909101b536492f5d97a1f0eba871fd1738b042c40306b6c7bb
O00-11,EC1N83Cbinhda6cad62e43d,32781,494943,55df0a5eb2d4f500c26adda67d1a8e514b86274b19573c722870875b4f4532f5
O00-12,EC1N83Cbinh208474a31a70,32586,492018,5ce458fc6c9773560728bc0d8279e8f13007dd90bcbfb70afdc31cca65673838
O00-13,EC1N83Cbinh74e4f9ffd148,32864,496187,4cd82bd4d694ad8fa4154e8dcaa326999ddb3f37d2957c0c42ef9a6a90d1d50e
O00-14,EC1N83Cbinh71e615620ecd,33061,499143,7ba0b512c4c2dff66c74bfb922f67e5cace30ea63c90a54bd8da46b0279464d7
O00-15,EC1N83Cbinhe0516710693b,32899,496713,28845ac14b1c5c84c47d4bc0f6e1c087a641b14889a38ffa390e4418945c14d0
O00-16,EC1N83Cbinhe2bf01968606,32949,497463,fe7d26937d831db4fb2ebfa9316caf98e02c574750ebe0acc9fb914bdc5dfa98
O00-17,EC1N83Cbinhc7818f87258e,32896,496665,609397c1388a5ec8a4d7dbf09cf81d97d8ee53602345c063047111bde65e91a4
O00-18,EC1N83Cbinh9243120ac235,33004,498286,09b25fe39425a30347f7a025b510ea835dc5d96d28051ed7b45d9c679665f6dc
O00-19,EC1N83Cbinhd5d8601b513e,32912,496908,a53530a1340429ec244bb3f36b0f824d69e70d3700299bdfbf6b5bdad9c08fc5
O00-20,EC1N83Cbinh26211c715e2e,32765,494703,d71c02520a6bf19e166127d1bc74b56ae4c5500100f60fca85b0c19c702af615
O00-21,EC1N83Cbinh4cb6ad3a6b7d,32866,496218,74623d7dbf3060904551154e9f29d5385664c433bda88607234c065c83432559
O00-22,EC1N83Cbinhc06f896322f3,32744,494388,5c2a71cfc4fad7bd1a5b25b9bdfb3b1b7bb29f42718eba654676f2a787987e2d
O00-23,EC1N83Cbinha19c699b679f,32683,493473,ffb6b54e0a9da2d4b5384e02f08dde298a1f455186aa7c0bc5e7fb8d3cd9774b
O00-24,EC1N83Cbinh89d226d751e6,32776,494868,a2660b9567e59fb9c124514ac05033748ba765756bd2abff3dff5df82ecf1f88
O00-25,EC1N83Cbinh118fadf78d87,32853,496023,6a1b709f3664d57d759a3ed94298d7648562c7359a4831011ec857f5bbf2a2f7
O00-26,EC1N83Cbinh4bd477cf4305,32824,495588,0720596c6c2c1d2abb08e9e9006b271fa132084746c3819081b19a7fc49b2ccc
O00-27,EC1N83Cbinhe52d6921b22b,32486,490518,65df76c5fe0b9f5218b14f8385ed46cbe42c5ad76f1894abdb8da3bb0e2a4c7a
O00-28,EC1N83Cbinh371309c45d8b,32815,495453,d31dec3cad3819307722040dbb1f5dd201dbb6e1f5188edcd2512b3a20cd24c3
O00-29,EC1N83Cbinh569b03103206,32775,494853,acd924ee6328e764302a31941bed6ccb3500249a158812b7338c0324c9a4aced
O00-30,EC1N83Cbinh37d9e596281e,32846,495918,1c49f549c6c88fe1a7c01df2717fbd5df9497be7fff60625e9ebb8cf16c3ef6d
O00-31,EC1N83Cbinha79b90ab65ae,32917,496983,43f2a8fc02371c93233ceec7b3495e79c03675f231dce2e7c154d21942b1e93a
O00-32,EC1N83Cbinhe8af3bc4eb94,32706,493818,b1d3c9e6cf279e98ff2cb58d7a02e980d81abcb76efe324af19d6af7a71b8946
O00-33,EC1N83Cbinh1c8e0846f1d9,32853,496023,e50530573fd4cb2a7c631cc7db6d84c79acb15891bbd9a5c10acea49cc1b420e
O00-34,EC1N83Cbinh14b477a8a713,32683,493472,630550a3e6624ed5c81911b4de8c09343374336727dcc23cece966e8ac46dc13
O00-35,EC1N83Cbinh5ebd072b259b,32819,495513,82d8a6d44434e7d103c2e491fce9bf0b2f047e137afff539695075aae04610d1
O00-36,EC1N83Cbinh016d9526e552,32854,496038,28b2362de59125e55ea1c54b8ba72768bbfd1e85d62c4ff0dda2022f4e91bf5e
O00-37,EC1N83Cbinh5f46ca47c9a4,32873,496323,b8dc209e1a8d46d65d39b04a4bb0b5d221569187fb0c62db87a01478c1b11adb
O00-38,EC1N83Cbinh092ca64956f9,32734,494238,4bb65977ac3740c2e7627062252c8fe70c4239d6dcebc84e0927ea95266d3b20
O00-39,EC1N83Cbinhb85ae6273747,32980,497928,8c67a274cb535490ae46fff321776d4f4af70cf7432f7e40a222e605b0afba4f
O00-40,EC1N83Cbinh692169775c9c,32774,494838,af8321a01b6e929db9a6f33b346fd767681c7ce42d7af0c1d41fc5e0364ecc32
O00-41,EC1N83Cbinhae54da096212,32914,496938,b13e6ff8500bd39786ca54f74c2dafd9d8e64a5ec3254cba31b4b6e96e9df918
O00-42,EC1N83Cbinhd786aa2dcd28,32421,489543,647c06abd8bdb7255fa4ecab048d18a9886d7b18fd09428b62e4357e27d3ca96
O00-43,EC1N83Cbinh99236781d6ea,32948,497448,d2bd741e397dc625a97028219fe6199658bf80eb65a591c6dd0934eaa5bb1d24
O00-44,EC1N83Cbinh87446c0c7cc3,32701,493743,fb211f3692db9387e08ae8f0dac4ad34ecf5a3e6b54ec99a1dc25d1e45c7a483
O00-45,EC1N83Cbinh7584d832cd3d,32959,497613,2f45a35addba4a5fb3e65b7641bde8a7a7e827f67eb6eef508fee43bd7f00f97
O00-46,EC1N83Cbinhe8e1092a27c6,32832,495708,8bb25d14649725d93f09be29f0064e775dd15f073224e74971bc24d89ac58c82
O00-47,EC1N83Cbinhfe21db4e777c,32692,493608,2d1eb0459a74d9ec2790bf7f9177060f6d989b44434fdfaad7cd0e4070083ead
O00-48,EC1N83Cbinh492807537f33,32868,496248,18ac88120877146d4fb84fe0bae38f10a54de8bfbb7802ef02e839a948625c5b
O00-49,EC1N83Cbinha6a1d5a70fb5,32813,495422,4dcac79ff468388a0aaca93cbf855f79ebbbde2f67e94437bf911f0577f4532e
O00-50,EC1N83Cbinh924890795b1c,32744,494388,6e0bbca893c0830fee75d3168ccb2ac431c495393edd5619f6b90a45ebb57b7b
O00-51,EC1N83Cbinh3dd3e71103ef,32850,495978,7013082b8f2fec31aa6d95f4648fe3c56b8e82af2c219d7daffad8c09f63987a
O00-52,EC1N83Cbinh52ac0f8c8c8e,32623,492573,f6342f02b5867afe9104d5734e56b28f0ac9f6ffa87f608b29c9bdd78773022d
O00-53,EC1N83Cbinh023f1b161f93,32591,492093,2f6f71fc8e05cabf124ef4c9c1f5d6421d0b6b5e22126d3eace6582960f05601
O00-54,EC1N83Cbinhf7101dfed446,32600,492226,7b47d129d46b6de9605cf7ec66074eb961c93433670525050396a0009483fb56
O00-55,EC1N83Cbinhe5da9ff5ee94,32633,492723,71071314e2db1c51c05f78f4d5ab62684c24672d2ca6bda2ada45ce53abe759c
O00-56,EC1N83Cbinh1b0b6f6f4761,32784,494988,32f28234a0eb4f5ede25536360f3ebe0417ef3339503bf2a15c85e6f9cf629fd
O00-57,EC1N83Cbinh44b694a81a8f,32752,494508,ac38b9487d0169f3aec6e6eb4568182f0cf9192c809684e6cdefce4c0a3404b9
O00-58,EC1N83Cbinh9ccaae298161,32945,497403,1cae669c3f59fbe15b76b6f19b386a846e4df831a17c4039791377240f1dc099
O00-59,EC1N83Cbinha047c36bb3c7,32665,493203,99c74672adb4f77484728aa00c1ddcbf9c3b30546f7af73e138d6c58dc6420a0
O00-60,EC1N83Cbinh7d54252732ce,32820,495528,0237877eea1689c506fbf81daca22fb0f7ed6f038be699abd9d4a83791adebe5
O00-61,EC1N83Cbinha44d839ad4d8,32691,493593,d154dfb8512e4d2eb9deaa3f93e558eac6a6a2dbb71555be87bc00d86bc8a384
O00-62,EC1N83Cbinh4d9973e384a9,32959,497613,f0ed41d24ebd3f8e3610c440872037dcf2dee2253d109aba287a3f1e89e13a79
O00-63,EC1N83Cbinhe731ae061ae4,33024,498588,c72cc452c50340ff6a2c6e89898e39a5d3bfba896fbf34e9dd62771480fff56f
O00-64,EC1N83Cbinhad8f2d2007c6,32643,492873,9f43db9ab8558bd9ed061d5b6a5233dadf0e0152485a482eee18749ba49a54c7
O00-65,EC1N83Cbinhd5c6a847e30f,33003,498273,0ecc7788b15eef29f928b1c694df1af4f549e03cfb10d2050d95a283625f44ed
O00-66,EC1N83Cbinhe079e18ac078,32683,493473,3a670b227ab64c17d2982f7f0541c7ff2acc44199e2aed9209a84c97e7a97907
O00-67,EC1N83Cbinhd669aa613b8c,32779,494913,84906b33c7882b768b264203cbf3acae8e752e1e11da96adb517d97ac656633f
O00-68,EC1N83Cbinh6b74323b17ce,32879,496413,2cac79c634928919e91c9c4c0b2b40602cb743e659393a4cc9a59be318b4c802
O00-69,EC1N83Cbinh844b5380e155,32516,490968,0d430a8ee7b7c7849023c9e85b3a684f3765f02c48ca1aff4588d8732eafcca7
O00-70,EC1N83Cbinh8ed81e659e1f,32727,494133,2fc7b580a92c6bfa68a3a96fd0026e15e331a61e2f25d97bff41485f39950484
O00-71,EC1N83Cbinh1b86f22ca75f,32825,495602,c32299d613ee014ab530fd2ab6235c96eb352a05ca6aabead37bf61dc80d7604
O00-72,EC1N83Cbinh441f94bf8ed3,32697,493683,9059e962adb869d4b59cf13e016cead525c43fe8a5197093d1fefc4f6a24e085
O00-73,EC1N83Cbinh11256ecb4208,32838,495798,dcf34fab09393f4828c1fe869f19bd637243cdf2e23081d527e0575cf9005d4e
O00-74,EC1N83Cbinh8ea80be05079,33033,498723,00a5f9016147318f1a20ccb20c2242aff8527762a92294a1e078febf7397b77c
O00-75,EC1N83Cbinh47410af5f6cc,32714,493938,1d6d16159f8e6d50c0a5257f2a3a25e038f991821a009efffb29546e1f3ab1ca
O00-76,EC1N83Cbinh478ffd232303,32885,496503,eb7203a1bf7dcf7d3d402d0c14f623c92adc1f03f72d2f2b45e4f5816b19889e
O00-77,EC1N83Cbinhcac2ad60e3ee,32654,493038,fd519e5ad5fbac41189be9b332dc5465a9512f7838f58177f6027e6c372230e5
O00-78,EC1N83Cbinhf6f45de3222b,32756,494568,b8dd289cc16a270f88df754e7625dd2fa2f54bd36db292ee27c6432fc219e6d2
O00-79,EC1N83Cbinh4fc67c751519,32535,491253,b1ff21384ee8c9047c036f48161532d41c885e83a961cabe6df6abe23fec7891
O00-80,EC1N83Cbinh88afc4a5fb71,32681,493443,cc23974f147bebe6079c4dd47d631fec389be1996c77daf491568c5b2c53751c
O00-81,EC1N83Cbinh4094a2f6d059,33143,500373,0a3f5efa30d3c0026537fa40fa3a045232181cf334bd0f0f97e11e20d50855d6
O00-82,EC1N83Cbinh56db75f9a720,32774,494838,6307aeca34e980efd071f3e2c58536da3a8c4d5485f656819774cd5ff99f6d68
O01-00,EC1N83Cbinhc747c8187872,32689,493563,dd94cb69b30f2c1c54e9f8333bb77e23cce64ae647d2e8c7b730ae2aedc93518
O01-01,EC1N83Cbinhf0649880b945,32657,493083,af6e08ffbd2ded40edc903c06fa64ed8499cedfe55277e145745aa57450efe1c
O01-02,EC1N83Cbinhe2142e56804a,32647,492933,f2aef2b0ee7929634d44f0da388eba2e6c65642e8a6edeed5c55b4dda3ac445d
O01-03,EC1N83Cbinh6b0163875b27,33039,498813,9afdbdeb5ff2e9b568cc8a563d570a4fb7777531ff095e75a1db99cfa49f0af1
O01-04,EC1N83Cbinh3f5ce903e5a9,32666,493217,efd8fb3e8b3a299227d1da4a255ecb6614c9a2fcda0a22e60bfdd3be5a947971
O01-05,EC1N83Cbinh71a4a066641c,32764,494688,b30d1e157787bae28e85b40ace327db55be5391ff3940b847a688ca7d6b8fcff
O01-06,EC1N83Cbinh2e754f2c70dc,32948,497448,66c7ae19aa91c0308f7b1294e04dc4a47f026238960b1ad4dab71e25968ddfba
O01-07,EC1N83Cbinh9646ac6208e8,32842,495858,473d4491efa004df1fb79997b3a0ec21ce89dc2a86be74005f427a8289cd26dc
O01-08,EC1N83Cbinhbc89752dd14c,32918,496998,6bee812a3bb87ee21c8710f7cde1fbb8186a9ed60092b024d70a278d1338d8a7
O01-09,EC1N83Cbinh8b6c472cb738,32890,496578,26b4dda9e34cdd5d9afc77dedbac3deafa4cbc17256998beebacf9ad308be279
O01-10,EC1N83Cbinh68180e9907f1,32956,497568,06cd1e8886c6cabfe0971698d1bdd90f9ae2b15d1e83f1699758cb2b8c26c222
O01-11,EC1N83Cbinh95c5dab3ceb3,32723,494073,2c9077767023e0b9622534e3a06707375de76b1e02faf6fa6f314aadf46cd7fc
O01-12,EC1N83Cbinhe5a39b27aa02,32838,495798,93ec17a89a2143b4359cdca7b94e3780422cf1606a24ab0fc0f9688031c0420c
O01-13,EC1N83Cbinheec198d69ca4,32993,498123,a7a9041b098f2c19c75f9ebf9f77548f2f0840dd7d0ba130c57e5fc442cb8224
O01-14,EC1N83Cbinh62e51929d92a,32797,495183,fa64ef826db19200611b98f08f8f4452ebe72b23b905f5df7acbac5eff6f196c
O01-15,EC1N83Cbinh712cece3708a,32879,496413,bc7805da98220c6782816d8d28bcb5bfac680fa8c73392d7cece8404988ff590
O01-16,EC1N83Cbinh1daaa3ffba7f,32895,496653,03601098698b3b36e0c82fccad79de2879f709a0a2c6343ef79955da46a23f08
O01-17,EC1N83Cbinh37fc6771fd18,32612,492408,bf0a40e2f6e954a7e3e8e6bf69d9af9a8055aea40f1a55a4c3eb56989e67aaf9
O01-18,EC1N83Cbinhfcdde237b9a3,32838,495798,53cea2e841573c3945fdf219bce6977fd149f3909674f738be4dd2b3482700b9
O01-19,EC1N83Cbinh1b56a5fd4819,32913,496923,2f6bebe931fbdd0f02522bbe9765bae2f4f7b6aa491da60e0126badde5f508ad
O01-20,EC1N83Cbinhf191911734c6,32964,497688,a0198622dd97cb293f9ad2a9cfb80fbe496586c4ce55fc784a422e9fa60a9b2a
O01-21,EC1N83Cbinh48d1ad5210e2,32870,496278,375408eebe84e7ac9737a22e0acc6d695195fb24ff6d8d95260364d13405233a
O01-22,EC1N83Cbinh9f1514438e5d,32689,493563,e3426cce901c5627b1d47a3dd3eb268f3f9321105add3e007595da55df5b410e
O01-23,EC1N83Cbinh0e99674fcf2f,32891,496593,bfc5044adf3840068a6f1134f987c94fc3a0ca8940105e6b1a31ece9ca5e39f7
O01-24,EC1N83Cbinha3140580d37f,32925,497103,de37935aacadfd35c2c4eb7891c21c1c44b6744623b9cc847c0ed271fd60d422
O01-25,EC1N83Cbinhd65053ff96e5,32817,495483,e79bdaf31455b65fc5cb030244aa8167bafc7b832f02245cf766a44eedc33bed
O01-26,EC1N83Cbinh1fd0a60acf75,32756,494568,6f375ae4dd6f5602e2e46abaa139a82084ef04cc83246cd2068982104798c4ca
O01-27,EC1N83Cbinhb24b26b393e4,32606,492318,b560f766ec2239d95a0c7c657b19a31419667deb80ff97c9112e006eb9244450
O01-28,EC1N83Cbinh42d643c18d3a,32717,493983,c7562a9b55af025ed201b854b6c23a90a38c6839d901abb6977ba00ef43a7147
O01-29,EC1N83Cbinhdc73de38f88c,32552,491507,efc58f7b33b0afdafda89e3cb3158558a84398442cdedb025c4fc9b33bb74912
O01-30,EC1N83Cbinhfcfe0d400017,32666,493218,85e80b4d1fa890d8622a759e6710dd9cfab325b2de5c5ca14d1b5d6843217c39
O01-31,EC1N83Cbinhcfb91444da0a,32850,495978,1dce786fbc97d8339df392b492676d3800e418d1070c69b16b6e8c80332aba08
O01-32,EC1N83Cbinha81248e023e2,32599,492213,4de9dcfa5d906e7a868704e5402a8c812d6d8042cd8998b38c60a0ddeb930b13
O01-33,EC1N83Cbinh4f8dd8a36e5c,32712,493908,7253d2a8c6bc54cf34a7bad153e2c0c6ca9c1828a904af54558a126d968b0251
O01-34,EC1N83Cbinhd4a7daa683ad,32913,496923,5c4398087bd1e6c38ae123517af969276194364e6dbb940d9c0a1f43f8ffee58
O01-35,EC1N83Cbinh260c302fe807,32622,492558,67ea549eea9ed0e2bb36bd7b5af9a971bf2b30ba04da990ca9f8562db41c4913
O01-36,EC1N83Cbinh439132cc2144,32871,496293,4e92e6483ac100ebe2b254227ff2d0dca60418284139649cbfde2b514379920f
O01-37,EC1N83Cbinh9a8b743ca226,32786,495018,ba546612940fd0bcbc13b92edd5391a2db711d2d9df11121629fd1c703054e99
O01-38,EC1N83Cbinhae06c02ce46d,32870,496278,16bbe6f785eadf1cc9355792860615e3a3b15cb45ce03fc69d0d9e7ebfa66c7d
O01-39,EC1N83Cbinhdbff23f820a1,32771,494793,bbae084a9e3878003cb10789a671808193f2aba0869c7df7b7f7727b0e44d256
O01-40,EC1N83Cbinhbb62948d963f,32714,493938,282d1139b6e928f3f46e52ef2994dface3b6cbe72e57137e8bf2b3c56cf0cb71
O01-41,EC1N83Cbinh850a84f847f7,32895,496653,03ad3804c4671d5c5645a9f16f06ec878cd057c038aa6707ccb7aec2ea8ea1ef
O01-42,EC1N83Cbinha264dca67876,32734,494238,12ce5d0d5d5294eec0076cb98036715e71d68ed99567e691f6f1bffbf5807e87
O01-43,EC1N83Cbinh40704e663ba9,32866,496218,769bafab8d0b2778259b44a7dc336b4b7776a0261df036303630c2b57a6d0c1b
O01-44,EC1N83Cbinh24bfb48cb4dd,33029,498663,f523b126f32ef49a7404c01d0b41516e7fefcc21db0c20ad38060d526dd93aa3
O01-45,EC1N83Cbinh7c9b4b8ea96d,32791,495093,d3e75a93b4d4a50af49ef7919bd60c55096c70dfecd75ad906a226804fab1f5b
O01-46,EC1N83Cbinh3140b7478f49,32784,494988,bd72770a6717797115d3a34c1fc6c27bb1a1f7b412d27197bd35469b94c885df
O01-47,EC1N83Cbinh8e386aadbba3,32731,494193,87db9584cbd30139edbde36298e4537970143f456ffade7dc4c7f0e36c5425eb
O01-48,EC1N83Cbinhddecc4e6cde3,32682,493458,63c337bc6536773ae4b064193f3e5f3a9d3c68e79619ee33122789dd04f24c4f
O01-49,EC1N83Cbinh63619a5df637,32778,494898,b28ee310a36c9abce77c589498c0b3842d65c62095d47752214f5dd4c28d3856
O01-50,EC1N83Cbinh4d6d96178477,32797,495183,e6cf76f21d0a40e13a5c79e0bb487f57ac092b3b31bfb8fcd294bcc350d3f258
O01-51,EC1N83Cbinh953cd8236187,32544,491388,e1cbd65cb025d5962598b9b9b2112d33b2a0d2923bb4f653c34d06f42db31de8
O01-52,EC1N83Cbinh24e0a9e12696,32957,497583,e062d7dd67e79bd913c63b628d1983c2e4e744cd88b9cbe4b08d1c69bd5cb846
O01-53,EC1N83Cbinh16f0d4c0cc84,32902,496758,0e1f89459b259c8545ac84108a963e52f3ac4ae2f4d0b3a5ec8855762ea278d7
O01-54,EC1N83Cbinh647608b4de5d,32990,498078,da91179d31e1f03ee5c2769c4123e2280e2cdf511660b5eb8275d9fa20ba2650
O01-55,EC1N83Cbinh1d777802d157,32828,495647,75b26483bd1e42c79759aafcbdd862500ff391805faf2e21a5f2cceddcb89df8
O01-56,EC1N83Cbinhc753786204d5,32853,496023,53ada1a99cea532a972763bb38f2501d2a4d9a5e6269a9e3aaca581690c2e3cc
O01-57,EC1N83Cbinh2e4269e9a4bc,32701,493743,3884c69a4e62b4d010597f65d8d54738564e63c8f17914f35435f7e5ef587098
O01-58,EC1N83Cbinh671ff6c54bb6,32588,492048,ded901cd22351f0623e3e4ffe790b672fd050c4f9b0e42cbd2594a620155b92a
O01-59,EC1N83Cbinh575e7d58a305,32706,493818,9e9e7ac49ca43c4e6435bfa278f450bab1174545f5b2b6cb245353a937b7346c
O01-60,EC1N83Cbinh1cbaebf44d1a,32624,492588,11e90a314c66e702d08d11131191efb49b17b1b4e3840af9686e0090026619c2
O01-61,EC1N83Cbinh62697c491d84,32584,491987,0a27462e390a500a0a294ec48d549b1323be849eb154a7672783a8f8262f1617
O01-62,EC1N83Cbinh6f02a4fa2e21,32598,492197,a0a9d3cfaa5a9edc82a8dffbfc99d60d04635dbf1a41a0e3547fbb74a8446345
O01-63,EC1N83Cbinhbf7f8214d525,32655,493053,ee0aa04adf3218fa9c415fb47790ab229709f57a0cef456d68507c1b31fd3972
O01-64,EC1N83Cbinh79e1da350f71,32650,492978,83ce489c4dc15b292a832850942d66b9fb817201fe18fcc2a0cc2cc351abdb13
O01-65,EC1N83Cbinh948666e7edb6,32610,492378,e4cbd0dad7c9fe1bcfea3040a68ff8772d2670c4b6cbc7f778b74b842304f059
O01-66,EC1N83Cbinh65f3784d0db3,32537,491283,f195b0570ec436a99d6db095f212958eb4d9bbb92f1c12c670758e292d1b37b3
O01-67,EC1N83Cbinh0c8cd8237c5a,32650,492978,eff5f658a4247ffc1efb659b9ade7ddaccc4ba02039efcaaa66a194094cc2e3e
O01-68,EC1N83Cbinh173dd908d708,32515,490953,5a978b00c234bd7fe358860618e287179bea98f448087d71c040d5f14c8ce6d3
O01-69,EC1N83Cbinh7d380e3008b3,32518,490997,048d4a9074574c5242590813d8184aaa743a0aa87460c5eb972f22591618bf72
O01-70,EC1N83Cbinhd2c8fc29afea,32672,493308,9b13b85eb6e5c9f6cd430b0b227c37f14f924ef9acc7d5f11faca9d9f98ad5a1
O01-71,EC1N83Cbinhe7342a61da4f,32832,495708,d7a894306b5bbfbe815e0e1b2061f6bbbfcd0cb52bde8d7fa17f87bf069c978e
O01-72,EC1N83Cbinhcac8b97aff8d,32750,494478,7a27289530f7887b45dd7f196ca0c22150b8e8aa7d110f1a96aaff9b54a8d0e0
O01-73,EC1N83Cbinhed7efecc568e,32885,496503,403deeb03c1a89967066d19449f62adf594a33b217971c935124a2ff3ee459dd
O01-74,EC1N83Cbinh49bc10b4b0f0,32848,495948,5f9bf28fc36487bea3668016509cb87ea3507dfe5ca6ad4ec8030987b2afc76f
O01-75,EC1N83Cbinh7da11e947736,32504,490788,853d76d34d44dc1a199cd0eb87f7d96ed7631d775f139e55214c942ec2d89495
O01-76,EC1N83Cbinhd7a175498cab,32912,496908,ef0fa032776c115ececd1edbadbd7e544a482a20ac904c349b8162d572ba9216
O01-77,EC1N83Cbinh3f88a16cc386,32591,492093,cae205fabd5e4976522140a5774aa54a4f9835a3faaef5f1b431bda3e968b8ef
O01-78,EC1N83Cbinh8322fca0d9f7,33038,498798,730e4ccbc92aa3eaa45628a71a682a79905f4d8a0cb6d75cda15595904163eec
O01-79,EC1N83Cbinh9a102dc7ddc0,32752,494508,615c1bf5a606713fdbb4ca54e5f5985f1a793b12c4d8f375f1bb08e5edb00649
O01-80,EC1N83Cbinh54a71e959d25,32861,496143,26c6752a2d86187ededd69a5a3f2f2285f8612e4fdb4825a96df18b2faa945bf
O01-81,EC1N83Cbinhf17c1cafb6dd,32611,492393,01e156e7ba96e86cfbbbabab627673c836230fd9907ae8109423e780bfd410ab
O01-82,EC1N83Cbinh942bb2ad6aa0,32770,494778,a881c162b49bfe0fee3e4e7ed7e8d0893ff2a57ac822c96addd3d1075abdc7e0
O02-00,EC1N83Cbinhe5e1a08f02c4,32722,494058,ebc1d90117f4d604da2bee476812f8c82023769dff6e4141be928d4b2e9ce2a9
O02-01,EC1N83Cbinhee24963fd471,32637,492783,0eee846582806df0bd3e8fb54dbc5cd27bafe5dea21508b294c5c3ab7788fbbb
O02-02,EC1N83Cbinh43969b12b4d9,32874,496338,f6fee6ca96dc03895c365fce87947910956c990605747ac6b95a2c99cac1f8ba
O02-03,EC1N83Cbinh3523ce755d6e,32648,492948,874fc264034d26ae662d5b8588057a27a39873b5f8e4fdf85fa6de5ea6858b3a
O02-04,EC1N83Cbinh377558bee49b,32872,496308,5ebc505ac99d3f45ac44152f6544bb9dcba203b10f8189df1f91e467589c001e
O02-05,EC1N83Cbinhf60bcd463a9d,32975,497853,cd84427ffa0ffaaedd2d1bcc3a52b960d5c210ca0ede38650119696eb7a8a4e5
O02-06,EC1N83Cbinhce90ecab8525,32841,495843,cbbc8515b62fa51a9d65c998605ab421da23924f6764b13274599ec1c70fb26a
O02-07,EC1N83Cbinh6532c2e018d3,32807,495333,97f238d5a7328c82348daf8d9f5899c76977fd5415c1299aa4a4c9e8102c5873
O02-08,EC1N83Cbinhf51ca6ccc3a8,32973,497823,aa40eb1bd4c4348f14664413e7c52916df96821e0dd83dcd18d8985d7afb37e5
O02-09,EC1N83Cbinh85b9f40cd608,32896,496668,4bcd90a155e6767b8f8ccfbc78247241a1353824a4b5b62194a27afa3b8d9527
O02-10,EC1N83Cbinh0c30e95d6fe1,32787,495033,02956ba42e282edde2a24de409a55b8c246d251bf61a20e4b5254af9b7196bb8
O02-11,EC1N83Cbinh46343fe5b213,32676,493368,9889fa7dcd019fe7a49bb3a3e3bbed8891eb3f86713cd9d9e7090f0a9c07a6cf
O02-12,EC1N83Cbinhca1845bec895,32779,494913,b52ab5d90eb963813c1ad6184e423396d9db5144fc2dec55459f2f5cc9aaea16
O02-13,EC1N83Cbinhb85526d5018d,32675,493353,7d4c2efe0d2817088ef8c1fe0d3bd5a86d426efa82f6a1ac963063ad5fb94b41
O02-14,EC1N83Cbinh64c0e628bf3a,32730,494178,9a7546caaeb2f377a653c9b8982102b6cdaae74ab1cc0cc859d77fa91defe720
O02-15,EC1N83Cbinh01ee68fa00ca,32920,497028,1887ca270285f8c6c6344fd1a9eaeaa0d3ede8456c021693d59a58fb03567ba9
O02-16,EC1N83Cbinh1039c9b0bed0,32802,495258,4925cc985b5ba0ca7bb2d9d7b2b861b51106d9588b15f300559ddfd1b9c5eacb
O02-17,EC1N83Cbinh43af2b16085a,32758,494597,cdc7c81d879401559a9635eac70135bfb102b1c0c4de16ff0061d97c6beaa389
O02-18,EC1N83Cbinh6047165caffa,32853,496023,c15c170aa532d1b157d1de6c7b7fbe53a572a7dfe6222a710682ed0525df1f9b
O02-19,EC1N83Cbinh8021143fd1d4,32785,495003,b9d7b195cd580bfaee1e965fca8f2bc0c324d8d91ee6fed8295f1074fb54a8ca
O02-20,EC1N83Cbinhca6ba7ec972f,32868,496248,5172b45c308b731b81c10b2a9cc10a4b7fa5565f6da2816da1febb7befecd59e
O02-21,EC1N83Cbinh971f29b11fd7,32782,494958,7afad8d78c632fea9efadd0a45d47c71d6d519f98206ea5ab09f4027d0ff143f
O02-22,EC1N83Cbinhe1f719d7d2e9,32719,494013,8d6f167bf6bb64d5f769b79cd3e6d0cc672d7ebc47bfefb21b664086c9d7992f
O02-23,EC1N83Cbinh937b6f8a242a,32852,496008,75c5f0a13cffe7e52ad7d01a75ef920c885d2ceb134e016ddf514b25ba863e0d
O02-24,EC1N83Cbinh1df0de26814d,32605,492302,1ef4cbdeff5f1d2937e19766ee37497b0df56016db498cf0734c697614197849
O02-25,EC1N83Cbinh72f914968d20,32881,496442,1bd5bdb26b91180e93091a896638f55c558f0483faa06d9f923cd8019b90439f
O02-26,EC1N83Cbinh87c853698891,32716,493968,f181070a53ad8ecefeaa6ea5fef82c24ad682952b456470b6f9db18447d24885
O02-27,EC1N83Cbinh6d3743d02716,32881,496443,02d569c63377c2516b9602871763f3d598e10aa0e9368314e1a9ea2c1b0396e0
O02-28,EC1N83Cbinh8aa8521fe7fa,32826,495618,e752ed4c3245150410331988d2a0d3c51f941a7899a5600781d894bd0c11b9bf
O02-29,EC1N83Cbinh1f7f6e08cb26,32873,496323,6ee80bf1fe8c7d059ce4872f1d40bad77141cf395fdf714725e4004e9958140c
O02-30,EC1N83Cbinhd1a0348ba231,32667,493233,76c28e61dad3f2d1156026d66aa87fa2c819acf33b00f637342912a9120b45d0
O02-31,EC1N83Cbinhb120ac742f35,32700,493728,d4bee9fa2959f8902b0254428c11a3512d4a020036c74261c9c4b0ea568e735c
O02-32,EC1N83Cbinh306bacb17df9,32478,490398,998c2c0e63388a42fd333066d9cb08d12b0b0adad5801de022ff865c76d70277
O02-33,EC1N83Cbinhfb8f8211d065,32827,495633,6c64d1a1fea5600f6f05bab62e082118ce9888742f569efd72b5a43d66e2c55d
O02-34,EC1N83Cbinh5cf8284a1010,32711,493893,fc79b0171fe7470a9fea4db0b5d0377aadb7ca2b765326e1b0b5fe8e4c213e35
O02-35,EC1N83Cbinh0c8142201b27,32675,493353,50743d40c6eae48028330532d2b63930d84693f2a6816c912e2e932c056ccc26
O02-36,EC1N83Cbinh3896c36c1a3b,32386,489018,9c4fe11d607641f6894fe7328de238906d9b526edf172507a7db6edc11ff3e40
O02-37,EC1N83Cbinh9d1a1a7f5704,33013,498423,03fce973a95f80d728f4440b0454e1544ef65eb26b362c07677908de48cf8067
O02-38,EC1N83Cbinh4da575416d58,32834,495738,aeb7140563bfa22b89de25e2ecfd971f0b48f826dd7fe18b53f97b337441e037
O02-39,EC1N83Cbinhe43b672d6b03,32757,494583,a282c3aff687b2038f3e8c7a2da3caf5c76569487666db4bd20f67b12ae8ab3d
O02-40,EC1N83Cbinh33c9ad96dbdd,32705,493803,73518e6d4155b9de290d2641d5c08266a68f73dc03951a3deb6d2ebc44eb7dfc
O02-41,EC1N83Cbinh1887ba7f2366,33237,501782,1e393b9a99b09a9b6ff7d865da95fe28beadeda3da58c474fc9330813782564e
O02-42,EC1N83Cbinh0dec74f6832b,32823,495573,3a999276f5fd8c621ba630c782ffc3e9c45b7c3b3ec071acbff653c2a55dc6f4
O02-43,EC1N83Cbinhc3571c218888,32729,494163,e502f20a2198862faef31c5cd27b835237bfad63d4dcf46e2c3f939488c065d1
O02-44,EC1N83Cbinheb25394e9aaa,32874,496338,15066d01af0e867ca26561886fb819313064a8f4560659773c7adcac20e830a7
O02-45,EC1N83Cbinheebf76404643,32834,495738,5e0760bd34e9573201121df0203ba34b024eb8ee4d7c6e0ae932e746f0ff4c81
O02-46,EC1N83Cbinh8941938d12d4,32868,496248,11ec4f9b55907577efb15060e600528917cf0c4a41f5ce85d92f96ec3f7a2fad
O02-47,EC1N83Cbinhac059c9fb14d,32868,496248,c6a6c37341114861ec86716c4d4a107b3bc0bf24ea9f9e6a691193d56b54b708
O02-48,EC1N83Cbinh7921989980fc,32923,497073,37c8389cdf788d2b4edb0b23a43be4c2a0c36dd638c11d44b7d6ffacb4ab916a
O02-49,EC1N83Cbinh9650ecf44fe1,32950,497478,777bfaa592624b0441b950b31c562e570b3293d7592cad10ea1a03b94c587f63
O02-50,EC1N83Cbinhabd1e8eaf64d,32740,494328,2e7059d658a8e7a8269e0303d7bc3071cabfddc103138aef2ae791da40fe7471
O02-51,EC1N83Cbinh59d58a37a807,32794,495138,1800c20d0ce17f9cceed00d53528d3184bdddf98059f5c90fa59a59b89178208
O02-52,EC1N83Cbinhf8639ef24895,32801,495243,abf5b23b997c85bd80e8b209fdc3adab019d41ff16ba56f9579309747d2a51c7
O02-53,EC1N83Cbinh8ca7791a6f1f,32742,494358,691b794cfe74377c7dfddfe238ee25ee8db8242c067d36338d8faeb0b93d44f2
O02-54,EC1N83Cbinhba39e17a51ba,32969,497763,f54228d79fda22723f9104cef3235d7ab644374fb433a9fa8e5d150b23fca623
O02-55,EC1N83Cbinh9d66f15d2a2e,32886,496518,d51388e577d7d88ba856271742fa24ceb6b24bb0d8c923da00a9d9f97cb0e6d3
O02-56,EC1N83Cbinh5e216825ab34,32753,494523,71db434fcd7cad6568123643c046715ff002fc2fab619542df7ab94c7a60d955
O02-57,EC1N83Cbinhfc411c39c517,32786,495018,52fa64e2330e79f5921b6dff452ee9dc173329fdbed24d584198c137751c70e2
O02-58,EC1N83Cbinhef7169603902,32822,495558,cf617b8cfb8dff83e03ea8b524064d61a3e14fda3687775748a9ace894f5ab94
O02-59,EC1N83Cbinh62f56e42ef22,32699,493713,aa6c7b6360bfc182fb30979ac2552545cdaf3787373f8f090ae071c2d4b82e1c
O02-60,EC1N83Cbinhd341d3b2bc36,32721,494043,685d96550553be1eac242d0c5249a2f12957f92224d67c830c65ed2134f7b9cf
O02-61,EC1N83Cbinhdeff753b2a24,32863,496173,598fb15f13833d174758dfdd38011edda04860032123399becfa9a3451969770
O02-62,EC1N83Cbinhb1cc27612bc8,32798,495198,e606a33eead30f765b159319784506176b3c25461309b54057a4e32ea11296a5
O02-63,EC1N83Cbinh906e01bc490d,32845,495903,141e28676f68db60a51fb438b3930487f284e8135a77ee259b1f1bf12c51c1e7
O02-64,EC1N83Cbinh2f1185f6a25e,32765,494703,d6caf62851097f93af6c99b43ae49f2d792f8f850c616d4d7e6f575eb6cb8589
O02-65,EC1N83Cbinh02ce61827991,32686,493518,e4a8cf219ec1994b606ca495f281c4d4e9400c68024c3e828b2c30f796272516
O02-66,EC1N83Cbinh71f5d56d41fb,33026,498618,581360e387103bb1ad151d75357cbca7f44e94ae29c0cbd60bd4e51c8c13bbb7
O02-67,EC1N83Cbinh7c0e95fdc481,32758,494597,6f79687953211451c731c0c2f81f8dd83441017219e83c1242cb2fd2773f9f55
O02-68,EC1N83Cbinhb288e75bec7a,32962,497658,63b002181fbb17cf67743869ccbed2ead3fd3b21ffcc34108603b8035d875b29
O02-69,EC1N83Cbinh47766dfc5a16,33034,498737,eff7a3044ee31ab99a563893605f18cf057518c0db9c21deccf132563ec1a1bd
O02-70,EC1N83Cbinh1800d6169276,32805,495303,40b43f9e999efc64ca3a95f8ef4d7ad9e26175fc8242f96516e61f827a68d5f7
O02-71,EC1N83Cbinh5cddf074e498,33057,499083,2254463209e8de47a25fb8fa8e39666f5a20064de3b269cc29d04d154cc4df8b
O02-72,EC1N83Cbinhf1cfb4b73fef,32611,492393,73db16237bacd1b3bb6a605dcb592fc7f056fa7600efabb7beae87bb13aeec76
O02-73,EC1N83Cbinh4719a5e31d16,32776,494868,f029864b64a7796afb5616cf6cf7d18e6e5f51d50d9b43f979d4a681846b95c7
O02-74,EC1N83Cbinh39403a3e107c,32935,497253,2086fb3f5683322aa6f42cac0f63c99443174969ee1f211b5abb6749ade156f4
O02-75,EC1N83Cbinh9cc21a2c5355,32591,492093,12ab062f0e703ebab4879e70b519b107841d49cf6f7862970033acc9add25a83
O02-76,EC1N83Cbinhf844a41dfc1a,32703,493773,99ad8543c49921e2e27890ee5d7b35e2f5f452591cf4b287a1b25c6426315fc1
O02-77,EC1N83Cbinhe03f0191a4fc,32533,491223,a57212a5e5aab7a69f0da2b20bcddb3fb448cefb4d2fff73b07391ad3ca28ce8
O02-78,EC1N83Cbinh20655c2bf2f1,32747,494433,4e0cfd3d72e1e9cc2c693c9221ece63c799aea88ff59c2c29567702d1bb46b98
O02-79,EC1N83Cbinh37e2cca0d26d,32782,494958,1073615400e9d5e0284a2eae7baa35db8ed917fb99a0c4c85a8e17f119295b1e
O02-80,EC1N83Cbinh3ff1b7dc1ed1,32917,496983,05c411357daa8d0e676e1b1e4d932c70b2da2886a11b9328e66dd33d139b7de0
O02-81,EC1N83Cbinhea8cee9b56b5,32805,495303,1e8273a7d2f1d659b81137035c0825d2343bca6db3f2cf31a68f84e57c56f822
O02-82,EC1N83Cbinh3d1924f9df1a,32992,498108,580e8ee2479669c6d8056c9763b0c9bde9805c5b345cfdf89b16056f85a04a57
O03-00,EC1N83Cbinhe86d45a6b4a1,32903,496773,959de6bef6a491d90f13fd754c91502689706b81c14f60233a036fe9d1f6c03b
O03-01,EC1N83Cbinhc8cb88574ec3,32876,496367,372a47621b73a8f44ec237222460b8b39ce3ff98d499ed55a8fc41eff8bbd3fc
O03-02,EC1N83Cbinh69e453f7a7c9,32680,493428,25d17acf31537aa182b3fed834d69aa5021d8f5bf50552bba2a7867575207286
O03-03,EC1N83Cbinh941eae1efaa3,32461,490143,3502047ab85519abf80585e663dacceba569772b6404af15112b3238ef7f1f86
O03-04,EC1N83Cbinh006d3e63d328,32875,496353,42fc5b94f8e452422cd2b4d69db75e576b21c4b8fd90079d72b9663c99cbf5ba
O03-05,EC1N83Cbinhad272f8043ac,32835,495753,bc72ce1f406130f6606732a493c45fb9468b79f84311a212a08f71571f0a8d44
O03-06,EC1N83Cbinh75f7ae8b3008,32568,491748,9704409a87f8d7faf1f8b6703ac9a4c2a98840d52c10973fecf5a9c59b490a9e
O03-07,EC1N83Cbinh0f7a44393682,32739,494313,701f4c2950ff74b01a5a89c9253332727867570801e60f22631a4efa789f2cdf
O03-08,EC1N83Cbinh7bb0ba420627,32844,495888,d84e77df4b55b978c27240715ec457cca96ebf3e2c4eb484a0b12e4e6e2e2a8e
O03-09,EC1N83Cbinh365e6b724d09,32723,494073,cb9d1a35478f085916408a9eb2ae2c1e6e83cf9df29aa704601ac66f23b37dee
O03-10,EC1N83Cbinhec905cfe5a29,32553,491523,afdcbc4ebe87bfa8aaa3cdbb697e41df2f3dc08f54a60ba78e3e88e58d31a36d
O03-11,EC1N83Cbinhd15a9b04d1a8,32926,497118,548a26b1aaf3e76497ba2ceeb088fe3fbf5cd08a546a55b112d5d01bab247eb5
O03-12,EC1N83Cbinh79f8bd6a29d4,32544,491388,7d572a53e83b2038d016ab3ee9d7033ae7f10c08b719a465e300009e96e9b9e8
O03-13,EC1N83Cbinh6e180f7b26fe,32898,496698,536053d0a20e0b3c509d1af0e343c71d58a4c240feb1b865d5980d81989e384d
O03-14,EC1N83Cbinh4159e9686ecb,32747,494433,c5f2ef058c4ecd4285f970c9057533edcdc9e90298f8076d89e9d87640df1b41
O03-15,EC1N83Cbinh6a265b0ae7ec,32705,493802,9b80e82ebdfb29f64d9bb221fb110d61e44db36f9b3c8b652ccf99df78a944f1
O03-16,EC1N83Cbinhc072cdcf28d6,32841,495843,48f7cd9b7ab056007734de664ed0cc7242d19287433e50210cd34e84c4f0ca00
O03-17,EC1N83Cbinhe1654f7bdcf5,32964,497688,826ae8aef708ac5e82ad8e2f5f9945155883c2680cfbf3e13ddafd3cd1832e94
O03-18,EC1N83Cbinh09b7462ea381,33108,499848,d9fa08aa6ca046df5303ee9a28e8d016686decd77aa66194edd8e6adc1f967dd
O03-19,EC1N83Cbinhc7dd77fd61de,32523,491073,8f647876868c63fceb42c6813d0d5d49524a120215d22cc37979858b1e918fe7
O03-20,EC1N83Cbinhc238e89a6c0d,32629,492663,9b0a6ea6349fbba5e0f4dd691971c82821ac6831dc704a13122ec57ea09162f1
O03-21,EC1N83Cbinh6e4f6c1cabbd,32581,491943,a0f4f74ccdf554ef9c8b04945744bf9139c44a25db82ef8dd69a0fbf4dc1d2b5
O03-22,EC1N83Cbinhe887e7349ac3,32573,491823,39ec387a7486f033f6105d509201c78fbb07f8d7e388a5715a6748dee74fd3fe
O03-23,EC1N83Cbinh33aa5914a372,32469,490263,4af1195ce70e16318120a6edbf0e59e6192923cc7b214b7ba911f1748863fd33
O03-24,EC1N83Cbinh2cddebc85de6,32863,496173,70749352277a07889d6111eb99cf770dc6ea6ba7443293f08ada416e2fb7f6c7
O03-25,EC1N83Cbinh61ae0677f0af,32544,491388,9f20b366f1968aa2e7a79cdb8fb676d31587df0c0ac7d66235f17f999df87ae5
O03-26,EC1N83Cbinh63e7fee0cfa2,32773,494822,93b3d6d0b6be80ddf4b03f29ce035ac08c6bc37b7c0665fe644efe3ee327979a
O03-27,EC1N83Cbinhabe769726eb8,32932,497207,734785164f6bc6ceb44f2ab21bfc71e097d72f3d9c6c012de5a995edb4e17f28
O03-28,EC1N83Cbinh4d9517804fb6,33007,498333,e64153401d92e70ab8092ee74a39f668e5024a621b3d6e680c8c51685839c847
O03-29,EC1N83Cbinhd57a9f9f75e9,32896,496668,34cbe6ab4d18dfd1236231f12e46add07d1a6824553d91a09eb0a63dfa58fe8e
O03-30,EC1N83Cbinhaf192b7d1a9c,32939,497313,46e3d3cd80be8e399361fb7abdd25d77a4e7ce8921849c6754d82b6b7c244dc8
O03-31,EC1N83Cbinha700882f46a5,32849,495963,0098297f3c6746c3c1853cc7e36c10a784efa23661c6a9bcaaebd9e6d4a3df50
O03-32,EC1N83Cbinh3e17d76f36c3,32759,494613,4d5b6086170ecd94659659ebe4d01fb099ffc37664c4851ecfd59a19dcc22ad6
O03-33,EC1N83Cbinha68bcf37d4d1,32841,495843,9ac509aeae8f1498e3d7b2df847a1d087499bc6780828ce6b3f4d8bf13ef85f3
O03-34,EC1N83Cbinh7f93160e0adc,32612,492408,5e673763e2b157fc948204048a50eeba94219b74ac16a662c464faaa6bdda4b0
O03-35,EC1N83Cbinh9a7772874a13,32881,496443,23a00de8611e5c2d886fc4f0dff9a06aae50333d91d8423460a7bba02ea355b3
O03-36,EC1N83Cbinh222f6f6c6570,32867,496233,e0ea5e503f77acf55df827a70260907efab7c28d4f9b313337bf0788c823c471
O03-37,EC1N83Cbinh2b511fea3006,32882,496458,62f51fcb97ef4084790c81b959396ccb54a8b78943bec2638a76cff5626dbe05
O03-38,EC1N83Cbinhdda5bd7effb7,32718,493998,9f2068bdd25d5ce6622db2145f7be043a4ab1bb25e3da69d715b73c630257e60
O03-39,EC1N83Cbinh790311de0ba7,32864,496188,4ba238fbddc33933767013422d82e129bce9f2c49574997f8b898d048826c9ed
O03-40,EC1N83Cbinhbf414972a0be,32831,495693,3edf88923f25973c4735d19b3013602c169d4fa91616da457cee89724e5efcc1
O03-41,EC1N83Cbinhaa3905ef8102,32722,494058,92231e90583ada8b35cef97f354e35a0be3d88af16480f2b03900197add4b98e
O03-42,EC1N83Cbinh38b9ffadbb1b,32803,495273,7e8202a0a70187ccf3202e3a53222bed0e012d9fb281c46d9df68bd70e76776b
O03-43,EC1N83Cbinhbec7899d9180,32559,491613,260ade5856176775c391c61c17176fb8ae81f0373f71daaf500301240376bd82
O03-44,EC1N83Cbinh22c7590e08b9,32730,494177,af0b978aedc1f48c2b29155481c16b00b8acd7ffd1f18f27ec5dac3e6cd230cd
O03-45,EC1N83Cbinhbb4f5a4b10c5,32759,494613,1aebc9f2746680ab1b0a2a5bafeddfd47f8b83466b62d3f1430b25778e40b681
O03-46,EC1N83Cbinh2a6cb02a6902,32904,496788,62573e852820d448b6844938f6cd62f30ab72a8b2551a8eb8dd1dc50f9290409
O03-47,EC1N83Cbinh2db2a4a89708,32747,494433,79d0ba18096839859f088eaf978813127b949cb5f533790b2d74def360f538db
O03-48,EC1N83Cbinh48a72bb32df6,32617,492483,c9d96fb7938c4c96a37788cb82494d5878c040df0667cb0ac61d8ec30866f18a
O03-49,EC1N83Cbinh87c90b85d3a6,32835,495753,7560cdd100eca22f060afabb75b7610949d4a9cc8b87bb4134369a9a8b943808
O03-50,EC1N83Cbinh343fad9c0980,32615,492453,c17a6198aea3b234f7f8dfa8fe8f7eabaeb2d3044a2617e788a2865877b07d60
O03-51,EC1N83Cbinh539d5abfd5b0,32619,492513,e1f2f5e04b0b24bfd556ce741522df16dbd570506db289dff2dfe449ca39578b
O03-52,EC1N83Cbinhaea16f094f6c,32625,492603,0cc6f51fc273cdcbf80e25eca897fbcf5ff29a30a9de253343e921a5a6da9f92
O03-53,EC1N83Cbinh64a81f053d30,32926,497118,530f3fa3a22edac7bfbd5b4ce01b310f3131e3067a60b28c4526364ad0a4904f
O03-54,EC1N83Cbinhbbf370a2266e,32653,493023,b33e889a511931b27f0f4e802e82f322297df33ec2168921b77108239cdd337a
O03-55,EC1N83Cbinh479c87e09602,32898,496698,010b16fe8d5721a4dead2c2824ab751861eb51181aa30ff42bb5d0af19b7b8b6
O03-56,EC1N83Cbinh0be5b41649bc,32833,495723,3bd5a80f9c213c598be7686b52b3718c1de36f4896760950c1bd14b65c56b172
O03-57,EC1N83Cbinh0d3c6d7d5035,32759,494613,065ead807c704ccda38a7a11ef1dfae6f81fc6788b609ae7d4057c71a0639b31
O03-58,EC1N83Cbinh57967eb69bd9,32817,495483,f25e1ab3b6af13a306772fd9a0210189cef3b4ac9915db87284c120f4db5b739
O03-59,EC1N83Cbinhe0ebdf82b2eb,32905,496803,26e66dc0d3ff9109660741471e8892573f4c9bfffc73271af10ea851241b6038
O03-60,EC1N83Cbinhf42dcf637e7a,32655,493053,4b4b7b95d0ff17f63170782d6c8288a5a5760f11cbfc9fad0567badbecaa2e2f
O03-61,EC1N83Cbinh8da89a8b288f,32825,495603,626a0ce4021c3cea1c09d1206e615c167af2ea590e90d02df4a1e92862f2b5e3
O03-62,EC1N83Cbinhbc2324a1dd51,32708,493848,3300c0d79e4edaa16cb52dc13573f8aecf30639738bfcc6002228e1722a5f06c
O03-63,EC1N83Cbinh732bd696e6f3,32743,494373,c4aba8d0d430108718be397982e48960d2ade6f36ea2f31402f0eb8dbbaf6fc0
O03-64,EC1N83Cbinh39342e517c48,32834,495738,eaab9bb3fd959986bf160cf3ed9603617344d765197f72a8ce7bef48bd2e1c6e
O03-65,EC1N83Cbinh6ef28f6196b4,32793,495123,50b616c9d3e36d4dc9fa2a5cee36cf1a5e4d2a1743ed4404e4aecfc4cb1ce522
O03-66,EC1N83Cbinh0e1e89e8ac05,32950,497477,7fa8ef1ac3f8cfd400b64f57c7008ed7efbca99e849fa633cc5784b328b7c038
O03-67,EC1N83Cbinh92cb5faa94c9,32824,495588,cd70a8dbedcad2804eebb0d24f5f8a469c8eddb5582c70ba931c40a537307797
O03-68,EC1N83Cbinh815543772e06,32803,495273,459281c7b42d70857f3d9dab2c43db6658bea114b846c0cd7dd73fd745810574
O03-69,EC1N83Cbinh8ebe68d3f0e4,32617,492483,74bb3a0015483f876ff0c9d6ac27ca2cfbefae3c2902f4c194d80c0fdac0a9ae
O03-70,EC1N83Cbinha24b71ab963b,32991,498093,58c5e5bf8c5287a47920d0a3b0c07753982dfeb13f05c6feacfbd6f9bd5ed836
O03-71,EC1N83Cbinh954748c79e13,32768,494746,48d71b647cd7e84a4fbb2e83a102d6c9f431573e575f32725cc7e3d76191d3d7
O03-72,EC1N83Cbinhf40c240d9e86,32772,494808,61970e75ded870fae54f675246f1a5940e770381a302302f012a18468e4c7ae6
O03-73,EC1N83Cbinh0dc40df3c11e,32618,492498,a4bcecc00dfb494090f80d20fee7d7f5b92af656e0e31c6bb9d3338908ab5463
O03-74,EC1N83Cbinh8a74e7cd5757,32867,496233,6e8138e3e00dc2f1df98a52d53c6aceb688285b86587b9eb15e1793a9012f5f5
O03-75,EC1N83Cbinhd26c3a478456,32921,497043,f934e4673e7dac1d21a661664910ee2c377f1cfd709e893537d5a2f39cde3c9b
O03-76,EC1N83Cbinhdbd6a96d5642,33005,498303,b98cd60863e6c78bd11d6600291954b9f3016c0011922d9b120ca1161198cae2
O03-77,EC1N83Cbinh347d812e44ff,32876,496368,eef6224e7e337866144d9115092cd425172cabf265ce2dfc65ac9bc677d5fa7b
O03-78,EC1N83Cbinh21c8e369ae2d,32634,492738,7f4bd4b08636c48c20757c569f349ba0e29a9b2dc4e326dcf899dfe9b7834e2a
O03-79,EC1N83Cbinh2c26b6976a69,32925,497102,422b9e83e66787d230afd87284c71e5dc32368aa709c63885d33564cca7eedcd
O03-80,EC1N83Cbinh062de9304f35,32741,494343,6264e4885607b5acbdf318a10ec5cf2ea7ed9de8cdd8326cb2b8c2c62505fda4
O03-81,EC1N83Cbinh7f2a52fbbba8,32835,495753,2615f328c87a095e06f254e2138d705cd20364d1c8b3acb7f6ace79c22c539e0
O03-82,EC1N83Cbinhd597f113bc1a,32810,495378,32fde63d52e590420e2efa85176e7c00a45ab94da9a8d6dd948651c2062eb6ef
O04-00,EC1N83Cbinh63a516785147,32713,493922,02642cba7a6408269372d40b3a8ea1a723758400defe6b5bb11e89cd523ba9b5
O04-01,EC1N83Cbinh43f74a047546,32923,497073,f495e0e73d510d54f31c4b01afdcf45d24c3d0c7f130fbad3203ebb8ceb30714
O04-02,EC1N83Cbinhccce961a1265,32720,494028,49fc8794064377d508209d13e4fe9a83dde18c9aa02c569ecf70e7fd51a05088
O04-03,EC1N83Cbinhac0e8844847e,33009,498363,a0d21613081cd39053b6bcf61fa16bd14ef8c2c8865ccace9ea53ec5965747b9
O04-04,EC1N83Cbinh58756d1f12e8,32883,496473,d6cf0977c6db3d9fad59abe9fc392ae38aa5ee8e0b436aca63ccaefd2ef7f6c7
O04-05,EC1N83Cbinhf0acbe7295ba,32838,495798,532d8251447912cfae74c30f8d4d1ae9d1455da695660ef4a39fc16b2c370778
O04-06,EC1N83Cbinhab11a266969e,32679,493413,1b414f61446ec5e8d1cf4c84ac0cdda7c50b89952cbc8c08142210a92169ee59
O04-07,EC1N83Cbinhd60b339f143e,32803,495273,f2d047c5eb1b5e5405425c6f998ae8ada19e3f88676ad2c7e1b2d9b0c2b614eb
O04-08,EC1N83Cbinh59a90e10ec05,33126,500118,80b97bb9ae4372cdfeb0689778edc8123737ab9ea36ecb2ef1e52be012f6e1d9
O04-09,EC1N83Cbinh6a2bfb887905,33044,498888,ee0452acbc94b271aaec7c04eab21b269d39704914c6d9f91e1e79d6d15e8f69
O04-10,EC1N83Cbinhbebbf405dcb7,32967,497733,8d4e6e19ee5376050b10914afa6a0ebd1b8f2738e592cee025392d8dd1a03674
O04-11,EC1N83Cbinh3db61242b548,32789,495063,85c97df0baf7f86ed069c29ea9c97994cdf422a26d72f85e02406c064831d3aa
O04-12,EC1N83Cbinha972f5ba2ffe,32739,494313,4e96e4c6e835550d4fc22b64fc04247ea0dcdd4637e2562cb46a5a6d0b1fe5a5
O04-13,EC1N83Cbinhbed4b57abd14,32748,494448,d41b18d2adf02a5b965e308990efd7e269468d2b29d3e002040d5c609be3d436
O04-14,EC1N83Cbinh33c5ae06998c,32832,495708,e7b5e032ccdd1497b00f609b807515fe29c8b44207e31d53055b55ac012bc741
O04-15,EC1N83Cbinh13b85ba35bbc,32513,490923,59fb15d6147383781e266d46d687a5a32f896d3f3186196a268ae20117ff43b3
O04-16,EC1N83Cbinhf52c843b0731,32691,493593,9732ff61773dd1290c60acd689ae7dda3e38d933d50e6e5756aee72e61cace9d
O04-17,EC1N83Cbinhd58debcebc47,32669,493263,ad144a0924e2fa67cff7a9b6d881700729d5a49eb783323c29b8053ad1026195
O04-18,EC1N83Cbinh714712e85473,32779,494913,ef5b660f2c19fe6d1e88fd9dba5e09352ebb30e3f4d83d43796450def21793da
O04-19,EC1N83Cbinhcaeba9f76e2a,32980,497928,4746928677600df17278834257de66d7923d4a8a1c1d1fcb8082a5718b232bbf
O04-20,EC1N83Cbinh284b4fbe97c5,32827,495633,0ddf00e86c34cd9f2fb52990375f2c87042dd11713269de8d7d2974ebded3597
O04-21,EC1N83Cbinh17a8736fd55b,32609,492363,f305b5fee1e765f54c90d057ad4f103848fe1dd5b9fbe59ccf7319ec98bfb848
O04-22,EC1N83Cbinh36019d02e584,32756,494568,c831306b9715ca67f13ea80f1154973a7224838b4a723e2f0fc315a0e4f6ace4
O04-23,EC1N83Cbinh6fb24f9a0ad7,32653,493023,81c2b4440ebab9084c57ab10f3c068462e47d7021dfd0813257eda1d1af45499
O04-24,EC1N83Cbinh8878b2b804e3,32903,496773,c219ad738cafbfc6fc197661dd3867fa6f584cb9438d5c262ea9fac245ecf62d
O04-25,EC1N83Cbinh0bb181962216,32650,492977,88b309c3314024066c920b6d79bb0fdf0697b30582b0ce2c217dafa2046dda4e
O04-26,EC1N83Cbinh9f304da97753,32944,497388,2fd1f44c9ed5c0ec25cf937b0dac1ced6d7d7cade860589a74e5fe14ddcd7780
O04-27,EC1N83Cbinhe5d36d39c176,32669,493263,860f45a6fc1f0898f0ea593aacadfde049b9a031de0dfd6865a82ad2645d4869
O04-28,EC1N83Cbinhaae317a7ae22,32638,492798,f7f22ba879488d87212c24aadf3963a7bfdff4940e93f27f8cce9f69b1db4e21
O04-29,EC1N83Cbinh71f8d057ab8c,32663,493173,3072ca191ab43d46ca238fadbe08a37aa572b9aba25bb2e910e78954cce35d02
O04-30,EC1N83Cbinh4efd5479b0e7,32756,494568,c74db58f2e9b417dc08a158bce4c6df875f980118ee9c8ae741f17c052e88a2f
O04-31,EC1N83Cbinh8ea1839ad7ed,32859,496113,2cbcd48bee2c3366c17d9276731889b9d26f4265ae7898c5fbb23a2b7e698c95
O04-32,EC1N83Cbinh8242cb2403c5,32769,494763,364bce7c32a4bd6a50188f55e99eb01c7d0eac767e2911bfc1d0fd12229685e6
O04-33,EC1N83Cbinh5235aaf34dc0,32513,490923,9e0e6bb5934ea1769a97890cdc771b2f4e8395284f574908b8e3cc27dc82b1e2
O04-34,EC1N83Cbinh5d3e9e5c9987,32922,497058,0c81563ae4afb91f2ba40d4f3d334384d1fbf67440e1180d47e3327d207a9252
O04-35,EC1N83Cbinh58b1065bb17a,32721,494043,c8acf7d87dbd04ccff15f99e7dc649aec1fd23d82f4604ff7cabdeea0707de65
O04-36,EC1N83Cbinh042daa0689bf,32717,493983,0bbc6a8bb000506fae00b57681ebfc84c7756feabbd4d40251a88f4d702e89f8
O04-37,EC1N83Cbinh4d4538c3a5a4,32810,495378,0d19e768c5401d4d7e9c4340cc33272ca88d825098d8b77177afc970740aa9dd
O04-38,EC1N83Cbinhaf03265b0fce,32927,497133,e685391a5a93646036b101192d4068949aeb54c701bb1099f2d6d4514d68f2d3
O04-39,EC1N83Cbinh4dab09a49b57,32951,497492,11107763ad4a1845c32b0577db596c702c9f4e49ec985b12b7b12dca434cb5d0
O04-40,EC1N83Cbinhd754812b54f8,32753,494523,486bb4ae90a69cdaf91b2b92280e3b95b9fea778e34a9c4f61aa41b574e63c48
O04-41,EC1N83Cbinhe91c2178387a,32848,495948,44d3930407e26ad9ad825e07ad854163f04871d589d612801cf71ffa386e7d04
O04-42,EC1N83Cbinhcb0235165686,32833,495723,3d467ac74195a364f1269b30abee0e0dac81295b12ca8a6d261a12c60d2815f7
O04-43,EC1N83Cbinhf4e4ddf9275a,32581,491942,eee4eee5ec1209bb6191e68fe0be16424411ad8e1f0055b84a09a07cf17f8db7
O04-44,EC1N83Cbinhab971297f0e4,32886,496518,1046de398d6d8cd21d610a66935cf713c5c612c3ec5e6bb222e406d7de47f26e
O04-45,EC1N83Cbinh5ffddcec76c8,32821,495543,39b614d46294e19f5a27a45bc838df992b2d4e5060e5c6319869a1ff70e6438c
O04-46,EC1N83Cbinh351c983589e0,32896,496668,91093e88a23dd563484030aec652b07e09243b86f633e5e19c1ebe700561a9cc
O04-47,EC1N83Cbinhc19cd3c815f2,32818,495498,46f9d3707a9bf7e88ea571118054892f8253d58352f7d097ef3237683d52c954
O04-48,EC1N83Cbinh8bd33e9a7eaf,32998,498197,f11d76ca1d123f3631b73c3cb513f2ad9e1f8d487a862cc3e1ca959e1a1db03d
O04-49,EC1N83Cbinha949afe3ba0e,32679,493413,e617ae3314fd34cea36ca73bd1f4870f0537f2eeebaf6edc829099e1acd21d0d
O04-50,EC1N83Cbinh366ebfd65363,32923,497073,1645fe99251a4a509faa6d88ed266dec98d056fde8ab5502d4bccbc6dc9926d8
O04-51,EC1N83Cbinhf91c9a30913a,32585,492003,39b824f5b4a5945a7152036828882969cf7d2662b5a826b099deab345ebee8b0
O04-52,EC1N83Cbinha0a2cb4bcf4d,32891,496593,1e6f0f8384301b98e314dce7c45047157150a759c39452718f12ba761acd1c44
O04-53,EC1N83Cbinhd9e2086df5f1,32828,495648,e9ab6d1d33ef96433703cf851fe22c08ff74943265b8f94a687e6df2bb272576
O04-54,EC1N83Cbinhd626a0011bdd,33012,498408,b06d338e2463ccc2394d0a63695e400ccda89c21ca47c1403642480bb74cddbd
O04-55,EC1N83Cbinh667ee6ceafa7,32931,497193,bae21bb132be1b408e1544e9ea27259fe8b516ca2eb615209dc861f3a7b4f59f
O04-56,EC1N83Cbinha0e64910a2cf,32787,495033,08308d478c493f1a09594749a351df32c0d2c513c2ca642d83949451d28f22f4
O04-57,EC1N83Cbinh0e2cf79322c9,32781,494943,e04bdf51d58ea9cc371a79510071b0db23bfe3befd72e068b41e3d49091bea2f
O04-58,EC1N83Cbinh99ede5eefc3b,32956,497568,d6757cdaa7681f282c231f6b385204ba768dd58986c8b16be2414d3afe0225a7
O04-59,EC1N83Cbinhf8380683c698,32810,495378,16e87230a5d95a73166910a92c6c2391880f79d90db94c51e1c139c2208173bd
O04-60,EC1N83Cbinhd3e4e334bd0a,32927,497133,32235d911fa206ab74e4f0a32dcc4401cd5a7e109934f337f915452d41f1cf6e
O04-61,EC1N83Cbinh58edcb39e054,32958,497598,0dcda5d1797fb703955943fc89c3549d8cf5737ae9fa5a02596ed225ef918ca3
O04-62,EC1N83Cbinh4ca395568452,32901,496742,a27a054f76b243443f20e2ec6a3474cc24840b34c68968c8db2248d254c9a722
O04-63,EC1N83Cbinh04aa1b1b02c7,32868,496248,3e0b0d470a7019891f6d764414e86f053fc146979aab26d0fe68b57f175e35c2
O04-64,EC1N83Cbinh0c4f2d2cfc32,32781,494943,b3f978bb2a0dafe9e921875a1c20efc6d3c889a57b8736ac7571496931aefdf7
O04-65,EC1N83Cbinh2f7086612cea,32832,495708,1eb409eeff3cc48eb322435c2fd8464e989892890a6379542d8384914ac4004d
O04-66,EC1N83Cbinhef1932a8600d,32744,494388,a36cbd451e1292a2f8dc611de824d94f2ba4facc0a1fa348feca47f7890901f5
O04-67,EC1N83Cbinhb7bf2fcb2e51,32548,491448,fd06dcadf86198f5bd4ccc5b4cdac726b9f137b1429405c4aa4b951fccc02375
O04-68,EC1N83Cbinh07a885932e0e,32804,495287,847d5831d09db6acefa0927353fa7dbfc48c990cbaa463b3e74f9eccf0a2651b
O04-69,EC1N83Cbinh00d28a6184f3,32913,496923,623684f73ef7d719831647bea94c31b3b492243845b5bd21afa04945f4a1c14f
O04-70,EC1N83Cbinh3c2f5c3d4e50,32860,496128,a6afe0b03e03a0ff7de262abaff538353bff26b228649caaf9d2f0aa157f9ffa
O04-71,EC1N83Cbinh209543d8b76e,32796,495168,97ff0293c58efec48e7c3b54dcd4b9272d4d3b929086fbab947a0dbd8166fa93
O04-72,EC1N83Cbinh3b3f6a6f081d,32757,494583,805efe5b41d036541148f7707a666ff41b8a75224338997902467faeb44ac0d1
O04-73,EC1N83Cbinh3429dcf78d3e,32854,496038,16442cc770c4a009f0cee1694162a34fc4c7c9b2d3e68b39b5b548391767f7b7
O04-74,EC1N83Cbinh739e8bee9bf2,32745,494403,4cd30accbf68ad187f4fcb777a5337bb057eaf45b1a9f146f18eb7b7779dfd1c
O04-75,EC1N83Cbinh8e0e74aa53bd,33085,499503,c96634e78f829e85d1dc1b709fdaebb9400156399656d15e050b9f347ce3db82
O04-76,EC1N83Cbinhde3480863b15,32914,496938,b6702578a31b4873335555c3bfe5dbb053672ba28431dd02996210a7229cc5df
O04-77,EC1N83Cbinh8b7859fcf113,32869,496263,3a7a851b6128c35a2a22dfc1f324546274f5735e6b5e58c22c751165eba695d0
O04-78,EC1N83Cbinh301310ab07b3,32714,493938,44c22638728ff42d968487137f204ff5eae3404ebfa7a885402f5c61e62be153
O04-79,EC1N83Cbinhf17cef351909,32792,495108,834c929128e3f7e9c64abf58ccf5e75767d960b2c666a414804d9d992c002263
O04-80,EC1N83Cbinh24ca30828ffd,32719,494013,389e121082e08389cfca51ba4b97384c902483ab05eae6f5b8d4a8409a7e1350
O04-81,EC1N83Cbinha0ece0f9114d,32899,496713,3d767e3e0d72830a0505e66341aca2fc2664286485472a0ee86b2a160a7cf66a
O04-82,EC1N83Cbinh6017ff99d103,33011,498393,25c287261f5f03afa33dbf4b5121263b27fd739f5b4ddb0f1c3114043b073348
O05-00,EC1N83Cbinhfe7f9a7aad63,32859,496113,e3eafc8f8f93ecf8050f675d8e2c3f2b037b5f3a9440fff8212bcd13a7e0b1f1
O05-01,EC1N83Cbinhd1465d38f49a,32731,494193,961df45e8a376b4f98c3e15dc83e51680d40f92a37b31c4187281ae3f287cee7
O05-02,EC1N83Cbinhf7a15bd7ace9,32581,491943,658d10d9dd6d7547c4d86a8f07e4231748a6cab06ef03ecb5e2f35cb6eee4471
O05-03,EC1N83Cbinheb0a151ae096,32782,494958,9d44fbee191fe84210dc39d0047316c429bcf389d0f93a81f082045171472609
O05-04,EC1N83Cbinhe1ac87eeda14,32938,497298,7dcc32495e764af6122f7e4e30b81261221aaf72d838988cf14b32813652a792
O05-05,EC1N83Cbinh6516da7700f7,32734,494238,49cac796c634d58d6ca024305ec064ad305144bcbefe13b8f6b4a422d4e11b75
O05-06,EC1N83Cbinh58538662aa27,32765,494702,607d0f7da3c73f8da486d90de429972c78b02a0f53734e7a1f72e421133c1386
O05-07,EC1N83Cbinh4f1568969edc,32768,494748,10ff9242b4d395cd4cf3e3eb14197e1604c8c4c96fec19c074354236dd4682c8
O05-08,EC1N83Cbinh48097bce0391,32880,496427,367a67c6a845ba1559c847b89130448f3dfbca8d521748ee9c7978c7fc599658
O05-09,EC1N83Cbinh1c02fadca491,32761,494643,6697b6c119321702170260a405388aa93e8dd2277150cb0d7c29db75c71a1d08
O05-10,EC1N83Cbinh826e09acb577,32811,495393,4ce23458d4e998579ad906c71b01a72f60de3072ff848acadb48c52fa070a1c2
O05-11,EC1N83Cbinh74cca16d0641,32796,495168,5854ee74e833ba22804f90272a4c98df0d26662a85fcf4288eaa4d1388539a1d
O05-12,EC1N83Cbinh98c9d00bfb78,32740,494327,e2a21d22950a8a1515534d23ee0ef8e9708658c5bfcdc3b6efbd46c447f8f75f
O05-13,EC1N83Cbinh86d09c7f96c3,32907,496833,deae4ddd264c618bdc8541a57a7abc2b4f8247b7e29177801b4adecf2796b431
O05-14,EC1N83Cbinh5bd914cf979e,32804,495288,89a329998f5626c37f442b6950f626681810917fc6a752b7e5249b61a573f5c5
O05-15,EC1N83Cbinh9d94d71da990,32802,495258,fe2a23e3a66000f3b58eed5b21e1503c7246172d61e08a51f9bdb79547b0ac40
O05-16,EC1N83Cbinhd1f026796112,32949,497463,c2cdeef4effc9e7cb36d2636f120d5f03995b2a12bda411619a2e8587ed9598e
O05-17,EC1N83Cbinh1df5045d6f04,32758,494598,b89be9f65eb5e9a6ae84cc816c279d77446493d54364423d5a313b4fa23bf9bc
O05-18,EC1N83Cbinh34e520cad9d7,32688,493548,09ec8be0537f57d3478431474a18ed70dd28650c2924c08d8fa8f58df67eadd2
O05-19,EC1N83Cbinha0a83ff26aec,32699,493713,9fb2539143876c56450b7e84585824d5652edcb6a0ed0cc8faa59ea32f81f884
O05-20,EC1N83Cbinh531188cf30c5,33001,498243,c3539b599a317ad709e8c260be66875188d72e3e07a44b71420957c910d33658
O05-21,EC1N83Cbinh8ce54db5bb78,32653,493023,e0f8ca29658da178c74df422e855898c336ed74c22ae0ab42328e3387a951aba
O05-22,EC1N83Cbinhb8c05e87c98e,32813,495423,bf0f0adf2d47f0e887bfe9b86adf63936287952dfb4446671157c1e58dae94bb
O05-23,EC1N83Cbinh11e2db1e9ab0,32895,496653,34ffeb6048ae4b79df92807da2d458b5b236ba62308263387a969114c77595a5
O05-24,EC1N83Cbinh9280c6d326db,32797,495183,329e5d6906af7096809e949f0bf38bb6fcd7bc84234eb636d0fb12857e3d5f70
O05-25,EC1N83Cbinh341344d1b10e,32914,496938,7581f7af8b2b20fc68a3139d011e4788ee3a16fba0d63c42244c1b892bcf5f4b
O05-26,EC1N83Cbinhddeee80aae3a,32709,493862,b26f24fc11a5b4d247758c291c2327e6a3092ef58684d1dace606c7cc4e79f6b
O05-27,EC1N83Cbinh7dcc20f23a86,32722,494058,b17f175c893324ff981b55c533f5196f452dae2b4f8e525473aca7cd6df944c0
O05-28,EC1N83Cbinh72064a761fe3,32772,494808,18a9bb18218b3cd13b63a45a3eaa1ea99e35c6b3d5b3ab95380dc4fea369a7b9
O05-29,EC1N83Cbinh77c68489ffa6,32874,496338,befc62699ba1af830a354ece9dd8dd87b1fd4ff3e444ce27a0276acb39aab4b9
O05-30,EC1N83Cbinhbc4b218eaafd,32762,494658,ce36d1f19b7ca032c56f7f07934c51a9f8628e3cdcb934069bd19e0f91a28b41
O05-31,EC1N83Cbinhb1ea272d8a52,32754,494537,4eecdc44a32123f5da4fd579d0ead3d86edd657756271e5107744c7b73862b09
O05-32,EC1N83Cbinhf5c3fa8b4d29,32801,495243,df025c24c65ac5873af9e117ccccb16600006afe7814677d96d658db67c8447d
O05-33,EC1N83Cbinhc6e6e0717fb1,33079,499413,adb2975b9a06afbef0d67cf1b8883a857a6a490e2b4968318326e7a76712c337
O05-34,EC1N83Cbinh7a60fe0eff93,32919,497013,f7e7709f3b333333e35edc87ed603f517ac6262aa63891ad350c7ea65d37d16e
O05-35,EC1N83Cbinhd9a555b306d8,32746,494418,4900ae2a3b88e782219b8531fb7665de2742e19fd3887e32f95a3e9fc386e33b
O05-36,EC1N83Cbinh8ff5c7ab61b8,32795,495153,71912eceddc66ac0bf24e28afcc1e5c5ccbe2fe8bbe058d3f1bbe98312867b42
O05-37,EC1N83Cbinh602515d521b2,32667,493233,3ba4700b93e1cfbedc0b3798f40c2a608f19a9c541d8c7d4ab8027447c02db46
O05-38,EC1N83Cbinh2532d3862bb4,32761,494643,4181443d638cc4d421aec6795e2e8b1580c2bdb491cf5ddb7a5396f325d41cf7
O05-39,EC1N83Cbinh51dad7f0f013,32861,496143,f3647ec26d322ed6fd5a783537824d639c176dc49b1c1e7fd9bfc8721d322a75
O05-40,EC1N83Cbinhd17c9816caeb,32756,494567,479556ea3d40225b6a4755d5aae4380a1a523ab19f431ad2f7a458c2b6617932
O05-41,EC1N83Cbinh6241875946db,33007,498333,89ee48fc6cf4b1aa219ab51a628e18ed09c31c1089743092a74309c6292b7262
O05-42,EC1N83Cbinhde130ac8e4bf,32916,496968,992cd901b2673fd727a477406137f046fe9f19a420fd1e2f2f95e21ef98b23e5
O05-43,EC1N83Cbinhff7ef4e63c11,32814,495438,a588d72f473cf1a2c4260e551315e8ff4c0554e520c81d31290f1e1f583b419f
O05-44,EC1N83Cbinh83679cbe7cb6,32842,495858,cd78ae903a43217ee163d38772d9ceb991cb0b8213ee785e4ca374452137e88b
O05-45,EC1N83Cbinhd037750f3ac6,32787,495033,07f1ce7d91a3ec724e1d955a560a9cb1a674a75641090669371034932d35ed48
O05-46,EC1N83Cbinh68e1cd9ab463,32776,494868,c480b8310b4de0357fb5dc14ec3ac5ff26fdecfe51892b34210d87f73769d61c
O05-47,EC1N83Cbinh4039530320db,32946,497418,4275a982fdb3160d3ab7c85a61d880b336a1fb255ecdbe337cd37f28f4ac0476
O05-48,EC1N83Cbinhb48fe699298c,32941,497343,c143353355591fb5624efb1845200849437e422c28f716638ebec2e78603452b
O05-49,EC1N83Cbinh5973fc83970a,32774,494838,af6c3147cc31256bf980085e6e849bb0f66341d4b8471d79950323d50ff396a5
O05-50,EC1N83Cbinh7fcf847a5846,32707,493833,eeec848f323dfddec6463414740e15667bf6368c1d3e88f05869f2869608fd45
O05-51,EC1N83Cbinheb6c311b9a69,32837,495782,345083be3e1c00b0c1677ecbbe41844710d9c9289bc7950e3c0bc7f381054053
O05-52,EC1N83Cbinh05cda88ea9a7,32772,494808,200b194465aa3823bbe983e7bfbb764814007aaae7c03907ac6b76fc5b233ea4
O05-53,EC1N83Cbinhe5830b456258,32793,495122,442eb04a2c5a2e2bf000b50f81049423b5770839b601e262567707c834db74ae
O05-54,EC1N83Cbinh5ff7949f963c,32752,494508,1b662f02ac4143484607313ad532c1f54fbffa48eaf59f17ba1be1d3a0817ec8
O05-55,EC1N83Cbinh130ebe33ce94,32604,492288,5d581fa3f4bb08084c75b7de89e852cdf401f4a5300713a5a811769dae1c4960
O05-56,EC1N83Cbinh2b79018358b0,32984,497988,804c3fb4e4abc2489e1f935ff31c171479ae2c5d9c1862f6a5ce6b148e3589cd
O05-57,EC1N83Cbinh0b106f8d1478,32801,495243,201e51c925eeee33748d8a5d3285395dbe4fd0bfd53c348db80ca287c3e443d5
O05-58,EC1N83Cbinhcddfe37e1884,32571,491793,91de4d49c3442f9ee0598e229f2c698cc8c0375d8e97d373ae8722a200800c54
O05-59,EC1N83Cbinh82bc313f05e4,32983,497973,7ca8d8fee9b3455031d543879370509657648c9492774cb98b6efb045888278c
O05-60,EC1N83Cbinh8c6ad7416f70,33074,499338,dd63385e6c7170ee4a825e987a342bdeb4534345760a513e80adc82e86ee3bc9
O05-61,EC1N83Cbinhbd9d663f2b5b,32889,496562,44d867f1d7fbf5545e4e784cae80c8b12106effa8a81736a13d12ed81ad97b46
O05-62,EC1N83Cbinh4cdfc25ffe76,32733,494222,0ce90ec60294d3ea71d7356fd5c1e95a5ee3b7c8fc595973b7ebef099206d971
O05-63,EC1N83Cbinha10a1b552978,32622,492558,530d6974f7736e9228f072b31b750a5f98c3e9d404dd437d98f45ff413e45ea5
O05-64,EC1N83Cbinh4dbffe3a8442,32966,497718,50227a60ccf16189c2d46a289fd5cb77b70e16e6fe314df25d9bdc1083d58a83
O05-65,EC1N83Cbinh1d5e63a0eba9,32865,496203,6cc960e0a6b2fa7cbffb420654edd0032cddaed654f74bc60554b89f81be53d8
O05-66,EC1N83Cbinhb9a4021d01df,32948,497448,5ae0827e99f6db84b549bae1144a108576d03fdf1f835e339e3ea71a3539c495
O05-67,EC1N83Cbinh040e700fe8d7,32776,494868,bd45a392104ff44f562a929b1711cd2b97259b8c686fee305c3a47db82b47b12
O05-68,EC1N83Cbinh55330640e3fe,32583,491973,430a1c18f33b0f327b17d7fa2eafd589dc2483e995f7e7aff055e1e049081b66
O05-69,EC1N83Cbinh3a3bb2fec884,32680,493428,443cb2a5d020c5f837c2a9ab31ac4237ad25ea0165602fecd531376e1b3c8a72
O05-70,EC1N83Cbinh9cc5d0086776,33188,501048,1d3156e0be9d39f5fca9fda6cb3aede49954a5d99128b42b6182aef5655a0972
O05-71,EC1N83Cbinh9ecc894c7a12,32764,494688,a5282132408489f59e418a9ca11fde32363fec61af429db4496c745e645f5d1b
O05-72,EC1N83Cbinh0f5ffca8b530,32911,496893,e4b65857ff6d4b0606b9096c0df1274a8b51f360d3c91c6cc4ff19de32e0367a
O05-73,EC1N83Cbinh4e6d6e13d59e,32903,496773,31dc37c6668215429fd74ccd67d92afa825fd8d9d9a277c48bf9b447d5f2f74f
O05-74,EC1N83Cbinh052930dbf907,32877,496383,5c04676867d0185d673a947e0aabd13c5cbd207dc8ce2a180fc2fae83b036478
O05-75,EC1N83Cbinhe8d4458da451,33228,501648,2066915bd064658b13aff5076c130d370bcddf27eb0ad51e5b60ca7134b5ffc1
O05-76,EC1N83Cbinh3357507870a9,32888,496548,f479d07d270fb5814c4b14b3eb987b3767754371f21c0235805717e42011fa18
O05-77,EC1N83Cbinh7ecbe65f09fd,32640,492828,fdc82acf46486df363fe86e165dc206d9284107694722a3e0d06e3804fba9473
O05-78,EC1N83Cbinhc864e7be47a6,32649,492963,37b4cfdb234a93cc6c9e1a1b8890bc07c29497de6bc32993c602759f366c03b5
O05-79,EC1N83Cbinh0d77985b9f31,32876,496368,4fbeab8150c40c01558ea2bb7dfd85cdcc72426c003c2defd1465ac7d9354755
O05-80,EC1N83Cbinh7adb60d1cbd6,32889,496563,76fa4a2734800675295df37c8817d93f9f5468708009a038e522f893ac701aaf
O05-81,EC1N83Cbinhe2f699076596,32817,495483,6964e28c28fca3517096e9c05946309b6b58d6ef61495c767b53d12a70686826
O05-82,EC1N83Cbinhbe560129cd43,32741,494343,b9c1d26dba71cdb734fde1c558808fae45a8b025cb79236ca87245ad5bd6e3c7
O06-00,EC1N83Cbinh5b0f56649fe4,32871,496290,48daa37947e8c9caf2bee5e5667be731ec4f999ea7ae91efda7650ef6d6cbb63
O06-01,EC1N83Cbinh79a31ad1bbda,32833,495723,c51bb75ef71c605a3b5b39de6523413d6b150bbfc633f95b25d48f0213a3068b
O06-02,EC1N83Cbinhe702f8c5f77b,32862,496158,0b56a067a50c2f914062715bd488a39ef378c094369556ef92fa223327c672dd
O06-03,EC1N83Cbinhae5845235a99,32696,493668,717362cc6fa8c808b23ccef0b14080d87bce65d174f84507292a39b0c0155244
O06-04,EC1N83Cbinhab7a921c6bb5,32828,495648,4707338655e5a629fa0137a1d202ba1d382b8966000c7c4f9493f4ee884ab09a
O06-05,EC1N83Cbinha59a49e44d6a,32771,494793,981c1c6a84a7ddfd3cd5478b6e40bda9f1d4e167f1461856b2521db732534d47
O06-06,EC1N83Cbinh8dd65f300c9e,32915,496953,5ab1280f939f1928c137e2648e6ace0b146c96f7cf06c90ac5c198549e0e439e
O06-07,EC1N83Cbinhbee367ea6ab5,32784,494988,5ebc12aabe2531363e0351cd1da5fa510841d2c47499f5b424eb21e1e9470886
O06-08,EC1N83Cbinh741035192d38,32847,495933,ec2aa6982a53de5e08484a6adf5e2770471e9bf54c2737be5a5482848f3cbf42
O06-09,EC1N83Cbinh3966650123e7,32740,494328,e05d520c848da840b2c57c4abbb24e3b11ca6cf4096fb1589149c782b93c3244
O06-10,EC1N83Cbinh20f3d6dd1899,32766,494718,570fff80c33fbf9800f45ce0e15ecd9e20db95940a8bc415ce05ec47ba895793
O06-11,EC1N83Cbinh4fe0532cd79a,32629,492663,c793894ad725e664a1d5edcfe1ad9f0072b77b7728ba216205be9059310e7276
O06-12,EC1N83Cbinh364ad2c610f9,32825,495602,3a1aeb3979d8410abca6aedcc8a2f5c66e2ad2232ce5d4fd3e9995dd01c6f467
O06-13,EC1N83Cbinhd5c9df03daa2,32676,493367,6105ab6c6c950a255618824f082800194a3f381796c663284dacd92d8b4f129c
O06-14,EC1N83Cbinh859236ddd16e,33067,499233,11adbbb9951bc47eb7a53a915366fac9b092c686e9c929bf02ec54533dba05c5
O06-15,EC1N83Cbinh08dcda9b0cc2,32979,497913,271268f912df36e4c33f77fbddf74304dee11e6a8dda7d40c72c78fd8c6cb270
O06-16,EC1N83Cbinh9d511f4732b7,32938,497298,35002f1a27afb68392a69915ec49990d51a82f38f1e923b2e294c8f3d53cbd1c
O06-17,EC1N83Cbinh6dcb43939813,32673,493323,e7f580a2cd002266f70bb2f4c5652afdc1732e6396dc27951efb2c0e6abf36c8
O06-18,EC1N83Cbinh4b571243326e,32933,497223,bd63f7342920b268404cfcffeaf29ae7163b473ab44d558a47d7a19f6908a38b
O06-19,EC1N83Cbinh61337a3422dc,32545,491403,c720f05e83510e859d72b09fc6eae1a0f396945953c85be513c820f7be511247
O06-20,EC1N83Cbinh998bb787636d,33112,499908,761fde1eead2f0d9da2d6796a7312b7c284d5cffe9a12e2688b870bba6721617
O06-21,EC1N83Cbinhdc868deedf81,32864,496188,c59f5c3c1787fc6e8a176515270e50488d0b709c6221aca8c00e2bbe8f908aaa
O06-22,EC1N83Cbinh94c0cb4e9400,32900,496728,c267ecb79b5310fef7b30ee8985ba716ecfc37a3f9d11e4180e5c42d6aa94a87
O06-23,EC1N83Cbinh015f9c4e5000,32763,494673,f72071f67e42bc669d6f987e247120b1e77fbf7cddcf69e4e2ba4cb104d98fa7
O06-24,EC1N83Cbinhcab265693094,32956,497568,ac0f292faf6f310828bd49e362a7351a41358275ed0e8cbecc8409437808415e
O06-25,EC1N83Cbinhe0a9d555202f,32715,493953,ecfaf66d0f0e44de8a6e114f8c177403441e323d09809dff8d74bb4598f3ac66
O06-26,EC1N83Cbinh01ea84cde1b5,32747,494433,45d154ffd319b51e247f3bdef1b83d1acadffabd00e8d05b7042889c60cc0335
O06-27,EC1N83Cbinh7efe268c82b1,32964,497688,e7ab8f260f4987a758a20216fed502a60c9422057edf07eaf95b970f697fc299
O06-28,EC1N83Cbinh51d2ab76a679,32813,495423,b1a2a0f3d89fa2058cefa4e902d74f5fa3eb37f5377871fc40c1a57d9b9e89a2
O06-29,EC1N83Cbinhd5fca71e61af,32716,493968,b72868456f985e15af17baeee9194ebe0d88d8f6e3e031896a37cb0bc01a28e9
O06-30,EC1N83Cbinh9447a3d3dea6,32660,493128,0c47022e67e80c2033a3669e89b70356b2e5c14f7b4fa4d5b007d12ff32efe3b
O06-31,EC1N83Cbinh463355091dae,32682,493458,aa2fbb31a068abce55e3ad9cc3f532c383a1c9777fbaa19484af3f6ec51a64b5
O06-32,EC1N83Cbinh0d0eb296d934,33050,498978,589d1d16482db360b5767a9cffe0a00c41881824e9cd3d1209a4379daf83a2ad
O06-33,EC1N83Cbinh71775cc7f3b0,32752,494508,8b868041ed5f866dae2785617784e71e12386c75aeaa0723d32e17781e17a77c
O06-34,EC1N83Cbinh81269bb65025,32947,497433,5f5ba3af8c4a6aee7f59b6b11ee1d00840b78428f68853089eb72c0a8f223df8
O06-35,EC1N83Cbinhc0ccfc10c349,32504,490788,8a11aaaa663f9a042334d08c5a3c0a941dbadac7378a04de43539010639a6743
O06-36,EC1N83Cbinh05c220fcf15f,32813,495423,cb55d45954e7b683eabdba2f1795f7c2b9552df42787129decdab1c3db436c49
O06-37,EC1N83Cbinh109e58629761,32531,491193,7435ad5ea2805a1b751ef188aeca9c0bddb61eae7364e57ba4ec0bc413ac4894
O06-38,EC1N83Cbinhe2c2698d7e1c,32788,495048,0499712a8bd281c9b1579267032e2be525455a9d3e491a76713ff667f658b27d
O06-39,EC1N83Cbinh4e63545ec022,32958,497598,265a52b679779cc443d1ae17a61469ca5146cfcef1ef4ab85cdd93d5a3e7534c
O06-40,EC1N83Cbinh6b29de78aaff,32752,494508,cf0cd451aa5973ecd1b0fc38226002dcc02ec8c961c92adbfad653a278801f39
O06-41,EC1N83Cbinh3ae0c7f740fb,32753,494523,202fd2c38f6d26598fcb4cade372ddd921556130e2c1a2b953bc1451f1f462dd
O06-42,EC1N83Cbinhea400036035b,32943,497373,6376a8f41f39bc78c82dd91457181c80af4780be8bf12c040b89a3a2eb797978
O06-43,EC1N83Cbinhc47d6f88ec47,32869,496263,74adf03d2468201dbd1b2d75dda79694bfbb7537e0bf5622aedfd9c4e0792543
O06-44,EC1N83Cbinh5e73638492df,32842,495858,d0702f5c5f17a1141b27f6fde1cacc4b029e63f09464fd9ab650dab14bcb3668
O06-45,EC1N83Cbinhd8dafba2d9c7,32838,495798,f03a5a0ef029f311de62d11af1ec91c29f7c0ef29206bf569fd24397e01c9204
O06-46,EC1N83Cbinh6883dab5cd07,32727,494133,121dd61a97ad52eea8db033b111fd455ff03f552c94cb73e0309a395bbd4cf8c
O06-47,EC1N83Cbinh09c11ad354af,32538,491298,2990a847fb284cca9e8d6dac9801777def250de81e360481f0d0e829476515b9
O06-48,EC1N83Cbinhb152391f6d50,32719,494013,94edbecef4cd3208f9f7eb5abb575b44adad3a3ff84897892a8b9f1438f2dd68
O06-49,EC1N83Cbinh2eed57e064b0,32743,494373,1c1aa8b84e19ce689f67c5f7e1e5c81ff3e809d5e6c0eddbae1202e412e399c2
O06-50,EC1N83Cbinh6e279690a325,32725,494103,328d979d108c33e7b4200da28b7fe4cec60fff3cb36ee07469467cfdcaeb42cd
O06-51,EC1N83Cbinh0489b04b8057,32728,494148,5ff542b510e1f3687fb3482aeed552d3e52a26d0e64491836b1f15d66778e4bc
O06-52,EC1N83Cbinh659225580c5f,32788,495048,36edd7b51f0c95955c242ab2b8dbc5cebfa4f869acb8744a03ac0d56939d01fc
O06-53,EC1N83Cbinhd65aa024849a,32941,497343,aef9eabf122314b7fc4f9403df6d253f1f6187779c308c30f754805c229754bc
O06-54,EC1N83Cbinhb911bb67465b,33060,499128,6079ded2567a60a04fda1e271bff4926ddf124af6aa6a284a240ccb1d77f89d2
O06-55,EC1N83Cbinhad41fa48f8e1,32938,497298,8ac084ef109d5c6b9681f78e45cb1dd277ba65ea02ee4c78b0f576f3a3d523fb
O06-56,EC1N83Cbinhdad611fd6f36,32880,496428,a7a5f5ec389ed9053db45c382c9e32889f518bd5292e183faa2d764854f24fab
O06-57,EC1N83Cbinhded5d4fa5d3e,32669,493263,e04eb389ad6f239740abe0d0a4fba9404994a42720c92372a4f00c06aebaa412
O06-58,EC1N83Cbinhb4e1d0356062,32926,497118,8b97857e1cdfe52bf2fefd93463f9827cff44534d45e49592b18d45fdc6dbd04
O06-59,EC1N83Cbinh1e00c5419afa,32982,497958,02ea385786c284db58be1d66af0415a8e5adff938a0390d5cb104be6be5e6a80
O06-60,EC1N83Cbinhf867a4d1ea38,32814,495438,69773d5e38a24e16b8f14edcedc9d57eddf94957d03a198ee49a0f4c9fb9b8aa
O06-61,EC1N83Cbinh61f1a91bc197,32824,495588,98693fe139e9f2d989615f1302bf93bdfbfd5416ffe6fd99913cba0ded83ff3a
O06-62,EC1N83Cbinh133b38235104,32882,496458,a31174797752ee9c7c0a172e81dc5b27f41c1ba16d2b5bf3b64085e6d35887c8
O06-63,EC1N83Cbinh04ae0d303e23,32782,494958,0e5c33ee1084b0f918414beb4ec24f5983c6942863e7d1a853063d4a0a551df2
O06-64,EC1N83Cbinh720c691de6bc,32631,492693,7242e468c8fc0db669cf77effcc6a744b2ff061674b177aa7af828b014fe3065
O06-65,EC1N83Cbinh9cd48a0ad690,32737,494283,01aef38c0ae45e0c3440831fb8b1fdcb82d9071e283773727bd200ea18857516
O06-66,EC1N83Cbinhf97197f0e6d9,33230,501678,2843b8fd2e0a842db89b882eba03546f88eec63ff60be9167cd28360aab0d1c6
O06-67,EC1N83Cbinh74178842f66d,33164,500688,a37ff737a45ab0ec6a9d538de218ddb09886067b34c36e3976d2e97ceae3c706
O06-68,EC1N83Cbinh70d53dfc9d4c,32966,497718,34316450135fbe0af31566d27639bcae6f2242b7d9545f1665b65b60b3eb1c7b
O06-69,EC1N83Cbinhc04a31fc8268,32831,495693,a286df8acc01c06c908a523e2667af2bd851799a129403fd8daa80852c87b3c1
O06-70,EC1N83Cbinhc2d46e63fc4d,33054,499038,3588dc3b9e965f39739e9d0032d65beb25266a6938b6f554af0e9c6366731c1e
O06-71,EC1N83Cbinh000a0d835d3f,32801,495243,93df510b7ecd3618541ea0cbc74c1a9cd80a17ce6dda4a2e727be462f9df5868
O06-72,EC1N83Cbinh89553f40dad5,32743,494373,bcdc7bf90ec92f8471173fb7c43400c4cdbcf293d4500840edcabde6c5f65f97
O06-73,EC1N83Cbinh608ace0d0740,32708,493848,5802f51d7d61f329aee38569fd7a1ea8acd37cb2f40d8914333700fa6136deb6
O06-74,EC1N83Cbinhbe2786343e88,32720,494028,571690d6e4c230747b3bd68f99a4268f9eaf7bf6e7de9cd936fd867b24260b6e
O06-75,EC1N83Cbinh45bdc4fc7316,32905,496803,ce1691edbaeed06af617e34ed0a50a17892ed61a2da1587237e23c1fba974fc4
O06-76,EC1N83Cbinh6516e5a61faa,32903,496773,5603d709bd91f83b7f1fc6d57a24eba65b35402cda6b14f98ac44d83d51a4672
O06-77,EC1N83Cbinhfcedce4cf0fd,32852,496008,aee4c7f2413852806892f9d12333015faba35ecb686db8cb8d5dfe74f0b07012
O06-78,EC1N83Cbinhcfbbf284403f,32753,494523,d70e56a19af53476d07cec1e1f0bf52190abed38c4be06c752f31f4be96626f2
O06-79,EC1N83Cbinh96dbbeb542ac,32596,492168,dba6be9a5c5c247cc530586708a94890d664c9f6cf1b0de990322f45cbccb27b
O06-80,EC1N83Cbinh9ea55c5b93a8,32812,495408,9c60c64bfdda50e2d372cca8f0ae6a0e9466ee20f8b97f0d786ceef36abdd8a2
O06-81,EC1N83Cbinh6ce3d9e806d5,32883,496473,e50bc9cc238b00819c3091f44e19f7d6bbb22687b7e7cdfa4b7f9ed399191f30
O06-82,EC1N83Cbinh589b5d0c8764,32669,493263,bc151e9bb66e24a55eaa51cbaa0d41aeb548c6f5fd05662aeb3de4acf3782280
O07-00,EC1N83Cbinh189168278365,32612,492408,4026f8cf12d1464f3969798761c106e87610d3efe353d9ac41853006ccf12a0d
O07-01,EC1N83Cbinh88fcb2ae8b03,32818,495498,768962779825a09fa518b0aaa3c4d42098aa5f213b6b0077609938e5c2d3f3b5
O07-02,EC1N83Cbinh52e0fac0889b,32893,496623,e2a0b279e91a11078f1529ea061c58fee3082cd4a7ae59a81261329a98e1d8df
O07-03,EC1N83Cbinh4a91fba62701,32897,496683,fff45238342edfc12ba81b9250b239e7b0f4604b891fc5de62bd46157a1bed25
O07-04,EC1N83Cbinh0b251980e416,32930,497178,24dfc6caccf9715ae66346860b97f425b2658e664085f898528da8beab713320
O07-05,EC1N83Cbinh00d955f4becf,32828,495647,8ea7f1242b7376589ca6f2c1517f91031676f85c35974dd7484e98387c87176f
O07-06,EC1N83Cbinhdca5bb4a3a8e,32734,494238,a4838cec2184456c14f1c2393823fa078687d2e1b4013e2b8f921bffe3716195
O07-07,EC1N83Cbinhb0a43329267d,32809,495363,9c8dd4b7444eb144c000ca460d87f317965bf4756f6b918ab700390e8e587418
O07-08,EC1N83Cbinh7667702418af,32403,489273,9c79b6f3dcd53a8912d8caa9fa701f82043adcb679be6af7a44caad4198cbc62
O07-09,EC1N83Cbinhb7f347892755,32710,493878,20cc558fefcffa94205b666595441e85ca60bc760b2e58119794b15c83a3d865
O07-10,EC1N83Cbinhaac0ba5e4155,32769,494763,45828ba38db4097b703a65144f092a898f9b25291fa96f542b6ed9a8006a77fc
O07-11,EC1N83Cbinhdbd69982024b,32742,494358,c71fd0f0f229ecf1a42e3b8b028e6f959c07eafb0973b4f9ea13cf09243f43a7
O07-12,EC1N83Cbinhfc375ddf35d6,32624,492588,73ae34d865ae2adedd89c281bf77617bc5f5b0581b725ebb362b8115a6ed89ad
O07-13,EC1N83Cbinh9e15b3ad2a93,32739,494313,d2deda6fd3f968b06dd345960386d5293783df1d5af02312089620db7bcd69f3
O07-14,EC1N83Cbinh42a0d396fcf0,32951,497493,d9f8b2ecee5029acbcc4d52c56482118076c24df9ed2b0b45530096bbeedb33c
O07-15,EC1N83Cbinhbcfdd49d886c,33038,498798,e761074979341a23247f6d8aae3c7b5e9f3832ff041ed2c36ed184cae7eb9571
O07-16,EC1N83Cbinhab2284326096,32765,494703,b4cb1f2861c52c4dd2d2f4f37733dd7d58ad0cbca89c9a53e713eb8fd3409e37
O07-17,EC1N83Cbinh30278ef683d2,32794,495138,b6dfcc959ff9e35df59667a2552d336ceebbf55f80b861f08a091f07113aa46a
O07-18,EC1N83Cbinh5b0415122653,32859,496113,fc52801c3a4a3c99ab8e82dd53783c4682039f2b8f8e6202d43a4edc9843e89a
O07-19,EC1N83Cbinh9bc1c4584b10,32781,494943,065dddedeee4496b823b33495ba6a4501e50a27714ec0d56f85338be9980b7ca
O07-20,EC1N83Cbinhe58d2aeb25e1,32552,491506,5c719af3366de6e124423199c2f5023d189728db8f7ef2678ee7955a61d4783d
O07-21,EC1N83Cbinh56d6bb23c807,32962,497658,caef65dcb5d692e3c6964c46e2658b7f0a47c0166a295b11eb2639d03c0c57d5
O07-22,EC1N83Cbinhe3aef7c04483,32784,494988,66c58482391d85492edf85a27c6b4d9499b39b7604ff9ec706b6f903944dfdf2
O07-23,EC1N83Cbinh4ca715a23645,32913,496923,dfde7dfc360311fb860a225e2cb51681a89b88b514e04762ce87b820430102e7
O07-24,EC1N83Cbinh771c901ae0bb,32803,495272,4b189352b437c34eccde8a610354abc285a3e63c31617e3b821081b38bf8cb99
O07-25,EC1N83Cbinh2fab0c042636,32713,493922,617a1357008b80a80771906c41e582c4c14a3a959e2c4877e7b69d07b23f021c
O07-26,EC1N83Cbinh3c0a0de5a686,32645,492903,42c6d6bd6b11c05d3b65d93b95836434a0d3fac22ebef39280e8b4d61b4cf2b6
O07-27,EC1N83Cbinh3a83a44c790e,32890,496578,8390767209fa8b09bb65b8185be4e3f316c3835fdd426b8ef36f082b9842f7b8
O07-28,EC1N83Cbinh9793191d197f,32708,493848,6d459b7111d83915606f162b126f655647edcf1e4ece5c78cd0723c979c52b05
O07-29,EC1N83Cbinh93bfb3dbf3d3,32985,498003,26621e7a201e4dea40b285c19405aa9af7101e5456f9dd6d6db8cea67f9edf2e
O07-30,EC1N83Cbinh3f8004fa7548,32784,494988,92e0534506036e23389480921451f7a16fd57a59506ae662d87fee4e98677cce
O07-31,EC1N83Cbinhf7740f7a80cb,32702,493758,4377c7792e25c8034e6fd5495e927a69876b0101905a9a880a32da8924f6ad70
O07-32,EC1N83Cbinhfd768e0484c0,32830,495678,bf3441f095914ae23eeb1f1bb885fed72bdda903f2870a7b48589e7986306b5c
O07-33,EC1N83Cbinh4db735ebf484,32855,496053,a82adbda4bda309e00d54b37395c85a53b826d36b7fc0ba02f987b8ea5425a30
O07-34,EC1N83Cbinhda45904b13c0,32874,496338,4ac521f8c3de827c8b1b7b989ac30d059cd6e38ff682247b4d5e9675ae8d11ec
O07-35,EC1N83Cbinh9380d1ca024c,32763,494673,ed34f2457a004066a0678fe6244a6e49084b45fca3d6596968b07ee2e0e4a8e9
O07-36,EC1N83Cbinhd8a2c095009c,32761,494643,1bcf15c9fc4e7a61b99600f91a016e15d0717340809602f56a75ca3926671d3c
O07-37,EC1N83Cbinh30e255d1ebae,32970,497778,34dab527a48c34dc2d649aeae8e48ee19f211990d86c1ac852158037d6e7d3f4
O07-38,EC1N83Cbinh61864c118956,32939,497313,c67938071f26d604134a943699d689854a79b2b6c3e7a2eeba016ce799df8903
O07-39,EC1N83Cbinhf93329d784b7,32748,494447,4484caff8cf08e4b41516e758dbf8b307548f634b9034aa001f5b00d7facd9be
O07-40,EC1N83Cbinh02e43d629fc9,32691,493592,4e897d58f8b0f8c3bdc52537582a613981e2d9408e9c7c2e8b722e33d3f66c70
O07-41,EC1N83Cbinh699ebea56d36,32740,494327,a18a6e3a9c768a39fdeebadf3243e2c07689ebc2f1b24e9db33bac876bed78eb
O07-42,EC1N83Cbinh2f3dc13ca62d,32842,495858,3268c47cf1e0d93fc1fd2d8ced195f6d83c0b8695c4627e00e54daa2b899e644
O07-43,EC1N83Cbinhf6c05599d1f1,32559,491613,7c5e06a184cbec617c3b860ba275794e6e3493b03a9ba305552cdeb6d15d8852
O07-44,EC1N83Cbinhf6c5472f49fb,32889,496563,e933cabe1e15d71e897f9294a3fe61a7174c543c7112af3fa119841afbdf3d29
O07-45,EC1N83Cbinhcb65bf0f3180,32703,493773,742c7ed36ec62dcc72815828a190c177fa33cfc0d7915e46f55fbd5440461f8a
O07-46,EC1N83Cbinh72412be3eaec,32755,494553,1d5ed107f38ce50ad2c21ec1fc8d6896dba2df64645a3fd5aaa3489f19749dca
O07-47,EC1N83Cbinh2583ab9020cb,32755,494553,aaf7eadb24f1352a7c3f5850c8df1e07b0f4ea90d41e62c43e632e880b962f69
O07-48,EC1N83Cbinh36fc76abdf3c,32631,492693,a6bd579ef1e378dbc1cd9bebf3067100275f6178282cd559a7476a61763ccb55
O07-49,EC1N83Cbinh61e6c243c79e,32757,494583,2d3611662c7baa5dbd58ef351b4e803afd72aa81aee82d44129063bb0a2959a2
O07-50,EC1N83Cbinhc1539369a703,32692,493608,a5684502fb7e4b8e254ccc2f4922f0ab636a741cdfbc85b0d550481d490f98a3
O07-51,EC1N83Cbinhfd631ce0f285,32959,497613,947ae03da1ef8b035e7e737a0a7f73fba847745e5a820b2d95dcc1e834d664ae
O07-52,EC1N83Cbinh23f689e0085b,32760,494628,ac420a8b799177ae80e0e3bc741c94527fbd02d8bff2cc80c77b654843b06ca4
O07-53,EC1N83Cbinh9780b9177d9c,32842,495858,3116d3d9cb7583a9f316f9d8d45de82c85646851d586c16f33a7e9a8b79b5379
O07-54,EC1N83Cbinh6bf66fcc6db2,32892,496608,5c33ae532066be858f453cdc142e99debfaae8a6d1253629786c097496fc57ee
O07-55,EC1N83Cbinh26b1b6135f9f,32843,495873,91431d0b2f0101cfdccf53e81a4e587fa23233436140ff8634a7ec1aee432ad8
O07-56,EC1N83Cbinhaa1accb08720,32781,494943,bece0447d31eac11b561e3a3bd1ff77445995c084dbbf8be300e54278d560f71
O07-57,EC1N83Cbinh88622ae1b2a2,32951,497493,493cb6a5e5567063a82e0b077c300d2f3e2b9d04e301da8f0286851d55b02c6e
O07-58,EC1N83Cbinh3691116c1dca,32847,495933,27a592771ca9662f555a5eedb62bc91e072868e70657b408c5cb8e679199b04d
O07-59,EC1N83Cbinh246b33f167db,32774,494838,99de55e93c469239305086410042929d5c1386fed0e2f9684262ac6ff01d1b7c
O07-60,EC1N83Cbinhc63d4e43044a,32850,495978,0216c00c223e0a292c733b67cd7b610166cfd236ec1046bb08cf62f104c9ac93
O07-61,EC1N83Cbinh18e278461e96,32734,494238,55455e160738605f99fb400a53c6191f9c18f0d1f3156c2430326b9f9f2e25d1
O07-62,EC1N83Cbinh9b47b9f799f1,32883,496473,84c36658d12894e20747102a7236242a718c6c7ea6e3b4553522eb522cd04170
O07-63,EC1N83Cbinh43a703a56b0d,32702,493758,302686a2b10b58cb464166ebf71df8675562c0bf40c11026e01c6ffcf2a90de5
O07-64,EC1N83Cbinhea4ca993dcd5,33072,499308,735ebb5594e3d15c9a608e74e631e2aa1388208547914a506715f689ccf95fd5
O07-65,EC1N83Cbinhf981bd64524d,32585,492003,1328bad49a8164e4b2cb71bf47779b8a653039f76093720ac6cc7744627ec52e
O07-66,EC1N83Cbinh6f39f855a030,32778,494898,333aead5e395d18c169260d1905faa5b967e7d3ecbe326c9d8bc676c1787934c
O07-67,EC1N83Cbinhbd95d291c907,32878,496398,d47ff5af6d958c522803446855755455a48ed4800da53bae59f5918ce4c94314
O07-68,EC1N83Cbinhcc9e445cdf7c,32758,494598,13d8a548109ed43b67ec78f5b85b2924408c6dc4109f3abd64aad6100fb1d35a
O07-69,EC1N83Cbinhb81a93e3bce1,32999,498213,9fbc7d8f57098638076a1d13f1f9255689e3b4bc4ca2b28b9b477fd98be63c1d
O07-70,EC1N83Cbinh79d48fcc83de,32667,493233,71a138bde7a9f4e23235ede160e3a2dc9791ed9232f15377a5c102f064816409
O07-71,EC1N83Cbinh316b5f43863d,32914,496938,20043378c39c013379fe4c62f3a550071513b4f069bfd602088a0d677703fa2c
O07-72,EC1N83Cbinh1b118a0d94aa,32594,492138,782e2e4e3c5d14bf1ce8fcf167dfe4f27e9bb061c75a99d9bd27f602f26d0760
O07-73,EC1N83Cbinh3f197bfbd6ff,33037,498783,8b7b13ae2d327e1ad4944587962ee58093eebcbb7b08dc3b37a32c4d019d33a0
O07-74,EC1N83Cbinhd0c009e4043a,32826,495618,bd560bbebc2dc36c329adc2e4f04db7e06182483b0d924b958b88b5ec366ab37
O07-75,EC1N83Cbinh6c8141c0906e,32916,496967,4524f781403a89b3d25d4bb7180ce50246f47bda2c98f3a6a13f170b4a06714b
O07-76,EC1N83Cbinha8f04e3ab672,32792,495107,71810ded495e312bc53a4432af86d77401c77b98f4ff359908531f7bdfc67292
O07-77,EC1N83Cbinh697439352767,32899,496712,a3aa393f2fb291159c5288ecdea517838385bb808424148945c32f6be6dec1b8
O07-78,EC1N83Cbinhdf26bc0505a7,32742,494358,60b5c47d49cc4231918ab6fb0d0d6f47055dee2b9728ba00f74510dbfc589ad7
O07-79,EC1N83Cbinha8e986184a71,33015,498453,402214409705b679fddd6f88fa2da2bf68a2fce36fa8a08b9f2a8464cebff0f8
O07-80,EC1N83Cbinh55189db99134,32892,496608,d8a11ed259692d2dd09d0c55cc4900fc355a4e6aab6d29087c4088167ef7fa42
O07-81,EC1N83Cbinh75c9a9860d45,32621,492543,6a4390825e6070ed6cb928db403597b8125653a60bed9d30be557cb1a2644cf0
O07-82,EC1N83Cbinh26c9f0f19bd5,32964,497688,3028a69e7f66b0e7aa96afc04c7c20a14263e8d0a8fb8c5f09e03e5c6b81f242
O08-00,EC1N83Cbinhe884b95eec13,32956,497568,49eee01d4d29f8e04d8ef459b023bf00199a1ae5a57bd3468e593b056c78afba
O08-01,EC1N83Cbinhaeadbae1054e,33093,499623,5c700278154d9f22b05d21d9c3ffc07b6e9364347046ce724e78395f2669b74d
O08-02,EC1N83Cbinhf84919d1cab2,32858,496098,bf33e430c38ba5e2f74f0300cfad31367f4e2c3b32d189e11511ac9f316aee5e
O08-03,EC1N83Cbinhed9ff5ed7070,32695,493653,4a86c95ae590d4caa5f8e85082a6230abdd282cede0cfd0388570bbc827e8a51
O08-04,EC1N83Cbinha567dbd05a48,32844,495888,78335299fab870869940713d2bf8635c1c5a601c3da3ca33f3e9a06513adfe97
O08-05,EC1N83Cbinhf02e2bed3606,32809,495363,a0809546d2e98e9d024415b80993d6126c015694a642dfc70060515f6203e8f0
O08-06,EC1N83Cbinhc02accb23618,32738,494298,c33b354f1d7e86f7bdc637b11c272a71b53546c91a7f62d4d9693ef0a8d40993
O08-07,EC1N83Cbinh8163f064fd9e,32806,495318,488bbb302f133464d5f7c2942052f5544049555da9d69d35a7792a049b5d7698
O08-08,EC1N83Cbinh5d79bc8502db,32799,495213,56c4f22d6bb9f3649f63e3e39a18e3d722e91de8e42cfc4455d41b34057eda79
O08-09,EC1N83Cbinh39f2f7675803,33001,498243,25c68ff182adf4937f1273b899ce47f5d6078d9a2df8a0024b31b12dc51333b8
O08-10,EC1N83Cbinhba25208e2e97,32878,496397,898789c64356728456f46412e3ec218d93e9a578d7d5a3284bd7f14c95866912
O08-11,EC1N83Cbinhc74fbdb7d2b1,32815,495453,ac6c246c90a7a4b58b1dad92c54fd8c6b454d0af172a533063e96b5a8ac1dbfa
O08-12,EC1N83Cbinhc346023f9e56,32794,495138,1bfa0a668ab3af1f50f657587b47a6b3f1734d2bc4492426243544a6419b9215
O08-13,EC1N83Cbinh9d0effa71307,32936,497268,91ef7c130a66e82f813a368705e23703c5737ed09e816e7d0a48b880ce7c9d59
O08-14,EC1N83Cbinh622bbaaf20d9,32763,494673,ff85ef329f4e2bfa761fbb2e9c7382a1e2d0759384acc58943f942dba61d65e0
O08-15,EC1N83Cbinhb43c0ceddf22,32764,494688,ff294088ed97d6f6a10c99943f36ac3c999559008de817198348f3aa2eb5d75c
O08-16,EC1N83Cbinhe7b78da7b397,32907,496833,cd03ac5d5f986709ccef3e4253125338fe8283d91535ea0af27c285944232825
O08-17,EC1N83Cbinhb77775ccaafc,32867,496232,436db7b9dc47572731c95b782c5ff7e7d97ffc471d37b4bc8baaae5c7228a76f
O08-18,EC1N83Cbinh26c65e3ab782,32764,494688,8ed772f1c9f3afe8b08c666ebe9a8810f1ecf2707bba18d42f8ebe18ca5fef45
O08-19,EC1N83Cbinh572f824a21f5,32836,495768,40ec902e305b0f25321616d56444343aca634fe922a6f641d00532e79cc3ae11
O08-20,EC1N83Cbinhd033afe8c501,32916,496967,9fb6372f98bc35308637fc331387acf27b6d76c200d7db8411c0103678404efa
O08-21,EC1N83Cbinh95eaa6044a77,32631,492692,9c93108d082fc821fb26158e004defa2bd3db0f6bf4575f2a6323d35d06cd279
O08-22,EC1N83Cbinh0e20bda39db1,32774,494838,fe1f5148c9bb846cba5755b0e5548caa2b53fe8658f1b06767ed297763936849
O08-23,EC1N83Cbinh1a29bc4df62b,32773,494823,9155a21d85d8e7c77b2a6b22ef548a68fb6852adfe9750595cc7ed642927b288
O08-24,EC1N83Cbinh90c507b610ff,32754,494538,2a7ed6d10fe0ddaa2a294ff0e75b615b59f2ab79b7f73847376ea2ffff1f65d2
O08-25,EC1N83Cbinhe9c2b4f7909c,32619,492513,11d766b89ff3f9999e2f394f85bb4922e2dbdcb99bd83127c2172c0aa025e228
O08-26,EC1N83Cbinh637aa85077eb,33000,498227,62cb30308765fbc66c224076a1423b2b2e535a9e4ba15333c8be984cbd62b44b
O08-27,EC1N83Cbinh74094bb176f6,32651,492993,9b2a24b10df263136c70c6fbe0929dad068759893cf8adf4a5f00863c195f187
O08-28,EC1N83Cbinh809db618c0bc,32888,496548,95dfd931c43eded26728c6fdae8cde26ecb74698d2ccd65e3f2914c0412f5a98
O08-29,EC1N83Cbinhf0bc9babd65a,32869,496262,71e399197a6987934dfcba9671a82e6f2bfef4c46a331a71872e8011e226d195
O08-30,EC1N83Cbinhce8f646addc2,32857,496083,7e78ef314f0589f51c34d5816031a24858fde16465ac6b72c58f800c1ffb002b
O08-31,EC1N83Cbinh9c63fe8f6ddc,32700,493728,1854267ccbc1cc3d215805ea8c844f014358d4718856cad86590f066705ffe77
O08-32,EC1N83Cbinhb32bfcc269da,32643,492873,8b8a05e097a89fcd3f666ab14be26099137e831c89f48ae2e83b85e1beed7078
O08-33,EC1N83Cbinh02eb3bb6675e,32822,495558,729a9bd11786e6e9d77d279e9cf9f2f6912221e7ac220ea180791cf7b829b0f0
O08-34,EC1N83Cbinh3486c610127b,33131,500193,d180ca09c9c36d1b23598eb6b4dd7cb46bad3ddaa1de5bf379ae19f703a7637f
O08-35,EC1N83Cbinh71ec0b40d604,32917,496983,a5c6f60b138afd51377a2bbaef2368efe6738f4c072292fc44c50c15fa58aed2
O08-36,EC1N83Cbinh01e61bd6b2ac,32756,494568,2d0ce11142e4a73501e2f70a7acfc6793df775432fac04b87aa3197df5871e54
O08-37,EC1N83Cbinh87db81fcc13b,32926,497118,c8dd680ae88e51ed8559d12fd43551581e876e7efa324740bc8187c1e0ada01b
O08-38,EC1N83Cbinh1ca75fb32fd4,32708,493848,7755cf78405b14128d26993461285ca4d82fdd98ea8b1409ceb2a0ccf51d3dd3
O08-39,EC1N83Cbinh27e6f8ea4cdf,32765,494703,1bd4b434d9b5f326085534954dc0775a8cd63a430f2b4caebfe7a86ad4a619bb
O08-40,EC1N83Cbinhba57b94f740b,32823,495573,28b5bbc4492877189edc1846fd934713d1736f5f2fba629e4019e1ffb119687c
O08-41,EC1N83Cbinh30e37d6f7e2d,32872,496308,f255fd699e945916e08be2720977281c8d9f21ee0516cc6dc9250ad7d3cd61c9
O08-42,EC1N83Cbinh8e7043310430,32585,492003,9a3d1a80602836a383b9b7138d2bfc80f442f1bc285f6878277de4fb4aca3ca6
O08-43,EC1N83Cbinh358774a8556c,32837,495783,86b34fad4b25509dceb7e84096ba5f140a2ae0ef50b02115161123549669cae2
O08-44,EC1N83Cbinh2e232d379237,32918,496998,0f22f4f93ee99234542ce9d4baf24ca9abc9af739b73eb931bcde22193f64d3b
O08-45,EC1N83Cbinh2660273475f7,32571,491793,a8370a947da3d6f6f46ff46ea1793bbed1b6046244b359158d3b608b34576a82
O08-46,EC1N83Cbinh8f557da42400,32808,495348,1a9b6a978eebd50d4361930dacfb90b62b69c2e6f5821b61d2c3f188af81a02c
O08-47,EC1N83Cbinh51a79e008860,32721,494043,0b0c842c17f5640fa674e33dc6f69e455b1520c9e4615d8440c0bdd09c6ad5c8
O08-48,EC1N83Cbinhcd5717de06c9,32710,493878,7bdbd5db065fb0002beb2f58fa9414331476ffe499c73a474c7a8e2a2ca5c369
O08-49,EC1N83Cbinh536ef5fb8f71,32867,496233,b60bb584246354d573a7a06af3b9860fec427ccde4117785ccfd45555839ad59
O08-50,EC1N83Cbinh5da1f7b0b35a,32589,492063,6f226febab377e9da9ad075ecebe9c931ffa42957a55958fcd8cb40e3ae03610
O08-51,EC1N83Cbinh039b75fc972e,32671,493293,dba2638bedd0aec8d369d076e40ce7ff17f2ad54b3999d16e479f3bf602300e2
O08-52,EC1N83Cbinh57689ba90333,32744,494388,abe36459ee3a140c0cd551c75c550b595c78b4af95eacd22fe16da26aea298d8
O08-53,EC1N83Cbinh6a1d5160aa27,32687,493533,38bee9eb046b1997e3f6f930bdd68d5765943229d77b51876706c35905691f55
O08-54,EC1N83Cbinh8311a1178edf,32710,493878,5862477167c0f0a9c49bb528824c6e9523e0574d6ac0b92c610a3514d069e5b3
O08-55,EC1N83Cbinh1289442a7876,32954,497538,c4a2a95c6dfd2a0601321fa01cc1b471155e23d4eb5f65946543ef990fa6ef73
O08-56,EC1N83Cbinh68e8db81eb5d,32833,495723,f4ea828b395be2c5bc985b84190f85a0116d6d0166a7c6318225bb8fc0113b8f
O08-57,EC1N83Cbinh4a4e016d6c2b,32798,495198,574d061519af8632cbb987b9d7a6cbfe1a625e45424855bc1de7c387f085cda2
O08-58,EC1N83Cbinh95c154eb70cb,32924,497088,7ba0d1503b104d1fb6c4327a8a467243c95d66f681ead86be843ac6bc443539c
O08-59,EC1N83Cbinh7224a9724059,32858,496098,cc94b938018fe83154b2ac4c37bfe7ab8fbdd86ff4108f43efdc4090bdae3040
O08-60,EC1N83Cbinhee41b058e1cb,33031,498693,bbbb58ab34ff2daf7548ebd4fca7d77d4ab4178b3f67cdedd26f929d47fa83d0
O08-61,EC1N83Cbinhf9dbea4bb1d2,32772,494808,e37745312948449945e27ede66bd39dc5fe10b4f0ea005a67a865fae617c570e
O08-62,EC1N83Cbinh1a139c2dbb71,32915,496953,2149cda597b2fb9fa31b0b2cb20980a59dd72d6f91a39cf5b43ce0f550d38ac2
O08-63,EC1N83Cbinh22a02fd2d4a0,32885,496503,5da437d268b04b323d67c993517f79f023aa39d1fe8f0659c69b4706dc8c0bc9
O08-64,EC1N83Cbinh6a9a34125613,33030,498678,f5c4999a1f48924e97f277b28f7eb798f37e90f951e1a971a85cc4d15af95ad2
O08-65,EC1N83Cbinhc8adda971184,32898,496698,e95da6ab4e22dcdd6f731f073607e9a0ae1d794b197d380f8a96e3f6969be4b8
O08-66,EC1N83Cbinh6b98ff2bed3d,32768,494748,5a66925cb71ee27a89181cd0f942ccee813b407c68e71445eaa51c428dff27ad
O08-67,EC1N83Cbinh73547814e005,32830,495678,5f742e901d58bf376eccb8107dcf0b4e1450a7b0381489e4ce17f2c79888bdf8
O08-68,EC1N83Cbinhc7132cfea554,32560,491628,f3b068991ef71cac8e1a60ab4226a45429ed8fd2fe6ee4fd44a4d226afe759cd
O08-69,EC1N83Cbinhc1387fd900b5,32754,494538,c9c9a175220e1ca1990beb2e6d8ea13d38a4f6382b3d64c8263984507c8ceaf6
O08-70,EC1N83Cbinh7211c1cfc7a9,32844,495888,0a8a8439e535534676b7a64df77ae49231f1b7e1f1122c0bf7524a50a2ce966c
O08-71,EC1N83Cbinh201f13ec5198,32862,496158,00fd410d3aa85f05146aa584f8c6b7970340ab16ad2b0403db944870c2a1f570
O08-72,EC1N83Cbinhc459fdd05cbe,32666,493218,57293042f5b0444d8555836e0c678a92b084b2105dd629064b51c122f2159075
O08-73,EC1N83Cbinh03962c45bc90,32791,495093,426ba7acd04c6fa640ffd80072be260cd11451987db8e3acb2e9854fbe7c4b50
O08-74,EC1N83Cbinh520179f610c9,32913,496923,627a86802a36afaf8ee96a18fcf027d8fff7c1369430ab5da933a543f10d2046
O08-75,EC1N83Cbinhc4a7d0dda518,32954,497538,c8001e7f9002b56d119fe2e420bab1a41731d13fa44fcc43f3b418105f0891c9
O08-76,EC1N83Cbinh2adc78ca0896,32958,497598,6c2e3107df3e32b75ef6b308fae6802891d0fc2466f6c531c56d442baabc5c9c
O08-77,EC1N83Cbinhc1b426855a2b,32749,494462,e64f3977a6ce5a02518799a2c3d0fd4f0ca00338c9e14562ad8fd1e5112b22de
O08-78,EC1N83Cbinha85eb7ef9e5e,32585,492002,a9c3839c28493334aa22bc5adfc1ff72309ccdeb42ebdad1532450abfbfeb675
O08-79,EC1N83Cbinha3d29eeef414,32946,497418,04d8601e1a6300c25119509f21a926a6df052504a85c28b849f74ae4a443171c
O08-80,EC1N83Cbinh409236fc344e,32727,494133,995d1411ae53f352fc30a704dc81cebd39f2dd4e26c3a662e45abd25612a57f0
O08-81,EC1N83Cbinh6fd3e37508a0,32786,495018,5375db57428942a1a22c21020d3273d17575d1f1f30565e49b8e64c174eb2c43
O08-82,EC1N83Cbinhf43bc0a61f23,32721,494042,ab1fab607fc2925718381b6b8a35837bf462a408a1f7d46e37440846fa60ab42
O09-00,EC1N83Cbinhf13209eb2492,32624,492588,8e5e89250cc91901287f5177c73dc7ffc75230b2f424b6665a128a2be58f2723
O09-01,EC1N83Cbinh023b80d8fdca,32615,492453,966ee9cb57722e1ff05ced175e20b5c39d453458e6cf0ba0465e49d1746149b7
O09-02,EC1N83Cbinh28a9dfd682d6,33059,499113,c50f36b41c70c10a65a67049073306e39634740916def741ec3432d9a87457ff
O09-03,EC1N83Cbinh156e75eae23c,33035,498753,4977adb339cb32834d4304268ed5422689ca1a2d843858212c74d5d21c94aa0a
O09-04,EC1N83Cbinh8a91b57c8c2b,32826,495618,82c6bdecde9c47f82e983ad398a8e039c6ce4e4ba28007a4eab3a8bb3c2aaf7e
O09-05,EC1N83Cbinh1655b3774264,32964,497687,60e3fe183d573d3a79ea14f34bdb6ca0c0743d1bad150ad65e5cacdc3b5bdf4d
O09-06,EC1N83Cbinh884c20191814,32741,494343,37ec1026fd243d9591140b2bc7dc874542f8921810d44faa1b9f33e56ffca640
O09-07,EC1N83Cbinh0d5fc7f2f4b6,32832,495708,c5b62d4abba46881cad5cfa5df7d09bbdb0d71ad6987faf71ba1ae03e676bba6
O09-08,EC1N83Cbinh5a66a8280390,32739,494313,2e6a3a2edf38a6341ab8ed71d27caf29e443ca7e2a1ea26723f7cc9f356c16d5
O09-09,EC1N83Cbinh0b1245facd4d,32555,491553,b4c216f7d79970c54d54e9296b0ac2fb2e7b2b65f197092c7e72e7dd571d7e8f
O09-10,EC1N83Cbinhcfe7bcf318b0,32696,493668,760bc7e17bd84d68b6f3d952a40b22d7c6a5f92bbd61e9a6551b65a5eca78075
O09-11,EC1N83Cbinha7a8d2323c7a,32827,495633,6cf1cae368d3c3ba22cc3e197e02028f3472e5d524f284bcc5e420ee88cc4488
O09-12,EC1N83Cbinhc51687dca518,32967,497733,7bdfd9e6922c13e879e9bd5cd25694d05719a2c2d585deff0040c9cb7a72b890
O09-13,EC1N83Cbinhcae7335ebc6b,32691,493593,e1888106769218843092be6f1492eca5cf5b9c6db52ee70d78ed5704563312e6
O09-14,EC1N83Cbinhedacc92a4abf,32880,496428,7cabd00c5f2cf31cd38b2e37b20fa7e571ad8afcb8a93dfb7fa5f79ddd6b4683
O09-15,EC1N83Cbinh4c9bdc6f4f63,32817,495483,30688592051617839e055ddd196b46010783d3417a3551c665026fd094fa264c
O09-16,EC1N83Cbinh1b57790f5588,32846,495918,1a19d42cf7910b52fc789b8f0827ea6f773e03a51ee0b74196fef100c00b2c1a
O09-17,EC1N83Cbinh09539f6b067e,32993,498123,9ad513a81fbb30ca4ced883fc89d1d443bbb18f305121b954b17e910bbfb63d1
O09-18,EC1N83Cbinh0b2f65508562,32884,496488,e5305f88f70fbe88429cbdab98c144de8a9ee27a9c5efe389755b42b517dde99
O09-19,EC1N83Cbinh3bdcc22d3a9f,32813,495423,b18b1d266434dd9d962884fdf359e7a292fc31d9d3c5b5c6f06af9cb43664d4d
O09-20,EC1N83Cbinh4a02804d8ffd,32645,492903,7bae1748dbd013b7b0fb5ce71d2dba7ce37ccea0ca75a2636637e9f926ae3d57
O09-21,EC1N83Cbinh24aee24191fd,32626,492618,bc408cd835b9d3fb1b9be82e995595d26dd9fc8ce5f2dedbceb3f3168c1a5e5e
O09-22,EC1N83Cbinhe624d0cb958f,32735,494253,1f94324d8bfaaa8ac885033029b271fc9f6f5c77892333d12c10bdd1c70d3028
O09-23,EC1N83Cbinh888fdc8b59ed,32939,497313,9355f6ef7a439ab94563ab6c94e6f604da2c1ffe3c9c0281f5de6a7a9a455807
O09-24,EC1N83Cbinh794c5498a995,32889,496563,cdd5a9ea0bcdf64cf6d8122dd0e8edc95f388aea5f49fd8ef2cca16c03c0e0f9
O09-25,EC1N83Cbinh7fca33b9ca0b,32841,495843,aacb1c394714c0d6ad6d79c6e64c9aae81abcdfdef337ccd5ea8fee490ebdff2
O09-26,EC1N83Cbinh824c10836650,32654,493035,ec35fa20c9a6f949ede0de27595e927bbb540f7ef1ca271b3e9ad584198494fa
O09-27,EC1N83Cbinh454b806b0193,32582,491958,659dbf539711634bb49abb26beea566f1ae7cf10db118e94698a8d4a990e20dc
O09-28,EC1N83Cbinhf755d11eddbd,33031,498693,e6c65a2e7606218bed6caf9dc2aecef8f0313aeed828acd2f053149e36f72e3d
O09-29,EC1N83Cbinh54686d6c34df,32869,496263,f4491912e4bf6255392ce8c7887211289b782d1a2dbf9a06fd2a58762eea2dd7
O09-30,EC1N83Cbinhe7a2711770d3,32780,494928,21ee90294903b7dcf6cc767b0843757a1e4cb5e91d5d60aed959e359c99d79d1
O09-31,EC1N83Cbinh6f3376f4fe72,32783,494973,e1ca5c26a3f1aa22b8e1a80bfa6205be7d0dc5150f839b720b0f152559dd0d32
O09-32,EC1N83Cbinhbf101149c001,32630,492677,b794974518e3b36faf57e3ce9aa269db8923200bc651d18e752c1c3c023afc94
O09-33,EC1N83Cbinhf490c49fae58,32770,494778,4d2f2ae8092921bdc3d0eef656a8418704513be529e3f48740be559eb522a847
O09-34,EC1N83Cbinh5622b059041c,32804,495288,6585b5e6c441a40ed923ab10c65ecacad3ac82f8e62b16146e6d2a180de7853b
O09-35,EC1N83Cbinh72257a76d289,32854,496038,6508c77df8799a678584d2d74f1d87b32ccfe0fb212a7c4393d1279ba9a6c895
O09-36,EC1N83Cbinh65434003318b,32964,497688,61d5481786a0ce74a29d78eb4a60ec248a4681a1d1ae4c717c77e6b68614e2e0
O09-37,EC1N83Cbinhf96aaf959263,32755,494553,c42c598ea658413e205a4368c01e85037fbc9208d043356ec1748cac22fa7cd4
O09-38,EC1N83Cbinhe0fb14dd726e,32679,493413,014902a63e13c73df97c519d7e828b000b5ad4b6004ac011da68fa77bf3974b5
O09-39,EC1N83Cbinh0bdec599aaab,32585,492003,56a590a4b799a6c2d73d35f878447763ff64258e70710c56864bc1a591337257
O09-40,EC1N83Cbinhc5b82978298b,32760,494628,9330bf44d8c2ec25d54cb04b92c993e902525eeff6891f2c2ac5cfba99fbf8a6
O09-41,EC1N83Cbinh17e44380c408,32681,493443,2eb541e5f99e91b6a08946d4aa2b6ee652fc61c4593ebcf35402bb0c91b07cd6
O09-42,EC1N83Cbinh71ac0771df2d,32734,494238,f93a3042ff776b7d828988f85c83eda7c95b437491db40f163f5bf1713086c2c
O09-43,EC1N83Cbinhd9346d47c590,32903,496773,0cab18b6a52812d080bc53b005e431c536582fe0144b211677302bb7d2be2676
O09-44,EC1N83Cbinh4224dc85a0ea,32773,494823,4b1a4b61695d7e426e5b3af7fc0be53374c180796bddbc1b84a128454889d437
O09-45,EC1N83Cbinh8a808a1c5e3d,32864,496188,4512bd9acb3c733561e802f1f2e325ba2855f94c6bcf87fb38b425f91db793c0
O09-46,EC1N83Cbinh7fa2c9cbe96d,32686,493518,93e6aadcc784400ed0d777ca8dfbb43d19ecc4578aeae4315416441ce70c1113
O09-47,EC1N83Cbinh2c2591971dd4,32862,496158,1d051f174e644ebee17031d56420dc2d527038012dba596b737a20f247bd0f27
O09-48,EC1N83Cbinhf351c67997f6,32846,495918,eb9c9bac6cb7192b32125f67b347653be925d8a4374fa6d979fe436a41978f9c
O09-49,EC1N83Cbinh8e64cd4312db,32727,494133,37164e75c033f2036e23a92bf02542e9f3ae2a60b46f2a4b2881be977764dd53
O09-50,EC1N83Cbinhdbf0e2a9dd5e,32841,495843,f059f8cfe67d4143647d6b1f7ab7728be3070b8a177682ee9897f72aae63b332
O09-51,EC1N83Cbinhda2f99e903f7,32883,496473,319a5981034701cfdf770dd5d747d55efaa470d89f9dbce7882e4387a3733ece
O09-52,EC1N83Cbinhc55bd0b38f3e,32710,493878,6c0db88bdde4460355172bfa2d20b61267cc38a1017e74c69e33392d6125308c
O09-53,EC1N83Cbinh99af568f45ac,32956,497568,e35706f3e20f87fd2f578fd328675afb76ae88100c6b20ab21dffa6c9149d85a
O09-54,EC1N83Cbinhe789a6156642,32609,492363,c167a87dceece4990b783882827b1b9773cc304237265c16ceb00b6ef69e2296
O09-55,EC1N83Cbinh8c56201f583d,32859,496113,383401893e6786f4d3c300cc35467c319a75ba0ac03d51b0b2c3ecceccfdd0cd
O09-56,EC1N83Cbinh1d8ac64cd25b,32808,495348,f2888fb83f89617c3b2b795b808a3a208604d160ecff0f587581885b20fa399b
O09-57,EC1N83Cbinha3ac3304a89b,32895,496652,48c006f57fbfbd13df2c346d8ddc86965274b4ea9a3e1d4c58845b4163775969
O09-58,EC1N83Cbinhe27278d01f58,32807,495333,d283dbc7207ef5a4c70de912da6b534df9764560f6ff9fb83fdfdd46eb1d6d8a
O09-59,EC1N83Cbinh1d94b3d98097,32886,496518,3c0bb8b03639cdf5334ceec65ea83593350563de4904251ea77f2ba5e1afd0bd
O09-60,EC1N83Cbinh1eb7d7df0377,32722,494058,6bfe3886f0fcb985fc11f794ec3e051540172f72a17219a4c2793512f1e1d91b
O09-61,EC1N83Cbinh46a4784d0266,32534,491238,21944a7d0f7cd237bd49e52b94cb3b5d37a0d30261f59c198a40b3f02421f859
O09-62,EC1N83Cbinh719595b73a1b,32870,496278,605dd26e5fa19e949262ca0f44faaaaab6ea575579b770ee8e888d03c9c0628a
O09-63,EC1N83Cbinh00c2f9980149,32785,495003,954c0c7336d93c287d2b8c19f9620170b5ba4c2871947ff1c09fa53d0723a834
O09-64,EC1N83Cbinh3411b63d6599,32801,495243,82dc9cf0f1dd0d4d06a7732e8dff9b868c659a78e14042d7ba81dd5909f4e5cf
O09-65,EC1N83Cbinh5fc8ec55397e,32655,493053,ed5427266b99810f90cae6543f9649572980800c678f1185736e5e6d1a1b2632
O09-66,EC1N83Cbinh12eadcd76911,32834,495738,8eabfe41c6e27a558d3dc0b5c40c10b89a36b97587648a0d1856827abb4fc620
O09-67,EC1N83Cbinhb45e9ac38265,32900,496728,bcece1f59a898b20b106b6c13ebd0ddeedd0d410c0d7b541c5f87798b1e4cc61
O09-68,EC1N83Cbinh6e755b33ce45,32910,496878,01fded7c80dc13987c4e03914d052273d4e5f50b0429836ff78277d114d13ae3
O09-69,EC1N83Cbinh8baeb04f9819,32707,493833,8df3953481f92a32f874d13af089839cabca94ad36f14f40d306c4cea073411d
O09-70,EC1N83Cbinh38edf9889416,32842,495858,585818651d0c767a59898863ed7ec730104be4421270487b32e1284618e58394
O09-71,EC1N83Cbinh6bca0e35d4d3,32761,494643,61d1f9a8d09b7c3a0cb87b2f2758338833d6ecb148a7761cdeac0b2dcac4488f
O09-72,EC1N83Cbinh08532d9deb38,32728,494147,6b392286b1fc9dc90031e034bdc3bff6ae8f4f55ab91927cd90407840e81a271
O09-73,EC1N83Cbinh060b84e3ccb8,32769,494761,01b631fe21ae3beb581b58593ed1dd09fb585c92753dfcdac8d5784c22488997
O09-74,EC1N83Cbinh64179945ff26,32833,495723,26f3f32799c837e5d5bed54db39f340183d757cfb828eb4e94397aaf29837f61
O09-75,EC1N83Cbinhaac06675f828,32615,492453,32287538f58e3690ef8eb79f24424bf0448abc0de04bf961c687509222706d09
O09-76,EC1N83Cbinhbc52078db118,32788,495048,34ed8545ca5607e642673ec35ae894c4685e87a01ff7d61066e6f9e29c98d0ae
O09-77,EC1N83Cbinhd6e925359a0b,32629,492663,6e2a152805a15dd2dc6280183b29d436521d3ff412fbc54a64056c1ae224d757
O09-78,EC1N83Cbinh15d5586d6dd2,32786,495018,069853cdb34b2674ee96613f92768ff24ebdd86c68091556085a7f261514113c
O09-79,EC1N83Cbinh95c1c57ef04f,32798,495198,cdec9d8399f7ad075f98711c9f109d978f9fe0eb740ca5aef1d35726bd6fc12a
O09-80,EC1N83Cbinhd3f880293576,32795,495152,0a20d015f5375ea2a51c5fa29f9e8000114bd46e05c4690e799a517cc4fcbbf6
O09-81,EC1N83Cbinh6f747b81a3ae,32789,495063,b782a0770e371d8818256f9d356273de70a0798ac623a32c55c9590a5bea44cc
O09-82,EC1N83Cbinh34bd20f1b4e3,32910,496878,bfb91e8fb342b8e93be74dd27be1065c70fe071e0bb9e0b7b7902a5be99da045
O10-00,EC1N83Cbinhc30683b9f8a2,32789,495063,e204e676eae3c193cea91bd975ba8e7118cdc087f9fc7fbaef6990238a917b6d
O10-01,EC1N83Cbinh0775ddcf1376,33039,498813,5cf4bc0fa5313a4ed183c42f51b40538584e070c07fc37bb42f653bc3f90a1b6
O10-02,EC1N83Cbinh42e4f83a3869,32835,495752,8d5e6fdd0c61364266f43f275950018c8c9faa957b81e8a03b5350896d20f9ab
O10-03,EC1N83Cbinh43b0345a5644,32758,494597,46cbfb60364feb682d66b97d58606f3222b577f4c19c9350027be85ab96f528c
O10-04,EC1N83Cbinh75b99d3ee117,32962,497657,9e63a05f9eeb1767e1b07280673598f9dadea78235543858f3a58276cec5a004
O10-05,EC1N83Cbinhe939349a23ce,32739,494313,976791479f847634c683ac53797cdff32f92a626360a873d209e8f1d1df5442a
O10-06,EC1N83Cbinh5787817e3c3c,32874,496338,017cb7a1e11845ed7f35b626fd50f1b17cd0f5c1b30d9b1d48f6297c4c9c499f
O10-07,EC1N83Cbinh450373cef95b,32680,493428,11c165986636f506512c7f429f97d78e1bad84d4dc63f781c4deee15a6fa23e7
O10-08,EC1N83Cbinh233a39ee7ada,32779,494913,1313fca2a96c62153d8011653929dd9f38fcaef13628724eaa579d6d5b2b8f2c
O10-09,EC1N83Cbinh11180ff7164e,32808,495348,12c6ba406aacf21a4c70b038d939d1f0bfa7473a5205806c02b47d7893b5b633
O10-10,EC1N83Cbinh35f8f9efa5ae,32927,497133,c34f07489d09c8b2e5bc5fd692a9e47893efe2178283a34ce527a85bb7800aff
O10-11,EC1N83Cbinhfcfbd21020e1,32687,493533,cc152e75b6e117ae5e09c8bf04e939d8128858829b0e6560586f0430e2929d42
O10-12,EC1N83Cbinh424b068368df,32806,495318,a5ec5e5313b9e23b0a76bd1c8bd0b24ccb898a69e6f312e57496282a9516c884
O10-13,EC1N83Cbinh785eaeff74e8,32787,495033,677cfc4c12d2a32f051f97b580c6103eee295addc35d1f37e3bd69e4a1eb7d3e
O10-14,EC1N83Cbinhb8e3b3eb0cea,32855,496053,817c65a03cce0d491aef9f3b3f87d50f52b1ebd0dd989d1cf2ea6bb0ec47164a
O10-15,EC1N83Cbinh309b22201bdb,32936,497268,749711a54510ac37e9a2bc52c423d0801163ae4d5d83c6846b657421936aa681
O10-16,EC1N83Cbinhf7756b3de9e6,32845,495903,22a11461acba99c912eae627b4e671ce1a1b6a260962155effd1c6003e0a8b28
O10-17,EC1N83Cbinhfe1b617e0439,32831,495693,361ec05d5075af85484564df9b136ee7c0a4312bb1e1b9629b7de74bef18f59a
O10-18,EC1N83Cbinh7ab55fc8b670,32785,495003,fdb0e2a43fb94f48e0d57308fb5003ff168d6952218a841778a9a3228004e7da
O10-19,EC1N83Cbinh921de2a16e60,32630,492678,a3cc68d80fc367b4c1631dc30c25bdf35701c15c2891d600249a7e9fb1d5cde5
O10-20,EC1N83Cbinhd5e06fa1d9cc,32889,496563,cbd0b1ab840f69fa84053ac13c8950aaa5a6feccfd383b5effc6df0a0fece13a
O10-21,EC1N83Cbinh1dea40a3bf8a,32765,494703,d521c5bcf929c3be561d48f55d745ce8c16bf29b1996ec1c91098457390ef228
O10-22,EC1N83Cbinh1b8a500289e1,32771,494793,30af8b8a5b1c531eb296704cd7494077695ad368d30f25b49fe338c84aa490e9
O10-23,EC1N83Cbinhe6d7f25ccac7,32796,495168,d6e6a0abfc71717d941efb47294505c0ef6e1524cf1af2164ac9befb8ef5818a
O10-24,EC1N83Cbinh71f640d2e736,32740,494328,559cf3cd3de990ae80953965054fb00574008f90b878ea2a2bfcc727f07125ec
O10-25,EC1N83Cbinh010e7d38a1a5,32517,490983,1f654ed5c19dfdb4ad350b3de1c7b631b26c39ad5105bb08e33bdd2d47d72805
O10-26,EC1N83Cbinhf64391a6d1d4,32650,492978,c6fbd22fa22493a923ddd50845fb810ac64cc9247046e3f6c282d293d49446f4
O10-27,EC1N83Cbinhd03688667631,32642,492858,b867f60b131424658ab78bacb4fd7321bf68abab511bbffeca7c94aed191b4a1
O10-28,EC1N83Cbinhad95fba3aa9c,32648,492948,510cf7be0adc18f1469c01ab8c004d1cee5c16fa04e983bc668dc78347f243dd
O10-29,EC1N83Cbinh66f57fe41f04,32880,496428,20ec3a53da1b14bf54e243962e4c5141fe479d76ee3bc5415947e6d1f1827ddc
O10-30,EC1N83Cbinh2ecbf6bb5773,32770,494778,8a7e6f3e7693f3bd113016fa10d017582ed3df88bd8f3dec41a2b1658b545fc5
O10-31,EC1N83Cbinhe7f1367e7047,33015,498453,5d86fcdd19649546df553e472fb7512838d03c4c70fedd7707927cb45389d982
O10-32,EC1N83Cbinhe9db35155deb,32880,496428,238987371cde655ce54e292628fd046611e7cd82da7d567661ca24a35b0f9cad
O10-33,EC1N83Cbinh367e40199585,32908,496848,a1ef620fe96c63c43c69f523112f83ad31f60cf541822ad0bf9ffec1f4bd8f10
O10-34,EC1N83Cbinh697ed89c5340,32830,495677,9d0d4e0d0c1b389cd1be172635b98105b2b6ad811acfb50eb4058aa348352880
O10-35,EC1N83Cbinhb3f6c1a79dc5,32735,494253,c35dce41d3ee96be064a67c5934a4145722ee0123012644fce19b01299e4e1f6
O10-36,EC1N83Cbinhcebd89a77c4b,33034,498738,014f5354091f6c91a57e2094e903e9c8411851b6286b12e6cf633b4b5ddca76f
O10-37,EC1N83Cbinh38eeebb0c267,33046,498918,3e835f9c0b176625644e13229f523499691531720f917e6ff4ca44984fe21e1a
O10-38,EC1N83Cbinh3793d3d491c1,32711,493893,16662b2eeb56215c85126692fc1cd3ffbdc97d5ec1e1c210f8def1c88e688330
O10-39,EC1N83Cbinh3005ab3ece98,33026,498618,2f9dde877c8d301ea581ef881ba47d961e6b83f2ca2b55da550cfb29359ecc89
O10-40,EC1N83Cbinh65b4655af5f6,32940,497328,e96fdd4ba8479149801a6f6bbcc0c8f89fa63740084e98d3be290b96e59869c5
O10-41,EC1N83Cbinhcc1642f6ddbe,32829,495663,f49e6a4fef1482dfdf5df853e8c25421ac1887cff57c2d3b9975b9e65cb0ba21
O10-42,EC1N83Cbinh198d337c3b64,32693,493623,680e968a526f9b1441da39528671b24305d3831a003bebb7cb4012fcbfeb39c0
O10-43,EC1N83Cbinh8ab8965273e1,32994,498138,922b2aa71d9e7b818d1d610b790acd9fe7520a1ad4bfd6287b324babfa57959d
O10-44,EC1N83Cbinhd87e09fc473a,32768,494748,b6c93bc86c3622c68cca27fb8d2f6ab56e2fdb2e476f401e74e21a8d1096447b
O10-45,EC1N83Cbinhda0f5fa85700,32655,493053,8140edf4ead2c20e9fe9954a48f9fcad2f6d39b23c676168985a9cff1461966e
O10-46,EC1N83Cbinha9abf7afad17,32768,494748,9767fec4a3a9dd428744519e2ff247fbc261efac0f84200b072075f8f9f33210
O10-47,EC1N83Cbinh758fd41dfa3f,32716,493968,9cdfcd35f4763f2784329f37c438046afb9a9de71d8c86df86e7a72c41cccc4f
O10-48,EC1N83Cbinh958a364931a0,32818,495498,a9c53f929ab0c6a33880ced49ed436a4a05466a54579f03ae624c172a5b16be9
O10-49,EC1N83Cbinh288cddafd6b5,32819,495512,48ddbdd6f84b2e1fff26c6190d7a3a49d64c98f3aeb086e1af79034272538306
O10-50,EC1N83Cbinh46984057fa92,32848,495948,c70e66ceed8519951207b3b6d2720bf04c6666f53aa544fff8ae8892d7927ed4
O10-51,EC1N83Cbinhf5b27d95b999,32821,495543,b342a6f6b5531cdcba7c725c06c6ed3d350d2edf5804255b485431dd8b4babfd
O10-52,EC1N83Cbinhda9775cc6e96,32892,496608,1e9514d7fca59361fd7dbed9d724039bd597f3be40c93aa7e333fbd3ce38327b
O10-53,EC1N83Cbinh83762bade3a4,33037,498783,4c1db839c00a6420ccb37ba47d078044a83e234243a19826a56d670dec2f59ce
O10-54,EC1N83Cbinhfd8bb9cc7d19,32807,495333,40de66501532d211368afb6fee2754532dbb0f8f36fb7485273d9d18b667248c
O10-55,EC1N83Cbinhde815b791d55,32886,496518,3d4a5969e59ffdee6f2c91b8dd07fb13124c0012310454d46207888ac8e80765
O10-56,EC1N83Cbinhcb44ea8ea904,32852,496008,bbdc1a6f6b0f4ba5f47b7838f7ea0225975620aa505d5d63ab0ceeba8993dabc
O10-57,EC1N83Cbinha24a49523822,32978,497898,d0e034784cab3dd1e696d18d34ced9df8836bc7d94f66a2261908290d264b489
O10-58,EC1N83Cbinh89effd7bea28,32905,496803,73d69040ff50d129383fefb707542f10c776dc1af2669d047447739dc508a04d
O10-59,EC1N83Cbinhda0b175bcb80,32824,495587,78885cc4f2741aa13fe2d70487c287e1b44eaec38f3203e5188d2325f4f64059
O10-60,EC1N83Cbinh8666b6bed8ec,32729,494163,c53c5345d5ba10caaf8a4d271e59acc43a64dd7fc680d316e72baddeef817747
O10-61,EC1N83Cbinh9195a51bbfd4,32969,497763,9fbbd88c5e352a49317bfd0f0bb947346ba285ac1eac3049744906e39d136d66
O10-62,EC1N83Cbinhb8f9027cf2ec,32938,497298,1a889c408ef0e87999e594d89f6f260b99d34590218051512511d07877baa22b
O10-63,EC1N83Cbinhb018a6797552,32818,495498,700b00db3986155193831cc67bb84469a0cad0db2724b1d2f3b997ecaf747b9b
O10-64,EC1N83Cbinh8a3715750995,32864,496187,01278a8d2fb8f5e339b5a1816b45f000706298fd7c6509be6ae6f3faa363bdcc
O10-65,EC1N83Cbinh44ee38927293,32742,494357,bd10469d7263face6a50ebffc14062fa113d48ffa5dfa80de1545555e39d89e4
O10-66,EC1N83Cbinhdfe5db560bfc,33165,500703,bcff6390864f739b0511e421beac849cfb223214a6c3fcad16f89ae68d7b29a0
O10-67,EC1N83Cbinh02a23da9c137,32535,491252,f45a9aee0d84cb681c536337b14996eca458db1aad2783fa6c89c0f6c3ca1b66
O10-68,EC1N83Cbinhdd57caec6c4d,32890,496578,5aa7b84a26345f9583efb05560c420feceb2c4f3d3148500fa0bed83e65ccbc3
O10-69,EC1N83Cbinh5d12144ded33,33019,498512,331d7cabab3e66dec3732488e922821dfe5c870beec6dd080c6063a00310a35f
O10-70,EC1N83Cbinh945349a19376,32923,497073,6084eb5321ace36a7728a9bb6b39be7a0b4e4a6b70f5481a3a1c00ef8d3c68c1
O10-71,EC1N83Cbinh1ba490dc024a,32843,495873,b9e55751ed2b975dfe2381717b3ccea69285567ee86545b72e0da2d35beb6f79
O10-72,EC1N83Cbinh51cca89f3215,33096,499667,6d9a00af1ed7b1820f305ed94c87c1a69d1118dda0785a18e4ecbeefd4bc18aa
O10-73,EC1N83Cbinhde38371c81c5,33058,499098,582ed94a305731c1a18b2526888ce2225601f1c569fc633f24fb7ccebb70febc
O10-74,EC1N83Cbinhd1c78472be07,32598,492198,e8f4fbc0b7c58225127f453795abc29e2ba792ad9a395bcaafa4b113b52a6021
O10-75,EC1N83Cbinh2cf8324f0a6f,32792,495108,e8a63b24677031568f585674c5ab84cac774d6d2c41daf743e8e5d49a05d95f2
O10-76,EC1N83Cbinh5018d4c70994,32802,495258,46d173b628713084e2f3ccadf449e11e0a34597d8dcd3936b9895917c0778b27
O10-77,EC1N83Cbinh579a8f0b1b9c,33074,499338,20ce9fa6d9485c45e1d833522f4c04d154a7cea72868bdf0dacb056875109354
O10-78,EC1N83Cbinh4aa2e608d498,32709,493863,d89d56bdbf1c7788fc12ed4f5a6a07bd75c1d9a6c122ef2e3716142585689ec0
O10-79,EC1N83Cbinh331df25e2adb,32553,491523,43da727fb9f510772e9bf2b6467dd431ca18838a2e3e00dd4d5aa4787343af04
O10-80,EC1N83Cbinh3542e4886cb8,32761,494643,390d0aff9bbd2e57a40dd8802730379e78c12eae3bc2968c0d1c2262fe56ae20
O10-81,EC1N83Cbinh04390080c4b0,32600,492228,97d615b124b5ab4fb157379b4bed6910f8958d0e35f066016e175a1de44528af
O10-82,EC1N83Cbinhe7d6acbab953,32767,494733,a121774dbea5cbafbfeb10160e00f3faf8913f69cd20a369cc87c85644e6340d
O11-00,EC1N83Cbinh57594e88b3ba,32853,496023,8269a2373dca8da74def3659668bd1ec0c95f752866b62155d3d75059292a14a
O11-01,EC1N83Cbinhcab32e35b009,32535,491249,05db00466990830f07e8011dddcd6fcc1fb5ffeffeb5ae522485e570cbb41258
O11-02,EC1N83Cbinhc299a35a5065,32928,497148,204b1287371b682e2c4b46db5c7ae87494c20165de733b275158b75f5035e693
O11-03,EC1N83Cbinh810931ea03e8,32675,493353,d90345e8e92b404f1856857d7fa16fedc2120c0ae31d0dccf8af8c89028c67d3
O11-04,EC1N83Cbinhb0af9bf58c25,32941,497343,3165d4135deca2d02288c8913d934c236ac9ace8e155c4a4bbac25191171b2a3
O11-05,EC1N83Cbinh899e20df261f,32517,490983,88239c40cd0b8dbd8a13b425a5e5db24e28cb004eb10ecbc685fcd0c05bd077b
O11-06,EC1N83Cbinha1787ac5fa56,32786,495018,0a6eb93c457a7b09a3e9c24d44ac28db3d9cdbc62b3dd97dc6dc709f2d52bba4
O11-07,EC1N83Cbinh2f88b2f276ce,32939,497313,e9c2ea9f9b56cdbd24c8986abcbd933a4d43e3c033bfa79c77b90d8cec014340
O11-08,EC1N83Cbinh5cbd41e3f0db,32617,492483,9c36d9ab97951395a247c58c9eb35a57e3c5c6ed52d73aa62dad54b94efab727
O11-09,EC1N83Cbinhca22f7316da7,32835,495753,d7943155786c80f98b2a537004d2c9c902082497838e1fb105ed40aae8748f83
O11-10,EC1N83Cbinh282c8663d82a,32770,494778,88bbe135707fb24fd1a636b262cda34c572e1c8ed6e6353b729b7be69b870345
O11-11,EC1N83Cbinh56f6f97646ac,32696,493668,a621a89e0831fa657bb041958ac78f801ff77a357464cf7d6a4145ec47d07c4c
O11-12,EC1N83Cbinh534cfdf66db6,32570,491778,27049059d2288708e4a150cce7a9d4b5e83fbcee74107729c309a6f2293f02b4
O11-13,EC1N83Cbinh7fba6be853d1,32676,493368,d862601b1af706d383941e7288fd5ec3b015b8f57230d4fd0710408f1cb44799
O11-14,EC1N83Cbinhd0f3aad8d27b,32923,497073,970204e0498065f1a613efaaa06b60e14f05a3bb8d47515eebb516832f15b49c
O11-15,EC1N83Cbinh429e7a96c192,32826,495618,8a0fe9d5d90c67543aa53c4dbd1528e86c180d4678ab742ceeca6618765bb051
O11-16,EC1N83Cbinhbc7531b2cee7,32724,494088,eae8ea86eaae627f34428ab1bea6ef1b15a659c8abc0d827520875af115d778a
O11-17,EC1N83Cbinh95b0bc9ff288,33018,498498,84b140e6c83f2eb93267241b0cdf4649fd4a4aebc2dbacbd632507d9ecf8300a
O11-18,EC1N83Cbinh3720febd2ba0,32963,497673,6e46b8fb5ca216a931f7f2dab8dde792fc3eee3053956b0630b9d3856608addd
O11-19,EC1N83Cbinhb4b09e15afbe,32752,494508,63022181dda51bc6c5141e3375702352d0b1cea71702279549f2a8aac2ed2b19
O11-20,EC1N83Cbinha2d8a3e7b0d8,32976,497868,db54b963e57815f2af034765651360d531241ee964788b2d0eb52bfa27348f55
O11-21,EC1N83Cbinhefd92ea29926,32797,495183,7329178d7a5d2572ab40f6d9738e16e38d48711ca01a2ca7bff82166a95b8f04
O11-22,EC1N83Cbinh73adc6f864bf,33312,502908,1e6b926e2d857b207c70ed7e085c4a2ad08161df1cad7e5fd46578520b88b52f
O11-23,EC1N83Cbinh4656d6c11c3f,32782,494958,7641feea26fb4e2823b88cc38f2ea183bf94f926d8a2ebb18458ab07cf34aef2
O11-24,EC1N83Cbinh5152a3a46afa,32874,496338,39a8150bf59dd80fc1a38fd9f5b5d6037e1f748bcda878787c002e97235ccf65
O11-25,EC1N83Cbinhe2b94de22068,32613,492423,be4b5a27b0ae4777d816f78128f6514b5b3817beb2b4ae733b4536b2d6108ef1
O11-26,EC1N83Cbinh6be9dbadfa75,32739,494313,2e9395f4b2357aaf5c09c17fbd47df471e55a4551c043a36ffede320cc9d380d
O11-27,EC1N83Cbinh0c470c9df46d,32859,496113,b9a90ae14f35198f1651f7d77ff6918c06b343897ee0bc6249988a5a7b11a314
O11-28,EC1N83Cbinh5c7d52ae7117,32563,491673,a22f9aa90d8a1c95f957df2a2e18d279ffd774b69854834932edc33989a732f5
O11-29,EC1N83Cbinh2d8a502f40f5,32956,497568,98539290f75dac719bd202e5add65046d79fe95a86f9a5468d928f3eae6cc940
O11-30,EC1N83Cbinhb10806baff67,32881,496443,52dab1be14b0ac5b9580bd1dedb66fea638ce492b84c95cc93ace6723120e37a
O11-31,EC1N83Cbinh6e7165a9a9d4,32762,494658,7aaf3eeb4512563595cfda46628db41f9363b1235be3666dad8cc14898348e79
O11-32,EC1N83Cbinha9461e84da83,32845,495902,bbfd42685a4020708efbc9d0aef25ba0387dddf8523ab5d8eb893f9406b05040
O11-33,EC1N83Cbinh67514e8d6c5d,32650,492978,c3a0c618a44dcd73650da048c7b13950c6e6861cde5c19f7124b5e500d2cd4ae
O11-34,EC1N83Cbinh73d0ecd1b7c1,32455,490053,27fc272c50b5839b802556320afe63e9c7b7d92e341ab0b534649f228d093f05
O11-35,EC1N83Cbinhfb923eba805a,32823,495573,11f65295d2f5e8a42d8d9aad288eb11a1a620baa759c25f353d44d1001455847
O11-36,EC1N83Cbinh6414adbdf337,32852,496007,c768eba578364948b598f82ea5cf69d0be5ae2d3a0d28e5c4a9ef997da54715f
O11-37,EC1N83Cbinh8ac327367b21,32925,497103,c8e77187f158ec7ae9d980dc596f831e7977514e850b9465f9ce4639dce9574d
O11-38,EC1N83Cbinh69f97861f6ee,32900,496728,49df6c8b9fe0b2b4c5043631d049673227e4aa930673f90f0db365e6a7e67b9f
O11-39,EC1N83Cbinh608591968852,32747,494433,a9cde91347d39e61246f8a0f968514400116789c63568e8e8edd5d2b096694a0
O11-40,EC1N83Cbinh1beb3eaad757,32844,495888,245ec009536a5fe3e0c64801b983a8aa1dad4cb9ee2263ce02cab527e998ce0c
O11-41,EC1N83Cbinh11d4df3c7266,32891,496593,57bd9e470140f3c180697781ee8518f295ea46a3ab0d53c02f0e294f688e0eaf
O11-42,EC1N83Cbinh7d7b2c58f200,32804,495288,33e6272d4167e8d29813086737cc88e37c4cf1dbad53c24e7419045bb9ecde80
O11-43,EC1N83Cbinh96b3811f4fe2,32862,496158,6ceb65c1b8ae055f1660b8c193b6c099be7ae9ec9075b2eef475c066da90cf7c
O11-44,EC1N83Cbinhf9179827ca80,32720,494028,a4f038b0e2d91e6394da34b3604d4d9a2436d08b626688e60d787e8a24ac191f
O11-45,EC1N83Cbinh9aa32eab6fd3,33014,498438,2a0ca5db2bdabcefcd6a08f49bdbe2a0a8d1e1003a560a657269ee68645208df
O11-46,EC1N83Cbinhf4fe354266f8,32749,494463,1004d4ac37f75a06b64071a435d2a4eaf332482a414606f500696a089dfb6c41
O11-47,EC1N83Cbinh08b89fc86c38,32703,493773,e84f6ea03d73ff5ab5b6af1c7a15547bfa0e8613dad53467fcbfc5f8a6c91675
O11-48,EC1N83Cbinh866b4be453b3,32557,491583,cd0ccdae04bc60c1b2d12a55b6831dfbfb1506edd1e4337269535804c6da18da
O11-49,EC1N83Cbinh3aeba9f3f9a8,32801,495243,72c77ed72e1350dbc5eafdb93d43cfdc1b10b751b46b1724114b5e771d863f8e
O11-50,EC1N83Cbinhfc3e91529ab2,32663,493173,e04c168a70e34b74c70198bb7d42c85fa770db878bbbd486fe9ab4937192eecd
O11-51,EC1N83Cbinh2897f04e592c,32719,494013,7a6a46913aea8d191a9cadbe8b328f5d8cbeb4ed3986d6269af10515fa4cf3a9
O11-52,EC1N83Cbinh939330b90241,32919,497013,0533f90336689ec61194242ace00ad67bbe1bac2e4ba4b04910a2d0efba5fe61
O11-53,EC1N83Cbinh80672f15f7af,32825,495603,b51110b93c70ba48e8cc5b8d780fe5e91b86d64f4b651de07374235185ba8467
O11-54,EC1N83Cbinh0b76f3036362,32697,493683,d7ad48dcb48f4f9b8c02a94f9fbd1af045260c09f1640770d2551031cec515b8
O11-55,EC1N83Cbinh8a6b0756618d,32675,493353,a960b2baaaaa692b142646169b60d1d183b9e00fedcd23c4ad3026e333a89c32
O11-56,EC1N83Cbinhe36c52f065b7,32642,492858,7e09c8490103a4615d81afc3fb5cd7a1d097208cb3caa9f4c38586b56a82bca8
O11-57,EC1N83Cbinhe5b6e190c56b,32576,491868,aa187bbaebc290b7bcad78d9429581260a02778c4915eaa3171923bb7f98e42d
O11-58,EC1N83Cbinh42f94315e864,32765,494703,080b1048f24d4ce6051edefa0ba0d7a4e3d4ac7c70da038bcb4c40cc8fca3a3b
O11-59,EC1N83Cbinh37a80aef16da,32724,494088,3f90b12f7e154ac712a5588d59e5d5ddc1c0507552263bcbc4567af62eeb54ae
O11-60,EC1N83Cbinhc88c3255e596,33035,498753,a12f4df27b5392b03898939bbcf23712d7aa3ada1011842e3530940ebbcd833d
O11-61,EC1N83Cbinh89d838d77d9d,32990,498078,5aa4acdc9e9ac6921c27e2d64861be8eb3765b87ea9b57c532d3dedbc518c9d8
O11-62,EC1N83Cbinhb6c3b502dfff,32841,495843,2427e1fe35ea143c1d9b389733ff7210ce50254386c7a0ff792d91e36c8988ea
O11-63,EC1N83Cbinhb8f0c0470cd6,32839,495813,9e02da1424d76a67b226e804f7b48fcc2e775dbc649c050c5a1231f0e5cb9e88
O11-64,EC1N83Cbinhbd8bf641da08,32588,492048,e138228478ed355edbe25cc2437a15fa3480331c18a95894ce4b75b678a0b6d2
O11-65,EC1N83Cbinhf160b179f2c8,32659,493113,c08cf7f723e82c14fc057ee7d12d93e2d6a3ed7d4d579aa9df0256c0aef5b0b0
O11-66,EC1N83Cbinh57ad27b47245,33008,498348,47d7b6267381cda4a627ffc45cd459f735c5eb1146214ec4cb38f48f66d9b196
O11-67,EC1N83Cbinh62185f534db7,32812,495407,72b5f1fbc93d45733c319ca103f43a1eeeac8d9dbf7bd603ceb7f4fc318e3e38
O11-68,EC1N83Cbinh3c46b71f9934,32865,496203,9a9f7c4f3adc5992350bcdb3a327bfcb4178d022aa83ef778e1c1637606911a6
O11-69,EC1N83Cbinhe71c62186473,32806,495316,005152f9f79927387dc72bea3ee7222fd4161bb05333bdab8b3ae94b7cd81bc1
O11-70,EC1N83Cbinh6ad407af72cb,32859,496113,14da1ff693baca962bc8a698aafe930d855cfa1b9ae44fb35fecf7165e1c0a51
O11-71,EC1N83Cbinhfd3b87f348f7,32757,494583,d3579b9376cccb538f1268b65416503f6b7bb3a11976da9217f0e97435507e5e
O11-72,EC1N83Cbinhb297416ced21,32908,496848,2c94b7bec86118f24205c4f81dd4668fc973cb94e5dd4f747a6bb248f6b2b4d3
O11-73,EC1N83Cbinh74ce264e3848,32771,494792,59bde1ca80cce0b6f63afb657adaafd9016f3af2e6f84fd68f6bd95fda2b5f02
O11-74,EC1N83Cbinhf533aa1620a3,32938,497298,2ce57cd4d06a3a00841283eca622eceb81bd6a40b36ad0f2e2d5d05bd0a21443
O11-75,EC1N83Cbinhbb0505c978cc,32902,496758,6047d9b49ff56b69bc4e469ee9cd20d0c7ca24969b8f65b02a7d3d3987b93fdf
O11-76,EC1N83Cbinh2041e00f4c33,32781,494943,7745073b63a919f35ed5b4a182782f737839972a471b0c06fb14b13ae38c0e09
O11-77,EC1N83Cbinh1ef09fcc62db,32812,495408,84e619e90cc6d019578de81ccead634414aa9e5d91351ef2d6b9e561c601a154
O11-78,EC1N83Cbinh2231c913ba86,32837,495783,5ccb8bfe92750d73866cd491f75b97d472837e6ed871488542530470f28bdbcd
O11-79,EC1N83Cbinhda79350fef9a,32652,493008,da2a3810ff836256e8500b5989a379da52638a7b0e22392753b9a4e7b48cc38e
O11-80,EC1N83Cbinhf38b837870b1,32873,496323,bc7dfdf9f61c9e833ad12408f03c00c730f252d87fdc2ef41acae104f351bfff
O11-81,EC1N83Cbinh66597c14cb84,32717,493983,443f558356abd8b0fa414284eabdf23e13127099704d51c00ec04826ab977aef
O11-82,EC1N83Cbinh922afa949c8e,32711,493892,87f78d767a6644e0e51c73a2d38d621b25576322b2d522c40554c7675f43dca7
O12-00,EC1N83Cbinh238ce4cb4655,32907,496833,d7e5773c6fa051dc4b32be89458a0ca5e1b2108ba6ae3e747e4474858d1162cd
O12-01,EC1N83Cbinh3a26848087ba,32982,497958,8e9d62350968f1759ff60cd99d81157366858fa87419cc9aaa4f73cf244e5bd0
O12-02,EC1N83Cbinh9523bd1376d1,32741,494343,081edc3a485aca59800cc795d6b43a0ea3eb7ef33862460367bd5f49f4c34eef
O12-03,EC1N83Cbinh611947bf9835,32958,497598,f471cc9615637376aafa264f6c3afe965e6a36bfea29505ef2b4e7317957bf73
O12-04,EC1N83Cbinhe62647149c33,32880,496428,c338a305c1620f8b93aaf0d2e8feccd4ada204c8ee7b441f3afab9a870abcd9d
O12-05,EC1N83Cbinh30f8705e3f5c,32683,493473,d301928e49c37c9ca0ec0a15dfcde3dc23754a6a66749c248c1165b0ae1aaee2
O12-06,EC1N83Cbinh818c45ad4fa2,32842,495858,0c3fddbd1b2d33eee22f85cc8913baf01633844404ca70fec7c4cff549312595
O12-07,EC1N83Cbinhee17703ebc5b,33002,498258,0193cba45a35c69ca3359ee4e7bc3495a2f0e3e8cf54961c04fcde663c64734b
O12-08,EC1N83Cbinh962b19be646c,32650,492978,5d21b3de1683a65b8c737832a2eafa2f5c3f943711df1e5f3365f7d2e041fed5
O12-09,EC1N83Cbinh496ec7665792,32903,496772,24f9e97a4e62d9cb08428da08694f9ea7bd94c57df3860f9ca5cf3287610919e
O12-10,EC1N83Cbinh4aee7bdf41e4,32830,495678,4a75fea24267edba2e87a53d37c4583799f5c5238b654715e83d6bc4325b30e4
O12-11,EC1N83Cbinhb4edf8c4fcad,32840,495828,47798cb2ee8fd50fe958c5e79388a3618129664e02ea1c6a0c3d85ebf9602db8
O12-12,EC1N83Cbinh66544b1bf07a,32748,494448,5a1235a64eb518c18154a1fc687d28f854fe59a28239f688917258797160f381
O12-13,EC1N83Cbinhb3773c013a78,32727,494133,38d1f134117b45bde0a517715d83c8eebf0aee7f2355d3f9d508b5d89d1a8b8c
O12-14,EC1N83Cbinhb3f1b1f523bd,32845,495903,7f6cba3a6bc30e1d49ca0144418dfd51d108a4c103a816443bd7c1dfee987085
O12-15,EC1N83Cbinhae4d60505ecc,32890,496578,dfb0597272e31bd72fa872012d9b1f6a9b1d8b8793f7bf62cf02fc78390d08c1
O12-16,EC1N83Cbinh93a67c98db8f,32795,495153,65444928fd62a8a9b37b6f38143ad49fdfdfa2889862be4a75e01535ece0da38
O12-17,EC1N83Cbinh07e30cea1b7d,32922,497057,566c0fc955aec71053d8f8c22f3a294d976a100113d4bb5397c22220fb85f9bf
O12-18,EC1N83Cbinh67f0491ea289,32887,496533,957e79decc560ae85650d3f168dc1990366171a0731dd15df84ba798ef9047d0
O12-19,EC1N83Cbinh60838f8858aa,32804,495288,ca3b61ba53a20716d1f7d15fbb3ceb93dd956204ad4331ea32ec4d2d5014855b
O12-20,EC1N83Cbinhfbf924b0e763,32839,495813,123c386d23a8bee5be8834625217fbc8b9c342511eea66a2132cce011f121a98
O12-21,EC1N83Cbinhf3ce69e5959b,32982,497957,e9e5228e611a1e18226bd9c7e4ae6e8083847bc9314725bd0c9ad0fdff3844ba
O12-22,EC1N83Cbinh30fd3ddc6cef,32763,494673,13bd8e0dd146a4414bded13edb84ad76a6c9d6521952f171a474e78b7aee70ec
O12-23,EC1N83Cbinh069633415efc,32799,495213,204047cd1c824d04a27b5cb440c4b0bde5b09d4915d71280695148017a12c415
O12-24,EC1N83Cbinh88423db74c2a,32850,495978,77577b73adfa6511004b6149ddcadb2befc14a9f877b90759b12df6497ec414d
O12-25,EC1N83Cbinh4d1d608c6eb6,32778,494897,145bddbe3c03b64fbb341ea874236e9eed3282e219ff9907bafae2ca4ff3644a
O12-26,EC1N83Cbinh387362c19c77,32912,496908,11bcdc6f09893b85e77fa92403b6b45a0cfeed29f85b74a7903478bd72a7cf27
O12-27,EC1N83Cbinh86d624036676,32966,497718,c3a89d26fbec251bd33bb8d6310ab1f6b779e9b8643795bba81f057e00f8aa0d
O12-28,EC1N83Cbinh020d7a12adc2,32746,494418,6f5d38e333f68ae10ec49fcb456d5b8ceef6343819f564ff188c972c38448230
O12-29,EC1N83Cbinhdef7fd57c969,32815,495453,02b08e53ffb6cb18ee84ef2a58ea98291e53c65b3407b4002bd2f6387a330313
O12-30,EC1N83Cbinh08623a36b570,32902,496758,22559a0574349cfe67536775480d36e1bf4a2921da9e300513abfb92f26e3421
O12-31,EC1N83Cbinh3a367b4d8142,32792,495108,0303b3834211ecbdcdf2dffe225df9fca415790fe8dccd0ea7979879b20a0f19
O12-32,EC1N83Cbinhd0c0ae8a2c0f,32587,492033,a268496748c6cd2a2e5a766c0a937d9719ee343b8cfa3580636eab8d021e4d95
O12-33,EC1N83Cbinh32cb3afaef82,32498,490698,7d1efb125f3a3c2ac413540e443b629238e252864bc3dddb62263fd6e48d4254
O12-34,EC1N83Cbinh2a477f26eef4,32852,496008,1dd2aaf220e1b12231c36f2a4b209bb72f100245e5bcb820c59740c8f9e2d232
O12-35,EC1N83Cbinhb53c12513acb,32977,497883,886e6cd7da9a7cc066710a9f45bec5d10e78873cc6ea77a57a1fb54c74805726
O12-36,EC1N83Cbinhc1e32d94501a,32723,494073,c62f3abab3b23364f7897d23a2c60ba806137b82b533abcd649547ffbeddb5fe
O12-37,EC1N83Cbinh05221285ce7a,32954,497538,1969b003d7120fa670fe73ae0c1931f7ebdbed83a45f34b5f6239b9c13a44f6e
O12-38,EC1N83Cbinh1340fa5b9ed7,32789,495063,f8e7385e90196c241446bd1d423d7effc856ce1312ab1ab306204a7b61b7fed4
O12-39,EC1N83Cbinhef7c09734824,32935,497253,172a56cbd00476913d3ddd055c432bf9dba16b1d38afeb601b8bbe6398f67712
O12-40,EC1N83Cbinh32ed2abd3de1,32855,496053,0c387a066e0a6ce63ca8a3d307fc9cea968a1babc7c1fcf42013099502372def
O12-41,EC1N83Cbinhcc0497b28acc,32906,496818,d60dc81a459902eb4a294ba810476db96ebd6e10a7e3f086acf6f3ff710f68ab
O12-42,EC1N83Cbinhb735aae24d91,32781,494943,02db476d883bf70951dfcf90b24f32433d24569ed4b3b0f6aa4563ce58dd8bf0
O12-43,EC1N83Cbinhea001415237e,32798,495198,c5f91dccf2cf3bcaa50b1ba7f64a4964abad33d90135ab335c2b535e8c5e4dea
O12-44,EC1N83Cbinhb392a0dbb1ab,32854,496038,1b3d42d69419f256e1ccadff4a0399497d79d531f80470d86d7d35d9494da0d3
O12-45,EC1N83Cbinh68a7ed17417d,32729,494163,9c06b71d8b5bc41e684b146a2a833c3ff1935d2f8762c01f0bab0eb29472ee74
O12-46,EC1N83Cbinha550c0ba7139,32718,493998,d07ea8a9fee1bc91a41df36e6e19a36e82abb27b5446015256f2200c059c0724
O12-47,EC1N83Cbinh479d098d3468,32768,494748,3f98108fa188e9b20041d20da220a25e2a2e921b73befdaf5c86276d38cb874d
O12-48,EC1N83Cbinhc9619973e381,32465,490203,d40d48822840e532073d812c0d17115d46058f15cead4ebef47729edaed7e44a
O12-49,EC1N83Cbinhc73654c4059c,33007,498333,f10ac0b0b8403a65fdedc18bc00a5de8dca447a1173d5cbad97b3f33a6b11426
O12-50,EC1N83Cbinh377da15c9b2d,32815,495453,58580ab06503a1eac454e8e05756146b08964edc6711e9b3bcc4c3c0cc0ed626
O12-51,EC1N83Cbinh2908bd0a6a2d,32892,496608,515b997ac469935a8823a7a9f8d30bb58365a471f887aa1f8c53aa1cc6d77577
O12-52,EC1N83Cbinhf7abae0bb8b7,32804,495288,198feb90b433de7cce791f84ea620692b3c91568a6ad0ccf8b77d2f21c801d8d
O12-53,EC1N83Cbinhfba4c1061dab,32946,497418,1542f89dc254ce2a75a4cfe4b3d8fee04be4adbefde79662d37138ffd5e068d4
O12-54,EC1N83Cbinh3f1c7c5acfc3,32769,494763,1832e7a332d84cb5bae5f575da67280ee4f08e2e6b35cdd1d4468bb2acb92ce0
O12-55,EC1N83Cbinh03b9ed4a77e2,32861,496142,965c8a1a8baad00496a3b988fe3b0d2a54a68410f62fc4b7578102b536029c6e
O12-56,EC1N83Cbinhd58f997123a9,32847,495933,d221a2ce371455944d9972c7c2715ce0958337027c5f78cb74d2008c66f38dc9
O12-57,EC1N83Cbinh2cf926e72a8f,32785,495003,ff2d05b5b0450f45b6aae41f3fbf697a800367f87f3091963519168d2ce003ed
O12-58,EC1N83Cbinh9210b6dc30c8,32753,494523,c7a918fdc1f4f444785758b4cf01c0f9b78d0c27f0f6372f5e06474d8aa8012d
O12-59,EC1N83Cbinhd88520030bfb,32802,495258,3e8082d674b1f5a7be44803f609bd7b67054ee880e3e754b0708c255d169e8d6
O12-60,EC1N83Cbinhedbb642132d4,32802,495258,609320ff49b8c837cb73af7641a92fd69785e86b2d82e530c906ce500c9f4fb7
O12-61,EC1N83Cbinh859e505a417e,32781,494943,9abba06aaa0461cd5c2ac857eb6932560b8840ba7d9c9628efbbbfc1ab5d9cef
O12-62,EC1N83Cbinh938fe2edb123,32704,493788,712a6a9f753187b84641ce582e1750151ff8fdab8a74fd34ecc90afc0ab1d50a
O12-63,EC1N83Cbinh718ea1d9d77f,33094,499638,a1fdc8abdf1b7dd5cccbc5e1b127f5e3c0e11413cca6ea524c4a14d8e68c229d
O12-64,EC1N83Cbinh9fba625ee8c2,32735,494253,d00a6db701d37fd435c94b007ee571b2b5b352998eecbbbb93bfb3ae82950eae
O12-65,EC1N83Cbinh219da6f1d457,32793,495123,b9ad252d797b3a163d34b2514017358ed3773fdb45b613f0abce68c63831033a
O12-66,EC1N83Cbinhb7b3370e9353,32846,495918,33a39d620bcaad6ec16468ca05dcfdf994f7b88ab02483f8d18e982ae83a10ad
O12-67,EC1N83Cbinh9cc3edb95228,32565,491703,2941489be286902047cd26909dd9bb855c1eb439cdff59bbbe04a59eae400afe
O12-68,EC1N83Cbinhe0a18b8bf35f,32463,490173,7ed0d5986a9fc322886232ec01c6191904e33672b9e01ab4f394fb7fd7fef03b
O12-69,EC1N83Cbinh60394266fafb,32921,497042,91cb6d1c7344a6ba8d80d580af120ba9debe31d996d24949179c960ee88a7694
O12-70,EC1N83Cbinh68181dbee393,32680,493428,8f9026ab52e9baf2924eb9b02b65b01f9fddccbf58a1f3446b5d21c20aa2e880
O12-71,EC1N83Cbinh6d8aefa75c2a,32827,495633,74ca61103d72609abd29f3da66855e5e8dbb904b327f1fefce16cd12b51ad892
O12-72,EC1N83Cbinh7142db2149a9,32845,495903,80e36f6f4182a98b1b221bf7940eb9fc6b119a3363db1895bc2c81831de349b8
O12-73,EC1N83Cbinhf7a3df933d5f,33005,498303,8dc1c634988a4d0e923b8181950955e03289c9e8f5d771faba69ce88fe9d7cca
O12-74,EC1N83Cbinh7296ec4d38de,32776,494868,649632293b8c8b0c4ab03c0c26a96cacef2daece0a48723fe9cb428a55fa0449
O12-75,EC1N83Cbinh1199b406f793,32852,496008,4a8e8cb98e6f3e03c2efbf155c45f0a4a6230e8d3cb82fb02933e989239863f7
O12-76,EC1N83Cbinh3e5c1f37bec8,33084,499488,3023997a5f273a2f89873b5b39c201af518ab75e3943867c12a9efda7fadfd39
O12-77,EC1N83Cbinh50c8ad87400b,32796,495168,a28708fd389a32c165d589fec00c6063b4074121c17135167b7e8c2256ed0625
O12-78,EC1N83Cbinhd262a7aba2c4,32654,493038,100e52e6572cffa23294689c9bfa2135c8e54e17a8d55a424ecacbcdc3a2aab9
O12-79,EC1N83Cbinh9cc761d3d1f1,32512,490908,80bcb4b6de4276f45657f2ab9fe5815bbc1b64025cf1cd3bf350ed6dfbd7b9b2
O12-80,EC1N83Cbinhc01442543242,32845,495903,a60bf79783433440f13786308f174af93348af02b951d78beaa35eaa8f3175f3
O12-81,EC1N83Cbinh293a27f074fe,32879,496412,9f0e16d763f910009bf97cff33b064bf2711e090e9dbfff51d1c735660cdb93f
O12-82,EC1N83Cbinhb8e69d6516f8,32749,494463,0271c60fc69d10094377c4d92edb88bed0298b41d8647f0c9763884ba40aaeff
O13-00,EC1N83Cbinh084f220bf1f5,33009,498363,d1580f7a071c986d97acc8edfa9e40551c0658b288f3fba374dcd45de4d113df
O13-01,EC1N83Cbinhbda9fac7d7cc,32753,494523,fa9afa2d92109dfacc2d107f9f4190a751eb79bd7d7a1acc9085b13c5048385a
O13-02,EC1N83Cbinh7cd630ca56d1,32671,493293,2969679a0b1bc2a2d1af3f70c53da3d7fbdef2719a166184407e13c015881f4d
O13-03,EC1N83Cbinh9e35fbde5983,32604,492288,82240c3f0b3884a9b2ebcec8f3f5810a21132184ed47b71b9bcb439f5b427be1
O13-04,EC1N83Cbinhe93ff1e34fcf,32783,494973,0b80f2feab7923dfada7cba9eaf2117ace1a88e395dfbeae1b302df24e9589fa
O13-05,EC1N83Cbinh6f9d1ffd422e,32735,494253,7d49fa7b799b1ca8e1ef0fa10ff8fb5b0f22eb517fd6f4ca8b6114aaa23746a0
O13-06,EC1N83Cbinh13e067c6147d,32900,496728,013a6fff51dd81db1b5553058598f8faebfa69201b25bd308c24870f8a70581d
O13-07,EC1N83Cbinhc9bb184d31e2,32670,493278,d488db90de1f4d1fae6ac1f9cc780304ec380abac840ca1b581a7b26da61dbdf
O13-08,EC1N83Cbinh13936c4ec809,32815,495453,58e3b37c065d1dfdccfb085144b531bf77609678405df0579da30d9725eaa530
O13-09,EC1N83Cbinh74c84e6b7bfc,32869,496263,a708c3bb16367738ec015fb861f6eab8863f99f16689e8db42f4dd21dbb49979
O13-10,EC1N83Cbinh2604a9f4e28d,33079,499413,6d9d2cf113ff228b20f8a61bf61017c7b282a9eabd4d3ee83daa7463b2d633e5
O13-11,EC1N83Cbinhe959154d3108,32713,493923,cb79dc10d867a9fd556228c22ee25020addf855058380b8811c0342ecb7f44c8
O13-12,EC1N83Cbinh9d30112b1c06,32680,493428,2cbc90906c1c51933d2bfc538a3d08b5789103bf019efc6da7b30e3dfc712cb5
O13-13,EC1N83Cbinh22351621e881,32902,496758,cd264d2a7de0be7c114da361fd5219ed46aebc0c8d3be286e4650b74f26a5dad
O13-14,EC1N83Cbinh1bb3d979df56,33136,500268,95c67ce72cc62be2c762d5b6b37cf18fe02f5f0325536bb727e5ebd898492d7b
O13-15,EC1N83Cbinhe4c50f82a60b,32718,493998,30b733bdb9d1e511a1313295f37648622dc0b1a2aa35fe13cbb9b5d67e612c90
O13-16,EC1N83Cbinh86e78088e0b6,32780,494928,ac502f01ef446f485aa8b6ea6b75327c5e897114bb612afda41acfc9bcc68cc9
O13-17,EC1N83Cbinhf1cec7abf56b,32687,493533,288360df2fc14ccd8c0c5255ed23763e17f41c46fcf8034fb8f4550948f98c78
O13-18,EC1N83Cbinhf1852a1cf7f1,32940,497328,2c1b185ff62acf340006238a1f32b09dd6e81d24855d2b6391236575f6772fb0
O13-19,EC1N83Cbinhc68ed30cf9df,32883,496473,92a620aee75fd11b6865ce06fdf81dd7b8cfbd800cb822db11bcca89050f8293
O13-20,EC1N83Cbinhd16d51a39a4f,32773,494823,a53e3ecb3d1ff99457d04a20c7a7cbd8f630b0bbe3977ded4bd6da51c0a5f80c
O13-21,EC1N83Cbinh04d28234d8a4,32894,496638,523c2a9129ec72b3689996b9d168d0442edd0eac0c2d1971c7d3876b986cd7f1
O13-22,EC1N83Cbinha635800883c8,32926,497118,fa0f60dca3e9794a7747df7e3b4163d394399c9c19571dc2c69f29739368a206
O13-23,EC1N83Cbinh8ed86bbede22,32900,496728,3484724647dd4190fb7087e1fe11e38a7f4b922fa15f39a386d9f538a469f458
O13-24,EC1N83Cbinhb63fa8c6598a,32833,495723,50e637a23aeeebed33277d162920e1e778750e1fee35c20b80f6a04b53c29eb4
O13-25,EC1N83Cbinh492795f8fe8b,32846,495918,7a177ff641fbfd4960cb3a6092ee0845506e95a7feafe403daf27f0e20e253d6
O13-26,EC1N83Cbinh2e724a26d3b6,32906,496818,c70d59605a78ade5f2cdf51354da6eca38447c26d2f567a0840bc38a88171938
O13-27,EC1N83Cbinhfd48f1f2ad93,32777,494883,2316c028c15273904d2cc1fce2d33535e9af2aa5993e3665180eae7fc5ec4ea6
O13-28,EC1N83Cbinh2a53442e15fb,32957,497583,e191098837db60664fa429ca51cbd2d5a814051522c675d4947b4fe5d3da77b0
O13-29,EC1N83Cbinhe8240432b0fe,32744,494388,6aa5e9e82f3f56d6fff47c1179abcf414f1f453df22763cabb973e0fcf2125dc
O13-30,EC1N83Cbinh487dee910b3b,32708,493848,e0e1efe41a2b664eb6bd4c4dff062d30e86e52e6393820cbbf4307a8ac0d5ced
O13-31,EC1N83Cbinh6a19b08fcb14,32854,496038,e3b69f414f5ec2b555c55e6a6b8d7cf926856b259474a029a7e70e7af52c928f
O13-32,EC1N83Cbinh532e0dd5fbed,32787,495033,5a9924120bfbe0167493362360f60d8a50bded3d1dd7e3d977ebfee4f3bf4830
O13-33,EC1N83Cbinhb7a9cb81088b,32907,496833,091412772a3732ed8733da09fd08caa6204c3dbd127501ed7538cded281e91e6
O13-34,EC1N83Cbinh9e9a3a9e846d,32509,490863,4f872ef26e6df1ef35f84f57683d28788d7d2c631f06fe689a4226e04c3d4a99
O13-35,EC1N83Cbinh1ac3b1c5181c,32748,494448,5190558ddcb92632d8642327d4b0b1e150b7413bf306dec24930f8c425d1e3a7
O13-36,EC1N83Cbinhd2d41f295335,32947,497432,5d5ca9701e3a175f1ed03eef6c298218491fc20f1a769db4579a769d1856e092
O13-37,EC1N83Cbinh3123f89e44bb,32975,497853,5d3c92954fdcdad3fb997250fa47c2ba25e0b6581d1c7c8c268cea406676b30c
O13-38,EC1N83Cbinh0c720c01e6b8,32860,496128,e91312f25a533f2b9f9ec63908cff93aae948bc7557825bcc600c9cb150e8cca
O13-39,EC1N83Cbinh1af04a7a4423,32657,493083,5fb811f31d0a784582d6be7738407668d870971d358f6a77069c912cd29f2424
O13-40,EC1N83Cbinh27f6092adb34,32917,496983,98f8c7001ba47bcbe7a2f17691f5468d92438d0d08753f44280209de128a42d2
O13-41,EC1N83Cbinh3dba3b4deb57,32696,493668,98c174c1b1ba012af472cc8d5fd6074ba0fb274708f6cb91d3a13b144d742be4
O13-42,EC1N83Cbinh901048afedfb,32808,495348,fe1ba79769503d66967dfcf49e1094c33fda036dd32d0fd265b90f467d5c6722
O13-43,EC1N83Cbinh6dc1bef50ffc,32826,495617,0918f2125bc2323c01f7f1fb78601423ea6e9befa609338e699c95b637466e9e
O13-44,EC1N83Cbinha6b47d8c865d,32594,492138,6fd9b5db576c9b244638fabecc3c275d0507dcdcf5984ee21d8f504faf87e8a6
O13-45,EC1N83Cbinh52543d87fdc3,32895,496653,40bd8661b2809902813be4a25fcdf2f7f2952b15def39860bc10e75283f255bc
O13-46,EC1N83Cbinh4015f3c16e6b,32751,494493,dd97433ca6e164e22a27735b96c2cbc80ed3d75cfc5027d31a1143d8b2092747
O13-47,EC1N83Cbinh708f02cafbd5,32755,494553,1f9969a23e3bfd25a5c4ff14d69ad0dff5b09ea295e143cec63cd13297356a9d
O13-48,EC1N83Cbinhe9a86cb69110,32796,495168,ea8b1eb83a718b23b3cdcbfb937cacc902cbec4753bf35adac273870fb1e8a63
O13-49,EC1N83Cbinhee757a69d7de,32903,496773,7bb3a640cc69faf2400d701bfb5b2ebcccccd00f07d56af51253d5edf89e865d
O13-50,EC1N83Cbinhb7629d4ef3b7,32709,493863,7c0cc35b5d79ef2b796d42402071a82de99d7d1dd5cbf9596391a271c5021b16
O13-51,EC1N83Cbinh3c489a8e8036,32616,492468,ad6b77bb50264bf2f33b4e775cefa63ba16e5d9d859d53152b281c968a155dfc
O13-52,EC1N83Cbinh65567369aeac,32752,494508,8070318b5f1bb362c899f0d9978ffd80d32aa77ee761d0dab54fd14dc3378054
O13-53,EC1N83Cbinhd24a83f20532,32845,495902,d7f308b5af853cdf7e743ca20af048d9bc03b46cff48c41ead6c5e5d1b5907ef
O13-54,EC1N83Cbinh4b74bfcc0a46,32913,496923,61652b3e069e639045f8f90e025590c3519dc2acdac356f716045f864a07c401
O13-55,EC1N83Cbinh65342e29e77a,32937,497283,a430de61be395be475dfc059c71b642582e0791e629765cdcc58ae4c515a907b
O13-56,EC1N83Cbinh23cc01ea3981,32681,493443,afc9b5ae072dd8feb9108839393e519adc8caa2059e3c1333f7bc276c3486b37
O13-57,EC1N83Cbinhd101806f66bd,32836,495768,5e1e60345a8eacff2554d266bdc6b996b5064766bc21fd728b2fd016c46593f0
O13-58,EC1N83Cbinhcf3698f7721e,32920,497028,7473e98122a875cd8d564af8316d88ebcd9219909ef4ba690d9d4ce06d5b06a1
O13-59,EC1N83Cbinh51a6aaf0b59b,32684,493488,3aa05a3e0a460a2c1cd146a62f570a30b2bfec9850c54b431974b10c907b0204
O13-60,EC1N83Cbinhdb211e26a909,32839,495813,effd6ea2593a18475b629242e0ec11fc05121cc323ad034fd72cf5260808ffc0
O13-61,EC1N83Cbinhb93cf54ec5b4,32696,493668,a22650306eae539ebc96f8f6cc8cffaab01f29508c4342b01fc9c40e1fbe9550
O13-62,EC1N83Cbinh8792ec39d67a,32655,493053,d4126a6c7a008278e263753b23d97b442e671a1abd8fcfc745adeb206a89c7b9
O13-63,EC1N83Cbinhab229b10fab4,32704,493788,53349ed17fe4ed37789613944aedd8f233cad6d4e6feb828b690cb0adfd897de
O13-64,EC1N83Cbinh5801542f54e7,32685,493503,48ecfde9424ecd4d32978b04ab0129c89f2318d79dcff3fbf80301b02fb769f4
O13-65,EC1N83Cbinhceaa81c695d4,32704,493788,8a2685ca379655403129daea594e324c26ae77beac1183546a0839d883022634
O13-66,EC1N83Cbinh1f1e6e4e82f5,33057,499083,d6ed0c99bb48a3e5c657b51c8e83a06eafc8ab3788032d92928e8d8de7484bbb
O13-67,EC1N83Cbinhc4e3377f52b1,32897,496683,9f44e04133be0afb7070bf185cbf08341d997ff9361a9b03957ed4cb22447dca
O13-68,EC1N83Cbinh66397caf702a,32650,492978,e85deacb30173c27a7cbd2d3bc194be06d527b8d397955f304b852c4d7664e69
O13-69,EC1N83Cbinh37d2d116a9a7,32765,494703,450378818b68b671298ba4948035353d8a1231e988bb5ee809bb2f9e766ada37
O13-70,EC1N83Cbinhec7bef159d32,32798,495198,fda4b44e0008538c7dc5acfaf217ee2b39098c40d5ed542811e98f5ce19ed448
O13-71,EC1N83Cbinh70cca6b453ec,32790,495078,689952a959611fad47504cd0baf081fceef3a91e4905b85a2fb441281da8270c
O13-72,EC1N83Cbinh096a3d13f5b1,33059,499113,7e29ded216aca3dc9217c6e606310488700386b6599d06d04699874ed193567e
O13-73,EC1N83Cbinh5e46b28319fc,32638,492798,baef68a5e007e71e24c4957e5700ec246081d844aec146386242cf10c585568c
O13-74,EC1N83Cbinh2394dd07d4fb,32516,490968,51281ffcc22dc16f0faa22b38d0878a76b145ecc48a1d442d66c9251a31a4a09
O13-75,EC1N83Cbinhd72b35ed9fc6,32892,496608,2f2bb68f821ee1324bd3b81d8fd111abe7d462ecc40338ab81f2ee75ddcd4f3c
O13-76,EC1N83Cbinhf2aab327ee8c,32706,493818,3d6a0fd181e4d5dbdd42ba9a70e4fe3f2aab37499bd9f597affd599359a2b928
O13-77,EC1N83Cbinhbe4e8d56b440,32935,497253,023d5a4845720e264a218afe8afefbfed9c3c4cbbe8a7c29afdbd48eb90bad89
O13-78,EC1N83Cbinh16ecd3c80392,32639,492813,0405873b0064ad00d93b0145e6cf83f2c7d3849bfe71180ff6411e565226fce9
O13-79,EC1N83Cbinh171f7b8c7d9a,32649,492963,8e3ef25e72714ab852ced85df01b590e47235b8e38747ce704efec35054526bd
O13-80,EC1N83Cbinh85de504782c8,32628,492648,4234a8bc7107fd15a3bbc38b47176b2162f3425eec2fd3f4610a5b9e001f89c6
O13-81,EC1N83Cbinh888560b73d4a,32875,496353,d666a4449327f67a5e780f1fc7c87a17f58d934f682748c5169d3482cf2774c7
O13-82,EC1N83Cbinh5218f5af142d,32604,492288,21521762d384b0ae92fbd1b6f4c1745c121d799537a6a0d7e25c88893ddb36b1
O14-00,EC1N83Cbinh74fa1a68fe80,33056,499068,d6b00d2c99878a48a6873e4ff3b1cb3d8b13f2369d7d63de752ba6c964bd1e71
O14-01,EC1N83Cbinh051e2e827ba3,32966,497718,e4dc04d39a4f5656d974cf7b42fcc68acfef5f10a19bf6458e486386562dfc4d
O14-02,EC1N83Cbinh280744bc8159,32884,496488,508cd88e01da6e0cef74b5be8cf63200d11e127ca61b4667740d58a5199ef9d5
O14-03,EC1N83Cbinhcf9c24a78305,32604,492288,5b092f54d3280136e6cbe83cc04bfae72dda8011b436dec34767e8236cfad99b
O14-04,EC1N83Cbinhe6d33d080888,32933,497223,26b3bd50a177795470763a02c6d73b15cc2e5bd0b3ec1c3e6f9e185c21f06836
O14-05,EC1N83Cbinhdf5a49561a8e,32962,497658,6225d8678df7ac057b4efa8dbda38db3f493a487707009a40826c017104b9b5e
O14-06,EC1N83Cbinh99135e497b83,32754,494538,647c0254e48d56bab525b53e6c86a46cf51f72ef7cc2a10268e4ff44c574ecfd
O14-07,EC1N83Cbinh7dca8d1db64e,32757,494582,9663978ae9f28b404cb0c745225e2789a2fb38b528d7db22d3647a28add631c9
O14-08,EC1N83Cbinhfb50af58da3f,32839,495813,27664aeb511eabc7d6e7954a363315bc843e979f3230ced4cc8d97ff6b664bee
O14-09,EC1N83Cbinh86721a2302b8,32917,496983,45063a3e0e62902d527b087510c75f306e1435db75feb332d2f4c1b3b7231522
O14-10,EC1N83Cbinheaa6f88cde3b,32736,494268,5b1aaa1c1b9ea27d01b4a6dc203491e78abffc52580766f320d5b6628f7dcbd9
O14-11,EC1N83Cbinhfd4db758ddc8,32793,495123,8a921dc52aab211459291e76a78657739887863ac3769c6292523ac7590822ea
O14-12,EC1N83Cbinh975b514a5e02,32982,497958,e5b2f55cfc0062022078d29792ff065f7198a3a5e1cb2182f52cb0ab6b525b41
O14-13,EC1N83Cbinhb2d7e71b1658,32809,495363,696ba2acc2a87f567459e2e2f89d3224173c13c7d767d0930f7890e959cc63a5
O14-14,EC1N83Cbinh80a011bf8a0a,32654,493037,245a8fed4417e777b67768120e112b5eb1b404c2b9989a68236afe3602bad617
O14-15,EC1N83Cbinh51b485148540,32804,495288,9c9013bac5324c122bf3d3628c6505e1e5e21665781475b0071317954d08709d
O14-16,EC1N83Cbinh0046acf07a3f,32865,496203,afe50c6ba17fdd928089a7354050e8ddbe736a1fabb8802fe1d6a92c22e8c2c8
O14-17,EC1N83Cbinh73d851b70cbd,32664,493188,6bdc744db1f78947fe4e020d1679a2f1d509ebe9dfe6d6b8014edec5b62c05c0
O14-18,EC1N83Cbinhc1d45dfbc29f,32649,492963,e6d7ed88b09efaf76220bf2d4ed04cc4a32dafb62b5296dae4ba932d0bfceb81
O14-19,EC1N83Cbinh61c5a5c50bf2,32691,493593,7af3b1032052954d22e52494efc6bc09fbc3357bd27711cecdd343c9b5bc3a8a
O14-20,EC1N83Cbinh4adcdb16158d,32905,496802,70ab3626a77b20a97a5d8ce8cc96b9ed126092cca5f70cf668d88f43ae072360
O14-21,EC1N83Cbinhad45a6e723ee,32744,494387,303edf1dec0ad0dee637153313d9d6fb7f19520432907f19f48839af75d01c31
O14-22,EC1N83Cbinhc6611dfc5d4f,32822,495558,a98dab185a37c6b445aee13436e6334f2aae9c8518587d035530149a05b3a93a
O14-23,EC1N83Cbinh1b78dedb5825,32822,495558,88922ab71a80fe2ab758ad0cf3fb647fec892f7f6ab2a64f89c42ce85f1cf83e
O14-24,EC1N83Cbinh76df913f911f,32806,495318,63cac8066bc4f176c7c7d5d3a3786fb7c60be24a7e37f41d685879ad9ea7a7c7
O14-25,EC1N83Cbinha00cdcc7de5f,32843,495873,fb85dd32bfac1b8112066421e1de9324bd97f9ae5649580c347ce24cbd6dfed3
O14-26,EC1N83Cbinhf8c98aab1b11,33049,498963,8c2c86780b84be84c121f741b10ed4f82430dd5c8a53a8371debb28296cb78a3
O14-27,EC1N83Cbinh1cf0371a65b2,32821,495543,9a4129dff36e2965a982db98d07109088e27468059725d37d010460d187575e6
O14-28,EC1N83Cbinha066ee5753ab,32682,493458,d8cb6de259b11a21b115e2c20b157ed4cce2e1fb651622c0b225e26043b2b4f9
O14-29,EC1N83Cbinh725ad821ac5e,32626,492618,e83e8290a3ae3ca45bb0b9fb7f37a3825e43f1ad8fea59a91ab0342e3472b0a0
O14-30,EC1N83Cbinh3f436572bd2f,32925,497103,3a57322176bc30578678d288166db09720ff0bd4fc675e5970351a377f05cd37
O14-31,EC1N83Cbinheb92cf55c4ac,32656,493068,223b7fa9c72edce4a744cb998de73802998e59d1c20ed98c20ea28cf718e452b
O14-32,EC1N83Cbinhbb57e654ba52,32715,493953,6c1646eaf07baa21aa558b0c101dff7fe1f88eb0a69e83faa98ca1ba280ec37e
O14-33,EC1N83Cbinha03f70933975,32829,495663,37d22bec9590d9a4e1e99dc8acd2f9005a30d69039a09b87030042fc78c77c95
O14-34,EC1N83Cbinhcfe651a6abbc,32806,495318,2e0bac486938f61e8bee049876d02d03f26e50be01d8318ae105054f96280e33
O14-35,EC1N83Cbinhf6aecb8ee132,32710,493878,5a0fbee17804a17a141e4b441ef9599de4221eefab034e34f7cf17706d207f56
O14-36,EC1N83Cbinh49667173d451,32871,496293,9cacd81ca5a334b37a0e39d48ac7fcf8a6939c45859441556198862b457cfe09
O14-37,EC1N83Cbinhb75c72d0bac5,32891,496593,a5b7afa89ce623f2bdd920fbba99a6a42a2d12db49a987618f4c27376b4dd382
O14-38,EC1N83Cbinh58b23b55110d,32739,494313,a5a4461367858c3b66c04a9144f105b7482fbf273549b151af72ce41774da9df
O14-39,EC1N83Cbinhae7780c1354f,32838,495798,da1f8c3c0fdc2c8714d41f630114c3a0c4c0d5c6e33575ad55c8c9b9dc3f4be2
O14-40,EC1N83Cbinhb6f63f4da049,32809,495362,da7777b278809846a72cafb873fb779a7ad2a149110e831795dc721033e5ce45
O14-41,EC1N83Cbinh78cc0571c4f8,32532,491208,812c17e7005c2bf10525e0fc5122855c69e860b71e58dd80c11a47ee2cb9bdd0
O14-42,EC1N83Cbinh649cf68d4087,32823,495573,bfd11bbafa2f10e25c25f134ddec6f021ea924fc76aa3ccd778c0f201922f031
O14-43,EC1N83Cbinh8b2dbcc4497d,32975,497853,e6180f10c866f8b7f8558b5860504cc7212f918d14ee69d01e8ae5dad1492281
O14-44,EC1N83Cbinhd64fb94f1923,33127,500133,6dc44cb4062f2e468c2f68bb4fe0747a61b021949449360e57489ba1a2938849
O14-45,EC1N83Cbinh945fa8a8cc7d,32790,495077,9b825c794ed2094880cf6588b74a9514d8b260c27a3f5a189b7c0ad9f07a0e12
O14-46,EC1N83Cbinh29c0d9432476,32979,497913,84fe5788abee2f9603d2181c8e35ae46ee5a07ca62e787a51c66496b95ee40a6
O14-47,EC1N83Cbinhcb6c713fc02c,32911,496893,6e1a24ad7ede207cb94857b01aaa2ecc7cf826948418b6534fe36391903cab86
O14-48,EC1N83Cbinh332e08eaa397,32895,496653,c8d93be2ba00fb6e15cd95c7ae10574f8da1bfe2c935d595d3be9dd2ed919edc
O14-49,EC1N83Cbinh3b050d95477c,32999,498213,c64358bee15f42088f54dabc8952ea25fda1eed261fb10a1d37753a56076473f
O14-50,EC1N83Cbinhfef97dc1127a,32963,497673,eedb05d2ac8923c7e3def1aa1de0f8ca150aa939acba6e67c3000f16010beb99
O14-51,EC1N83Cbinh1ec0e235b998,32744,494388,1ef70ffba4e4a0b0a830e6057f3e78629a3c202c7ea6b053fc39403731423e8d
O14-52,EC1N83Cbinhf6afa5ddf805,32877,496383,50eecd40f33ea2e5e27d9c756d1b3e9d78ea1ed466031bf00110bb7372f077e7
O14-53,EC1N83Cbinhdde3a7071223,32832,495708,310b8ba850357f080fedfcd1dab1b2f595902c2884b4a84eb6ef647650c7be54
O14-54,EC1N83Cbinhfbedd4441192,32902,496757,5924c6e2ea56971a72b8b627cad117063ff2f120264cc42a685d24d6b6d9da6d
O14-55,EC1N83Cbinha5c55c10e653,32643,492873,dc00f34bd84471b33c8e41174e0874e2cb6e4d3a89b7a9d43724918054f1dd46
O14-56,EC1N83Cbinh3d1d11047942,32717,493983,67328e3960209eaa19a34be3491b7bd8948578f37b148cba7b92dfa7ad9c632d
O14-57,EC1N83Cbinh95ff0684014e,32848,495948,1a875f72c3bf84913bb911b7e64672d1871aa6958a3cb948996d1d5ba6c2d4e8
O14-58,EC1N83Cbinh657ff061a493,33000,498228,deb69476e4361651a7aa1dc85ee9f2ec982f3c02f546b1b59efdb7ec05fb834f
O14-59,EC1N83Cbinhd594cd6cf85c,32801,495243,60e8902fc71cf907320058eae9a2643c03ba63dc72cd2f322707324e712d7aa3
O14-60,EC1N83Cbinh21adb5c70697,32890,496578,290807f6ec54ab5fcc07358f3266537177638bf735d8546916a757ce6737ca38
O14-61,EC1N83Cbinh4ff71369dfaa,32676,493368,d5bb83258728e77f68990b2505b18725caf0ff2078c562b4229b1e135820b032
O14-62,EC1N83Cbinh8bd23077b925,32672,493307,983a8255314b9ce91fe2eb3ce9cbe4e833f1be2277cda115ba4aab6f958b222f
O14-63,EC1N83Cbinhc33c6dec0548,32764,494688,58af1572810acc79cdf3a138b0c310953317e50b37571cb3e241e5372c4488f3
O14-64,EC1N83Cbinh14b87c2a62e1,32972,497808,322961fd4e248844c65a2b6d9742208550175c78f3265248867cf227ab6a64dd
O14-65,EC1N83Cbinh51fe4e3a7fd5,32940,497328,d7144125a5c6a66c3e20d541b81df8dcb4434e81c42c740644e177311bf25878
O14-66,EC1N83Cbinh000891eca0f8,32778,494898,875cd3bef2c109b3b467259160269b94f3a627c999eb5c7fc68ee02f3ef41ba3
O14-67,EC1N83Cbinh485e63461702,32801,495243,bc78a26fffd59c2ae43d78cece15833590f88233e188c9d25ef02f8ebecad729
O14-68,EC1N83Cbinh028f5efc37d8,32671,493293,1b8035a988098c147572a4ba8afd1bc6de1e64f66a3d3780ab7b1bc0a03b2a6d
O14-69,EC1N83Cbinhdefd3cba39a8,32687,493533,7c6909bf8eb63b2619c4c329e6435e5a0a82716b86392cd0782befcb4ecb78f2
O14-70,EC1N83Cbinh40fc64faf24c,32775,494853,82e2036d580ef8f53a4d2e87a8d34156e616c59985ba299ed12da2970c091d66
O14-71,EC1N83Cbinh1b5c0046a409,33133,500223,46405bb8155269976efd9494f344e7daab815065ea65daa456bde93cfdbaa2b8
O14-72,EC1N83Cbinhe01cbbc0b526,32724,494088,db1853fea7ffc161ed984a98baa2325139d2085df8719d3e6cb1fd6612f3f73c
O14-73,EC1N83Cbinh18acbad606e3,32782,494958,0b4eaa480cd8d40253e9f53095a17a16b5c843a04a98731296002497b5b6700d
O14-74,EC1N83Cbinh1ab36b46eeae,32901,496743,1fbe2e888342e9047c0e2bdee784beb751a114cc2a17bd24ad5f59961b7fd171
O14-75,EC1N83Cbinh3038b302fe0d,32878,496398,31bd66e0fa2bae10f185ecd30affa797651a377b658d52c36ad1238f52dfd4b0
O14-76,EC1N83Cbinh1adbbbbfef2d,32789,495063,e6ce1d6a57430c2562f3233dfc206a1c20918c213b9136c205fca5b1258cd5e4
O14-77,EC1N83Cbinhd411e9285dfe,32779,494913,1f971a6884825cd8f05178fcf506b079c4b757e61e98473b5ecd5fd8870be9b7
O14-78,EC1N83Cbinha23525c5115d,32703,493773,61d968f14ebab9dcae6809d074847ffc3a0985a55eccd4d49e02345125a2b354
O14-79,EC1N83Cbinh2e8be136e17b,32981,497943,1a86c2f912571c3d873cbc47dfc658ac1778984ecb7535579d199f993065e753
O14-80,EC1N83Cbinh9021b7935c6b,32711,493893,350694f61b8c3854789e0e2ab2e9c772a629f99727c6abc793180f268c50302c
O14-81,EC1N83Cbinhb1afa63a06e1,32963,497673,4490562f066a1e1095174ea08abbb340e166d84350264ac17de7d32053677ffd
O14-82,EC1N83Cbinhc2c3e1dc4d48,32714,493938,913d9458be73652d3c364d530c8092151e1aea526c89d2d6b00c8a5e92703e14
O15-00,EC1N83Cbinh7aa5d5eef05a,33056,499068,cfce50e1f68365f7c00b44425e48a8aeaeb9d87dd1ab3c86af0ff70159472d66
O15-01,EC1N83Cbinhccbca6a133f9,32939,497313,4fffd492f364a18ac948d095d55d144d1c4b618ed0f0ffbbe3b8f00b441aafd4
O15-02,EC1N83Cbinh508e39d2444d,32665,493203,44250231021bbcdd853e854fc48b455138643828209dd3506cb8c2fddf75665d
O15-03,EC1N83Cbinhb4576592d61d,32955,497553,f94daba248ed94c3ca842e9930210a5556038cdd7fb8d70f82a59408580a5c31
O15-04,EC1N83Cbinh7b90b6c39fbf,32862,496158,ddf4528b7f64702bc973323ce98c23c4a5f4d7b4b959e2660532f540bf5c433d
O15-05,EC1N83Cbinhce53853e9d63,32945,497403,6f4164579c28e07b6b547960a234bdafab6d6bd11a86e98f3593d31f66b1641d
O15-06,EC1N83Cbinh0a674f9f3609,32885,496503,6d5023725c9ca5abb5fbd6acf8ca3e74a75455860a6ab03acbe4c837f815c414
O15-07,EC1N83Cbinh439a3435a6d2,32760,494627,592f7d895aa063b1ce83f327d27253fb8b9ea4803089f705b6c5ea17d92b178b
O15-08,EC1N83Cbinh6db38033e146,32552,491508,06710031fc0938e3e06addbafef6499670340c613182a8dba53a08bc268bc1e9
O15-09,EC1N83Cbinh851c0aead1b1,32815,495453,532ae09cf0c052c6c5be7c4702683cb3598605fe8b7a4d026c8b0f0fb8cdc556
O15-10,EC1N83Cbinh649d601e5643,32805,495303,8a4ffb43a5a5461e6aecfaf28f7af28fd36b9c06926f6fb11c325badbf8e9cf4
O15-11,EC1N83Cbinha96fd78e7de4,32879,496413,402f2dd1c8a7ab73ed6de193a4e4affdfd3a397c72b9eb4409abaedb2486c241
O15-12,EC1N83Cbinh14cc59944415,32810,495378,d6221c0c4dc859ceaadc455fcc619f575eaa8b8ca823ca42850d607f19ba8cc6
O15-13,EC1N83Cbinh6129af551e06,32879,496413,95ecf9baf2b72bc7078163a476badbd81da78357be5fc5b1eef88c3fc48a3d38
O15-14,EC1N83Cbinh003bccce0500,32780,494928,f5ff746c5c5664e2aa27e25227abd6b2ead455a7b4d38929cb314362b6e588bc
O15-15,EC1N83Cbinhc00fe6e39605,33022,498558,59b9567d06950bb8a374638138fb8200f45dfe6030d69ba00fdf33705aa0f9b6
O15-16,EC1N83Cbinh6b45a9c6306f,32759,494613,6e159ee8f1b9214fc33bad0b0368a401648f220b26b5c4af4e3d05bc83c02fc5
O15-17,EC1N83Cbinh15f789dfbe72,32710,493878,c885b6689e536b00a609d35456123b86ee0680066fc11505d490f0593b982f39
O15-18,EC1N83Cbinhf35f2e6cf806,32925,497103,9a239aa195420a24bd76d7afe4cd4756b9096dd1cbab9784dffba68f7d559a85
O15-19,EC1N83Cbinh20e3f2ed71f0,32804,495288,8198fdd85c039de13d9df4739ff1c66b6da530f078c75bffa7ba3891497f828c
O15-20,EC1N83Cbinhd4832fa2e469,32774,494838,593464632eb8d757539e6398893a28383cc8895fad2ae06c7d65de2609edc095
O15-21,EC1N83Cbinh5cfeca282400,32962,497658,ecb6c613ff6b0fe048de170de5d79b39bc894e95f88a9f1579e0602b6de1502e
O15-22,EC1N83Cbinh9748baffec7f,32776,494868,23a8c82240744021adb68c1ede7780261ec367eecb94e49f76ab27a06b24744c
O15-23,EC1N83Cbinh9911a8aa7bcd,32782,494958,186b9b243ff8979be570b0e41a196aada1bef67561a54353112752ebbcfa9fe3
O15-24,EC1N83Cbinh0a4dab3ca92b,32662,493158,6f7f7baeff3903a9b128923c36bc39b1d67f92b2eb61eab17ad71c1098a4a223
O15-25,EC1N83Cbinhacac07cf5f1c,32715,493952,75a2fdda9facf1941605d93126a7e290d3b70fac9490e945f2c3e8673e83e6ea
O15-26,EC1N83Cbinhbe7e2d11e158,32831,495693,b11f652b49383657f16fc095f294e6030013a4a612708acc8fa2292f3e704731
O15-27,EC1N83Cbinh027e4ec04087,32797,495183,474a96453a20e85d63d17096588d42149593cf5b85f3e55d33d61a8350a296d9
O15-28,EC1N83Cbinh1d4bedde9d5b,32880,496428,f7da7dbe2215a6f66ea9dfef5761b40a3b3c124db76b9e6e4ac4daae67445f53
O15-29,EC1N83Cbinheb96c948ff94,32854,496038,d4bcc812c60ce90f0a6e84cd6ce1eeb671112b41f16c89d40e1db0b250bc8dd7
O15-30,EC1N83Cbinh963f99b148db,33004,498288,3516690fde91f876c704ab029672cd57cae404d627a1d0dcf111c3a4ef3318df
O15-31,EC1N83Cbinh864e44b665b2,32871,496293,4fff89739183fa177adb68c251a6c61465a9d5f84f47f58ce41c7c0952f32f05
O15-32,EC1N83Cbinh76cb122e0496,32611,492393,f558c2fbdeaf69a202b215657d6540a753346ebeaff031543427ddad2644fee7
O15-33,EC1N83Cbinh4f1629821b78,32911,496893,3aab3629163a278c85d351a53d70357b34f2276673b90f908feb85b3d4357f6a
O15-34,EC1N83Cbinhabbf098ec000,32796,495168,442be8c5220ba8a37f0956f4ca36ceead52f832ea9daba94104ddcf7eaa1bd62
O15-35,EC1N83Cbinh72a8963c681b,32717,493983,037bb385a578285f499791fe777f132ed5a4c77b2a6138ec287de86d7260ebc3
O15-36,EC1N83Cbinh837d153b572a,32881,496443,9b2c6ec9b658867789c5657ce37f78c7921e1e29f0afe1768b872cc94a253507
O15-37,EC1N83Cbinh28429971898d,32803,495273,c4eca64b8dd4686efbf2f09caf5677270d9bb1d22d1ad9f11121f78496b47dee
O15-38,EC1N83Cbinha334dbf5d75e,32807,495333,04c70b3a9d493988e6535bfdea1e9d99e7b994c1c8adc3c51798012124dfca6d
O15-39,EC1N83Cbinh98984af56f17,32889,496563,cebb3e5789ba78fdf6db76faa278dc434595c9ac5bb66e1d3e12e8859293e6d1
O15-40,EC1N83Cbinh73a8769a9ac1,32729,494163,fa90df6eb0a80213004643bde4d2403d0c6f9555cf903067256f5dfeffbe1486
O15-41,EC1N83Cbinhd3962f055263,32566,491718,db40486a2823bb0bbe5a328e5cc5a555f26755ee1fe8d92cca1a0636e203c26e
O15-42,EC1N83Cbinh37e7a102e76e,32839,495813,c13cc7df9ca926897210db1160745df4533d7269b218a2655d08095c5da95a70
O15-43,EC1N83Cbinh31aa279e1bda,32769,494763,dfc7724c56c656ce3b1c7a52652fcb647d06d80cff1404c5d5386ba196de5b51
O15-44,EC1N83Cbinh9d788a553e28,32752,494508,f11a3392b90e7fbb84c0c67eb7a4a9bee4abcec18aa54870535fef1f1005a3a2
O15-45,EC1N83Cbinh871a0da05b51,32923,497073,8f77f2aa4dd507928ea025fdf3f5f08f24d908cb1101788d845ba9fca41d3e2e
O15-46,EC1N83Cbinh032ad718345f,32855,496053,ffe922f28b78ef1c332fdd05b67893c06bb59387450e90c50a8ded47d50afa82
O15-47,EC1N83Cbinh0f58ed37d962,32860,496128,16401dfed3823e57782f48f7d0fcc8a5c144c3c3cc05e0e0f85d43433dd06704
O15-48,EC1N83Cbinh590f496d3765,32987,498033,9de7954334f40892adfa212fe2f4d834a2d10fdc35dea02cec83eac668ba2122
O15-49,EC1N83Cbinh04d1a6345e4a,32779,494913,ab99789cbc451ebf1a4c5a8767dda5a5585bc71654ab13c6e7a5aef501f0e9b8
O15-50,EC1N83Cbinhfe56016fdee6,32847,495933,66e7fb9e2425700b9a2a6bf8de23a6a13910e2fc6b0d26a81408e2897441bd4e
O15-51,EC1N83Cbinh7571ab0af420,32720,494028,97dc49296a3d5283f5a1cb5e220b9a45447a845532fa41f718b7068ddd6f4ba8
O15-52,EC1N83Cbinh525877945459,32877,496383,a98cd64ac846372aa2cb86765f22754e50fa7eb373034a53a1a5ef3b070c0ed4
O15-53,EC1N83Cbinhc26c31e584c7,32912,496908,44bb8cbe55826eeed080b81d1be80d9c523d2c9033a06b9077a3f6c6c768e3ea
O15-54,EC1N83Cbinh69b336411ae9,33081,499443,20019a5e1a41d8287e0ccf4a8dcecbd22acf89516633a2a4a384139d0385f33d
O15-55,EC1N83Cbinh71c6fd952c26,32539,491313,673bbbf61c76bc634558aa8ef6278412379ec0ed6c8c1f82a65ec23ce53c9c74
O15-56,EC1N83Cbinh5bb451b881eb,32686,493518,870a22493272ad7878ea72e0b7611bfc42b51799277bf56b87087c8322677490
O15-57,EC1N83Cbinh75fc448b8368,32780,494928,78651e773caaeb3a08d0a07a36ffd74bbf24152571ee32b1b0065fd4780b1936
O15-58,EC1N83Cbinhd547d27f1d44,33071,499292,56af2726d40eb5e493f55ba96df213e57b5c7444f065a5f802efab90cd41300a
O15-59,EC1N83Cbinhd77caf621378,32828,495648,c40b7d965a46b9d15c93e31f002db92334cdabadea005208d4f2c86bcf51c1c5
O15-60,EC1N83Cbinh70ef41700a33,32866,496218,2fda72cf3c08bc2dd3c3b3cac7415491ac5089dedc78696b87b45e45f6246653
O15-61,EC1N83Cbinh737c5c6694d7,32745,494403,4c3d1501e649411aab702c27e5f1a2f6d925fbd3a31c159a35509a28e8ae34ca
O15-62,EC1N83Cbinh647ee9d28a87,32764,494688,035a480141466a468391afdb997b0c264a53ebf16f5d64d0a614daeee6cd6f7a
O15-63,EC1N83Cbinh9a5be0b7aafb,32863,496173,f1feac2dee34daa073175b5131ea70b8a7a5845e9c0fbce6872b8aff3a02817a
O15-64,EC1N83Cbinh67912edc9275,32655,493053,38f573c8c3f96bcda7c6f53a776791ca0da7445c71a3131eb6fc52e9f997f4d2
O15-65,EC1N83Cbinhb81a1f917924,32785,495003,019f0acc33b25d71f6f7478d32983a10d6b876be4aaaa7c2ef1db4d9935306ad
O15-66,EC1N83Cbinh022fd951ab33,32740,494328,ccb3d7f27d45e9fc13bb17d937c43ed3edd3e76ce874a855ecf0b4074509c66e
O15-67,EC1N83Cbinha2f9ac510c61,32653,493023,5a688bc70693703fa6b1a578e66a8170c2814f42aefd3729373bf759cddaf68b
O15-68,EC1N83Cbinh0ef8ca6d017d,32940,497328,98ab436fcf18c2d33f1761b8f01bb2b5743a1a7388da92f2cf9e1594c4c4d3d9
O15-69,EC1N83Cbinhe2cb3e48bbf2,32956,497568,1249316133c522f6610ffc59af023ab730d17743d8e18b868819c25288e6bb5c
O15-70,EC1N83Cbinh73bcf4d11537,32722,494058,5f2a761a2e4db6ad33a13fac2503b2493ef0938ab82acfe2b808320a372faeb6
O15-71,EC1N83Cbinh94a6daf51046,32630,492678,01a5cc3c50306c20751dc13ab080192d75d4236283de84f7754889c16e958438
O15-72,EC1N83Cbinh3ce4f284c66e,32616,492468,7bbb6c6e53e1c875dac6d9fece16e0dfd4f409a4c5b842df3bcef4adce006dd8
O15-73,EC1N83Cbinh1cd4dc5489d1,32684,493488,50c58bbb7849088b8b6abef03bcfa6a22713fa6b2d2cc55e6e4501c16c4fbf2d
O15-74,EC1N83Cbinhde263c922c7b,32829,495663,8b08ed66e0dd480d665e75a03c3cc4b5ab9078666166097543dfbb62cb80d6b8
O15-75,EC1N83Cbinhb4552e4485ab,32861,496143,ff8201cd2568a2648a5d354310fc4f1549922b9256c6e77afb0aac9543508368
O15-76,EC1N83Cbinhcb0a6f12c226,32950,497478,e95826cd2fdfb90df7896e5f79d6ca52ccb2c1dc9c274fa7cb19f166b196f869
O15-77,EC1N83Cbinhe0b04dcbac6a,32831,495693,b17a3f0dccc234418599e6c5e07115f7d0c33e04c41c5b4341712b20052df4c0
O15-78,EC1N83Cbinh2b8671daa0f3,32756,494568,e278dc1fa6e0d1aaf89393709d92a494ae23add2f9ea244615b3276f27b0cf72
O15-79,EC1N83Cbinh1ae120d8c923,32920,497028,db495fb36b8b13a2aa2bce624488c541373e187e11ee6078b9a8384872c2a41d
O15-80,EC1N83Cbinh322cd941fee1,32626,492618,f00a1308d88115b36352c0f2799d6bf0c7ee4993bc1f69bd6854402c89ebd10f
O15-81,EC1N83Cbinh98cedfa0a04b,33030,498678,5345140a24bffe86b658e6c6e3e25172e4bf2177ef5e82da021e26ca2d789576
O15-82,EC1N83Cbinh00b45df54e25,32902,496758,ca2adf9cd8aed8db2caaea9869022685cf23f7dbb848f4a4497e799b43b0f18f
O16-00,EC1N83Cbinha9f7a590dc70,32619,492512,26bc3b743dc3f7f3194589703cf3f9f34e6977b0f989831ddec9babb780b8912
O16-01,EC1N83Cbinh39b09669e69c,32612,492408,ca7acfbcb61d3ff84cbf09bbf1bb9f4886927003a0c015575408a532bdff7819
O16-02,EC1N83Cbinh48761adb6a48,32593,492123,7070533efc86319c5602b73f4bae013ef8db6a225a34adbcfe28d30ccd4c0c80
O16-03,EC1N83Cbinh7e8d15a6f78b,32790,495078,371e8f5ca869a05d1e4b516988ef398282ad9b809cff9035429da626ea128344
O16-04,EC1N83Cbinhb1aab04587e8,32650,492978,a4659192ae2c076881a9339a0760a1e44c1b3bd93048f58638163fb78ef64a6f
O16-05,EC1N83Cbinhe2c0d3e6bcf2,32650,492978,1f854a8e6c49c0c401675da56647f208f8633669582a03faaa498f0b73788cf4
O16-06,EC1N83Cbinh63877f57eb22,32886,496518,277e0408ed1392d6bd21b661d354567a6f820ea829a3caf0c9184e144ac90f03
O16-07,EC1N83Cbinhaa0648b0df83,32816,495468,f927525cef96ecd4a53078ad5b02837f8a9fd4937748e5bb13af74dfc6886f73
O16-08,EC1N83Cbinhdcc60c1d6784,32834,495738,fd6048f9f5156108827c346063476b29462d935f08a7b26adc3cb00b10c2f48f
O16-09,EC1N83Cbinh85479a70f074,32671,493293,3637d0feca714add5b1ff806536fadeb29bc30a6c6c78498ad5867e4e99946c8
O16-10,EC1N83Cbinh48852dbd4221,32748,494448,b3b64709dbc79a6cb30ac40ff175ea6eba3963cab379c0a6775774daa16f84a8
O16-11,EC1N83Cbinhe945ca8fbe3d,32977,497883,f8bbee6ebe1b8c923d822197f98e7217253b3b6f29365dcdd8b5587870062494
O16-12,EC1N83Cbinhccd4a3e19bdc,32900,496728,a3e324b3b94ba0cd9f0d8c33668e31eb034ba1427200c0b4cc1707986b0aac41
O16-13,EC1N83Cbinh00118556a468,32775,494853,6f80a69a89441220b653977a971b9cfe9cba85c2bbdac8d4b0dff0fda6579c73
O16-14,EC1N83Cbinh132a1f86b5de,32843,495873,09444950c6e45688ed7a9a486146a41891e0c728e3e0e021676c7548f22b4c27
O16-15,EC1N83Cbinhd71c3b5c3a39,32894,496638,256ed02a3145d4688ced65f4a7bddd0d91794e4f31d2f99aa1530c8f53a3fd08
O16-16,EC1N83Cbinh137443ae4db1,32810,495378,98d671d5b1f26e9e93117398d2cf05b9896d6f2fa90fc021c701bae3f012162d
O16-17,EC1N83Cbinh87a33ec8be1a,32864,496188,a4fe1068b7d6e29d11a620e3f379bf9b7ef7aa59924d6763bb3f146df9c53af0
O16-18,EC1N83Cbinha835914b484a,33054,499038,8df349b3bc649d47d5ee24aef59fc903fff6640d5f80f64033a8693277965329
O16-19,EC1N83Cbinh595c4230a58f,32935,497253,3695dc69de2012478cbab3a7231ec818da8131a58e7a5e2d632a95b7d51a6a94
O16-20,EC1N83Cbinh33d9860a454e,32942,497358,f8391ade46c3268bd0ac6dc1ef0c01def1f902fa8203571845c5142b441fc155
O16-21,EC1N83Cbinh1b14633243ba,32795,495153,60ec1e1431122ac2bf41b55a779f63eaa7a6d8fbd490609e6bfb6b6555fd111b
O16-22,EC1N83Cbinh0cd6a7cd194f,32818,495498,98c3b2713eb0e4497d395730b24e75c0052aa79b3c7405fc073d81213f6ef573
O16-23,EC1N83Cbinh16f83e4918af,32786,495018,d06c9ba210715fee4415077b48e5877f1eb92b396826aaa57089048d88576c5e
O16-24,EC1N83Cbinh7d620a7e0907,32547,491433,51bb5ee95a924bcf87fab757c596423231ff14c6cd7bb60611768640af493c9a
O16-25,EC1N83Cbinh07e6ec57db57,32747,494433,8db6d14f4016410d47dff213c106f0e3da92086fe7913474f502cc6e86664c0d
O16-26,EC1N83Cbinhf522d30ac4f0,32870,496278,20056e0f2b8e9c18a57d9a205b81ef698fc1e65e5250338461cb6ec4c50a9ea0
O16-27,EC1N83Cbinh08a5b8455534,32983,497973,92b2eefcd16e43559246f22458f5d8ecee1e70af2d00c88af9466cae32b2d9a5
O16-28,EC1N83Cbinh78dae8fe59d5,32764,494688,c112207c60630d952eec9e16b4e28c5ff5fe5b27bb409556825adc22b01ce1be
O16-29,EC1N83Cbinh6020a212cc03,32640,492828,35a017e7599580bd23b3065fea5feaeb11c411f1eed471c4c738ce59fed57cf3
O16-30,EC1N83Cbinh1bf7f8a60273,33027,498633,66a4480598105ef16ccbf421a65b87131b4f18f7428cd8ec9a6342db93a4fdd1
O16-31,EC1N83Cbinh7f3f4749ff73,32716,493968,903ac902e8332c656521578429de4c84121a42163b2f097878668a85e5288319
O16-32,EC1N83Cbinhf78833a8df91,32605,492302,db5734f0e72d9dac320b9669c3f7bebee5f50fc01f77318dd3fdc55fe0090b46
O16-33,EC1N83Cbinhd809960af174,32964,497688,41636eb5ee7d100c7dd291b8a67bf04ee59e928577c7f9533dc8737c50062389
O16-34,EC1N83Cbinh8f45ef9efa90,32754,494538,3a4bdb0d8da3862b6597d968d7b5438633492bda681cf4387fd2777abbf9b9ac
O16-35,EC1N83Cbinh2a737ae6193d,32765,494703,b31c6e81cc24b8283530a9cbda26e1595dab7e04dbe97854a957a41e1de5f88b
O16-36,EC1N83Cbinh380dc6a19e21,32782,494958,a3e3ef0399679e5f1b9f8b69f1fcaa2a8c60c9860db27fe99f1e41cf38a7862f
O16-37,EC1N83Cbinh5f7c55861ca0,32761,494643,94518ac95f447c226db64a200aadc2093ee28ac42acfc5aafcc07399023aa362
O16-38,EC1N83Cbinh1027967c3450,32736,494268,5dfa945eea71aa6f9ce253924a894354f0349247e116e1cbfb21238827b885a8
O16-39,EC1N83Cbinh6c6921667691,32906,496818,c7bfda9340f0bbf87ebe58f8dc687c6fe7f26205459c6e4813a4bd56365d9a7b
O16-40,EC1N83Cbinh3b236f434c65,32754,494538,6c0fa440158b8721d03e97fbf1015a7ea587cee2443e4f6b4d3b411e75d80abe
O16-41,EC1N83Cbinh63f0b8703475,32573,491823,52b78442d096283688409da327897289c479a5de9ac58d889be47652da437e19
O16-42,EC1N83Cbinh0844b9f290e3,32800,495228,6307a27bbee6e2752a401ad56336909951439513d0e7c1d157b624f0502e3022
O16-43,EC1N83Cbinhcbcc26d4e97a,32701,493743,5879eaa88fcde132b9df40e971d68f0c27484f6c5b427f4869144909b12b7534
O16-44,EC1N83Cbinh7b36b21b9358,32949,497463,349186aafac9eba8b9d694a7862a8aee6ae58a8559a9cdc8cfddba3e409c98a3
O16-45,EC1N83Cbinh58b59b1bdafc,32590,492078,0aa5cdf656c67d6e10b14231925bd06e1d1b4770046ad7fb63d78b14a98e31b8
O16-46,EC1N83Cbinhd8c88d96ea3a,32660,493128,19d97658bb0d9ad2173a234c7266f8739ccc266262507f5dae32583958b91ef7
O16-47,EC1N83Cbinh074f61c7c3b6,32797,495183,aab6d5eb1e0682ecc4baf3e0ad1a7e49d23960a3d53351219fd0e016ec7b6362
O16-48,EC1N83Cbinh86bf291e5136,32834,495738,ffb76bcf20f5d4a9f064503fdfaa82ba737a1a802b5e0e5b1ffcbb1139c5a58f
O16-49,EC1N83Cbinhb3bead49ea8c,32678,493398,fa66e8a8c7dd346542bf600cb369053d67175a7854c3720147c4ab5f862cd8c8
O16-50,EC1N83Cbinh58901623f396,32771,494793,452fba28953f0f2e4bb8618cf144634e5e6329bbc500014f30cddfb32ca7b504
O16-51,EC1N83Cbinh9aaba2b1ffc7,32633,492723,f98f13c6d124d7ed3d98b53af1261e27fd22c12d3e561b4b25e4be801a0f21d9
O16-52,EC1N83Cbinh48f02dfeff4a,32882,496457,c43822511a58f625b12a25b32270692f134b201f783f70794ce79831c669adf6
O16-53,EC1N83Cbinh0c60b9fa7f2e,32603,492273,70be233c23a71d0a54beca188d270b65874e25f7bbea750e94fe4c074bd25a81
O16-54,EC1N83Cbinhaaca2111bb96,32780,494928,9acdd19b028bc6980b9f7092c72b738bcf51abae24446ff0d98b289b32904914
O16-55,EC1N83Cbinh9643b856f5dd,32988,498048,219dab9c25aacac26a09d1dc7abc3ffa084511a05b91457f070012d5d2e060de
O16-56,EC1N83Cbinhff9aa0637b97,32781,494943,f72d47de4d6be6b45c4b14322ec855e1e207dc443efb1f3d87435246a4510bbb
O16-57,EC1N83Cbinh700d8706083c,32844,495888,17a5ee37f20341fd51b87bf60279f662faac073ad525dfbd9d931622d1cd4852
O16-58,EC1N83Cbinh06fbe738b2bd,32855,496053,54c3434fec3a268a6e23c98437a452e8a438678f802d28babd61bdb1d4cfe575
O16-59,EC1N83Cbinhb2ed63f87d39,32716,493966,249446d0388d861ed5aca556af18bcc694b8c35dbcbf2d29020aa0aa62ca8147
O16-60,EC1N83Cbinh72d969f9b8b5,32735,494251,d5dd640db528f267c108c81df63b7e3781d375a0d810bd87f0eacd22158dbb14
O16-61,EC1N83Cbinhd43bbaab957d,32806,495317,e0bc3077ad89194485241889cbd40401a2a6f2056be592db1253650af7569d86
O16-62,EC1N83Cbinh38d305e83385,32844,495887,0d8e4e72fd6b59c9e4812ead815a23531b5c8dd00d836b23782663fb137e3a61
O16-63,EC1N83Cbinh86e2d255f10c,32681,493443,e8991158252df681fecd8299165bae42282c080b8dc792fa6ad59c89c57f3969
O16-64,EC1N83Cbinh7d413071d486,32671,493293,db4c1d0d5baef28fa78842f222ddc2d70157ab3256342dca296b3fd3b4904608
O16-65,EC1N83Cbinhe9316780671d,32927,497133,4b108ae3ed98b8860dd71906236bf5010a79416d79208af5a6550ab5d393daeb
O16-66,EC1N83Cbinh10735944d109,32906,496818,9379b853c6625fbbba2625932279b7bc4c6eb5d3c10fdc7a70b62c226024d0a2
O16-67,EC1N83Cbinh7085af203294,32728,494148,793f3f63a92d7803f41afe6bcc34846758a2d8fd296c9f632569790f52ab9469
O16-68,EC1N83Cbinha23d29956251,32910,496878,0762e549f76e5dc62dc33993ca305d721555b7666bcdafd4188d2af30e94955b
O16-69,EC1N83Cbinh65b229d1f395,32598,492197,b8e1c81235c71d3506661a28d684fec00248a8196ff3fac838a86180c26a2905
O16-70,EC1N83Cbinh694c86a7f9cb,32921,497043,298771284744c21b4f051dc66e8ff09a15633639721848f112b2f64ad5df954e
O16-71,EC1N83Cbinh8028301571ad,32988,498048,fd3c30ddc00fdaf71567ef387446d17007be276359f9bc1f1c830948c46148be
O16-72,EC1N83Cbinhf794be7dbe02,32796,495168,c1910982216d681924f62559684e0cdbb6e4bd6cab8bb03712c4edbf1c52981d
O16-73,EC1N83Cbinha4b53660c541,32644,492888,959d5fd5bc723ddf2376b4c5b5a97b21238b11fd8219d8af17e8164bace9147e
O16-74,EC1N83Cbinhc5dbcb9b34c1,32587,492033,4e73267bb46c8ae652a84035c1c529a246bedff25b0bd0d8bd3380d995bbdb25
O16-75,EC1N83Cbinh00eb35aa75f6,32800,495228,d101b86e5f865273676515842bca34c01fe975fd7b5be0033d754f602edb78bb
O16-76,EC1N83Cbinh5fe4e08f5ad7,32688,493548,e5264435d56b512ef4092cdc8f94fb3768a0e932ad4202fc7458106382546a9b
O16-77,EC1N83Cbinhe0812cc9a8dd,32833,495723,60d1172c0e8b79df13080408d79de202e2204cce5880b6e4f0e748c6043ef2c8
O16-78,EC1N83Cbinhb1ee6a871f5e,32808,495347,3cbf45ea67ab116c30cbd65ab17e24129e45b5e3ff6417790ab0b743b512df08
O16-79,EC1N83Cbinh3d8ae4132b79,32731,494193,d9e208bebed058906a4fd2537d4b4018f41721f9be60bc7e2f31e22ae189adf8
O16-80,EC1N83Cbinhe6f46aed6a88,32659,493113,e3c9a8a0033344fc10ca302439d572339693362cf641a1253d6f8f3751c2fb36
O16-81,EC1N83Cbinh03297a706d09,32790,495078,410a3980e71fe268542363c642770effbd9555adaa313bc4e95fcf2015e5b80e
O16-82,EC1N83Cbinh2602afddaae2,32899,496712,4d609f8b2372af028cfeb33a1cfca3b633a47583c6bcb3bddc35001a032b4f24
O17-00,EC1N83Cbinhdb6be05adb2a,32817,495483,5c8e9925f260141d76840bf50ddbce2390d5543b6ec0f322d9d9da5f8c5e35d0
O17-01,EC1N83Cbinha03750898285,32520,491027,06a23c50be12812635ec4c4a71d1858a0bd28430467146393d1af283cd9a068f
O17-02,EC1N83Cbinh5c064d2d1a47,32880,496428,9f28f00d00cc72710e6e4d6cf16e0ccadf40703e10aabaac13129bc097d4f8f2
O17-03,EC1N83Cbinh19b58fc6c294,32711,493893,701e43892d40542e1ce651c6ac2badceffe5631b8bcf0a8591f300d27e567844
O17-04,EC1N83Cbinh475cd757f8b1,32958,497598,9994f54b0335dc3638bb31edd586f5d54387bf72d59a3cc71b063c94be3a6316
O17-05,EC1N83Cbinh7fb5e8dc3d64,32758,494597,eb3d841e37ca66fbca39ec7ce10f33d3647869069afaebe0cf899b11e4da9d83
O17-06,EC1N83Cbinhd78a7af09361,32902,496758,5b094d1bc60be744e8e357760d3d852ccb7d51d1564b606ba95ea4e09ae8f2a9
O17-07,EC1N83Cbinh9ae190c79340,32815,495453,21d5614618c7438f76ddea66613d5ddae74c74cddd75b72cd38c388fd2b129cc
O17-08,EC1N83Cbinh2ad975f4b28d,32821,495543,89190c41cb273a99c9152adf4e188b7751bd793fa14ec0a6516a4ec1b6ef60c3
O17-09,EC1N83Cbinh6b809857dc85,32830,495678,1ef9db809bfbedf904f1b7884de03375add0090cc6b6e18815228bf20e6a5028
O17-10,EC1N83Cbinhcf43c9d3330a,33121,500042,b189686ebb0bc6e944eb04e450e14dcdba5784ba856f8a22fa9a0bac10802ab2
O17-11,EC1N83Cbinhd30c6ad34c60,32982,497958,c2d39090b3fb2e02861ba8687d534a266ecbe174a458b483fea529482daca53a
O17-12,EC1N83Cbinh227bc0f5a134,33064,499188,3e8a46421837c80f470b61249b8a4010f5a7227cd60b38e8eb01cc10d18a3ff8
O17-13,EC1N83Cbinhaa3b71691025,32633,492723,9b2cc83dcc4fa20921090965b08e7dc70d982e9552eb981c8a29e24174e440b1
O17-14,EC1N83Cbinh6be96606d8ff,32711,493893,53c8a9b8d93051b7be209db95f9b5b5ce7e2d85f9c52c210146a2f47026c8874
O17-15,EC1N83Cbinhd2bbbf758cd0,32961,497643,40971645ab39208da8e9251fff36f48883eaa91c9afddae0e15cb5eaefe560ff
O17-16,EC1N83Cbinha1fa1a937893,32943,497373,06e6c646bf2342709ec167c08ead07dad390822d6938ca259ea13ea17d8c37aa
O17-17,EC1N83Cbinh806936b7908b,32984,497988,ad7f16be819d73b21647c07452718a05af2a1854442bbaad8fd1ada52acecc60
O17-18,EC1N83Cbinh07ebfe864e8c,32887,496533,45c28a468048761bbce93575599649e9d11917abbcc33bdaee0a7815ee013d7e
O17-19,EC1N83Cbinheda15e0cfee1,32742,494358,d8d0b1f01d99025bcc5cb6c014aa7b0add12f945c10a96ac080b16f059b488fb
O17-20,EC1N83Cbinh7f8e7aefed25,32783,494972,568d880e019236667d70bb92f8244525f4fa058f2dacb30424752474d1f87140
O17-21,EC1N83Cbinhfcb363c6ee7b,32837,495783,51aa7d49cb0d2a53ae51573b03fc74dfc35d04ebe8a59ecfc74532983daf3c3e
O17-22,EC1N83Cbinh45a4ed6193a7,32635,492753,115573b0a1cf9df22311c79ae6fd18eaa6b888791ca37d11e09c8907ae20ea7e
O17-23,EC1N83Cbinh71b4baae7e6b,32766,494717,ac452fba7956bc3b1721ba511850d80d57dd282b41fea50529e5c4a9223d3fca
O17-24,EC1N83Cbinh37c99d84aabd,32806,495318,bf00b59582458be996c9fcc739bcef5223af74e50a40929a3f47b1dba69db9c4
O17-25,EC1N83Cbinh231e4fae02c0,32922,497058,f1e3c8ecbc8248fa04e99f6afd38fb9ed0baacdbeeb8aecf9d8b41736cd2dd9a
O17-26,EC1N83Cbinhff5203f7fb71,32759,494613,0bedda76c597489e57652308e38b0ee3bc7fd718d0d02096b8f51ec55206acbd
O17-27,EC1N83Cbinha06e4b203e8a,32761,494643,339b4ff39e8383d3d825218ebb798d46ebef56d976ec17797c0aa6e1c335985d
O17-28,EC1N83Cbinh2f6a0ed534c0,32853,496023,dd25ecc6d47d173c92f405af02424085fa13585d513c9e4b39a989e4091384ee
O17-29,EC1N83Cbinh67f4e522ed60,32853,496023,e68bfd4b53ed732e5b652f6ce87fb61251ed15bacecb6dc2c4de0b7e925b3835
O17-30,EC1N83Cbinh99eb8ddf144a,32702,493758,afdde0dab3e2ad64cba1fc96cc75d4f1d9d2785346edaa44c775cb3df508e411
O17-31,EC1N83Cbinh85f2241547d0,32641,492843,aade42154f0399df930f9d25277ad327d14ad784929d4682d216ea9967e3ecef
O17-32,EC1N83Cbinh916bf9f1a3f6,33016,498468,d4a574cd35ce0cc57fb3e56a16f4cfb5bc7ff907c9d885515116de24fb276510
O17-33,EC1N83Cbinhd049ba6ab864,32846,495918,ad9b55d15c351da9ba7b46dc6d80b5d843fa10a9076e04d254c2f0cae63be65e
O17-34,EC1N83Cbinhcf9713c263f3,32739,494313,bb492386237ff1368f53f4ce7f46d0910e55b61afdc6f2c28eae33f2f779a8b3
O17-35,EC1N83Cbinhe77aa071cd5e,32820,495528,47944265ae090eb4074dd013749efdc9183f7c081cc076cd7afbb42bf651ce93
O17-36,EC1N83Cbinhfb00d06c8fd3,32706,493818,b844413b0936322ea3b73c93d3d06967b4930b79c4da07f2de7bcf2a5cdd9748
O17-37,EC1N83Cbinhc63e76130904,32796,495168,f64d9eb80f072123608b25686fe84ef8dac261146239ddced3b87b05a4f4f2c1
O17-38,EC1N83Cbinh85fc400f27d6,32641,492843,c0c46ba2c8379dc7c217c8481ba0c92b5f7df77d1fefafa19260f0e726db4d8b
O17-39,EC1N83Cbinh3ba7b4ecd5d8,32658,493098,c45930081233580125b88de53828963b89c4449de8bad6a36e99bda0179a894e
O17-40,EC1N83Cbinh631ddd75bff6,32909,496863,5025ee2cd8a1b00cde871075b56272c8d0552d0273c3986fbf990d116beb4433
O17-41,EC1N83Cbinh02ece80c9520,32808,495348,1b5ef7fc8603c68a8e692c72f618d9c784298802078bca8d4277c7deea1a788b
O17-42,EC1N83Cbinh02d3e0e4c4b9,32880,496428,f4b1a52483498e17fced7670aab3d06c265eb6f35d5377a6f07ef8e8078e116b
O17-43,EC1N83Cbinh4ad68e889d6d,32890,496578,88184573696aa1cfb123117d187221a20db712b6a8db1792e6f0c75211cd48d3
O17-44,EC1N83Cbinh3782c5560d6e,32926,497118,f287a7f7583558799df9626ef08ff17d27f5ee8071cabe8f6404085bce6ad508
O17-45,EC1N83Cbinhb20f53c55e39,32559,491612,91fac52ce633e62039ae8aaf28d2d64f1a3d1c9fae84b06fbbe6982d7d6c86ee
O17-46,EC1N83Cbinh91ff08feb1b6,32845,495902,c4068e430c108f8574e33038b3c179e411fa42f72c40886c614421d6308cb8f0
O17-47,EC1N83Cbinh1c0bb97cd41b,32889,496563,51b9afe8186423d76a34bf2358115c4b046fed913a0283922d288fcad28f400f
O17-48,EC1N83Cbinh63e0fefd49ec,32683,493473,c08506129006c05868ad80317501fa3ce2de7e7ae245b940afc86baf62c0a331
O17-49,EC1N83Cbinha3901190bcbb,32736,494268,db4b8f67574726e6d63154f94fbb4e5d30ec6d330887fcb155afd2470ed825a4
O17-50,EC1N83Cbinhaa07c10fc43a,32688,493548,3d4c386f0245a60bac5d767ab1cb05312814c4c9f4289ed23511c20a22bb23ce
O17-51,EC1N83Cbinh9f6b66b9e311,32919,497013,f12f992521d8235e74609a3b49591b935854858705894d6f5f2e320ba347fddc
O17-52,EC1N83Cbinh8ef6c1b78540,32894,496636,ad65acca32e200545b2e5dbe4d038b37aa190a7f7bf5fd5c04c22147f440b78b
O17-53,EC1N83Cbinh8518520cf428,32825,495603,1a9f120a92fe4cfd6cf9de5381eb3d43a978d55a1363828d9c612d2163307157
O17-54,EC1N83Cbinh11ff2ed15cde,32984,497988,4624d1d1f5972b084c59546c0854a6444ecf47a2afb85f6f2c16cc6ae57d666f
O17-55,EC1N83Cbinhf58dfd5fa77f,32766,494718,b9146953082ccc667a5ca4e57dea7ce24a68ce4c94cd0695db16b4f9c6a50e39
O17-56,EC1N83Cbinh603e4e0be1c0,32802,495258,4828bcb5d700691519679ef302a7293c7ea065d78b7c7e7a920f5a4b78fced4f
O17-57,EC1N83Cbinhd03b513b5d87,32922,497058,d42683f314b5938940ad297530d89b444bff9c4d710e12a0f06004c982934f1b
O17-58,EC1N83Cbinhd4cacacded36,32626,492618,f7b5b14909e2c5f6d511fa2f7c6c16806a92d294ca079b51012f1585bc87bf1c
O17-59,EC1N83Cbinhd150f1d6015a,32890,496578,1a40f76b51c5003ae781afb9bc79869de207e977f1962e36fe51e02642be485f
O17-60,EC1N83Cbinhd69ad0d49220,32818,495498,d94981345aa7376743bd6f49e26485ced4c6288034c63c2471d68b94396d7af5
O17-61,EC1N83Cbinh4baaa191ca84,32699,493713,eae7fd2abdc46e9660e6574f9fb7d33f05ac8a4f56dfdb2c8b0dc9f875da1aca
O17-62,EC1N83Cbinh8810bc1e4df3,32679,493413,7c88e923ef8bee1913cbe286bf665dfa8d586bc5f838b706a4cdad1becf5b2d0
O17-63,EC1N83Cbinhdcfa48a958a8,32809,495363,76fb354088e581c718e74969c007c4a8e40d5da4ca8f8d2ed768a695ea676c74
O17-64,EC1N83Cbinh4449107143e3,33000,498228,72df475f15c3d4dd7dbabaf206b3a2261253fd418891d7a8dca479e20b4de0a8
O17-65,EC1N83Cbinhefa5c3604987,32807,495333,81862530db9463377a7bfc8573823a4e904a19df3f4e64b63fe784c3687043c8
O17-66,EC1N83Cbinh6168e1928c82,32769,494763,95c3540901471512a23142d0d234e86021678d6566abc01c3a920c61b06a0d57
O17-67,EC1N83Cbinh652b0ea8da18,32749,494463,a67e97907aa58d09c73b1e5322fe794c5503bdae0f59e614c20abe6430fc2dac
O17-68,EC1N83Cbinh1fc2c4b1c201,32650,492978,bfcd66f715968706f8ad54c195b783cabae1dc1ab50bfb09f3ee9cd7a852a50b
O17-69,EC1N83Cbinh9bec29c90c91,32924,497088,4d2111802d96394c4f50c1446a1431bd0e906524f8c7e394b4612d8e5d809c7b
O17-70,EC1N83Cbinh017f8316f3a4,32947,497433,704deaa402c976ac64de4382bfd1a9477c3de883d054baa0ed17faa7411f6c9c
O17-71,EC1N83Cbinh8996c589bd8d,32649,492963,a78e05668c2995f3ca0d4bf9438c2c5de78a2574e5fb89dbb7a8cb2b3b22c9fe
O17-72,EC1N83Cbinha39cfff87576,33158,500598,1048d4932b0bf1308a5d03f4d72b5a99082cfcb43edcf79a6eb9140b8fb0bc21
O17-73,EC1N83Cbinhf700c93de6c1,32778,494898,a8c4d624fbd6f32b106a10ac93946b2ebf254e401ba664b0dee244518cbb0a05
O17-74,EC1N83Cbinh33703761dba2,32683,493473,547717f637d864707173946b8451354290c9b76acea152edb2e1d285267283dd
O17-75,EC1N83Cbinhac811733762f,32693,493623,df4694b06f557a2bab18ee5d26f327c165458077f3032b7edb0b3915cc0efc20
O17-76,EC1N83Cbinhb919ef412578,32648,492947,cf325e0ca68911e0a4ce937b50421b78f509d0696b0a38cad8579b1077f27a71
O17-77,EC1N83Cbinh077cb524adb9,33075,499353,e777f6281dc7009026af5d32720474c608b4d61e1ee181276ab9ddaaf1b19b68
O17-78,EC1N83Cbinhd9548868a981,32928,497148,08bc51bfb9929ac6522a29df6acb52e14bed13c0cbe34fb70283dd6153581caf
O17-79,EC1N83Cbinh96137d67612a,32721,494042,388544b9fa6afa1aef17d976256352fea60749dc5f6de23a8d73054828fffe33
O17-80,EC1N83Cbinh83116b166c1f,32500,490728,db0ff197a813be398a97b48639447907fdb707b503ea7f2dd1f64e5470f1bb7c
O17-81,EC1N83Cbinhf2f991936ac1,32653,493023,c0d4a1e9e12ed8454ecb3130b5e7ec09e5ac4d260ee6dc872fd34ae639fd8f2a
O17-82,EC1N83Cbinh5d6628b164ae,32948,497448,fb66fdfccd00dc77d075ebbfbbbe44c74d5fa12c7677bcbe4050f9c73441f311
O18-00,EC1N83Cbinhb03e3b307625,32831,495693,10795d8a167cba853c392ce9917d3c88288f7b2959cd5e22afc4ca5e6633ffd9
O18-01,EC1N83Cbinh280487136d32,32847,495933,778208963a7f0f2f83e0486ce496c34cd21357fd2eac895b07eab9220043825c
O18-02,EC1N83Cbinh6ac24eec6f55,32675,493353,07ef5b754456dfbea39f116c0ef0f0f932ff0bc966bbe9b45c8061c5b6edcbd1
O18-03,EC1N83Cbinh8c4e9db48b46,33026,498618,457787da494058d7407430f7ef387d5cbdcac158d4ae831908ec2982cb967b89
O18-04,EC1N83Cbinhfa74c1e03221,32852,496008,8883a7df24e48531eb9fcc4f2941a7d26aa0fe781aa9c30eecfccc85063924f2
O18-05,EC1N83Cbinh7e499cf94fd8,32795,495153,7258ee71314997743c8f4e5982b84a9bad75252f39d6b6ae85d8d1c850bf98be
O18-06,EC1N83Cbinh398bfe510cd7,32958,497598,3451e4ec770bd81d40eceb0480e6cb2e054af004ab46f1712f5cc9bd192ba52c
O18-07,EC1N83Cbinh99a1a4d4adf8,32716,493968,ba7d39aebe16825614ee10d7fed5e2491190198f13f038e89749da9bb750df2e
O18-08,EC1N83Cbinh49e59366e6b6,32828,495648,bb02239c748288d1067914c7d1abf712ad1ef4700d8ad80db4e0a5af22cd35a1
O18-09,EC1N83Cbinh49fce6baee32,32862,496158,931078b7340da925d7d0c256cdc365598298cb60fa0c0aa772e98746ed7ebdef
O18-10,EC1N83Cbinh10699672a7f1,32764,494688,38652c57423d62d4f0821f70ae70a3d62beb4058ab2e680287ba2cacd95ca086
O18-11,EC1N83Cbinha4e265f4c389,32860,496128,d8c2b944690a3988a47164ffa3d6853f5aa04ecc185baeb5946c03ce53415aa2
O18-12,EC1N83Cbinh60d288cc6eba,32705,493803,e7e36d494b90854ec4288703d5e93c02ba1f9b3f23f0882e1c7bf57d733435d9
O18-13,EC1N83Cbinhe7f83d508108,32641,492843,c251852ba8a79dda02abfbb307fa01fb87604612fcbac421538d51c6efdeee03
O18-14,EC1N83Cbinhe880b07156b2,32649,492963,08bb7ea1286bd8f3e626e15923a029b7210a76c5d8ac56697b38b755d7aa9e80
O18-15,EC1N83Cbinhe1764c2db7e6,32701,493743,5222627cf081b7fafb167511a71d3e38f8473b95388f6a4a8a729ba15dc7bab3
O18-16,EC1N83Cbinh7947d1f85837,32722,494058,453f59b7daea7e3fcfc0b3b27298a3bc8e049daa8e44c13f326bf9f2b7826dbc
O18-17,EC1N83Cbinhdb66eae62ec5,32815,495453,b635bceb950cc54a5d5ed6497b64b8ccd03a4fa9b02f5bcafb0b242a8905e567
O18-18,EC1N83Cbinhc5d9974ba90a,32673,493323,49ec556e3ba29ba35800b67fed89911c8389119a6f122738396647ebfd3b077f
O18-19,EC1N83Cbinh5bdd992feb1f,32810,495378,1d1acb3c6b2bee8eea066bbc5a13c9d5296c26fbee5239eea7c9f26c926e9020
O18-20,EC1N83Cbinh45d1dc1aaf7a,32739,494313,62a3896db768492e18a50e7000fdd3256276cce2d39a58638663aa50fe58f44f
O18-21,EC1N83Cbinha9211c8b838c,32908,496848,5374428e65c729e1c5e8bacde28ce6c817fcdeeb48f8e8f641097a7561b6c00b
O18-22,EC1N83Cbinhad8053210c00,32755,494553,4afe16831b95970000ea7e2417b86083f1762e43db2b7e41e97d64d8f60f3a43
O18-23,EC1N83Cbinh78bc381bf1e8,32691,493593,395da09eb5e01f9b0f2a5ed1d65bb08738b2a115aa3fe83147bdf82ef356558b
O18-24,EC1N83Cbinhf728a7a960b1,32568,491748,db73c7a68bbfdc646c58ca36a8d14dba2a8501281b31daddfe0637a319839a09
O18-25,EC1N83Cbinhc0ef750d7180,32793,495123,a98cbd8ae690a687c8573780ca8a928ca58a1321e3be78e53a9cdd0cae241899
O18-26,EC1N83Cbinhfe79c5f4f813,32741,494343,722f76d18c638ddc9345ed1b56fcf2f9bd70b8783da8786ac5201b1e2519a16d
O18-27,EC1N83Cbinh0c9fff40e3aa,32817,495483,6d01e9b98e293cb0676cbfd617db0617bfd41d47c329b6531dc5266a9f7e8a43
O18-28,EC1N83Cbinh196dddcb2493,32853,496023,31945cc0756784f5d845ee44240123214d0dcedca2b9d3f3edf9fa76af88030c
O18-29,EC1N83Cbinh1d17f225d6ec,32883,496471,0805b1773fd130300c3b8bf1a03814bd900a5e16de87376cf84aeb49192a20a5
O18-30,EC1N83Cbinh61b1c2c99ab3,32713,493923,b3334b6b8403e79e4f7e21dfdbf03a46cc7f7d1885a80eeccfeed937eea068a8
O18-31,EC1N83Cbinhd6a936998d45,32788,495048,035c2fb6517d0599d1f40be76395e136498aa08759dfbbed322d447bf6135927
O18-32,EC1N83Cbinh0418f0e2cfa9,32805,495303,9c06cdeb88d534d647e4158adccbfe66509be66c54e97e2e9b9dbbfe45774884
O18-33,EC1N83Cbinh25d3418ff5bc,32817,495483,f9f8b47d7740f7f9d9117425c6ab79e20c9df6f987d7514632bd37cd61345d5b
O18-34,EC1N83Cbinh131bbdcea1b9,32902,496757,aba1cb6679994be465f08cdbd8a995ad0d8e70d7b876f533d87770145ed5d72b
O18-35,EC1N83Cbinhd1e7079ec6a8,32734,494238,ba876a8b271ee186cc387ab297d34a242eacaf219a4a144f5308051bd5238466
O18-36,EC1N83Cbinhfe65347a5dd4,32621,492543,1bedac43fa7955bd79b265a9ff896efb6a6304e78057e3645598f026d4787f2a
O18-37,EC1N83Cbinh71a39254c8b7,32673,493323,24f843cb2f2ac6334f99af66e607477d1c6804e23787dc1490de9e2a9e1e93d6
O18-38,EC1N83Cbinh5bc0d28f27d7,32922,497058,3bbc050ccf287a102890d5916b5d9479726403e9bec087e8e4955b8fb26d6b15
O18-39,EC1N83Cbinhd10649b20228,32791,495093,3d849cb2d7e10254b997eca428af792b690f98a99e3e4022890b481bea80a8b2
O18-40,EC1N83Cbinhaef267056e7d,32808,495348,eaa5ecb4a2cdf1af792200e9d090627ada9a655bf550d888f8e4e2c021addeea
O18-41,EC1N83Cbinh4d8bff37dab4,32535,491253,38bafe8145f6a7dd2cec6c9576f13515f1520e81d0bfd56c9b5d8dab438a5bcc
O18-42,EC1N83Cbinh9662a2e6f47d,32772,494807,5ade9ef6bfc4492929fe6029f39bcdf2c9c57688b01dc085b46ab34506f6f261
O18-43,EC1N83Cbinhfa72665c57b0,32658,493098,40f5dc0ff5d672fe9a142de71d876eb78162cafe7cfc38a0ed322c73b663aba1
O18-44,EC1N83Cbinh4fea2f82c10d,32741,494343,6b06053187f4e6713863417c0724b07544a2cddf247445bb5788a6a34268f9b3
O18-45,EC1N83Cbinhd1426bbe7a81,32676,493368,e12d65f41776644f82e717d8a7eabcae54d8fb37713f39ba36eb5af488155a5d
O18-46,EC1N83Cbinh73a6a1132aa4,32903,496773,c0f201ee4cb69662458e14d5aeafaa112ee60017e374f79f89d1d6c321257ec3
O18-47,EC1N83Cbinhc860b97b2465,32806,495318,fcdd16ba6dfb269923a16fa3f816d33fc912e29c1e5b32cd06fd4822d1429770
O18-48,EC1N83Cbinhbc277ffe2dca,32692,493607,61cc382282f3a8e58666dfebe18cf3a5a97a2b6f7b23f8849b0ece72d06bf97f
O18-49,EC1N83Cbinh6c41cdeedbda,32866,496218,93a1f99a47edcbbedb52165ddf4b3181354543d02d9add15be7240ec2e1eebd7
O18-50,EC1N83Cbinh9e5b326c47fc,33023,498573,fae1f5e77f7623e88bede6da5ec922f2284c038a641b63b93ecf5f0e68cfa9e2
O18-51,EC1N83Cbinh1784a1b51b9f,32889,496563,43f66306acacb66285e2930590ea5b05d3b9726b336e87ad5978688a6c69271a
O18-52,EC1N83Cbinhc3d5592f71c1,32847,495933,540be2bee22391c968d94d408355be82a112f0699ff6e81cc09c219b430ffff9
O18-53,EC1N83Cbinh80e040308bce,32988,498048,869358bd75262ebd48adf3ac28e9b4782b1f58592f0c84d171d457ed5869bd4b
O18-54,EC1N83Cbinh3fb63c24dca4,32711,493893,f7b78f4ee5a876105250b2d13594bbffccecf3e311e3f1651d9071dfb2cb3b67
O18-55,EC1N83Cbinh8a8a4608cd79,32844,495888,d06a77e526dfc7a2e7b85ecff91e88e5375a95559d3d5113387e2c6feaf32887
O18-56,EC1N83Cbinh7dd4730fdc83,32832,495708,e496c42679d51637f426c80c065b1bd375b16f2d5c9d1b7db66859d39b3514ca
O18-57,EC1N83Cbinh225012eab18f,32520,491028,2be0105feafb9870316c05137bb9801085346870c9e303e2c83b561a181406f3
O18-58,EC1N83Cbinh496cd9d49478,32947,497433,3162e70d6375d57038bd43ddaf107e780bb0cedc803a096d83d024ea05ca62c6
O18-59,EC1N83Cbinhfe136f98a280,32765,494703,731e5658fb3984fce996699fc3cb2fd61d38914be1e4ffeb21a215946b3442eb
O18-60,EC1N83Cbinh8b9a92a1f988,32412,489408,c0d4a360f00e332c85db43a7c5742c1ef37508c0377f995b23949ab28405a08f
O18-61,EC1N83Cbinh07f1cdc57507,32834,495738,9dc508f2ee081f9726b0d43bb67aa1ec4a869ef1d655f5a81eb3412aea1ca28b
O18-62,EC1N83Cbinh747fc915ac4b,32849,495963,9bdb46a0ab95fb04807ef19103c7b536aeb87de4c412245cfa8f0b254e2ef6f8
O18-63,EC1N83Cbinhed92b0d36f34,32828,495648,1ee1898dea50bc24d34f7515646b24e5665ee84328e2917f771b19c430b894d6
O18-64,EC1N83Cbinhfdd1f045b455,32742,494358,490004490de4944721a84ee8503134d712236a16ad613887f7046c764ee32a21
O18-65,EC1N83Cbinhcd1a33f90f9c,33019,498513,11f7f0a4a603d37b104ef87aa889466145cc335c5d197d6563941714efbe7583
O18-66,EC1N83Cbinh4759ad92d06f,32857,496083,41cf90cf6e30ad80e2183654c53ea14eea92bbfe3c84a13d353706ec8fc53374
O18-67,EC1N83Cbinh1b2048eab632,32614,492438,2dcc4cd94fe6388276624d68a31e616f3d0090bc005636e5c098f808212ab7fd
O18-68,EC1N83Cbinhd7d88d35c3f4,32999,498213,7bad32151ff818b50320ab09784fbbdf5be9b41045ef5ebb1e21cfaf225c1589
O18-69,EC1N83Cbinh0728be24b7d9,32749,494463,9df51b1b60dfcc157f6fd93942a9a9f9459d3876f44a4a91d4dca2603b78276b
O18-70,EC1N83Cbinh8a538cb227aa,32811,495393,3f982cd961af7276eeb08ff3ef130a120c7be8d36af2629bdb821fb15700d841
O18-71,EC1N83Cbinh63700403a343,32675,493353,3af8cb3b82e9fdb631f5fd3981b4f4fa2e2d7c3e4a3d72611c53688f7ae252ed
O18-72,EC1N83Cbinhd08ba56f9410,32894,496638,ff66edac7069c7c8f34564996e1eb68f0e27768d3dae5481ed49c21a071229b4
O18-73,EC1N83Cbinhcdecd0ed6332,32720,494028,6d94befd2556c071fbbf795c61bebd80fc04341a336dc7b4762c2940df89e5fa
O18-74,EC1N83Cbinhcddbac745dd6,32937,497282,b49cf813bc00ff7b867eaa6b38499fcccac771c68cf40b620e1e582a45a97276
O18-75,EC1N83Cbinhb391db0419d6,32717,493982,d432fe95c2e23b228d8d2f34b10a197f0eda7ce1c90f8d0c5cdfb38856738d18
O18-76,EC1N83Cbinha146613e46f9,32884,496488,6fedd768ebfca1ce13a9190f4dc6d6e3a062fe2a6fedeef2cd6ac5b2d9a40328
O18-77,EC1N83Cbinh5d211c65981d,32679,493413,b0bc990c9630f7161e9707d7ec914f04a351c2db3181a3045ac41d1d82a593be
O18-78,EC1N83Cbinhe5a02dc22aae,32872,496308,ad1bb0f1665ae6880e073fe7e3280cc54bd592f38a034038126225fab12afedd
O18-79,EC1N83Cbinhbc27cff3d0f0,32915,496953,0e486a78e5c4f90a3148cbc11689a6c8f2ad002fa92000eca3d47f6ab906d691
O18-80,EC1N83Cbinh370d2d798035,32671,493293,d1f42242c03d07f0ac1560d04cd764b4864e1a7224c893978d3842b019b3a357
O18-81,EC1N83Cbinhb64440c8262f,32704,493788,a9d58582b69b6555146ecce66f910c50b0d622a95ccb925e8d6801d07591be8e
O18-82,EC1N83Cbinh2f586ab29d3f,32791,495093,f14190aaa5462e4caa765184441ae557fc642ab17d1ae89dece6524d5251b0fa
O19-00,EC1N83Cbinh7d3427beaf19,32621,492543,c3e7ff6292125f55c8924bb229039164673406ebe1ea3cc8a56781111f096f7d
O19-01,EC1N83Cbinhb054bdffe857,32753,494523,e534473ad312bb02607f6294e86a55ade80fe38e7b826c27d0e5f551b0f1d523
O19-02,EC1N83Cbinhecdd2561af8c,32796,495168,a80b976a3bf34a2d60bf7eb6c025ff84072339dd778e717e4a94db5bfa1a21df
O19-03,EC1N83Cbinhb4ad1fec653b,32998,498198,4f39b2d7ae1adfa0004280dc2357b4a6b3fff427a55739b67185f8ca07b5b308
O19-04,EC1N83Cbinh727af0313ede,32706,493818,9ccbd04e48cd99a167daf64ecb3922c264e4cdcce600b9c29d711e462af6b5d1
O19-05,EC1N83Cbinh476f68f83d45,32759,494613,37321d3a34affcd40f519a98fed7ca1589a34788af3846d5a57651fed1ab9785
O19-06,EC1N83Cbinh57edf9fdce02,32785,495003,00ab0c1a645026766b795a9f9e76df89254d18858166d912456643e0dcd56371
O19-07,EC1N83Cbinh2eb9e5110b64,32841,495842,674a47bd9a4d9b3628dd5859e0d3b8ae38646e5b05fab8e0015df104a9d99332
O19-08,EC1N83Cbinh64a3a21ac562,32719,494012,b0c429d60c77f23d006509434a6e8c6e63ff2d432cf115d5eb11f8b6cc08afe4
O19-09,EC1N83Cbinh30a53a06b188,32866,496218,ad8f487b079c79863b7646f6f069bdeb94b43e923c28aa0bb0859ba93ca2c667
O19-10,EC1N83Cbinh5ca5b47b434e,32865,496203,8d67acc4bdee7d70927d5e5aeb31336e819e200616b10ecca3e9f1084b433f15
O19-11,EC1N83Cbinh86cf4b251b53,32817,495483,70dd86020cd667b1d805425c0311bd182d6904ed2c05f2f28ebccf77b967ffd0
O19-12,EC1N83Cbinh5b36f20de8ed,32805,495303,01dc9d823c23c69ef97ba0fc19b2297506ff91ce5ca12b8a4a0fe8b462c023f5
O19-13,EC1N83Cbinh90a194bdafd1,32884,496488,c8302f31dfed528c929a3cf2a86e7c95e4e78917f99ab3565f1e864d5328dc8f
O19-14,EC1N83Cbinh72b9b25d8440,32865,496203,f9f35c94d49d328296d2af5dbcb975ca0f6c4252da005274e27d3c2901c9ef57
O19-15,EC1N83Cbinhc8ed57f245f0,32977,497882,1af0c80d7a50d0d943c395f377d685c3eca5fb584222534e02d341df09cf2aed
O19-16,EC1N83Cbinhf4ab27ebfb8e,32967,497733,ad6e5755b199f64cecd3af8d7ab2497a633b0b1541a437d9c893bd1c9689f170
O19-17,EC1N83Cbinh5fb03145de4c,32637,492783,dbbdf42495070a76a4894319b4813aa53ca28de0c5a71cb484775374e5f7f9c3
O19-18,EC1N83Cbinh0fff1e3dc619,32922,497058,f7ecc2258ed13f7be28b49bc66ad460d434a53d6126df944be5c3baf0dff62db
O19-19,EC1N83Cbinh7e4f6a15d015,32834,495738,cf9972a7793a8e1e4ec1c1179df125bb0d657d3daf5a10deddacf9464940ac1b
O19-20,EC1N83Cbinh65a3a6bdc43b,32868,496248,5881b74fe2a2b36028428b3a89868508125d010bbe2f909825e8363027341a73
O19-21,EC1N83Cbinh1185b5e3791b,32728,494148,01142a60b4b7e0583f0c67ec7b1c1d88c4c33806aa3060a304a2e3b932471aa8
O19-22,EC1N83Cbinhad7a148b0928,32844,495888,0b1682acf5e91afcff0573466d4eee1d57a0018d64dbc6cced7994c6f89f05bf
O19-23,EC1N83Cbinh7e6315a1e06b,32850,495978,55b3c2a05db06dc5f4feaaf3ee886d5cd24c4f45451e1aa9eeb25cc24f359c60
O19-24,EC1N83Cbinhcfdfbc221336,32586,492018,9d48a6173ba2794f63d9b2035f89d4d59147adbecfce3ca62e27e0fe422d9807
O19-25,EC1N83Cbinha5e5bfa38acd,32971,497792,1db08d07280ab0c1668826e611aa3c6c754f02c6f19835bdb956a30906c7969b
O19-26,EC1N83Cbinhf730e5ec2b28,32686,493518,e10fdc87c5ee6c9e0ac3375515960425656591a1d74afd73d8833c3b8be30d70
O19-27,EC1N83Cbinh0be81dbfc2d6,32927,497133,7e24462e9b20096552fc786021dd0f33b09d44814f8605a2c641573ce59d5b8e
O19-28,EC1N83Cbinh01464ff948c0,32601,492243,742fff706383acd0af612cc6d74a63f97b4aa107593cd646be0e5bb2d35d0820
O19-29,EC1N83Cbinh834c95f93ec2,32666,493218,9811fa566fb942f78503ea6c503330d07e620a28a772c73c58456c978dc9b188
O19-30,EC1N83Cbinh3d96a74e751e,32826,495618,c5228081ae26f7d697bbbba91bffc4924496e32417e94f8be7b864e6871d34b1
O19-31,EC1N83Cbinh375f6135f227,32693,493623,3e4b37bc9ed3fb0759d845881892ed0ca360badf0469a3f47ccaccf9be3c23d8
O19-32,EC1N83Cbinh8c7cf3513ce7,32849,495963,a0e2a1abbb9b9369137b018f194e3b12d54014bd6dd45d2694f5668e894d26ee
O19-33,EC1N83Cbinh7488c77b3088,32646,492918,653c995cdeea03a81cb6bf165e147591a7f2be64e636b2d81e7446639ca51119
O19-34,EC1N83Cbinha17507e7aaac,32723,494073,73c0118bdd5d9efea08ddca0abbd044a30c9d8bf32e3ad4c8580802784a0615b
O19-35,EC1N83Cbinh9b3c39779b50,32733,494223,68eec26a9fd72a7ef352aa208d5112de6cd85a4be50ae6624952170767952345
O19-36,EC1N83Cbinhf4f1ff58d7f3,32904,496788,715dc4f77bac569af2a87eb58d073bcd6420f2a2f903c8b9bf431cc7869222f3
O19-37,EC1N83Cbinh480ae6e17dd4,32963,497673,91a56cdbd0b1038000320e4d956b000b8d452935af58e710b78a6d689faaccfe
O19-38,EC1N83Cbinh922b5a661b3b,32588,492048,24881fe52b77e71357373922caff2e4364c042f80ade495aaeeb2ab0a4863782
O19-39,EC1N83Cbinha42c65205a37,32868,496248,77a37397b1a29cc4bf2cd80e2c50423073f763bc201def9267bc4702abe28f7b
O19-40,EC1N83Cbinha84c17ac4fec,32841,495843,15f564728be6ef14fc09380094d5fa290b55a69eb3a5f9ea6419c0570baa15cd
O19-41,EC1N83Cbinh3bac4e7a6750,32970,497778,0574fcacbd984c52acb7c31cd653ff288b82b6f7895e8ec50c46bbb367397158
O19-42,EC1N83Cbinh8e4f2e6573bf,32708,493848,894f9dd107c85f416b0a16a384361afe0a14248957d30610a8b787efb608a6e6
O19-43,EC1N83Cbinh0ac85b691842,32776,494868,d2f062ae06ad9b2bf5559c3c886702b251b72dfdb7df92eaf24e2e5d4dd90de9
O19-44,EC1N83Cbinh7601cf4ef43a,32832,495708,71d3ffe6823f8b80db1f9fec15d844b891d74734777ce507b9c073b94b784f68
O19-45,EC1N83Cbinh5f8d31c4004f,32567,491733,ddb825c7020cecc8edd0562009c4a0538286800c260ed86fa0152cf2ea2dd0a5
O19-46,EC1N83Cbinhbcc0ce0c16e1,32776,494868,1e6c041a1c9dc1a2c1c1aa5b1522afa30cca9353a4bdd503ac718a8d298150f4
O19-47,EC1N83Cbinhfcfd633d6cdf,32733,494222,9757aee020d467fc351b312f4ebd3947ef6a9d2a3e2f1202817ab1938ec70d3c
O19-48,EC1N83Cbinha0afc62b901b,32728,494148,6bca99e077bf4055f29e98994c29191d0358aed84a3b6fb1730b15bb13997bb2
O19-49,EC1N83Cbinhad0538aed9c2,32833,495723,1b11769d7004b4cae21a0fdaf92088e583c455cfeeb86ab483d8d4803fe1760d
O19-50,EC1N83Cbinh16b5b2fc3f35,32795,495152,bff325277f90870a9be4dc7c7a2f0cdf1acb58fd950c61b7f72ecd59c507d35d
O19-51,EC1N83Cbinh0edb8357ae1b,32853,496023,979f35aaace42bfe3bb7ffdd3c6f58673656463537619ed3316dd6ab1e7e2751
O19-52,EC1N83Cbinhcd6740791898,33042,498858,9f4cdc038aeaa86d896c00cb3e716526857efb2764ae9e426ce7a41ad1dd09d7
O19-53,EC1N83Cbinhc2c433771138,32924,497088,b9b888f088456d9e32330e33fa08b9e6727495be3630b993bd8cd3b5d2e7d642
O19-54,EC1N83Cbinhf8f5cc3c5a65,32644,492887,d720b2833f674b8689840ed64382e551e6bcc29890e69d4b0981c8e327983a59
O19-55,EC1N83Cbinhe3b2dd475903,32694,493638,8316e9f613658ec151813ab77d384b08a2b3c782217f19b7b85f389b75571f70
O19-56,EC1N83Cbinh11e9fabf4c84,32683,493473,1211a6ce2c9507487ef942492bf1c17a803ca3c5eebb84ff409079013faacd2d
O19-57,EC1N83Cbinh1fa92887c7c8,32870,496278,39b8e934249961231bd5d847dbdccc2a9e28b3d4a343e80769da160a40824817
O19-58,EC1N83Cbinhf57307bc7091,32994,498138,c8ded9e300a7301467cde5adc613ecc1da85b5ba02ac6dd74fd7d855fe654b90
O19-59,EC1N83Cbinh2b9869737be1,32726,494118,878fbcfd4c64f30003dea8419d42b5e1a9d5d434596550d960f3238520549aa0
O19-60,EC1N83Cbinh5ce4f983c184,32776,494868,1b55f50110d6b57e05b03c49f7c637d303a77bf8c2829865200666508ccd8b4f
O19-61,EC1N83Cbinh49d72fde8c3c,32889,496563,80777853a4108767ef5a2aefc65c5c2fd4b7c56c9a1dfb3f6a01b80f1bab715d
O19-62,EC1N83Cbinh22fda1909509,32700,493728,0411295e445f458583850e09fcfe88906c93a3fd0e80f159f522fcfdf0ae665f
O19-63,EC1N83Cbinh624feb71347e,32766,494718,744c9720d16c9d129ecb16ce84b3519de5db8d26cec74878c2bfcea3b9b9d2a1
O19-64,EC1N83Cbinh2e8ac703da7c,32946,497418,c205027f031eb6bb77d1268b66113ad24af856963c05d5d533774e8b96dd67f3
O19-65,EC1N83Cbinh579420d9f546,32712,493908,60f169124bd3be108253821654752d4217738553217c9f4b71c720a0437ad582
O19-66,EC1N83Cbinheedc2a649e8c,32794,495138,002725767b2b7c1d87ad07a04387f8995e448b8f61763617e2b532d928d503b7
O19-67,EC1N83Cbinh524aa8163d8a,32731,494193,dc325f6082384cf6f298e4e65a0aa0a50c92a925dd75c41832c77e51398af27b
O19-68,EC1N83Cbinhcc12fc4ef54b,32950,497478,eaa5fe475cdcd98e7c844adccce94ccef8f7c10d428719e11a32c8a72633e478
O19-69,EC1N83Cbinhb2f19891fb81,32833,495723,a1bbdce7c02d7432f54b98fbcc86ab7337bb2fa4a8d1bfb85757888365530b65
O19-70,EC1N83Cbinh507573f4d3b0,32871,496293,d9e07b3682827cf4c5538e16eb93bc055c43fcf2a071ab78f9698f2c24a5bc1a
O19-71,EC1N83Cbinh7495ef3850cc,32927,497133,58d58dd773e06436166b26f161d8c0faecfe518485eb5e34558057fe52f4b7b6
O19-72,EC1N83Cbinh15a42dcdcd43,32671,493293,146e69f0fe82bba89b4fb00e670c403bc771fcb2c0048cbfe58d4cb40afee70b
O19-73,EC1N83Cbinhb87d867c0356,32837,495782,b2689e4abaf7a37ad7844f7e63d52953e6e7fe080e00a0739df03fe8dcb353ff
O19-74,EC1N83Cbinh58481d8f70ae,32699,493713,ccf10d7000a79639a18ed69f5a9c295bcd7203c7db9355eaca050e95829952d2
O19-75,EC1N83Cbinh24e228ed02fe,32781,494942,d7b33bdcc7e147249ae30f7776b9f1808c6bc6517d6b02c4e4b6cccce5dd0fe6
O19-76,EC1N83Cbinhb46d4e7a96c9,32608,492348,d78973f16972cf2370f0d6dacffff4eb4d244fd18bb0cdb44bd45e1a65cf2167
O19-77,EC1N83Cbinh53ef98228781,32684,493488,3f6d2bbc7dac63dc86bb9e73f047a9e7329acfef5776c52517f69457752ae712
O19-78,EC1N83Cbinh9d5e5f6c3891,32883,496473,129d38f44f7f95362d67fa70e23e9df8828f3229694ae9dd2464bf59870dfb3d
O19-79,EC1N83Cbinh321d871d3cfb,32670,493278,60d25fcee9592b32895dfcf5ff0e01b493f7cd57e0fd0390f94cbc75d48a32c6
O19-80,EC1N83Cbinhd4c7ffa5d6db,32946,497418,05c5f446992d1a4d476f8da42709dbf51f101d563564af2c7f1c7a3df7b580f5
O19-81,EC1N83Cbinh663fb388b886,32800,495228,f6cee698005c079dc55f8dedbdf6b9b3e84726a11540b957d76616f72014c3ca
O19-82,EC1N83Cbinhcd5d57bbc11b,32748,494448,3c64438e7d5b7763638b0d32a8f06f103fb3e61af6ee68b38d2a45ce08bd22b7
O20-00,EC1N83Cbinhd6b65514c1a7,32926,497118,fc5544797db50d7a2e5200d8186759ddb70ebe1aac41fec53871944f81b841fe
O20-01,EC1N83Cbinh678472068713,32956,497568,40091ba6ce892debd422c6b95d354ad41f51295226505661b5d35e568e9ac770
O20-02,EC1N83Cbinh53b87aba1bc6,32991,498093,8310d4c7680eea5bb72343880e37b3d28f6ee3592a3426cbca653cd74e37a8f8
O20-03,EC1N83Cbinh55c1b08fcdbe,32800,495228,5f772f47e8f53b0717ca0964edbb61d510e4e9aae37c7485c7ddc242cafd5025
O20-04,EC1N83Cbinh79ffa8f3b5c4,32879,496413,f9a71e7c16f5eb2b91d3f73de2c00df5dd23aa3528a28b193fbf5a483e3ca32e
O20-05,EC1N83Cbinha3a86fff22a7,32769,494763,1d9d034fc0f140c70954bfa1dd0c10e46cb5d1530ea3794324dbcfbb516e4009
O20-06,EC1N83Cbinh29f287c30a94,32782,494958,45d2e3c360fc6e3bf10570854f46011420e3c1f199149cce860cbd751721581a
O20-07,EC1N83Cbinh02b8f3c8a970,32536,491268,d677d4d0c812c7dafd75b636ac2b086f1bd0e306ca4d69f9b7f328aafdd43b86
O20-08,EC1N83Cbinh24fa4bb7a2d4,32774,494838,ace8576e9f98b94a7560d42d9dcc34ef1d462eeec32d471b8621030bba22d987
O20-09,EC1N83Cbinhad276ab3ae30,32766,494718,78ce28d2d959baea49a1a5b71726667fa748cf57c2cef597949a6608b0297f19
O20-10,EC1N83Cbinh40463e729392,32856,496068,f0d7032d88c7ee60ca4dbfce1a3390405861224c68ce8d167f9f5c28b775bb00
O20-11,EC1N83Cbinh055418866a52,32690,493578,db9f0332c73b42141cf988acd91088e67c9eda4cfa9ce71a8e538f211147813d
O20-12,EC1N83Cbinh3c45266f7f11,32903,496772,34612cbd0570fed2da55d0dfb0fde265f099a6e595868a21ff5334bc5dbbc93f
O20-13,EC1N83Cbinh192e153a29b1,32977,497883,6f2d8a1beafe971150be39338e44694d0f7ad957645cd9c38b7cab284ceef859
O20-14,EC1N83Cbinh8ab9278b022e,32883,496473,164c70f304f71f5df8dd254986552d2f426170add894f656c7fddedb9d98beb2
O20-15,EC1N83Cbinhf6e07ece3728,32747,494433,ad0984a151af95538f3eb63469f9a3c230337c2d7067b3ae57d7788a100b6e21
O20-16,EC1N83Cbinh692e1f03ed99,32543,491373,df906d163e3884d15b928eb7fc58d6128598a44cf13abcbf982a49f67d55b141
O20-17,EC1N83Cbinh561f011f59ba,32831,495693,2d56feca991a549cd602dc4b4ede955725d46943984a3c452673890fd3020570
O20-18,EC1N83Cbinhd38450e00194,32803,495273,7de1efab214160e62766d9e65f578c74df74df2964ff4bcc29b59acc927964d4
O20-19,EC1N83Cbinh89599eaa642a,32785,495003,9bc95b7111622505264bb740291a3e1a2174a6b1fa40b92f355f6e178f41a0bb
O20-20,EC1N83Cbinh66c9394687c7,32921,497043,11f24b96277a5be39de0cf5091b4d6393069e5c8d7e5f4afa98487bdeb1cd934
O20-21,EC1N83Cbinhe2d43bd8d30c,32812,495408,4a2574c7bfb18a8b1e988ccf50d822df18b3e4bbc0818f50afbec5797be3914b
O20-22,EC1N83Cbinhe5bcc2cfac64,32944,497388,32de30915eff2d74ea7c6da09e22c1df7061848896ef7fbc5e4fe964c2eaee80
O20-23,EC1N83Cbinh1437302f5bc0,32874,496338,311e75060ef1cda3f96893e7460bceff81176c9b566ef7d9fad36392a6b621e7
O20-24,EC1N83Cbinhefe137c39866,32804,495287,857cfa1bef64f04f0672cf4bfd1adc9bd1f1cda9ae081070f26703fca7506ace
O20-25,EC1N83Cbinhb274d2310e24,32935,497252,bf1ccf65bebb8a8eb76a20d7bb533611bc6d208cdd5484175be7a8c8bf7dee81
O20-26,EC1N83Cbinh9a5995e9b66a,32704,493787,d545854d179ddd2bf46f01b1072574a12d250b4ae5af9a5c23bd6486c37858db
O20-27,EC1N83Cbinh6673693bd66a,32949,497463,9551583afa52a9fe8009460171de0cc9da0da18a198743b2f86750cfbfe0936e
O20-28,EC1N83Cbinhf05d93722b8a,32930,497178,a1d1d6baf27bbe59b2834bf872d182e06d3e808d692e2a43f366706c8b751616
O20-29,EC1N83Cbinhda3e074ec3e6,33025,498603,ae0be5b248043868ffba599d64c0073f4fcc2a099c5c512b869c5d9ed2555395
O20-30,EC1N83Cbinhb411d4c9e516,32673,493323,bc4fd77e186525a50b628afe2d6151318624d86bb2faa4c5d6de0d721f224ba7
O20-31,EC1N83Cbinh29a7115e2c8c,32944,497388,e3fb2766505bbcd7f38bb4f152cac4c2b5d1a4135c3dbc536db7a9ef873420ab
O20-32,EC1N83Cbinh74a8d5d59e24,32742,494358,87e62327572ebfdad97f009c0d2dc5d5a68fb22b776ff0517925cb6493f614d9
O20-33,EC1N83Cbinhde0aa57fd70b,32775,494853,4e6793c63c8cfbf0a022301fb0452b6cbe248374f3a9b4e5c6c7444947eadf04
O20-34,EC1N83Cbinhb08acb45853a,32926,497118,447f06b9c17bb8ccd954909193cfe04ba1e3f458b91e4b3046f393f091571dfc
O20-35,EC1N83Cbinhb6106e7936fc,32771,494793,155cae2866dea6717f2f81d663e3930bb5eca7d03b6489dbb9786141f14f723a
O20-36,EC1N83Cbinh7c38ad688d56,32834,495738,e6409fbe65cb4e7225edca60c53158445840cbc01c8e1ab45d2aa192b9609a58
O20-37,EC1N83Cbinh70e04b8b8a7b,32763,494672,ed13ceefeacffd320babea9c490c95c4ca0b417a4f1cafc1cd03e71d2f334b14
O20-38,EC1N83Cbinhd9768c83f06e,32804,495288,9bdbf71160069693c954c8f98ddbbea719290310ba1427ef7539a3ebc6443189
O20-39,EC1N83Cbinhcaabb8c6f9e5,32681,493443,8fc29685d6c717baee52a9c6d12faa209f519c5d0ac7e11beed3fc5de144dd23
O20-40,EC1N83Cbinh7eb6386ad00c,32829,495662,2b57dff0128ddd98ef4fbaf9dbf000c3a1b4a040a6f35f43691362ad391e68ef
O20-41,EC1N83Cbinh3aa406fc2e04,32733,494223,aebeea106017940c8add12a8be90a03be5c37b7a59577b00bfbfcb800e0517c7
O20-42,EC1N83Cbinh179400e2c810,32887,496532,66ad8b5c6a373ced9fbf328b87d91b623e4e6a509b0ff46092db77de58da7759
O20-43,EC1N83Cbinh2791cf687053,32824,495587,9c307a905171ffc94d11afecdbc89a5f46bfec82e42a26098bb0bd276a85b2e0
O20-44,EC1N83Cbinh614c2f1e59a5,32781,494943,c2bc6ea466156731bbb7939e656d9f3e15908065acebca137ae2e6aff7a0b60b
O20-45,EC1N83Cbinhe693278b5ad3,32747,494432,9cb92e0788148f5c1792453b9fb234cd9f138b4813c6d0d507c9341226465d2c
O20-46,EC1N83Cbinhc2a6b63e8a00,32504,490787,5e3ddd7e4e11e09a92881024ba24b8336294b510ca2cfc9a05ece88c0e2c8ba9
O20-47,EC1N83Cbinh24c26cc5d583,32746,494418,7a28fe41bfcd5c9a7c554409cb8947f826a2f063c132f436c6676733046f67b7
O20-48,EC1N83Cbinh76c6e427b7f3,32723,494073,d5c247a4c48ed23583a9f5ca801c7c43ea01e41a8008ff92ddf7555535c775ca
O20-49,EC1N83Cbinha6781e8a414a,32816,495468,5cf5edbe22cb09ebfd041da1b28b5b54d9264df7908b954238c9f9d7de9761fe
O20-50,EC1N83Cbinh70e82103c5c1,32827,495633,42966660fb270a31fad886da981225fb682b8e673d59ad89033963b847abe066
O20-51,EC1N83Cbinh82a4e6aba48d,32649,492963,a6f8c037812f093b20c336a6b798604513929e7061ce4a0ed1cc1262739527bd
O20-52,EC1N83Cbinh429aee48f137,32736,494268,7c4af0e20857f7646060566e7b4c19de60c7c8ce200435d3373e8ac717aad677
O20-53,EC1N83Cbinh9fe30eda795b,32814,495438,0e51901aa3661754e744666d7625500501dcefb4563824b38ed0cf67d90964e2
O20-54,EC1N83Cbinh1db0d78ce4d6,32751,494493,7f1e7f01243400f014a95702db2249b4392a8741d45efcda5c0822a1d526d5e5
O20-55,EC1N83Cbinh47a14bd879cb,32761,494643,03bff85ddf15726515c171d824ef7cc2dcbc75ccaa03d64a01713c40364c83d9
O20-56,EC1N83Cbinhbae21f3277e1,32756,494568,de745c47b0c680d4df98f3fb79361d72da31c5ff14d77afbd873450c0384be7e
O20-57,EC1N83Cbinh77b913a00cbe,32693,493623,4632f5972b89f6a4dffc906b3b540e3c0ecc20f4230c4f1b4a8f9d093b420870
O20-58,EC1N83Cbinh95573bb454a6,32577,491883,9681ee71ee638f4e6f88132f0e82ca3f8b46ae43618edf8ff65b493021193823
O20-59,EC1N83Cbinh2a41180d9840,32767,494733,79fbdbaf0086da84e6828bfbe23fd9433389a46508f7ce1c5e1f04bfc3b70ae8
O20-60,EC1N83Cbinhe71c34f82ff6,33055,499053,04d65db20e2a5d1cd6a2b25a5820a7418f867110c523dd6d202f1756228c14e1
O20-61,EC1N83Cbinh6938ee7e608e,32812,495408,8416fcd195ff12bcbb6f13a460ded3bd92654d82f58eff7461c47cb1ae3d3b27
O20-62,EC1N83Cbinh267797ae0d36,32977,497883,722edc97a258aa6879f795a30c8acbd468c281e41fb0347ad1ea4c73eb5f8bc5
O20-63,EC1N83Cbinh7fbb810eef07,32672,493308,5aca2d14dd53544b101ba95fc868e88dee028ab6ee35a35c13dde6b6d8725bb7
O20-64,EC1N83Cbinhac869ad1fb38,32616,492468,314bb3fb929058b547abcc108c39f5295495200caeb6ef354128a12039a39928
O20-65,EC1N83Cbinh4e746d69da94,32971,497793,a33df140ef794f95c4cbf68a243e31aac4ed97f97fe6bc0c3cbcf26b98323d43
O20-66,EC1N83Cbinh3dd89caefa30,32867,496233,2595844d837daace999e3a85d9ae05503dbc83d7073a656efc087656c73a62e1
O20-67,EC1N83Cbinh36c0a3e7aa67,32714,493938,4be1e3ceaaf16c79f11c40df5702fc1523b2cee579fecc2fa55c7f4fdf265f08
O20-68,EC1N83Cbinhf167e50cebc1,32863,496173,9b6018003ef9744022f4fca84e61c8d4a12ea7b62bc3c42ade58c7f027c415dd
O20-69,EC1N83Cbinhd54f950c118c,32773,494823,aaa2920b0e90c6b98d4aeaf72de13b93ba3df61de0514204b0467ce8d0a18074
O20-70,EC1N83Cbinhf6bcb9dba0c7,32774,494838,923202baee06a574aa2aaa61000a59dcf14b991d2a9f85a7a1dc4f0392b57305
O20-71,EC1N83Cbinhbf5bd8d7da3a,32708,493848,aea386ada49e8f869cfb97c24eac8908df2f158edda3ac9aef4910a20745a12b
O20-72,EC1N83Cbinh47568fcb2182,32865,496203,16760e10dfd1835ddcf1fdd6128f8e2495877db578619fe4a9dddad60cd6881d
O20-73,EC1N83Cbinhe0ecfeb4465b,32580,491928,0e472803288b511e79919ecd5a04dd5b37c3ae0f4a56c23b62da61ee21c456e3
O20-74,EC1N83Cbinh58269819a79d,32850,495978,a714b3947f04c83151193c8c43c48cfb1a794c84b04cd0cb7598ceab2dcd45b6
O20-75,EC1N83Cbinhe058126293c8,33032,498708,b4d68b30f8a050b7b54a4cb0d8445ce35e7d3802c346634bf0cacf5557c836f0
O20-76,EC1N83Cbinh58043d891704,32731,494193,b29db8de44883d221b2d90605ef652392f09e30a3ddaf441138f10f69136f3be
O20-77,EC1N83Cbinh0c7d0310c3e5,32950,497478,f3bd49cabd11bd70171289288278f2a937c51052c26c1f2b53ab83ba0ad43770
O20-78,EC1N83Cbinh4666bbcb0cc7,32783,494973,aa6c0872095fabc25fb5070137d515d24f8b0293b68dd8fb697d925a5a244344
O20-79,EC1N83Cbinh3b0e9c5c5e85,32990,498078,57b2b2b6d35fbc1ef1ffc1d0513af820815747136e986a7112d8f3dacc3f059e
O20-80,EC1N83Cbinhb750ad18511c,32899,496713,58895885b9e043ee5ae70d5d1fe8270ced0ac39275e9f081f3452e7ebcca2951
O20-81,EC1N83Cbinh093c337eed34,32717,493983,72bce208f60e2bee07d6783c0f988bbae60366cfc86e4e1ed7f3d490e5fc0025
O20-82,EC1N83Cbinhf2e2a6e5797e,32652,493008,1f4837e5d40a706b5961ed5506581d00a91101082cc3b60ebb3c95ef295a32ae
O21-00,EC1N83Cbinhf9800a98a1d7,32908,496847,c3e82facb0fe0992e66d70df553cfcef60ef5e4c947265bcb233f79344f32054
O21-01,EC1N83Cbinhb67273da72dd,32987,498033,c81ae11825abde361a9cfa6534019d5197682f0d3897d0ad75aea2e16e080375
O21-02,EC1N83Cbinh0cb2c8cce815,32774,494838,446023798b0dcafd2b419f3cf0647947a17e1a579198e7cf2af3aef232367b1c
O21-03,EC1N83Cbinhad3a07f29556,33022,498558,95a4e5177d556ee9f5d53f11c1cc491c71f1649799ded8ff2156109573f7b70b
O21-04,EC1N83Cbinh954a62024b56,32728,494148,65d6fae158c98c624075c5a978971bf8b6e1bd15be0e79685ff57715bf9c7d56
O21-05,EC1N83Cbinh09716e07a23d,32901,496743,9fffbf2474b8ffc3517b78c7ce1dc49de18b49aafeae5ad90ecf9a345a33e27b
O21-06,EC1N83Cbinh99071ebc9984,32709,493862,7cecab332f1009c20860054e82b5cc3acf86fb577debd4bee54ad6df713535ad
O21-07,EC1N83Cbinh2441c039a846,32515,490953,05d3a8b8382794161ea94335014d19ef7124ab5df0ee2aab8df7477bb6c4adf7
O21-08,EC1N83Cbinh689481ad05c6,32672,493308,2789450b58d5ca20903af29f78095ee1f369346cde62f58661680c4441f4c977
O21-09,EC1N83Cbinh78a75f66ebfc,32919,497013,1dc8675346bcb9b17c378933d45a9beefec82b086634672cba5921c57f50f8dd
O21-10,EC1N83Cbinh255d29ffb89a,32748,494448,653f2495267a1928871f8d1cf42883280a9711adafb3aacf702d50f0dbaf6b0e
O21-11,EC1N83Cbinh121a02c79ecb,32822,495558,307979acfe2266c090c1b8688aecc6ad2e9dc8bc349011775d1fce4a7c5324c4
O21-12,EC1N83Cbinh8a7d0396c686,32761,494643,295351579ba91b1be2c44da5179f2228c8e3ddfc6798f16928db820c2eb7e445
O21-13,EC1N83Cbinh37e3b6636c3c,32824,495588,e80b5c9e85de74af8791344d7423014b6a102622596688a857234065a4dd94ec
O21-14,EC1N83Cbinh5c844dc7de64,32687,493533,ca60c0aba2eaad158a6cd04433de60a08184c476aeebcfbe738c96d735fe3594
O21-15,EC1N83Cbinh4ed7a5982e1b,32640,492828,966f3401f824c45664841034fc1a4b750171be72686513d6ec2447aaa5114742
O21-16,EC1N83Cbinh6c29a05d4f16,32777,494883,451663b0c91a88618c88dba97c723c8aa8b79ffb3b6d91443a9e274cc6a3c875
O21-17,EC1N83Cbinhf932d30f6e2b,32681,493442,b06a0221d50abbe3901a69c7c72a638d1d3b879841bbbb2b3474bfeda767c546
O21-18,EC1N83Cbinhe698bf32efaf,32627,492633,e8209df40838de2c7b33273eef3d6ef037286d17bb3fac6613ca3de2fbe72c8d
O21-19,EC1N83Cbinh2bc1c54665a9,32794,495138,96e825f71d211885af79c090fc9abb8a6f432cba997f494d34b5560eaa424f18
O21-20,EC1N83Cbinhcd8253726e5c,32896,496668,797a1d4acde5d6c1783d6d3adb5d3f9d8b8142c5e5ab31b04b597ebefabf4dba
O21-21,EC1N83Cbinhe904cc0f3ab5,32687,493533,f75f8f169171ad54556c5c13354cb2b33856262184873474a613b6e0253c98bf
O21-22,EC1N83Cbinhdbf96a581dd2,32715,493953,2ad668f91c32a6992dc2b7cfcc3a8317df41d470916486b6ccf976be20674d49
O21-23,EC1N83Cbinhdf6ac3cf86ce,32862,496157,86bc2bb2259ad968cdf86f3b4eaf7f95e8c6c3be05683191b2ce9fa7e9247681
O21-24,EC1N83Cbinh243032a35f2d,32583,491971,885c870ddf4cfd79b24ebecae8c20df82c47f46807ed6cec2785cc259255c75f
O21-25,EC1N83Cbinhdc3c4d7de2c8,32819,495510,06a694b570572ba468694a1e58b4d356df054055d15c69c12d8115fc97406b7c
O21-26,EC1N83Cbinhade23282fb56,32580,491928,ff4315e56011c5447f3540ad3a8a3800e80995e8c5a2afcce0771fe9e9a5fc56
O21-27,EC1N83Cbinhbaeb59bc603f,32856,496068,62b2574ff2ef43b7142c422cc2d03a1f58cd7ea39297461f086e0116c899e34f
O21-28,EC1N83Cbinhfb5544d7dab2,32813,495423,e813937c592fa739bfb3d0e54fd634e64d96dae737290f816489e049c9ef287f
O21-29,EC1N83Cbinh46d091a15776,32843,495873,5a0d524ef774c72faee81641ae5952cd319d3834e0f44c66edece62d28f70c39
O21-30,EC1N83Cbinh2554c4a09bf3,32932,497208,7e782523956f2826d6d881c355988b9e35ba24e2a930647f8f92f354bb81ea79
O21-31,EC1N83Cbinhf60bc855a344,33088,499548,ec372881201bc9273587c743f75d73510f370db7cc87ba083bd762d7b6531a74
O21-32,EC1N83Cbinhcb1a8a0607bb,32809,495363,3ed1fa30d76cd90283a6471fe289039d70b96caf518140b0f820165f6adc0461
O21-33,EC1N83Cbinh4aff527c7a2a,32798,495198,cbda15df6c4ba1392af2303cdd4277695ff6f016948427bdb7d5408d7ce22fdb
O21-34,EC1N83Cbinh994d7c69d654,32717,493983,85e88a867f80c7d732563653d77a223494ed0197f015183d5c893e92d3fead77
O21-35,EC1N83Cbinh4002e51b4f96,32790,495077,cf805392a7d60c957c8babb0d007dac77ef249d7d58d4d477f59e4ad4d56a773
O21-36,EC1N83Cbinh54b29688e000,32802,495258,a1912acac678c08f91beceb2268ca308a0a2cd243936c796fe2403ea864ae60e
O21-37,EC1N83Cbinh793d44c53bed,32638,492797,ff0ec445e4593f8a46302c7bbd9ac0f671c146bc93f8879d05ab26bacbcd0d9f
O21-38,EC1N83Cbinhc689be828167,32926,497118,8cc2aa6549ef05427de4bd251301e36032ebe9e67cd5eb101b22442ba6240a87
O21-39,EC1N83Cbinhb336008308c7,32679,493413,704c1e9cea7c7268e05004da6be64076b38370007d2fba7faff0eb8a5ecaa807
O21-40,EC1N83Cbinh32d676eb7232,32864,496187,944cda8917a247473035b6915f5475887d9828e7f5d19b9311b2c8d235e6249d
O21-41,EC1N83Cbinh9f4e23bf198d,32887,496533,fa168a044fdea493db1073ed6037122492397c1657a24ab8e632673e17c0b325
O21-42,EC1N83Cbinhbefd5ac52bb5,32711,493893,08657b857017f357bcb0603295937148f8104893cba4eefd46decd2fcf3f5daa
O21-43,EC1N83Cbinh495eaeb3291c,32945,497403,d8aacd97ba9af32228b14f012f022cd3f0c289de9e8a1d8f43f49b702ccc353a
O21-44,EC1N83Cbinh8a0d1b771047,32694,493638,47454afdf6f3b08d69febb35b7232deeefb998a680d39f7d366d380bf2e9b136
O21-45,EC1N83Cbinheed0e36b77fd,32973,497822,b6a2758cec24f4fa1cfe5306da4b8e88c0dad3fdc8df4fd6393bf1db84e124c0
O21-46,EC1N83Cbinhbc02c51079ad,32738,494298,0ff7a10800df2e8794086ac77a0100f4289cb079e59dd6e6b6c35d3d5dc8798d
O21-47,EC1N83Cbinh76087e4d405c,32759,494613,924e7cbd54e0047aa6bbbca1229cc8d8a9eb91d2821031afaaf3b8175d604ebf
O21-48,EC1N83Cbinh1d6c26094d47,32743,494373,e3e535f808c073ee3068f83bf5536bd5c5be1fa084acd47f61a4954253503829
O21-49,EC1N83Cbinh991958c36d5c,32754,494538,e19e1f71608e13eb47d121c1af0a3b775a302954f5207b76ed70d70abe71d4f7
O21-50,EC1N83Cbinh5839839436ad,32892,496608,b86f703139dd9a330e89590e8113f737a0f210aa549e4b2fcea593d11d53de45
O21-51,EC1N83Cbinha262cfa111e0,32570,491777,ab98ebce69351ae1caa336374c1e8340f96d1e4c99edd8aa45fbb07f04a8e571
O21-52,EC1N83Cbinh1b731ab074ee,32756,494568,6797cf4cdb6dfc37eb8b9c56759200c768d1a94f3f4bc15c21664cfdfa44d3bf
O21-53,EC1N83Cbinh03e324ff31cc,32849,495963,e948eb066c2bd6f129dca7fe407629804b998af43406ba79b31c668a4974fb90
O21-54,EC1N83Cbinhfd66eaab62de,32854,496038,2febb030e10b1e9adfca1d9f48fb85d8336218147d77dace00982192165f9b2e
O21-55,EC1N83Cbinhf6dfd80a82f2,32819,495512,6f1534e0c73567e0b2c1f26dd7297767aa9ce28c162c6acd646a8b899a603394
O21-56,EC1N83Cbinha47ec01af545,32764,494688,ae263489d81544b5418d13f7729f9654f78e64e8db680b869e169485dc3977da
O21-57,EC1N83Cbinhfc13968c95e6,32892,496608,26027d4b8c1ef4f0c6df1f4bc61426cb87040e6e8b915754e21a883ca4917bee
O21-58,EC1N83Cbinha912e5317582,32879,496413,666b86f6cf2817b629abdf561303ec522fdb5d3c2a91cf528c73888f54d86302
O21-59,EC1N83Cbinhb717cb7375ca,32800,495228,068d0d205fa5a76a2b4022197043ba94ebf6d435b70933d4628895dc3eca66de
O21-60,EC1N83Cbinhe79abb52a0a7,32692,493608,2ae00b191f3ee8b11b7bd3473f16f00afed6cd3427f10d349c32799c80f15161
O21-61,EC1N83Cbinh592d530af8eb,32955,497553,1b26ddeaca47a45b8f8f639c4c90cd10d5021cfdc9a8717d95f7a511e9658523
O21-62,EC1N83Cbinhd0e708b22ae8,32743,494372,3527a91165aea8cd977af0f69a51d29c064ae8e3e5466a6b1ad78379f6d7649e
O21-63,EC1N83Cbinh53eb745d5c5d,32844,495888,93bc6ef6a6ad6afc4c38e4e2a24882b7584d6b4dd6e83c49e5cd9df89333eed1
O21-64,EC1N83Cbinha90c0044b93a,32617,492483,ae02500fc94aa343b917e56b94f60f511f1b1c9e998f9d5016a88ec2350c077d
O21-65,EC1N83Cbinh120731a2d2c1,32580,491928,6328c63bd901bd77886de55e53188aff5c37ba08d513417ad27ae1a0731efbbd
O21-66,EC1N83Cbinh08d81aed6875,32816,495468,7800cce3c09f244e65df3031972ca34c6c5ea2f10b052252f012dbc2be4c5283
O21-67,EC1N83Cbinh03cdeb354ecb,32786,495018,309932c31bc6100f806b67e4fddd78049aa4f58b9e98b1ed7ff6c246fa409a3f
O21-68,EC1N83Cbinhe7356b324ea8,32783,494973,4c53013f1185892b99da641b7ce8e50b36b5e15b08c3987976492589546a8b9d
O21-69,EC1N83Cbinhd1245aa35ba5,32684,493488,ce95ae8f5ad0f4d1a9e964df36addaf2115d66873d8fabfce72fc9a8e91f4fce
O21-70,EC1N83Cbinh9486a6f1f337,32638,492798,751face4c238d8a0c37a5752504d768d1f43b0600ed46cce54ae150dcaf1d8a0
O21-71,EC1N83Cbinh7eb90c888b04,32930,497178,2ad56b8d260862af395cbe9ff2eef0885b45ae83f4c8d8add84096b2dc6e242d
O21-72,EC1N83Cbinhb403e8ef1cbd,32922,497058,06eeae10e4ab41f40ab12d8ad80eaea4ec2a1c8f14a58466a610c7bdd2b196d2
O21-73,EC1N83Cbinhed439adca518,32644,492888,aeb02dcf917807ad3245de69c97d4c5dcf2960c9ac7bdb0e90c1cdb21949881a
O21-74,EC1N83Cbinh8542e325a3cd,32739,494313,309a8c746262e8bc70657cafc8c32d67119ff6805410a8571df1f415950efac9
O21-75,EC1N83Cbinh687c35331a51,32649,492963,39275ff44dd734710f3198b71309a4970e0f315d422d279dd50fe4109481f092
O21-76,EC1N83Cbinhce1191438bb4,32805,495303,5d29cc50c499dffb1b61a2128b1a76eff4d19c29c1f86effb0a483a0f34109cc
O21-77,EC1N83Cbinh5b82cf098550,32864,496188,1b5e7160c3e36d012e4f50d666d66977cf6a3ee25159d5249582d0f7ab6ffbdf
O21-78,EC1N83Cbinh1bbcb56f976a,32805,495303,2c5877ed0b2f15bb0c097ad7d31df3c8a81016bf821cdf699e41c4a847889405
O21-79,EC1N83Cbinh6ccb4cd26d98,32765,494703,d42944ce4e3e0700dd28b7b3a20b92ff2ff555e311ceaf63799227e64f961670
O21-80,EC1N83Cbinh3da3f9e26a98,33005,498303,a2bc696ef70183d09291ebecb5ede81ef3dd40be62af100dd97d237de8fa6c66
O21-81,EC1N83Cbinh0ed8d81f38f3,32705,493803,7959359a92084ebae9342feb5f1db54f2c02b73cfada57368a369a386a820c4d
O21-82,EC1N83Cbinh6f71bbed9a63,32889,496563,aedbb48bcb8e17d00955cd83e3353d46ebe50e6821a47524667a92f7eeb34312
O22-00,EC1N83Cbinh57315c50e42a,32755,494553,dc46308ef69ec2b4b31d4ad52a9b7139edc8aceb194c65e942d8a92389f65953
O22-01,EC1N83Cbinhddf1dd02508d,32466,490218,75fc983cecdb356711581ec6881fd5e77c0cc1c7c4ba614b4ba78fb104565ada
O22-02,EC1N83Cbinh566b9af89449,32837,495783,4750073c67e90da53f5154c0cfce9fdad63404831a28ab4e9b0ee4c0041930c9
O22-03,EC1N83Cbinhda036ee744ed,32845,495903,1902ff6eb09b63226f2b2a928e5b40ad58c12f8b582e16da4c3b59ddb123e12c
O22-04,EC1N83Cbinh34cf347d42a1,32788,495048,317477b6c55e745c66492e48e40ce77d93fa990d4a492401b68969089e62f4e2
O22-05,EC1N83Cbinh4995a481a633,33175,500853,764bed194d0548bfa3d1a8d63d5d608985ae49ffa96b0b27b7f762dff0f4fe3c
O22-06,EC1N83Cbinh7dcb49e8e514,32845,495903,fc0ab267c2ef1161492b9aa138f1fe69e8f19b921ee19f488b7c5c21012395a0
O22-07,EC1N83Cbinh5bee8472c674,32963,497673,0651951bd6d03d3f7eccb618f80514907396a9f40487eecd5f87f2714f1bd7ed
O22-08,EC1N83Cbinhb91b4be68c13,32811,495393,e2e9c5b11e7461b67903d2875c3330c22ce5ff38d7a27c6a1fbda81d7f9dabdd
O22-09,EC1N83Cbinh57c8ed14bcba,32831,495693,5ac039129e9dbab302f35fc0e033d47d8afbe0f53ad4687cadd1477bc024a084
O22-10,EC1N83Cbinhd4f4da033aa9,32902,496758,538d29021e614e6f22b9260cae15517b34d715193056bbe5732b961d531e6b26
O22-11,EC1N83Cbinhf3619430bd62,33115,499953,9e4cfa3d58d658c1230e262dc4cf57bdaefc6d91c52ba0eba8af97e128dd9135
O22-12,EC1N83Cbinh515920d60870,32736,494267,7dd0021782f58a195bd9994b4ccff9b2847a410e2c2ca474095886d658982638
O22-13,EC1N83Cbinhea41bc44b01b,32917,496983,68d655ab05c81a18267fda504a439d64de9aa09cbf7b046a103588f388d082d6
O22-14,EC1N83Cbinhde5ddd733650,32627,492633,b0a03a34842810016c287625be832e5654c3457c0dddc3b2724a41a96181e899
O22-15,EC1N83Cbinh343970f26872,32732,494208,cba758f72ba61eb015afaf0d8494e900c4d28ed0365be2a59134f27c1a522fdd
O22-16,EC1N83Cbinh6dd434240c8f,32881,496443,8ac2b78b150041161d5dd7131cc54364261cb164073c19f43f4724ef41743c05
O22-17,EC1N83Cbinh8b4f79cb754a,32966,497718,752ea4b670664b89ebe4a1d3f81948ba08f2bba155b7d0f50f15446441ae983a
O22-18,EC1N83Cbinh8b6fd5d9435d,32686,493518,e0367f622301856c026c04eea47661fb3766e517dd8dc8d655299d2721309d0b
O22-19,EC1N83Cbinh6afa2ccd6cb5,32758,494598,ad1507bb59b938d46b37254aa30ee83acbb25a2c5c4c04a42c681ae2763f1bad
O22-20,EC1N83Cbinh1994f961d17f,32492,490607,baf414ab578c4614115508268923fe05393d7b24191543e73629c844aebbc83c
O22-21,EC1N83Cbinhe269b9026960,32606,492318,737c7d9ac57c850e1d571b4923ae1a7f7167f89296d42e1442105afc2d06d1e1
O22-22,EC1N83Cbinhfc6436ee24ad,32681,493443,2454f7196b4139ea3ee0af9ebc270a05dcb092c2bf8847de720320fc84b262f6
O22-23,EC1N83Cbinh1241dea25476,32755,494553,18c58b69211221106c606cecdfd459ecf13cbd8aed9ddb9df5ea3ae8b5b12bf6
O22-24,EC1N83Cbinh69cdb9a03855,32804,495288,6c7dfa9414b27bb87f8ad7f548ed7ba971618546ce6ffcc05a1b430c3aff6c2a
O22-25,EC1N83Cbinhaba431c4f1dd,32717,493983,420a69fa59a42aec22208fc21f1c30d8cd8c5f3bb91ee4e0df5d308f24f7de62
O22-26,EC1N83Cbinhc32349508249,32766,494718,5c64bcf0f34b976712b4b3e03a1165c5280fdb258b25578af805012b1a8d9691
O22-27,EC1N83Cbinh8a983b6dfebb,32850,495978,1056b374a89fbb698a865ba49c842461584c560ed7b4824158cb20d86e0cab76
O22-28,EC1N83Cbinh65bea88bfb15,32849,495963,23e97a089e7dc28fa65235247c23895f4150510bc36b927716546991c8df65e3
O22-29,EC1N83Cbinh82d7564e9f8b,32703,493773,654c7c7eec729c9fc2a75070757da02e9d32fc408a4816cd5feb74abf1601990
O22-30,EC1N83Cbinh4ad580c39110,32831,495693,7167afb1d35f285f7c2f3890e337fca02d3e1cc16dfae123c8dc00b4331326aa
O22-31,EC1N83Cbinh49d8793ab55b,32753,494523,c4a152928d8ac14a217202c59b03988f8a80ed70131732bf21df49d2adf98eac
O22-32,EC1N83Cbinh427a798a28a6,32668,493248,fc56035dab6b8fb23cdd2c5aa747aada5dbeb393e99a559e3302819a909cb0d2
O22-33,EC1N83Cbinh9a04b5a5cbdd,32678,493398,722d5ce0fef0233ade092edeedea136bc6c9a6ab7dd6aeda4df05964a10bcf64
O22-34,EC1N83Cbinhdc7792474843,32565,491703,d4258404fab96be3c7714cef4cea81f9ad245fdd1b0dfdecb2d3fb1ddcb5ce24
O22-35,EC1N83Cbinh500a7d7bd42f,32888,496548,11f9b694a4c65b3473840d6de7afbce6c812258342b8d3b01eee43519b35c741
O22-36,EC1N83Cbinh2a41dfeeea07,32872,496308,c038c82d7eb2fc49ac48e4b39ee3a9b8e6d9cd48c4678073db77cc90604e4cb0
O22-37,EC1N83Cbinh30e035cc04b6,32769,494763,3f89a7d77051585b8132e11e65c6c9b775bb22b6b9e8349e328c7ca9d69adcc4
O22-38,EC1N83Cbinh39d8273fcbd8,32937,497283,35ab1301e46920fba490e3945d5a7b74725986db7fb7686bf47fc6c3b9dd19d6
O22-39,EC1N83Cbinhac3a76b308ba,32821,495543,b00f37fafca3a17ff9938fd07499c9854ab43c25bfce704c9aea8902522abaa3
O22-40,EC1N83Cbinh197982734c9d,32845,495903,46eddd33fd932fa6261f42dadebfcaa5aa75e9ec40b60fbffece9e075365637b
O22-41,EC1N83Cbinh583b96580f0b,32851,495993,139d9d4c42333bfdffee063e47653a5d99278933b5ce2e3dc674506f0d4761e8
O22-42,EC1N83Cbinh0c3eaf9b52d6,32565,491703,b2c08ffb45ff05086999ca9128b5d754d423a2e168eec019f49a315470ca17d2
O22-43,EC1N83Cbinh52b281285bef,32986,498018,6c86e005ff1f33bdeb1ace21342bd7494e807a4eca10119ba78f91fc9088f8d7
O22-44,EC1N83Cbinh685867a4b8a6,32684,493488,705646feefb6f3d242c4d9f82d74de84256fff808c8c7cb0b31852bef4e0c216
O22-45,EC1N83Cbinh47dd9843560b,32845,495903,1607c10b80b68c35740bc8b1ca9f1de8a978339585da63497940c7c6ab028f32
O22-46,EC1N83Cbinh3c5840abeea4,32594,492138,e0474020284b64f1789b5b434338c5bbae548b50088ab6f28e75bfc958ba0fe7
O22-47,EC1N83Cbinh1a4183341103,32590,492078,cb1a9d66a40d2e3593c8c80d6f8a472b5dd5a7ef35bf3460a391da3e4ce561f3
O22-48,EC1N83Cbinhda5e14d7b182,32848,495948,ee72e566ca14fa71ffabf04991653a906d2afa1fa4c64a64aaacabc80e781355
O22-49,EC1N83Cbinhb8e7b29efa29,32605,492303,08e0b2f2b8a2d47d376c85d17d80bf53a8a89af22bb7eb7d835afb8ecb3abb7e
O22-50,EC1N83Cbinh0bca93dbc188,32787,495033,9ce3865d2a7af07ab167b173cd54fa21548662f3d5d670902be7ed9138e36973
O22-51,EC1N83Cbinh076b4e744fe4,32741,494343,70471cb7e7d30e18898023fc8d8e3464162a55b6157d4ab3e4e4fa321462511e
O22-52,EC1N83Cbinheb3945cf277f,32694,493638,c92f4e62515a3dad2c9490a7fc394d6134ad72b1481ce03d3b04ac0c094da84d
O22-53,EC1N83Cbinhcdd573648f40,32502,490758,13eb430aa0965a870ab7f7b7fe717821c86fa725451ba1479e7f38bbd5eb4e97
O22-54,EC1N83Cbinh62419446f073,32859,496113,f7a1e9232d8febe33ee6957e51f2a20c7aebe98733b3648ca6a0724f63a13eab
O22-55,EC1N83Cbinh062cf72123ff,33125,500103,193b46963a23ca542c4844e43caaf3a706c703a75872b97e145ee088435fcfc5
O22-56,EC1N83Cbinh2ecbbb1a73bc,32720,494028,2af80bf0cbf6b5088f23099891a6ec35d2b7445069f46c3a14553fbaa1c64afa
O22-57,EC1N83Cbinhd802f1d73ad5,32990,498078,5fd95553c2fba42a102fb805a7a895da383195594b77701424d484b419bc0997
O22-58,EC1N83Cbinhb0599e49b40a,32946,497418,03f1cda4d5e574a3f905da3243d905d969153e8f6463a4605ee4e4a7ed08e2c1
O22-59,EC1N83Cbinh166e7039aca6,32761,494643,54bc5e396f4bd8971ca03a703ce166d2570fcd2d6e6944292315813b51cb87a4
O22-60,EC1N83Cbinh102acf262f77,32820,495528,bda475916fb0835c4b710fae7dcf91964f7652357d0d8e4c1563044242a4946a
O22-61,EC1N83Cbinh1c3cf29eefdf,32793,495123,a743d938105c80bd27844d267317dc01bbeb946674c004e0a8c93ebeaeb8bd83
O22-62,EC1N83Cbinhbcf0eea8a48b,32641,492843,1ebe4475ec3d159d91d9c53efe843cbbba76d3dcb9a301c7d5ff309daba860da
O22-63,EC1N83Cbinhab9c09ed69a7,32806,495318,7fdeabbfd305c9f51f1c6243486cbba4ee4dca47ece56f009aba1039602268f1
O22-64,EC1N83Cbinhd606ab89e5f1,32851,495993,50e9713f7edfd9ecf77288e15009571df2d7ffb9d86d05f43e02fcdf11d7e1f6
O22-65,EC1N83Cbinhb40237ee122f,32665,493203,2745e6d69e03c8fde038c3a8b2f98c46b636564138e27fc062e0cb45373265c5
O22-66,EC1N83Cbinhfe544467bad2,32922,497058,a0d198ee9d05b1462cf0ef79795ed1c0212d5f86878585e9ad89b3e9d56e14fa
O22-67,EC1N83Cbinhbb3f9e2a09c7,32625,492603,6af7373b0be0c48ecceb7759ae3f49eca33d4d4139a0288f04b5f7cf70ec7f6c
O22-68,EC1N83Cbinh38ec8ffdbb60,32720,494028,fa84e57ce8b488f4b88fd2c02fc119c27f301ffe3afdd201111d91577358ffeb
O22-69,EC1N83Cbinh66d58c79facd,32646,492918,07e3237874f5e8dd20bb454f010b34eb3f58bf7eaf4842b9b725c0381f72a870
O22-70,EC1N83Cbinh9acf584e794f,32916,496968,055cba59aaa3203aac7f3e14c233331ebb1f31bb6e8ecbd91165ef64f421356b
O22-71,EC1N83Cbinhefbcb7c73824,32662,493158,c985d75b327ae8a0cbe7749a5c74c18531980f4cd732ba7bc01131bcb1e6f207
O22-72,EC1N83Cbinh47847bfa559a,32711,493893,4ae67af6627d6585d0ef9ede323b97b763aa7fcf13b1a3b2823c1b37f94a9988
O22-73,EC1N83Cbinhca85ecab9fe6,32837,495783,0e8f6441aa91407f888d1b8b582da9f1ef80a5253f5005203126d792319025b7
O22-74,EC1N83Cbinhb74e5f675bc6,32740,494328,bdd94f202af0e3c0a06763a4467b3d368e9305913e097be098466f778795c049
O22-75,EC1N83Cbinh43664f98d7b9,32811,495393,2eada46ffea189e12fd253dda92f22a4dfa83a67ef1186577836e1f8cb8e43de
O22-76,EC1N83Cbinhb6ec8b090f80,32946,497417,3cd207a75e608dc0d0b53a02ab86cdd76e0c96e05726a5dfe1b0ca4acb0c709d
O22-77,EC1N83Cbinhfb62212f4851,32830,495677,7752961efa4184acc016f0602b395eb7306d94a5ac8a4921a12b4a9c01f7c57c
O22-78,EC1N83Cbinhcf1d42ad51ee,32897,496683,ed3156483a3ba0b4ca62d0ae199433d4afd6b8dd9e3c20e031f1b1da069a6a12
O22-79,EC1N83Cbinha8f813c1bedb,32724,494088,898299c1468ecd8100cbe65220d07324faad4ea0bb6ff7984176347d6995ad5f
O22-80,EC1N83Cbinh12138ea13907,32716,493968,673adbb6ca4b991c59aafd81b3b0e03d053bfa3644d7f47564bb24e0c685b708
O22-81,EC1N83Cbinh75e913c88ba3,32931,497193,f99149df167014e58db84cb86834d9af3628348c5445342e9c4a82bdb5d14cd8
O22-82,EC1N83Cbinhf4b222e5359a,32807,495332,53f383b7ed0ce4b1e624e30f492baadcf6bf14dff09f4726bc48c19066ee90ca
O23-00,EC1N83Cbinhba8e38982528,32928,497148,d8438c75f6c6d9938bb585f7246bfd45ac97744992512348492d9295f5502ac7
O23-01,EC1N83Cbinh97d1bbcdb469,32869,496263,05ea07bb984416ddc6856a72fd6b916e2e26ee80db73e282d7306676b2ed8253
O23-02,EC1N83Cbinhdf0a0f096b74,32965,497703,e87de68950a9a69372e8bb3f48cfda28247f7319173be081f332e00b218fc824
O23-03,EC1N83Cbinhecc8e5140900,32825,495603,98f89d79d9cf9b7c8d56d9b9edb5ac230b1164052a46768cde5091d97ee05838
O23-04,EC1N83Cbinh835d9b9f997f,32917,496982,014c186ad85d488383c6d7d14e9f8837708e7150d732de3488cf7970c3d95353
O23-05,EC1N83Cbinhb19b4ee9f1ae,32765,494703,d5ceb221b30c8cfe90e838e8be347ac9354509250a46a9756dc3dbb8c742c3ff
O23-06,EC1N83Cbinh4088a456192c,32910,496878,691f58c523291b6c17d82449abc4731f9b20e3167f650893888813423b1e7197
O23-07,EC1N83Cbinh6aef71a8a202,32741,494343,3fd433183fb7418a7ca4fe4045c94e3baf5d9eb2cf0503abdca8c21d35f87bf5
O23-08,EC1N83Cbinh4ffa2621daa4,32700,493728,00914cd94910d886b377ab6b0aa6eb3fbf240fe9e4eef7365a2fc6ade18a22bf
O23-09,EC1N83Cbinhf4f13ca7927e,32833,495723,2ba6c7bb99f1f1d7f89354ba3cc0aea4aea29fd948bcacb76a681148ea31aee4
O23-10,EC1N83Cbinhd419b19231d9,32877,496383,ca030f3172cc0a61a8216895eb80c11b9b45ea393d8eb41aa5f0f2bcb2371916
O23-11,EC1N83Cbinh8a0aa5ad5959,32745,494403,3f65736dbd13cac7050f59e62aad777763ac5995c6de223ef98f0c60a94ad720
O23-12,EC1N83Cbinhe5651c2b9369,32926,497118,c1084654d4c0cba3d6736125f05f703694f3c2889ca2fef27db75c3daee004b0
O23-13,EC1N83Cbinh40943ccef0b1,32717,493983,a46f4aa29a67b947460b652127132b9a6f73c51bb5daee3bd9de1d4c78ed47da
O23-14,EC1N83Cbinhab89a86cad12,32784,494988,cb520814367a64e080939b905fc560fa97d7e67fca266f1f98ac4323a508d184
O23-15,EC1N83Cbinhac2bc590bf34,32899,496713,ed8c3616c4d360cc8758577a8ee201d44253b3652944f20154a753b3b7fa1741
O23-16,EC1N83Cbinh0232cfe30e4f,32865,496203,38b6569fa292886639ffad02500157b759ae61bc63dde9b2d0d27b27e85293ad
O23-17,EC1N83Cbinh0e163ddb52de,32719,494013,cc587f57ebb19adeab72a1bfdaaf2ba134965cac6b5cdafe709ee4c0c8f59bb1
O23-18,EC1N83Cbinh7c47e43578ff,32790,495078,be155bf137a6144469a576c357fd5e886898bc59df4b5ce000cdff95bec712de
O23-19,EC1N83Cbinh23d26025a23f,32779,494913,4214b7fb554d97182bdd23d49e1862421c9ea26330c210ac61596d3b19bccae5
O23-20,EC1N83Cbinh7803282bb24e,32869,496263,01f2e7f69912197dd66dbc7c9e5d85d7bf65323aa0b1e0e5fccdf2f6d75fb5c7
O23-21,EC1N83Cbinhc68f92ae8e8a,32495,490653,08616d0cc3ce1996918673b4a52f2dafa2809f8ba3a2ac6cd68e51e571249cd6
O23-22,EC1N83Cbinh31c44ab11a0e,32683,493473,b1870b1814c96abbd02ba134868bf0b2bbe1e0695895ef4c959ba1d76605310d
O23-23,EC1N83Cbinh18185caa0009,32827,495633,01ee5cdae32cbb78216fa9a57136f7bcadc238b3e0d2301547e252afe36ae7ab
O23-24,EC1N83Cbinhbe58065ee906,32674,493338,57db96b94530771e87cf80080a64fd72546f28d03f2aee5e5cdad6dc034945be
O23-25,EC1N83Cbinh56874264d8b3,32663,493173,bb7e6fdf6099f8b45140cc3220ca9d867ff253270c6c8d48858f51bf124b0736
O23-26,EC1N83Cbinh53e87dcd0a70,32859,496111,9afd3374e89354f265c93e8146fd229dc14e14f55d70120dc7b954b592e04855
O23-27,EC1N83Cbinh216d3209a111,32755,494553,b102eb7a6f17ddbe2cc028eb5c6007e8fcefa9f24eaa6977f32338e726036e25
O23-28,EC1N83Cbinhe15cc38b5f3b,33029,498663,174ba9af121c8278b5f2ec0259a7252a62decea86ec000af9cffe7f244333fa6
O23-29,EC1N83Cbinha439aeec36a2,32582,491958,a5f7ccdc11d907316006303d0dffbd974c205b5f2bd9a1232aba95dd7eb6b0b4
O23-30,EC1N83Cbinh4a2935dc0782,32844,495888,faa346d2fa7d51dfe33ea726734e999cd6c13eda581b3f146b6d621003088051
O23-31,EC1N83Cbinhd9dea3287804,32675,493353,0ed8731d76dbd61c3dce50db04cf53e7448a487292a9e7bcafd5daa6050ffb71
O23-32,EC1N83Cbinh7dd952ef7134,32694,493638,97556a13a86bc00a272a8bf9f3b646c4ee476acbd7f977032aa3b9695304031f
O23-33,EC1N83Cbinh8314fe4a9e5f,32836,495768,410c6c3f79cca1c82f63568b3b0039aafb15148b64990e4e32833dbb0696cb92
O23-34,EC1N83Cbinh481d841cb2bf,32987,498033,c12681c18963b837576218468ab78e06b79c49399c629730a97d34c764a58d3b
O23-35,EC1N83Cbinh7f7a6e0bcd12,32864,496188,071016222e5d94ce342c0f8cb9977ad56eea94d8b04e7d27250b04509953ccea
O23-36,EC1N83Cbinh21e2062908be,32871,496293,fe939dda573248d4a6533922bad89c7caff557eadaee23aef405c5bb7756c88c
O23-37,EC1N83Cbinhe4cc81bcebde,32869,496263,950f0d1b854eb34cb2ba3b8adc84e002d940635332ca7dfc164f83a7ef6a6478
O23-38,EC1N83Cbinh035f61d52d26,32561,491643,b29ec90395a04e746d85e1e0a58d1a00ddb87c94319df2393db1f3f5e7c83f3c
O23-39,EC1N83Cbinhf47db2e852aa,32711,493893,70535790dfded9c7b94a30e41af7ede7ae0a598b8b0f0a592bf931830c4addf7
O23-40,EC1N83Cbinh45e2e2a53898,32823,495573,7a8af9d7e5b077bc194625e1e94cef51293c0f15ab4d664c97da6aabd9927c32
O23-41,EC1N83Cbinh188e4f079c52,32900,496728,2b1877d14600281554445b7cc29aea32c207f89080bad664e965245143166f02
O23-42,EC1N83Cbinh158257495991,32991,498093,5c98dd735fe184f188f46140199b94fa33ce2f5efbdf80a0be68c2a11e059c7f
O23-43,EC1N83Cbinh726e0d8198a6,32649,492961,edda305ba306405fceb1c18e6c8a3b641c2e8419543df7cff34d7afb307f5d25
O23-44,EC1N83Cbinh5594bdbd0bce,32605,492303,b9f97060cfc55cfbdfa2025314c6b085595de7aac4d9ed5f6d1542ddcc7516a0
O23-45,EC1N83Cbinh44fee3c86881,32819,495512,69df5817de2ba6c0b8a2fe54fe3a76234ec118ec86e1fffdb5d8d411fcc36dba
O23-46,EC1N83Cbinh733c8ab8ff02,32888,496548,6666a60e6e6b90c42ebf680c31be6ace6da27e8c91749661dc4fa9a88bde8021
O23-47,EC1N83Cbinhf136bef47894,32711,493893,3772ae3b8bdfaafa00aae26086b23e25b475a43cd83eb42bb4898eab5231cb22
O23-48,EC1N83Cbinh7f3dbfc6bbe7,32576,491868,b98c98920edf869c8a7371c53cb7aa1c447b46c0f7e27d4fd0325f5e6357452d
O23-49,EC1N83Cbinh1132596d1fbe,32948,497448,a376b1f523005027d797175fb209ffd3125596aa8d24cba91f8bc02414234cc8
O23-50,EC1N83Cbinh5affbc8377c1,32799,495213,f110f01b581bccbe4411bacb13105af329650fdda596094aba03e7a90ae5a413
O23-51,EC1N83Cbinh10becac88510,32811,495393,b086e79bb70a13d6712357e163fb5083ff2f70f606f8e4053ebfe299e74906ff
O23-52,EC1N83Cbinh14487bdf673a,32564,491688,dd38890e23126a3cf9bcab5a1d6cc655588f3438994935256c7472100122190e
O23-53,EC1N83Cbinh0d4e788a05dc,32887,496533,e6142cb19d67c29efb016b9251bd5e03aef08304c629e6e338228415433a9fbf
O23-54,EC1N83Cbinh50e4bafea0bf,32699,493713,e1f4eda082e1971c7e1302735683797e461b4fb8953f5ee1f8ae0fa38ae59718
O23-55,EC1N83Cbinh6cdcc9337f8d,32708,493848,fa997c0ed6e66cd4dcc35be9369c6476b8dc8e276d0b9c46f25ac57117635c04
O23-56,EC1N83Cbinh84edfa9a1b5c,32913,496923,a783208bf12bda732b52bc917e8cfee7fef4141b8915516a52a71927828f07e5
O23-57,EC1N83Cbinhafa76b212598,32834,495738,1aee618c3d3e6804c403b00ee1232f790fcbbbf14ab5f34cda607ea7c0c9dfff
O23-58,EC1N83Cbinhcfd88f591205,32778,494897,a986a588047a3c1e3e7da5507d309686670e6a43eb6a2ddc5303e0282f0bcca3
O23-59,EC1N83Cbinhe6e66f4286a0,32853,496022,e65136e261418b34bd466f26b5a715f3f53de6aa939cf1f237d6ae183938b3d2
O23-60,EC1N83Cbinhfaaa3b227ede,32857,496083,0d9e708a02ffaa745c7a5cb4ae6ae4f06d7af435356ac419a0202e344adfbd23
O23-61,EC1N83Cbinhbf8002f0db65,32626,492618,9a9995f1b1908c34653e1730548711c7a7008b90a23c7bcefb326533ac3fa081
O23-62,EC1N83Cbinh530881d59874,32740,494328,eab7dc6469291dda7ef97fbb5e04dc039aa269ddd826842c1f2301037323b0de
O23-63,EC1N83Cbinh045129e323b3,32906,496818,b5786833fbbc94dda294325f24c91b45697902153aaaf81ddb4176223a8a726f
O23-64,EC1N83Cbinhff34e43803b2,32632,492708,55869ae7c7b26a8051175596e2b3235fc64f1e623646607bfc3dfc8508cf2f70
O23-65,EC1N83Cbinh5f9636c13eb8,32717,493983,4fb04da6574a173f6bb43700f9b68e60dd1443bc8736efd47d20dbfd8fbbbfd0
O23-66,EC1N83Cbinhd09671c4cc4e,33007,498333,5e1eaabef45a4ad94c632414dd91e67fcb4d30d1685a1e7a5ac479764a673cf8
O23-67,EC1N83Cbinhecafa9b7b0a4,32903,496773,28ffb0d5da3e5c906707bd538ce658f24f668c485666595f3ed9dc394a6bfe0b
O23-68,EC1N83Cbinh52d54a3c9b4f,32954,497538,12f300642c629b4cb1aa3e0801afd2de74f32faa8ed1d0e68f99e469f261a5bb
O23-69,EC1N83Cbinh0a4e060af3c6,32782,494958,52d79d06351d6b06f0e395ff8169d2eeb1ef1dab206847f1b4f6a0fab1b5dd5c
O23-70,EC1N83Cbinhf3adbea5aa36,32718,493998,4f440b5f851f82461867bf76b5c523096892314efbcf630ca28c8ad9e18b920e
O23-71,EC1N83Cbinh94756ba4f33f,32686,493518,00b7a6af33aa71e3bb57e8860a48b5c73accae3ea516e308f8e2cfc4ee06250f
O23-72,EC1N83Cbinhc8b5329db20c,32967,497733,ba80f078c2fff16b65106749943318ff0b79a9fad5e3e13f62c3a0c428a3d342
O23-73,EC1N83Cbinha00f085fd044,32765,494702,02a4ad4f086f67e37c6603069698b83b0b8dece17cd5c1903ebe6e5a5da61410
O23-74,EC1N83Cbinh688e96894d88,32831,495693,33797a14d38e6aa788ca9360c100aa1396d1356c3a1493fa960a2b1ea5cedec1
O23-75,EC1N83Cbinh8a4ae3c71e87,32885,496503,81acd82f5763cdaff47b400eb5ec5ab1aedd0823fa4eb10b89e367469d998e73
O23-76,EC1N83Cbinh575b2207fa87,32812,495408,814783217b8f2dcc85897a3f13b623ece77563ab87515b5bcf93688efdbc389f
O23-77,EC1N83Cbinh305008c5d814,32911,496893,bea4d6a40602eab1aefcfb0274a398fe2f499dbfd527f66d9ba9bc0a4edc7cf1
O23-78,EC1N83Cbinh2f269de59f51,32695,493653,caaa7eff1a86bc1b2e91cb59efd6b5ab166ddf481d4132f91e6c7c1fbf011cf8
O23-79,EC1N83Cbinh10467d8bfc8d,32962,497658,23a64c8e2e850fdc663faacb36e147b153b3df746bceb5f4a93a24f92a04185f
O23-80,EC1N83Cbinhacf1e5cd9b54,32865,496203,adbcfa3a701a369173961e273f50f8e2d289f8b4659409f3d8651b2c0e3d9d23
O23-81,EC1N83Cbinh1a89a2be7352,32640,492828,64e3524fe8b6a53377293222e113bd3738d863b70c7a57a0481b2b15d75d31e8
O23-82,EC1N83Cbinh1ab406e7b9b4,32799,495213,b75887bdcb5ac0613aa8ee881ce0c8f29a490c362c14ef74c34d45346d976798
O24-00,EC1N83Cbinhefc926f5601d,32622,492558,8ee1024e63bd2ca2d6726d669bb4a5ed04e6cdc24a5eb1eb02983659e18b977e
O24-01,EC1N83Cbinhd7025f45c589,32902,496758,0323dce5fa836f0cac895a793007124cc08679c84f34b595666e43a1912bb0fb
O24-02,EC1N83Cbinhab08a9840916,32823,495573,1447cd13bce04606508c5795e40ed44e563b12cf619eda332fd81d7385c3cfd8
O24-03,EC1N83Cbinh65be86a4d5a6,32768,494748,588984d748c581c6153e8f88a45622f2305eea16eb2bbb6cbc8574b2c079e3cd
O24-04,EC1N83Cbinhcc341b811e27,32912,496908,5bb83aa30f1d5c5521f6e566d8bc690945e811a8b7896605cd293e8e4a3f801c
O24-05,EC1N83Cbinh21cd6e8aea00,32860,496128,8543337e4f563f958548f4a11133c7b3b88b00b18e92ecbfa2cc0c73d90d75fd
O24-06,EC1N83Cbinh8742a2cdbbaa,32686,493518,567a78762e77e4cedd98dee59002c935dcfdae8b0ffd7a755fbe3f34b655c750
O24-07,EC1N83Cbinhd3ac707d6cd2,32752,494508,2efbda35f848923248a1205614989f8439aa0600fcde9339f6e34dda4586b0ca
O24-08,EC1N83Cbinhe1bf7e0b8961,32966,497716,5f084764fff46fe7e56e2f394f1fa86b62585e69c1d0ec8ebf371268fa813834
O24-09,EC1N83Cbinh6cf7a63d020e,32825,495600,26bec1cc778a6ee8be7a670ec7c7a8ed3b74c7d5e5ad07f5900db969056aca11
O24-10,EC1N83Cbinhf19ba6d848ec,32644,492888,ffc4c36920ee564017bff5d4d460fa02501c74e674e203529589e8dc20a4fc4b
O24-11,EC1N83Cbinh5850d4483df1,32781,494943,eeb6cdb40b096b4d1667f1da9d8494d5cad95635e0793f62359e8235ea5d1243
O24-12,EC1N83Cbinha3474469b5b0,32793,495123,80178fcb3ffd76bb45016b858b273d5fb80f506a241ec980f7b013d4e1766695
O24-13,EC1N83Cbinhff292a7dae17,33227,501633,706374e2e22a474042dfcf0d9495bfd5ebf409f1cfb428ae14fcfbe4185fc612
O24-14,EC1N83Cbinhc530dfbf4705,32773,494823,cf1264ab28a8fe3a854115b39ae521a3cd315e4101a0fade0595232ecf81018d
O24-15,EC1N83Cbinhf8ac3ddbd51b,32684,493488,9f2e7ed35be9f35612c8fef797536d85027be3a5321e98e54d2b90acb2d10742
O24-16,EC1N83Cbinhfe42030ac00f,32674,493338,32d1165beeacd7ef4e79d846448ae768d23ac13da14f78a5946373d872010081
O24-17,EC1N83Cbinh1b0957556829,32641,492843,9cea80f90a739f044c95415767fad4449af2565a93b7c369eeff84115e27260c
O24-18,EC1N83Cbinhce0f60e35c43,32665,493202,4fc9122e7ade05e30ea5ccbaf987c24f7041fcf884c42267eb7f6f148174e638
O24-19,EC1N83Cbinh709482559939,32977,497883,a1bf8d484f49c8c2a955fd08fa3149345e4d7eb34d5fc26a084f7df1baa47fa8
O24-20,EC1N83Cbinh61d017ba1569,32836,495768,89369d10ddc11f30ca3484b1e1b8a9c04f7debced3785981dfbda35a7e7cc609
O24-21,EC1N83Cbinhc05fcd650638,32852,496008,067171625acfb5a4f8fe59029393a908bc0efa37b9a7bddce62e6662d8a4afe7
O24-22,EC1N83Cbinhcbad6240f7bf,32796,495168,2099a55f9f02250f76f33c6d10309a0b87c4ca4091d031ef786ef36bd17e38ad
O24-23,EC1N83Cbinhea5e1a6677f7,32849,495963,eb9eb2fed93ad66040f4c182bf96d15ddb07ccd836e7ca85361e0af059882adf
O24-24,EC1N83Cbinhb88968479728,32693,493623,e8e108a4c55e47fa8740097226e08ffcbec0aa29230f066f2a87847ba6764c26
O24-25,EC1N83Cbinh54454397a110,32675,493353,f89578590013e4a45097335487339077038e02ec11fdcd166ac158ab1960b9a5
O24-26,EC1N83Cbinh40bca5c54d31,32875,496353,d223b1baf083aa28bfe6a27ce565a7a3c70d81e7569d7bc79fba9cdd1511119c
O24-27,EC1N83Cbinh66d3fa3d9930,32933,497223,d291d4c49bea6396c92231f097796ed7fcf3ffc37f18ac6c2ee67ea48ef706d6
O24-28,EC1N83Cbinh780fd9043223,32886,496518,5aeeb2c1f0a1a825f4eb705f1ee26031802c7eb1ca03d5a1ae159c44f7c7d24e
O24-29,EC1N83Cbinhfe810b2ba9d8,32635,492753,34794070097ee07c9607e27327eb703262b73fbe5ebfda2621c825a911bdeaf1
O24-30,EC1N83Cbinh5163ba108b33,32495,490653,88204ad91771d5ad25b3ad7f2cb4727967dd53390abc1e8bd163ec5090e90b44
O24-31,EC1N83Cbinhad6992a429aa,32842,495858,1e7045128cdf2db013adc35c476adf3fafc280f4809b0cee18d464ad67dedfef
O24-32,EC1N83Cbinh94859eaa3bd3,32905,496803,24ba0e7117061ecae72242fe9bfcbb30af96c58536f8d058e5d1703be6a88a5c
O24-33,EC1N83Cbinh79d21f5131ef,32946,497417,6d96dd3a064bed057eaa91322381c91e57a0d00c98d4a0b68f72c820c8848d1b
O24-34,EC1N83Cbinhd7838e88461e,32764,494688,985c1ad2d60cf63aeef3129de9cd92886ff24edda404c9e6a997a7531dd90ac3
O24-35,EC1N83Cbinhc4ffba669fd0,32723,494073,81595d14cbed8a20e27ad9be5f81398d890843f95a2313e58207709317d83ecd
O24-36,EC1N83Cbinhed7e0469586a,32600,492228,a0caf208ba5e4838e490d0259882d7f164d678f99c3cbebf14c189df679716ef
O24-37,EC1N83Cbinhfe13a5ea069c,32865,496203,ef305908cbeaa9f64443b8b7a60526cc6817127aad22aeacbb509d0654599fa9
O24-38,EC1N83Cbinhe452ead20d09,32909,496863,2d7324991c370e7d197549abf80a24f3e0ec71d131bd934e9403817f955a04c2
O24-39,EC1N83Cbinhbb4aabd873f9,32814,495438,2a8b843e358a7b08c00b93e89b284191ce8efeee1ff9a50da25416082eac99aa
O24-40,EC1N83Cbinh81293e1c8656,33020,498528,828d5e22f52215ee75e1f0b7d2c7cf03f065fbddbf7d8e482d1bfe76b16d3fd7
O24-41,EC1N83Cbinh286386c4f68a,32712,493908,557650a069195bbb6fe3a2d8de6d6125e60b045c8ef4926a0972b3864b9ce875
O24-42,EC1N83Cbinhdda064218f4d,32873,496323,99529629d13e89f2bd5095daea037336c13fc1d2e11224152f432d8a0cea4be9
O24-43,EC1N83Cbinh72cbd56b1647,32964,497688,bd383a2309130d36e24e61d43290800ddc2ad3028af89494f8feba6dd9312d45
O24-44,EC1N83Cbinh09f7c0d19b0d,32739,494313,87f23056d16aa8d6167779ef6b759edf09b3f9e31a5dc7fdde6f85a56addea55
O24-45,EC1N83Cbinh565075032956,32930,497178,515bfbda0f5f72eb3e277e36f65e96351e5c24621fe87438387035d819ee26e1
O24-46,EC1N83Cbinhb423cb5f092a,32628,492648,97865dcea8df6cc612fc58b3f07dff2e3d4f87fefcaa2d2fb348c5656b4ed5aa
O24-47,EC1N83Cbinhe7ae748e6cea,32738,494298,91007317bad51a0d61c52c81864c110724f19e49b1418ece9d4e8803a43f36a5
O24-48,EC1N83Cbinha9213a2ff342,32610,492378,3fbd924bd6853013b6a0b42da4cdcb1bf2f2a9b946e4d371ba48b3d5799ad7fe
O24-49,EC1N83Cbinhe5c3217a733e,33024,498588,bade2e97827dd1d78cf0a60e6c3d9778ace9df09446e20a8a0e63b49c2a9e313
O24-50,EC1N83Cbinh909028c188ca,32858,496098,3e741b1f53a512104976a8a8d1e307c15f34ae0384c9e9e0b6661d1e7de4430d
O24-51,EC1N83Cbinhf6a94e6e86b0,32743,494373,6a519b801eddce57701ce3841e2a1821c34ddd1579fcb99245d18899e296e9aa
O24-52,EC1N83Cbinhc67504aaa6c6,32910,496878,4fc1efa60b2b514e5a95f8b9130ad604c06aa3833f4a70c94b8f1739515822cf
O24-53,EC1N83Cbinhc71d52bef878,32671,493293,8faf449fa06abf765f36ba406022109cd24fbf89138f544afec0bcd3d36b4c96
O24-54,EC1N83Cbinh125e2ec6f82d,32667,493233,58206ebf315e0f7e397386df7ca98eae31a6d4c00dc9c2dcb75a044a48b21cd1
O24-55,EC1N83Cbinhe50d3f000946,32939,497313,7817900c01472c675bdd75c23b5f7c907c8702f464a1411a42400f789091d273
O24-56,EC1N83Cbinh5f58d97df7f1,32681,493442,9aab731f609c4896d5c91ab359663c6b186049f2a73e68a2182c71a5f3184be5
O24-57,EC1N83Cbinh2a7bab57ac3d,32733,494223,8cba12fde06f538b8273e3b0f78be528be7328c43f5cdc0974d1c3d58badaf2e
O24-58,EC1N83Cbinh474c5e91fced,32881,496443,871ac53e4544f126805dac13a1057ce052b5246ab6f927ba45816c79f1254841
O24-59,EC1N83Cbinh30200d81b380,32877,496383,70f13c0833dec257c8acdf88cbf024b59579c19f4dda7e08906a965c01dc8bf4
O24-60,EC1N83Cbinh5e891f609115,32869,496263,37f320d4531920f42aa1fcfbadf60ee8e97997f740307a959031adb3ff355b1b
O24-61,EC1N83Cbinh4837ab92d77b,32742,494358,82e87eb3791355409871fb570f24da5a910fcf7a6fb2b1087f50e89ecc77d7f4
O24-62,EC1N83Cbinh1d8559e042b3,32600,492228,54518d061e49c10aca9e3055b55d2637dff155c506e54f2b1bdbe8da94a008b9
O24-63,EC1N83Cbinh1924378ab83e,32659,493113,577afcea7f47d1f6fe2790fb370e62ce6c53ea9dc208399b61d06aa2a72f60dd
O24-64,EC1N83Cbinhf6f9e22e35e7,32728,494148,e8aada0d2a5772d9439f44a40a0394bffc774af8b53de708f9c6b1e66196e8d7
O24-65,EC1N83Cbinh3bcf06110240,32992,498107,1f8ea6ff7bcd2d7b51eaab40cb4b8d79dc2881f84a9a16dc08fffd063b2dab33
O24-66,EC1N83Cbinh808052ec7dbf,32674,493337,11631c906af21f6940af2e5d29f72b5b779ba33ef17cd6e3736b9d86f13a25cd
O24-67,EC1N83Cbinh6b1e64507b97,32793,495123,420fffde7d0e93163f60ea97840505d4bd72d1871c781ea2ae4dbe2392b51f4c
O24-68,EC1N83Cbinh3e18d852cd17,32744,494388,783f6db5898db25f42cfb5850e7eedf9a0a92bde17b2ac37abfa210d875f0858
O24-69,EC1N83Cbinha91581afa273,32830,495678,4ef2b8ee43b366cf7494542a152f5093551b1443520aff6119e774e3b94df3fd
O24-70,EC1N83Cbinh60d873313898,32972,497808,ff32e11f377c9d078f85a6b34ce2295ab66fcefe295814c01f8d1bc284164665
O24-71,EC1N83Cbinhf0ae389ba0fb,32673,493323,c87a082e07551339698365a8c0238d0a7e80e20f7807d84a7b53638ca9fb2310
O24-72,EC1N83Cbinhef42faf2ff9f,32727,494133,6aa302d107450ecf08f5efbb7a09dd49f275c0d19f9d63b0b1225a8d9ae0d689
O24-73,EC1N83Cbinh45808f8f266c,32726,494118,9522b848b5e7942a257685afa56447a37d18b88833b352e5dbc96b8fc6a977e4
O24-74,EC1N83Cbinhb93261ba5b2f,32667,493233,16e572a5d449f676129f3f7a9b016114459ad1f59587035db4d47f53d2eb057d
O24-75,EC1N83Cbinh68bd45938356,32866,496218,43bc28c54e309db3a812258e0ba486b1bbfdb407a43e25ac3ebe64199dd0438b
O24-76,EC1N83Cbinh7e9fcfdf505e,32720,494028,773abfd4fbc8599c33122a1d26233ae3537ee5d1264c2378dde6d68531b4b5b0
O24-77,EC1N83Cbinhd3619731d523,32708,493848,2bedc8f8d83878ad75f6871ba73a1760355d1e1391ebceb19c64e1f2beb71bc6
O24-78,EC1N83Cbinhfbbf1ae79cb8,32905,496803,50406ecc054577e66564002d8d3be7e0fe2b7dcc2a4d270001c46d7667d7ac6b
O24-79,EC1N83Cbinh15daebbe0700,32876,496368,295974b1d8bf3217c8371a239737416c6e93da0eeb48f2ca1ca9b2006ad7d353
O24-80,EC1N83Cbinh8243bd672ed2,33049,498963,7967dcc6cc51abf1dbe6fe68f4e6c04b79c2ff1f2fcc44fa7f0fcf176ce7121f
O24-81,EC1N83Cbinhd8556e9badc2,33036,498768,a0a1d2cd88418fbc4890540a850cf643df2435b8ff91b36ef0ba878bf2468c6d
O24-82,EC1N83Cbinhb0404d3fbb98,32736,494267,f74ec46927b92dd763e4ba3afa9a4ebf7d63b93be44a20fdedb2165a1a2b3ace
O25-00,EC1N83Cbinh51beedd1ed87,33026,498618,a8b302b51b71daf3e1acb089a092fa361bfb184eeb778e47c907c5ae2d41c259
O25-01,EC1N83Cbinh0557114e5897,32836,495768,3214fa31ecc1d37a8f722996a4de7ec3ab248a04b8fc868a63f026588dab5126
O25-02,EC1N83Cbinhc64aad86d1b1,32768,494748,5ad5a4ce5c2423d4779650787f959dd67a262a3179f2e1ed4efb8aef07eccef6
O25-03,EC1N83Cbinh018df5585426,32723,494073,0d8643c9e1f67c3087ad0d04b3d1eccd6731c54d992d1fd449566d56363113cc
O25-04,EC1N83Cbinh93bbdc414748,32700,493728,4166f6396af8162ec125d0a44ab8bc3225cff4584fd4119d43b1f3b65cad86fe
O25-05,EC1N83Cbinhf3ad97c37fe0,33169,500762,adb3d395b82f534e3834620aad4d353252384295168bbe23a53bbcf65c2109bb
O25-06,EC1N83Cbinh1acc160fbffa,32767,494733,92872b8abe4b9371e4b8e5175acf087e81f8b65ed267508026d9e08fabbe88bf
O25-07,EC1N83Cbinh7337360a924a,32937,497283,570521873494e62148d3f845ec30a017758d52ab98a0ce5e3dc51c018989fce2
O25-08,EC1N83Cbinhef9d3c1c4d64,32799,495213,bde67c960c9ff84ccc71bd431ff5ab278e734ea3ae545e70337737ee3f9f66ed
O25-09,EC1N83Cbinh38bef1e32027,32854,496038,d0ffa86350ad5aa644c0ebb5fdb804cd55d61e5d97f489900c3586e1c5f99f0f
O25-10,EC1N83Cbinha0a8eb0e3079,32971,497793,b9b8696ede22ffd69bea7c04110ed6f6ffc41efd78fb43034249408b91591d82
O25-11,EC1N83Cbinh55915d54b5f8,33152,500508,b816f651e4e947d7aaec97e428959dd93f90282266f3edeab2eed871722cf397
O25-12,EC1N83Cbinh51d88c7da4bd,32821,495543,fe62219be37904000162b551849e17bf13f5610fc054dc10b10686e1b0959e39
O25-13,EC1N83Cbinh60c27869daf7,32887,496533,7db83a781c959744409d52dc4eb5813d77a024440bdb40116e770bc848f713d2
O25-14,EC1N83Cbinh05bef5dc6f64,32820,495528,cd6066cce9e79afba7ea8467c02fd46bf4ccbda1f2a98ef2faf2799e7f9c9fad
O25-15,EC1N83Cbinhda061e4f8cba,32902,496758,03cdeca01973465480be2c0aa5c35bc53ec0cffa25061d6068b068f9ced17ff9
O25-16,EC1N83Cbinh18c0fb70ef01,32853,496022,ac543553dbf7de1dfcd4e2a4fca5b01569ea3e4c96470a43677c63cb4608c5d6
O25-17,EC1N83Cbinhc46bac65e4de,32694,493637,70e469c68f1a8fa53eaa8da53d7de843d3db1bf86edd87af1c2e640bfbf12f27
O25-18,EC1N83Cbinh3441c39b7997,32896,496668,9e064e74bc8a48184f91094585a4a3d8472da5dbafa50d659ec5436408a3f515
O25-19,EC1N83Cbinhb89eae95daba,32652,493008,b8fdfed4b27abe9b9e8fc6b1a8b92c01688fdc630dffa23c054bb4d73ceaf669
O25-20,EC1N83Cbinh5a649c9dfb2e,32848,495948,2cffdb74a2d3757849ad8c6ef7cd32dd7954f7f8ba453b70e5abae1b4a1c7eba
O25-21,EC1N83Cbinh1fb7a11245b8,32673,493323,7f925b79f3f7accc004685d60b934c79df2fa561b50bde2307c9d566294ef054
O25-22,EC1N83Cbinhfeb5b053d00a,32704,493788,8e84ef3c100e0711b572de3b48f3eeaf9fb4a629c820a2db888c6c2218e3d444
O25-23,EC1N83Cbinh77e8c2101abb,32989,498063,09d1c353bb3c3508c3a57e6199196866396dccb3823b1179afd65596ee99791a
O25-24,EC1N83Cbinh09f7c36e8a91,32753,494523,7b09fabf0f5a59bf0598834e44813e85e01e984fcf1779ee8591e97b1fb17e39
O25-25,EC1N83Cbinhbf4e95d417c2,32605,492303,ffbdb87c079b8a502a6369e3fccd83466c0e55f4e6e70c86b45b4cdd9d987658
O25-26,EC1N83Cbinh4fa54e121538,32761,494643,34a793aff3177d926451d7f473694e6f34e20b6c08389700602c11b15e4b548f
O25-27,EC1N83Cbinhbecd513af62a,32895,496653,4485a1b206ee0e606d931ef3eb7ec0021d97afa69a10784d98479c4ea1c5c05c
O25-28,EC1N83Cbinh1bb5bd7164cf,32717,493983,47467343c66025f1b4a4e0603233e22df68eb2f9f86c2a1cdd5a6eeb40e19f52
O25-29,EC1N83Cbinhd32cc0d6056b,32841,495843,2446179887373c55d228f9e25d263c24a11038796b9c93fd448da9d9279dc2c7
O25-30,EC1N83Cbinha5296c8f9748,32626,492618,9bf63980ab47b72d745fe506408190e5d0c0b60d8fe0c306c42e92cba21a09b9
O25-31,EC1N83Cbinh1f46f2eaa740,32843,495873,38c228363c8b5eb53a04984ebe206dcf42e99018e5e70af3a621b9d6de96e87d
O25-32,EC1N83Cbinhe98ec09a2823,32894,496638,dd4b937f6e165ab3dfdc8ba3971a0ba68fbc96938c9e4e927aef4428b1049796
O25-33,EC1N83Cbinh2595f045b174,32501,490743,f70ac97d4822885c443cdc76bebbe76c80bd737c8c796c420d689064a1eea11c
O25-34,EC1N83Cbinh6673449eed28,32865,496203,2d2782461ff620e35cc85382b1f0ab7a6c34a3f71bddbe8662ab24ef1298efa0
O25-35,EC1N83Cbinh170c6772ea9a,32689,493563,c32e3d79827d7a9ddefcbae8b6905d73da99def91d5b9e1e542f255dab04185e
O25-36,EC1N83Cbinh2bcd47fa782f,33212,501408,99984f18e57a4ef6fafb945a1c4928da7ee9fe4c12f49a4ebdf09e6a505485ed
O25-37,EC1N83Cbinh59d0bc0edaac,32777,494883,5a584fec5e08fd85fb70d74680b6506324d546e7e3c47c3616cc94fa90b55305
O25-38,EC1N83Cbinh0219eead56b3,32864,496188,470ca4cd760349cc7b8615744aa1aa6341c5b22700b3457b614a4ccc9ecf096d
O25-39,EC1N83Cbinh14852083c5ea,32893,496623,ae0db1ab9ab3f522b10dd9d1f5deaacaf0e37aec6350fc4e839daa67f8566824
O25-40,EC1N83Cbinhb6ffe05f1552,32764,494688,4dc7f0c9c361172b551e13361946535088f1f886acf57c1c319e642867511a03
O25-41,EC1N83Cbinh5cc73a412dec,32723,494073,1a60a3a5a240e632a593accd055339269e0b54a0feee62e934c7cf311a25ea38
O25-42,EC1N83Cbinh05fcd51ca428,32734,494238,47aa947bd2cc18b1b62f5dda2ec04d9a27b33616349c04c033fe8ef555e4fc1c
O25-43,EC1N83Cbinhaea14f1b6078,32814,495438,36758d6549dd43f85415aaf8ba37d866edf167eca4ff9178695b043537560de9
O25-44,EC1N83Cbinh29242a95346b,32803,495273,a22d84be874a38831e3f53d71a0cc7c648cf3f227e75fd185ad506121ff80224
O25-45,EC1N83Cbinh7e78ba8d7223,32574,491838,ef9af0dae905a44b31d4ab746be08b2547ecb8f6184e9f97dd4b64459963b53d
O25-46,EC1N83Cbinhb5119b7b498b,32754,494538,230579c1d593a216b1eabefdb7a2db8bc51585e8d06c1bfd57756d66df74a890
O25-47,EC1N83Cbinhd3f4ebc3e2b1,32780,494928,9d987bc8e34902f4364912f125ff509da671d39cbde80a720d4fb9c1f13a5e11
O25-48,EC1N83Cbinhd4c78f1f40ec,32840,495828,e89be066708a6a628e65be8675ea15a745026beb992b48f1060245937d102589
O25-49,EC1N83Cbinhc13060ff9ab3,32634,492737,b810340c4878554b723771a1ca1baf12d24955ca85a025a283c52e31fef1efce
O25-50,EC1N83Cbinhef46040accfc,32721,494043,d45fc672053dccfab0debdb1f2e84eecb38ea7f17b21adfbe99f20038c80aac4
O25-51,EC1N83Cbinh2a388a46f3b7,32735,494253,c68aee403df76d23093aeb3d4483d9a183f91153cfab0b597b6ba87287b68a2b
O25-52,EC1N83Cbinh52698beea903,32887,496533,c3de642f8c12ddd1dc636d4925b449e4031e6b3406bf5c7fe39df82a9b9cc791
O25-53,EC1N83Cbinhde95ca77f235,32726,494118,fe97ffc866723a50b4b6bfbf7a5b1c629045d014b2fa79cc9ad8571202683529
O25-54,EC1N83Cbinhd5d4609eb962,32905,496803,bea066e39d2b10a19bfdabf24c2520cf64f980ef9ef56294093d5b82bc8ec9e8
O25-55,EC1N83Cbinh1936b7847420,32650,492978,8876ce39394b9d2ac17173d9284bd822a8ecd7de274434af993c7017a02d25e1
O25-56,EC1N83Cbinhb09dd8acb1e2,32804,495288,7a28154825db90669b005bdf85ed1c560c1ab77986c1cb1f6c408b24e85f950a
O25-57,EC1N83Cbinh46a108030f63,32968,497747,4211bd70a7760fabb63dae836d7349e4138e2fdbcb1ca3f96663d54244cffed9
O25-58,EC1N83Cbinhf083b3019efd,32799,495213,72b254e5303b9d7ad10c1ac69ff9430a6c84369dd7f0b261efb5dd712583b1ff
O25-59,EC1N83Cbinh29905f16cc82,32826,495618,8c4068d05d0a6b399b1b8cd2100c29311de79a660a9cb11301c8d0546b89baf7
O25-60,EC1N83Cbinh33c2af01b991,32854,496038,80834e77f282e0f430e40cfc18cd66ae64b838baf4b6715af3b9d8047871848a
O25-61,EC1N83Cbinhae5c9d62dbf7,32539,491313,75cfdc70896a37072e472a45f81e50c47c347dba3540dc765eb5bd3075ff5145
O25-62,EC1N83Cbinh0791779db3a7,32692,493607,f874dc1f742ce12f177ca3be834c874f05ab96f1fbd5e740365cabdbe1ada0c2
O25-63,EC1N83Cbinh1ae4d790c018,32789,495063,41695a66772e6093aa0236ce82670598b6b3f66315e85b03e22830bf35bc8284
O25-64,EC1N83Cbinh1c7584d94e51,32668,493248,20cf05ee31e977e3f9f15f70f7dac4a86423898edc67a7e8d6d07ff75f43d9b3
O25-65,EC1N83Cbinh8952d6e61203,32630,492678,2dbbc2884422a5265dffffd005bd65fe9e69811ee072d7856a9c4d2a56d81962
O25-66,EC1N83Cbinh1595fba43755,32862,496158,e7eabc9b29204a6f0522b88d3fe6b6f17b8b7aa29baafd57f5bc38d92f44b362
O25-67,EC1N83Cbinh686568bb36ad,32711,493893,c45519abe1da650c6ab5cad65d7f7b3fdd0a17fe2781cc7797d0eca12a6f5465
O25-68,EC1N83Cbinh5f4d4525c139,32736,494268,e5a2c49fe90cdd27b27a202566bb4142eabab6d34762d7926b1a529ca84e6f61
O25-69,EC1N83Cbinh6d9627c8c8db,32975,497853,9c326d5c2d1ca2db6dee842082d1772d5b0a5955c0a0fa1be4b63f0d546f0bfb
O25-70,EC1N83Cbinhd062825b80dc,32664,493188,81816425a3c4d730382d86535c8ce8a59d22e2cc6d245a5031d8e3adf5103021
O25-71,EC1N83Cbinh22dce137eeb7,32819,495513,fcf8f2a5ce10c305b70886d87a0b79626be628458f72eef61b3bbce34e0f5f1d
O25-72,EC1N83Cbinhca206dc02585,32733,494223,61fec062182bed5944cd29ea0e8df7eb43963871c000bff6fedc9383f34c17a0
O25-73,EC1N83Cbinhc1fa0d52cb17,32875,496353,d50802a3516bacd924eb5db8af2920f201305bf7fea8fdcce7c7be90923d6679
O25-74,EC1N83Cbinh7fe5c69155b7,32774,494838,84976cad4153fbc42dc48eadd9228f2dc1c7bb99a6f03285ed5919655ef98bcf
O25-75,EC1N83Cbinh2927934d0a19,32537,491282,e1af5d1735d14780130bd617b1e48ec6d64d90a923566cbcc0e33023a4b90b2f
O25-76,EC1N83Cbinhbe0d05a8f196,32843,495873,957c418e71fc77b65160204bf9b02c35624e001472157ef275c1be9988d42a46
O25-77,EC1N83Cbinhd7fe5e5750e6,32710,493877,c5fe83967e5ea2e8510163df00a44f26ebb60344c2848ffc1d0694a0a850cc20
O25-78,EC1N83Cbinh776db7b2cd7a,32719,494013,1d740e620e23ec04481a7bff8a7a72b8f287b87ad428fbe86d770888fb0daccd
O25-79,EC1N83Cbinh55def6e72e00,32827,495633,26bc308f09914eb624ad15f8b51d374b6e3895a4dc3bdef29d4bb1aea7015a83
O25-80,EC1N83Cbinh9d97182e66e2,32718,493998,0e1c87374d6be5a58b62634d836b6b46e023e8a7d3edccab1cd5cd8fd798b7a4
O25-81,EC1N83Cbinh18c11a65abf1,32838,495798,7a14cf9557e9bc44a076d2ad02bdecdbad72bb7bc757bf0dce2802f92946793f
O25-82,EC1N83Cbinhac3fe518bfcc,32731,494193,65317166244ce00e337a8e1d821a151bc16046a33f3067c30cbfeef212191c4c
O26-00,EC1N83Cbinh213e93161b2a,33078,499398,48d564c12dfc1f7e855a2377521f82e18b4543ee7970819938d41e94f71d1cdf
O26-01,EC1N83Cbinh02c07d7cf8c1,32723,494073,3196bfc1026599e9c971f75c9c5650230e3bf0b31ed6e9eee879e2f6ad2a57f2
O26-02,EC1N83Cbinh164ff086c7e7,32863,496173,2423a2631e261cf3b0d9be1bf4f70fd8f42dbf8d89610a074929cf4fe513778a
O26-03,EC1N83Cbinhea499e822f49,32887,496533,538e97864cfcd8dd81e351776a01b9ce2fb0584bf8df3b814cbc69b65bf2b33d
O26-04,EC1N83Cbinh7aa79decbc09,32642,492858,0b9445165778d3ceaf2cfabd87d36a7951ae55a3e0cb833eaae8a2307eecdbf4
O26-05,EC1N83Cbinhd1c49b5820e8,32906,496818,5e4ba6c98385cdd935005028a6a1c1c7d160a4358e21073c4f7aefa67ba7ce66
O26-06,EC1N83Cbinhb87ab7f7d5b9,32806,495318,75e93d952faacf864437ff2ab99fcfd52ef81dd4a0945ab35221133720555ab3
O26-07,EC1N83Cbinhd2f8dfde86e5,32752,494508,017956dbedff7011b177d3dd284e21a7fd0a5bfe1ce781e263d552685a96cbff
O26-08,EC1N83Cbinh7f9b42d65003,32665,493203,2c4606dc7209287ed0403e93c94f2f9c5585e358441cfcfc8d4e07d67c6af6c4
O26-09,EC1N83Cbinh38edf2cf4c2f,32692,493608,b68053cbcf6bc56e493ae9e5a9c9ad67198b8746a2f464b9108687fc7ea4bdd5
O26-10,EC1N83Cbinh2e6f3c37ed8a,32909,496863,9ac8d588338231f97fbdfbba8663350515866b72b53ce342c66866cf9d2248d8
O26-11,EC1N83Cbinh90395d3982e1,32912,496908,9068e0eb1dcf94227777388aac1a48c0b1c881ec0ebc326c6dc4e536c493379a
O26-12,EC1N83Cbinhd7ba0ce94c56,32723,494073,6cf2473aaf3414ab06a1038d84b029db1caedd7f1d34d471f03014d72fffe56a
O26-13,EC1N83Cbinh0dfa40c31bcf,32940,497328,265d1ef3ad2c4ba43eaa03253611caba8b7dacff74ac2f6aa2d691b5b4a602c8
O26-14,EC1N83Cbinh9cfec4cea61c,32674,493338,11c30076289f567b0b02c8cfce74562ef86d384eb134204ad0a1bb79463ab425
O26-15,EC1N83Cbinh4feed95c509b,32923,497073,f75c0e4bc7012fae0411cc39feaaad980d50ce0c32d4c75f6a16a807301cd133
O26-16,EC1N83Cbinh5472a733b417,32547,491433,3a569c72c70f9e182e189cb43e0559c507117408cfda80fc90ce925e384175aa
O26-17,EC1N83Cbinha35d46c34b9b,32926,497118,7341072d51d9fbe7af739c49ae176070f2caec91ca159e4ad5104204cd257cba
O26-18,EC1N83Cbinhc832daf39c85,32658,493098,bd83b907bbd48607260c8f9d65e6601c1af5ba0c632c1de6b356421efa6de3b9
O26-19,EC1N83Cbinh7eb3b7df20a6,32769,494763,95348d8c9a821732798cc3a004253ecf84373532c7b49c71416a203318b3ebeb
O26-20,EC1N83Cbinh2db4a934efab,32859,496113,657a70860c277af83a4f7f302332371a3f6b016afc27ff33a3178c35a6dbed6c
O26-21,EC1N83Cbinhbc945de614f5,32544,491388,1db3b2d4673718f4325402fb7620e2f434bce253ed3698abf8380dd9192938c0
O26-22,EC1N83Cbinh2589c52bd183,32759,494613,762962f18cd5eeff1665df2857973ee429a97368a196b752ec585674ec2ae173
O26-23,EC1N83Cbinh309020759e16,32633,492722,ae1c6ebed3fee1c1a3396603641426a95679f643a81c36e3926a870d79e082d9
O26-24,EC1N83Cbinha89d9ac4397b,32672,493308,cdd1d8a54d63c008b724432592c9a32bb086add826c2ad479184cbe6e901fa70
O26-25,EC1N83Cbinh5b470f58a074,32898,496698,1080d55eb69e92e5d442b5c3b7caf1bacf805915bfd108a26295e877189a3156
O26-26,EC1N83Cbinh294c765a79cf,32967,497733,26579176af7b10d7636cfca1f5c60db03ffee390684ebdcafe3d46bdb16930e6
O26-27,EC1N83Cbinh0bda7a659b52,32917,496983,bc3240a216040b1cab43372a634e3bb40e480ee7d6d613421959838e72099619
O26-28,EC1N83Cbinh70468504f946,32717,493983,b89f6b550d4af383789de58f15ccb92b71f0a8e4d39571118df06ffc72fd8f48
O26-29,EC1N83Cbinh4d7a0d881939,32770,494778,3e8f2ada00016631b085f0164813d88cc9b56158914592a01c5a4d80c043fb42
O26-30,EC1N83Cbinh40b4f503252b,32750,494478,5b83f663943cd7a9986af4a4aec5245cfa7b3f96ea2282edc1f327aae29c9e92
O26-31,EC1N83Cbinh0043cf27365b,32636,492768,af47bfb75c0b9343b69c37872ee3934e29c8b563f71599d75964f6e7cbd6b732
O26-32,EC1N83Cbinhe261f4699e84,32842,495858,64f705cffddff0498a488ddfb74b58a001bae62469da47119675e201d27250af
O26-33,EC1N83Cbinh2f763c3ad4ec,32677,493383,dcf724aae4d7463502a1a791c0dc505c7427ccfbb6d6bc360d8355ec860054c5
O26-34,EC1N83Cbinhf6bb5ea045f0,32756,494568,2147ef2b44737e147654ceda76641638448bad8886d7384fc7e23a4e2e9dd138
O26-35,EC1N83Cbinh3d81d96a4321,32634,492737,b48cec050ae7a843dd94e22a01606d27c3cf314abb8ac9a1657bd0e4e9eb5350
O26-36,EC1N83Cbinhe5ea13593b8e,32741,494343,a35aa122d40dfa55b9f3fe3869431a93b43cac05fd1a5067570bf6cbbe1e557f
O26-37,EC1N83Cbinh7d37e118ef9f,32951,497493,a07b3f2aebb39b1ef76448ca287d60241b1983f1db978c2acb92b3b6da5a0c93
O26-38,EC1N83Cbinh88a94684b148,32602,492258,03684482236978707755f54a3eba108970b3182d57c669579cb0b5abf162ae3e
O26-39,EC1N83Cbinh67694b0932f5,32870,496278,0d09873d6e3cf29401f246cef4e630355773f568997d626a0ba3859ae51acbce
O26-40,EC1N83Cbinhe7bafb00acae,32533,491223,a12e29c54ed5ff3e2a57b4c0722ad65964d18a6f5cc250a60d876badc36dc7a1
O26-41,EC1N83Cbinh8cf0f748d42e,32856,496068,1d1b725b3f3f4463e96b32b9bb46bd96b29bcff35a741940347e6a886f90b6b1
O26-42,EC1N83Cbinhcba84808019f,32898,496698,d7d9d3e5047d9ce2f6e9ab700c166bce04828d075a6751fa9ca14c6a27e4d32c
O26-43,EC1N83Cbinh106641323111,32968,497748,ba11e0467362f68a70b7db2911365e2f3a3313dae603d3715a498ce8d70a1321
O26-44,EC1N83Cbinhb42d24bc0728,32730,494178,2db1228c00b1479c035ff8542a2ee43d1e5793fa4df35bac881d0f0652727583
O26-45,EC1N83Cbinhcb826227f651,32911,496893,31860c3e650d0b993d2ea8db63dec24a2b4860394f9d599823a6947c9227378a
O26-46,EC1N83Cbinh33ecb56b8713,32773,494823,020c720bfb613c74e497b0f8423c84f29ff2cc4b0a63806a5370a7702e12905e
O26-47,EC1N83Cbinh82b20d8622f9,32823,495573,020c0efd8d27669e173bec199318d489530843a59fc3a9b94bdeb49a594134c4
O26-48,EC1N83Cbinhf99e3b6ddbe9,32839,495813,db0697ad1a8981043342c1c5ca7ce1078db56ad847a5626ec0c7d2e1b09fb6ce
O26-49,EC1N83Cbinhd0d5898770d1,32776,494868,31c43ba8353baa94cf078c26f7057517c477d7a7231fdf2ca57e410f04d2bb7d
O26-50,EC1N83Cbinh85e6ce1bc6a7,32803,495273,687e5f3b2ca6ae634a4fb6c8fbbe0e5496f4e963e4cebe0575b537963d8e12e6
O26-51,EC1N83Cbinhbfc3326f6ae3,32892,496607,9a45c4dec678088d7290abd097a032026cc96ae6a247278ca27b78fe9f1e1801
O26-52,EC1N83Cbinh49d9ec106614,32936,497268,6d2f2dbcf990ff40fb9335bc93d5e0c10ae91966ae77e71474f43a8d8837e497
O26-53,EC1N83Cbinha0e62e6f7da0,32816,495468,7fae0ff2d1b10c7e63808b63c93262ac82393460f8499f2e3a13baa2f9e5ca34
O26-54,EC1N83Cbinh6d5867f8a1ea,32727,494133,e24d193c1c0210b5d630be843f026dac43a0ee311b65a4778d5dace2ff5dd180
O26-55,EC1N83Cbinhdecb78d65b87,32741,494343,6bdea9cb1f808a143a8ff150ea3e7c91ffeb9bc8263005b9e3a666d0417992d3
O26-56,EC1N83Cbinh3d9d85d209eb,32913,496923,41cef079dc1f38d91f9c60627270a2752a65e5cdadaade537d802aa066792256
O26-57,EC1N83Cbinhf11b11361d4c,32734,494238,e0d4eee9d838d80c725bc3e889c192d17e8d27ab168641de8b458a5605889ee1
O26-58,EC1N83Cbinh6d4c7a737c07,32822,495558,e592485dff7a94dad83439767f2fce76f6f3db103520392d0a4fec4ed9d88fab
O26-59,EC1N83Cbinhe47fe3722ce8,32538,491298,8a6b10a3b81b18f6539cdd6fb3d6d50a3db1dd0d1da39d07583997ecc4832ee4
O26-60,EC1N83Cbinh13763d39e6e5,32886,496518,403dc054089abec01f0a0a521fededf98ce0deb0b4108f1191e9812cc1977c96
O26-61,EC1N83Cbinhafafb2dac112,32898,496698,bfbf9c7ba260109598f52ff51c228d2102b6b128c1e2bc38c369b541c295659f
O26-62,EC1N83Cbinh4a5da910e9bc,32739,494313,c6e681a562e384c7ea2839fe1e5101c6d6f617ef6d0e37e0a9bfcfe29426a869
O26-63,EC1N83Cbinh8a52b24598b3,32847,495933,46ae50e25fcb90887b09c34533362d213cc62e22e2533213f707474321cd4a0c
O26-64,EC1N83Cbinh06e3d744c2a1,33038,498798,bba601f243c2fea29d7ed7ad4c09703e590e6ae4dc17b39b266f6b2724ec0b5e
O26-65,EC1N83Cbinh4ac6d2b25a7a,33161,500643,b51e2129bdc08bec09218ba126b76ade88d33e77b385671c4a0a1fb4bb798a5a
O26-66,EC1N83Cbinha3ed32075bfe,32897,496683,2caf3ab49aa36754042bfd00c4b86c3ff8468b07ff2f626022a049dab7075e61
O26-67,EC1N83Cbinh131547267a20,32922,497058,241f3f7601f7eda8cf7ca75750aaca5ba0e1fde5d60ea5489939628b00215fd5
O26-68,EC1N83Cbinh5b188ceceebb,32863,496173,c665342eb38daed2d6f78395fbb84335d5889f2e204fe832c6c5902f7fd879cc
O26-69,EC1N83Cbinhf00377b41ef0,32876,496368,da25b5f9b93c1700e22f9ae25a5fa0d1f3f39baad80946244cdb44a5de01a414
O26-70,EC1N83Cbinh6e41b7efc2e6,32941,497343,c546342d540c6c9b3dae284b3ae842df72e9a8d2f377af58505cb9fb2de10c9d
O26-71,EC1N83Cbinhf1e069e00d61,32670,493278,730093fde71a8df901b8559d91eee67ed61c3dc8002083f83c1f6beacc0f4e33
O26-72,EC1N83Cbinh845f8f3bb3f3,32722,494058,cf9bee82eee4154dc4768f4f216e76386d13f2285893a593bfb5e5972ffc9f46
O26-73,EC1N83Cbinhb9d9d11622fe,32715,493953,a6d0f635ae039b030f382ac43b00d4a88f6a00d6934d2c4a633c5f15e6e4c2f9
O26-74,EC1N83Cbinh6b497727cf96,33030,498678,b25a2dee02f85c6f519ad35e9bd6e2d456ff52345009e8dae2b60ebd19992a58
O26-75,EC1N83Cbinh3c29db1bc270,32739,494313,e308b871cd76cb63149e4a750a126f5658391594268c069aaef3f42e98d174bf
O26-76,EC1N83Cbinh94cf7cc34e0c,32906,496818,604c8a675250ee5cd47a6c24d0f766090a74004f4690f26ee1e9f260769e42e2
O26-77,EC1N83Cbinhae820b271e74,32768,494748,9c3427509f748fe31fe777111eb00b0aaba8091319b9f44a42fa2db85f21da0c
O26-78,EC1N83Cbinhf46089262086,32767,494733,fc36b166063221ba36f9c9340eaf0bae0f3a533183333899aa0725620913e0e1
O26-79,EC1N83Cbinhb428e1baffbb,32644,492888,9d98d785cef4c5901f1c1038b806a5dbd8e6391677ab3d5d63d98dfe38f8475b
O26-80,EC1N83Cbinh726875adbc84,32931,497192,458c2b4790943bb5459def6b9c1df718fbdc134c585dd7fd41df96bc83b51878
O26-81,EC1N83Cbinhbd5bb09c3e81,32856,496068,2c714c1fe41569e6b246b2cd14d2bdab3037f2e20f7e2c23de14b988b6484b69
O26-82,EC1N83Cbinh73552f3bee50,32701,493742,ef50bb077b4409bf18453a57a31a8b49bb403bbabcebc55720bedc9a96d761e5
O27-00,EC1N83Cbinh15d910d9d7d6,32749,494463,a981a397abf202db8ba20e1bcf788a33d56bef8fe521993b1a6d4fa0c6d50807
O27-01,EC1N83Cbinh48134920e226,32911,496893,462700423804694be9e51e880717dae4016bd340ebabe89747a27cee31c3c7d6
O27-02,EC1N83Cbinh9b0575f46d79,32729,494163,7bccd8fa810f090ef8625ffd8917bd9c82b1dc2e2566f0a52eba8b9491d3956d
O27-03,EC1N83Cbinhfb698b4a8dc8,32906,496818,14da8bfdb55201258d667373cce69d886dce9ce04edd481d907cd8be358a92e8
O27-04,EC1N83Cbinhd5909f83f916,32767,494733,5e86414acb391d27b6fc4f3813f9d9c70dac7117b3179acf924e1e3c44418505
O27-05,EC1N83Cbinh971c2cc68f0e,32737,494283,987e3bcca20fa334e8349f093e292a2e87d25bd969fb3778006c15bb3ba1dacb
O27-06,EC1N83Cbinhdc476ef47c5e,32867,496233,004ef5be5b92f08a00376ff9a350c50b9b58f4cef2794dcdf26df8b372121dea
O27-07,EC1N83Cbinh2da39093a1d3,33018,498498,da0d51856fc1abc3c07c1135d0e6aea500be114a03e866907b17e38c73d965b6
O27-08,EC1N83Cbinh9bc5b47f96fb,32877,496383,18b23b187ff208d7fbf6c1529728f5e1736b046e1cdc061821ae58837a5af4ea
O27-09,EC1N83Cbinh867fc69da89d,32718,493998,27bf6a45ad38369d909c2fca8a4dbc1c4b4009b09386080f20915a3d82c30f07
O27-10,EC1N83Cbinh15dc5c27def3,32969,497763,8e503ceb4347b0adf931bd6479e0639ae8883464b102c054005284516c7cd738
O27-11,EC1N83Cbinh4ffb169437c4,32649,492963,f5707d7f82514c18814dba6a5be8d6123889b417e6cb01e32064e2bd7aef4434
O27-12,EC1N83Cbinhac0526a61fe7,32972,497808,a72b9aef83848ea07ee55753e704645d41864afa936602c037db90bafae6c6b4
O27-13,EC1N83Cbinh1cadaf24e118,32845,495903,e9c12af535e1c17efcfdd84cdaef7e65bbbfa17b04778b42b62591a27feffd2f
O27-14,EC1N83Cbinhde8e53b74fa0,32745,494403,578165ba513ad9cdf537cebddb462dec59baeaafa3df469f42450ed1992715d3
O27-15,EC1N83Cbinh24e892a9443c,32709,493863,c8f5d7cd9d825870759072bbc3cb709800db37e5701384e1a3c2662e3c80c46d
O27-16,EC1N83Cbinh755d73b1a85a,32685,493503,4f2a625f01ad34ff2466b5c5f4d5a80797f35b5d36773d246dc67977a5e80dd4
O27-17,EC1N83Cbinh677da3207fda,32945,497403,0a2ce9b9c4a74ad4a5204e6a9e3fbf23b31cd0fc64cd2297afd03c9d25496814
O27-18,EC1N83Cbinhe69baf32fcf4,32717,493982,2563cc550118cd3ca5a2aa1511a8cfd6f227524dec28fe91f5aad45a0ec754b9
O27-19,EC1N83Cbinh740de93913b1,32787,495032,e644296f78ed1f0c4b30c024c7fc29e44f8aceb5acda8b49955c09fd53863056
O27-20,EC1N83Cbinhc467dfe170ed,32729,494163,798ca44a58346e0327a130f286b9d90f8ffa20f7903a8006860a7014eea06a65
O27-21,EC1N83Cbinh17cab407c754,32803,495273,3427755ebf915cf26a9dc8d1555526128e3bb8da98ea6b684904081592e4006e
O27-22,EC1N83Cbinhba450b9ce4ac,32795,495153,baa2033ae5d40915581482423820fd3c91066adb0dbe483e2e40d00f6ab511e8
O27-23,EC1N83Cbinhba28d17d5a2e,32984,497988,828c0829d3eb7df45fe43f2cf650f3b2ae4d732108493d2d4a46e512afe747c9
O27-24,EC1N83Cbinh3a017ccfe1f8,32886,496518,661cc5a2139eaf37be5a7ee5a07e96333e4ac5523e7ecd0691b5cd546591965a
O27-25,EC1N83Cbinh82da3ab1bdf5,32908,496848,b53d059fec3e091a799146ebb3e4db27b7dff0146688e520bcfa9faa1b55400f
O27-26,EC1N83Cbinh1a0115819933,32991,498093,03bbb8ade5180e974706d5094d3f4bfc4fadf6c549f0404ab5918c49230c997f
O27-27,EC1N83Cbinh7c7fc99281a8,32788,495048,e3e90bc0757f854b0bb417cfbc434c8e0744a9652ef37e0ef1faf6175f4655be
O27-28,EC1N83Cbinh8cabadd91622,32789,495063,12963ace3fe1b744a4f826895bf93e3b0be582304c5efed40657c26bbe75dc91
O27-29,EC1N83Cbinhfcfa8e12ca36,32874,496338,d9e65276399018c100c3df60438f215ffb7ef64c913525e157568e90ba730d1c
O27-30,EC1N83Cbinhcda562ad62be,32674,493338,e5a8f946cb4f8130c59a95058f172c6a29222047d6ad9d0fe7a9b613b7668339
O27-31,EC1N83Cbinh6e7f6b511878,32853,496022,4d69f7f7610206c3c2e83fd576077d098fd15bb15314e5a41e2a067cdb931353
O27-32,EC1N83Cbinh4415b81e9889,32719,494013,cff09a7f3cc5110e24a760b904f732d3add723b91c21c7cdf0eca77ffe70b09d
O27-33,EC1N83Cbinhca702c57bc9e,32705,493803,f50e09dd751f1471f3f057c4e009210cd76caf9ee82d6fde9da52b3b0a48d750
O27-34,EC1N83Cbinhbfe2088affd7,32821,495543,116bb59087b25b1f962b5d50be2ae2841afa39c32a9bb7b4c156e62ee328a468
O27-35,EC1N83Cbinh749428f1babb,32808,495348,aa9810eae82f71c25e31764c584b40d6db9cae7290b47315283905677d49294d
O27-36,EC1N83Cbinh773365532e47,32821,495543,a4b18dc1c21e22e1b697af008f263721bd86edf3385e947a2d31ca456811038b
O27-37,EC1N83Cbinh98680302be91,32726,494118,3de4286c999c500691da61078b885745c45f0ff264ac3d2c8bfe5d3e98dbbb07
O27-38,EC1N83Cbinh978bc983f76a,32901,496743,e429333635267f21247ed7138affce6558b20a883d08f185711740645f39ca83
O27-39,EC1N83Cbinh6ab8f49a6440,32871,496292,c33d3ff9d8b44f37decca61289c2743d764a236ab9d198d66093113759ded3ec
O27-40,EC1N83Cbinh92c24157efbb,33025,498603,7d8262904a6f60dbd310f47f6f7a3b68bbf65ec61c1d21520baa223c911814c4
O27-41,EC1N83Cbinh40f064cd550b,32749,494463,a7354185a406b47a9c46b855595128204ed2f626df6c27e41e261ce444316c2b
O27-42,EC1N83Cbinh6429ce23aa2c,32953,497523,f5cdb2e1ac2a64e5e6f484b21037eb6fae2a1fccc2b4ab0018730c96c39b13ef
O27-43,EC1N83Cbinh9d121e257316,32714,493938,8dc5c134815ff649101e3467aeefe2e69f0910b4040da0db8f627ded19b9b85d
O27-44,EC1N83Cbinhc52d6bacc3ec,32774,494838,517d8a017c073f18c105edad559669d27295d1f095617cd849cb1eeeec2c3502
O27-45,EC1N83Cbinh2bd08f72fef9,32938,497298,7e742827f6fa3c3bb6f6346653f67eaabfa7a600dd9493a0395309f444dbf38e
O27-46,EC1N83Cbinh84cf0e6cbe23,32965,497703,afc88c65a92c6632245b5c5ffbc21024984b9483b4a080a8cd779ebb2935975f
O27-47,EC1N83Cbinh71fb1484f6e9,32993,498123,ab2556092d941ea1ad0140babbb69419f77c2738825ffb3784ed9385f0a07c5f
O27-48,EC1N83Cbinh5a293f42df2a,32721,494043,0f8bd4de54848c005c48e88bbfdcd48f69c468fd7e3f213fab273cd108b5cf52
O27-49,EC1N83Cbinhf289d3683c16,32781,494943,f86459fc6f4ec82450d15ef33dcd32b230dc46ad3ec7e70471f1dc822a8cac6c
O27-50,EC1N83Cbinh692a174f9517,32567,491733,533e50f0450bbe1c0d7cb591beb3fe16ac4accf33adafaf142c46e2fa8c8684b
O27-51,EC1N83Cbinh49cff6ea5f8d,32577,491883,c9039d7c489f3e10e5ca7a817e08913fa6971d291ff39e3ce7a270bfd4aad1f8
O27-52,EC1N83Cbinh20db4c270a29,32899,496713,f0933f603ef047fa22af9db310da13b489ab04f204fb02b9b7c05613deaf1d10
O27-53,EC1N83Cbinh36fda428cd84,32884,496488,3ca229bc10730f9030cc0b98e9842c5d1b5c5cf7caaa4f0fe2fdeaa341c47842
O27-54,EC1N83Cbinh71263038b052,32919,497013,29ed8f066234d7202ee584876cef4ad66b8cf67b6a6aeb8d5c97574b184b6fae
O27-55,EC1N83Cbinh0b71c2216f71,32527,491133,806d13633c21a6d4a437b69133cb952fd838d1f898304935e0a9326bb7ee15a5
O27-56,EC1N83Cbinhb5085bbcd994,32824,495588,0f994bd4c6782e9261e09e78b2f12e0c81fc44c5261958dec82bb9371dcc205e
O27-57,EC1N83Cbinh343eeaf067ab,32713,493923,331514b15b61aac45b588ff3d3fc1f0d2235cea06e2e9ec008d7dd72dc012367
O27-58,EC1N83Cbinh3383430eed2d,32899,496713,01f2b0cb9278effad0d93aac61f7b631ec19dbac58625779e6e64d9f5e9f6c95
O27-59,EC1N83Cbinh421b85e946d3,33113,499923,54c22ba1b39d199e76adfc119d6d78cc2514b891169f8213805712b48cf592d1
O27-60,EC1N83Cbinhae2ebf533f83,32874,496338,5c81ce29063fa97c0fd086e3206d96978f912855574cbafa217c5b2cc3b486e5
O27-61,EC1N83Cbinh8aa479d8fe6a,32762,494658,c2ffb8c70201dd1afc786e5e7b01b9787db9d5b5f537da7d10297898f4e80b81
O27-62,EC1N83Cbinh44675c5fba79,32856,496068,8731867cdb97894a550b5b8990e03da7914ac404eab0e9e8bb0c36b5ffe2d79e
O27-63,EC1N83Cbinhd798d63990a2,32608,492348,54b6f4ee99287d68e94ea5b6b886a47e3c631a7a2e4b3cc29e86856070e5d1e0
O27-64,EC1N83Cbinh81eb24f2d4a0,32833,495723,1b10ce835f575b7b8e7859cbd9e9053e260cb41bdfede2a8b1597e9c87ada9d2
O27-65,EC1N83Cbinhac013a06acd6,32897,496683,08580e49566291e9de78cc99b7ae7c5d6f7a6ab83cadabe243e9cae50903410f
O27-66,EC1N83Cbinhe0993a8ba461,32929,497163,e5c1d7106d2ff1e61c952c9d105ad5170dc46e552da0d5f0524f95d5519a2588
O27-67,EC1N83Cbinh1601f33b477c,32728,494148,c7e7a5abfb2a55e4b25dee52265ec06d9de5c998e796c45b86ffa594ea4f6c50
O27-68,EC1N83Cbinhd8ccfbf306a8,32673,493323,f63c8c2df849669f7606f45c5ad9b8cea06926d03a61a0f2299a2c44c5556591
O27-69,EC1N83Cbinhe13f32e39f5a,32722,494058,1a26fd32ebcd53705d79f850dc29f5d557001657ae6f0baa12b9214f9aa5362d
O27-70,EC1N83Cbinh3620d91c6e08,32653,493023,f582fd95ed112b3fc20191201c1001f541cf1011881beaea1fd199b67f4c2532
O27-71,EC1N83Cbinh79761f394ca6,32708,493848,cde6c5c1d66f3d1837650df607b1e39993c8b752f81003b8c42ccd624757bd86
O27-72,EC1N83Cbinhca9c7b0d0174,32888,496548,3c378108afdecaa2e0ad12eb14aea7f40d17339eb6daa58ef0cf7be47da6e6c7
O27-73,EC1N83Cbinh6004f5157e7a,32881,496443,e4c1250a732095824dabe82cfeeec079d7401fef6f09d280e7f37062625c9e76
O27-74,EC1N83Cbinhe6f09d8c3a9f,32704,493788,4a3818d05638d40192466dee5fe87c871dc453346080e3d07d4142c28e67d4b5
O27-75,EC1N83Cbinh8817d7e4a16a,32626,492617,91cf68a779e1bb7a99b72ef46f55fe9405ec3db48ad87d3b15abcb71adb3fef0
O27-76,EC1N83Cbinhee3859211b5a,32802,495257,cd8040d6d79581696a610a366c921118fbba6ca3ce44bb9996b046666b9c6582
O27-77,EC1N83Cbinhb1135957fd38,32748,494448,f355f5b7f69e276f9561a878cc0dff36b5f5d0f48085b00d8494ce067b31633b
O27-78,EC1N83Cbinh021fa343113a,32783,494973,866be729bb2df1429e9e49cd70e77158b7558523b6f5d2eca2d04f6ad2781c9a
O27-79,EC1N83Cbinhe205e455af5b,32865,496203,6cb79329a1e8dadb11c69081f7d253ae23aab730fdd97c321e2edb454ba232e9
O27-80,EC1N83Cbinhb6b1b1efb030,32741,494343,35743c4141c9fbd92cf16e38e98b9c1c497a0cfd073eb7b3b92e8b30c4bf5c8c
O27-81,EC1N83Cbinhfca7c0352ce2,33056,499068,8f6a28d662a99954875fc899a1e083b892b776ccd68df1e37d32e7e6e0632b8d
O27-82,EC1N83Cbinhfe9cb7653556,32718,493998,8b7567662672c948b5e33230b581965e895411ef611972f445a1a09d85a7a509
O28-00,EC1N83Cbinh27f37b6da35d,32942,497358,1edcb16335e75af62ea325dd01ec2f323f35012cfb48e0aaed627d7369bab278
O28-01,EC1N83Cbinhd52960da9b7a,32814,495438,418c1b2f361ab0af0062452e4725109dbe5c842145cd3e08e2fabe1099ee80c1
O28-02,EC1N83Cbinhc443caa30cc1,32744,494388,35445aeb4d8de9a157203bca4d30e7fd377bbbdc3e5ea7095da0c8c0d8109233
O28-03,EC1N83Cbinh61c972a0cbdf,32849,495963,8c3fffab370cdbe89ef3f5390191f122a1ef36663b2644c1a09e0e7ca3cd287d
O28-04,EC1N83Cbinhf60999f6f380,32868,496248,7e3633610b11787037ea11edd5c0c1918dd2ed72307404bde489cb3b7319ac90
O28-05,EC1N83Cbinhdee394089c4b,32920,497028,ee695cc40d290c0263740ebe853b1e483dbaf8863b30f2b3e1b137265bc3ec2b
O28-06,EC1N83Cbinh71b6a60402c4,32937,497283,be784f2c992315999c6c124d4c1e3b1ca4eb5c59785bb5e44ba6b5bf85ba03ea
O28-07,EC1N83Cbinhff1b052df73e,32574,491838,bbad97f86009a38113021472cd20f94ecf0de333931fbb1254b8e894250b8046
O28-08,EC1N83Cbinhd0f6c2f3139e,32569,491763,f309347135bf11c1fd886202c53709dff07692b1d6e51c19fd05b97621bb322c
O28-09,EC1N83Cbinh31155ee85ecb,32742,494358,91884b825bcf6823aaa005b7298c4fabb796788e9187d9edcc6d8fc7cba14cbf
O28-10,EC1N83Cbinh022300de196e,32514,490938,13c52055458d15c93d3de9c1d04934b5b33106f17d53188d4ebadcaadeacd879
O28-11,EC1N83Cbinhf77390d819c3,32783,494973,39b9199f64e5afc5c875ef061550252e2fa5c3c3411e455b5632dac64b71b788
O28-12,EC1N83Cbinhb5c200ce98ef,32842,495858,e9bcdcc4a8680815116c5c5a4047624d0228755493820122d0012cf6d33e6349
O28-13,EC1N83Cbinhc4ddfc004785,32790,495078,48f3446be56781568422c5d331d6f6d47b4409d8b7cf008905eff4f36664ae1c
O28-14,EC1N83Cbinh52db5e739b4f,32927,497132,f64278a0627457fc9236074ce95e828b28697c19e8b11f34e5f4112a7fd406f3
O28-15,EC1N83Cbinh9d00a5d9b9a0,32600,492228,4f0d2377d15f66d95bea84f2f5de339e149b484209bbc3a4c8cce14ffd4f22ea
O28-16,EC1N83Cbinhff583d9613e1,32668,493248,7dfb022c81aef8f1262278556f3832f3306b1ac71b0d13fac23c0e7f854ffcee
O28-17,EC1N83Cbinh49f217f06a5a,32745,494403,8a1ab778dbec863d18434038773aaa21da270aed9152636bce828f60c6b91bd0
O28-18,EC1N83Cbinh9c816f2bdc50,32738,494298,e399024a506b83f56b09a2c7e3e94ec281db840ea6451b78bf15ed0f116fdef8
O28-19,EC1N83Cbinh1560c5475025,32669,493263,566c3254541068fc84436c6e2be237fd51cb954192df7e5ee73c01b3eef8c4ac
O28-20,EC1N83Cbinh75b37a823804,32640,492827,318a13b606276daafbad91d5f8535c92e008d40c3bf34fd747daf23cd7fba3fd
O28-21,EC1N83Cbinhc6e4945dfff3,32907,496833,eb120229b694351523a18282195210a71f18de11228e813a7bed590e8529195e
O28-22,EC1N83Cbinh9c45b6ce2cbb,32833,495723,ed7b7703e9ddaf8fac9528d5386fe815fdc410c60926443576a5238b9317a220
O28-23,EC1N83Cbinh6aa60625e9eb,33147,500433,0ddeff3577eb864ff7492fb52c8b9ef9a0ac814d724845a08eebf19ea0f77aa1
O28-24,EC1N83Cbinh8b4f0dd633d7,32599,492213,96dd1d0ffaec5a16b89db7cc31dc1e819ada7af3dba6ad21587d7391fe62166c
O28-25,EC1N83Cbinhae2a2ea6da1d,32950,497478,6f6bf64382cc41da46fe35a0bd7c5d520f5384a1d4afac9d480c1e57eaa5eaa7
O28-26,EC1N83Cbinhb35d0b8f8a40,32810,495378,f7bf73f3f1f1ac5e9e8f6cb7fcd12de0f5932bbbb87a55c3fd527fd09496ace6
O28-27,EC1N83Cbinh5320f0f56014,32741,494343,abb34a8b1ca4313e0e098ed56067996782f8ff2714543c59edbdb4c71da18ccd
O28-28,EC1N83Cbinh9d18c485abd8,32983,497973,9df3bbf29c955e0a0ab10739bc68f9b9e9e1216077370b601e28608df63a7f71
O28-29,EC1N83Cbinh4895b2778f91,32842,495858,5c416b54f512064ca67afbb040ca88aa8b2d12fdfdb3959787ee7c7d3a5df966
O28-30,EC1N83Cbinh2db9a4a31e76,32936,497268,762c5ffcd2746fc8d293a3836c5dec98c047a2e7461cdaa246d8c3cd65639177
O28-31,EC1N83Cbinh6b47b0b694ee,32997,498183,b851a8d39b63b9b3111b812b1317c343f2e73795e7a0d4a3a674749bada75bc4
O28-32,EC1N83Cbinh8e8ff71a752d,32841,495843,755c3aa42a0e15f6e6618c67f4c7dfd17ddae91d5aa8ea169ddd189d55cea186
O28-33,EC1N83Cbinh124588b2e289,32919,497013,c7994e7f286d53620c08356a2191b79eb3d1e8960ed10324242a92b2d99140a9
O28-34,EC1N83Cbinhbabb4d0627ce,32862,496158,41384cdecf005335dde1e29c4980c30a579e2ecf2f3d0dc3f2732aa1ba06f106
O28-35,EC1N83Cbinh884e6e7485ab,33053,499023,df6ec71ad6a3059a8033694fa69dc4103fd0362ae5e42c61c44d68ae62299407
O28-36,EC1N83Cbinh911d3e21181d,32790,495078,bac3084413dd1eb33514cb401534f98cfc1db685ed4876111ce8fcde8c09715b
O28-37,EC1N83Cbinh695ae3e53615,32920,497028,552defeb317a8edd07bb8143c90af248283a5b104c92de20d3923eb50e4b301d
O28-38,EC1N83Cbinhc564fe71cbfe,32683,493473,9902fe195330504165e2f60744882b0fbce49c38967fe1380ad9fc9795b6fd3c
O28-39,EC1N83Cbinh4f0d855785df,32908,496848,91e6f4d3614df4e763e07b206fcfa068378e241fc2456273ca6b26446ffe1e06
O28-40,EC1N83Cbinhcb9718259de1,32665,493203,b6d211ca138f29ed5a0a0f77a35b52f30e870242eccac377bc569f9eaf4bb4d0
O28-41,EC1N83Cbinh186636f7a8d7,32811,495393,650a64d880171bb98d991c10c3dfa2efe03f6d4eafcf53ad18fbccc01b3912cf
O28-42,EC1N83Cbinh9647c8501f61,32981,497942,7074fd8ff064037a52c3fcf1c52725ddb3625a6a9669b997ba177f708b77a2bc
O28-43,EC1N83Cbinhc5eb3a4175e5,32786,495017,3bbd7eaf4663380afe84a9d291d78a5beabfb897cff3c29a44c8dbfd3f0706f8
O28-44,EC1N83Cbinh0e040b97171c,32869,496262,343fa5efa07ab6f6648bdb6b8d4821beb761bf918b6b2dd26ef9b9ec28bf11cb
O28-45,EC1N83Cbinh64906ffa4520,32721,494042,5d0d2a9df023f9287d0f347b33590b4c9c00f074187658e49c6d0f453e640741
O28-46,EC1N83Cbinh6795c583f312,32731,494191,c6b471201fc8333f7d699812293ea304232bb53b5ebdef5d79da6dd2e21de7a0
O28-47,EC1N83Cbinh97cf9f29e573,32830,495678,5e7e1a8b8951c0cc3179497a7248d375786537b1b04a2a0e7fcda1b666cb442a
O28-48,EC1N83Cbinh8139fafeb441,32651,492993,0206c6072431f366be314310fc374930f7aca0bc281aef2df2a694f3706ee0d2
O28-49,EC1N83Cbinh5cdc32c1ae06,32704,493788,4625bb3866e23cb4548813dffff8936177e32535eddcd92de791708b117d5c45
O28-50,EC1N83Cbinh64d9c988a290,32875,496353,b27910843312889f0e6ed62cbdc3ac12722ad5b7b2720627211ad6743fcea7b4
O28-51,EC1N83Cbinh290c79ffa7b1,32805,495303,e92c58889d24d7d120feea518e2a0ceec7594549a49de381a0c27b8d7f217ec1
O28-52,EC1N83Cbinhf3cdf5fc4404,32803,495273,51e4a1f21de6121f6ad5cfe21c33aaf0e928579775062cceb4394d7688cbcefe
O28-53,EC1N83Cbinh8a4e40cfae8d,32599,492213,87522f0eaac8138e7012e5be52a49cc226fca5ed27168239d16746705143c820
O28-54,EC1N83Cbinh306dfffd2c6f,32825,495603,6e1924f604e4e20b801f263e5ff7615c0b7271a61bd261722e3eab63621a4600
O28-55,EC1N83Cbinh4bce18eb9f65,32854,496038,c70a48a3875b8bef5099c0be9a65fdce93fade20440976a33824cddf5eac099f
O28-56,EC1N83Cbinhd1284d75eed1,32964,497688,c230f41a8e93d128c323779b5c9cee2f64506ca712de6609de4260158041c854
O28-57,EC1N83Cbinh604b5a874b61,32792,495108,21de0950e882e900d130e525f04741b47d73c6713d4a41efbae07d0063d4eeb5
O28-58,EC1N83Cbinh66c0e3de9e4b,32776,494868,de585294e87367702fd5e40ea9e0ebbd717dc27a5b9ea2e84bbc3bdcbbf6a29a
O28-59,EC1N83Cbinhbcd407364e01,32838,495797,3b11ee22905c6834a4de34f780ce3ca0b353c61df62e6d59e05852e636cdc3e2
O28-60,EC1N83Cbinhf6a9144d5648,32802,495258,fab88741ed79b452556de83c4607dd1e2bcb51a2de6145e5171e0dcbb2cc53a9
O28-61,EC1N83Cbinhda7b20bf3c48,32929,497163,ba75667dcd0aa99e619db5dcfbe92857b7c9d51d3b486ddb02d82780972e6b65
O28-62,EC1N83Cbinh6a0d10ad5e07,32924,497088,5efa1294aa74aa3589f83e05502fd45c0b7ff164523c77bbe6df679e135e149c
O28-63,EC1N83Cbinh9ee514a9d096,32880,496427,ed2c9009078af23572401cd3e2a87a84319c94c4dfe73fca71a6ae06356f325a
O28-64,EC1N83Cbinh94e32ee77688,32991,498093,cc936d64b0a883455663946fb44784f67df78b6dd819a80843e9ae8d303241e3
O28-65,EC1N83Cbinh80d03443d270,33087,499533,e0a66fef4da6694be629660a562d697a9f912492febbe53bcab971cbaf772ef2
O28-66,EC1N83Cbinh6694c652c691,32865,496203,00a6c34df1f704dfd9a679c84968a2683e3156b4cb272c33df2d51fbb4d88753
O28-67,EC1N83Cbinh614f49ceddfa,32872,496308,950a067dcaabb0f6f04af4247fa247484effe9582dd8097108bb9cbcef59f96d
O28-68,EC1N83Cbinh5aaa10fc5334,32756,494568,fa3b7960f566f9215317238c10d566a381a930e399b32e2315c08d8acf05fb38
O28-69,EC1N83Cbinh2b2f48574631,32806,495318,0420edcab1a63bea74d00b0c0088ca2b189338683c6dc5f490585718fb239f97
O28-70,EC1N83Cbinh7ae03e36b620,32720,494028,45c8fba6ad09081f11cc24ba7c53654368b9a00b9cf5ef78ea457fc4a5fa22d9
O28-71,EC1N83Cbinh8ef40aa18b49,32860,496128,4a423c9222a48550c0b235d6e28a7a33e9ebbb61655376264146b9d03b42d9ac
O28-72,EC1N83Cbinh2b57854ff2b7,32779,494913,314a1ddb8682ece83772e6c47c143344d265c4ef7e2c1fe3eb3b596a1441a7c1
O28-73,EC1N83Cbinhbf62c8beef06,32846,495918,da3225772ccae63ab7ac7c4d32c4c21f9f17d05d3cc2424636dd591c58c4042d
O28-74,EC1N83Cbinhe19bbea0b1f4,32837,495783,6e99d4c1e1d4de8fcbbbcdbe62d6d920f215afac162ebf6675a304525a03baa5
O28-75,EC1N83Cbinhf2c9f84a6185,32870,496278,3269eca0a8ef29b3606c1e447d898e03b04e200f45e731e30ee753c96c2f4e69
O28-76,EC1N83Cbinh4e39a1784546,32794,495138,9f6eca0ed089ae7af755767a3ad84c6c45bdafda8850ec13ca5f9c95b2de0ce9
O28-77,EC1N83Cbinh8eae9d52e199,32698,493698,fd25ca06be6b6c050d08e1cc702cffccfc6181fb28a870517ba268bf718ef47b
O28-78,EC1N83Cbinhb58c94e3c565,32584,491988,42075d1a27a3fc2236e4332d285c1140d19a01fd2acd8ad22f0406a9460ed942
O28-79,EC1N83Cbinh40b412360680,32880,496428,1d1650de40aadc97c45d3fa93f378c182a9a71116a714c68e9c07dc18381a009
O28-80,EC1N83Cbinh38ad35b1e56e,32785,495003,c37046d13a523b65dd765bd34e203bbe7aef40e41cbcc1a558753a59581f47b4
O28-81,EC1N83Cbinhcb8ca4e509b2,32684,493488,b4a25f3dfa60b42abe09b1e370395acde1f6ef59fb7b95782f35b8f7185cff1e
O28-82,EC1N83Cbinh4f20f066bc27,32617,492483,bcd2f37cfcaa2107bdb6c5198b499de61e243f729c6c9468d39e8770d0d92810
O29-00,EC1N83Cbinhb46488151012,32795,495152,4b7257452a1a51256d762bc0f8b58a390d1729e95c34d514d9936ad07b4d3120
O29-01,EC1N83Cbinh321ffb73b36d,32750,494478,bed91d365c89ace3e1af1002770b08aa963da0e60064f811645333453cc15874
O29-02,EC1N83Cbinh6ef7b76bbe3d,32984,497988,82e655cd900329cfce19a402be0507857c3931d451e53cddf5811ddf8acdf218
O29-03,EC1N83Cbinh673d1fb74b73,32743,494373,4bc225ede6be00abbe16310955a70340ac89ad69bea0adec3e3b742dedd50b8b
O29-04,EC1N83Cbinhee0d90a31c2b,32811,495393,048b66a258572c0abead664450961d89c7df5443cbddc21a22b0b91c220fa17b
O29-05,EC1N83Cbinhf17332466590,32485,490503,41873278554cd9248fa6cfe4f0a541648e61d351824f221de72fe8b885c23b0a
O29-06,EC1N83Cbinh7bf0b9d7168c,32754,494538,406f206d2c6f81cde3263ffd95acc5efa6c94a7a34fe9dc9d4c641787490c167
O29-07,EC1N83Cbinh171f7ecca175,32715,493953,e0e8f7a4abe7fdf0af95fcfa78e8992af95f4b96994a32b225bfe204011b586d
O29-08,EC1N83Cbinh41f78d0ad949,32880,496428,bf483f86a514f5c24a85218466539a052ddc2b07f442843dd3823c6100b361b6
O29-09,EC1N83Cbinh6408ea013090,32611,492393,0b2082a22a80707549d47fbaba53c2ac6407c2748d71ada2b892e238825918b9
O29-10,EC1N83Cbinhb78c4fa4ab3c,32794,495138,c6938c13c7a8d38a3d1d1d3e7dfe72ca46c8650f126227f33acaf9def450da57
O29-11,EC1N83Cbinhe9944f41ad3c,32849,495963,7710775ed1bf8a5804fd0b9df41512e35383e09ba0d2091e348dff5f6131aadf
O29-12,EC1N83Cbinhef98e10b45fb,32880,496428,6388c4be206db3f09f174418e66d93599d145f8d6424b9eacd078e452383987a
O29-13,EC1N83Cbinh917791ea7da3,32717,493983,57962bd160e8fc60475adcc4a505409fb087f3c745b85b033dd0be18d5c05f07
O29-14,EC1N83Cbinhe50bf58fc7ab,32697,493683,8cf22274daeeff8ca70d9d0c17b7235565c64e89ff94ec8fa6e9bd92da924b8f
O29-15,EC1N83Cbinh0c216fd9c6b7,32746,494418,172cbf2589b0c34888da33844949347cfbb2537042b23774fc769e76ea2421d2
O29-16,EC1N83Cbinhb8d4b29ef0be,32699,493713,ef3f0ea97cd0f088e71db6c8edfb829074befbcd52eedaf0fb81a657036b4ed7
O29-17,EC1N83Cbinhd7d8e213f2d8,32790,495078,6eaf046f06bd1611da4aaa2202f220875ad0d3ed9e68099f65a5e21bc8daed2c
O29-18,EC1N83Cbinh9b36c6c58ecf,32775,494853,12a8173957dfb943690d7a282808409aea2355985782683080085ccfcdbde20a
O29-19,EC1N83Cbinh6b48d7952fa6,32808,495348,05e5127d4d84c43a0f2e3232f9f0823b3621941ad6f5d09599ccb170b697b60f
O29-20,EC1N83Cbinhee504a5909ec,32864,496188,9d7860c2ce2767e85eed23178a849b72b4ad4537f789cec0acceb6d37b6b2b18
O29-21,EC1N83Cbinha1b4e12e1af8,32944,497388,bff10bbb9b9b16e2199e2d6a505f17422749bfc8c80881f7fa277e2d113eda73
O29-22,EC1N83Cbinh9203187b9dc8,33146,500418,7c6b0790ff45f9194425d871b9c8dc52d69517428a99a177e6ec9b54b3604090
O29-23,EC1N83Cbinh1b951279a90b,32753,494523,4b2df870bd70c80ec6349ddc197224bffe230172b9c29c361ff515fa6d09947d
O29-24,EC1N83Cbinha4e7fd41faf8,32655,493053,2dbd27f142c7600efb1111e4fe06a3cab2106989a7dfd2a3591ab912dfa4a502
O29-25,EC1N83Cbinh1029cc9dccc2,32761,494643,03fb632dd216be740a9548431bdf5edd0968f509bce3159b6cb6fa9f28eabf7f
O29-26,EC1N83Cbinh0b5b777ca4f1,32988,498048,69eb6525f02bb76bcbf10cc0eda9b86b07c32d2815ce529cc0a8aed3a513024c
O29-27,EC1N83Cbinh43982be992eb,32615,492453,12047f63ecbc5571635728a109e12f1f386849145b80a6139060267910bc03b8
O29-28,EC1N83Cbinh2052effbe6c1,32926,497118,0e8c4b746d16da673e2a669c16ad0e0705c0c62da4f5ff117056dc21629b8a4d
O29-29,EC1N83Cbinhde267c7e6f27,32945,497403,9f755888a870be3fe92daf6b6f9556d29486829e6a0ea2a04455c495180e74f7
O29-30,EC1N83Cbinhef263f8a97be,32797,495183,8985d6d95e1b9c7a5feec09495887439a7008ab1235e496220145b0ed6643891
O29-31,EC1N83Cbinhf4e24aa1223b,32644,492888,ecc4b94083f2f3ff39d0267f76368e0d6957582a7d72dfd1ddf5fa94ca5d44f9
O29-32,EC1N83Cbinh0aab23cf50f3,32640,492828,8228ce50ed6e95ac158b2188a83d66174b4f08939cbef51d0c5a9f898b8391f8
O29-33,EC1N83Cbinh94c1acff00aa,32952,497508,7379f3ce4390935c0331a6b24b1e0faaedd5752304fc9736bf929a41633b2043
O29-34,EC1N83Cbinh7f0296a51ea7,32908,496848,f8a9ba2b4260b6f48979d91171f0c21661bd67e403de31432cbbc4b5866fbb7a
O29-35,EC1N83Cbinh264c4f28ee10,32724,494088,e828bde4082557ead6e7d50ba4acb9455c2140f392518a1376fd66e26cc0efbc
O29-36,EC1N83Cbinh37e3a2b3b24d,32665,493203,2a288a6d395b7e551367bbb5d6f2ba600e6116b9cd6d98090dfe99bf6831df8a
O29-37,EC1N83Cbinh07d368866501,33032,498708,e6cb9bcd9290fce304bef3f35e80289e1839b55692c3e2684de9bcbc5d206c92
O29-38,EC1N83Cbinh374337fbd0b5,32677,493383,dd0bef1ceedc52de5b8a11a9b6d676c26b583737ec113fe187386cfb268d049e
O29-39,EC1N83Cbinhe17e11f00e08,32747,494433,24d921d5f27278ed685871cca7732124657ced4aadc8579b2707f262518416c3
O29-40,EC1N83Cbinh5345ea858608,32580,491927,83a9b52eb326c25171e2b1f8a66fdb968be59501870c58a1b5e95f7833b7fa90
O29-41,EC1N83Cbinh6e38597d1fdf,32765,494703,59a096829803f853669075202d812ab7a3ee349d36fac694e8a2da9f922553f3
O29-42,EC1N83Cbinhff8eea21decf,32608,492347,0f217a08176180d9c8ad19e2deeff8c81d99b9f256c04c8a82d0f0b288bb8b38
O29-43,EC1N83Cbinh5b5424cd746f,32820,495527,2e892f9037b3d378109b4acaece8b3d56ee2d1a399168f2f131fa7e1bc0f2782
O29-44,EC1N83Cbinh8f8559ac3453,32775,494853,dd63ebe5f6fc29e51b3a6f57073702e53f6a62893e6e2c800234f7779c1ff705
O29-45,EC1N83Cbinh2ccdf36ba1c6,32785,495003,ddc32dea6f901575c9affe9c6ce656862fa951eeffd8924a10e800a9c69cf35f
O29-46,EC1N83Cbinh249282b8838f,32718,493998,85fd577b24b92fd372ae896f6e8fe8f8920c7fa5d5666688a270e355c19cf8a6
O29-47,EC1N83Cbinh50e5f39ae7dc,33115,499953,34d8c25bddbb0b807bd339c27e6f1b241cff3545fbc5cc9cfabdcea7bd8f276d
O29-48,EC1N83Cbinh99c63feef141,32831,495693,84c9ad125caf5acac7b1ea58017830d925f9af5577a1c2dfe2d0ffbbdfa04a89
O29-49,EC1N83Cbinhbf6f96b69e79,32632,492708,b046efaa8232086289a51c257601bbe0bab090e36ad27516585651462226eead
O29-50,EC1N83Cbinhf64a3ece0780,32940,497328,88892e8cbf97bbcfa3906baffd725f488ae545743e342770234370b28ca9bdc1
O29-51,EC1N83Cbinh479d587b3bcb,32908,496848,cf880da408bb8bfb62234c56429f87b6a5eeb01f822f8b23ea5ff4955b82520b
O29-52,EC1N83Cbinh3c0a90796e67,32754,494537,e24c94ed6b246f38fa3fad2e2254428450a1bfdd51b710190fccd46cec0bfdbe
O29-53,EC1N83Cbinh9df37d23e147,32907,496833,5994567b140a077119e4211d059cf394063b538ea04b62f9010891ce2648f522
O29-54,EC1N83Cbinh1a131d52554b,32741,494343,a84d0592a96dc5e67fd0fea5763659ee03dd8747cef4e53d5e5e1143251816f2
O29-55,EC1N83Cbinhe2f639a9f601,33076,499368,c6a8131cbd4ca1088de74731f11398e46e844af19ade101b926523517f46d4fe
O29-56,EC1N83Cbinhc7a91a5b5c4a,32682,493457,3a9fb11480aa0114428c868356b3b2e125805bad1633a8b4a44cb39115514645
O29-57,EC1N83Cbinh91e297d831f5,32711,493893,1fdc1e354fb9f4ad3a9abf4f2e20c93ef84de36559ee20a97e24fa01a83deca1
O29-58,EC1N83Cbinh4a2b3bbaa692,32597,492183,9d395f5a2da46d02d3725cabe1daf72f55bd3b38d7221ddbed8fb85e4157f70e
O29-59,EC1N83Cbinh681a303baed9,32773,494823,a03932fb85c05b48c547e3634056ccb0d3c2c8659b37747d76c88b4e690c8f00
O29-60,EC1N83Cbinh34d98d8518a8,32929,497163,b9238d0f74d47f22439d817bfb3056ecbeccdbb45942fe5671ce7e92ba338ad4
O29-61,EC1N83Cbinhc3a06d0a10e9,32720,494028,cbe17d27f8a43988c3515344c17c774c22466f1276e3586569f757f45fa23776
O29-62,EC1N83Cbinhe1e328890e36,32698,493698,b3cca8be28e987b71a668f7e1add3d55ff899df061ae49391ef9b1394ab2455c
O29-63,EC1N83Cbinh45f506181a45,32989,498063,da53e0e489a173434691660b41816be8e75b63dcdbc3f499deb549bb4d83c8e4
O29-64,EC1N83Cbinhb7a9388e8e20,32724,494088,4192b95eacbae6143ad1526b83dfe00775849d8aa692b5e3b8a3c891785cba60
O29-65,EC1N83Cbinhf2479ee3f9b3,32740,494328,f375578007ed26b6137fb510b91303bc844bacfbace1e5c2de733e3778225d04
O29-66,EC1N83Cbinhdb9e0b3086c4,33020,498528,2b85df052301ea0610535868c054eb3d784c155fd6760c5c32315850dcfd4f23
O29-67,EC1N83Cbinh345e75cdbfbe,32780,494928,03d0902ae8ce4b0c0729a67e54016295c0f869885e974332532ae9c921c11a74
O29-68,EC1N83Cbinhdcfa72a0f8bd,32860,496128,99dd94bc56fc96243fa5af56616b505d30a1fe2b855f5bee6bcc5048ff51ebdf
O29-69,EC1N83Cbinh7d7134fa9dbe,32910,496878,21d198aab415337704b0ae4d0aab7907ae6421454b3da097ef21e0d80d8684ea
O29-70,EC1N83Cbinh69e521f0d646,32808,495348,31d4e32ef5f7f80b316701f0cc28bb6228312355caf30bd82f8e6e8adf0cfac7
O29-71,EC1N83Cbinh74bb55e610ef,32751,494493,38d55ca1dd25456b871e6887adc8348e6acba09e2f93e5842bc21ed3d142632c
O29-72,EC1N83Cbinh79c2e6659040,32893,496623,acac8c22a7c300900b3b530cacc7785db787d01e53c3039182eb2b3f3f01988c
O29-73,EC1N83Cbinh71818a77deac,32686,493518,86edd2f99dfd0d3221bb79f080e03d8f41b9aeebd363ee87c433e9a18edc11dc
O29-74,EC1N83Cbinhef3c55b5ca22,32936,497268,e50ee3d56b85632a3feb1f5d8fdc0f03fe897a5cb1dc1dd015c6a11b96354a88
O29-75,EC1N83Cbinhc889c28c05b7,32677,493383,c885d32e60418e5ca2e92c789f42c41907188810384fc4045dcfe6e124b8ec86
O29-76,EC1N83Cbinh8e4e620e3f22,32874,496338,2d3dd6abfa5f3967341913e6cef9efb075af675249da6d2cf708a76f4f8d4673
O29-77,EC1N83Cbinh0983004f786f,32955,497553,e8474538a1a1c424b4a421fb91a4f1844f4408c461f3957913805d5118450a67
O29-78,EC1N83Cbinh6368f94f63ca,32772,494808,98a442143fec0d1ae4b1523db1f1b1371a232cff8911c577bd25dc8ec96ef332
O29-79,EC1N83Cbinh52831936ac65,32910,496877,1ae79b73ac78dc1d1393954966e787e2db541a417f99627786fa871371e4838a
O29-80,EC1N83Cbinha9ef292a1717,32647,492933,ef99f635f2b3e269c633374bfc7caa45e127bef9c39d6525e51a383bc99f7184
O29-81,EC1N83Cbinh7f616169448f,32717,493983,21aa52805628841be60da2227e697287a5c64338cb3e4a8ebf8658309df69080
O29-82,EC1N83Cbinh033f1da93d54,32848,495948,d81002e7b94f8514f6ca065ccfc5308dc5d870a85406cb613a620379628c0c87
O30-00,EC1N83Cbinhb290863111fd,32975,497853,818fb774e6370323204945705b8994322030378c088c2c6eca2cec6c62daf294
O30-01,EC1N83Cbinhee44a488ae12,32741,494342,00a3792cb22b49624e1400616e6bc45fbcaebb43b97863224cd4ca4f4020efb9
O30-02,EC1N83Cbinhc81216aa3b90,32616,492468,a9ec1975aca98ce8c54de859b0de99e09fc2e6f51de1f2181c9b08863328cf84
O30-03,EC1N83Cbinh0c118fcb235c,32902,496758,ce425449223a285df0e5935fc985e08491df9ab2b41a80ba428e40610ed17502
O30-04,EC1N83Cbinhb2af91a654c5,32778,494898,53349e3a6916a96fa50352fc89702bd656f32b9784cc369876e98da1334ef113
O30-05,EC1N83Cbinh6cc567235487,32772,494808,710797c08c9fc322b87a739be04310bcdc153f75384cbca57bcf96e08685bb5d
O30-06,EC1N83Cbinh0421f8439ba4,32780,494928,21058ce98665f10dfe19c655bd9efcb578618288cd83134ab6e0d448e8317e09
O30-07,EC1N83Cbinhf9c5f0747d53,32653,493023,90a4d1f8b7a8d4ede85d5206099578b29ad6e4085f968d18adfb35db6ec37a6e
O30-08,EC1N83Cbinh27d15813002a,32928,497148,b48a3da3d5395e55e10d6ab37ebdab02622e0ff053922e4768883823ef0859c4
O30-09,EC1N83Cbinhc39dce0b281e,32849,495963,1454cc351049806132f04f38f67d480e8da6313217dedf9734d90dc5d5c869a0
O30-10,EC1N83Cbinhac16b7db1840,32526,491118,f4a5cf53284273fc251a2a7084ab206a2cc26f8d3d3c6356088b324ca0dcafab
O30-11,EC1N83Cbinhe1752f9dab0f,32748,494448,45df25643d4c536a3f0213410d0d932e8e6ba4fe4f97335eac2659e6448eb147
O30-12,EC1N83Cbinhfe51992efcbe,32800,495228,abda8abc2ea74fffd13a7546efb5217f1da0c064a21a809fabbb023c18a2e4a5
O30-13,EC1N83Cbinha59a41fad5ed,32725,494102,47fbcd41ba1e0d0719c38971bcdcc9b9f36f93aeb228203fac373a99a3d67d00
O30-14,EC1N83Cbinh7f03a72be457,32805,495303,e004c1d135fcec937468dc1b69d75d4a68a005138cd9611ed80761a47c5487cd
O30-15,EC1N83Cbinhf2dffd9b5f29,32704,493788,8ca84fbbd3b656e27ae68ca7c282df5865bee5ac4714c1ff38cd21e6d463deb0
O30-16,EC1N83Cbinhddd4e2f2ca96,32972,497808,a8b9ba75799088e247d0c2ed30af7a6203dbed59e83d663fd8eba8befc465141
O30-17,EC1N83Cbinhe034b741f532,32843,495873,d5c3c7cddbede672b8f3f3a07401ccdf85cf2adaa8f5a66096c2bd3ea87d6869
O30-18,EC1N83Cbinhc325600eeab8,32850,495978,f2f6dcf8ecdb14c1c592d33ef495c925f5de977b45ecbb774a14c41f72755a6a
O30-19,EC1N83Cbinh0986effa10c9,32941,497343,3fb596bb12ae35647a2d50f7e44207c89e515a434426aee2981938dbe90e2ba3
O30-20,EC1N83Cbinh41e0801b3aed,32726,494118,b829d0628e79f8a61d8ced5889d999928f96a9f410ae328aed5b60dcc4b8d871
O30-21,EC1N83Cbinh37968be29a46,32772,494808,35cdc67b94059aa20e0cde7c3c9ce4b0e0aad05b74e7ce3c2cb0d8f28b767d41
O30-22,EC1N83Cbinh6c22a45c1239,32613,492423,bcdda17269edc4292fe3559173ba699677bc92b96a9cf73f6fe0340c29616084
O30-23,EC1N83Cbinhe2b64d603b62,33287,502533,c5ea7980b1411fcc2b619eb295a592693f0d83294e6f1d180d4f47f47e0cca95
O30-24,EC1N83Cbinh107ae1095426,32843,495873,0d79823eab20ebb0c247e232fb0e5735cc4a12a4d0d4256a8dd78640aca2cafa
O30-25,EC1N83Cbinhc5674fff83c1,32746,494418,f4ccbb3e1e39561f5f0d5761a76353197f55ad396c52b06cba773aef7db13b6b
O30-26,EC1N83Cbinh016f96b8c9e9,33093,499623,fe3007861db7bb0c87a806d4fdaaa25fc5f0e3d0af30527f1b55bbff25185c1a
O30-27,EC1N83Cbinhc7015a28fdf4,32407,489332,aed434d539f55cc3a7fdd71ab2f3f305b2bb652b3e92f5a95c2a3a6740b44600
O30-28,EC1N83Cbinh8f035badfa32,32837,495782,25c219b7618b8cfb1f365a941e1a6d19222dfafa3210b788d3075bdae0224cfe
O30-29,EC1N83Cbinh95c22eb5efad,32626,492618,297b4e11dc682c2efe8fc464e817ed1a889d202a3921d73ed534b354f3f42d62
O30-30,EC1N83Cbinhabeee4060134,32713,493923,696faea2d9e4314a41f5eeaf241971fd288309ed6592e8395788e7ed3cca6afb
O30-31,EC1N83Cbinhc4f600d3264c,32521,491043,b63f23814f4a0a6e6dbdecc8f91b51edb652012d55e0532ef5a3331181e40ef8
O30-32,EC1N83Cbinh500b3fe63586,32767,494733,5840f8840e81bb5c548d63b6cc582d74afaf0572ef5d5df344c0c8137795fdfb
O30-33,EC1N83Cbinhf5c22f812ab1,32843,495873,e1f70adbdd1dd07988045facd2cb47831283f2a257f1c303f07ab8d974743d89
O30-34,EC1N83Cbinhde53d78d7fc1,32856,496068,0928112fd22bd3e1070aa5166ffa8dd9dd0fc10afb28c46b8fa66d9161de24c7
O30-35,EC1N83Cbinh34a8238bfc57,32914,496938,8f35ce9610fc7e93c41bf7356be08aa96bc0071423ea560789b5b0b56bfa5ad8
O30-36,EC1N83Cbinhdc0ad91630a5,32779,494913,8ec63d466a6f1498ddc65cab1dc290ae60b47da472e3928d2aadb3c8dc31b7cf
O30-37,EC1N83Cbinh565fd0269562,32916,496968,07997acd806c8656953a667f2a2f817b8aec6b6ceb7aa0815429bddc15db76a5
O30-38,EC1N83Cbinh20b5653cba2d,32619,492513,70ebe97283c57724e51996b29539284fb3b97de45ce1f892c967135ee9100764
O30-39,EC1N83Cbinh4f6307f0861c,32620,492528,76c09991b4df75d3225330f17c9204e67d388b8766f9895afd2d9ae1e63ea2c8
O30-40,EC1N83Cbinh017973be738b,32881,496443,0d7e36d80d1d37dc2e206c75c7b925978848303d4e14afbdf5e1e4088312d50c
O30-41,EC1N83Cbinh83b483fd2e47,32825,495603,ba9191f4b715e385b49a07e19a617329fbcd8be81404283559bf0280ddd516eb
O30-42,EC1N83Cbinha9bb8182be33,32613,492423,71c04af9498af71534137bdb3723fa43cc32d5cfb1dded8082ec94feff754151
O30-43,EC1N83Cbinh73f02915b9ef,32681,493443,c28dd62f971f8c1e576ff875f6a7d6215f059d1007cdf55014546c35419301f5
O30-44,EC1N83Cbinhf885fd993dff,32811,495393,8e55d8e01d865d39030488dcc0761d86033787f95961b0b243050bcdb6b1bf4c
O30-45,EC1N83Cbinhe8ea34255d2b,32901,496743,8532dbe7cf9de373bc81e43f5fb42d8a6e352e296ca7eb081b694d66694e9f49
O30-46,EC1N83Cbinhedbda9b76eac,32976,497868,b1862164fe8d5515cfc04434afb1858375906435eeafe9347335e77a9a77892e
O30-47,EC1N83Cbinh555dcf18fe8a,32842,495858,bfe52f2767dbb187c326ca11b3a93c1ea1a5425210d7cf226359fe03d4470df7
O30-48,EC1N83Cbinh004f88d03298,32703,493773,a89a0111504b1307619e63cd1ce72ed94c07f59e5ccea1778696019ba965b26a
O30-49,EC1N83Cbinhfd498f05b6d9,32932,497208,e8eec89bad48e639135b4da02089916d6dec85931376551eee58daf5fb833952
O30-50,EC1N83Cbinh85149d0b4cab,32763,494673,18a2b5d60585da8f0c1023bd68d5237faaa17a3431cb0ade7557afe273ccc492
O30-51,EC1N83Cbinhad67814ded7e,32815,495453,70cdc7f3e0efc0a4c3fed2338ce389c7d81b7c832512947cf09cb8d2dc55372c
O30-52,EC1N83Cbinhea2209231a5b,32714,493938,66450b31ac44ca966ceedf41387a49f9398b7366b12a95846ac01483a950c53e
O30-53,EC1N83Cbinha158b248291e,32971,497793,bdca0e2bbab1bfa0afbc28248d754793f2b435f2fa63f4d87dbc29eb5982813c
O30-54,EC1N83Cbinh3c678b669c04,32797,495183,8cb8f52f6b82865502059ee43da19f3d818b2be73bdaf26cb20617f2b5a15977
O30-55,EC1N83Cbinh963c2896911a,32783,494973,fbbadcc1998811b66fabd636eb5ee610a801c8143e2d786762799e65ef3da955
O30-56,EC1N83Cbinhe5fa1b072356,32684,493488,e784d0f48a24d0039ba77e364f48dae222856460b7f72f89dbc04e74770df998
O30-57,EC1N83Cbinhf588740b2d41,32738,494298,8dbd265095e33089de11219df8ac7be60cd2abd298c208dc52bf32ef9a70a99c
O30-58,EC1N83Cbinh2a6739b62dec,32729,494163,7801f9325646db3dd8caca3f8b2d4fd9dcd08563c4c257ec686ca1debe943e59
O30-59,EC1N83Cbinh25ba6e2cce4d,32516,490968,ece35e8ace91368a012c0d9fb0377a221e52bf95e145572b9f59afa31a189311
O30-60,EC1N83Cbinh9635a703dff0,32828,495648,07d70ac4a5dd4f27256acdf34007ba41e191b34d0289967b02980751d8917a57
O30-61,EC1N83Cbinh01c267cd60d3,32653,493023,6ce4cba70aed9927842a88944bdfb37b24e70cd3fc9bee81f4df8bc8a864d822
O30-62,EC1N83Cbinhd9f09dcff3b8,32832,495708,3bf597d0d0750ac0e417bcc5c9ded3ddb0453dfeeee394a47a355d49c224b266
O30-63,EC1N83Cbinh28a452530648,32798,495198,6b8e9d7ff7bf767c0c6ac77c4fab04331845649df431c96880f658dca6bbb570
O30-64,EC1N83Cbinhc167fbee8fae,32898,496698,97f031321cd467575709e48d53bfdf5c313461de7d08776f789e83c81671269f
O30-65,EC1N83Cbinhf0f2ecc05850,32827,495633,870dc1f5b8fe1834ad8f9da0872d298f0041c313363dcc58f1a04cc389d2488f
O30-66,EC1N83Cbinhb904bb5bee9c,32894,496638,a9bf708bdd6f11be0957f5d78344a242dd5ad89ee3c8408c41df08d2eefe7cab
O30-67,EC1N83Cbinh13331e4409e2,32934,497237,cf29b54d6414200c4a62ba46ce0fe078c6f3196f8bb7377edd5a065678fa8f3d
O30-68,EC1N83Cbinh8e53459e3b22,32876,496366,620f6764075f099dff40712b019ee71d48ca16e1ef3266f54282571ebf8ab214
O30-69,EC1N83Cbinh3a08464b3503,32694,493638,d38d099047c1d35c032a03f63d4418f2cef2050cf2f022269935fdd556342647
O30-70,EC1N83Cbinhdae1cbbc47b7,32829,495663,973f1a41490e5617c71e67f2b7e2e66760453cf874305ebf16282cb1e2d5a76f
O30-71,EC1N83Cbinh33ea8c9bd22e,32903,496773,cfd56c3c6455ee87c884ae993e110fbe59e01bae553bf5e9d4ce23275a7ed590
O30-72,EC1N83Cbinhbde47ff9fe76,32805,495302,86e6756b981cf89b0b90e2a404b19cea289a19bcbbfe4eea89a0f3e054f8ce17
O30-73,EC1N83Cbinhafd9c547f1b0,32982,497958,dd0286cecf1cacc319378b0b02291d883fda37454cffd822cee6b33a3ff4357e
O30-74,EC1N83Cbinha194d6bdb5f0,32892,496608,9c389891ea8909deabae47acc102c0858f1d82bb46d8d46183c99d76db436581
O30-75,EC1N83Cbinh8ede6721374b,32644,492888,99327fb9d92145d68a579659f3113a07fa7c483755606ba4373de565d9f2070a
O30-76,EC1N83Cbinh8ffcf904e07f,32868,496248,e7c09e037ac9dfd04a4898f87ccdc07317b27e83a4e099c96ff6a6b4804be662
O30-77,EC1N83Cbinha851c37aab53,32849,495963,b199aed20b822fecb1d1bcc3038e6bc9ae899d705ee4e1848f780d0439c61f2f
O30-78,EC1N83Cbinh3370bc581142,32665,493203,fdd2efd9a00469ffae4c09698eb1a38ea19806aa658b2b22aa0abe4d3ed700ab
O30-79,EC1N83Cbinh73d9c716cfd4,32963,497673,9dbee2b6ce34e1a7947fcc94fcfc73ddf46abeff31ae5e957860626bd066963f
O30-80,EC1N83Cbinhf144ee692245,32631,492693,d47e0fc80d2ce4c6b9df4bf234701a7f97323155c6217074c4207121f340ceb9
O30-81,EC1N83Cbinhda3cfe62f5be,32735,494253,eb48500212ffb4f1116e08764a61943d8e04cd7ecab2a6cf141911380fa95a21
O30-82,EC1N83Cbinh9b92558346c0,32971,497793,165ecc29b472ac1f1e6ce7d9b59fb9ac8553958fd3895c09e059129e3c1bb60e
O31-00,EC1N83Cbinh62d365397962,32870,496277,1169b8f63759fde3ee32e5dfea2f73006a71b60e7875416d24512b1dab9c4c5d
O31-01,EC1N83Cbinhb69552041cf1,32710,493878,e4f7a001cb4103fef4001056d63dae6969b5140d91690a51853563a5c3d626be
O31-02,EC1N83Cbinhe78e3d1e46f8,32572,491808,026b70444d1405c86c798e53446c7e8de31cb28680582c5e0f10b43862935a54
O31-03,EC1N83Cbinh8d5f5a52415e,32556,491568,b6ba6fa680a92dd4e41065dfc6ead0e66624d54ca5559b3fea527d585a09ce74
O31-04,EC1N83Cbinh75833604dd08,32902,496758,58fbf362f9b1fe6f5e2b3aaa0515050d0d28938ff541a744ad4a396d28df3059
O31-05,EC1N83Cbinh94034b7ef191,32695,493653,249f13bddae2c86234cb8b248c19f047a957b6683ca4986caf066cd51ead0b24
O31-06,EC1N83Cbinh49044ebe2b75,32790,495078,3cfbb2b69948033ffac730bcb51e069923b944e5bfd39b965f1abdd296c4fcb2
O31-07,EC1N83Cbinh9ec1d09e159c,32655,493053,2453b04279cf6ea511bd34231922c8c557057af6015cf17d97083d8088d09445
O31-08,EC1N83Cbinh391fc8508ebb,32731,494193,9974e7694bf6a9924a4f9981798d05cee7594ea9bfc6a6c5ad742fc1e4f65d01
O31-09,EC1N83Cbinh5feaf8b07be6,32684,493488,26386de18dcca814566264796525c9cf3cb71ae1c7fea0835081e418c7401edc
O31-10,EC1N83Cbinhdec4c7429d62,32631,492693,e258efc1f58932c4ad931d47811e036199dfd71b1658daecda9fea0ce1e87f12
O31-11,EC1N83Cbinhb6b07ab6ef8a,32683,493473,9389ea62e8e0ba510e990d7753bdfdef7c4332b2a228f294d14be3fb7544e923
O31-12,EC1N83Cbinh8e2cd1a0304b,32579,491913,a513b9cddbc7776af9610b564cd370a9d7fd0e606efbbda75416d6b9fe220868
O31-13,EC1N83Cbinh3eb9b87d18c8,32820,495528,22eadd012cfb13b04cbc9ff1d329f790636ae037aa6d54a46ac4afcb4d73256f
O31-14,EC1N83Cbinhee636d4b0bed,32845,495903,0101095067f1dac8ce7d76f772292181479239ccde48602e35602af77ad79636
O31-15,EC1N83Cbinh68005fb2dd9d,32819,495513,5354fb1d6f4a6ef7f43043b2a3a04c3adc232da3c8f9c4d8b1e775d0a18a15c9
O31-16,EC1N83Cbinhb7cbe657d618,32768,494748,86de3a788bc28b94fa29d72b550536a050a743cfffb772733f8023f603e4ce56
O31-17,EC1N83Cbinh7f2643141103,32624,492588,4d3866ac589cb5cb1017bff52770f0962988cff266a7f09433a05a49c2616fdf
O31-18,EC1N83Cbinhcaa645abc13d,32750,494478,fded6513a42b0883c176ba0fc0b6209142d894ca0c4fb9752770d4639bb31225
O31-19,EC1N83Cbinh4acd543e18bf,32799,495213,1f25e64efe4c3bbfb5c95558b7103bda486ad5b7286c8f05df166e826dbf6c10
O31-20,EC1N83Cbinh0fe9ad9b6237,32890,496578,63070e055fad9435036d0a4546a752ad56dcabfc2053a5d2fe89e3b51f86a204
O31-21,EC1N83Cbinh37cbbc45f777,32663,493173,0d95c808bbc7c6efb17d122870b378552bb7b5a80e445491a315cfa5b2ce66fb
O31-22,EC1N83Cbinh7e05f547d3d1,32849,495963,604ac9c87d2372b80f5142fe15aa5d8c0f282c1363c04ea12ccd41657ddb33c8
O31-23,EC1N83Cbinh774d21a424c8,32875,496352,800f5ed8fd07643eef7d799f6800e52bfcd222c2fdf0cbbb0635f852e3b51441
O31-24,EC1N83Cbinh18a2425bde3f,32976,497867,505359df459c3991eb1e54791fbea0aa5cd08007e39535c8ab3498344c949e8d
O31-25,EC1N83Cbinh74ef02a41d7a,32724,494088,d1c58eb3e12fc2e1479589e7f1583ea8e26e3e8d1e83bd5dc9c9eaa7e42dc126
O31-26,EC1N83Cbinh564798ce5c76,32985,498003,c412354d712aa415bc807afccf0e3b198b6061772ecc428516af136f162e7184
O31-27,EC1N83Cbinh6db71801f1b0,32835,495753,c3390c6aa8f49a95ec11eee00423ddb39bd60862de4decaaf8e9921b190f1d6e
O31-28,EC1N83Cbinhbb725a599626,32699,493713,319aa332280e7d06a5a396263d59df3ce9bebf381f02502bcaf0f75553917a13
O31-29,EC1N83Cbinheef7a7997d8c,32700,493728,bc0cb80eb28042199d305e7f8f69f00a433a9daafb877886e23c40edc724fa7f
O31-30,EC1N83Cbinha1829012cea1,32824,495588,247e9a8777a4c92ae5ae4ee37c268da82519bda41b16bcb0715e5fe0a9deb73f
O31-31,EC1N83Cbinhb21fc99b00a0,32657,493083,2f1aaa00c05eb95de951790347af4a73f9380921871e939da6ca850b1acac55b
O31-32,EC1N83Cbinha8024dc0d699,32688,493548,daf0af53eecc6e7a682fa5a0ea0267c2bfd3f7de40aa7eb87f1af6a8ef6bad55
O31-33,EC1N83Cbinh1cd34e9cd962,32782,494958,0d76ef435844e45fea9a314ea25f858ea309cf114a68445d5834170c923edd96
O31-34,EC1N83Cbinh4fdc2f63bc14,32959,497613,bcbc37e419818662ca02bb4263251c2f82717916ac8f80f3af633b33fde731e2
O31-35,EC1N83Cbinhba8c4fdb2784,32790,495078,ed4fecc88750d1a9c5d6a457a2133f872d74372413013c3d27ba6b647c15477b
O31-36,EC1N83Cbinh8d97c0e3c42d,32852,496008,bde9e17b6e38d53376a447821454fc5594fda9ff30da824971748f4ff3da8c56
O31-37,EC1N83Cbinh96745942ddae,32764,494688,143dbc14aa9f336819fd6aea5f6fda944679760f7918a37dd5c2780dd154fc89
O31-38,EC1N83Cbinhd318ff4525a8,32718,493998,38628f5cc6642cfa63633fc0010e05a536beb7122b66e7acc0fb402c862afe26
O31-39,EC1N83Cbinhc14a36da0150,32632,492708,37ac38b899bf03a52b15c8246ebbe643d0fa79a0a554c77a79e647445b066127
O31-40,EC1N83Cbinh80638e4cecb9,32734,494238,815dbae0c2ac900d72e82acb1a3b451b4c7d25d58f1ecaeac668c45a858f4977
O31-41,EC1N83Cbinha999e59f6ed2,32896,496668,cd79a838ff2a52dce77254a22bcb54fb7c37a68b435d093118802f28dac87583
O31-42,EC1N83Cbinhc94cfe12c651,32731,494193,194e811e0473988301f16381fd2649cb98e5a48303c70e314eaa979c7386da0f
O31-43,EC1N83Cbinhb3363093bbc0,32607,492333,ec63e9af727b29d4edd3d76319618f246544679c32f593fa219381e6903385b1
O31-44,EC1N83Cbinh739e80f9952c,32830,495678,37fbc144f49a0e924560fb7580e9e82cfcc27e90675bb81eee6f453dfd4652f9
O31-45,EC1N83Cbinh3cb8cd9c60c0,32823,495572,1e4c66d9f5519a723d579ee9fcf2e5d73870db27eb8196fcb7861796d51c0231
O31-46,EC1N83Cbinh14f27d78f2e2,32838,495798,0fb143ae51c3780d0d13008452b68cfaac9d196537c48548d526b7e0c7830f6f
O31-47,EC1N83Cbinh2dce47dfe0db,32669,493263,c3e9e4373bd4f33b0caeb14f1fb643c453676d44d8dc1c6d8f8a5e33d17c0a9b
O31-48,EC1N83Cbinh0843dc255979,32923,497073,7354035572bf5d24f9a3d485e0560c473d9983cf50562798ea9676544f6ad0ec
O31-49,EC1N83Cbinh4f21bdca6dc2,33179,500913,a67b0da838d036877170d423202a7bcf139328fb91614345342e38cbc2374292
O31-50,EC1N83Cbinh4559807aca58,32496,490667,76cf1f6fc0b4798a88ec56599e41b0e5150754c4ab01dbda75ce6755f991878c
O31-51,EC1N83Cbinhef20f39437cd,32862,496158,fbe36df0feeb59974610d01d49cae1a178e2c0dc61b17cb372a1227009de1420
O31-52,EC1N83Cbinhd1122ce7970c,32604,492288,3694bc5b533a447e4b011daebfcc473e66c8d38ffecd67f268f047e9255d506d
O31-53,EC1N83Cbinh388815de0e6d,32747,494433,31c27dc942f997abb1c86881898a7f06f04caa4148e55347bfb56d16667bcd62
O31-54,EC1N83Cbinh10e923fd6eae,32742,494358,5351cc2de9c7231e6248da7a6cd1397ac424fcf31e1f591eff02d94772f3b95f
O31-55,EC1N83Cbinhd03fba8d3b33,32917,496983,d4a52f971cd8ed0c38540e941de3738b5158943ae74931c05f2726487c18b741
O31-56,EC1N83Cbinh237661b3596c,32753,494523,ddddab4b35d10cf6db4efdbeb74f60cfdd1a5acd4b8b29b172f31d44072b8132
O31-57,EC1N83Cbinh423440980c72,32691,493593,9dfc020e523979201e6271a2b89174f2ee402b346a5e53b4889cbd07dbedd0ff
O31-58,EC1N83Cbinhbaa18c207753,32708,493848,3051b17861d19e3de5422cddc291682efed4c31af88c9615965b6231fb4ff7cc
O31-59,EC1N83Cbinh781d8a0f8a24,32941,497343,263b0a38cfb354cae7f974c1bd914f94691739fb0d973cc0efd5bb4f0955d7bd
O31-60,EC1N83Cbinhcab527e9c092,32834,495738,ff3cb428e36955281055ecaf8fd6c8ae4bfeec11d78dab24c0c7e49b3e692020
O31-61,EC1N83Cbinheff18a090e3b,32883,496473,f727e6e5561359a912312cd3c9d6925d165c5a4201b82e1fdb148e1844931397
O31-62,EC1N83Cbinh4d064c690a54,32586,492018,18e062d7e56fcfa869eb7b7171214b174dbb6b5881581e30da72fea16682e7e4
O31-63,EC1N83Cbinh6b52072ba5b9,32805,495303,8a5b71acb13a3f2a895c0e4fdd313b470a32ce80e4a7236040f424e4e9a853ac
O31-64,EC1N83Cbinh6c88a01246fb,32912,496908,e9092b70aa381c70d740ab9fc7a0c513bf0366f9048438a30fcd65ed4eaadbe2
O31-65,EC1N83Cbinha979ec8860e9,32756,494568,fd608205e2ff213744c96ddf5ea656fd92a3c3bc49e99e42fec54f587275ba7f
O31-66,EC1N83Cbinh5e2a36d11d53,32651,492993,aa8d31825a40698631ee1ee0fd560fa0a7ddfdba2dc77a248db409652bf2caa2
O31-67,EC1N83Cbinhd2292eedf575,32879,496413,712ec8d81e741fb8396c2709bafec833f0748671c6ab90c9eef2ac8b460ce920
O31-68,EC1N83Cbinh3a041d36ed53,32866,496218,d2d2b2fad7d75c8adc93dc5db8183e62ec00a3a6b2c203f54414743fb88be881
O31-69,EC1N83Cbinh881dc056d67c,32868,496248,deb4d35e10bd220aaf1521164ae0a9db63b7dfd054acb03c89e4a857fd51f6c3
O31-70,EC1N83Cbinh38d9d9863aae,32896,496668,3db311de8f1ed65e2db4d89e1e677dd6e8d565001b6ceed992412fcf3348bf2c
O31-71,EC1N83Cbinh03df5cf3c065,32855,496053,ac73c46318ea6a6478d5f415cd0be9a4d3d2660e29529650ac1bda3a32b24218
O31-72,EC1N83Cbinh69470a4355e7,32722,494058,533d7282a323fc07834b4be2f4ce42eade15275be281099869701c2e66557d81
O31-73,EC1N83Cbinhb452295d32ae,32932,497208,b58c5c5a724ef7c0d0399c84d2817bc2c2806c81a41595bf429aebe7fa3dd0c4
O31-74,EC1N83Cbinh3a0b234beb4c,32780,494928,b9ffa583cfc5b921747472844d0ed64c9376f724283db6d04a242798c4f692aa
O31-75,EC1N83Cbinh9e8ea168dca7,32928,497148,cf5423402bc68548d8186a7e29a1dcd3d4ce647f283a1a4a55a81d40ea1b84b7
O31-76,EC1N83Cbinh80c00daa6023,33003,498273,c54f3e9383bfd877c21ffec630959291f1f6bb102845d64212dfc61558de9bbe
O31-77,EC1N83Cbinheca4bb02a395,32615,492453,78f7f7d09d6e5dffdcbe71f23769203bcb1f6af097060a6464df7bf6086075d1
O31-78,EC1N83Cbinh137b27da9ecc,32741,494343,f9e3affda6b2ae9a7d2d3dce20abe864b9d4ee78e7b05197d761d4e6b754f053
O31-79,EC1N83Cbinhe86a38b3e59e,32480,490428,dfdc22e61ba29b58ab2c56fbd49045d902125e320ab040280cebb25e747c3c51
O31-80,EC1N83Cbinhc1d42cc8ce6e,32752,494507,65f58d126b5a359b71cce5d982ba6f985a67a9f5895bd7d1191a9b11d7a93e59
O31-81,EC1N83Cbinh70e7a4aa270a,32671,493292,eb9ef91e49fcd58b5356a26332f0a69d3ee4b570ca1b36aeb7b390c99eff2f66
O31-82,EC1N83Cbinh31c882268f5d,33035,498753,c22dca290aa34eda469e826dc027901aebde2e9f37c167d644ed27c2cd67beff
O32-00,EC1N83Cbinh697d85f06132,32735,494253,c1ab642bad7944e7669870100ee68eceb33d739bcbc3efd929ab9662bdd397f1
O32-01,EC1N83Cbinh162a8dd59003,32850,495978,e627f1cd496a0ccba3b192ce06073800c0432573402a8ba11f28172ff9374898
O32-02,EC1N83Cbinheb4e8a78be28,32889,496563,737331a638c0a352853037411db8618c5f91eee8e0d2cf396d90afed56da3f3c
O32-03,EC1N83Cbinhd9c7c2280bfd,32902,496757,74ca5398c751bdd82b0d2c5258384ba1a39134b0291f378bacb0d81c23091433
O32-04,EC1N83Cbinh7aa74016e812,32839,495812,617d3fee8d7aef9a0cd792ca00764f17415f53a871469510167047bef86edf00
O32-05,EC1N83Cbinh073b49ad162c,32526,491118,ceeb743a6ac0d957cc7967f63508233bc772bb9670cc7ba3becfe762e373bc24
O32-06,EC1N83Cbinh0b266813f898,32871,496293,96104938992d2f76c44a3aa9078774fe37a2477b51a329153b8adfe155dc2c8d
O32-07,EC1N83Cbinh1813f2c4883b,32541,491343,7aa85f8403404e23e6a07908d5f7de918cfd8a6db82224e8a215de331dd38024
O32-08,EC1N83Cbinh122389b898a7,32611,492393,d0af998402156691509188cd42809c23871b322a6685279fa727cb54a171f73d
O32-09,EC1N83Cbinh579e05c3d987,32915,496953,ee09074b76e094af8d80122bc0eb8ad93972210d7ea5e50ddc5ee3aaae42dc20
O32-10,EC1N83Cbinh61ff14163b41,32921,497043,efadc53c43d11e4a6ea04b08eacc266f056c660fb43e3ba632cc184ab28e2d19
O32-11,EC1N83Cbinh81b1bd0ba595,32903,496773,faf2a27f575910c6db7e0fcbbb7d61d98dd30e23efff10c75e3010e491d84542
O32-12,EC1N83Cbinh9ca9b3b04b18,32660,493128,2525890f0b0c3987268cd2e07b1383dc2dd2a8fa7344af589cb624aa19117678
O32-13,EC1N83Cbinh50debc8c1840,32764,494688,b206e53a4671b96644e74b79cd1f5b05925e1fb66f8246fb5838ad101ae54762
O32-14,EC1N83Cbinh3da5972116b2,32793,495123,17799693f161c8eb0e7f6049799edde1072199e921a688bb688814a42b4adf3c
O32-15,EC1N83Cbinh886fb0a1be36,32750,494478,8914cdf1b28ed66e9b312db59e9205affacc33c7ef893a7a3c404653daceb25f
O32-16,EC1N83Cbinh3c425f9e3d58,32837,495783,b3812abbfea91c57060b4f3a091f9177cc4ac1a8656f00f9a8121a9c12f6c562
O32-17,EC1N83Cbinh7d68520f2d44,32940,497328,9049d2747844b6950483b5590d81e20db2a7441e81dced3ac63c1cb431b197de
O32-18,EC1N83Cbinh310dbbe4e6ee,32983,497973,7d32566031f1045d69432383fe443ba397e9046790a43be10f6bc1cbca64fa92
O32-19,EC1N83Cbinhb91e235e7e68,32914,496938,3a4b96360ab79d655efcb6b0e29bb9902b7c28d4994f69872c50810a7a1781af
O32-20,EC1N83Cbinh509dd8f56840,32842,495858,a93c157bdb045261de37b7d2762eac36f51b2da606dccbb13fb9d1d739ad4876
O32-21,EC1N83Cbinh9defa347ab69,32892,496608,f5b7b16f0e8f5ec5877f8780f60a54ed99c85694fc682aabfef50c01f37f8419
O32-22,EC1N83Cbinh40c622c30f34,32984,497988,4521eb67317d37b13b2dc94e07dea06d81b1e776bf89fec831739736c3d4b548
O32-23,EC1N83Cbinh6e6d47dc27d6,32686,493518,e01d53dd76b227574766f7b70861afceca90d4a2a8c31f1579f566339472205e
O32-24,EC1N83Cbinhabf238786494,32685,493503,f1c689d0f407772e2c6a21a372d6b9d7c53b28ea5a1674e2854fb2c34734eeda
O32-25,EC1N83Cbinh2993d588dc15,32904,496788,7412bc6059519561c80640e451d8ada2be4fc6470c1d87b64167bc5311ea39fb
O32-26,EC1N83Cbinheb4cbb3d52f6,32642,492857,6f11b8009d71a5f03b2367dc216343bf5d862fdf27bd20a5f6bd53a926397578
O32-27,EC1N83Cbinhf54fc8cf05c5,32661,493143,03ea009d08eaee6a2254366a5387913402fcdf6bf1d1d89af95e3903d01a75fb
O32-28,EC1N83Cbinh555f00697d1c,32730,494178,a685485502f6c138210a0176146281ec7b1a3ccb9635e6278616a908e4dacd1a
O32-29,EC1N83Cbinh62251d570bbc,32869,496263,a2a31cd33ec9aa18a6c358a32279c2e03fcda8399c0c0edd165f411cc4c2a2f7
O32-30,EC1N83Cbinh4575dbddfd6b,32790,495078,3c75cda780f3ca09259eb6d2008635c8dccd485d6bc25a5a0c0879b7d4bb2bde
O32-31,EC1N83Cbinh806c0c4563fe,32558,491598,0f28988abf3fb106778767bce0282405528099bb8154d015fa597dc9f394aa39
O32-32,EC1N83Cbinh4d4d9312fd6d,32943,497373,ae1791f6d3fc02b803490649bb7ccfc4a0e946ce9caae7f805c30338d88c7689
O32-33,EC1N83Cbinhfd4e6252ceff,32779,494913,cfa7f9c2deeeabd2c51620e7211bd7dc3da912dc4732fb17ad1f9d14492f8370
O32-34,EC1N83Cbinh3176ec8ba9a1,32839,495813,4e742b06826fc8dd4a55642e9b7f107719a2bc506e4f6a18094141bb883db70b
O32-35,EC1N83Cbinh6ae19f8239ef,32675,493353,82524479c749d8386ac147b2a40c35d8087fdcb107d46a1eb92ab12e2e53e950
O32-36,EC1N83Cbinhfb797ccd86b1,32692,493608,500c54d4b1cb9053f1ded3faebbb606438952d9a358a9805ec9f8a2dd56f51f7
O32-37,EC1N83Cbinh888ae46f3cb5,32787,495032,500d909156f3472f4343325cf47257e2625450fcaf8f70abb5ae6baeba38fdb6
O32-38,EC1N83Cbinh597164ba8416,32871,496293,d346bc0aaf414c70ab95872d1a5c378c5eb8aec4b3b26bef86967006a07fc471
O32-39,EC1N83Cbinh4fa9e0afb9df,32716,493968,a65d1b95051b39e8c1fb2b6904ff499cd766f61d80ad59f1cde7fe692dd45b97
O32-40,EC1N83Cbinh83e645f6af6b,32850,495978,f5750dd9aa632d1994cec2b01c0ff59abda60b1fc37460aeb925705e206f39f4
O32-41,EC1N83Cbinh0a8464bf13d9,33102,499758,1f4a075e75d1aa67c7aeca5d35d8d0c658d827b1732436d48d4cd4f8cdef6012
O32-42,EC1N83Cbinhddae4cee5aa7,32973,497823,1bf61dd4e0f186b4c573985d0233cab0be59a584fbb6d3f2aafb42b2c26f3bfa
O32-43,EC1N83Cbinh171869bc53c1,32742,494358,ac888bb7b87eec2ebd846d358dd82b41edcf518e45351b55f0a62ce66b9e723d
O32-44,EC1N83Cbinhfb6b3162bdd2,32765,494703,ae1fc934fccb84fcdc93f5c635c1bfd4d92cb9d0d0cc467d4b95d8e85de40a50
O32-45,EC1N83Cbinh2d85c495f97d,32710,493878,d5249703912dae54124781dff7e9a955d25169595e1c47c2c3a00aa4451d11c1
O32-46,EC1N83Cbinh224228ac09e4,32946,497418,f05586a4222a1be0bb3b8af0ed79fd2247c933a7ea35d42ddf2860a3cef070f7
O32-47,EC1N83Cbinh32987aebb460,32770,494778,946f7c10b5dc076c1b36a27e0ebbe52c3e09c7c3b5c1513acc2a3000a7e37da4
O32-48,EC1N83Cbinh2c90b5481fc1,32815,495452,10080fa034933a598d6168c9fd998566a6805329ab120a064373c9477b75ee3f
O32-49,EC1N83Cbinhf114b2f0453f,32802,495257,d143bedea92e54c3d221c4856b9ac2a367f7e07efb314e43b3c7b269dbb60b6d
O32-50,EC1N83Cbinhbb718d108a30,32925,497103,1bdf0a841a46d6d9f67f7be5e8fd2283bea1f0d130337ed5e8d294c6cc6f089f
O32-51,EC1N83Cbinh300f46786418,32823,495573,a78c1dc8ac45a1a105ca3e5786dc38376e9d10f5b24b818d68dc21af2c436b03
O32-52,EC1N83Cbinhfe6e9a714fb4,32585,492003,ba355fc9800c127d17a9463d15deaebc5340050a659d350c92dc9709d82f8420
O32-53,EC1N83Cbinh5fa3ec0723ae,32664,493188,8c6cc86121d05af1fa8922c09f9bf039a1df8b12100826ab61ce1db104e65843
O32-54,EC1N83Cbinh85a57a0aa083,32986,498018,64958b34c48d593e5c805cf834590284012df8f81fa33fea89b7c09998a0a434
O32-55,EC1N83Cbinhf4d68b9e1488,32830,495678,a916e28db9d5954c3ff66a71fd308005ee2a2100cf8165c9e966048ff9d942c0
O32-56,EC1N83Cbinh2e37ea11e7af,32995,498152,9662e2f337b932a4a973e8383f7f94d10cac418b886e0eaee1922044d80126ec
O32-57,EC1N83Cbinh1ae0491d5a60,32951,497493,6eab4c57bed5444633cc856e64b427b9336539738bf273d02f52668f18b1a65d
O32-58,EC1N83Cbinh91c3587a3752,33031,498693,284df2992cb0e9a6514b35ff3f2207d2b7b65c3c70d8175bace1903e3a532b1d
O32-59,EC1N83Cbinh444331bd044d,32872,496308,cf65a8cc2e0aa1c17be8e3ab1a2b2ca3aaba3e02ed40c502cb8f92f92b783547
O32-60,EC1N83Cbinhaa6ae16d8f8b,32828,495648,42cf1154340684943a967c05ce36c8d63806140dc8ac04a45eb3e0a67dc65429
O32-61,EC1N83Cbinha5cc03ac687f,32979,497913,43c4b6927a84c6c9be3214fc8598ab16cc02cd394f1c283b817a289d15ef03d8
O32-62,EC1N83Cbinhac204ff6c993,32704,493788,c5c44324ea81b4899e246f8193dc98862d6bc3dac3a9d97ab114a7ecad1c5599
O32-63,EC1N83Cbinh37befb85db03,33086,499518,bfed745751ff0059ce54084b6419fda6e967bd859320bb9ab22001cae04521c8
O32-64,EC1N83Cbinh48951622ec38,32913,496923,88a48dbdd90e404f74dad95f3c0c9cbf3bb001d95b9aa49ad0d20ae695d7c6a8
O32-65,EC1N83Cbinh6a82fbaaabe4,32698,493698,8cdd8edf4c107b66135fc3112fc35eb335e896d8ff4cc59c3fd2c51a35ae6b86
O32-66,EC1N83Cbinh6b54d345ed75,32644,492888,c7ddef845f61bb8fb7856c397752a63e6dbdd96ff4ba5fd5d580f966bd6de8c1
O32-67,EC1N83Cbinh8d44c4dc8f58,32754,494538,8ab8c80b98d0feba185d2c179d8cc95b9c4fccdff4aaff55f46a4c49974ddbcc
O32-68,EC1N83Cbinh3dbdddbaba07,32914,496938,4a60f576bdeb3160c2cb50f31bcdf6ae3347618977f692293b0ac23e7c3c5228
O32-69,EC1N83Cbinh2f4a65d2be1f,32877,496382,425d31aca675cd7426680cd640f51d4decef562982dacfb0ba70c5f5730d536b
O32-70,EC1N83Cbinhfba14af5f222,32976,497868,c5cdd6192aff092bbe1b6ccaf9358df8497ee24a472376285c04a839dd7b7e82
O32-71,EC1N83Cbinh0c46e47bf760,32712,493908,96b32b5901f4f7c3dd8b446fc6305cba9266786bf442a7906206e06dca7b12e0
O32-72,EC1N83Cbinh4e789e07ccee,32740,494328,003d83dda1aee148588d9d06243ba6968cdd555f1cfb8d377f6e3b8850b7da02
O32-73,EC1N83Cbinhcbf89d9b5a52,32635,492753,2b6f3baa7d5ade4ff444d79340091cb9bd88b95d9230d0a9c6ca7adbd115ac39
O32-74,EC1N83Cbinh04ca36ed99ec,32874,496338,234202a622f03fe98f38e776e37afd3f04150325def1eacfe93d38ad0553e66f
O32-75,EC1N83Cbinh6413ae9b95ed,33045,498903,29de5e8a63d686f929e688dc59bf72ad206193ea4041f5f03472aa208e9ce6d3
O32-76,EC1N83Cbinhc83d3851f6bb,32928,497148,25a6137da561883ea904e0c19a750c8a39265282f2d5580206eb32630a5edb9f
O32-77,EC1N83Cbinh034ce4db4130,32715,493953,6ace943a41ef7ea7f98aff43afc55956f2d7c9687487f53a444a3f942773a3ee
O32-78,EC1N83Cbinh65d2f76698b6,32904,496788,62737535ae5471c825a95675392905bcb0cedf36cba8ad842d1ca29aed75122d
O32-79,EC1N83Cbinhfd97c02284d3,32782,494958,835de2172208e75e491b962e27ba563acec3f18411c2d18da74a4f1cd7600c3f
O32-80,EC1N83Cbinha197551dda82,32786,495018,33346c168678b9c4a63d1401096a1fc55b5698cc1a2bf7a01d10f02a9fe276c3
O32-81,EC1N83Cbinh5826f834a387,32947,497433,76633d8f4e7478b8b1af9b023e4be0ba42e7c67b232966d7937e41dd1da107b2
O32-82,EC1N83Cbinh8759a39bb760,32927,497133,7fc1e8ccf5140330f702a782c7b8b0d54210bd4d662a32f9b0d3b7c20cfea8df
O33-00,EC1N83Cbinhb7fee6c4fbb7,32687,493533,bfb9533c9367aa6ed95f888b538208349abe167bca0e1068ccdbc09a88c7dbcb
O33-01,EC1N83Cbinh8a6732040bf9,33009,498363,2be42dc792cf5c5aae1f686c5c3dcb626f6d60b5efc34f735d3537ac79994f55
O33-02,EC1N83Cbinhb01fd362b8fe,32814,495438,b1a338b5dd1ee237be9b496239648ee816364a51acf6261bf28c8e9ac6055902
O33-03,EC1N83Cbinh4519614719a0,32907,496833,c0e0568650228c104ad69eab87d423ac3ec3d5fafa4477f239614352721a2acc
O33-04,EC1N83Cbinh9b51f09295ff,32686,493518,3dc3c5260c4c05398642b7e6da7c12fbeae56d251dd7a50bd1f5c2e17bfb19e1
O33-05,EC1N83Cbinh843ceb3d3b2c,32685,493503,3857ac826be9e3f7cf8bda88250e0a30a5717ac4d4360120f1639126a24eb5c1
O33-06,EC1N83Cbinh7b6ee564a91b,32990,498078,27054fbb96e59a146aa691b5a033d8f566cf993940f86ecd7a6c1554685a9c51
O33-07,EC1N83Cbinh709c99f7a1fb,32899,496713,0aa8b4f85b606da8152cbc7cd2797b98930fb833f7e207f0ccb4053a029c3479
O33-08,EC1N83Cbinh0a628136c89e,32757,494583,4e62e915858af577de3ad37653f31655a292876570234cf697d49350af993504
O33-09,EC1N83Cbinhcda0a1c15280,32631,492693,71c530b6f33c9343edb3db9ec95b4e9f63b13b7a4424c1c6f5675f5b0bf4d9c5
O33-10,EC1N83Cbinh03176a15a8cf,32760,494628,d079e0038cddd2bc5be9bc118e9bbdb6a08c7f5a2f2075f611d5a25016e9e224
O33-11,EC1N83Cbinh4294521f84df,32817,495483,4ef079d886b5dc173850c9608befd76be906c23dbad224339dcc1f817b1871e9
O33-12,EC1N83Cbinh92ed9adacde5,32676,493368,96b49b016d3f93baa607eacaea10a95ddcde1a8467bb4ad820634457f8f48aa5
O33-13,EC1N83Cbinh01dbf2f797fa,32576,491868,5d7057c33e06a2e6c8a91a7e4837d04271df415fdc9c00aaed9059065ea81639
O33-14,EC1N83Cbinhdb974f7f5b0e,32885,496503,8d0d02ced9a0b3ff1c9067da4e24edd2756dda9529f24a531a071b2aa41bb187
O33-15,EC1N83Cbinh9c6f6b5199f9,32796,495168,cc9c2704464cbbdb1a591db964a9f1e1d592a52bfdbe10650b0f41ed489a2e78
O33-16,EC1N83Cbinh33b8237c20fe,32714,493938,48f54640cfa67eac4930e40847c9a5fcdbdb8c55e48d0db0c639152c3366884f
O33-17,EC1N83Cbinh59cde2ab76d7,32797,495183,9f5a8254f576b69b325736798237805382529acd377f736e8831627c22c6a5e6
O33-18,EC1N83Cbinh2c566d0a26af,32759,494613,292992e60c98b19f783acd1a0e5b1b692f9da56570fc243500bbfe719c28c19f
O33-19,EC1N83Cbinh95a7cf3d1697,32869,496263,5760505d8776ccdde900f92f06f8aab7ad652d71e9d4423103d5f2a56ce418f4
O33-20,EC1N83Cbinh60d6a10492bf,32680,493428,df9543da735c80d1c0d47271523ce44eb453e190bd99be7d46cfd51955ac3b12
O33-21,EC1N83Cbinhf527b9a5cd0a,32870,496278,30d794a43402b5d2d6d3043399fb4d8c6455684305ad213b501c61d3cb8a97b7
O33-22,EC1N83Cbinh403b4ef269f1,32647,492933,69035496d2882022b0968912a301abed40e117c82bddedcfedcba49c2a1868ac
O33-23,EC1N83Cbinhcda95a22d9d0,32790,495078,41e6f5836de9b7852f220bc1a87a54b92c5a2e4bcba3c8f31cde138ed13d441b
O33-24,EC1N83Cbinhfde97d1af1a9,32822,495558,cba821ab305e4f7b88d01eb525e4bd77e98b54f33911115735f093fe97981f14
O33-25,EC1N83Cbinhed835d00fdf6,32949,497462,a14a67afd2af3b758a30918288355a65b8303bf425f521c18396cd8fe89dfef2
O33-26,EC1N83Cbinhe98cc2960739,32725,494103,a857f9d04b3d5f470a64c54d5cb303bc38cffd4193334148eddeb68dc8bdb692
O33-27,EC1N83Cbinh312518c061c0,32698,493698,3538f3f964e0c3fedc087e8132e160a51c8a86efc60583b6f79edfae2ae48520
O33-28,EC1N83Cbinh5c75daa2b0d3,32892,496608,f72ba7fe9a6d4047763368103950cd3fd5b068ad509ec0c323152268528f3f15
O33-29,EC1N83Cbinh74db4feda45b,32780,494928,7172f2c928e3d60c625837a53a33a14a65ae9369b3c92acd2eaa62dd2562080d
O33-30,EC1N83Cbinh05a540e6b212,32625,492603,8063e176abfeb6acd6905af5f43a8de8e877d366a5c4e4972552b42c1580faa1
O33-31,EC1N83Cbinh405ea4795de9,32822,495558,29b4c06e1dd3df55fc8ab3f6549623d2f8d189394070c7fb687be4560c82bafe
O33-32,EC1N83Cbinh3cc7c35c0d7d,32901,496743,30e6e80bd54838c025c7d6985565ad8f61b23f8900296d0db686e61f137f693c
O33-33,EC1N83Cbinh95fda0fda7e8,33079,499413,099fd7d1480c8a5096d39685cce7c962098c05e4041fafe56eae06c1ad323c4c
O33-34,EC1N83Cbinh75f18dc1bf6d,32891,496593,ba72817622773cf1f709cf22410da309734d0ce4bc6f00faf6a4990c54282037
O33-35,EC1N83Cbinh1d5a8dff2884,32943,497373,8b30d6d7068bac14557f7618449528c793b8c5164f06c650ff03b957a3a09d34
O33-36,EC1N83Cbinh5c2377f9b103,32627,492633,96c2268f09cb35e19c1b867612671ef3a0706da5b2cc64dda97378fce053e683
O33-37,EC1N83Cbinhc13bf84fc4db,32742,494358,e4de1686fb721c15508e8f3a1fa2b7ee21fb87c456a4a337c798ec2fdae52605
O33-38,EC1N83Cbinh9f525941ad5d,32610,492378,e72290a5010dca174a2da6f00215b4e98404e4343246b69e096c3b4087618a78
O33-39,EC1N83Cbinh75c9c28d14dc,32819,495513,570d9e1329c291f0e18f4e743d514767e5b09c4026bbe7f27bfad4971ed24d47
O33-40,EC1N83Cbinhae87e2fdd76c,33053,499023,93f32a8f1be717f0b4110646181e520f4e8ef2b4f4b9ff0b4e096c22f046805b
O33-41,EC1N83Cbinhe2a2b2dfbf6a,32854,496038,3bf865f7df0ca80c7ee22b16c896fce9dbdeacb8bc33681d5c82506390a8d82a
O33-42,EC1N83Cbinh7c3c96defdb6,32907,496833,4074a34231da41caf05d7ce46f3f8f03236655166aa08e86a9d43512b3d06757
O33-43,EC1N83Cbinhec7784a1188b,33095,499653,fcf3496e5b882d691c625c1f7c87ce5d71e8b6fbacfb2b93543dd1f54e3d2cf9
O33-44,EC1N83Cbinh6a4a1f6e044a,32760,494628,20d73abb9f2752ab5862ab277cfce0ca8e5f02285e9697f68f4f44a26d660d28
O33-45,EC1N83Cbinhe021decb5ea5,32620,492528,304ca5401c37321c3d543aca702e81747e8dc72588197062006ce8dee4a9a00d
O33-46,EC1N83Cbinhc9260247900f,32774,494837,0a2cb36541857cf9d0483a400ff077f4e69680c217236984d48297cdaea53be7
O33-47,EC1N83Cbinhd8316f9f7645,32916,496968,b3099ffdc31427c88f7aeee1be24691e34f7483ed8f28f9f9ef18178dfa970d9
O33-48,EC1N83Cbinhffa50be662c6,33067,499233,8d8d50981619c76bce32047b0485d13a950b316815b43c2b68a53187d4b786d8
O33-49,EC1N83Cbinhbd594ca95e9a,32925,497103,c0b642950f61548c96f12dc31912bd3cca870288f3f9aeb4a157d80644947860
O33-50,EC1N83Cbinh63c95ce65365,32556,491568,a0bf4c59a390abd73f262cf741cf60b20895a714198dce55de021d553002a25b
O33-51,EC1N83Cbinh376b81167540,32883,496473,211faea3f2c0b8626b04667694cd09021dec56a1075e09a05e712f2958fc93c5
O33-52,EC1N83Cbinh20444c883ecd,32858,496098,b617ddf261352ccceafeffb933626bdecd4dc1818f5bd1b590383cd1fca414c2
O33-53,EC1N83Cbinhee77595ae937,32814,495438,f55405d321ef7dcc26353ac430b7a4012c3ae44d3741ec54c63c7456736837c2
O33-54,EC1N83Cbinhf73fd3135c3c,32706,493818,55c20270e6c7b1e183f6ea89457f39270042d6eee3491bac0c83b92a22de57c1
O33-55,EC1N83Cbinh4fd1982d31e8,32991,498093,7794ad88b15f973c3b0b7b29aad47b8e954b7a9a001a1536daf18004914697b7
O33-56,EC1N83Cbinh687a543697c6,32959,497612,850896276ad3215c7b0a8a2658e3ea98ab797befc25a31810919ebb09fe1f753
O33-57,EC1N83Cbinh5a7af34b0700,32979,497913,bf65122e8f2de53ba3439b0563aeb08111fb99978289c77933aa6918aef67886
O33-58,EC1N83Cbinh61eee6964d3a,32943,497373,fd427a7cb5283bbf25b2e1a28f3faee545ef7e42591a1f1321f953fdd9be99fb
O33-59,EC1N83Cbinh745810c3fe56,33094,499638,a6e385f85cb07064adeba36b35496c0fbef42f7f972f420418f8c02a56397f96
O33-60,EC1N83Cbinha08359d09f5b,32692,493607,e403a80e1814f73c3fdce7028c07ee4e63961d49818a46e16b39ba5225a4b40f
O33-61,EC1N83Cbinh36480e2db8c6,32786,495017,c1720c65f654557fdebf999a991bf253e005bf04b0679d632e91a714a543eca7
O33-62,EC1N83Cbinh4300c919d643,32836,495768,daa12271d49e6c20da741078244c71481a3b4538df85d5e3c1229b75604caf14
O33-63,EC1N83Cbinhc3733ae72af3,32895,496653,0030daca6bc77be19d2d5efad4a3ad0294807d25a3e1ec70e79cc613aa9f23f0
O33-64,EC1N83Cbinh3c6f9471c7cc,32496,490668,fd978d7c2855740ee93a6e8d07c14cd007c13042da167bca1ad3be78ea1e2452
O33-65,EC1N83Cbinhaa9418498759,32745,494403,3552ca597984b065c9b474f92fa48290e11bf0cd09d43cbb1797bf960ce971f4
O33-66,EC1N83Cbinhc0204e820735,32688,493548,21203ab9e48dce234f8cfc4f26c79bfe3b62d4b946efb7efee9ac01b26ecd32c
O33-67,EC1N83Cbinh2a4f503dc98f,32619,492513,d9887ab06357186c5b52b9db185fe7c1b8578bd9f0df40e274887417c918dde6
O33-68,EC1N83Cbinh911010397749,32835,495753,0a4f40103be6c2a3c55b1b3f61d96c4e01b1aec33fa6afe94379e83c4920c8a8
O33-69,EC1N83Cbinh2b28e8a25c00,32522,491057,b9c6b5446d2ba99c867cec37fbd932b57515f69d37aba810978a7a7044de474c
O33-70,EC1N83Cbinhd88dde7e3d6a,32957,497583,615c08645f325ab3966356f0e89bbb94745fb6dec70567a432163ef6e6ead5f5
O33-71,EC1N83Cbinhfbc128b93149,32672,493308,52b2703f40c09af7268b8dca2452080c994635ef84dc28051d6f3b56632c3d37
O33-72,EC1N83Cbinh98fc11259755,33063,499173,69d4cde25d5d69faa42f7bcf2860d4cff16eb2d6b84935881303ec67cc67b896
O33-73,EC1N83Cbinha6a6c5fe0973,32860,496128,6c7363840cfe28b7535abba1a14b7768fd714bb95766cf1054de6498788cdbfe
O33-74,EC1N83Cbinh9b7ab11248b1,32811,495393,3b8fbdc713bdc92b006293b8fd9234d271265fb06f84c5128bd2ca6e510262af
O33-75,EC1N83Cbinh90d9805ef3ca,32641,492843,755901518a5ee2b3df19cf28af5627740f2358b02593063fa8ca95e151ef453e
O33-76,EC1N83Cbinhcd54bb30f5b4,32896,496668,511442f3804ded640e39dac1480f1f6fb63244c25dca4cb2e2d62655bf699a13
O33-77,EC1N83Cbinhbd5b795a459d,32664,493188,be8c0b652f52da9360fa17569cadcc86fda21f1f9695164742fe1b0288bd8922
O33-78,EC1N83Cbinha788aed14ee2,32813,495423,696186767a7d5b705e1cbd0c5e168438b17734c6b6b457ed383e5d82a119cf16
O33-79,EC1N83Cbinh5916335dab9c,32791,495091,0d1315215b6a56d93464fc929daa760d01f9c52da65a31ddaae6c1a93bd7f45b
O33-80,EC1N83Cbinh919a6e26a6db,32780,494928,26dbe29ec27dd8b58fd1e92d0909b7f9752b93a1a3a05216e0a59a21e9507212
O33-81,EC1N83Cbinh0b156c585ec6,32825,495603,1f6109a9629ff9df408720468f314776d51dc4a19b7acd8740b61fda40ab3744
O33-82,EC1N83Cbinheda256c52ec0,32693,493623,8639bea7d4560d3315f381637227e4b633fbbd3df6955dc38a5708fa370b6e6c
O34-00,EC1N83Cbinhcef59d96fa02,32805,495302,e9549290aa8090fa3407867a4c7a7e7cf892ed1c04bb88bde03e8df5d19d3cf3
O34-01,EC1N83Cbinh98bf5ee3cdd7,32758,494598,9c0faeb37586050fd737215c861a07c508a4d3621e1cb952e4a9d49edb669f27
O34-02,EC1N83Cbinh0f68bdaeddd3,32728,494148,b23dde08be686bebf2fc9a9f0a45eef04aa00df9c201376c41422ff87d069b49
O34-03,EC1N83Cbinhf97a3765ba9e,32782,494958,81afb980203a5c95b4509d28251bc76fef61a70363e5079b5d711ed53025273d
O34-04,EC1N83Cbinh3f42a6d9cd49,32809,495363,0b69a08aca95affa04ab322e6f7e845ed997c1ec883729c790ce9c3d0555947c
O34-05,EC1N83Cbinh3037c2e61562,32772,494808,a778dcc45c1ea0a8166e7a12655be58b41fd8229054a1aaab0f5a3818250cb99
O34-06,EC1N83Cbinhadc7d0e6414c,32724,494088,a15a255ea99241309c1f88124f2f0aa524354b1135c531c0aeee30bfc8bdfe39
O34-07,EC1N83Cbinh2c762b21e9fa,32677,493383,bf0daa534572672f8b368b572c15382d1415cd92c3b59e59cc1c84dd8c8ebbac
O34-08,EC1N83Cbinh6bad853fe9b4,32800,495228,618076288f996cd77bb762750b2914fa9fbf6dcea74efdb8c0dd922641cebacd
O34-09,EC1N83Cbinh933464dcbee5,32714,493938,2386f7f2ec9eda4c2dacee9a393efec901bb38cd7f6ff7e5e8457f4c54f46325
O34-10,EC1N83Cbinhc124c6864df4,32670,493278,058db29e8e1f0e8e22aa7753c8c4f8ace7a70a08ef816f71f278e065642a6ce4
O34-11,EC1N83Cbinh70c9558b9334,32796,495167,fa3e131d67fd17b5368fb9585b1ae22d9a9c079faa2a0fb8658581a1c2b06d2c
O34-12,EC1N83Cbinh705c2bdbc3a3,32947,497433,cfd70d11ee312e8a235464ea401731fb73dfb8399787ba9301526d23a07f836a
O34-13,EC1N83Cbinh700f91fb9d5a,32653,493023,3e207298beeff5b3b85503fb5a39118da8183904bd8671cc0fee534876e235ce
O34-14,EC1N83Cbinh5158c9f697fa,32767,494733,3a120e7c21c0686c8dec694befd7e528f5ba8d3a520fe07135314b141819fc2a
O34-15,EC1N83Cbinh5b3989e4b502,32643,492873,bd0ba00ac9dd3df509b6ff6e1bca2671467f4838916c1802b46be5286d8faf4e
O34-16,EC1N83Cbinha093e5f1eb86,32847,495933,ce48e7f277b77c214cc4e51c1ad5d0da793fd6b5a60133b5ed6fd475caf9c10a
O34-17,EC1N83Cbinhf5f86a9ce433,32771,494793,ad22549d0e68962cfe06260acf354a8eff2a3e27bd6ba29cdcd2ef5c1bf7e860
O34-18,EC1N83Cbinhe6165a423358,32683,493472,4c77d55bba165650db56081b0db5a996889b691e38df713227a7593edce9d3e0
O34-19,EC1N83Cbinh77047a28faa6,32938,497298,dfd741a8a15b433ec7ba23e5e604da4496058290f418b069b3ab19a5ac254d9d
O34-20,EC1N83Cbinh043fa9d81ce4,32896,496668,c75dc15bfd047397e5b2bd0271072a5f743816548bb40745c6960c8193a9d2da
O34-21,EC1N83Cbinh7cd83c3ad184,33039,498813,4ba3818353e221208cf20ef6587cf3b3906da86807b181d792b846fe5fab7370
O34-22,EC1N83Cbinha926dcf69be7,32908,496847,732a75e99326ca095bf926216595b087add4f5827fbfd32f416997cf5da8231b
O34-23,EC1N83Cbinh4c552385d109,32736,494267,6ee04b196188fb77f4b680861f7db796a402ea77c09db9fdb6fc19f666570c8b
O34-24,EC1N83Cbinh221e85396430,32801,495243,ccbee1e9335e2ac9bd77f9b9e80dd77d3e0fd6d9039f9ba7dc7a500b6252e924
O34-25,EC1N83Cbinhcd3d217e9a19,32883,496473,d98a73c62d979d73550806e833260a191805b04fa208d74207e3314be6dd4441
O34-26,EC1N83Cbinhcf98edb55d82,32909,496863,b4cc5babe6e24d79820aa06e9464e83213d6cac73fd538c58660650c9528e914
O34-27,EC1N83Cbinhbd126ea14b67,32696,493668,67b82a7993ccf5bdddc2b3054b33d2a7b0d88c521e18eb46769d4b936c52ed72
O34-28,EC1N83Cbinh7e4ed0800403,32870,496278,5aff7598451963560e419017e7d17db0291a3e6f08ae2f607e1f5a3043307db1
O34-29,EC1N83Cbinh32c4d099a21d,32754,494538,56264b0f662f83dcdf1d2d72fce38415c7c3087a553200834911213eed74b29d
O34-30,EC1N83Cbinh7f83e696b71a,32927,497133,a5023266a00912296e70f496ed2136e0da5782a52fcd4da76eccb55914dae9bc
O34-31,EC1N83Cbinh2075f4ee9dd0,33138,500298,a07e1fd2bbb671a5c472a2ed5e124083ba126051d59418267e837f99a5b72a5a
O34-32,EC1N83Cbinh9e936cc35b00,33052,499008,0e36d7b87e954e26ad964f148c86643326da1a13a152e5d195c5a52b76ff89eb
O34-33,EC1N83Cbinh4e09ec08f427,32659,493113,8a26e7323b7afc25b854a21f97cf42b9848c87e080f88af28d71d2a69361238b
O34-34,EC1N83Cbinh38ce7aaf6930,32585,492002,336d05b60d58d6dca2184c05eb193875f55bad6038a2ab5a2de4e06804d5dfe2
O34-35,EC1N83Cbinhb7fa3174bdf3,32759,494613,912243008fd0f5bc9ccd7d48ca4e36d060a6965b91561b78b576293b4e59a5f1
O34-36,EC1N83Cbinhf6f01f72433a,32884,496488,286a1877834449d0c4ce66f17f788b38e404262dd4db31b4e9c2af9032d12f6e
O34-37,EC1N83Cbinh3eaf5149bc9b,32926,497118,971b92631f52c694cf42f103b2c299927f4311d5c3b262901e826522bf8143fe
O34-38,EC1N83Cbinh1f76c4d2dd2c,32702,493758,5971ab7b2c7a8e6bb2984b4d6682948504098e7c03e5270989b3627a455eae5a
O34-39,EC1N83Cbinhd9959055f735,33050,498978,2f8a8bbc6a8bbf81d5f05ac89fab40c41d968cfade0525053d1d73f4c36ff71e
O34-40,EC1N83Cbinhf282bc515cc6,32749,494463,2a4b8328a6dd2c4edcaa62878799916ea5b6738294b83fbb905390b96e239f79
O34-41,EC1N83Cbinha6fe26e0ae82,32725,494103,87cc31feb3bf8d29b77cd4a8638034ea63c9a1d5b555a43ac552693bba311fe2
O34-42,EC1N83Cbinhfddfb2f20468,32741,494343,4cbb9449d6379ef2a82736c37d9f30d059e0c91ed94ea6a9664a18f24cfc8fb8
O34-43,EC1N83Cbinh061d8f2666ea,32853,496023,451cd2f85816bab1ae18162028b9aad331704dc27b34ba96dd3365f1bbca29c5
O34-44,EC1N83Cbinhf10a015ad4b7,32817,495483,c02b9b7cb277843c1f2da37f29e403b815a41994c86d59d807d588478551ab09
O34-45,EC1N83Cbinh0f716a436642,32960,497627,69a730d525c54789062673e4d6f3758b757dc3fc5ebebe40e3d3d4673355e46d
O34-46,EC1N83Cbinh356d56228e9d,32766,494718,ba9fe7d85b46b40be53cc5364c0fa67d07a5414d8e07a3d044325e31ee42f07b
O34-47,EC1N83Cbinhe34f624df0e4,32917,496983,95fe13ed2ea6b0ccaac68b5b7ad07a1fe7dd046452580b9ab5e0b2ae901489e9
O34-48,EC1N83Cbinhfdfbb2d98575,32776,494867,32456a7e418d2878ecf971b258120ab1345d1b6cba5ae93960dc0b863c14bfb7
O34-49,EC1N83Cbinha6b76de7f035,32701,493743,049b667bbae9349764fc4cd448d9e57ab9700876631ac061e4728acbb6cdde10
O34-50,EC1N83Cbinhbb0bb2bd39fd,32634,492738,137f7758d37e2347c69d62e0ea57a9164105550fd92db49ec87fe1b32cd2d83e
O34-51,EC1N83Cbinh26653378ac25,32782,494958,6fb6ee0f52449a46e9e555b2a654747c4dee3063a390faed7259b8421c2397b8
O34-52,EC1N83Cbinh7af771147f10,32880,496428,d12ca451b45592257b9fc370c4aceac56591a21b160fb6f628f469b32ec8095e
O34-53,EC1N83Cbinh7a2b5a11b8eb,32856,496068,c613189209a86f8d9c3f14ab17124cbb512e9b5cb74580be93aa71c2b67c31dd
O34-54,EC1N83Cbinhc5050d2720b9,32809,495363,eed855976c42ce2d206047b45871bde5d8d2c921ee03d5121c8f1d496b7f355e
O34-55,EC1N83Cbinh77b926fb9c91,32834,495738,07c24e5cea9925381a42be03c342c6f1a44ca383bbc5e3461bdd29fb5fc812a7
O34-56,EC1N83Cbinh7faa93456e02,32673,493323,1fd705e0e5d617548ab2fb96230df1dd51540019ea453bc73b61d261fa2b9f7f
O34-57,EC1N83Cbinhf93ddecfb3b7,32700,493728,381c8ece781ce856367fce8c25d2ef60e6cd90a9269349cabd084b4bc1f09c3a
O34-58,EC1N83Cbinh2e26e45699b1,32697,493683,d6ac21bb477848f9aeda08bcbee341dcd5d469bcebc546e25d10f95712c1323f
O34-59,EC1N83Cbinhc0b256b2a619,32917,496982,4a299b93c967c2ffb5ba77e0e5fbdf2a7f16e8e021c5f19750b4f59fc368cc13
O34-60,EC1N83Cbinh1e4588d5916e,32574,491837,d84aa3d8bbbd266ce5d47f37bc3920093e16fbf49117449d6a5a3bc664f1e46b
O34-61,EC1N83Cbinh11fff3890485,32733,494223,5661f03e416b853d014b25b7a9ef3b298c362a568a166985588f4262a5855f7b
O34-62,EC1N83Cbinhd487f6015f40,32816,495468,08d42f3fff6df6aa9d33287ea46f8baa56c8bb67c3f80105a0097a9b1e888696
O34-63,EC1N83Cbinh8d8b819a64c0,32781,494943,aadcfaf8f59af345b7423199ad758aa32ccab904f217f793e4221d4f55af7c24
O34-64,EC1N83Cbinhfbc4fbf7672d,32854,496038,e181a1fd02d8ddee690ef38dba5b5c15b6b7ded846543fccd44b664276ab547c
O34-65,EC1N83Cbinh0212ad2c9059,32790,495078,4ecf0ecb7828e235357a84571b0d5826bb229f061f65819b94bd22b16efe11fa
O34-66,EC1N83Cbinh9347796777aa,32783,494972,487afb81a71c3916b96515e960031eb549a3641574fab69697752b8e07f330d1
O34-67,EC1N83Cbinh22ecef58e902,32797,495183,6e80202245c33d0656ba19e14e06c816e5cfc4358ac4fc81205874eb46bcd089
O34-68,EC1N83Cbinhbec9f8c09d57,32638,492798,79f2991f154e345d43ef31b7c6439101927cc212f4ee61df6347fdf84defd1ae
O34-69,EC1N83Cbinh292a42f1251d,32840,495828,b97e099ddc2c275ea774f4db5e0be34ff9ea0341f17c88074074793bff5d7353
O34-70,EC1N83Cbinh3cf7e7e3f834,32825,495603,36ff2ce094ab72a8e066f34c6bcee652069c04c7be226da66fd34c7aa02d1c95
O34-71,EC1N83Cbinhe083c250d75d,32736,494268,840773ee418c0a14dc29780141f363b5f5a724df41caedf83543993c703ea201
O34-72,EC1N83Cbinh04bf49d2146d,33176,500868,57ec99c7110b4bf5ccc35938f5653b4a7eaffdf28660b7114864c01dccd2de93
O34-73,EC1N83Cbinhfea547965d8f,32933,497223,28566e1c098e5637ed17a0495e990726ff83ac462e4fca9d28557d775af38dcb
O34-74,EC1N83Cbinh9c060da65dc4,33068,499248,e3b6bd4067d0c233ec2b8d53fe2397dd54920872d1fff4c90e825e38b391705a
O34-75,EC1N83Cbinhc1f9cfdc6bc8,32812,495408,29ff9d1122c1c977f69969807a2b43e6d5450da7078f4a0d736ccf7a40f4beb1
O34-76,EC1N83Cbinh1608c500ef60,33063,499173,7b0eea3fed2849e3f2d870563f62edae873697cadbe380f7d4d8d67283e93915
O34-77,EC1N83Cbinh09c64d570844,32758,494598,cf97dce3d9097171e9f97178c5596988d294233e1557e22461d7a116efba2ddb
O34-78,EC1N83Cbinh754aac8c4fcf,32598,492198,6baaa2f421a7889f63561e2694e852dcd5759ee5fa1d9f0d61db571a6d801c7b
O34-79,EC1N83Cbinhe6ec78ed86a8,32922,497058,70c026ac02a464c3961ec5cd82511e04e0afb6d8a10fd9ce0aa5e8ad0391f222
O34-80,EC1N83Cbinh1171f72136d3,32756,494568,336a777b725b91f4c68a481f2f7c9c6905589103fcbd896636b34bd135edfdb2
O34-81,EC1N83Cbinh6699843654fc,33071,499293,feee0ce179eaeee0fd611ac4dc27401ab00508700b8c8e6a1b50451c7a7e848e
O34-82,EC1N83Cbinh89c0e36e454f,32733,494223,91829250eaece6ca9879319ec77b2d326434395d89966055f6e71fc806f81b9b
O35-00,EC1N83Cbinh971489ea8908,32867,496231,11ea7c4b220183ad334b1a1f1d040b53dc8fe2a6a36f4a7a5e0219e66034e200
O35-01,EC1N83Cbinhf5b808d0374d,32629,492662,98a7763d307a6a76caf92a704bc722606da292cb21d5a115e117b970ef5086bd
O35-02,EC1N83Cbinh12ecfd994149,32877,496383,31d134f4a86e33638ca9b1257f45f74a87a846fbe25c617e8accdad7ac344a7d
O35-03,EC1N83Cbinh13d380c9a7b8,33032,498708,91c0c83b94f53d7ff2b81abc1be2edfedcb5938818b419d160bf81ac50745dd6
O35-04,EC1N83Cbinhb9f29d7c2780,32974,497838,8031ace0cd37173d4b33991c1cc7331851f962c78527482ba03164c24a221c4c
O35-05,EC1N83Cbinhd7a13b87b623,32919,497013,5d0f012e5e653ab093f2c2bc4d9f810170a871e230fefb81a3b9764bef2f8a47
O35-06,EC1N83Cbinh98f4f4bdab27,32612,492408,e1c3c763cc48cc255141ec6bbd4a62d874496909cdefae884caf97c05415d628
O35-07,EC1N83Cbinheff9006ed731,32781,494943,6e6a3208042a1d4288bdb2ebdebdaa90311918324d5c063239c4023081b060e8
O35-08,EC1N83Cbinh069069948c4a,32854,496038,58715bd0ba927fc71a6e7012e1701dbdbdf00bd60b427e5707376829fa47fb14
O35-09,EC1N83Cbinh3ee0235c2630,32754,494538,980c582a4d059df241ac72036b56a0b679a42fa4e7e249b32b8475329ca894a9
O35-10,EC1N83Cbinhdbcf06a12d34,32646,492918,9a64dfffeacfb0472c9c873abefe1ccd06acefbc6bad3e72e4f054d264fa648f
O35-11,EC1N83Cbinhdcd7a4844e86,32908,496848,d2e2c27723e73c55f5a59923967009878dc4c3b4624674882ee7a71e8bc92b3f
O35-12,EC1N83Cbinhf6961a14e734,32853,496023,7b4b181a7e4dd895766d5e7520914ac4cfe40c8000e0dbfc097d3156a2198ebb
O35-13,EC1N83Cbinh44c7124092d7,32772,494808,57ccb241e2c7cda1aabe117f464c1753c1e452a3d324284e93fddafd1a36c848
O35-14,EC1N83Cbinha21f657a17f3,32763,494673,01ef3a14014ad4b99bbfe4a8183ec8593a67613ca8a4c79c235a0d39a9f84a41
O35-15,EC1N83Cbinh18f6b172ad17,33160,500628,4904ee80f63f67fcc184cc33c44b2e41d9e9bc2e3b1221cf9964a8fa821ae419
O35-16,EC1N83Cbinh47201f5c5da1,32764,494687,13baca93fb9780b19fc850c9935cad7d7ba303bc71d26f5271ccaf16dcf4677f
O35-17,EC1N83Cbinhc014b2d12785,32775,494853,913493714fcfc2760edb404a9704e6ead7299a769807d25eac5d7e7ea5f7bb97
O35-18,EC1N83Cbinh61817040d092,32824,495588,4304e10a7e78055763ae3b2981e8748af0dbd16087cf366a62d268ac88514bb7
O35-19,EC1N83Cbinhea20ad87fcc9,32797,495183,ff5ca01ccb99cf0c518fd44537d902d6b8109ff3fdfededb30ebba5788d3d2f6
O35-20,EC1N83Cbinh2128e5d653fe,32746,494418,1a593953f9652adb51bd6ba57c0d6c10b96bf2d0880c93f4ce6e25f77c0f6d94
O35-21,EC1N83Cbinh8a8d64fc675c,32915,496953,3085eac79564eccea11253c718731ea8c66ce733dd716553c329083e12f44031
O35-22,EC1N83Cbinhfb5b0e939316,32745,494402,746d73ea4ba5209e5b2f4610819b6efd93336f6165642793e79fdbb4da06ea1a
O35-23,EC1N83Cbinh6c334366e772,32895,496652,9aa9da2bbc9c90ee1c89b8dc02998ca446a73556424a8e604725964eaa656782
O35-24,EC1N83Cbinh6e70fb9a2ee6,32862,496158,c28c6a8f0be0f5e34168f5f182c570a83fb6b721ee43cbd79243c33ac8cd0da6
O35-25,EC1N83Cbinh862f33116052,32581,491942,c936f5edc684de57a4e56ff902335e6cd1047303f97af94b999b948dacd4ce51
O35-26,EC1N83Cbinha98a783d00a5,32962,497658,82165718a917e3125e28c0b3076f8be770d8fb563010c5286f16b4184002ba23
O35-27,EC1N83Cbinh77fcca4b95a0,32993,498123,28db4dc672fa3e56018b6f5c9d2b11788a3a26d987f5805032864530a228b4f5
O35-28,EC1N83Cbinhbaf6cddc71aa,32515,490953,eec154562608056f202cde4fa9e59abb5860b33a88f94b09b315161193158c4e
O35-29,EC1N83Cbinh4d09f1668418,32804,495288,fe4d1dc990048635f7e1b6621dc0d300aed0f47e852e5e0cc5d8489b5367bc41
O35-30,EC1N83Cbinhd6d74fb09177,32822,495558,723b40940981e6d8c3d11061e97fbd4a58db82ac40564228633590cdb7260981
O35-31,EC1N83Cbinhd87d80a68f96,32730,494178,9ec62d9d9b03051463cb0d764fb1389a31598f5dfc2032a023fd47641cf3bc53
O35-32,EC1N83Cbinhed57e30d56bb,32688,493548,155d2179a0ba4703b65b1e655a7436b415ec1710d678bdbed8e73e1c48037d22
O35-33,EC1N83Cbinh9972cb2c1405,32958,497598,221ea4b5a04bb6ef4e143f10940d5c168c931858119de51721042a3a5ed556a8
O35-34,EC1N83Cbinhf2069bdfbf6e,32953,497523,e026efb9dc67537e4c8c8e65ff98de105909aab79c34bdfd344a2a179c8ad908
O35-35,EC1N83Cbinh5cee51520983,32752,494508,3f0c48d15d4f1b64ee2b8f55a1b9366eafff2715cfef6a24dcf44b0767707488
O35-36,EC1N83Cbinhd99ad6b4947a,32751,494493,cf07aa7ed8361acef4b4216b12d98e1c2e9800a8cd39f1d4912ea6e7ab6ad62b
O35-37,EC1N83Cbinh8508bd8ba041,32923,497073,8dc7bc069fe1fad640dbe60faaf688de532cf0bffa78172ea5342b1715b4aaa0
O35-38,EC1N83Cbinh0e9344bda2bd,32583,491973,af4cbe766f6805c270d87d77db31bd140c18369b9ccfec0d81a9fdff2ba73e0d
O35-39,EC1N83Cbinhaae80c191c48,32646,492918,55a797881c06c35a41b0d4d2c7cb1588c437338d21f560a4c38f46fe3febd222
O35-40,EC1N83Cbinh8db4f2dac331,32655,493053,f7c529f636b0e40b75ed9303ee5da974936b47d900801ab222939febc703e21c
O35-41,EC1N83Cbinh327e3ae3c555,32923,497073,2d596cb877810e4b0a472ae12c30d66b900664ec3f2d497de3899b8012e3fdfc
O35-42,EC1N83Cbinhe9e0dca5ca9c,32689,493562,54c66bee1c1c518be1328f6fb126b16f7d2c4d2335f6d7f312097a5754e73885
O35-43,EC1N83Cbinhc3b6ef04aff5,32615,492453,623ffb58e62e61836bef76c724bf88bdd4fe7f851c5aad953dc4bf2bbe3195ad
O35-44,EC1N83Cbinhf1ac08556a26,32684,493488,10011eb5f73103d46d0b0fa108bbff828699785a4bdf2d5938d5175fa3b295d9
O35-45,EC1N83Cbinh4998aeb3cb79,32747,494433,07a4e9de93ce3abe9caeded567a2dbc72c7c2ef0d956868b0261faab4619d707
O35-46,EC1N83Cbinhbb095f5b31c1,32706,493818,1fc5929458ec4ec4752d960cda12767c4a57303ab64cba963e93ddca632b8dda
O35-47,EC1N83Cbinhb9401cb0ca60,33119,500013,0ccd55b987a2174ede911829e55c8140036903daaa8a189da006e330bd1d243b
O35-48,EC1N83Cbinh7da427e80c76,32885,496503,17489770a4b052ecfd7c705640743568bd6847bf287e2cabedea9d8a5df61006
O35-49,EC1N83Cbinh32aecb628ba3,32870,496278,7512668c34ad72e1eefe53fb0143471f791eaf078106e115d8c381598d6afc40
O35-50,EC1N83Cbinh7550d2d284a2,33107,499833,60efab02fa7d6c24e3678a526058310dacf25832e1bf77dcac6668425bc52997
O35-51,EC1N83Cbinh2b7570713a96,33001,498243,afb37199325abe4f67d9031d3ded6abdb654a19a6f4fb3305dcadcdcb028cbc6
O35-52,EC1N83Cbinh7a8c2f834232,32674,493338,9cb7ab7a960d6482ec54bbadb4fa88ef5b28e06c61c589ea23b679aa2af3569f
O35-53,EC1N83Cbinh5b12d1ddcadc,32860,496128,586994da2f7d8e0805f55bb556b8d650daa6f319cd42831bf83758bc0a05c74b
O35-54,EC1N83Cbinhd54b21166247,32815,495453,f1f4d7c0adafc74f3e51f2e4d227869db337929233417e53954b34b0404a6856
O35-55,EC1N83Cbinh603ad8298904,32694,493638,c75bd6f6bfac08a0b9e783f51ffd6e44886a11654dde5bb0564110fc3aa76106
O35-56,EC1N83Cbinh8d4e4d248860,33116,499968,9ef2bec876bbdc6c673c4219176c043b12b07c157391ad1c917eb9768cf4625c
O35-57,EC1N83Cbinhc8c6099b4137,32856,496068,a8ac9fc16340e9e132eb22de4accae0ab391bf78f29ca2e9549b65836e3e235f
O35-58,EC1N83Cbinhb07e5ca42a93,32797,495183,b708d144cb2178d0195c960bfc420d5f8bf43bc03c7ff4ee655c9cd8f847873d
O35-59,EC1N83Cbinh5b13beddf8a0,32913,496923,af907bcbef6c03a6a4e01bf400460c37e3121d6691a2376634b298c2f94f28a5
O35-60,EC1N83Cbinhe806c0fd5a02,32763,494673,7b6f0a3a8d57c89d2a12c92779a3b371997cdabdd070642f6da8d873614c4c1e
O35-61,EC1N83Cbinh91613ce9098b,32814,495438,5434841b1910952c1937eef04aee5c5463c6576bd5b49b23320fc45cbcd4bacd
O35-62,EC1N83Cbinh30d07055d656,32887,496532,ccb31230b5efdf8f5871adfea2a679d4b85d612cfe6381d5c6b680993ed5cfd1
O35-63,EC1N83Cbinhd64e0cde941e,32906,496818,a263da512d296137e3a8d099f0c418132035037029676499d7b7366c19670439
O35-64,EC1N83Cbinh2bcfcda157d2,32501,490743,6a092e289d20f8eff562e16179204e9894017e2e6bf4ea4fb1077d8a68fcdd71
O35-65,EC1N83Cbinh9ea7edf9b877,32742,494358,e1c58f075c9da7e9a4d7cce1bf91fbb42f062ac500eafa49b00518733bea15c4
O35-66,EC1N83Cbinhe67c6e314692,32777,494883,db801cb24d0b6308bdf82d059f4bc2597de5768cc099280efce003dd6b0555ed
O35-67,EC1N83Cbinhc384715c9b90,32873,496323,f7d3bfab3079f7c375e6f5cdcf995922cd5f4e1ed49ed933a0e1c94831f96a9b
O35-68,EC1N83Cbinh2d2c926363d9,32746,494418,11418eb5a445e89d23b2902f22ceeb4b10c2eea56819e6552026ae5a762c53a0
O35-69,EC1N83Cbinh87b1f9e32a2e,32815,495453,9254d89034306d91e3cc319bed569b84c4bcad9ba0f25800935b512274404802
O35-70,EC1N83Cbinh9e57ce6258f6,32840,495828,3767788a5b6507b9a0319347285ddc1d0fa95724ae95a60392f7e0cbdcf52be6
O35-71,EC1N83Cbinh9152e56e4947,32889,496563,5bf2329c27e1bbb1000864dbfd1dfc795b0ad2b78ad5ab6754670098e7e9c98b
O35-72,EC1N83Cbinhf7be9b6f42c0,32917,496983,807b0d83ed2f5c2650d3daf554057b82b30a271850ee5672f05a3a8716adc4d8
O35-73,EC1N83Cbinh1b2452e8d7fd,32840,495828,a70ce1ecc03f6cec0a4b4b8731b993c6c2520ef0ffb36e4e775597774eaa0c88
O35-74,EC1N83Cbinhb2a6b4dc6e63,32767,494733,0ee26b160c9b73176c6473fc78a067c5620dadb66c7b3b938f413537f4e3c68b
O35-75,EC1N83Cbinh95421f832903,32690,493577,eb68c87cafd0859ecc74f26eeec029f4741e67d6bff1df4c0feac0359c635542
O35-76,EC1N83Cbinhfb0ec59224da,32913,496923,19e80fd62346622e19275bef82973352befdba6790b2e833583fc3a1b5665327
O35-77,EC1N83Cbinha9c0cb81338d,32749,494463,b1f5c7275478c852326eab535bd58ff4845ca954e14cbc95bcfa0644517101bf
O35-78,EC1N83Cbinh28d697fa97b8,32912,496908,75f8f71cbf3052c0171cf4742e68690261b6e18853f3ddce83c95bb05b9e7605
O35-79,EC1N83Cbinhb5f688e713a9,32727,494133,25743c04950c464dacc70fcc6ed266639a4f1fffdd0f2c8788cd0ea08a0e2d34
O35-80,EC1N83Cbinh7850d32cf49e,32811,495393,29588f26641f850f1423007e70d1d21626636af55b7225b960d27f67070f6d14
O35-81,EC1N83Cbinh061791312c91,32972,497808,0ca152f233df2b6f4cbd5b74d4e91809c141c35bb449fd66ff2e3234043399ac
O35-82,EC1N83Cbinh037dc0357226,32572,491807,c8a3d85fc9abaafcc5951541ae0a8cc3ebea9378823abb8aa969865bee593da8
O36-00,EC1N83Cbinha0e045abfea5,32810,495378,7c65623e55b0aac366c34d7341b4420360c2f6aa4d9d2e7a8293441ffafc718a
O36-01,EC1N83Cbinh217659e37e4f,32858,496098,26280a607c1cfd088c09f972365c227b1f4cd13007063a0b0d53688781fba81a
O36-02,EC1N83Cbinhcde8204745a7,32788,495048,b2771ae7fe577f48a58000e63605108c0dd9f4b2b71d1fcf82def89e5ef65ba8
O36-03,EC1N83Cbinhb30dbf75ad9c,32766,494718,b2c3d1bb84e1b430c2fa4a337e6b10f00d7857370ca8a36c171749bfa5208dc8
O36-04,EC1N83Cbinh241bd99ddde6,32591,492093,92c89c4c1bf6cc159edb8e0b7413a1f413856b191fbd51391c93c304519756fe
O36-05,EC1N83Cbinhdd614269f813,32843,495873,32e8925f2e174269cf31583d02c27b3745e1ec08c39594850d47e6e645895400
O36-06,EC1N83Cbinh4a7ebcf8419e,32724,494088,bba43dbbff3e9ff2b81218b655d4654a36343fe2425b58b032db1062f8f07bb7
O36-07,EC1N83Cbinh676abfa4270c,32935,497253,ea0fd4660090918b8fbb7f1dbfec1ad510da7973d5b7d83aa1b46635f0f948f0
O36-08,EC1N83Cbinh575766b027cc,32798,495198,dd44780eabd5af4a693eef254dcbe17a44d79e3add9961d9a87f4edc1baeebc5
O36-09,EC1N83Cbinh44f665c7a013,32773,494823,eabd2665c170b72f77f5f49e760c0d325d6d9420830fc82d53dead43762a4fc0
O36-10,EC1N83Cbinh6497cc001822,32856,496068,0b18a8be1edfe10010d150fa9c180d0b1e74590511523d222432a3f2640ec9aa
O36-11,EC1N83Cbinh6f06e7d13175,32736,494268,3ec3f8f05080b32a34d6776855a52c6bdeb5b322a2dd6066f3d4152b75b9a658
O36-12,EC1N83Cbinh7be33da0f7eb,32852,496008,9cdfcdb81d251fd8e9a8891f1db4341eee875b0dd9067b4022944da7b1b073f0
O36-13,EC1N83Cbinh907ee6ac0ccd,32919,497013,493f05d03c2afc470d787cae4464ae731ba2166c477a944b6bbe06448a0a7289
O36-14,EC1N83Cbinhc4ca6a54460e,32740,494328,9a7c6041833b659dae7a205c24cd1d63c83ca9713817f4dc95030a04a726114d
O36-15,EC1N83Cbinh9ebac8b3324b,32588,492048,f8f8952935844413865f03a2ef0fd270cae0b9e78c2db930349e8c1f4d612d29
O36-16,EC1N83Cbinhe5e8290de7c2,32560,491628,138e258eba0f7b037b70be3f093e306151b6e2136ca7801d7b47824c3d903215
O36-17,EC1N83Cbinh64b5ad6990af,32491,490593,4fb61d0e92264aea5d7ea93e4e46951aaa4ad178245d7aeb5cc441b3a6bd77a9
O36-18,EC1N83Cbinh7880df2c8eca,33111,499893,9c516602e9f2fd22d2b59c03a08deb30a167d421ac40c9424296468c29efa0ab
O36-19,EC1N83Cbinhe3d8ebb9aba1,32753,494523,74d3180212dc66051341dfae8b0037500572d6113cd6b31d0493f1117d3256e1
O36-20,EC1N83Cbinh62362942c4c9,32697,493683,ce81578c0115784274717e8ba6d1f7d8c182bddf0ea554c1361e787025748f59
O36-21,EC1N83Cbinhf40e41560e94,32976,497868,a6309121d500bab6bc39c3845c6874d12db2e920b0751ee70ac2ccf9267fc154
O36-22,EC1N83Cbinhcc69104c968e,32595,492153,99e9536f54fd35d5e5bb7984a782a9a0ecca15eb2064371875c1bc05b3e52f37
O36-23,EC1N83Cbinh1a2a9076eb9f,32831,495693,0582d5203b5cf8c839e4d185c06fb245a13a8773106a5d80d89c26273d442dc8
O36-24,EC1N83Cbinhb0c2a1a5353b,32992,498108,2061540646d025e3606cde12bcbe906a12e467ddeb4cf69f432d5bcc5f2fc592
O36-25,EC1N83Cbinha7387fca4d89,32448,489947,4cf730456911071f9d552c55c04650a0d43e06467feb2ed8d079173d9107d72f
O36-26,EC1N83Cbinh32c2a7017178,32904,496788,9f91e87b985a182e5e3ad710eaeb57b2f8eeb02fa06e89e1b7a3e8768512eab6
O36-27,EC1N83Cbinh8814f5f0b5a0,32875,496353,7e38c15b4b104630d9f1f19bcd71bec41d3d7d0b90d61717bd42db063fc20c94
O36-28,EC1N83Cbinhfa493a64d7d6,32772,494808,8d7d966d8960407a15c5c7092546c3ef420fef63cd774e3ab6b48387f70a3e2e
O36-29,EC1N83Cbinhef27a663387d,32681,493443,1654abd354061f891ea4060201193a4efe687f2f8e967f6eff564ba8fb1568a7
O36-30,EC1N83Cbinh1db373e8bf2a,32929,497163,359266017619fab0cc5a6cd038afa21e1758dc549001b6a2088fae3cf199bfd5
O36-31,EC1N83Cbinhca9dfde7ccb1,32740,494328,153a80b7987904bdf4dd1ca533712c3daf0ae1c7b739667ee884652562958839
O36-32,EC1N83Cbinh017673e268a9,32652,493008,0cb22298f5f9018fd3b868d02a59e233f55242e69e3a215df3bdd3320951daac
O36-33,EC1N83Cbinhc88efb1ba95e,32694,493638,65b38be02e0a8e510805bfd8d7d307244633765b76930f27842e32c0557e9085
O36-34,EC1N83Cbinhbc0564d301e6,32820,495528,2262e31a848803283e8026c794d7efa8a2be3b8c7d16aa57c7927f03be4f2b80
O36-35,EC1N83Cbinhee59ace0c9c6,32845,495903,e4cc7affac5b087dd1803978030cf6fdda97158e803bcc247fc54a44c5d0dc50
O36-36,EC1N83Cbinhe17ad5cbd0d7,32458,490098,710672e8472c3d3644cc450e8b0cce4b72fc948e7c3e3a8f84bba46e6e6668a5
O36-37,EC1N83Cbinh5732d79787ad,32952,497508,56c9e3708f69a734e110f1bee967c1bbf9cf22341de17b374225a201f873efd3
O36-38,EC1N83Cbinh00958379629a,32707,493833,5b6bcf790a0cdabd4c03bf89f60ccdcd20dd9787aac09d5b843a3d7124dd6710
O36-39,EC1N83Cbinh57a83ee5c555,32767,494733,5e2a4d958e1e8ca3f31a04efe821e63996bb2a8851632b855020b98f545650a8
O36-40,EC1N83Cbinhf0ac655aa629,32622,492558,78760980d1590f2ed0c1d0286a031f261ab0a36923626cf1c401fda695bfd1c1
O36-41,EC1N83Cbinhd0f4a45d6ba0,32812,495407,6d2ddab1f680df85db60016337bf25b8f3b25451b350a6cbceb1484a6887cf26
O36-42,EC1N83Cbinh4dadfe63372e,32824,495588,6cd8039cc9f4fe128fe7171e899ed513d5e805ace0340ab599109491d7684603
O36-43,EC1N83Cbinh7e89aea40a54,32519,491012,9084ca1f3b9e012343a81c808622b29379deb82d01222cab997759d8c2531ddd
O36-44,EC1N83Cbinh42d525749249,32828,495647,d1e50d8cd05faa87b00c6c9d74157f640b2711115a504df4d22f51c6632e5392
O36-45,EC1N83Cbinh5a8aace3cc27,32683,493473,4e6d76e59d0b84e0c43f93b68bd41d161493677b97913639128f4e5fe7c0399b
O36-46,EC1N83Cbinh3402dd6d6b27,32744,494388,597cb27ceec4dd5d2c2cc759ff459dff4dd03486673f49ca4f72ce77dd79f13e
O36-47,EC1N83Cbinhabdb8dcc7ebc,32774,494838,4b880dccf696cdbc60f2f1c6f4e0f5a768ac4f0e87412b1f268c05ebd8537996
O36-48,EC1N83Cbinhd4ce637004f5,32776,494868,aa9363cf3c9383522b161cd280812ab9aa606832ae8272e6fdfda1957e8cfeeb
O36-49,EC1N83Cbinhde4a52bde89a,32716,493968,b56da7ed58d50b3b0c7def93377318a623bdb17e659daac4880edf7dab1e7a59
O36-50,EC1N83Cbinh84ded7c18aa5,32745,494403,a1ac7c293a63525ebd1148f6804b71cece61801d25aec39585333406831324c7
O36-51,EC1N83Cbinh6267c07cf140,32676,493368,89d6e2c7c75dfb691f01f9abbab71f3f0428124ba5bd2bd04f3474c824ca4c35
O36-52,EC1N83Cbinha149e4d8ebfe,32588,492048,ae20a092476cb69e447418091403dc7c4cd09a672dad66a1fdce31871913e5f0
O36-53,EC1N83Cbinhbd0889c0f52f,33095,499653,8707e4605acc914686182ae1184c6d2fa868b97df846e224c525535dc43078b7
O36-54,EC1N83Cbinh987732252f0a,32998,498198,443890baacf33277ef9c20c6c977312c61746672a52f5aa0827bb6819295b017
O36-55,EC1N83Cbinhcc04721b0495,32964,497687,ea64a3a8f9af922955cf75cc03eea5c1c7f5a5ad9c904988181cf255ebdd8346
O36-56,EC1N83Cbinh580938bbf859,32820,495528,a8e73b5c974847cab747643183fb77da10117b6dfe945cec9e1640dc3a66b9c8
O36-57,EC1N83Cbinh3b6aeb5b0b0c,32850,495978,5ced0686999aa89363d86e980e857ef31ea840503354810014825da5b840527b
O36-58,EC1N83Cbinh445c8d37af1a,32881,496443,4844b7ca797efa2f5208b9849f5cc17e9bbb1344b34d11c7caedf1c58e4d73a1
O36-59,EC1N83Cbinhdf1eac20ea8b,33062,499158,ac6bb127f4f67c5b5b90cf0f5c09d16c74a0b468afa8d6e277c9c6fb43c11569
O36-60,EC1N83Cbinh8a9713ffdf5c,32876,496368,c4dccd503f003a9868d2697ca0dffcdce931d2bb69d1c39b34bc119c956bf57a
O36-61,EC1N83Cbinhb906730862af,33035,498752,b35054f2562776b7c4b837dee8da798ee5bfa8c8ec1b2e03c17a9144c49cc69b
O36-62,EC1N83Cbinhcc1502f44af0,32904,496788,db599fb00b32aef27e51c079144bb2b50aa7a45e051957d12ee9a5076533e250
O36-63,EC1N83Cbinhc1b31c0df34c,32687,493532,de04a97c7d63afb8ac50f573220c14327b5c19ebdcc254b2ff621ba29f04a8b4
O36-64,EC1N83Cbinh812c8fd778db,33042,498858,b1ae279ed8766e24121a2dfd931f1d93396c19f7cf0c18ad8033693d307d3c55
O36-65,EC1N83Cbinhd9fb4bd74cee,32652,493008,24ce8e7b8245425e2ea7221dda056f92c4448f7dfede63ac8e9b243fae9461ea
O36-66,EC1N83Cbinh305d20587c33,32673,493323,9b5f3e311c2e5896e76f6754dca77ba569ff4327f068d54883870a14698bb986
O36-67,EC1N83Cbinh5b63ea3855a5,32755,494553,48ebc7bfae48bac4d3679ff06af08a969b8957a92027b647c1bc0a869984ca25
O36-68,EC1N83Cbinhd74a85e8696f,32897,496683,346fc42d26e182b0d8f81f8ff8f4bd6c2e51515b1cb843fee384b44f5ac1107d
O36-69,EC1N83Cbinhe583ada9b0f0,32855,496053,876324f87eaf131bb4f277975ea7286187ea8bd60687bc37ebbc7576406e4996
O36-70,EC1N83Cbinh6217d67df0e4,32898,496698,bc4956fdbeb1a19425252e917b992004d84d3d997e588f664f178499c2b08982
O36-71,EC1N83Cbinh61f0ecc2b153,32527,491133,c5e931caffca7623996a948e9e8b8cd15e59e070c572855b7f2bca132148c4ac
O36-72,EC1N83Cbinhfbe4991108b0,32874,496338,2f5a75db9c9f72e7f9f38fd99d165e8f5805cec5405f34a23f3b249bb519333e
O36-73,EC1N83Cbinh2b7380793636,32686,493518,9732308d28daa932ab2290f12deb76d4422946b35b3ea9b430ff5022f94ffedf
O36-74,EC1N83Cbinh6134ccfca280,32847,495933,5cf5fac8c0b745a997429cabccdd632947ecdd1072ad5910339512ef2f9c3e83
O36-75,EC1N83Cbinhe61f656efd42,32835,495753,bd5136b3e347412464d5deee9e55c7e8e7b9bcb5293cd46a22cffab11aba1c16
O36-76,EC1N83Cbinhcc45868edb59,32743,494372,e8238f4de848d11f9429bced9cb18b751294be1a6018f3f577e9a1854da65d88
O36-77,EC1N83Cbinh09a717568133,32682,493458,a9d474e8d6caaac73b4a8599f85cab50f66b3cbd5fc8624da99b820f8bc4b2d0
O36-78,EC1N83Cbinhbe255af34764,32811,495393,af7deb270fdaaf4df4b8a9137d439e423ba8c54c010cbfb1835ab657ed0852e8
O36-79,EC1N83Cbinhd5f1512e76f4,33075,499351,12d2c84e2c0c6872b59b63ca8ebed2ad25f575a1154ce5ff3af843bc9bc4554c
O36-80,EC1N83Cbinh71aa9eecef26,32806,495317,d77eea0eb2690ad1c5a8cae3fff3fbbbf6de8691b73614742a7ef2eff0130e0a
O36-81,EC1N83Cbinhc67f36acaa3c,32820,495528,1eefdebc475ccbce5d99e24cb3f69e1a2967b6a782f90fdcdad188ac599736ea
O36-82,EC1N83Cbinha5fea4ec4f8d,32770,494778,c7a3fe00042f8a74158383bd4f54412f950d69675cce2cd9ccf10c92aaab3589
O37-00,EC1N83Cbinh7ca3d9d02724,32689,493563,0dc00f94166da894f9cb57ecd1cbda285163e03f9f2cb82d2cb9ad84f5ba7e97
O37-01,EC1N83Cbinhb41a90a66b2b,32722,494058,2093ed2596bb33e7a950e0a0c53d87ab7dfa25737de02a04489f0f5c715e2a1c
O37-02,EC1N83Cbinh63858cd19398,32852,496007,69292c08a6faeddb6545469f580b7fa3b2a78a823fa24562b4639130f106e85f
O37-03,EC1N83Cbinh0132059c2df5,32587,492033,30cf3d623039e65c57975eb449680579c958c05bfc1a2a2a33e1cc511a97d8db
O37-04,EC1N83Cbinh8495f37366d2,32798,495198,78febd7ab09ea4c2b39432b2c8ea0dd4d8f6018e5f9f58a833ede6bf72d45726
O37-05,EC1N83Cbinh201d8a11aae7,32635,492753,a6fbe1cfc32a81bd33f051e2e0403dfc163f85a31bc96a44bc0b1eb925b28e7d
O37-06,EC1N83Cbinhd9fac5a276fa,32917,496983,da293a75060ed0bdb4750a773c47d1f725a3cdef3f054623ced6674e5851b36e
O37-07,EC1N83Cbinh2c42556b52c8,32922,497058,b031546b485a6bf8c3199f8b53d66468d706b652914ab89bd1fe3f049a448792
O37-08,EC1N83Cbinh18ff8f67a6c5,32779,494912,5da6b7390a4746e00cd7425a04e8a7b8e716611dad55463599ac07657553e605
O37-09,EC1N83Cbinh56f3af512203,32788,495048,963b8d0be7802838c3897cfb68b355811b9f2fecdd1bfcab19d26ced97a91c3f
O37-10,EC1N83Cbinh0e94ded5b318,32762,494658,c5755c125182044326ba59f38adc4ea5c2599c4442ecf9f731b123a422820ed1
O37-11,EC1N83Cbinhf32412743be1,32739,494313,49b45089a1cc0bd15dcb80f8f805e6d1f4bbb85b7dcf12b0a227b44080327619
O37-12,EC1N83Cbinhc210580bc91d,32875,496353,7c39c03a2c9fe08f460ec671a6e6be7fb0daaab7334caaf128d62b6af0963e4a
O37-13,EC1N83Cbinh7717d3f6ee23,32918,496998,5bef6d0d61445623cd3ef14673746394a5d6abbbeb781c317a124ef960587b09
O37-14,EC1N83Cbinh4c1df86116f3,32604,492288,5c9028ab4578074588c27a2bbc27ded2d9678b0638e2b208c06fcecb23445afc
O37-15,EC1N83Cbinh67b53193f762,32921,497043,7c5bd82a2086621d353ecfd4f804561bd887c468dd1cd5b218c750095ff215bb
O37-16,EC1N83Cbinh696e6aae72cf,33055,499052,897d778b88e714eb139374454cab4b29e7160a990a2132961a2d61272f83f2aa
O37-17,EC1N83Cbinhb887fe1811de,32627,492632,8d53d5d996e77a1fb21e594600799d131c8ca03b421a1bd952245b43b1ae8773
O37-18,EC1N83Cbinh2321d62adbe4,32878,496398,9d807e756642b82592cc619aea5bb92e613a0c8ff169f48c5a435d79b37ef2e7
O37-19,EC1N83Cbinh342ec881574f,32747,494433,10b07d58b51b81dc4c77abcd691f6900b97da879d6452d7caf89afe3e7101e56
O37-20,EC1N83Cbinhb17bc416c056,32784,494988,3b9f5c5bb9434190913d473612396a5145f8e2444c72c88a840a87334b669e7c
O37-21,EC1N83Cbinh803fec92c39d,32750,494478,691b78d5db5c7892022311014664e6a55f216bbdd5ca666c61eb90a854832351
O37-22,EC1N83Cbinh602449b2a5d0,33004,498288,e31d7bae2a1e61f650a854c1ddad4e05bea701cdcd89de79f808daf0eea0b046
O37-23,EC1N83Cbinhee3278e984b8,32637,492783,1dfcd693ba5ed8f4a9e327a67dddca2fd31c190a09a9ea208fd6389ecc9225f2
O37-24,EC1N83Cbinh8386e7653a73,32680,493428,02295ba3f00642b39d0171819dabff0eaf1e1ce621a0fe3001fbdf1c046c9b31
O37-25,EC1N83Cbinh6e5ed55eae00,32821,495543,d2389d88e3f615164f985398eff180b11b5049741252e67f2ac4eddd90afa261
O37-26,EC1N83Cbinhba2ea437a5fd,33006,498318,8c92c8826faac2861246d89566b824bc7f8cb8f189405966aca1e1c185635726
O37-27,EC1N83Cbinhf51e8d11a1d5,32730,494178,b96083649c74c2f418475c950b048574db470a3fd2fe56ccfb0d4b844e67eab4
O37-28,EC1N83Cbinh1eebc317d205,32757,494583,e345c0d4ce160f4b3195268ce18a3520ac85cf245def95f1274db918fc3f78d1
O37-29,EC1N83Cbinhd3fd93f2c968,32801,495243,88a22f15bc9b9d982d6158156bdd311e7d5706e29fa022f739e7945ec383aa56
O37-30,EC1N83Cbinh1b0f7f658baa,32824,495588,229631ebc8d9f89f8dcf12680765078cff4de75c51b6692d0a8c9ea7825ecaa7
O37-31,EC1N83Cbinh5de351983eaf,32801,495243,d7a596028448081315cc657535d3dd7e93c96d25dd7189db2fbe57ec106d15a2
O37-32,EC1N83Cbinh73e13aff6cc0,32616,492468,12181f3f09b3df596de3c1ee1c7f7b9a12b8a493f2d8358ed51cc3c7895c01ae
O37-33,EC1N83Cbinh850e6d31f208,32756,494568,b0d10158ee72ca579db04bfb461522f8a808db84e8a426adaaac58df30955720
O37-34,EC1N83Cbinhc98e7ca7d33d,32874,496338,ee5755bb1b124ce66417fe921bd57d6e73a1b67ad9be6045523e910bf732ecc7
O37-35,EC1N83Cbinheeb3fc62e5e0,32803,495273,d917c2fcbe1c5e8482c7bef2a284eaf3edc45f0b98b449c23d1885309cf2651e
O37-36,EC1N83Cbinh96c2aafd358d,32663,493173,e4e7cdb23f6fc904eb5db64389b37cc9c7366cef7ee8a5beef55398d2e9c600d
O37-37,EC1N83Cbinhd1f193b80379,33047,498933,8f2e34b4fc953442e410fc43a8170489c7dd548a5e64b6f6a61a78fa837eb322
O37-38,EC1N83Cbinh1d3b31dc401a,32752,494508,968591a4038c15ab78adebe2942a5ed87a3cd9c3d631937fc5bf3dac35355f56
O37-39,EC1N83Cbinhb13ed92df9ab,32911,496893,cbc994722de0afe8a9e9865132f511830e6637769ddace4540eefc13a11e2baf
O37-40,EC1N83Cbinh49a95d786a35,32823,495573,387f57a8649161fc0fa070df5c50c71bdc939cf1f6343fa65befea4c9184c106
O37-41,EC1N83Cbinh57a03891b894,32802,495258,5ac72665420511a96b13e170b6261b1042bb023085f4c443a6fbacbb958c34e9
O37-42,EC1N83Cbinhe453678ab271,32827,495631,b0af932e86e009b9c9381e389634e6607e25da02065cb69241c8fdb12765e73a
O37-43,EC1N83Cbinh5aa35c856213,32781,494943,5a1142328339244470309d62409ce29c066b2f196bd5f1316a865f5193b6f80a
O37-44,EC1N83Cbinh6e7a0bdef303,32784,494988,5eb85bc7c6497670abae5f8091ce2923902d22e8399bebd75d23f42e0bc2a42c
O37-45,EC1N83Cbinh80b3e96c3aa9,32905,496803,917bf899bb6015bf94293521899dbaef35928a7d6833140a44e429ec19397df7
O37-46,EC1N83Cbinh992e98f054f8,32818,495498,1d61cfb3eac913ec145df8c6dc513e61bfbbb08104ec93aec73d6488f06adec9
O37-47,EC1N83Cbinh5735be347478,32609,492363,cc9ef6d0a120ea97719597f6262163e7a751cf3dbb1c6150a5155f5e85c705c9
O37-48,EC1N83Cbinh0d86d8d54714,32875,496353,c5fd5ed83e859d55cbfe9234a1d093a6b62bacfb6471322e43209c20bae6cb49
O37-49,EC1N83Cbinh781ce532d02a,32999,498213,66c1b4a529927a4f8c0b189ce4163e14b7e58ffe31c8be6586f0a9bf0f8a0cb4
O37-50,EC1N83Cbinh63fd55a2e97b,32757,494583,e247e0c12dbba0ca9f4c54f46f35acd7de239789354a8e29270d39e64a8a9973
O37-51,EC1N83Cbinh1b5448b20602,32856,496068,32fb32339d85bde7a75649eb0e7e71a117827d9672a76239cb3e4f2e1f28044e
O37-52,EC1N83Cbinhc7b39bfff406,32929,497163,ee799b858d83628f718d18385d8a887761b7b728048d185dee26cfb2b519b4bb
O37-53,EC1N83Cbinha394e3a53810,32986,498018,f58bfabb01570cb565d8f9fa1eeefa0c3cef5cd3693a53e2751a0719bfbb9ecc
O37-54,EC1N83Cbinh696cb13f146a,32741,494343,888a71e5df6c0cafc5293f78a71ba794d7a92fed5f80c21b8db868a0a87cfcec
O37-55,EC1N83Cbinhb63820f516f3,32818,495498,bbcaf4b57e6762bbb9c4ad6b5f164a0034b90591621bb2d19e9f12476a7ba367
O37-56,EC1N83Cbinh4b9334b8e215,32873,496323,4ff2529d46ab16c573e4b0ed2547b4032d9fc58b96578522ab96e59d9c6bed8c
O37-57,EC1N83Cbinh6f132a36bdb9,32870,496278,fe45dfde235d1783c4d927180fceb89259e66e258c5b2edae7c772b3ae081949
O37-58,EC1N83Cbinh624ec4989843,32659,493113,f04060c9368c6636b0cf747b02b2bcc2d9b9d469fcda0aedcde26b9e0806032e
O37-59,EC1N83Cbinhfa2a2107dfb4,32730,494178,3b5bebc39d9a766faa80447beecb38f1d07082da60ea56e26b8861905813e199
O37-60,EC1N83Cbinhca5adfb06610,32725,494103,8ec71ae99809032ff50ca30e01ba7d66b22237a725d44fe77e82b29102c7440b
O37-61,EC1N83Cbinh8025f04deeb4,32866,496218,002a94a268d8eb520771348bfaa3021fdedb85db65648eebb98ffb7b40b1226a
O37-62,EC1N83Cbinhb397e1465eac,32621,492543,13fd4f1f7d0e31750f34e4a15a5d18cae4db1fe8a976f653db4251b764285636
O37-63,EC1N83Cbinh27c891a18a01,33036,498768,bca19d996507021789ae3a65b321b48b6bc24b6295fdccd4f5d05de1523668e6
O37-64,EC1N83Cbinhc39c8df11980,32457,490083,c0bc101121ceb0018c9ffdc260381e32a522ac36dfc3100e831f3edfea21eabe
O37-65,EC1N83Cbinh9bfc61e4687e,32808,495348,a739a82af0de9e93f6bec803221a003ad7ffa76babe324b33253b3cc14810aa2
O37-66,EC1N83Cbinh1d61aa9f1a88,33012,498408,6d7efd1a2cfa8c94fd0556695e396ff3cec0a58c6ffe54411255c9a720c6da6f
O37-67,EC1N83Cbinhc41024283d64,32740,494328,a9d2b9738e84c0f0f2fd1e7e007fa48a2647dad917e4c20a6547d03fa363b0d8
O37-68,EC1N83Cbinhf03f3b0e7e0b,32727,494133,be6dab2c2c125ba1d5f35c23e64a0e4edbd98f9f6ad57581940f5186958de195
O37-69,EC1N83Cbinh152dfb84875d,32866,496218,d8ce58c9eb38152bf549efcd9da4356a86c5a606ce81d4a58aa9468a918a545e
O37-70,EC1N83Cbinh66af3cac90d1,32728,494148,62f225727e9cb6c927d1f87049eefdcf121fe3c18a21e3cd06421e2ee8516d93
O37-71,EC1N83Cbinh6957099ac878,32628,492647,ca4b3c336d0306854e3b0a166db8aa4353dce437811bbad4913acfe9c5619ad2
O37-72,EC1N83Cbinhb2111051b61d,32687,493533,12659f8b0396f6ef75f2d5d90f4324f16a87ff8886013a9f6d3a2f35d3b949ba
O37-73,EC1N83Cbinh783cab548b99,32765,494703,fad6fa3624a4b08b093eb42217dfded88a4f41fb4aef2c2c6d11a46e2e581d0c
O37-74,EC1N83Cbinh2ca5d171f167,32750,494478,37208345d34b8de39a17daab086fdfe4ebba0070b40ce5f7a8e9ae57119c59ce
O37-75,EC1N83Cbinhcc59623ed8b8,32651,492993,021651fefbc25e25515232d73721cd5c333728f29b550adf0baf23837b5e2a9b
O37-76,EC1N83Cbinhb253b676df57,32677,493383,4e43a6a7c5dbbd5dca5e187fa30d188f2a1a271738b111aed931e22c27c84f06
O37-77,EC1N83Cbinh1e0093a00570,32870,496278,b3112d5478c712fe0da0a6500c3d01927c1f393bd5ff7ea930cc6c18daf133e8
O37-78,EC1N83Cbinhb3e42029433c,32872,496308,168033f9a99af6b9f85bfcba816795920bf62457e11a80f188ec31b4f40f3ca3
O37-79,EC1N83Cbinh5871e6f9ebac,32931,497193,95489e811e79a88f9121648d0c7a8e417bba9c8dfdd8e00b12362f00fb819015
O37-80,EC1N83Cbinh610ceee93644,32946,497418,c4bc75cc58e7aab3c7e0316a7b0bb8fcbe437d6440a76151fa000302e1b9866f
O37-81,EC1N83Cbinh6a89840f2710,32975,497853,5957b6ef237342d4052ea54aa293a6885118ecb64d2d819269d79035ccf0c147
O37-82,EC1N83Cbinh9bc4f2542efe,32786,495018,e6b9715e6b0945a004b28200195876b95a23777ed53c9418867fff9f2a65c07d
O38-00,EC1N83Cbinh3bca42ab8d96,32857,496083,3204fbfb2ca20e3be83d6f1e4dfc57e8b8d790b9c73ac07cf6e239ade9c5cb48
O38-01,EC1N83Cbinha9b4a1654bbe,32766,494718,4d923b6bf1ff775555ed9cbe0f1256ea549d9de6a8e8526dff1af533601e45b5
O38-02,EC1N83Cbinhdf717cf418a5,32705,493803,b1feb37db8850b88f8e838678b10c0bdeb2c747bf81ec253b15af40b82e918f5
O38-03,EC1N83Cbinhcfd9bb7cd3cf,32612,492408,cbc7d7ff1eff5c5df09d3df13f182bc75715808551fa0dc9914e390faf064888
O38-04,EC1N83Cbinha73411b5ac5f,32860,496128,70841f05b6f3a6a98146a2ca0d0b12cf9c290e2fa53e72a3b504774c4b121fbe
O38-05,EC1N83Cbinh117acfcfa603,32587,492033,2416a97f8b91c070aa4e9b6320aa44a660e72bae6e5ba278058086f5b5ce7dcf
O38-06,EC1N83Cbinh57c39f8ae095,32701,493743,65331ea10593d7f6a57659448779052e7889bbdf375c655490b53a09ae7a940f
O38-07,EC1N83Cbinh97a7a9135213,32729,494163,60ed8a237550875267ff0834b934cd417950ebd5176a3355061665fc4425b06c
O38-08,EC1N83Cbinhda017e441904,32924,497088,3570716a51730b75ff5c5dd9972d1dcc2408377704643c64ffa3d33e0c800491
O38-09,EC1N83Cbinh5fc429e0df5b,32589,492063,f59a6cbbaf36c03cfd27f66e221cc46d5471f2e892f9e3dabf536f09c018e23c
O38-10,EC1N83Cbinh580c94bcabae,32816,495468,31dca9278d5c2534c17c586a048b5ef44b80ca9ae1be0afd0cc55ebd2fff22fc
O38-11,EC1N83Cbinhf23a1c16056e,32939,497313,d82c6620f6b2a902b83f3546b63956de4af9b8b0cec13eaeef813e1d9e8f28f0
O38-12,EC1N83Cbinh7c0222c877c5,32741,494343,317d5f30b132683c073a64c4417bbc7ce754ce47302f1be758d7f8fbf9a8ad55
O38-13,EC1N83Cbinh6816b985ca73,32774,494838,29bd2556eacb78b26b4283a70abfe6978bdae698d2eea3babc25e725cf4651d5
O38-14,EC1N83Cbinh6aa3ebd0c37c,32800,495228,a65a55bead2b8b1f13074dfdf7316dca79cc602249577feae9bbe7152fed6de0
O38-15,EC1N83Cbinhd238c068d0c4,32942,497358,b82f1b2449724a4e7c9cbdfdd4226387cb5446f63c9a43d3e61044f2c815d960
O38-16,EC1N83Cbinhae7089d99ffd,32892,496608,2dca76228c1dde53d6b79b05363a4a27384fa0ce8288587981fb9d76a38f87d4
O38-17,EC1N83Cbinh0a6d2ef1fe0c,32825,495603,db3cbc4e26dd05f6039880b1d460f0391920ca3c8319b0cd2f52660069e550a1
O38-18,EC1N83Cbinh03fe0e641b13,32793,495122,f7166bff6493558e98eb889130e1f1fb77dcc258726fbaa1bb953e145ab04937
O38-19,EC1N83Cbinh818714339db7,32889,496563,0f19677b21cdfa2fc95b3a73f4f83ac17be0cff0001cddadda56e2193cc88f71
O38-20,EC1N83Cbinh0989c39cb0a6,32869,496263,09f87be0514a772f2b32766c9fa199d925389e919f2c93eea2a22626a77c9010
O38-21,EC1N83Cbinhb0af100b6bf9,32698,493698,8959cddcde9f8b069485a0906d6b52881d798aa49bcbb9581bdccbdf52a534f2
O38-22,EC1N83Cbinh505a91c2b3ad,32735,494253,f54bdcc3406022606dcae2eeef7310d1d94a207e5e48007819a1227c6f57250b
O38-23,EC1N83Cbinh2342532a7ae1,32554,491538,62a9351fd32e1646b2c0c50949a9508ce02a40e072150e3c0c3874cb0fd1b631
O38-24,EC1N83Cbinh366b8ced97d1,32993,498123,a6d8d21d8f2d3a8def11d40da5491b147de574b015979906a240c536b40136af
O38-25,EC1N83Cbinhde3129fea812,32716,493968,ff9c114aca19319e79442eeb6c1b41cfa55bbd13dd1707fe932eb8563ea7f5d2
O38-26,EC1N83Cbinh990ef543a090,32747,494433,d41cc8df05e017c47ca18458375b9819661f796a9fe93433d72fb246424d6776
O38-27,EC1N83Cbinhf46d9012d681,32944,497388,5fb9539abe7072fb775ed86b9edd835aa8dfe318be5f94e7c55b1a4da9a37a78
O38-28,EC1N83Cbinhbdd80ebcfb91,32770,494778,f9dc7b60ab84cbd6a2ec115ab2a9de49e7a2803ba861939eeabdd892c6f585a7
O38-29,EC1N83Cbinh471843f666d5,32917,496983,bf5519e08129db80d6f661f90009e2eb35eb58d6644c346f50e239590fda361e
O38-30,EC1N83Cbinhbbb6e5f982a2,32554,491538,d4716cc4b78ae37c0c7076626264716858ef3f00b06c43d8c34485c4e7a8ca6c
O38-31,EC1N83Cbinh40bfb75bf8da,32653,493023,ee035ab5efb590b5e0edfa2baa7b2f0126bc1a3fd83d06128e96f3f971b981f6
O38-32,EC1N83Cbinh34fb05006aaa,33083,499472,302d3ce96aaa857876f6bc905463cde392cd3ab7561be865fc94283b05667b0e
O38-33,EC1N83Cbinhe9b8e7e8a042,32762,494658,e6651729d074def4eb5bd0a5f38f16f8a7ec0ebe3bca6fe977f3e8f665f4b0f6
O38-34,EC1N83Cbinh146c6a560e6c,32933,497223,f9415ce9d807907e7e2eb17f8e2ffb00558225cbfe4a8eb2cec1d27727d34664
O38-35,EC1N83Cbinh447761ed29ce,32949,497463,d5d1752f81110fa865726fd53e87d01180a3c5c98f508f563de67112da5fb05f
O38-36,EC1N83Cbinhcf7f975579b1,32831,495693,cf2cf73186d7a525eae163c95c1418740b5b09fd53fe772807969e5aa69809ef
O38-37,EC1N83Cbinh18d45c82bfee,32822,495558,b2ed0bfc6e78dd78c8ba7041ded5bd66a8b4531e47ef1a1fda324a75108582f7
O38-38,EC1N83Cbinh503521ad49d8,33007,498333,4ed0c4082a62758ea2583311a27a2a57f3bfaf81fb960881e86c269785ec23bb
O38-39,EC1N83Cbinhdf35a7e5f485,32727,494133,40ba722d03239ebaeb287e772d56834b50cf8044b497daa6470d988c90d70bae
O38-40,EC1N83Cbinh7c370bc54520,32616,492468,76f8e0aaad14934f3ea2a7e53d9ab439c01754e829443f434abc8ae4d22910c3
O38-41,EC1N83Cbinhc1557f26bfe6,32723,494073,1644dc153922e96ebe96a30eccabd41f627a42b1627bc5c6c8e9dbae6932e301
O38-42,EC1N83Cbinh83e1cffee80b,32959,497613,ca1d85e28fff74893e86173d62f0811bb8a9688e241a9bd573d705eb763b5483
O38-43,EC1N83Cbinhffcef1fc6366,32886,496518,76fda237fcd93d0e51c0fec3fd0027cbcd3068e09df9d56b3be3220e84314c05
O38-44,EC1N83Cbinh981481912860,32769,494763,0df22209fa3d6c8abe78359415521aa7b6bc3f7822d2ce27ed42033988f80e6b
O38-45,EC1N83Cbinha400f7f96792,33022,498558,9fcecb01bbf3fac1e726082fca05367bd6488eca65a5fb0826ff59c8b3a777be
O38-46,EC1N83Cbinhc08bac6f8b33,32894,496638,11f14885640f0828c6ceccf557d3cee089d3b1b7da2e06a181fa94deeef9b208
O38-47,EC1N83Cbinhd6ee5b9a0de6,33151,500493,c41f2d9d22ee2eae56785ce058b2d99bfd3b32684ae014c46d532ac88995f24b
O38-48,EC1N83Cbinh2610fb9caff8,32708,493848,c166068e7a6cce0b7ce9c880f0acd205d04ef341451de5481216681fce78e307
O38-49,EC1N83Cbinh5574918e5462,32510,490878,32c61dd01041945d7e2ebd5bc4a16199ac74334943ad5f5a646993e79a046cc5
O38-50,EC1N83Cbinh2df26c399edd,33002,498258,fb3b8996c91e81e26f9c9e626cb6a0bfdb8550a4e3718d33f187ab1e854e52ec
O38-51,EC1N83Cbinh6711b4f3eea5,32832,495708,fb4c9acc0e04eb6188367b717509e0bc14e80ccc4934c8740b0c773f96dfa61d
O38-52,EC1N83Cbinh93629f98794f,32810,495378,b8a692ddeefb683e9d89acc75af8ffff49b0096d0d1546402cd0b898055ae7b4
O38-53,EC1N83Cbinh61f5ac52849d,32867,496232,e07172e3a724ef36ce6655ced4a529ff987508ea7c3534ce2a870ec638f2e4e3
O38-54,EC1N83Cbinhfd83fd22c3e3,32684,493488,7809fae23554302bba5ba89d90034cd6a92b4135274db962eef1dda7d8c040e9
O38-55,EC1N83Cbinh2c99b0634ff0,32596,492168,277b0768e9ef9aab9c459d63f3e85616c858d291b0876834102fd1920670cfcb
O38-56,EC1N83Cbinha97dbfd96304,32579,491913,5011344dae0b0d7b09b42ec232b806e205f0278f4580d388f4e3755fdb0a9a0a
O38-57,EC1N83Cbinhb66a8f318a88,32732,494208,78295cb6192b0a8ff23369a6833baace6f311effb1b11a94e680edbdcdee5c26
O38-58,EC1N83Cbinh28f5a090158b,32666,493218,f05c7e3f51cc971a012d363854876111247d8a09ede977e0edc82d82c33dc9cf
O38-59,EC1N83Cbinhfbea5cf6f642,32817,495483,7b692b85073d95cf0ba62df5e7f1cbc01b1687094fc8382da869ee00c189b528
O38-60,EC1N83Cbinh75396bba3b61,32824,495588,ac89881c6f48d27354c1f065efef130d97391e743876d60fd0fdf097b3592ab4
O38-61,EC1N83Cbinh82d580112fbd,32776,494868,5e3475bc80e8bf739b0980a07879d0f3a2c1becb26be89d2f77237dac2f0e6cb
O38-62,EC1N83Cbinhab3fa7393154,32857,496083,805da636c8b8e504bf418e328370db61f6ec0105b08429ab7eb4dc518db422a3
O38-63,EC1N83Cbinhede81e9dd5cb,32895,496653,cb235d0230132fcb21a576508c129fdbd0c127fa4dfed89160a4b222be0f5269
O38-64,EC1N83Cbinhbfa5e02a579e,32747,494433,4f2ff9fd806c8310831f5df638a5a57c81dc9c360fc8c2213df5853053381e12
O38-65,EC1N83Cbinh81842ebfef90,32767,494733,11124bbf0a8ba256dd85eae8f895ac6667725b96d674f48afe69ff17f0806210
O38-66,EC1N83Cbinhca60278a5245,32859,496113,efd7869ca8031c4cee638e63438e32a53d288e1139f2fedff94ab527a1b2519c
O38-67,EC1N83Cbinh87a79428fe63,32931,497193,3ad43c80aeea0e6202512e066e10281fa6b22c017f3720ca8aad493af86e7f01
O38-68,EC1N83Cbinhfa6f65696e46,32789,495063,2bff688456430f1106fa67a3e7262b836084ce10fb6b167bb3dda8c8d39a70bc
O38-69,EC1N83Cbinheac61f19df39,32789,495063,e7971779fe167e98693452ebbf5b58c2068563568341c6b44e678124c78cffe5
O38-70,EC1N83Cbinh6ebf998db360,32655,493053,43be5bdf46186b106e7d3f2fa8f4d5db2ba34238cc883e21602734d363969ffb
O38-71,EC1N83Cbinhc668505de20b,32853,496023,131b82b3de32b01a59cb2884f443d4333b9294a27777a8bb78db0bfeeddb912a
O38-72,EC1N83Cbinh62614d0856f3,32637,492783,ef5c1b4a29998b296a918b32d84aeea6fe88687e56ad86b36d30e8ad36ea4a42
O38-73,EC1N83Cbinh34d89a4af432,32959,497613,645147156ad655b09d483373464771690dd59d8404ab221128a0f24797f0d695
O38-74,EC1N83Cbinh6422aad3fd76,32539,491313,578c0a1330667c0c2310539545405261a326d33072ce9fc11761bfae0eba9b35
O38-75,EC1N83Cbinhb2ec13bf1c8f,32577,491883,a6db7e804227e6ae9e7143f6cd900fe7b2960f69b242d73143e9b92432b63b3a
O38-76,EC1N83Cbinh1188003c9b82,32695,493653,578ad6694d2740c615875900e13dcb192a47a061aad2a1633f002b4d58cd3c63
O38-77,EC1N83Cbinh737c06beb368,33070,499278,c7130366504d34f59c813c72e2b2bf6d19644034a54e45d5b82b31e9bd1fe353
O38-78,EC1N83Cbinhe77fa77c230e,32779,494913,9ef306530d64d5e9490faba8046a41f95e43004a87c6dd6ca4f504dff89fb28f
O38-79,EC1N83Cbinhc88d0863bb7a,32907,496833,9386753f3b0cab4d1ae505370749b3817e2a8761bf33e52294f76654e6397471
O38-80,EC1N83Cbinhb916232e6b55,32952,497507,218f945dfce59344ccfb028e7707cc9abc70c6ab92f9a414138816048f4b4fcb
O38-81,EC1N83Cbinh2067b7c1c4d2,32708,493847,b3e509a7c7b003601ab5e96dd326493afc088579cf2009fd1c68092366a91b80
O38-82,EC1N83Cbinhb785f66d62ac,32897,496683,3e4b6981f259067eeb0f67486022d45d17253d6c3fe25898fd64687b0e545004
O39-00,EC1N83Cbinhde8bbb88edf3,32862,496157,83c48872f98c4d521a47b9201a95353242bc0ba8a97d05e1adc1569957523b9e
O39-01,EC1N83Cbinh43d399e3af30,33113,499923,28acdd728b5c5710ec2b29376f64646bd15c5524efb904383811063cbcf66d00
O39-02,EC1N83Cbinh91e2a0ba3477,32848,495948,ae95809f185cae7f31500617784d92ae472b79f2f3446b8269afd1115b8e920b
O39-03,EC1N83Cbinha2077f9c6a9c,32760,494628,c8da950c1101eb20237c222bd1d9843aac36174eaaf7e4f06e7bcfe5eff42fe2
O39-04,EC1N83Cbinh344ba1bd2020,32918,496998,2bf8f83a7a9af6ba8153f24c2ea02bca264fc510778c4e85c6f00856484aaa6d
O39-05,EC1N83Cbinh1fe2c15cd127,32760,494628,6d54319e59448bc6b884310463737e019294e8bd9caccbb2994a96ceec4f4d59
O39-06,EC1N83Cbinh7929f5cad02a,32758,494598,85489e551898e95e612c6408b31c92cb46cc3d91dacbd03f2952a992c3ad89a2
O39-07,EC1N83Cbinh9ee1e9a14023,32786,495018,eb83cd69adc9d9038c3e29e09e23f38e7170ea19c5aa23aeec7fbeada44aae4a
O39-08,EC1N83Cbinhc5e7b2836df3,32846,495918,225d180da828d6865b74cfe25891ce335d25eaadf45521566fdd32091049daf8
O39-09,EC1N83Cbinhea16313f017c,32624,492588,5bf8f7bb3de9e7d85e3f573ca9cca0c2ed02e465967fe574bcec7ee7f2c5972f
O39-10,EC1N83Cbinhb0d17863efb9,32843,495873,c689dd609d5d2a61342db3b3986a0f8f82ec56f56d0e141ae62e9298a8a866d8
O39-11,EC1N83Cbinh942eac944187,32832,495708,c0dc416b743d480f98582cf74ad834c24e4abfa0e87f5fc45f3dbd6ce5626b40
O39-12,EC1N83Cbinh993159c6bdce,32843,495873,32e4b11304de406cd855d8e693e74829b7b29c47ed76974120363b054c3ea9a1
O39-13,EC1N83Cbinh7d7a5bd21126,32791,495093,a34ad87d1febdbb82c931d1f664142e153395c587277d5dbd7dde87cf2aaad77
O39-14,EC1N83Cbinhb9a354bbce7a,32779,494913,1579a7396d0a6dd1ca62e2562d97e84f3f3825399529359593d7ec418a15948e
O39-15,EC1N83Cbinhc10500b4f415,32768,494748,fe30f56a64843f126e7c7513c1cf9826064139a00d42fa33a09ab1e95417dac9
O39-16,EC1N83Cbinh9399196675fb,33137,500283,2ee1fc44e860b2a999079f4d81b9b66cc75cdd9e7cee1b2b84758048c2364e28
O39-17,EC1N83Cbinh331bc6a29667,32669,493263,2be5eb3fb5d1162b199d6835dd9a07bab351c3a9a0eab88c705ee6c990a37b02
O39-18,EC1N83Cbinhbba21eac5387,32739,494313,497b5d331438d20c744f968766a3cfc78778e942f0f13b71bb8b73406d009ab1
O39-19,EC1N83Cbinh1857f6d36945,32922,497058,92f31dabd1b536b4e5176e1c8499d23fd5c4061721ceda141576d5e104761b15
O39-20,EC1N83Cbinh0e8526b4ebdc,32626,492618,49b55c65b81d1bef831bdd3f4251fb6ca0f6a560be0e8411229b966973d2c4c6
O39-21,EC1N83Cbinhf16187b206b8,32729,494162,5529075c4f32b190726954c72bf3760ebaa1ddf9142719dbe2c3b483fe8eae12
O39-22,EC1N83Cbinh08e09ff377b9,33061,499143,3e23d01c1d3b466ff0a39e63097dc84cc23bd7928e6133f43dd951182d1e5233
O39-23,EC1N83Cbinh60b7adc2881b,32691,493593,960ba344e4c2f25b050569f0cc8992d6206e4b22ab8620bc9a114bde729d9c1f
O39-24,EC1N83Cbinhf2101e46fe59,32682,493458,26908f0575da1297e0abf4a767298337a477b121374413b10ae1375a4373a3f9
O39-25,EC1N83Cbinhb1f8ebe2f6ef,32680,493428,db30a13e9e00d9c17f7bae4fdb93e961ff51fdd1df520e9a161178f50fa6213c
O39-26,EC1N83Cbinh1f88ce1554de,32849,495963,46f48cc844de49767a12d491abd1e468ae8f5c6aa49299bc4fd383d701ecaebd
O39-27,EC1N83Cbinh8d7a8426257c,32749,494463,68465ef72989488423fa68a8c235346407a31dfe3f108511984a2fc88018a3ac
O39-28,EC1N83Cbinh6776271cf123,32883,496473,30bdda0bcb2305be69bb737cfb7ced57b95d7c05c6c30c1d675f65db77a1815a
O39-29,EC1N83Cbinh121dae408fb4,32691,493593,a3d7d3f5552a4c071aa062f280a29e02cbda49d95507d017a91f512042728b60
O39-30,EC1N83Cbinh190c26830588,32891,496593,42e86708bbb5778477cc36accb24502664e628b65c5b6d99d4bcac521b0d88a5
O39-31,EC1N83Cbinhf19c5e103d88,32662,493158,7193bd25e64e7a0c5c7b9e01b8b239bb23127739ea95f41f5a919a0511939288
O39-32,EC1N83Cbinhdc37ca195399,32958,497598,00bc69ebbd00ef7c1d317eeef4212f1a8c54d87fa0453ef8acfe9eec6948ab0a
O39-33,EC1N83Cbinhf333815c1ae0,32813,495423,889880bb31429aaf228ce00cc7adce40c31b79cd80059314a3f9d11777900347
O39-34,EC1N83Cbinh8816098ccf83,32581,491943,4534b711d54d7bb136c816157580736f8fd4200303a2de2620552d4fbfc8e07c
O39-35,EC1N83Cbinhf7caa3e50ea3,32827,495633,a4bd71f23b22a2b140985338049dc3babbb81de2e0cdf0c578f08236376b402e
O39-36,EC1N83Cbinh3fd282b1dd2f,32710,493878,a3b328ead7851c4765dfc7458f4feb3c430bd6b4541405a5310a32bfd158ff15
O39-37,EC1N83Cbinh0bb91510811c,32864,496188,59ebd0b8d97a06a909717e23560a9605c9ee507ebb82c81fe95a450f4d197247
O39-38,EC1N83Cbinhbf8aaf3c144c,32675,493353,37b6eb317347f1d5c006dcbcac9a5d8b03f1edd21fa8c291447b90255d4e0a59
O39-39,EC1N83Cbinh20470a74c3d3,32743,494373,bfb6903475cfd249776e8975a368824dcce639bb39fb6df9be1bf5ffa1212bdd
O39-40,EC1N83Cbinh25180e5ed50c,32827,495633,d6e3e9fb0cef659c0c13e8d3f57b6ff9af3a85d8bbdb870ee977f98fbee2eb97
O39-41,EC1N83Cbinh17b1b03aff5c,32924,497088,6b3db6bc95d92174f151fbf6f178123b22932b3128c96ff85784b2d658dd1a7f
O39-42,EC1N83Cbinh95a89a76d2b0,32850,495978,d139c390120e97120b99ecf0cb53be74490bcd529d0d8e6ec3ec20fda82e35c4
O39-43,EC1N83Cbinhdf3d1eb2b424,32720,494027,fd526b54b681994ccd318ad2c8ce282438b61ebfe91233a5f43676883af03cfa
O39-44,EC1N83Cbinh17a2ec672660,33044,498887,91aa095de690847f2f94275aca43110f97a4275fe78f420a2b765f95bb4b61b2
O39-45,EC1N83Cbinh22905851fecc,32760,494628,6ec7d2b8074b5465271c7166b96a83a56e0b951aca7a3364fdb5213b603c1b01
O39-46,EC1N83Cbinh792a7b1d8941,33006,498318,41ebe3700f28ae043919da921aaaa9e241e99c545952e86c3a6e26fcc31c01ed
O39-47,EC1N83Cbinhb113e29db83c,32698,493697,35712505e5a673d6b2a3336043b97da586710b2ea93acc26523f05b10ac627bb
O39-48,EC1N83Cbinhf3ede23180b6,32723,494073,dcf0df0c5d15277b88e950b4dbcfb8a4365522cbe0c9596f017ef1fc6f9e40c0
O39-49,EC1N83Cbinhdf2f4ac7f77f,32730,494178,0a929a4109fbd8471e9ca54d42192ad693c7f1908def367947d0419d47633f56
O39-50,EC1N83Cbinh4b51afce10d8,32829,495663,8034919101c861819096ed37996ff4e0f8108685388e3974ac6ad29d51afae03
O39-51,EC1N83Cbinhe1326f10ef20,32625,492603,66f422bd3e2438ff48a9c616222a8ee9a173307d20cd8d552ded85f99130a37f
O39-52,EC1N83Cbinh0d29a7de3e19,32710,493878,2acc5ed3c210c3eed7734f8a577c5a1d1accf9280c3fb8caebb55fb06a65f40f
O39-53,EC1N83Cbinh0a73687042cd,32598,492198,73c9cb7543d894f107891e7d54717b0e4978d762f52d78e70bc3ec2b357cc462
O39-54,EC1N83Cbinh6d356e0314e1,32773,494823,99af1da95570cafbeae58de018e28dda2d623094415b2366abc1f9d5a33e4e27
O39-55,EC1N83Cbinh5583f94c2e0b,32731,494193,714c9e22b8066df5e0a6abb580a2c39ed12ff955329ab8156b0cf4a99c770b94
O39-56,EC1N83Cbinh002fc2edc82c,32936,497268,e1582e3755852ec11cdb514f5cda27ea4ba52d66f6aca1a2f90fd56d6994174f
O39-57,EC1N83Cbinh9b00a7bbe4d7,32860,496128,3ae85b05e0f53f5778de99e27a29a47d4815a8134379db5a8873cfbcb46c87d6
O39-58,EC1N83Cbinh8adfe16eb070,32820,495528,eadcd344bbe2c9b225cc9556a7f7f13b09584728e8c07bcdb93c7fa066922550
O39-59,EC1N83Cbinh95b2ed6045d8,32453,490023,68d89b78ee84e19cf63192acec8574ce14c87c5a8b3a1596ea33a2f0bd702d94
O39-60,EC1N83Cbinhd4ba1b040004,32739,494313,8046e9ed27f1b01922df87c3cb2b624c08550eb6c3306245d261ce0a54efe376
O39-61,EC1N83Cbinhb21ae9bbed03,32976,497868,30b3c805124ef2a488893d0bdbeb3b2b6e556eb9e609fed81caef61b738a3192
O39-62,EC1N83Cbinh170d37afd0ae,32968,497748,adedd3d93a84111dab0ea5c55043a4ec27cd4b8420cd9b98a78dad1b97ad0020
O39-63,EC1N83Cbinhcbd47f7039b7,32762,494658,1b098728b1893f76ba5f7d0b8255e81d9be6ba9fbbfd3d610aace2ade05da371
O39-64,EC1N83Cbinh859c9b202170,32808,495348,87d0186dfacee208ef973251ba1c50a6e4ea6f746df62ec365ea15cd458d033a
O39-65,EC1N83Cbinh37e88e9f673a,32896,496668,641eee276e7369c17c9dadef477b96db9b0c1129bbf0ea96759d174e2faa7c00
O39-66,EC1N83Cbinh62834ecdfd2f,32876,496368,1feb7f034604b6072780b19acd4e4152d1ba4a8363eeccb5caec2dfe2269d5cf
O39-67,EC1N83Cbinhc48ed32ac56b,32718,493998,1401c85abe801fd85847745030941a0e2f9099fa389abb52f13741a19f92c8ea
O39-68,EC1N83Cbinh992328cced1a,32997,498182,66902627e84fc9a315d02fa4b4f021d6d5b619690f079e62059bbb7145610812
O39-69,EC1N83Cbinh566d633f00d9,32740,494328,b39ad3ed75892af84778452154c535bcc03c8bd3037e76d66926f57b4e5d73e0
O39-70,EC1N83Cbinh7a8ac528f742,32480,490428,e1d861e81fb9ba500787b1919dc3e60ffd25df4f2b1c2f9d0e2a9c8e324e0804
O39-71,EC1N83Cbinhecba06941860,32589,492063,6db17855452b12fec593c57ac7dc5f1123ebbec9f6d8836972045f9f418d65ad
O39-72,EC1N83Cbinhd64f6cad53e9,32785,495003,3e6998c7cc58de38897d3e056ed5eb4bf6f730268ab5e197026cae8cdb7b07de
O39-73,EC1N83Cbinh68b343eb041f,32874,496338,44c6e5be3aa70ba6d54901eb8e3b893a3adb38291535c5684a05ca7f965da4ad
O39-74,EC1N83Cbinhfceb3fd8bc23,32862,496157,34214afe86cd9069df0ad37d975295e031aeb6743da4c385a8bbd82820f16a41
O39-75,EC1N83Cbinh01f0912ee81c,32721,494043,337fb670c78a11f05d751456e2071c8204ee302133bda2069b0c50d58b3d9e5e
O39-76,EC1N83Cbinh0d343d329157,32887,496533,282d6b404d4f1e2558a2f95a61f7a3d27107d69349c839db0a604ab57cefec79
O39-77,EC1N83Cbinhac5a0a76db10,32573,491823,69deb796b6706872aa46c3db2ab49b5ff52f006d6893a560d385e33356aef31e
O39-78,EC1N83Cbinh166a44ef274a,32871,496292,042f97b11aa20e406ee400d761866e559b8417758e194aaef18b54a04baa14f8
O39-79,EC1N83Cbinh1720ddcdbccb,32559,491613,6fc1282a2d8a82728f49a2a1fc92437cbb8d435ee28285919c6ffbb3c4c1653a
O39-80,EC1N83Cbinhdd7fca606364,32591,492093,64661ab6def9f6bcf42ed6c655285f8756d8d76d360409915275a36e1f0df4b5
O39-81,EC1N83Cbinh46d5850e4369,32779,494913,d2a49e4a8d0cafc18c6f160a33355d5b8b220443e9b9b77176d8e2f35b31dea2
O39-82,EC1N83Cbinh98dc87779a06,32739,494313,8830aa8275b26b2cbfafa560e50d1d74cdea48894d1caeb127644a13de06ef16
O40-00,EC1N83Cbinh9d5d14e981ce,32811,495393,a2be24d0ffe14de1fabd30a85554520128de74245744a6740d42419a91603be4
O40-01,EC1N83Cbinhbbb75217e79d,32674,493338,67f49435fd4b6b721b22a6f858cec971755099d147cf228b0024e56b049835c1
O40-02,EC1N83Cbinh5ffb19c74be5,32821,495543,d9df16e4a1e0595bf6b239f370273d0ca50436715b6363c3fb68839dac31d186
O40-03,EC1N83Cbinhc6d993a23bfd,32610,492378,5615861efa555f6f46d4c79b56185edc2e833c3382c841f65d0ccbd26330c59f
O40-04,EC1N83Cbinhed82cb2c90cf,32675,493352,bae5b47bfd8f5e90f3771f3c9da2085c76f77424c24e9de947e4270145c7f03e
O40-05,EC1N83Cbinh294b96b29a5e,32747,494433,7ed35664ac048cab424a74ab2d19a2fa234c501d45facfc71d99c18ca132ee6d
O40-06,EC1N83Cbinh6057e0b3752b,32822,495558,4d37fa500d949b3db8b523a6d79bcf868f6f029e1cd8ffb34a1d4e245d8dac39
O40-07,EC1N83Cbinh06e2afe7352b,32664,493188,263d030d2735f3676f89bbac5be52b0ae502c5bdae79dbb5305fe6b5e8a6ea2d
O40-08,EC1N83Cbinh2c23bd702516,32689,493563,68206bb34fa23dd2dc09441ebac954d6682fe27894666d134f5549c785abe14d
O40-09,EC1N83Cbinh115baebcddfd,32548,491448,35feb05c713aaf9e08bbd415781ad70b0bb398ee211acac5f2c5537a5fa9aab0
O40-10,EC1N83Cbinh47312f76e5f7,32732,494208,f0585cd5639e0e82b6ce7125661ca94f6cb1b64decab34204e2000c7619f4bf4
O40-11,EC1N83Cbinh052fe7f0adad,32708,493848,6b702a3acb193d9c287cc3d6de2b2574801e9d90b2c5a3041e874c9747151053
O40-12,EC1N83Cbinhca362f1bab56,32623,492573,1330271c46781aa3b451aaced8eae2a06a36caec5095fbddf43a901e94280913
O40-13,EC1N83Cbinh94368e7dba5f,32940,497328,698f4d9993d78ae4d3bf06456dcdd4c20088af027bbf8284ed417e37a831bdd8
O40-14,EC1N83Cbinhd5703cdc6a27,32914,496937,21b7ade5fa86c7999adc4164d242a3f602c62a84f5d7d9034990e6cbcef86d3e
O40-15,EC1N83Cbinh7138162ace94,32857,496082,ff5e33048831f1d8d1600f1ddfa18425da47798c91e26c57b1fd3bb0e48b4b1c
O40-16,EC1N83Cbinh5ff9d7032241,33027,498633,29ee01acff878deae336ccb4cda124ff1475695be9786d8fc08f5eb180d7d54c
O40-17,EC1N83Cbinh195679038fa8,32781,494943,0be86be449ebac294aec4873c981a437226d1d98319a3c19a459d289c4375f61
O40-18,EC1N83Cbinh48d700a50ccc,33084,499488,1bf20c589eaf0274a0ac24fbc7de4719f6ed770fd5ec4b6587f1730349b3ee17
O40-19,EC1N83Cbinh3ab11807a0f8,32813,495423,e9d20ecb97c8a1858be097a54f9895474a05a7e4a1259185fae3b81615f6157c
O40-20,EC1N83Cbinh3ac55d7d280d,32886,496518,95f0605fb28c00cde1f7d0fa6de62a07c3cbe4b8f2b866a0c4f128653ab7bcd4
O40-21,EC1N83Cbinha9babb8124cf,32928,497148,0ef175345e5d94cb7956059cd605ac220670ff33620334fd3ecb9f115d3360e2
O40-22,EC1N83Cbinh979a8eefb4c4,32970,497778,b7e672d75c427cd515b38ab6377de8a8658ab30d97e6b49973b716d57465edb6
O40-23,EC1N83Cbinh3b2115266eca,32941,497343,c90a9416dbef10090600e0b37ce2b93e361af02cebff11e3705d0c0d4d156d51
O40-24,EC1N83Cbinh51aeb61bed84,32409,489363,4d4512971695347217fea8607530c48fb9def3016eadb56501d435843423b69c
O40-25,EC1N83Cbinh4a9db597b1c6,32670,493278,838c276d0cb732f10505a6df259f0101c1e000455c67e487106c9fe1c137eb36
O40-26,EC1N83Cbinh78bf16d27261,32765,494703,2be0a704ea0a61db2ef080c69e12c2e2d5e7dae9ce988821eb29741dee975029
O40-27,EC1N83Cbinhbf49a51f8bda,32934,497238,e931d34b30940baddd3b76b1155b6898daee4066d5bf487f54cfd30c9ff0a95e
O40-28,EC1N83Cbinh7a536761eecf,33009,498363,ddab5ddc293cc0fc96a4de2dfb2acd36d46bc9dac318c1a8190dae3f7b2a7a8b
O40-29,EC1N83Cbinhbb07fa3ad203,32924,497088,e6198df0e85e53969481d3442798e715ce638133b84ed990f463912ecb64b740
O40-30,EC1N83Cbinh1a7d028e6e92,32906,496818,5dcb42b1c0a94c96798de912efe7a139a0e7b6ca746dc650894507604fe19f39
O40-31,EC1N83Cbinh19771b89f94d,32845,495903,5ee1ff5d0e4cf98469b73757e0ab93aace187423c97b6d962787d55cf207200a
O40-32,EC1N83Cbinh90aace6eee8d,32806,495318,2c92b806499d28146570e5b4e3850b73fe038a4e4c02bf961c8d659aa91207ec
O40-33,EC1N83Cbinhf3e95abdd1a9,32871,496293,744a8f71b32544483802f3a104b06e4cba78558f3374915198180cf0e800cde8
O40-34,EC1N83Cbinhbed8921d7c5f,32757,494582,dd04af330827134a97d3ac5458080126eedc5ba9e6cfa2780418b50ba104dbf7
O40-35,EC1N83Cbinh7da9df72fb69,32806,495318,a06c9f67753b2ab5b65cb140d8a0da01fd51b6f1b928fa2d3c97502260327fe6
O40-36,EC1N83Cbinhe2ebd2a28fef,32727,494133,4271743e0a94421d0ea8df593ec87f6f1103e3fb21a340e02a1b8e118552d3b9
O40-37,EC1N83Cbinh7d740c9f786c,32701,493743,5d507561379349ed3f921d74ada64b1babca2d93cb43bd25c903858682012be2
O40-38,EC1N83Cbinh69d2a32bf4c4,33023,498573,845dee74bd238d220ff4990fabf3949949a8559fc279e73a320936652d20e7c1
O40-39,EC1N83Cbinh1ea96e23d0a4,32637,492783,ee930769186dad61f5ba5b28dbc383f3f1165ee2ecfaa1f11ea68a5093c2dc85
O40-40,EC1N83Cbinh67c8636df4c9,32651,492993,59bddc1a9d810bb8e9fed5abf149bb19927f235be181dfd8851cfb881712b3fd
O40-41,EC1N83Cbinh92ee304499c5,32868,496248,a2549fd4daf9effe156db8fc6f170345603175848411d76cb177391080e6ef65
O40-42,EC1N83Cbinhec5d359dad3c,32773,494823,b52941ca1e6ff29e62ea5f16532f104357c159a206cc7a03c3fedb2ea8973209
O40-43,EC1N83Cbinhee4cf0dbc8d2,32809,495363,a20863dde5a36fb9aecbc068e2bb8e42e389be6f641e474adcfaf706615958d9
O40-44,EC1N83Cbinhbc73204a0e86,32799,495213,721f62f783668cbb380690c93d86b703cf3978f2a8db458cf3e46a30a70c69d6
O40-45,EC1N83Cbinha81305016a72,32958,497598,3cfc138a08e32e0d7923344ce876e5acb8f799227fa3f29c85c1ae76572e2307
O40-46,EC1N83Cbinh3ea4813afcd4,32969,497763,8eff7d5a2d7476662e3021b26aa2ab8a930a488f558f412938c4263674e3034c
O40-47,EC1N83Cbinh1c80f0529ffb,32811,495393,cbb32283838e5ebe694d6fbbe543dc0643b8ac0337efea7495cd0d9ada016c84
O40-48,EC1N83Cbinhd58a9eec4619,32920,497028,7cac652685e23b0a0bf51c6d8e46e258155a992b1a8032dcdbc950780c95ba02
O40-49,EC1N83Cbinh57e306f2c909,32621,492543,aecdf84dc2d10a2243ee8247d4b610e09ffecb0116f41b18db3200bd37213933
O40-50,EC1N83Cbinh341cf2232147,32737,494283,cad43ba4456245e1f555071db7e103a5187ef418c0e72372d35bef8dbc95a9f3
O40-51,EC1N83Cbinhd8fea412895d,32693,493623,0628d690c126b0b6aed699a0bffbc1cb7656b980227dadc73d72870d75ef5147
O40-52,EC1N83Cbinhf25393081cd0,32663,493173,8b11df4bf54157828726fa1501fee926aad905b19a467af3129df5308da2b573
O40-53,EC1N83Cbinh389a2de9005c,32629,492663,ad372a09c4a7fd8eb22521daef4dfd541006cb9165a4b4d8ff8fd123538a61fd
O40-54,EC1N83Cbinh0c44e8ad57e5,32818,495498,6a365419450224c99d1d0dfba35b4abc0d10737dafbf267809759c7021e5e1e1
O40-55,EC1N83Cbinhbb2ec264c8aa,32698,493698,adf65505bd9816ceed9c29fe6edb50b783041e461f902c9aee7a820f189af7bf
O40-56,EC1N83Cbinh45fe8ffb7a8c,32799,495212,0aac89aa8847e0246bdfef13111da0212b6a191d5369c4accffcfb4fcbf29915
O40-57,EC1N83Cbinh32515e0541b1,32887,496533,13439d2e26676ec9c6e62a31b3a9e88bc2dafdacc386e82e8fbe9c456faacdb3
O40-58,EC1N83Cbinhfac3dfcfc57e,32886,496518,e62b6cc9bd12c8954e89086ae4e635fd28b8d3083f3c4727a2280df10659ffc3
O40-59,EC1N83Cbinha8c3756dc968,33034,498738,8a05fe62a69044f2092a91ddb14e6b2b0e1eb9cd75e7978814189a8dbf9650a5
O40-60,EC1N83Cbinh69aede06d44c,32768,494748,b0dddb70e57063b8775ed47abd8315f90577ab02c45b6e10a244a07b5d477899
O40-61,EC1N83Cbinh735bfcebb5b4,32788,495048,6412a36e6a3fb6dd9ce7cabde3a8a29a7eb2b42241b6f38d536fde3ee192a68a
O40-62,EC1N83Cbinh78f4e5205069,32612,492408,6cbb1a2e65270436bf75cb2762fca9ef402f6c8c4fd13b4790d814065cdb7c74
O40-63,EC1N83Cbinh4aef83163041,32907,496833,3d8d3856824155858d21ba06bc3ff03a1de1023cba15cddb9ee3fbcc22564776
O40-64,EC1N83Cbinhf1f286752d86,32781,494942,07399939420438b9d3a21c63e84c653ed9a20289c0e8614900747ff203042d7e
O40-65,EC1N83Cbinh7ff9497f7922,32966,497718,a37071f99c9714d06551c6259fb40161ef4d4bc597504c971652d42281a21fcd
O40-66,EC1N83Cbinh50da860443ad,32735,494253,f09c3fcf65ddadade0697212e83051b64fba9702a8d4a6ce3754edf1df0d8f8c
O40-67,EC1N83Cbinhb49bea0297e9,32779,494913,9b357c2643096a54071b01198a605cb3214d3d400a9870d4ad34e9a08e4b80fa
O40-68,EC1N83Cbinhfac39eb20a85,32592,492108,1ee745e5eb1efc6c4503342534f15eadf459224f997cf7b02b8d2a65c9a30c56
O40-69,EC1N83Cbinh201451c180c8,32826,495618,ad62abe109140c22a4a51ceee05f49f11c7719bc8b4d0663e546d8cef0318554
O40-70,EC1N83Cbinh8a8ff494c734,32826,495618,f3723fdb39d5d0f056867915130eb8c20193c7b4db6d7d78054f9e9a40363bc2
O40-71,EC1N83Cbinh0dc689bcf667,32868,496248,74c987de409b3425caa52217598e7885b8a3c5b18ccdbf88d6f1e0fb9448eb4a
O40-72,EC1N83Cbinhe36ce3b4b99a,32753,494523,c7ee96da0d62922b3fa22acb81b636967d657e9a37e6849e698b8addf46e977e
O40-73,EC1N83Cbinh6d030300f623,32877,496383,1d5f8422cb3cee8db90ab9294659c5aaebdde886d3a5656747eb4c8d6820b9b6
O40-74,EC1N83Cbinh9203938f40b0,32625,492603,4ad7702bfaa4e48a8ce267feef24cfd69bb229d2a40412496ff4426c18b0e778
O40-75,EC1N83Cbinh9c53174f3895,32703,493773,14bf6f88d29382c51f85a07a1f35f8c278d3a13b19b6cee3671ba4f910c2a726
O40-76,EC1N83Cbinh115a084544f3,32941,497343,868892fc80db651ed81adca788eae551a8e99d929e533b792d2d437e66184d2d
O40-77,EC1N83Cbinh2b16c2a11c8e,32969,497763,f2337a7c1d6c98eed5c99a6100254ab3ff7ce435438d9ecc063601a6f59447e0
O40-78,EC1N83Cbinhbffb4c8b3599,32749,494463,4a5fc1290595a76694c834b6992bf0e049e847d6c44559adfa9f411c2c7e9d88
O40-79,EC1N83Cbinh2684cb518b72,32843,495873,06d5befa55de9fe76c0ae5d9373fdd4b833414b7b1efc547a55fb5a2ecba3570
O40-80,EC1N83Cbinh921b2e6a7f9d,32696,493668,1c6b1ed1669a0f35b7521459377418830bfb1fbcf387e326fa4a40c97ac7a80a
O40-81,EC1N83Cbinh7f9e917e3057,32705,493803,c72b22fbb7832f01bb898bd30c4d7aae07b91a9cf714964937976f03596de966
O40-82,EC1N83Cbinhc87c1e261620,32941,497343,3f9864cd4a44c888b20e6f53c40b57b2999cd7caaa2de931444f9f9f8fcb645b
O41-00,EC1N83Cbinh9af424cdc5de,32688,493548,1b77659dec1388430ac6e330fdc38b39644e0c9abb62fa6dee8ba464776c64d7
O41-01,EC1N83Cbinh816c5971ff9c,32852,496008,57d76dfbb629ed853605e81c298d96af39448c69bf98ab18c4692215dbcd6c6d
O41-02,EC1N83Cbinhd4f5a296b0de,32858,496098,e27b8b39e6f1773a947df052ee62afa96c55fd88997c5654517b32fa2f94aeaa
O41-03,EC1N83Cbinh53d916e84c6d,32610,492378,1ed8029320e17728afccd3553e0f36bf62c0c042c9aa74d862008381dbc4370b
O41-04,EC1N83Cbinhc65414be950c,32832,495708,35b277d530d5c426c20f4543d8bc91297b4293691fbbfcd97307060b9796b52b
O41-05,EC1N83Cbinh765ce58207a3,32805,495303,75eece2ea5751f3f48591026ed8edc0ad5190d126025e251fcde3a63e2d58855
O41-06,EC1N83Cbinh78eb54e9b779,32879,496413,2887acf5068c50ad2883db81c8f484102830158d42de97016b58b6bbbf45f625
O41-07,EC1N83Cbinhee6388a34a85,32814,495438,270da1c89d74768236df6273bc38513084031c793e8b9ba76d7dffb68a1189a9
O41-08,EC1N83Cbinh529ba8f39b45,32704,493788,9117ed84e7c4d9457bf323b5bfabe963b2ae565fb8112dac3282f36dd7667b0c
O41-09,EC1N83Cbinh925dda018905,32686,493518,0cd688bcf4eee2e51223c31d57d7632eaad30aebddb0b7b5edb58419961bbd59
O41-10,EC1N83Cbinh2428dd5d42a9,32965,497703,df9839791c06f530ec915e8a5f24c35db8997510f0ab02be84ffea13942628ce
O41-11,EC1N83Cbinh79858880cadb,32638,492798,4f2afa8215143527fb975d33ac1169294ee50626c4274ab8a4d679eb6159270f
O41-12,EC1N83Cbinh91e17838d2bf,32668,493248,c32969ac0945382f11d3b6bcb9ca3a847b8c6a60aa104e7eeac416674a908954
O41-13,EC1N83Cbinh41a0da9f225e,32897,496683,896379f62e2d324e9505850808e41d7785c12082e09b39acbf92a3b80322317f
O41-14,EC1N83Cbinhbd4a6f132c91,32941,497343,323d23ea530301a7e5185dd6f4e0fab025e4f3f486c870350c524d4b3e34d186
O41-15,EC1N83Cbinh3ca0cde16cee,32479,490413,2735270bb89b58ac1d01f806c8e0d02717b49886ddfb02f8346f1fd42a9e3220
O41-16,EC1N83Cbinha3c6a7937d2b,32900,496728,42f5b1da03bda560b19623821ed0ae740c552c942f799b8650c4601490392cc0
O41-17,EC1N83Cbinhca99d23bda41,32792,495108,9fbe0791cec54701ff914c4061cedb6e0ddc21673d18e986cfc3786e2864d1ff
O41-18,EC1N83Cbinhefacbad5e444,32780,494927,75df08281572d08a65d70cf318675045830c14892af7a614aae23983f22c03fd
O41-19,EC1N83Cbinh70d8ad31f760,32635,492753,43918aea8dda693dfc52b9a19e0d936e330ac57917ac9b31a6a522be826dd3a1
O41-20,EC1N83Cbinhd53a20d592e9,32824,495588,12cc74eefbc8439f43d6c6e3637269dcb153da9776fe350db547e8ddb1913cf0
O41-21,EC1N83Cbinhbd600498556a,32857,496083,40406017d229f7dba8c99e0152d53ead86938ab1b8c7f310c1770900209a0e25
O41-22,EC1N83Cbinhe8774e42a804,32666,493218,8a6a9f62edeaeb824464c5a08723df18cedf6f25fdd056f604408696d1a33411
O41-23,EC1N83Cbinh9908d2f110d6,32852,496008,553652e798a09af47b5694631301b3e16c5695183c4e37c9cdd9db6f36d08bfe
O41-24,EC1N83Cbinh07eadadc768b,32782,494958,a6a4b3f70ceb1cc7570068a57f516473616930b46f60a63281d33cc456c6a37e
O41-25,EC1N83Cbinhb5cf5735430b,32678,493398,0da9c545a4d3c7dec1a9472fa5502fbe0a6952a0827641ad630c1dc979c9c851
O41-26,EC1N83Cbinh1b726dd1015f,32476,490368,284841717201cd340730c9e49547c5e1eeb39d125819970fc7a94d76a71ba9c8
O41-27,EC1N83Cbinhf277c71ce989,32650,492978,01653ab8ee18b8710fcfa034131a92941bfc0a439e81572d323caa1ff405016f
O41-28,EC1N83Cbinhbf77c2225216,32645,492903,a933fa791056821fa8db2157b64d33af00373b5b7b107d3d80e49c58eb2d25be
O41-29,EC1N83Cbinh7d350ce1ad7a,32831,495692,88184d10b188f1ab9b0e0aa67ab45ae8fb15949fa6f31594799f5421af7a15fa
O41-30,EC1N83Cbinha1924cce80dc,32720,494028,bf5e97ee5bc3468b4bcd84c3b00ffc3a6ecc1029e5b727ff648aa7024b55ef8c
O41-31,EC1N83Cbinh421ecd806d0d,32823,495573,11bb7b4703da1b2dace5989d128c9d35016b3690cbfdecc3ace3039aa21e98e4
O41-32,EC1N83Cbinh7b60457236d9,32867,496233,840afc2685745469620fa980723c24f90293c35b2c75ec0836493786f558a246
O41-33,EC1N83Cbinh6ac3f1531458,32673,493323,14efbec6795b7c2b2270bf0abd74663560badbb81dc8987a58d7a647cbe0a534
O41-34,EC1N83Cbinh431728199cf8,32551,491493,19ecef610449e924854b0b2836244439df83c9a6ab8b3842618ce91504febb33
O41-35,EC1N83Cbinhf9e190a6cd53,32656,493068,b68f10eb6e02a73e3769a5d401e9196c19c8f8cbe628575b39237172144e3a8c
O41-36,EC1N83Cbinh2aeb6a5cc85a,33024,498587,753e8f473723db2d6392355276a2b042a736f3e1bddf1aec17169e13b25bed27
O41-37,EC1N83Cbinh0f37b3fb81f7,32795,495152,24a9e611ca2fed149a6c8ccf12d0db965ea24ead4b020b3621ad513bc9b13671
O41-38,EC1N83Cbinh67b4f94979d0,32607,492332,e5481119a822a05b4954b5e68ec303d6449cf1f0dd648e5c6510b7e9c19f1fc6
O41-39,EC1N83Cbinh398f9e7ddb66,32809,495362,c2aff713e3ebff363c5d98ad036ad934a732b4ce18368b17cd0e7603a9884ca3
O41-40,EC1N83Cbinh83381e3c1fac,32756,494567,6aabbc2dea77988b06079928313af144f9ac2bc4a347db22d7e7a4b781578034
O41-41,EC1N83Cbinhee65fafd2716,32757,494583,27e17e0eb065bffec28447dd9ef99c5c726c2cf75493f2a5c1bce7939a32db39
O41-42,EC1N83Cbinha9548696b739,32852,496008,db1856b356f816c3ce49fecba24587ff4cae3e4c5228bf6139c5514a9341ae56
O41-43,EC1N83Cbinh0dad28e1152d,32517,490983,cc5dc73de43422eb1ec82f2000e25b91efe91e057f14aa028dd765ed26315b23
O41-44,EC1N83Cbinh6682448e88a1,32777,494883,15c9da79ae66d4215f1972b34240af13e61d3a9d313b7f670c0edcacf956fa43
O41-45,EC1N83Cbinh22da78d61691,32847,495932,90e61afe4f8e68f2b587474b0a570786aa980327eb9a326bebf09ffee4f7e6f6
O41-46,EC1N83Cbinhbbf4caba4724,32583,491972,b3ad71dcb2e4fe365cece93ed0aec4c59828b499f6cedc697616ebf86d221f8d
O41-47,EC1N83Cbinh186b63de08e6,32821,495543,fce894c6d79dfba7e729f0964bf0f45095ca2dc419bdcd971b4e33f1263d44cb
O41-48,EC1N83Cbinh3e5cf2544618,32875,496352,b1e4635a02d2a2fc0b65d6e25a0f4d9ca6f9ff6d584791239f478235810e2b4e
O41-49,EC1N83Cbinh6362067716fd,32710,493878,428d06f28af4e688ccecf03c4032e11480d1a137acfed59f8c2940da1f6d9feb
O41-50,EC1N83Cbinh6d4c9118cd2f,32903,496773,a01e97aa4b6b54e7e5ad9b42be8edd6b249167ce9038133f134bf47fb86c854d
O41-51,EC1N83Cbinhe5cbd95343b9,32796,495168,fcec5fc8b57fbf73462accbea562dd9d871b0959cdc138a8a12b1a81957a86cf
O41-52,EC1N83Cbinh8b83390d1a5c,32789,495063,4fc2bb964a650b1d522c6d9d9b3c949af4824cd1c74aee930dee6d47d0d13043
O41-53,EC1N83Cbinhddb30ff4110b,32675,493353,018090a76d25868cbc8897a4c4816f04f851f6cf3b3c8d56704bb7a4f97265db
O41-54,EC1N83Cbinhdfa3eae82453,32860,496128,b4efdeb2d338ecd84d69529fd529cc39339d0a901b80ddc46a42f03331982288
O41-55,EC1N83Cbinh8d2897246640,32613,492423,534d051a1ca91a241e7fd9024221f3b8f6eacbeb41c5466521db68b87cbe5f94
O41-56,EC1N83Cbinh10e9f0cf8c5d,32812,495408,be5d5e880dc2b58a42f7626fed83846f499e0d6432e4559e49b42f554aae8e46
O41-57,EC1N83Cbinh1d9b2971c468,32790,495078,e5d286abe549ec2c95016aad0b644503a718bc285b0ede4a063c311213444d08
O41-58,EC1N83Cbinh60b55cc4791f,32730,494178,53bd4d8d82516819a20f62368789b13657aa3e88e0853ca03365818fab3822cd
O41-59,EC1N83Cbinh9b2315986a47,32827,495633,fb575e80c1ebccbdff08c2583b46dca2121382661f9ef97f41e9d06b6d41d8d5
O41-60,EC1N83Cbinhc80f5113487d,32770,494778,90394ee01f2b749527811ca88eb9b2e02da1db1c57841ca9dd986a5fd1d48e55
O41-61,EC1N83Cbinh605b30fcad86,32738,494298,446bc8766f1808002ea0649495f9ee23b3bf4f241128d73177bb9f4c6d850bcd
O41-62,EC1N83Cbinhc67a9519d491,32753,494523,7190f605af9cb821ecb56a468db00cfddb3bc3e4bc290cd2603af4619d90c8e2
O41-63,EC1N83Cbinh50d4b69e2b3c,32979,497913,8478e69cfaee25f9ed260153fcfce51744dbfe06e3f985daeffafbde4a4354f2
O41-64,EC1N83Cbinhce5b04689e97,33264,502187,3ad7efd19133b4e7163c205d702027cce4d0eae3578eeb35ecff4d05d4aa8eb5
O41-65,EC1N83Cbinhef55596a5cb8,32855,496052,d8d41f76a029887bd12c4f39724174beaf06555b63ace480e08aa9c9f4a6c8d4
O41-66,EC1N83Cbinh34cdefa5db50,32791,495093,3885601d0bd20f42b1710c69a7627f40fcec3fe35705b05c1e87c3245889fa56
O41-67,EC1N83Cbinh1be05337d81f,33044,498888,f213f0ca1fc9daec039296ad33b436ca320e7adfa0076d49cae7b7aa752feede
O41-68,EC1N83Cbinh6fdfe0eb03ba,33111,499892,29c8eebbd17f7ddd0b3dccff5d6e41d226dc7a3be795d72129ab5d6bc7bb0e7e
O41-69,EC1N83Cbinhb2d41b2fb201,33032,498708,b2a0cda914cd3a722b3225e80a1de8cfbe4968198c77db970e90f3b93dc6babe
O41-70,EC1N83Cbinhf1a8d749d6eb,32492,490608,9e5e3ec77ad39ae37379bcbf00d47f77401b75fc914f639c9f351ed77d630053
O41-71,EC1N83Cbinhb87bb5b67412,32571,491793,285f33385885a097a527505108fca37d6128b40c50a69bff651f97ca0bc090e2
O41-72,EC1N83Cbinh771bfe504b04,32967,497733,1839a7c1ae8fbce093940033989b171bd5f45c339f1a0ecf7f8309c1202f76b8
O41-73,EC1N83Cbinh0140eb064624,32763,494673,3a8c2e96f1cda71327ee4bc94723cdaa25957a3ec5beb3c6142ed4ea52ea13b1
O41-74,EC1N83Cbinhd46e6776251d,32868,496248,1c312858d3571277d4601b4d8f403725a256562d2da37596b6f649b2b5c2b947
O41-75,EC1N83Cbinh30f92ab49c33,32941,497343,52b8819a26232f85821ff5f26e37da07d59aac82c25cb91ee230b2ab66b28f04
O41-76,EC1N83Cbinhe269ff738721,32777,494883,80b5db439b55d3b3a4fb8fceff221c914743d2062416f63ea94e4df6fee43e98
O41-77,EC1N83Cbinh7b84e199c11b,32967,497733,57daf15a1784a83f30e9a9d50cca7a52d5eefb5e9afc1a0e52df976680c1f238
O41-78,EC1N83Cbinha3856249fb97,32680,493427,430200bb8e9e01e302d822e0384a676aae52aec298863d9fd736e02042f7fdec
O41-79,EC1N83Cbinh8264d3fb4569,32472,490308,6045ba22729a7ba1890e613fe6c1d3ed9ae57d099b1231dba6d4a5a48664a464
O41-80,EC1N83Cbinh253e90119e6b,32992,498108,ef730694f1b1045c89477281a6061803ec8c37f2d2b899453ee8dc6de65478f6
O41-81,EC1N83Cbinh26e0b517dabc,32752,494508,869371e54fe4def5c3d36622102996c5092c9fb1723157b7a902818f9c3d04ee
O41-82,EC1N83Cbinh133f119cc6b8,32902,496758,427b75d7536031d4af672668d86fc1b494ea68afe21682465f8f6faaf01c9950
O42-00,EC1N83Cbinh6426a1726b1d,32653,493023,4d38eb50a81cacfb2292b274e5020eb51a6b1443b929bfbcc972884ca334f862
O42-01,EC1N83Cbinh4e15261dcedd,32779,494913,fbdee2d0ac50f8ac1d934df33b685dd4fcb2c1f4b1ea63e7227d670eabcd48ab
O42-02,EC1N83Cbinh7a1669511e1f,32672,493308,ca5e71643d803bd02585ada2e7b43939b28f43dfa417eec8d9dcfa037a042285
O42-03,EC1N83Cbinh591c26552408,32652,493007,7dad3a724917a23a11ff2385bb9916620d8f9591fda5c1231e49bde35a3a6ff0
O42-04,EC1N83Cbinh0e31a532755d,32820,495528,7c79e702d5743a0ba710be02dc9c4e889452d290e240a95f14677ca0c0d14bf3
O42-05,EC1N83Cbinh377ed36714b4,33044,498888,6d6ea27e9aa314ff6ec148119ca1bd3dc3106ee15bd2499af326fc7aa71ad1a8
O42-06,EC1N83Cbinhdf89a3a5728b,32819,495513,a269ec7ee9bfc525becc275cce93f931e5fdb53762d365fe271db83b5b52c52a
O42-07,EC1N83Cbinhfab67c2b37a7,32894,496638,9772c92ec6bb3c5d9d5a469aa3d1447d44ec5997b2fec0ef4e88e02f8b522b56
O42-08,EC1N83Cbinh4a705fff8cd3,32841,495843,da9ba2fa7b119957b7acedb25d657d19b67ce52c5b1f658520b8895df4dcf620
O42-09,EC1N83Cbinh0b4e59a4ad8a,32740,494328,89569e7b7a2f620fe6f67bfb61f52a27bcc8558ff0a980192a804623104d4834
O42-10,EC1N83Cbinh98e0a9d4952b,32924,497088,319682f134b71723160fec3b82fdf990bb3c25eef5ee827faf82130ebea8c562
O42-11,EC1N83Cbinhc305bddf61c4,33085,499503,3aeae67ca1e3ca5a04a3568c63d51248f5ec9c3f29fc87be06b840a857615ea8
O42-12,EC1N83Cbinh6ba184e7e5c4,32691,493593,66062de841dcdaf5a816219beb6c0d4df00fdb96b914e251da808eb19e2f9910
O42-13,EC1N83Cbinhaf87f140b82a,32970,497778,6731df3001db447efad3d19d93f511d482b5fbfbdbef69a98b9b66c96ba8fb4b
O42-14,EC1N83Cbinh60e72fa69e37,32918,496998,3f5f6a93e7d3d28a78892b5280b49008af54026c343702ddfca3968af2040b73
O42-15,EC1N83Cbinhbce32ebf2c21,32855,496053,448a063aee7df5216a9a23bcd311b20c046f928c4a04d23b5002f46b4b3d5931
O42-16,EC1N83Cbinhf19e5433a395,32841,495843,456716d1dda9ed382f5d3852b7b95a2dd372cfad258e2928be2fc9e7cdf95a37
O42-17,EC1N83Cbinhcf3c573fdfcb,32733,494223,8df223be71de4c92e12271bd5c2be1008bc8a3c53b53ac46702bb8e49b60ac84
O42-18,EC1N83Cbinh2d4f24102dfc,32891,496593,89a38e364ebc58c5ab28ccc1eff88827ce7da65d5bcc9a1330c3f609a6d13503
O42-19,EC1N83Cbinhb298c5db7b98,32955,497552,24af2b93c1527511e0bd016256755de31af009bfedc3291cc6b47f5fed0554f4
O42-20,EC1N83Cbinh2562ad017bbb,32844,495888,9b4eab29623136654c8b1bdd3623e4b28dcf6091cc8e1bc5363408424b640b5f
O42-21,EC1N83Cbinh3faa1b3d071a,32981,497943,c90da28df58cf155cca24f0fcfc8b104d0e31be0477b19fcf8f47587e9878ecf
O42-22,EC1N83Cbinhf3ba529b0d75,32916,496968,11a06611b5d5a95d342e7e05f67a69aeb8dc362d9dce1fee904197c65e015400
O42-23,EC1N83Cbinh26a739a395be,32894,496638,2f5fa543b8dee8d8cca0395d0ba8c1a5d6ad5b5a83d98676a405f77960d92873
O42-24,EC1N83Cbinh8c51b2c64dc2,32692,493608,13060f660cdf63ac4497ebec94338acd694ab83c10887d5d2e01d3d9fc22c8ca
O42-25,EC1N83Cbinh28042cc57e43,32772,494808,2680db3313284812721c6b3dd1fe3a3430c5d2d94141898b5b3b887987277b62
O42-26,EC1N83Cbinhc8923de64f35,32907,496833,9176b52f197670266a8aaa3b03d997b1c7b562546380c5f896c115a150d2d3d3
O42-27,EC1N83Cbinhe29d71bf5ddf,32699,493713,19086e28ff15d5c674d93a9f91eb61f24f0d8b2321bf831b6a031d9a13ed69e1
O42-28,EC1N83Cbinh9528ba5ec080,32677,493383,340089d05cdc0385985c48c731ec9767d296abe01db9ea5385a83d0c236587fd
O42-29,EC1N83Cbinhaab99373d5cb,33077,499383,4e1648426600498d597fb2f59c28358a0fb9d43ef47826fbfc2565b3d77c5582
O42-30,EC1N83Cbinhfb72ffb0da9f,32779,494913,1ad16efd752b6568a32a138e269e5a6fc9391a360315e0299724cf24b16d4b0f
O42-31,EC1N83Cbinh61263a1e3532,32780,494928,31d5f4e0c4fd088e9fdc98283b74a17828b3c879276bf3ea5cc51e0d702cba8e
O42-32,EC1N83Cbinh675c95d16acf,32785,495002,d6734b72f0890f002de572d9d57c3891e5b325474593e8941b662bb4d752b524
O42-33,EC1N83Cbinh3c6f78dc24a1,32735,494252,0a2cc06ee2a23e148376489b382fc24c4bc13c43ccbb4e8f87d8f4f607032162
O42-34,EC1N83Cbinhe9a058c85ee6,32641,492843,cc0191e344c123529b58d248ba4a43fbd978a16a88a5cb6eae3df01cf9725006
O42-35,EC1N83Cbinhba98ece300f2,32754,494538,bc5b420ccc13a8e425b5b122ecf728b9f4a020f466d131fbea1616387a485528
O42-36,EC1N83Cbinh2a34c223a7a1,32694,493638,e5ea42937e20672a88df775b94eaf8b3d31dd5eae5e57bed5c14e5a6b87ecc09
O42-37,EC1N83Cbinhadc105e96a94,32947,497433,6c61b595f888f3826aab3d3f4f090f6aa63ec0435d41dc067df33857516155e4
O42-38,EC1N83Cbinha5a096f8fc0e,32609,492363,778a9b0d534f6371411fe02914191752428a966a92425818c122eb6c78b27dac
O42-39,EC1N83Cbinhbb1809aa4024,32698,493698,ec53df712b5c950162725cd587bc2797bb61984eb4ad168395ac98ecf4181762
O42-40,EC1N83Cbinh12db0c1b71dd,32802,495258,7959a553808228fbf7e40ec7700ec4216f687b1b391dd70958902fcc5682ef9e
O42-41,EC1N83Cbinhc791b5e56183,32984,497987,7530559dcfd8bdbf47030289381bc5ef076d6348c4000cffa0fc9cf5ee1c6c08
O42-42,EC1N83Cbinh0cfb0ae3f89b,32613,492423,89abb456a79dc587d00f8f8a430671ed0f3fb3de7bf2396b09fd7d53d6dfc71f
O42-43,EC1N83Cbinh55298b8240d7,32899,496713,1de749f3caf52d6f4bfaa7ccd2dc00c8521f898c21af9c0e4ad08fc75d990911
O42-44,EC1N83Cbinh068724b4cdb5,32658,493098,ef9687f74796fd59da2afab5b64e4f72e58cba129426a1b0fbf6245d6af59ebb
O42-45,EC1N83Cbinh960cbc683ce3,33000,498228,7d4a481e23867ee2f069b910b87e8f9ff2349dce916cb54f621c91c1e15465c8
O42-46,EC1N83Cbinh0f07b079f406,32743,494373,5e4863a57769e302af704e0bd9236317da3c9338f685b171e691619f3dacfad4
O42-47,EC1N83Cbinh681472ad3c25,32745,494402,68ffbc214b6b12e9f059cf3ee39d7f235e38e34545fc12996cc27dc52bfbf065
O42-48,EC1N83Cbinh2cf49a0a8fad,32864,496187,810f9836707f5a93c93165c756a88b1a753559a4c0d256c37405f79019fa825e
O42-49,EC1N83Cbinhc1fb2a02eacb,32637,492783,71ac6fb4c91f428fdfdbef61840e67109818bdf47bb15c7c0135a27a616e8573
O42-50,EC1N83Cbinhe268d7f35054,32970,497778,4be07bd1ca3c2c6161afe57ec61169c301b0f2f20265276c6c37b41a36150713
O42-51,EC1N83Cbinhdbb5868fb36d,32793,495122,f634203bb9b9875fc7aed7f22e00d6b7b356de6670fac3f7b1b37d490a8f7089
O42-52,EC1N83Cbinh1b6f89c0e182,32727,494133,106b596fcae3c2b2250aa7399b7a11a926965cb1c50bbea9390c49f7ee8978fd
O42-53,EC1N83Cbinhb54887f6670c,32729,494163,b2a5d0f722bf819cddd3086d14031f836b86a2791909eb2ea8f01403acf10f6c
O42-54,EC1N83Cbinhb3c18c4a091c,32876,496368,fc7fa7e39b3609524a6237897be6da35c830d53053c98e943258b356b9329d92
O42-55,EC1N83Cbinh258fa37c1a39,32865,496203,29cc4e8e9e490aa88cd21a2e7b778f78d388f53c391ad381f5126a925838f6b5
O42-56,EC1N83Cbinhf3689a2496e2,32821,495543,ae8dd94d3b6ffbccf3d9e0d0cae3b3d373d6847e97331ac9d002228c96552c5b
O42-57,EC1N83Cbinh8f1ad74be42c,33055,499053,07ebe5e4147882b15214f90ae7e332b16410520f4b12c18e6ab7e7d0d995c5bc
O42-58,EC1N83Cbinh2c63207a4016,32872,496308,b539485b407de251e674802a48cd2c1fefdc3d9784a6233ec916fff5852bf799
O42-59,EC1N83Cbinh71f2c314ea57,32697,493683,c2b51616a81bae8a1fee6de60fd3cc1834897b6876266bcf2ba6f24171963f0d
O42-60,EC1N83Cbinhfea054788514,32743,494373,7c67d1d1d671719823262d7d5c7b238dce6414e0cf0620b8d15669505831b5db
O42-61,EC1N83Cbinh08920224c0a7,32567,491733,7bb9c31d3a0603b46ea27d090d33f0d99c699a34ae495ff2c76afd234e646aa9
O42-62,EC1N83Cbinh5500a783d01f,32881,496443,80534c7e14e59a925bf268c9054749bbaf21b23e5cfb2ea84e69f8d3af7d22df
O42-63,EC1N83Cbinh93e59669108d,32827,495633,48bdd7716d05175b55827532bf3d794886b5dabcaea8c66df92af8bfd18e6984
O42-64,EC1N83Cbinhbc685f2bcd2a,32830,495678,a004fb878c4e6af6233823a6247ab565b88f33ff7a8f8adc41d5fa7a4a735b74
O42-65,EC1N83Cbinhbf2dbf40c5dd,32794,495137,d3e7c83a609642421204ec387efbd19062f4f0b309735c14806addf60edb8552
O42-66,EC1N83Cbinh1cd7c09ba4f0,32619,492513,ba15d21231bf8ff6cd9fc681d95aab53831b536420923d3d0513faaa1468bca0
O42-67,EC1N83Cbinhdab85df7a3d6,32858,496098,a3c79822329cf9ffaf6592f8386a7e3d7127c3bda8988895cbb25a657ab1b252
O42-68,EC1N83Cbinh70843c9f7c0a,32877,496383,0b9bec46c90a0764235bbd77392d6c1b60fcc08739077bdb82f04b0daf66a764
O42-69,EC1N83Cbinh9419245e2869,32651,492993,dc9beb0c86bc0ecdf7170e09913dfc31a1cbde9bf1920836c4cf37fca9fac708
O42-70,EC1N83Cbinhd83c02ef35ae,32713,493923,bca7f8c68709e7f317644d80edccde3e25569c608c0bc988578ad9f02626a767
O42-71,EC1N83Cbinh11e22113330b,32819,495513,67cc3d38655a811ffa0c2fe864757883bbcd38f03aa46fd23a559b74fa6294fb
O42-72,EC1N83Cbinh8baf359d74d4,32811,495393,c7a7c44bd8f6fc4181cfd2cc0685ce94a65d6470d62e5a107d0c672490c60e5f
O42-73,EC1N83Cbinh1c4eb912bf2a,32736,494268,75953db751fc50e982ad03b61e512a26507bf24be39c92729875b8d3c638a3ba
O42-74,EC1N83Cbinh4ae2ddb35be1,32851,495992,c0c8b24a1a7e6b2cd366f2ff853a3a64ca91457a3582e27a917e8d99ce1ffa92
O42-75,EC1N83Cbinhb2371d23a2fd,32560,491628,f343390d7a85652e69a924e63a2626575a4335042ef091599fcbfad44bd36338
O42-76,EC1N83Cbinh2ac3bf57dbaf,32832,495708,c915692645290a252537a39575888fe29d59fe60810c7af939a2235495576401
O42-77,EC1N83Cbinhd2b3b933bbf9,32758,494598,60189b19ee47402f1c0df8f0a8640d835b3df16fdfb347352cf9e0a308104878
O42-78,EC1N83Cbinh835832d1f438,32689,493563,f359fe8d734f2ec3334807657f75b613be1139426c91dad626d0ed999810e111
O42-79,EC1N83Cbinh56ad5209003a,32891,496591,710d5990db060df77dad2cbc9551f37e7bd4bd43ae23587e3dd00ec92396b2fa
O42-80,EC1N83Cbinh6d1e5e2caedc,32869,496263,bdcf07e4565b8f31270e66f6e6e9086520bb90c7b2c99c3861d17cf0e4b070a0
O42-81,EC1N83Cbinhfdf53fd1a0f3,32726,494118,95cc20e982e299e62a6c0131c74d62bbea8801841f844ae75699189b8bbbd3c5
O42-82,EC1N83Cbinhb48a071dff81,32658,493098,e6c231ef1fec616d14dcbbe671222935acff7cad2f5b57c33742c6fc0d528455
O43-00,EC1N83Cbinh87a325e5da71,32955,497553,78229cb038830185d655ce326b610906f8fde12c975215a447b8189e5c9571ad
O43-01,EC1N83Cbinh355c081ce258,32656,493068,7699d5cc8d167c0fcc0372d8d77e6e34725cfec4dffa3b0f120478caab9eb280
O43-02,EC1N83Cbinh76d3a1644c90,32633,492723,7b5c574c39a9b27d9e6c23cf80bef116d91c25fea35ec36f04fb4ddf9f31c4a4
O43-03,EC1N83Cbinh444efce5e0aa,33010,498378,8221577b881f8b28729cbcb5f765996bb7416c5aa58e57912aff977273485ce1
O43-04,EC1N83Cbinhd02e9b250fce,32528,491148,99768ae7c8c10dfe769f5f50756d358869cc44220614d0192eb961061dc1b91b
O43-05,EC1N83Cbinh17ca879d30cb,32981,497943,e4280bd9a572488b4ae22c4c5a7da06b21536d57d0cd35a1beab163931d73aa1
O43-06,EC1N83Cbinh7f89f11a117f,32869,496263,c4a5c94c677138f2c4f65f9f181788a448a428ba078c65e8b1013480b6f6f77b
O43-07,EC1N83Cbinhcdeec4911cd0,32887,496533,595526b87799f993511689e2fb10ba93b1075f4d101fc24bb7e8c63e12479d36
O43-08,EC1N83Cbinhf00f91df4225,32655,493053,a3591883b59235856c64010e9cdcc2d6e0b6b99c945e792efed601586f6d3314
O43-09,EC1N83Cbinha39211e61eec,32928,497148,c55721b89893cf2e869ad356a92537019f0c305fa8d6635d9888aef1ae952091
O43-10,EC1N83Cbinha65226536631,32667,493233,e672505599164a579cc7e4a28e1694b0d7b58b515ab750f0a64f0ddd89334e55
O43-11,EC1N83Cbinh5067498f494d,32800,495228,1c51b5750f87e6fc69b8b573f8e9fcf2709cd5429c1a010b841c3f8f3bb0e3a9
O43-12,EC1N83Cbinh7c8b63ee2f33,32980,497928,96fe0f27b0b97a20d9af3466781f08bef339add0120e4d69e872be362706f023
O43-13,EC1N83Cbinh92c86cb2c752,32854,496038,cc62806886388b171ab21dec4faae085106fcde3a37c0a4abc251a2106dabfe0
O43-14,EC1N83Cbinh6f3e88ee26fd,32675,493353,d8d42c42f025ffe2e997d10701a2a748a5301412962a1805df330755daafe207
O43-15,EC1N83Cbinh5c842839f2c7,32943,497373,d493f83ee45d625e2253e63f304caaa96f8c0cc642673b6dfd1f8a3bb76de0cf
O43-16,EC1N83Cbinhdc8cf70d0b51,32627,492633,586985d4365eb64f6f42285f9b6b9d715462f5b2e09757191835dad2476f026b
O43-17,EC1N83Cbinh97aedae44ee7,32807,495333,94db4ecff0c0c5f23924750c4b9a613bd6f895076a4f6a8f5d419ce9ec960108
O43-18,EC1N83Cbinh7f1c0cf94d08,32884,496488,43f21eddca90c15b5519493aa6d485af7e4e5a7133328356329005c2fba6110b
O43-19,EC1N83Cbinh7eaaec570f7e,32746,494418,d0d8efa4079e905ab89630118f69c14a9c2e0f61ccb8f21dc7f728040ba668cb
O43-20,EC1N83Cbinhad2d933652dc,32615,492451,987540facde9e2e9ea3deeb49fbd503d670af7bcf046270f670c8755ce4461f8
O43-21,EC1N83Cbinh8eaf71656949,32739,494313,995ecb14be5de254b47347ce10d995c69e83346e90672d26df108a17839941ec
O43-22,EC1N83Cbinhfb85a9ec6115,32716,493968,b03dbfd120e7804e6da514b8547fca989094ccb6e26167dd0e2e148d1141c542
O43-23,EC1N83Cbinh90c2d037fdd0,32740,494328,cb986b4e623bd6a7b9081c1b9be971e511b15c5e37aaca69dce855a2d5229251
O43-24,EC1N83Cbinhf3e283ebf4de,32976,497868,d72599168a13770a9790bb187ad6511eafea4b9ae097a1a9af6bbd62211218a0
O43-25,EC1N83Cbinhac93eafdf8f3,32890,496578,e4aa9ed6e3a83dbfe18403f662792a3cf35f134e1bd631dc4db14e4493835cb2
O43-26,EC1N83Cbinh8ce29aa9aafc,32747,494433,2cfda5b2fc53729a75fe859cb3ad3a75772b4e46d7ca5dd6b58a29966a88ff07
O43-27,EC1N83Cbinhe94e39faa434,32936,497268,e066a272eee4c64ceec0f82ac601c10499f9cb88d27bd31ab4602d57b7bf96a2
O43-28,EC1N83Cbinhd0cbadfb978f,32639,492813,ecd89c626b3eb5c6a29456ad99935341cd662d14d4ee83206256e92cd859c670
O43-29,EC1N83Cbinh3bb9107f38cb,32761,494643,4e7bc760215ef1e3dc90330b693f8cd0b05f7a10c27664e0dd06912ed244f6a2
O43-30,EC1N83Cbinh6eaa44ca5acf,32962,497658,eb94c02d8b0e6ccee6df3ad3bb7bc2599bf1d37208478dd9c511043dede3517c
O43-31,EC1N83Cbinh6a265c05a786,32773,494822,0dbc85d734c5318629423b0b60000771ca505e6ad12747419582a6fd784919da
O43-32,EC1N83Cbinh8079eca17b23,32555,491553,dd90ddccbf15c42921c9a7adfee3a4323a26b04bbea0073c1f959f78ff0bc888
O43-33,EC1N83Cbinhca9bc6499bb4,32989,498063,ceef1fb6bab44cdd6a204afa7d6e08e942d34a7d3a4ceac058b4e1e2db9f663c
O43-34,EC1N83Cbinh9649ac357ff4,32659,493113,098c655b77fba30063d796a0bc3648b8ff218e0524b56ebcd7c0ee127745e279
O43-35,EC1N83Cbinh191b15f71e02,32601,492243,b5ac8e981a64833b1af557cedece5d87d6c593eccd34c7c7c87b75be70b2d361
O43-36,EC1N83Cbinhaf1a6429a45b,32794,495137,d2f97ce1b776ebe9f445f21e8e69eb763f2868caa49b1e2eb9c6ade0a01d1389
O43-37,EC1N83Cbinhbdb73c5b5449,32790,495078,ef66a90213019ea7bf65993ac56d747a308910e34326047aa1943ba4ac6196c3
O43-38,EC1N83Cbinh783b7815754c,32736,494268,b50e1df154e72ff82c31847d71885e59dbd543870ad3bba0a6f069c8861ecf7d
O43-39,EC1N83Cbinh705009e433d6,32805,495303,eb071b9616ebd3d70a0cc2d155c0761b9bc7a269136e2d9c0720dbb3182ba53b
O43-40,EC1N83Cbinha3b387dd2a31,32617,492483,fa733d766ccaaaea555274769ed69310dd28c8d9deb68684e4313860ed99346c
O43-41,EC1N83Cbinh9c74ddaa20b5,32883,496473,fc3171428ca469a860246ea3eda74ebce160c4c6b04446bc7bc29d2ff256f210
O43-42,EC1N83Cbinh2fe9fe68797d,32884,496488,7deceb0559d49a144666762f2579f7f45b315e97ba9a77160cd6bac87071c771
O43-43,EC1N83Cbinhd4f12955cd11,32612,492408,ce6192c3d9e5dd041e6fbf2f82755cfc12c1d5b6e20e083d6e83a9f33853e44e
O43-44,EC1N83Cbinh21a47e2e819e,32732,494208,2be6ebc22dc3c7c0bc9734768d6f9b573cf602ad5e95f23fe77c308077aa6ca2
O43-45,EC1N83Cbinhc88b0b6ff4dc,32694,493636,6294adb65190a957726950229bf620cb2ea75951a4dabada92e8ebaa959d2ebe
O43-46,EC1N83Cbinhd0fbffaedf8a,32480,490428,9a99e687788981f3a352dee285104863151d3a5317b60a28d187a03702661894
O43-47,EC1N83Cbinh8bd02430b182,32661,493143,eb9ee6f55279f61c454af804b3a468914aaf012eb77b6828af3f49bef3d41978
O43-48,EC1N83Cbinhcfef6b1468a2,33063,499172,356a1f6a7b773016184afd626ce9b60bf57d92ae2230676147dda771f51b8693
O43-49,EC1N83Cbinh7b263c8d58a1,32799,495213,7c71ea45d2424ddd54034575d350436cb14c926d18bdb84b4a3de6fb7d3178a2
O43-50,EC1N83Cbinh03115adabe32,32749,494463,5f22eea485d8fa001e4f24fac1287b5cb0ae95f5c2fa110f7b8d19e2f3132bd3
O43-51,EC1N83Cbinhc22794086aad,32962,497658,c4eabdd9fb34bc5f6b4c027a009bc25bba9da55e52cbee12d366a93c804f6470
O43-52,EC1N83Cbinh2ad56c9b08ef,32735,494252,3f780d3b559028d0259108194a6e94b700e0de01df1237fd5b82405cc3f0172f
O43-53,EC1N83Cbinh097af9bf03e1,32923,497073,486214423522c6bc8a25db1973ea81b0be780bad7e7ca79e2f4195c8ac3ea91e
O43-54,EC1N83Cbinh8bca0ea501a5,32547,491433,aee253f714367961d26b8fccdb13d8e5f633be9273907bd7fa7bc6da285dfc1a
O43-55,EC1N83Cbinha4ecbbe7120e,32780,494928,1df4705d501fcc3720cae319f37cd2420c93cd120611072a9332cfe3fd3582da
O43-56,EC1N83Cbinh150da7ab7c5e,32863,496173,701ed306ca9e04bd15980f82ae6ccddbd233e7fc208099c438f05e33db65ae2b
O43-57,EC1N83Cbinhfdcf17fe953f,32813,495423,6458d37504ceb3a8fba6cde0c055b69e748ae246cdf4f6e763b7e87f8df6e0d7
O43-58,EC1N83Cbinh33323a4e7601,32701,493743,d5ae24691485c10e444e8cf6d150e582caf5b8f9e4eb1515db781334b4ded3a7
O43-59,EC1N83Cbinh9f35bde03289,32796,495167,552f49018e162a2044cb388d01eb63f91717f8035a74bdd3af7bf90f638c91e6
O43-60,EC1N83Cbinhceedbe8676f4,32978,497898,eb741208b3254461595b5c71522316d77d95d9e2a09c58cd456908b0e602fbe1
O43-61,EC1N83Cbinhb2ed3ba6f569,32754,494538,514b2f4e4b2d09ca2c745103d5d4451a6f8d6b32191dda00d4a32640b9200d76
O43-62,EC1N83Cbinh762324230efa,32794,495138,b444e96096deafe84d19ef75828a2df594fe3771c5708f34189756c1e5b47a1f
O43-63,EC1N83Cbinh9c5f473e80e6,32649,492963,af98d6c7483b13baf5bca45b0c941b4b3a98876bbcd0e3cb5b99dbe906062c2f
O43-64,EC1N83Cbinh46f383516410,32774,494838,c721caf3b04bfaf63da36f58d74c11d0229184941cc0930e816dad823ad99b7a
O43-65,EC1N83Cbinhb06f47c5f91f,32866,496218,5d3e4a72684671afb16d165b20a1d429c46f8bf07dd0320291580c96bdacd6fd
O43-66,EC1N83Cbinh85cdba278ad8,32669,493262,471c1c20c86d2fc732504fbecc6ffceb06e385b7b55729cdee07ccf6929a5f3f
O43-67,EC1N83Cbinhb49f5e79689e,32892,496608,3159f69bf0bf09b3723527a3d2448c294e6c5f7cfd9899bfe907dfb7d65d12e4
O43-68,EC1N83Cbinhd005917c70d7,32932,497208,80caca31caa39bae912921ab111c4fec848fe659f2e21e4d65d51d7ed1e98ba5
O43-69,EC1N83Cbinh00908718946f,33028,498648,b114320104cf7ee7634f2abb8e773a5d46c08ab452439d53435c89983a723c80
O43-70,EC1N83Cbinh919addfc5085,32715,493953,9b5cbfcd087acbe8d4518b1ffcba198b4d60a4efd957dc727e90afb77266baf4
O43-71,EC1N83Cbinh4b71206d17b1,32880,496428,8033f196c6ab384ff4765d5706a5a1968d55468268ee0047706bc8e0ebd01351
O43-72,EC1N83Cbinhe6026d6c3db1,32669,493263,9b8bc0f997991561352746d2ce8bb8c716b706209c6dc255ed0ea6a4579928ee
O43-73,EC1N83Cbinh46fb81ed0ad8,33061,499143,4db00f5f29a96b0bb6a6f3fd276651370bfb84afff2453f81e87ca6c3743aaef
O43-74,EC1N83Cbinh7f25b1fd970c,32854,496038,5823d44344831fdb3534a3bbfb5eeded618fb65a3926ae0c43dba8e737d01380
O43-75,EC1N83Cbinh1d05052335d1,32825,495603,cd0e7ab5657ce85838a006bc0e2918a28c9c5a7d9cf0c7e68f19e7f6eafa1c05
O43-76,EC1N83Cbinh1b681bf2c74c,32857,496083,7bcc8c1ebc3bcc8cffc2c18624e03f9a92a098f9372d88599d8046c2a89c6ad0
O43-77,EC1N83Cbinhcf0895ded21a,32749,494463,416d22aef6be7952aa021db5e87442476e603339d93185dc3b419bd4edec941c
O43-78,EC1N83Cbinh840e65e82ca4,32809,495363,3dfff8055d650efd73f8b6398f66e103c383f36a46ee71995cfd8a63f2d1648e
O43-79,EC1N83Cbinh1a3e5bb26309,32618,492498,a298876a3740b9048a3c0a5afa457eccf0390d184a37018226a44e1b86ef58a7
O43-80,EC1N83Cbinhed6d564244b9,32740,494328,f3e7809df5abaa86e3eff474d61b83710395a4d3a8981f249e81393d2ca324a9
O43-81,EC1N83Cbinhd991d5316ad2,32844,495888,cfaa00514f9fc7467d224298f40c3dee532fc5f0ca67b28204ceeba72c36aa0d
O43-82,EC1N83Cbinh83a8da87dfbb,32829,495663,dbe10cbb28305e09af708c406aa1330687ab77838f7a91fb5fa2c05db3b1a576
O44-00,EC1N83Cbinhe16cada7e2af,32868,496248,c12daf10f579a9036d94dae31705b5530d45f32c6195da1ece9a9dc00dd1f420
O44-01,EC1N83Cbinhdb058e5b4987,32738,494298,e7eeab8a1b93b3858367ad5779dfa0aba61ad7fdf563ee17b91c2c34a82bef06
O44-02,EC1N83Cbinh41d762d3e8e7,32630,492678,ffc683066811f70299b99304b3e9e7d76dcc085d19fc93b8dd4fc97bfcf15d81
O44-03,EC1N83Cbinh899f392da77a,32632,492708,065c6c5df934bebcffee9d7c5f69ee53a46216a7d45c8deda9b0dbf8454afc5e
O44-04,EC1N83Cbinhbd0ee8af06c7,32832,495708,ce8711b493c47c14d6855b73149643d97d2d0ad482e958c0fd4646db3fbd7746
O44-05,EC1N83Cbinhd257907cae1a,32547,491433,9de0bd479013aac1bd5ef9fdd764f120810367061ca94af7f3c9c730069cd0d1
O44-06,EC1N83Cbinh4887d7bd3ce3,32927,497133,c135b41fa2b53b530e98025c1b302a542d6d32a457e79f0c906044c25ed4d68a
O44-07,EC1N83Cbinh5196fc03a3f8,32796,495168,466d7299caa36f6448e9c801dc82f9449cf48d3d2565d4f326ba0d84c99b8898
O44-08,EC1N83Cbinh57e9b354f6a1,32703,493773,4a300ccffc95963b683d6315c071f5e978eec5571837e1c63520de75249bb686
O44-09,EC1N83Cbinh65ee1591e765,32700,493728,ff1030bfe2e7d0b02d603a3fa95773bcc913ec6059b7dfc6f6ee96da2db45d89
O44-10,EC1N83Cbinh4de3b82e294a,32736,494268,77e42d211078ca2ac57dba91e44677fabed560e1288cc2de17170b89f18c2fe2
O44-11,EC1N83Cbinh23334854cad6,33024,498588,722e6cac3ba13b6cf92e196ce3b0d9dc0141e03de6084b238cf431f1868304df
O44-12,EC1N83Cbinh10bfe83e763c,32917,496983,a331e6c2af2d2f71b6690742e679b8dd1efd7a5c73c3bca287e681d8a5b80b28
O44-13,EC1N83Cbinh387c7b4de391,32802,495258,5b7d9788481bc827f5ab68dcc23f4bd056e75935d7edf763426ba49d65d2b9ad
O44-14,EC1N83Cbinhb2e416932d34,32859,496113,f146c2a6bbfd57aba6b6fcc264b6d44ff714dce49c757f5b6b8eef3c71b25874
O44-15,EC1N83Cbinh124710d90752,32732,494208,184c54293039b66cb0f60ff14cb9e42b9f2b1152dd9377ac85e8c9a283635d4e
O44-16,EC1N83Cbinh34d322336e83,32599,492213,c4489b3cee43697c1d4de4802af916a5c7b837d18508e6a97d721031142aebc8
O44-17,EC1N83Cbinhc6a95a3f9f40,33046,498918,4a83f1e66bf96fefb1fdf518a4e033f11cc31ebab47f78d8db7ef1425ff1678a
O44-18,EC1N83Cbinh6558e1bdb979,32634,492738,5f9bee9de45d36a717bc864b606729abc9d1ff12b9c6418487497b55ba0ba466
O44-19,EC1N83Cbinh5c266b3b1dad,32842,495858,ae5e08637d928ed96f076b2b5450a83574548822866207098553a9be13d27b24
O44-20,EC1N83Cbinha4a6bb1cdcaa,32848,495948,f82846851167628bfa28414d369aec8bf7e412656b3040197d315ec5c6d88f72
O44-21,EC1N83Cbinh3a9f54363a4e,32795,495153,bc003c5e7b87b9b774e3f65ea253b85b12b539cd6d8483a7dcddcdcb46d77d2a
O44-22,EC1N83Cbinhc8cf1853cf14,32800,495228,c8651bd710892ec7a0c6c09354ad77030d74f62c61483c37cf2b2605b52fd84b
O44-23,EC1N83Cbinhf39f4a8c65c8,32844,495888,172fd69883f806ca9713a26fdf354d05b5a00cd52d479817853b7e2a2277d948
O44-24,EC1N83Cbinhe09986378cd2,32767,494733,2d6d21e356c63ad6cb0bc7990630a095651bb62a1cc052370b1bb56292c82669
O44-25,EC1N83Cbinhd7fc24db64ed,32841,495843,6551ae3c9315dedf68e347891f8d1baa4d68fbb608c6524803af1c5405b100ad
O44-26,EC1N83Cbinhf3a7f9a74a51,32846,495918,f15f9c217577dc9940dc99822fcc706d3227bda54626e44f0ffddb57c6df741b
O44-27,EC1N83Cbinh2deb250fda29,32547,491433,8dc7035651b272438ee66216b494c3e92a3efcf99adb8b9ea6b23ae18124d1f0
O44-28,EC1N83Cbinhed01290ff551,32912,496908,e92a770da1e5fabf8a8518ba817263f2c3e69e19b904c976023cc6a121fc1ee0
O44-29,EC1N83Cbinh9e0990c12a08,32682,493458,ffbede8bf69a9b864756956a7c0161b54e5c1a1a59dbcda5c1ce9131713095e7
O44-30,EC1N83Cbinh191ed2e9ea85,32843,495873,6ab816e75996b040121411d4f58a58470324a22db536b2dc3b51a554ca51c940
O44-31,EC1N83Cbinh674642f8d796,32723,494073,6fb021e8f40483906dc7527d2db590be5ae820727fabfc39fac6655332e016b8
O44-32,EC1N83Cbinh760b9b796020,32490,490578,4430fdd3d9d79aaecf07187e10e6d6ed60549a4c47dfe82e0fd326a626217724
O44-33,EC1N83Cbinhd3c484be4f68,32753,494523,e789f7135e872829106c53e3bdf9040492150e9c2b3ae7f0455127715e7d026d
O44-34,EC1N83Cbinh927b5bffe1f9,32742,494358,65c78683c69d602f9b17df2d300e65d6ab48e542fe65a8cb685e6d127c0f7e76
O44-35,EC1N83Cbinh17ebb3e98bbe,32875,496353,7dbb7d286668e70ed6f729ffb86ce5d09e6e34de63bf4bfc54004c1e19b3a427
O44-36,EC1N83Cbinhea735e1086ed,32699,493713,4b39e9743543de56d3bd4ab4c1af3b269bba6956952d3c83790a4b49ec2f0051
O44-37,EC1N83Cbinh111e1bfce317,32813,495423,b67f51147d598d0c9b13e35e0fc02e7a6ecf4a793a6dccbe27a2611e9ce2cf2a
O44-38,EC1N83Cbinhf71bb39f702f,32694,493636,e2f860fe02bfc1a1ca19060658edcfbdc9a218e6b91cce4feb934dfc61f36b6d
O44-39,EC1N83Cbinh3cf53a4fc5f3,32739,494313,97c1ffbc10d07ab5db5dd3f52ec77a7f6c44e80e18ba6c38f2328b8ec595795b
O44-40,EC1N83Cbinh7d66f27a40cb,32561,491643,9d26585038767f0221bc8399ed0663bf85ef3c80124801928f85ff03231e2bcc
O44-41,EC1N83Cbinh882eac2ecaec,32689,493563,5bbb20fc8364e3d391c21ddb980275286d01064f1cb6a66dd82eae79c19c8cad
O44-42,EC1N83Cbinh6886cd720470,32832,495708,8e05fa7a411f430fa0c882bb48c1c75849a95bdfbeca16fd1b478e3a71669d14
O44-43,EC1N83Cbinhd56d78485fe4,32845,495903,ed7d36304ac028b509881763302a7d3fe29571b15c6a253277fe228b47a275f5
O44-44,EC1N83Cbinh26b2493753ed,32716,493968,241dea27bc00c4313c6fdbaf323155089136c85f69d6e7279b9abea611d6b7ec
O44-45,EC1N83Cbinh4bfe5bc0d25a,32397,489183,b2e44d49c18b2dfcc9c0cf947a62dcc99fcc64115f8d4c81932caa818db8d10b
O44-46,EC1N83Cbinh490139edbcc4,32776,494868,398a469ee2e48a8ab8a31af3a518af5dc4757cbab3f8cd5f8b579a96afce7b54
O44-47,EC1N83Cbinh45cca3dce1e5,32573,491823,51f97fd3996f35e8b925634fba39069a79c547ef176fd7c1b5e23288f167a504
O44-48,EC1N83Cbinh824a85513ce5,32901,496742,90cd22603982b4576928a15989d508a835c8ca20db4f12ed7ccd940f6ad0b7e2
O44-49,EC1N83Cbinh56d1a03dc86f,32758,494598,f2bf80ce629b89a83310eb05d97105345bd98c786b3d603908ac6bcc44ca2a98
O44-50,EC1N83Cbinh501b1d6b2bb9,32580,491928,eefaafeee2164bc8af0d57e7921bcbd49bbbd8f739646a83117d6a51d6518b6d
O44-51,EC1N83Cbinh89c51b5adec8,32872,496308,a1abc3092e3a2f3312f08e12ec466d01f25ebe48fdb75f0b52eeecc883de4625
O44-52,EC1N83Cbinh054e0fe363fe,32566,491718,520ccdd5e5d37f4973a56d68a1687824aca2bb23620ec2a74496e64ca432c269
O44-53,EC1N83Cbinh5c6786c025df,32991,498093,c8ebcfcbb681594a8c0255f69d812d58824e45c0b58922c04e6713922501633a
O44-54,EC1N83Cbinh41e58c25ffff,32791,495093,b7cdba406e1af2cd157862d71d85d20fe4e8783f57a8d8125c3e8a763a06a74d
O44-55,EC1N83Cbinheb2d7b3712e1,32886,496518,768f3fe403b998621ec1d1fbee2d79948550ecbc5588d69c839000cbd2283dfd
O44-56,EC1N83Cbinh7e99b7f3d0f0,32593,492123,341786d84175ec84d2d06d6a1c462566358df79fc4e3a142fef8f290ac1a1ceb
O44-57,EC1N83Cbinh9a30020cf4e5,32792,495108,6518af802e17365681b032894882c52c4ae60e64bbbb3e34f1a85fbe6a8ddb76
O44-58,EC1N83Cbinh1e95ff85d013,32925,497102,465f6c1258b2f684f14b910179675f27c0d9f7bb4366810fde8fbfb28dcd3a3c
O44-59,EC1N83Cbinh8993ef187043,32682,493457,9ea54ffab7752160ca489b2ec1cdef6348cefe1b6c4cea8e08c40b93195dea41
O44-60,EC1N83Cbinh170ee6deafc1,32771,494793,34c125dbb0076650025ec0bb2b843ad71921269eba5d28d8d8319182fbb6fb66
O44-61,EC1N83Cbinh22fee2c8bf5b,32891,496593,8f6b898c216f346dfacb3baf261808c825d6a3561b62daaafbbbe1a7811fd941
O44-62,EC1N83Cbinh7535aff21220,32815,495453,170c0091aacdb58885c0593f52eb41ba94a91062ad83c0ba4eca619b2c98ff43
O44-63,EC1N83Cbinh7b7736ca0cd2,32548,491448,cd5a81238e3a61a0e2988a250ae094d62f80d339909c4cca000e73702b471371
O44-64,EC1N83Cbinh7c5b30597bab,32933,497223,1677b920e4d80a30a22899e402ecdccde488739e2e2fd6f0b32da0abe07533bb
O44-65,EC1N83Cbinh7a7e3ecd5708,33039,498813,3b3fcc76aee5eb369047c6163b1112593d7d840c42396b2a2d15fee47ca853d4
O44-66,EC1N83Cbinh57cf946f4bbf,32769,494762,31be54d9521497424e8bc9245bd4c0136c523dd1f65d7c8c351d5c600ecbbc56
O44-67,EC1N83Cbinhc369b050e5c1,32726,494118,c930c10414f012d6399194612d90f8906c3146694353e9e6bb2d6d6eedeb0d50
O44-68,EC1N83Cbinh350cbf5fbbbb,32830,495678,a4066e5024487dff7b452099688008722577978544c2fb76965e92362132db91
O44-69,EC1N83Cbinh80afc359bab7,32655,493053,27ddc5b5dc00625211c5ee0a68d360271ab4204201bf1d65c36c946fa0ac9cf1
O44-70,EC1N83Cbinh9806a89d94b3,32805,495303,09f1dba9358359618d78d16fad198e49758a74f01633660a464ed25b9c4a429e
O44-71,EC1N83Cbinhb3fcc75ed6cc,32583,491973,e73464d240c43a15aac98d82a45c8c1f96e79de781cb90c75e9752405f6e02ca
O44-72,EC1N83Cbinhd04ac967a48d,32866,496218,c4c01d1f5923b93fb3d55873e31a31e2395cd85f62ddbbe13b62d30ed958ce31
O44-73,EC1N83Cbinhb13cb6192d5e,32844,495888,aefc6d605b17cab08d18d2d67e4f51ee35d0a4520a1de204e6aa0dee9885046b
O44-74,EC1N83Cbinh5d4774e5b1f5,32801,495242,4d8a19e5513b44e661bfbc12dc344fa7cd7e7d567424613592f9115bcf1a935b
O44-75,EC1N83Cbinhd37812c4d081,32931,497193,65268f27ec0acd75f6fc91069e8f01dcbd6c9b312453ece3a808428fc2d68b2b
O44-76,EC1N83Cbinha80c4923a138,32753,494523,0faf72b79f6b278a1b8099a0fc9da847e834e6dd1c670bccba25fa3698c4cc20
O44-77,EC1N83Cbinhcfd6000ee120,32624,492588,66b3086f2a36bc7d2d7a12a8cd032ba2977fcec172a6d3cbc54223ef84ea7e1a
O44-78,EC1N83Cbinhfee20260b30a,32816,495468,0fa468fa58acedb37110fe595e39d2c80975e8b4a642aa2a12d806749f78df92
O44-79,EC1N83Cbinhe013c46116bf,33067,499233,976b81a06aaa3fc516ec47d4e11a447ffb3099548b0ab9084b1c5603772530e1
O44-80,EC1N83Cbinh4ea545350e04,32987,498033,201a29179cfcaf0a431d5be72b23bd33572155ae43ad671e9ae724039b994134
O44-81,EC1N83Cbinh15aa17264b97,32821,495542,bd236ecd5d691d929627f08e0f0fc1b04005218aa3945d7569c23526472ede52
O44-82,EC1N83Cbinh4318e96575cf,32740,494328,d5f9969dec29e764748313fa4adf126e923f4809144c16f6918821a38a85c742
O45-00,EC1N83Cbinh11a6ae9a5793,32866,496218,a9a81a6612298415a5d583ffd47361c135f50904404550e4d393450f29f55bd4
O45-01,EC1N83Cbinh78a62727f500,32698,493698,ba6deeb5e94f2f43acfc19e5f9b2addab2cf4db063fbae91c2bcb7c11d1faed5
O45-02,EC1N83Cbinha53f83a778a7,32695,493653,ae5c53286356e5cb38fe04fac193e1b0ed50b3fafe6727a5951d85bfd5440843
O45-03,EC1N83Cbinh879d99b16e28,32705,493803,f56ebd9b07248de499cbd878d55076ed1e929273046058a380b4adef347fc041
O45-04,EC1N83Cbinh02a6dc1e9ee1,32776,494868,7d4bc4c48defd8372130d10cc6d474254ce211556496c6cd940c0af957014421
O45-05,EC1N83Cbinhd2a1988c1049,32788,495048,fe197c6bebc7360ba3f0c3aa403caa89d0e0394d0f2800d05da949689d41d16d
O45-06,EC1N83Cbinh13fa5e8590a7,32835,495753,484bc0efa45b83cff19c6d4f84e5995a33c3cb9771946b493cc3b66346b1332f
O45-07,EC1N83Cbinh8a1b3783048f,32862,496158,157ca3ebd534fb73f23d70a7c25e9bf69208c7eca4a3a440d5f9870a283966a6
O45-08,EC1N83Cbinhd9a9a9e6ce48,32856,496068,5dffca47cad64807ef80a9e52ac596985daeec54379c4fa01ec22b14ec197625
O45-09,EC1N83Cbinh0fd5996d72f7,32666,493218,1ce1a2a706d6ca67192d2df2855ccf9e026fea89c18843122fea96c0882570aa
O45-10,EC1N83Cbinhfb091a73875f,32818,495497,f18b16e25a783a088a7ad27621328497fa39f780e19dd992a92dc37dbac227df
O45-11,EC1N83Cbinhe27a7e94204c,32767,494732,5d106ea2fed6ff8261354e4c8b5b042f57219db504e964a41ac58afdd8d19972
O45-12,EC1N83Cbinh208de3c2f316,32800,495227,732e8aa9ff84f9924f597dd67d98e5abae7279c5f78a03fb74eb17354234e1a0
O45-13,EC1N83Cbinhb7f1ddbbaf4a,32812,495408,b2badc91386eb13dc5aa99cad3ccb6f6fb1c628c0a28bca36c3d83d2298bd906
O45-14,EC1N83Cbinh16362ba61b76,32752,494508,6b40800034bef766404251fbb43b305b39d02348b7c0972f531a280761d35828
O45-15,EC1N83Cbinh0cdc209bf26e,32671,493293,07094e7d3bb76b61c312e6856efedf2c0198a38d5f7f8f1669094b5657d8fe2b
O45-16,EC1N83Cbinh23b256b72458,32712,493908,22a2055f8e77a77f205f58e4f2c0239dc49d9ebac41ef52070e34c124e8a6bca
O45-17,EC1N83Cbinhafd6f803a3a6,32795,495152,ba8c8d805f3e7108ba5814a45ebe326537730c53df73d866e01afca65869bdc1
O45-18,EC1N83Cbinhe50ae2fea956,33025,498602,92d48541e6e83746aaa1b26740e7b74061bb111029c4edaeff709f17e2a267c5
O45-19,EC1N83Cbinhce61664ed461,32818,495498,bc645c32d86511b2b16bccfad82eb0b2e4a033836a54753e85c0529c60a31a4b
O45-20,EC1N83Cbinhae0ea04df226,32897,496683,4c2d3225adc0b231e7072122e14bd4b462b9618d6d2132fff06b5066574269fc
O45-21,EC1N83Cbinhf44064404a7e,32852,496007,6a4b1a1ee17d021ada8244bedd5bfe175e2b222575e9308352a037e74fac1d78
O45-22,EC1N83Cbinh6c30e9736801,32626,492618,03bdc67eb7629974fef38fb7cf1c017f1caa592f95d60103f648f8265787abfa
O45-23,EC1N83Cbinh9e82319eef32,32905,496803,05e995ccc79c4ad50a939f4268fa8405eb288890fc2cb297966d3dffb60934d6
O45-24,EC1N83Cbinh5b24ebafe82e,32790,495078,a7d3281ff9e5989848f320e023d4d15a39ccfc0f99cee140bf255f057ef81c95
O45-25,EC1N83Cbinh955fc6c82d8c,32762,494658,b54237db9e36cb11fac84df8295352c285b44880389e4cb023d5a8001399334f
O45-26,EC1N83Cbinhf8a2e6bd300d,32819,495513,c30897ee3b16fdb8668614d5badee82dc2caa28c3d3c542ca2a43ea94518524e
O45-27,EC1N83Cbinh56962ff31222,32671,493293,c4a78e0882397afe7bf5cedbcfbdc541ed8905633ae72e3c427c17b513d6f5f0
O45-28,EC1N83Cbinh534bfd1ddfb1,32944,497388,8a3c3da302feb92ba8f8ffb43e01e4b77ee7dc9005f682f13211fa9916a627cc
O45-29,EC1N83Cbinh7e8abccb1a6d,32818,495498,77c5da8dd8b0d628298faf87f89eb35ebf3f408d02119dc12432838362e1e0c3
O45-30,EC1N83Cbinhcdd3b2fd8759,32858,496098,4457b2bca633dc82f04df0f8968bff2133a15f3cb6c1547420e8dcb76ce78872
O45-31,EC1N83Cbinhf2fc02dcf41a,33018,498498,cf299875305c8c64f051822b797a1a6060bd271b5537f702da179ab36025d567
O45-32,EC1N83Cbinha66501d5e95b,32707,493833,1bf470ef82092e965296b6091bf1dc9509b3af380b21830d3e3522e565981539
O45-33,EC1N83Cbinhcb675813c4df,32811,495393,bcaca71dfd7b32d12f39461ed4895f3360397e6f1e5f2a3d21eac9c770f33dc7
O45-34,EC1N83Cbinh55ebe20e36df,33014,498438,337390c2f9dfa2d01f8732008a8bde23cf0da261e652b3df903b34967c911f40
O45-35,EC1N83Cbinh7f1a24a419c9,32592,492108,04bb77da11d33124cb3be151c6c2ace44f1f07d49884cab09520314e3871cb40
O45-36,EC1N83Cbinh0a74e0521f70,32681,493443,73d66ca91a7c13d55a8512c62c27e3386e89ffe1bae69a40c60b3d0e439f3e7c
O45-37,EC1N83Cbinh52a7fd752fac,32851,495993,d7cb62d503e114ad122bd420342d1210f4c0ce5fb03d05dbbd639c18cdf8aaea
O45-38,EC1N83Cbinh55b937892b94,32777,494882,5f40d7537f2bb933f814f5062b0e89e6fe0c083001cdf1aaa55268f8b4d61110
O45-39,EC1N83Cbinh7a1e018dfb92,32669,493263,f0cdbdf251a07b519b92afafcb480acec4b916e7b3dab82f49ba33db6b5295cc
O45-40,EC1N83Cbinhc61ff6af8740,32818,495498,c772ab8e6f3287338403e7760886c44aaf8977bb5fd25d6a555c84ec3b69c21c
O45-41,EC1N83Cbinh840132d3397a,32761,494643,e8cd7e56170bda53fc65534bc092a0868fa94b5dac97bdc04eece03072bb6b7c
O45-42,EC1N83Cbinh57c3e4a6af95,32756,494568,4bd8a22fe37648c981f606a31b3a62f9c8c8ae53b3478c4634cab16f0f266dc6
O45-43,EC1N83Cbinh0cb6bd557cfd,32838,495798,140f26a3c6bdf0bc58db06e26d9d805c4360b190c1c928400af2f7d2b99e4342
O45-44,EC1N83Cbinhbafa16694cbc,32637,492783,01eb35b7ff58f5e08cd45bd176a37c4751f124f55ae05d24a14ac36be156a516
O45-45,EC1N83Cbinh82ffb4a9d8b3,32656,493068,11a471ecf5e86117f300eaddbd08ee050de379a4e9e90986da688f5f05218949
O45-46,EC1N83Cbinhb84f83b5ea81,32627,492633,c1e385286e61da26247ac933be1340e958e6045b1f6831718c0dd227ccf6e3e9
O45-47,EC1N83Cbinh4e14470f3bda,32698,493698,85c9ed8ee5dd0ca33f2258b01a3c38263d25b059fb3fedffb9cd62573ef4e64c
O45-48,EC1N83Cbinha4210fed309e,32826,495618,fca8d5ceeda58a9f66f724175c18277bbbfc0b201b5775acbbf88ebb36f96ef7
O45-49,EC1N83Cbinh88316930abb1,32774,494838,3ec7de1a6b4d445282426e45a7a5bf243d61751a517360bcfb537b4118076fb1
O45-50,EC1N83Cbinhda063c460991,32684,493488,21c6766d8f09dd3976f907392c74b74214542c2f0129d0ba1fbfdfb7a8c6ea88
O45-51,EC1N83Cbinh3fa90f4838c9,32953,497522,9adf0e78c064dc52f6cd31a546921ab431e5c1ccb4551f9ffcab9507eb7e9263
O45-52,EC1N83Cbinhd03d796f78a4,32687,493533,21f15ff187a685afafbc007c81a7d36f98431c0c7e79717fd76cd39fcc943b30
O45-53,EC1N83Cbinh8ebda29c6739,32845,495903,2133f26d4e987e790ad1047f733b29fd2690c56d08f6ecd276d4417beef68d79
O45-54,EC1N83Cbinh75cc8ad16dbe,32824,495588,2764e5983301dc418ba62641e3decf4626fb93df9f1cde3d945efeb57d712833
O45-55,EC1N83Cbinhfb720ba76d19,32777,494883,208aba7a4d73565f7421b76fbfdcbcd92f414c566a48d252a4f753d49acae3d2
O45-56,EC1N83Cbinh8add3e668e5e,32882,496458,6992ec88a8c4927367a7058bb8ac8f0c4132a881ea2d7819aec3d4e65b2cc576
O45-57,EC1N83Cbinhd456ad2610fb,32976,497868,b892b64e9f7a309f4178299b617b8c533d70186156a95c761645ba98f0a46957
O45-58,EC1N83Cbinha6fc196210a2,32695,493653,f5c12930a95132edead54bf299b3164b66204636a2f4cf1758517503088f5eea
O45-59,EC1N83Cbinh07b7fa82714e,32885,496503,5482f5cb2cd0dce4ec705301115d0de9287b0f9091d418adb037606eabe02af4
O45-60,EC1N83Cbinhc4a8503ca5c1,32816,495468,e0766fb590f039ec53a5f0629d200ec873a07d2556bdf4ed512b8d980d8b5f41
O45-61,EC1N83Cbinhc9aa0433b537,32963,497673,8f19dc748873cfd7ec6368924b832782170f09ec2bc48d861c7e472c55c75b26
O45-62,EC1N83Cbinh831cc91318d4,32675,493353,31c7e70f3d95f341851ab5aacb79e5336fc00b36752390cf881450ece5154f8b
O45-63,EC1N83Cbinhf60d77d654b8,32562,491658,74126ccc981560b8b0cb02606bdb874f35cd56f83a8ff9dd04cd0ceec178395e
O45-64,EC1N83Cbinh0554b9107b16,32803,495273,c536a404bf342d63d6441d4bef75f265f9bfd1518c0b595ec9d166f1de6652eb
O45-65,EC1N83Cbinh139704b81862,32952,497508,15ca7f716cb2838b0a48172061f2a55342b541692a260b8f779985c3018697ff
O45-66,EC1N83Cbinh32005c47e325,32796,495168,860afcf0b497f84e1d58cee26ef5a0f7c23bb96dc25bcc0b58bf7e2e36d9c174
O45-67,EC1N83Cbinhbbec04bc43d3,32611,492392,c8e6609a2510d85e0920cd83d445b9eaeaf4ae37f8da0ca288792651b36c8dc8
O45-68,EC1N83Cbinh7deae0c351f5,32624,492588,81280cd63580734922cc12198cf554011f37b87c38fc4195d38bd96db7983058
O45-69,EC1N83Cbinhc223994d6607,32786,495018,4ad0584cb30b477b59adea8108fe2c157d673d81ae0c7174e8cf2f6e638bf359
O45-70,EC1N83Cbinh66326e702d88,32877,496383,eaeb50c8ce2aa7ed9f82673efabebcd36e37d025eb28875c4a8d5afc7a190541
O45-71,EC1N83Cbinh4db295d4d965,32929,497163,c4e2118079c4e24df6edbf2c7d6fd78cf4cb1cac3b2ff79e18efa3150f8266b4
O45-72,EC1N83Cbinh2331f34c9f76,32704,493788,7055fb5302886b050058b97cb8ccccc201ea8f2ceda854290c18957fea71101b
O45-73,EC1N83Cbinhdfee178da646,32952,497508,437495a42383d3b0bc1b2f83a25285d70b5c0fdea2c514eed14624d3078281c8
O45-74,EC1N83Cbinh478e9b730793,32729,494163,4b1c4171d61b98808313c790113380317c99383b069ba824c6fd25f474d68d9d
O45-75,EC1N83Cbinh64c8bc8ed12f,32802,495258,bee5c4f5bf22e8709b12ca797f693b4598e16a7b332d4be003d5469b65418afd
O45-76,EC1N83Cbinh4f4b0fa62d7d,32652,493008,be4beb770ca41b21fd1619a4c990c3330909923f68cb63fa77d2148eba2005c5
O45-77,EC1N83Cbinh35038d865383,32733,494223,cfb9ed79750b20e2b419bbaf4d51fc68211542bbce7a89f9d0c441c5368e39ed
O45-78,EC1N83Cbinh47c1a991683c,32808,495347,37cfe3eb20737d91ee5ef247c133cdf9bcded70989d04304af6d7ee17f30df46
O45-79,EC1N83Cbinhc92cf8a40e7f,32869,496263,c37ca72406bccb99e5a6a57b253b36ba9de5566d843deeaca130a4aa6b49a1ad
O45-80,EC1N83Cbinhee86b0f1bbb3,32804,495288,3ef8fc8b4973c39b39bfe46d29e1e17e4040fad1dc44c7e96803bf9726da300e
O45-81,EC1N83Cbinhabe0743edf6f,33062,499158,b969d2c95da011b12aafc4b5c5523604340343c52632c03869ea13e12751bb8c
O45-82,EC1N83Cbinh1f728ca6d9dd,32833,495723,9a65f15dc2da3109bed6ce10c57c789b7e5ae3a11216b51f0f4ca697d0bfe525
O46-00,EC1N83Cbinh802002ff61bb,32761,494643,daff0ae07e08e2f87ba9d55e3fce27d95f367535795cafaf723c2854093ef814
O46-01,EC1N83Cbinh009e8bab22ea,32658,493098,8d87555aeeb9ed45d9c947810e5f2c5589abcd2c744125f6455f1bc68405bbc9
O46-02,EC1N83Cbinhab5d6e14754a,32891,496593,b21340ee1b2524fece051602f61620b7fd5ecc546c7797c5b0e77b92d85eace6
O46-03,EC1N83Cbinhfcb76e7e70a4,32679,493413,798c0327ab823952b58f55fb3db019ea8b93f8f299c4526bd834e31321135a8e
O46-04,EC1N83Cbinh2fe0f11c9bf2,32677,493383,7700557e8e1a04d2e021f78cbdd244f03a2f84526ccbbd938418260fa1c39b24
O46-05,EC1N83Cbinhcf26c0f1606e,32771,494793,2d33fce7994edcaa6adb83f354f661b036e3e49bb5d8be28145003d5faf5265c
O46-06,EC1N83Cbinhb62ec2fb487e,32964,497688,1fef41609d38910916282fec6e923271e022a78b7be81e474d664c54ad503678
O46-07,EC1N83Cbinh2b6e81ea9de4,32895,496653,4e99de5a6620b479ae0ebcaaea87ee70d8fba011b76aa46368636ea410899bff
O46-08,EC1N83Cbinh932077ff0ef7,32914,496938,43202cb1b5841bc36dc60c17e0156919112beaddf057d1423a68615f1764a2e0
O46-09,EC1N83Cbinhcf4dbbcc3cd9,32917,496983,9241f6862fb10f8d2c7f54fd9bd5ccf2f8c34f546c400b85ac04bdf981e1e634
O46-10,EC1N83Cbinh37152c7312e9,32540,491328,013a377164ef46c908b1b0d87dc08204fd6a243805ef2c9be34d627ba299edb8
O46-11,EC1N83Cbinhff3058aec15b,32908,496848,90cb24371f8aea1e469893d3807db045cbced775dc1572c734feee00cf536dbe
O46-12,EC1N83Cbinh7c1334238d33,32807,495333,ab595b1fbb56b9e063605730fa47635ef0a6cdbb416774a9cb70aa493a622fac
O46-13,EC1N83Cbinhb25eb7e14c07,32909,496863,7846c4e893ceb5c5ba92ddc45a6ab278c4309f5c1cd4b0965fb1c5abc5c10819
O46-14,EC1N83Cbinh9f6ae570b326,33106,499818,82eb67bd09239390c9376dd09b22b4de211af4d21d8dabdd1c573414db33784d
O46-15,EC1N83Cbinhf14846fcc298,32818,495498,7dc3d4ece33d93d717592d5b8379155dc9a63e8e10952cacdebd908c088f16c9
O46-16,EC1N83Cbinhcf122711a1e9,32742,494357,11fc4a88cfb8a7ca8854f6de5230ffbbce5846eafa663dd91661eaab540d5e3a
O46-17,EC1N83Cbinhef2fa831bc2f,32882,496457,c5b99145fd19c40735d6f0b04f5f776b6f20306c92e1830f28d34250d4a97c0a
O46-18,EC1N83Cbinhd5f968fe27ac,32795,495153,31e4970e27026fe0ab03c314c6f5590b25de24a304a33f5ea3ba2d7089ae0755
O46-19,EC1N83Cbinha0f69e6143bb,32710,493877,f40384bc38f4942c5286337dd4505f9969339e520961050d7fd6ddd2af787626
O46-20,EC1N83Cbinh8d8b34a951ca,32630,492678,2509975dc087f0e3c980e2ce84fc6733e06dfae3119df11625ddcdef13d478d3
O46-21,EC1N83Cbinh28df2280eb69,33066,499218,b67543a5825dc0b585795d0341d377ccf5f10778a85a27e827eecb2bfe057263
O46-22,EC1N83Cbinh35db3b47d93e,32800,495228,0ca14d925d2dbd6e1490b4af13dde04260c4aa921b809437f85354e972cf3433
O46-23,EC1N83Cbinh92beeda8f786,32864,496188,4ea0e2c744c900f9f93565c3bac02375bef2698d1541cd6e083498269a84eeee
O46-24,EC1N83Cbinh29ccc6fcb6b4,32873,496323,5e1482dd83a11da2b30ddc2c2b3da5eb6386fe39551f57ec9d9628a0605f5f71
O46-25,EC1N83Cbinh8686307c5c45,32688,493548,69a88c62151e8c3c0bb474ef3d5f6db368c11706d2d711a315a27b107b7c87fa
O46-26,EC1N83Cbinh43a4e67af497,32948,497448,062178cfe75eea5583940a437abc847f87aa54081dc896d4714ecfb8749803e1
O46-27,EC1N83Cbinh954f7775e72a,32577,491883,1960851d08ee3e5dd7427bed57dd84f0faf82ad8e5ca5ebde98c1ade22ec5f3d
O46-28,EC1N83Cbinha25f94b9db37,32792,495108,e01e4a8743c5d7dad6959534ea3724caf8677d064b214efec6b1ca8c462326ee
O46-29,EC1N83Cbinh74142e136b0c,32619,492513,62b54b7e04ffdf5f55bb978a78189e7ca926e49be806d5d1c1b296b09898181e
O46-30,EC1N83Cbinh745a274ca6c5,32727,494133,9493788f63454586e1580517b596edc968284d24ee64639febc3367bbb1f3e00
O46-31,EC1N83Cbinhf71f0ea633c8,32862,496158,057e4f43c32d8d09e3df2c016db3cd65a9029c58648c7152e7c433b57f7d8509
O46-32,EC1N83Cbinh08c7d19a5476,32826,495618,942e9867251bae7a865a2e948716410be09a6eac8b388a0cf0dbe14ed8a474d4
O46-33,EC1N83Cbinh34d465463f80,32602,492258,4ac927e43a8556abdffead24aa5fe7650518fa173adb9895d64c17a473b4588b
O46-34,EC1N83Cbinh5b9cbf047775,32838,495798,d0b88649d46b1f427f0488a43b66915a7c02c8fba9c7e6481ab5ad61a5c6c100
O46-35,EC1N83Cbinh79d0e40d10a1,32951,497492,ebcaed9ecad2b7b973e665a360974cee3e0e969069dc84fa499e38bacdbc224a
O46-36,EC1N83Cbinhbc2b1bdeb2ae,32677,493382,b9665cf86deefc3533820c79c1ef8f944a90e2ae27e41b09f6b2325c103605f4
O46-37,EC1N83Cbinhb652414c5d4b,32667,493233,e59d52c01f920732d420d85170b5dbf048ccbff4678174b1d90594e32ed607a7
O46-38,EC1N83Cbinh8fed28335a80,32792,495108,0a1765677223fbf375bbaaab48af5df3ae1588488a35a8a921ff6ac25c14a814
O46-39,EC1N83Cbinhd8b8d18b0f36,32722,494058,4cb9ffb744d6a75b230f853e5f8c850db5aa7597cb849b4fa45edc5bbed97323
O46-40,EC1N83Cbinhdaab837f0554,32858,496098,f4d9b7d3e7f098795b2db7439dbc7b44729e0922b16bbfd07d62a5c988a45296
O46-41,EC1N83Cbinh2d3cc103f6ed,32984,497988,e0ccf8d579183b037085a17f57bb51ac20e81d882408cb4d7aaf6466899a9aad
O46-42,EC1N83Cbinhf155b6a092b4,33033,498723,614dbad0c17dd0b30cc36664a032dfc01afb91698d04724694dd3bbfc637ed20
O46-43,EC1N83Cbinhb372aeba99f8,32892,496608,3ce911867d07ee55a75d54bce721d9aceea6b5db11bf98771200609bf2cc2dfe
O46-44,EC1N83Cbinh15f2cf7d95ab,32996,498168,53687b20bda72ab869810f073e571f7885616fb8b07764cd2080f3ba029f603e
O46-45,EC1N83Cbinh8c317c8d84b2,32808,495348,11240a27c123d1c21489135b0f4a208a86a714b840c05d5a33341a6b908dbe86
O46-46,EC1N83Cbinha1a4ae43abed,32787,495033,c3aea6564e49208e9e8dc7ca613afd07b7c00a07b3a1c08cacf1ae92626b6903
O46-47,EC1N83Cbinh72b90e6d8102,32807,495333,db36f925c201c65658d4e91bba9e10d3792ff9cadd0fb01265d72e8bf2764b1d
O46-48,EC1N83Cbinh294c339ecb9d,33006,498318,92ddf72e605578f9eaab3d75bfd4ca21982e08091a5f0d0219e70a70910045fc
O46-49,EC1N83Cbinhda8aaa1d138f,32742,494358,07c386b567dfba766dc1ef3dee09b9c5cf199a77f1895f3c07b12193d6e20b72
O46-50,EC1N83Cbinh8681c2d9197c,32547,491433,c4a81a87db6fb1ff07b8449f4c5e3c139c22b91b7d3af22564b38ca31eea5c89
O46-51,EC1N83Cbinh721f314a3ee7,32773,494823,e77d14f486e6c05c2071dee619bf2cf9205555e93c71049e9c64f73d10cdacbf
O46-52,EC1N83Cbinh73da21b25991,32956,497568,2d1a5c92b3b7e804187e390afc121b25305c1e79ef053f9975d69d32e8cbc437
O46-53,EC1N83Cbinh87b4c35cf483,32836,495768,ed3d574b63f0df2d92579cbca04e579f8a870993a43fd5f2020dd34a06c9ce5d
O46-54,EC1N83Cbinhefcdad159bc6,32806,495318,dead3eb853f0d5029eba229d7cfa5b742acfdec048fe9d542a2b717721a6444d
O46-55,EC1N83Cbinh00c5954887fb,32605,492303,3ecdd04f6aab46771bfc2f4f2e4eac034964f60d4d762843310e2e862ee21dbd
O46-56,EC1N83Cbinh83d299062aee,32603,492273,9add563ed0d07534cc1b421047b8aec695717c2f7786aecf9973288335c64469
O46-57,EC1N83Cbinh638b99bcd80e,32712,493908,a566e05765e1b05f87b4b9a6e822f998e34d4d009be40691c828cbb23e212c97
O46-58,EC1N83Cbinhfde12ebdcff1,32805,495303,5c58dc91e08efbeb53b3bbf3333970a167ab374341adada55f95b84895be28d6
O46-59,EC1N83Cbinh6633dc83aa98,32645,492903,08d72c1fe19df1e0ea71ac7b17c08da0ad66c0110e64c3c049f5a1a043dd4b19
O46-60,EC1N83Cbinhde5a695e35d7,32730,494178,6d83006d4d85f4187795d3addf4a4b92e0f7d6a339ce176afbe57f7a28eebbf6
O46-61,EC1N83Cbinh6429a1daa7d9,32792,495108,072eadb1c201624607544b12dd13562124c3325c80941f5c865bb332caac4c69
O46-62,EC1N83Cbinh04ec0788778f,32595,492153,650edeb5d3a5f06103655d9ac82172d350c2b939431bce28c0742b9255db55b4
O46-63,EC1N83Cbinha17261e0bd8c,32801,495243,6daa40262f9cbfc7dc542163d895d656aaeb30b0dbd093f7acf8e241df70de57
O46-64,EC1N83Cbinh5afe65853901,33039,498813,9ff5583fe5f2fa5cc4e13af3b388c41fe6daf1553b60cde8a39bc93462f7e713
O46-65,EC1N83Cbinh065dc363df5c,32812,495408,8467c76cd8e334a1156db58325b0323afc1d95097945cba2fea915f383e74f1d
O46-66,EC1N83Cbinh98173af27007,32947,497433,d68171459442a603aef6d3eae9c07dca5416505641d3edf71b81a4878b4b1411
O46-67,EC1N83Cbinh04bfab9a68cd,32669,493263,3b84faaa1149e15086d79193ff492c9f831c16629395d28a43ff9a39939f03d2
O46-68,EC1N83Cbinh1339b919878d,32821,495542,e2cc4781d10421c19110485fba175ca13a0c1acf92106d6f05f5c0f20e365d64
O46-69,EC1N83Cbinhb97724110662,32553,491523,6920d0521c294871737a8768ad246c1aa411b70a0373d7eb1d29d86078cd8340
O46-70,EC1N83Cbinhcc88c436edbe,32882,496458,9a19bba453eecccd21ce7ecf256d320b36dade997e5e2aeeb1df6b938881a3d4
O46-71,EC1N83Cbinh233fc5d4ce94,32761,494643,c81b5976fd535b897daf761cc0edf6687c1f33f7eb055af72dffd2f147130fae
O46-72,EC1N83Cbinhda3ce23883c2,32737,494283,e47edaf09942935e493b6f37d6618ab95ce1b47eadfa073edec80ac244ba28c6
O46-73,EC1N83Cbinha9a63c6a9d28,32780,494928,33364eca0833764399a27a74e4b27878341a5731a29d385d702470066e1a59e4
O46-74,EC1N83Cbinh43f8c0af7b1b,32627,492633,00fd1a2a8d1ae5670d0cf2c94e087c751f309cabb6f380550e3ca53a6fb59621
O46-75,EC1N83Cbinh9924e5699cbf,32788,495048,61fab8e60cc7375786c1dae8978bfea9bb1f17f845227ac2b5f4cc8e15ecc51b
O46-76,EC1N83Cbinh8c991749ad74,32692,493608,8f3cdcfb311f1b1b49c70f32528b883bffe3db785ace883839830a085ff74ed4
O46-77,EC1N83Cbinh90ceb11ccc43,32840,495828,8103bfe2a830de2a19a16d7ae458836dad12930235695a50ee9fd32ea28e1c79
O46-78,EC1N83Cbinhd57b36fcee51,32856,496066,a5026369eb78ad93e523b9416b12b9706fa7886015b1fd19bd6c9a936455fab5
O46-79,EC1N83Cbinh3921fc6f4f0c,32593,492123,be72aee1f74477cbd733e0c2dd2918ae37d30795a55034fe0808ea4733d54d6e
O46-80,EC1N83Cbinhdc211d2689ab,32779,494913,32c64cce6c2225d0b4e3651f67431fac78b9be84382b9c149e12d44de34368de
O46-81,EC1N83Cbinh19567babfad1,32914,496938,3e83a746ebadd435c0e79d1ea4d20abbce2d7ec7ad7117ffeaa401c367e2640d
O46-82,EC1N83Cbinh792f753df326,32856,496068,c7ea36253bb1c5ca123105e0616365d9f5731cebfea41d42f87d8d9d08d8df85
O47-00,EC1N83Cbinhd4f5c037f363,32720,494028,36db49957df27e423e7ca889d21e9572a2eaabe7bf673cecb4104bcf07af461b
O47-01,EC1N83Cbinhe7ed4704d93b,32696,493668,e108e99a07786e56ffb1ea3e1743735af4aa9efbdb1c0f26d38aded16656773f
O47-02,EC1N83Cbinhed683f4c3ce1,32853,496023,b5ae11ae6156cba703b7f029c93a75180d873121fd03b28b9c20210b43d4af42
O47-03,EC1N83Cbinha53a041390ee,32678,493398,88f00821298708e5c26acbe8c40698e00551489ff87602e412907a7878740a2e
O47-04,EC1N83Cbinhd77121e970e0,32969,497762,c41fa8267d1cd7827e54bac4acfec73adad56e6ca9eaea51d051e433a70acde0
O47-05,EC1N83Cbinh2bfacfa815d5,32624,492588,cafad6b082a8b6521150ee068120bc4fa7c1e5653f42e6a3eeb037d1cfd03c53
O47-06,EC1N83Cbinh6c2b53490a9e,32979,497912,2b4293dc124edbd2c546471ff29cd3ae65ec5e283ec44c929264e498d654cd4f
O47-07,EC1N83Cbinh973df47362ab,32903,496773,ff45344d51224b2fa2c751308ac1e35a9c94f27a020bfed365527641eeaeae95
O47-08,EC1N83Cbinh05e5d730186d,32636,492768,be889af98c3ed4892a67ad9a47e0a4a5fd5c6337f67b4de92feea07dd0bf832b
O47-09,EC1N83Cbinhe70a7e904ac5,32776,494868,6da5756d07e8738abdca9b559e2fcce634f87d1e3994cec817c3b77ddf02f66b
O47-10,EC1N83Cbinhce540a149adf,32820,495528,6b166e03d2a04af41a0ac75ff98df0f43a4e60910c69567261250fcb480f48b6
O47-11,EC1N83Cbinh3cbc181a7fd3,32785,495003,95a4d1d1a9d605b04011bea97e196fc16ea5e1ba9681510e81d58de20452da2a
O47-12,EC1N83Cbinh0c927f89775c,32456,490068,4b2ef0272b3c11ac5e22e2b0e14f993d4187c3b5485ce5eadcaeee03995aad6a
O47-13,EC1N83Cbinhfa6d1e7d738c,32728,494148,8edc360215139d5bb2408283e4105af320b84d67427652dc8567513d4e68e164
O47-14,EC1N83Cbinh886edcf3b55d,32745,494403,582dbddf95cb3992f2297b4c16daebd84a4b8741de8db88d1097dd69a44c05d9
O47-15,EC1N83Cbinh72bf1c0f8129,32719,494013,fa08566ae74af9678d87e2d9017c8be8e4cacc02abe54dc7a37790e8bc38224b
O47-16,EC1N83Cbinh988f3d447804,32652,493008,07bd29b71daf3a6095434558aa359bf21e68c7926b4b9f078ce82745ed50a5bc
O47-17,EC1N83Cbinhc22609ea0d8b,32997,498183,4e913ac91d3cc0fa6c62a637fb5c60a80c7cfe825b82186f8f0092cff9f46316
O47-18,EC1N83Cbinh37fdcb6f13ef,33022,498558,3a0dbf976970759ea4effa400eef7be0d88c4b45f423df63211face207c9fccc
O47-19,EC1N83Cbinhe527eb2e9f0c,32749,494461,253f402eb519a19e5b2855aaad0a99dfbe54c271fe36b7d2f0a6c99bad83d09d
O47-20,EC1N83Cbinhe3a94bbcbfc8,32750,494478,8dbaacf403170d84feaf0a933bb4204e0570cb6b2a80bfc2b7d889f81541bb05
O47-21,EC1N83Cbinh107ee8bbd3f1,32595,492153,96901180d0589e5a1564eabd8c02fb4d6b0e2506489f2f0c4ec596421066f4b8
O47-22,EC1N83Cbinh46bb891c52be,32840,495828,cb53c083d90e0cb81e284af6b4e2ed8b54ad58fb1692b969eb3067d25523297a
O47-23,EC1N83Cbinhe06809bf8f12,32861,496142,89bf1d7ba4bb931b95b2e3671f019e357c4f63a2f74d2c3ef6317b3bf5809808
O47-24,EC1N83Cbinh44d40c049a97,32851,495993,8ea9607d993724efb2c7392f5d6adf415f7ad9303191e987d47326df307fa3ab
O47-25,EC1N83Cbinh1ec24674102e,32607,492333,a2f0c584ec3c592937936a5a2c8e2c643ad972e8ccc38b98092a55441b2850eb
O47-26,EC1N83Cbinh33f8bea22130,32651,492993,f8990b2940c8bf85f80b328bba7aff9123d60adbf5bc229cf4cf836337580b20
O47-27,EC1N83Cbinh799a3c9d72b8,32856,496068,3246bf88f3496995d40af01d960454fe171e88c10a50121e8e41ada8cb944e8f
O47-28,EC1N83Cbinh0c52410a54dd,32876,496367,0ecd43c11ae5a6545a0ad5467770effe55e88070df0bea8f8f1a2574799719e5
O47-29,EC1N83Cbinh2cb5205d1710,32710,493878,b04402fbcd773a5394452bf75d8babeb339f5dec2b6c161385ea4a9c33203087
O47-30,EC1N83Cbinhb929ed66653f,32858,496098,1834a22140707ca1f266ee292ae5446fd66a7e101199708a7004373534a7ffd5
O47-31,EC1N83Cbinh26a5e3907692,32765,494703,e2d3448b7315dc72c359da9eced95e244a1426b94811abfd5bfeae9661b6806a
O47-32,EC1N83Cbinhdfd56fa241de,32850,495978,97fa10bba5e90a4e8bb9ad130703df381c87e45d5dfab75214a3ba2f09cb96d0
O47-33,EC1N83Cbinhd1165caeab28,32635,492753,38f17b3c2d0455dfacb8a57b830b3456d277029c3802d892a4b716b52f782c4f
O47-34,EC1N83Cbinh0f19511419ce,32770,494778,1749282f9f8d9cda9830843e1c5126076e31e69203c386b77c8a8a08f5e62e36
O47-35,EC1N83Cbinh46bcfdf693e2,33016,498468,08b296cd19554dcc7cc1f4c2b91bd1e2ff31b07b9237ec8068d10725504a8aa2
O47-36,EC1N83Cbinh3e07e9189260,32681,493443,0388195b3d6d177fbea642a46f25f3f267a626ecb4f176bd74017be23b3ce683
O47-37,EC1N83Cbinh9f1df45d05a3,33115,499953,33ba29b94a16c0af159f95181ebefb613735744de2127e9ea4094812bb830fab
O47-38,EC1N83Cbinh284db6165343,32757,494583,80f51e4bfe3c9a0f4936bf9c5558a0a71a8f318be93e298136b591b0037e680c
O47-39,EC1N83Cbinhdac9290ca052,32641,492843,919abcfe3a577ccd82bb76970b8a5e3e0eeff96f74dd5aa3fb0f052e6e30f981
O47-40,EC1N83Cbinh1a93e2c23689,32800,495228,b1465e77feedc3422c00bb412e7857bc924ba8b3f6180116cdb2d3100b03839d
O47-41,EC1N83Cbinha973ec71a660,32805,495303,01cc474cded4da94fbe7043edd97f96492e41be513497142e1d577bd6175495f
O47-42,EC1N83Cbinh1b60b303757b,32558,491598,05c1e325157565846f0af17dc282112dab2e9b81e133865e1bd0ac3248f3b672
O47-43,EC1N83Cbinh125d271da996,32836,495768,bf2ccb7f56d4f6164c28a53c1415032c05318e9bd8f91b508c8c1abf87c8b949
O47-44,EC1N83Cbinh8200cb57e4bb,32757,494583,70e3e578b0a357344f9007371f2791d1ff8958e1187172e298909897ce288ae1
O47-45,EC1N83Cbinhbe304989109a,32973,497823,28b6f56ae5ac05db1c934e6d982c5f3ae39d17adcc112edb34e9d8c74bc82eea
O47-46,EC1N83Cbinhc158d12653f4,32806,495316,7b306c45b7a7efd9d1c50e23e105024799197231c46bc86c8bcf4461251798ca
O47-47,EC1N83Cbinh22b68fbccbdd,32982,497958,0b2ee2559f79c320806dbce87f1c53d6d5c65b139550d1c3d223a9d0afdd3a6a
O47-48,EC1N83Cbinhbc578af1aceb,32932,497208,cebc3a299617e603b77869ed5dbac7c2ec0939618e9b0c721d97ea60f0e534ed
O47-49,EC1N83Cbinh645210173d5c,32860,496128,1661f2f0e19bd7a5e2f31190125ae897ce0a64df9bf9d3f56ac13b86f5797348
O47-50,EC1N83Cbinhbb0d5b188568,32772,494808,21156f5263c4206dcd5f7fc0981d2d3a59a9bc6ba4282eec76620e8a62eaafff
O47-51,EC1N83Cbinh437e42e276aa,32731,494193,5c9c35044e7bd709d20ee23fbe1d4af81c146eccdce7114d2e92782cb3fd52c5
O47-52,EC1N83Cbinh4e4f77e5577d,32774,494838,51e71ab21f5d9e82322e5bc0efeb1b18368e256b15aa116f7634bccae3b0d1ba
O47-53,EC1N83Cbinhb64545e04b89,32933,497223,ee5b4d2cea226f8e5752ddd4daebfe954c41cad3e2d9430ce284fd5fbd6826f3
O47-54,EC1N83Cbinhbea8bca59f12,32660,493128,b39bd6773fc5d6f9f0776a09096e3425ab782716fbb43ae05e63944a456b14c5
O47-55,EC1N83Cbinhc9fed1d91960,32818,495498,660076839a05653edd28d8118994f1264030ae679ad55601ee90ce8c5ffa26f2
O47-56,EC1N83Cbinh5b1305b9614f,32883,496473,98992942b001b81f0c591591b73cb532ae9c7fa45272212a1f7f2325d544782b
O47-57,EC1N83Cbinh7c547a6e074f,32667,493233,e08e7268131d9053d4a34f35a01a9b17c99c50963593c98be23a18caf36d43bf
O47-58,EC1N83Cbinhd66d96803ea9,32937,497283,486b0437e24ba46421937424fc2097313824e54bffd3425d3093e30223326a1b
O47-59,EC1N83Cbinh7acb294ded0b,32929,497163,9d66145955b3acdd2386963b61327fcaa23b7dd80fd6a29a850a1ff29755acb5
O47-60,EC1N83Cbinhd5e4de681ca0,32999,498213,7d79f9ffe23d327920489c893d30ffbb575d28bc9d381f0e2752331a434e4411
O47-61,EC1N83Cbinh3795a6696b8b,32778,494898,281b9d818aebd7d2ec888a4956866f776d8f82237178b943a5834230455754db
O47-62,EC1N83Cbinh8ed09676a280,32876,496367,24513efca47b4e95306023451f4d767268a3b8589961dd9bb90a669bc3ebab7f
O47-63,EC1N83Cbinhb3a069b46b1c,32782,494958,3549b00ade1de3ccd77ab923d99b64d16530b0a2db4c3b5b3b0c4fb76b96c10a
O47-64,EC1N83Cbinh01375e9b3def,32758,494598,f934a0828c20a2346300e2dce3d2841d2c89520bcb67151d38cc0eebbc40fb70
O47-65,EC1N83Cbinh764cd72b29e2,32748,494448,ac66f6f13794e55ccc8c66adec9e2e80c2e795739bc540015bc8be34c2331fb8
O47-66,EC1N83Cbinhd518318f7d17,32758,494598,bbe553d8ad480d0b3fb4a191c39eb837b107ac0683f4a5a5b02dd0ba37f1ef5c
O47-67,EC1N83Cbinh89c741c01672,32915,496953,8a00c32d4496691214c96a82893cc0220b7e0bcd82e2f4867d6a6e29c17e51e7
O47-68,EC1N83Cbinh962f6dcc4859,33052,499007,e4b586a267f06ecb130cde0ea62e4841ff7b8403577c1ecbe199459dc06637a8
O47-69,EC1N83Cbinh6f5d792cb4c2,32758,494598,dfb39cc7406da3fd072755f4be098ccb6fa02545f713d0570fe99d00be6e21da
O47-70,EC1N83Cbinh63a67f82626d,32940,497328,8f5e7a83e6f7e0d2a5d38792491d0fa6741191b21c7262aa81e232cf73a1a601
O47-71,EC1N83Cbinh2b8ce8d7409f,32805,495303,aeadac64a394c12b047328abe7ec2f83380ed43c5ecee23930c73895d46c1de3
O47-72,EC1N83Cbinh32cccabfd107,32873,496322,b2abf5c0401ad3b1a95fabc6fc7b708e1e36aeba32c020bbb88e53677ebd7d56
O47-73,EC1N83Cbinh3cb419cb52c9,32912,496907,161fca1c7b4d3699ad58380f462d2d0dada4687c1f2f2300d17af0c5f61fdcc2
O47-74,EC1N83Cbinhf98c05f4ea70,32768,494748,dac93b10580d68ec7ba7040cff9b35259d6f94937570b24e27d3a84fce40492a
O47-75,EC1N83Cbinh267fec3d89e4,32839,495813,facc0aa16570edd5eef99f93568f31dd36680af855e26888c1d6fdd168f6e97d
O47-76,EC1N83Cbinhf94d89a58133,32800,495228,2cfe99bf24cc65afa3056719e3176c1d8725f2806c32edd42e4b1745051c6cac
O47-77,EC1N83Cbinh3937e2891529,32885,496503,2ccaf82b368ababdd4bd06891403e97d8bbd7ae2ad2a733ff82a56f5de2f0a7d
O47-78,EC1N83Cbinhaf0986f13d5f,32729,494163,c4dfa707a34d932e173f5fd8648288c315cdbfeac6ec9b189138a04b10f549d2
O47-79,EC1N83Cbinh0cc6bc67214d,32559,491613,0e1f6a5c33ba684df1b5024907f63bb4528b4999f9463f8787010ab07f5de7c7
O47-80,EC1N83Cbinh51e24ada0fc8,32909,496863,5d3d56d283f31601c5b2e2acf945b7e1d07e24683b9743e2d48ac7fcf6636eed
O47-81,EC1N83Cbinhf9e842a436f1,32743,494373,45b323c1e869a7db09400aedd2194ac47d7ee54bb01acdcf2c8e9bb536f98df2
O47-82,EC1N83Cbinh2626017cba25,32853,496023,17848dc063cde31cdd578ca3e18e144242cc76a8a5adcf888ed3aa8bee8fc577
O48-00,EC1N83Cbinh3c357693f33b,32636,492768,3e931d7a338bc4852a7f40a4965eaf5456635220af906d9771df108772275adb
O48-01,EC1N83Cbinh4b62a7eff5fe,32786,495017,47ae3737ddf3d53386490b9e1098f83ca54fb726c42beed058e936e1ca280b95
O48-02,EC1N83Cbinhffaec9c2f855,32890,496578,82a7dbc894042bbe779ee561d50b8d5d6a4c5c42115050675e430c763bf32d7b
O48-03,EC1N83Cbinh133ff18467dc,32777,494883,e884631db81d890cdb5807353a90a152f1f7a13528840035c6474f9923886849
O48-04,EC1N83Cbinh44e9085a298c,32711,493892,7be504ade4cf6f4a404891f7b500e29c0ec25597b16aaf4ed62777fa8809360a
O48-05,EC1N83Cbinh82f9f62cbf44,32696,493668,8472e6e61c8f946503f6062553fd380b0a8ad12e4521173349e2acd0d6753d85
O48-06,EC1N83Cbinh6ce480727c11,32856,496068,87653d914d81545917863b0192f78562579f99ced8487f669f29e5710b8f6ba7
O48-07,EC1N83Cbinh3c1c3d839152,32816,495468,b36b63ff9b766787880bdcd83f213f9ba40f57f592555b6c879adc35b5d341b0
O48-08,EC1N83Cbinhb87a0592f3fb,33058,499098,1cfacfe63850ceb149bcd4556cd3c50e5569106893a9de6ef50e5b6d176c4ca3
O48-09,EC1N83Cbinhea67c8f43955,33175,500852,15c43ebc87934fa0238306bf285a2e5329a947c2d3c8b079542badf422c5b237
O48-10,EC1N83Cbinh5a3eab06c6ac,32792,495108,54d18b59795246bd4224c01a195b30941890700b7c6fa6fff7b0d386967f0575
O48-11,EC1N83Cbinhe46bbea187a4,32902,496758,68dc5e8513170a3dfee93c9768645fc0575d49c7982b25f989a2de1a940aea88
O48-12,EC1N83Cbinhb44119014813,32764,494688,2899efb524e92898624dedad9c9597affadb19ce4e9e726bc6c41b1888bac887
O48-13,EC1N83Cbinhf7daeaf587f2,32921,497043,2c277b20ac3c344aaf3464e564d0c79be3d54b9812aa864a8a70938bedf630f8
O48-14,EC1N83Cbinh3730461869a0,32968,497746,8216a9ae4dcda72c64bcf14952424f9e86eebbb2eaa9542dfeb16eace17306d5
O48-15,EC1N83Cbinh5780566f9ae3,32824,495586,ff17eb260f78ccdd0c3baa7a68be378d76fb3bb0ecd2c78b8ed02febea317f78
O48-16,EC1N83Cbinh544973a5aa41,32940,497328,afaed698f2fd7d39a9d4179941cd479583bf3e641f8be220db2eeea2e58b5c02
O48-17,EC1N83Cbinh6218d4afadb4,32787,495033,1e9b840f8e115005bdea5cf3fa466664cd31291f54a8e14120e60300ed2e69f8
O48-18,EC1N83Cbinhe534b27dd7b0,32906,496818,7fef56bfe308e52db571ada8ebbfb1804dd94f36122c9697d1f4bb3cae8f098b
O48-19,EC1N83Cbinh7cc39da622ee,32889,496563,aee2fd648836966354b45d0ad83f50bc122138117c5dc705d5a0c1995219cd58
O48-20,EC1N83Cbinhb7c1f1275c18,32866,496218,4eb0493f34da2829af18e24b890023f3cbbf5f67a766dfe5fc28d89c96cf8db7
O48-21,EC1N83Cbinha223cfa6e298,32867,496233,86fc26c5e792a4fa0d99884c67935494a56e298abaff3797fe8a721abe8779c5
O48-22,EC1N83Cbinh5ebf3cbcc631,32848,495947,e75e02794aeb357294bfb2289bde6f8c500276b9e8396502a6f519275d076d63
O48-23,EC1N83Cbinhbb07308cb8cb,32997,498183,d0ca4b28705b91c7f99cabdcb4134263391cea3bf5854a219ba36aec70419f54
O48-24,EC1N83Cbinhd9b3cc504712,32794,495138,92735ff1b314f48326602ad8861b5ad2cd5e1fa200b66671fd4307154f8cad16
O48-25,EC1N83Cbinh08a66dbead44,32755,494553,f79825ba06b2dd27f79cdb05d76c0080a08de5cf2fae3af0aaf40d60b4d1007f
O48-26,EC1N83Cbinhab78972ba6f2,32689,493563,fa4b2a66c1ba5a74063e280b79a87a8cbd77a6dc0562ac108ad02ba1b192b00f
O48-27,EC1N83Cbinh92d8519132b7,32777,494883,c16424957de9901947d748b9bad366c4855e812960c3fe46ba5a14b216cca2f6
O48-28,EC1N83Cbinh685599fa8dfe,32937,497283,c767d19662ff0dd225f5b6348345464d7d922fee2ac60ffef39d0e8487f17b1b
O48-29,EC1N83Cbinh9ee5c001e8bb,32710,493878,60e2296a80d71a6ff260f530e2722914566341594602d59f41e858edf8a2c9da
O48-30,EC1N83Cbinh3c0c2113d4f1,32730,494178,072c2a7fee895dd49dd9cb9fdfcc657c818e85ce2e6b81fdbf92ad57ab5dfe23
O48-31,EC1N83Cbinhc360f22d34b8,32699,493713,0ab778cea0bf218b6c370e34d7ff2ccad7bc2257bad89c4758b8b96f32d55db8
O48-32,EC1N83Cbinha2f2f382ac4e,32631,492693,7fde85078baf3566c43c745c4ee1097b45a061321a3323d8485c846c78d7c73a
O48-33,EC1N83Cbinh5283d09e9c03,32743,494373,dd12da6b0ad70f24b321fba445c00bc360279925c41949c1a1de40c0ec4e7f27
O48-34,EC1N83Cbinh04f2b5a39f38,32672,493308,4e85a4e38d4749572d51d1f3d517a4a7933cfc8e7e6b3c9cbf5c41e518b72bed
O48-35,EC1N83Cbinheb6592710e9e,33220,501528,87fc8ab3e146fd0b5d1cdbf3e455a57016fd3b8c500c71ad7ee8ee47e74fff0d
O48-36,EC1N83Cbinh1d8a642df4a7,32920,497028,dfab5b6de914e4f5111df39f321fe4f6603ebf7e33da2df2b33d75d19115baed
O48-37,EC1N83Cbinh05f5c72d7a75,32954,497538,8998e8e60204129f25d1ff08b8a4917aef57aca86e6b7239d591fde35de133f0
O48-38,EC1N83Cbinh946d284ea17f,32806,495318,8f9f6d56e06b467746a860ad3efe41d34c0826f9fd7b792ea6f19cb3a987fde6
O48-39,EC1N83Cbinhdc638e32c2b7,32924,497088,6a13a24f82cf8cd15cc26c19f4c7b29feae3e5c06c49b1e8bfb0af0f54731804
O48-40,EC1N83Cbinh6f2aa31561b7,32817,495483,bcf080b4af7be6726648f722baf4f77acf4b7c67199496cd773f8b722099e463
O48-41,EC1N83Cbinhfc9c824b3311,32945,497403,049d452dc98911ae6990232d776575182c5edd812b40e87120a972ac2b223b22
O48-42,EC1N83Cbinh90d47f17ba0c,33008,498348,78246779aeb9088da1e4faaeed7dc6713aa08f90215da230ee2b523597e2b5d6
O48-43,EC1N83Cbinhc5ab848f5335,32756,494568,592c430315ce07c8627a1e0a67d2480bc0ef158866869a1d98ed21d0b64affcd
O48-44,EC1N83Cbinh4480b684a391,32831,495693,0ad5e0e86980ff351f91f9058ced66692fa72e67b7eebed40f47f76a21fdec3d
O48-45,EC1N83Cbinh348247b1b667,32673,493323,dd3a9414e8cde29a74edb4c383634e252affd8269981631c9e05cedc49a6842d
O48-46,EC1N83Cbinh8c7d86477df1,32830,495678,e2f020b2b56b4994532d9432b7485181b7f2b3aa6ac5916a3f385062197f1476
O48-47,EC1N83Cbinh8b1f1cb297d0,32709,493862,27c7d2bb03088c59b1420cd8e9048f6c43d4e1d21a604c819271ab4f3f36e9ec
O48-48,EC1N83Cbinh4d301433852f,32756,494568,37d3a7721124396540124b99d80db8a8693de926a76b39a3a2b43bc821f8fc3a
O48-49,EC1N83Cbinh1aa5b342c085,32774,494838,a60ab493f34f080d5cec6ab80bd334e3ffa3a0ad2fb51ae166a5b6cde8ee45b6
O48-50,EC1N83Cbinhc40ed7aea731,32968,497748,3b606c2743d97384716b3790bbb1ad2b5651a17f4d925b9ca1bf49c2b5a2c22c
O48-51,EC1N83Cbinhe7afd6b6435f,32925,497103,8c06d83d6e9438f91c78236f703a2265302dce49e5f3bf4d2ec580d1692207b8
O48-52,EC1N83Cbinh697f331f1169,32681,493443,ece59748b4295b6d1a5636757a6f955f995cd39d1e94451d9fb403b42fa0b4d2
O48-53,EC1N83Cbinh29363865fb4f,32728,494148,7d533b86176df76310b4bf5e95a9ec7c6221a2a48bc428c834c03cc308255ce4
O48-54,EC1N83Cbinh7b63ccbc2f61,32817,495483,fbe6d7c781be1df5cdb8232c651863efd411c4d6ef3e0761522a76b24bef346c
O48-55,EC1N83Cbinh7e6a86abb8ba,32957,497583,a2f12b9ea824f2299758c15f4fe3f6a3b57c1da543763b53694ece1399d8bea4
O48-56,EC1N83Cbinh91220d71e6e8,32666,493218,05dce1e6aad5bcc6cc62ca29637a5668c0fde51dc43af8f708e4e8d852a8d57d
O48-57,EC1N83Cbinh9798c1549b59,32672,493308,a904f0c92c4b246a4659b419505e037f1ad42b56481d80720b5e24df44a646bc
O48-58,EC1N83Cbinhf8ecfba0158f,32690,493576,85ef523a52b61af4425b514b95943235ba1a389b57f7b9479f101178d08811e8
O48-59,EC1N83Cbinhab2de28187da,32733,494222,0af569917b7e4833271f8fdc22fd49149fecbcce6d3105ee2fee9058d28b69e4
O48-60,EC1N83Cbinhe756a9f1303a,32640,492828,1cf3bcec1b2b55c8a0fa156c6252a814ae141c4664396b4f906bdcfdb2a3114b
O48-61,EC1N83Cbinhc836ab4aaf8e,32529,491163,07c3100de8ab8b8df9abba4e9cde443e310e2c7c66117f32d2d67d7e8097df3e
O48-62,EC1N83Cbinh5474a65fb997,32806,495318,0024b7b6a535965a91abafcb1d2807603655f98b425203bba61a009c22b22f9f
O48-63,EC1N83Cbinh744f17f55027,32788,495048,a651cc1116ca7214fed1199212453da954a20bd0c0732a69164e1b940535c931
O48-64,EC1N83Cbinhb2a93ad8ab69,32802,495258,f6e2317b8e85b23bed84a1fd8e821e8659e5b00b1f448a3093dd218a72fba4d4
O48-65,EC1N83Cbinh16dd56983542,32579,491913,d0030d89165dcbd7781b80385c615ea0e41cdc5407ae73caccd5f5d6e393a6ce
O48-66,EC1N83Cbinhd2bfb7e6b2f2,32884,496488,0e268ea8dd375d2cff8e268d973d0be1aa50ff74f0e8ab544814176c12a0f3ea
O48-67,EC1N83Cbinh70bad375f3b3,32774,494838,9bd1f286bca602ac6c82d30cbf4005406583be15adf21008f22f0d38e9d355fa
O48-68,EC1N83Cbinh5f6d2f884b06,32880,496428,e2d7f503919f8e668887001fa94e11cd2d7305aade3a269d67d04f155e526f77
O48-69,EC1N83Cbinh5bc3e331637f,32890,496578,8ca715ce9e476cb6e8416b66f6af8e8a8cd644e8b55563064be3e829c96230f3
O48-70,EC1N83Cbinhac793476fff1,32886,496518,35689e2159696aac9c341bbb07080fa9bdfade0b760f72bf4d5b4554b1eafe00
O48-71,EC1N83Cbinh40ed21ff08ae,32934,497236,6977c54b270d0b6d887d416c74c1e074feae01a800514ac6e8bee7010be138d6
O48-72,EC1N83Cbinh51a51a9f01de,32677,493383,3aeb05be3a0997c16bd89a58ac5c1e6c22d249a1b7cd3432122c3dd1a6277833
O48-73,EC1N83Cbinhac6e10a0e0ce,32776,494868,458ad24866c1a061e4ad27bdba934ade9994cef739af1c154d5b033b1a523718
O48-74,EC1N83Cbinh653b100b7795,32620,492528,8ad383f03f4644184c8ca709a7e0c4b81049cb27b6f246a25aa8e3e8374b00e0
O48-75,EC1N83Cbinh0152a5431509,32932,497208,1d66e18614b8a6adb4425b882a634c4ad27a4a4716bb022b22f2e1631615c8d4
O48-76,EC1N83Cbinh9ea2c0224250,32644,492888,8a227aac1d3c63fc11aec3a880f8fe4dfed28dd160675f02c2b8e94164b73f6a
O48-77,EC1N83Cbinh2dd7562a5bf9,32776,494868,902d11943c3c791784aa5422aed6f816b46598c72a5a9b7b10b569107f942a77
O48-78,EC1N83Cbinh197ad532fb7f,32799,495213,f1590a0ddf629de9b5ff4293140770f889c2a95526f13ed37bc2cac6634a34b0
O48-79,EC1N83Cbinh08fb31762f39,32805,495303,fbdbb53dea54768a37dad13c7b2c325f83489f965f6842387f9c43e18cef785b
O48-80,EC1N83Cbinh49dc03e8a996,32803,495272,fd67945e47572e2aab05cf3b0f54d8bff7485ed6839c069403d5458b02550ecf
O48-81,EC1N83Cbinh65ae05108e78,32615,492453,a249d5d4d07636dcd9f898f005836e5131664e80bb5100470f2f3cdcb1d93239
O48-82,EC1N83Cbinh8c4e38b992cc,32938,497298,186f36fb5ce57bf5f8366b35c1ab22c816668bfb4da2c0dba4f8801771a11867
O49-00,EC1N83Cbinhed4b7aa004e5,32653,493022,2fefa63ada316c858470e77c2896de8a88ccb04d3d5bac7ce66f5525ec02da30
O49-01,EC1N83Cbinhfa38d2d1c77e,32746,494418,89e65c48c894c248f04df212ddee52179912b2df3ec294e4a9bdd96a0db958af
O49-02,EC1N83Cbinh76356f0151c6,32912,496908,9f74ae1a04e49aeb2ab5d2ca4437d5196514d27797f79cfc400f277b8da94660
O49-03,EC1N83Cbinh4a6c9b0905cb,32775,494853,0b7ff474f6b7caf1e234cde79a2de7aa26c3995fa41d433bf399535a7a14bf8f
O49-04,EC1N83Cbinh781a0f721dc1,33084,499488,649d089198f529a1c68780c07c69691c2a3607336d11c35f8592b6b4aeb61331
O49-05,EC1N83Cbinh7d384d49f303,32837,495783,6347134a715ab8880f192e748e2f6e9bc5d2db883e6d227be9d0d119f6e796da
O49-06,EC1N83Cbinh500ff714cfd5,32884,496488,4e6316b272a9be1c360bad23f834834ecf25cb82bdaa1b2fe5652501f559824d
O49-07,EC1N83Cbinhd1b3174067c3,33009,498363,6f748c49f745caf15d5ab578e97793763ab9330a55dbb58491bc46c80ca36a1a
O49-08,EC1N83Cbinhe099e5ac507e,32696,493668,118d4d2de55b01c6f2718e81b504556d28edd343089670366ff087b0e57972ea
O49-09,EC1N83Cbinha4281df92d04,32893,496623,b0728dc06fe3c215bb402bfcea7528cdca1c0c5242572aebe11faa699a89c7ac
O49-10,EC1N83Cbinh0c5b1be60240,32774,494838,9f7b7d5ab00c55f91de0f23f3737f3e9972dd0015eb3f3974be55de3a7f76f61
O49-11,EC1N83Cbinhbe295ecdaa60,32708,493848,cd1401774dfc9c368ff62c6dd1c822346d789999949fb71b94271bd3d9065b4b
O49-12,EC1N83Cbinhf3ad03cab2cc,32849,495963,9f620b76e1e6500cf28599a88dc740d76cfc86e93e515f860ce6455a33cdcdd2
O49-13,EC1N83Cbinh329c6dfee8d8,32685,493501,7107ce8226fb732a13cf3c13e08158e1a1887093f373a74a89c66f9d1444c402
O49-14,EC1N83Cbinh4b17a6a28b6e,32848,495946,165b331cfb6a64208fc6f1f783a56b8314acdb78ffd1274e66c994b094372dd4
O49-15,EC1N83Cbinh4a5dbe5feef9,32876,496367,bb9f7f178301af611e28d334c673c3f539e65311a2ce632d1fd46ff5cf2837c3
O49-16,EC1N83Cbinh56c1153d53f3,32743,494373,2cc9588ff02fec73603b4500ba36ff1273aa241e7c5bcaa7ce3c2ff46545aa68
O49-17,EC1N83Cbinhacd24219aad8,33108,499848,5485388aa0e148df905110402728c1e099eb767aa3f1dbcc235f956785701551
O49-18,EC1N83Cbinh71cd5284ea5f,32665,493203,b9e75536958da07aed3e22f9e92dbe7aa504cbb1e6dc9a5e1b5131259b703ae7
O49-19,EC1N83Cbinhea81b1448ca9,32525,491103,8b19e1f82363122c4bffefc15809faf81fcd3d3c89707d37aa5c71e48a10f814
O49-20,EC1N83Cbinh6142001fb630,33127,500133,5bd3061f4300f8bba411d2434885f4638df0899db0a214fda1fcf7094e348f57
O49-21,EC1N83Cbinh1e58d8858aaa,32775,494853,98a38488ff38cd258e5496fed143851558983156e73ff6c39fb7f337a80aca76
O49-22,EC1N83Cbinh0dd10042357d,32738,494298,0b14cb4b388fd7524f871971b1a53d0ee972a76432aa1803831b79ac97c1f500
O49-23,EC1N83Cbinh9dce993fdaab,32805,495303,677851a431fd2a511be455d5ed5be12428da900f21f9413f6291bfe1afc6ad86
O49-24,EC1N83Cbinhf67ffc498415,32856,496068,2dac1419d22110acea8ac555bf76db3db78285de694f2e065a8c1008366cca4c
O49-25,EC1N83Cbinh1b3db413b0b3,32624,492588,4f95bd83b56a54193e4b71eec1fdb752eb6c7231bbaccb0f65a3ca7d1a066595
O49-26,EC1N83Cbinhb8a38b7b4866,32785,495003,a3d979189a639b344fbfa1d8528ab79f01acfa48e6415f5e81b5418a56c867eb
O49-27,EC1N83Cbinh36e2e18d176a,32823,495573,9ec5a7ae5dd5ac31456aa7950bda13790cd72cf48128c1adee072864dd60a7dc
O49-28,EC1N83Cbinhbacb5e79c25f,32787,495033,43533eaaa41bbedfb9aedfa82e7cc9c3045fd52425621b5b2a1c2d97c1d24b54
O49-29,EC1N83Cbinh33e0487da042,32748,494448,06def582a5198ddef0b4e630a013a05217cbb68ef804282e2c9035a2df9aad1a
O49-30,EC1N83Cbinh0e554cd46f5f,32781,494943,d0aa1e06e8b0406a8fbe3c169b401870c6bda622bcafd4280fedaeadfcb89e1c
O49-31,EC1N83Cbinh54838851f090,32827,495633,912c1d16e69b10066ec597c632821cd3f2df43adca5da1028ae422fd39438c86
O49-32,EC1N83Cbinhf9b548164b77,32769,494763,17560dfc548195a6d49d4d4699912feb6eb281e14336fc432f7546335e763b44
O49-33,EC1N83Cbinhba39d3485ce0,32905,496803,b2d212dd5e1eb5b26df069b2af6239cab7e0c84a44680ff21aecd4238d7a758b
O49-34,EC1N83Cbinhde69db3ac056,32712,493908,41295ce1528ce4302581195f3c27a4652a31612c6e805e3f3509e2bf569b8824
O49-35,EC1N83Cbinh9e350a72d7da,32864,496188,94ffeb88d426098df7c97ad0ffefcf2be1c5d456b1459301cf75d6f0cdff7dba
O49-36,EC1N83Cbinhfabbdac0f0e4,32940,497328,7fcbd64cc9a2e9185b1d6b97861134e54c99f6a7ae14f31015075a77e25fb607
O49-37,EC1N83Cbinhb9d69587b53f,32750,494478,84ea675f19349e6d4b6dc6e4bcae9cfc0be91044c8d6bc36491f20718e6cf736
O49-38,EC1N83Cbinh6299e43beb69,33008,498348,c1628e1da1c13b06444d2a2c229f32356fd342dbf37d95afe947b7ae79f87ead
O49-39,EC1N83Cbinhca6ce3de36a0,32834,495738,8713c8c9ad6e89b81d162f6cc39e6aae18df29e20e640f3eee7aaad9e52e0439
O49-40,EC1N83Cbinh63a960301fa3,32704,493788,0923b641ad4f42e584197ea9de55061757fe80756df3ebcba93f0ffcd6690ad7
O49-41,EC1N83Cbinh3d437b4ebb28,32727,494133,14e287f62e4d9f4fa74e069c9436bdebf8ddbe593a2d0306413ddf0e17b5e814
O49-42,EC1N83Cbinh0b561c5e5a26,32840,495828,93bcec9db9bdc238749db45c60ebb8da804142df911376e1dc5549695087c0b9
O49-43,EC1N83Cbinh3b3705728291,32962,497658,07146f0ea18757af35d1c847e353e65366c5053cecf8e60a646c458f3d0aa62e
O49-44,EC1N83Cbinhf946ae90b482,32813,495423,85467fd6300f34dfe5c302dfa84b056903e99ed6b4386da1351e44f4d5ad0812
O49-45,EC1N83Cbinha06c1847d961,32831,495693,0c4e63ee6035bb0b985054afafcd5a5a37e61b3dc9607ca2d5963ac5881ad410
O49-46,EC1N83Cbinha6a1c77218f9,32758,494598,7b9726c181fc74b23eb8ecdad6ef70b2eb80d1d398e12d3b4a952f9730ac9db3
O49-47,EC1N83Cbinh4b773ca643f7,32828,495648,2dd0afd80101c85a40c504cc69149d6775ada7085a6abc57289073f9c39ea523
O49-48,EC1N83Cbinhd626010799f8,32798,495198,4c430d874e4d60d5a49ba80ec957eccc8e176e0c53306ba7b33e323c28aef85a
O49-49,EC1N83Cbinh1c4abc73a422,32723,494073,36ffeade7638847c07a5e896db6c97e984c1eec2385b78e50c3a5c69a8412763
O49-50,EC1N83Cbinh1a3b9f1b0181,32745,494403,461e13d7d754f2f339bc4599ad41b5d8bed290a65d3a737fb843e07314d7d3c9
O49-51,EC1N83Cbinha0aa7c30e7e6,32764,494688,2d638dd74e4df03a6008e2245b6a820708a64b3060a27bbf8a6e45e31b5c7932
O49-52,EC1N83Cbinh17700891c1f7,32755,494553,67346db72e637530821aab7e16d294a90c0ec5f73e4c100be266b9bb5dac74ce
O49-53,EC1N83Cbinha4eb75aec8cc,32796,495168,f0dd5129d2a5c01c69a55f4fb480a299df5ee644156da5e5563826c66ecf13c8
O49-54,EC1N83Cbinhe556add7a28b,32803,495273,7abcd9e89d075473f6596b94bc120a29a7b9055fbe9ef2c9d3fd7237e5dcfff3
O49-55,EC1N83Cbinh8d604a5ae732,32987,498033,0bbd37299e1faa92f0869f3eaf968a85158056a99aea5f3236e6177e8cde6488
O49-56,EC1N83Cbinhe9218d0ac62b,32709,493863,295aa46bb62513c8d63a1fc021130399f78ac0fea23332165749c5920b4dec44
O49-57,EC1N83Cbinhe8ca23f84b8a,32989,498063,28a473eef5408faed1dbe5d7db1f5827b3c0e60143aac330ae97a0cd5a46bb35
O49-58,EC1N83Cbinh360006cd8656,32878,496398,11ab36966f6d4865af8714779ac8c77a3e4b5f7ffbf92c40b91f8e91819bbdbd
O49-59,EC1N83Cbinh8fa76be0261c,32798,495198,f9f731b0573861bb1c1418b73b7cefe68ba2ad87018a95cc03e9e8c33181622e
O49-60,EC1N83Cbinhaf4932a2bf7b,32888,496547,e9446b968c1613351186ba6b47975ddf0e0f76bf0b155624d4c270df3ac0e9f8
O49-61,EC1N83Cbinh86d34c9bbe9c,32665,493203,25294a130fefb7c52767ef2bf5a3c2e0852b3e27b9ec4cb991f90362749f19fc
O49-62,EC1N83Cbinhb5c6b5f7ff63,32732,494208,0a225cf60f89c86b1629d6745a38dad74da890e3ec09d1b560daca042feffd12
O49-63,EC1N83Cbinh83702377568c,32755,494553,03736e70d8ef1b9ae06fc32a15c1cb42dda736f04bcc1e6fe9053496e2a13942
O49-64,EC1N83Cbinh3c25e0f02b80,32667,493233,e45a70c3c8e7de8dd9d6596f7068658bc91df67d4da9708ba61341fd8385f840
O49-65,EC1N83Cbinhf518a075fe74,32895,496653,ba25d3d204d42d39dd7a8cc4da0cc09a972ccbe3eed92df340defd9fec5b4f9e
O49-66,EC1N83Cbinh93483aada1b2,32789,495063,140a712a8a078cd127f2aba16e1bbd4b115c389304dea85fe8b5de0b78deedaa
O49-67,EC1N83Cbinhce58899eac35,32857,496083,e1cb10df1fcc8b9404acf80559a06444cc879f4ee874ad14cadc4959854848c4
O49-68,EC1N83Cbinh18890fe07435,32514,490938,92781d28af39ddbd25d4c13e32865f820156359ccd78d4c169d4a2990b3054f9
O49-69,EC1N83Cbinh41ff36f7c469,32883,496473,109b9a5607a5ea8308ad6e178493457167f55dbbcce55476b5a6c8e9852665bf
O49-70,EC1N83Cbinhf71c41487059,32743,494373,bc763475e6775b9749c6d5596faa808bc84ecb92e647996932f0d7db4e236e78
O49-71,EC1N83Cbinhd15e210c702a,32800,495228,b95c3e75c137061af8d431b1f7ae1e462daf2ea4154df22aee17332a19a1ae30
O49-72,EC1N83Cbinhe4ea358f21fd,32699,493713,9e0a8e061e0215a5e89b8d555914d7081608c4cc108228892cce1d5320d9821e
O49-73,EC1N83Cbinhafbd42dc187b,32676,493368,c5b0bbc079bd06e97daa97a503425660e90ebb7a0ded365903fbd366b2e5164c
O49-74,EC1N83Cbinh3bae3c804a78,32649,492963,938471e726b27fbc20a5c35e283e25994b8f0a26fd2a5b3db8b142ef5ad289fa
O49-75,EC1N83Cbinh0eab9a0df68c,33026,498618,7f6291311e1002aefd4c2de27d3e4fed8c9068f2fc8c90bab0056dd19dc3fafa
O49-76,EC1N83Cbinhde44657fa550,32651,492993,f8c1d70dca5538201b3a2820ad3a2354dc96e7c796da52ed58fc1982919f53a0
O49-77,EC1N83Cbinhcce498a54c1a,32936,497268,e38650e3ac0ccb3240773d811d97c02cb4f91d19b84f375349d8ff127c3d35ac
O49-78,EC1N83Cbinh055ee3a39f78,32764,494688,dcdf0518911fee12b3e7c30336d19ee9f3763fa0aaa39bd5cfaa838306080f24
O49-79,EC1N83Cbinh882bbdc6368d,32716,493968,93ff888da2b58a12ef3fc17a29e6722972dfae199f563e920ecbc58d8ad94759
O49-80,EC1N83Cbinh02dba24ad5ce,32987,498033,be04b9ef780946f0f9ce566b0d5397759b58a440168a063a9c54d67038a0ef09
O49-81,EC1N83Cbinha44837555fb3,32780,494928,184a45f8039794f392bc510db7484773c23e3b890f3d7e6cb962fe876778f609
O49-82,EC1N83Cbinh0b3106a7b932,32680,493428,bbd8bbbe7d7ad5cbdc9cfe1b4da58069f5b499caca78690df1452779ddbe0dcd
O50-00,EC1N83Cbinhd7a599faa804,32559,491613,b3663b2de6dfd52c8ba4161aa0de6b18173f81b89295662f99a916e4eb89b958
O50-01,EC1N83Cbinh39d31dde1483,33045,498903,7d06aaa735709ba8f07bfa80cb0ef0b6a478d8eea0b3f534922471dbd05d470d
O50-02,EC1N83Cbinh9dd643787831,32849,495963,beee6f9e2d19564b251e75640bdccc091464054269f3bcac77d7b98c04d3b325
O50-03,EC1N83Cbinhcff032828444,32875,496353,b473f7da82680f5648a61432dbabf33c5108d6452cb0be8bfed01a2af161ef06
O50-04,EC1N83Cbinh4724adbeaa16,32759,494613,52fd4be994c1f6f9e6449c97bdabd3795ed9ab88c4632392077534499e0cc01d
O50-05,EC1N83Cbinh35003aa875ba,32733,494223,2b60d0009844c22cf039f5bd7e4b17f380d368c05b89c12e3020ced1beae16fb
O50-06,EC1N83Cbinha06596e1cffa,32724,494088,22c8e513ffc015fabc24656476da1a52b3e97329aadc0bd6753038346a90dfa5
O50-07,EC1N83Cbinhe869bf696443,32901,496743,5f9d6ccec9290e35907f52be87e14f9c17c4a619b9ec95dc4bfeaddcb9b887f3
O50-08,EC1N83Cbinh86ffa9eb37d4,32849,495963,2f0f9c31d38831988e0dcfb44efb871805c1ebcb4d24a672cf3280a5e9f4f197
O50-09,EC1N83Cbinh12b0861bd645,32914,496938,d0293826c6d6e493b26edee11c587951b2f8e7d6d21bec3d527804c048ed1ec1
O50-10,EC1N83Cbinhc5876ee2f2fe,32698,493698,da6c4a484d6db66ba293388f2f616abd4d6ff504532fb0a7dbd1ca7a42e7ed76
O50-11,EC1N83Cbinhf81ff6eb8def,32906,496818,94e8480c31aa6f72ca0cfaa30bb93c845137b31cd06e213465420210e558048e
O50-12,EC1N83Cbinhd128679bfdda,32946,497418,5020df61421f01a12130f814e1058158f4df86df1ba18535934e094a14fae597
O50-13,EC1N83Cbinh6295fb3f8e5c,32869,496263,437603ec8173bdd9817771933063cf9f2670f4139d57e818633f0d5074393733
O50-14,EC1N83Cbinhe2699ca45b4e,32796,495168,465933811febc4f24eeb9c94a7bab04a6fbea5600210338d000c727d7dc437b8
O50-15,EC1N83Cbinh63832aad42b4,32883,496473,89e9567b9000a781c4584c4006d2f375f3a6ab7d0c521ba46f3267d5eb8155e1
O50-16,EC1N83Cbinhbe01f4c694a8,32828,495648,f2ba159f62ecd3460e3f6cbe8cedc901c9999ed6bd66d4287c6d7887dd2bd549
O50-17,EC1N83Cbinhe84afe9daec9,32792,495108,a3dfa7de6d93be56024a774c1396217437979c2ab8f0b5c5acdd533d3f750e66
O50-18,EC1N83Cbinh76f41c0f056f,32722,494058,4bb27e96ce78f3d093202352381d465f227eace5f10fed66cf874980805f5b32
O50-19,EC1N83Cbinha580cd2c2ad8,32697,493683,ae2b4d067110c81470b0bf30333bb70b2ca723e04bca478bdd11c7ecf7b78b08
O50-20,EC1N83Cbinh03ff8553c85b,32471,490293,c3aafd73dcebe22f54bab2d7bdd5e0d523110c5c89e13391ae7b0d6f460e86bc
O50-21,EC1N83Cbinh89a12647d9e0,32753,494522,52ccc077c519e3726775811df4dbda1413400f0ec174d38113b65635579f61fc
O50-22,EC1N83Cbinh16d5c8f2c3ce,32694,493638,a08617bc35f3aa45ccc1266a7232e337de2df73281eb52be01bfefc6ca857d09
O50-23,EC1N83Cbinh4f4d71af6c76,32535,491253,aa9878800895c805e0c5df58f73e5997f2662439e9810ca6d95cb676efdd09bb
O50-24,EC1N83Cbinh9ee49af2cc3e,32667,493233,80f034dcd2aebcbf9c5daa1e5a6f119f5fabebd0e802f2635f4edf0ad9115c20
O50-25,EC1N83Cbinh3e92f86bb81f,32789,495063,d237cb60481fe24e62cee632473d6d5d1eb2597a35dbb957f18f531c0912ea0b
O50-26,EC1N83Cbinh8e65556fc677,32663,493173,41ed74fe754ba3f7474b513a7538bc020eae739ead7fafef33b2d1782d6e5c8b
O50-27,EC1N83Cbinhd1a9cc93f735,32831,495693,3dd04b4925e9813fe027942704572ea2b3df70d3fc4607eaab42df58aa6b5f82
O50-28,EC1N83Cbinh6548f4674c17,32720,494028,99d86ae96dc5e4446ef54da3fe6d0a81ddfb034fa0af797f4491f2eeca1ab586
O50-29,EC1N83Cbinh6b6c9efcb4d1,32870,496278,d13910d18795c336cce22d1a292ae29c57c3bd2d9ef47ddf5e9cc06a77eaa86b
O50-30,EC1N83Cbinh66a828a31cc4,32619,492513,fe0255ae1bcd943fc27cd600c9cbcef075ae06c57f1bf1e9fbec40828bc10476
O50-31,EC1N83Cbinh335931f8f798,32752,494508,1f52f3e5d84b917e895704045c285ce76ebad0655581f7d23d0fe0281a1618e2
O50-32,EC1N83Cbinhb30dd7e87f23,32636,492768,8221c727d4db92f75b491660ca8db8996476103ca3512630f3b7e7316addad4e
O50-33,EC1N83Cbinhc6e6e4ece2b1,32839,495813,799e031311c3dcb46a43b2afb7b1a81b6fbdf36cf383a75645a764f0d7a1f817
O50-34,EC1N83Cbinh693d47d0c58e,32962,497658,bbbcb6765abed4394663d1f791c4577456329843f4729fb9b73ffbe7fe51c5d2
O50-35,EC1N83Cbinh317ab18698be,32570,491778,2585a0ffdf176e8e307d91ffe6637c78505f58cccfb6062c6173d28dba459f66
O50-36,EC1N83Cbinh362276cc1d9b,32899,496712,05726bdcb7d9a1674ab6aa0515b2d8a9a93c834ef5261a85ee9a2db2d9fe8bc7
O50-37,EC1N83Cbinh349bed47974d,32556,491568,2af2d1bded82c3912018bf2a2fddf815b81ca070b1504c320495191c8ed4fc63
O50-38,EC1N83Cbinh92354e3fe335,32658,493098,1981384ac2adf08dbf0041cf1177b24ae34e6a28f5e2bacab6a4708b2b521f79
O50-39,EC1N83Cbinh45020045478e,32765,494703,0c1e96af43b6c0afa315dbb933eea0c71a429cd084ba34c88b6325d9df051b66
O50-40,EC1N83Cbinh4a12c5c0ded7,33037,498783,527c2bebbd56a94611150f54c5a662dda45826cc88c39aa7020233c73f57a8c6
O50-41,EC1N83Cbinh5e75e646ec43,32769,494763,aba881c3092bcc3581f91aa47854118ad22e7c62e12f5f109edeb812af9a6800
O50-42,EC1N83Cbinh00d732822461,32718,493998,29cb3e61f71719805318cb181641d1c23709a283c61e2d13f10a248ec07574e0
O50-43,EC1N83Cbinh8b14d7322219,32694,493638,0ab0d03d51a6e1310f19eb3a6fc9627aeb80082ed79db591946b5d20b38d7500
O50-44,EC1N83Cbinh8b9c95b5cba3,32778,494898,5eede74acf2ad95e1037ef4deaded402a51a6cda03551579cd940a121fb924a8
O50-45,EC1N83Cbinh761bc37eb6a3,32983,497973,de6ac48d8bec33c711568ec0797f21f45aa0e37cbe26f2f82ece57c88f5f99b7
O50-46,EC1N83Cbinh0e31807c0fe3,32799,495213,8e6a124a2aa5d6b8a8b06b66eb51d3038123a33ae9f5d7cd5ab9b93f2d323ddf
O50-47,EC1N83Cbinh497f1ef293e8,32993,498123,f6d30762b9e78a874732b3d8fd2fbd5b06fc319be1263ede4e14b497a51cbf4a
O50-48,EC1N83Cbinh0ae58f6b8373,32842,495858,96b9ba1c3a4ce42797cb0b273af49953232a440b3803d3ff56649b03c6cd0c04
O50-49,EC1N83Cbinh22dab7a00d36,32898,496698,9af44250166d169148ba4d3b640bc540672e948af241e6efef25b985ff9c3ded
O50-50,EC1N83Cbinh02487a8b5522,32744,494388,d083c310f61c40a72a2d349e58c09700e5c34d997c6ae0a335153047e5913e9b
O50-51,EC1N83Cbinhac54de3ea698,32847,495933,3fd104bd8d3a22e240c18d838a3f4ab335067d8e661dd7cee17be3e05de6a952
O50-52,EC1N83Cbinh76491932bb5e,32900,496728,acc2c5be3659aee9c8f77459d4dee987968c3aeb9b99d06369526fe374e86b07
O50-53,EC1N83Cbinh2931529eb293,33025,498603,4abd669669318df24ef26d9aacb16d4acddbc38bbad96a14a48515f8d8c62d39
O50-54,EC1N83Cbinh78d2fb326b14,32513,490923,527f6373951a57dfd4473520b9fb81efe48b5db56ea138294afa68507ccd80d8
O50-55,EC1N83Cbinh3451e1403684,32709,493863,bc3ac3a7e0b6fff3964a227e8e4e926c82743cdb9826c0b33226e3c6f0380a91
O50-56,EC1N83Cbinh27b6d79d695d,32870,496278,cdd2064e8660056372e069a6240a71f37e496d46e04c62219f2a58291c381f56
O50-57,EC1N83Cbinhb197ff36403f,32764,494688,5a6a3ea9253f54a24c1dd1a2052f23e380f618f6578643c1647c931bd8911048
O50-58,EC1N83Cbinhb4efdfd814ed,32730,494177,a4ed85f99ffbaaeaa4ee44300a47092aa619f7df6022d50c72196f4c9ae81156
O50-59,EC1N83Cbinh5b75d3837024,32665,493203,d8c50f90a3e669aca0758821f91f8610075d3a6f49fcfc3fd953ac6a03cb62f3
O50-60,EC1N83Cbinh34c4c29e62ca,32635,492753,39402702b7b8504e0d8c8551afb5f751f1765de85a7ddc18ac848e2f545a54d0
O50-61,EC1N83Cbinhbb4c65b15065,32745,494403,1977e541aac162e0c9d4579d8a55ecaf7c02cb39d0f83bd136665b68334be3c3
O50-62,EC1N83Cbinh1aeab58781df,32813,495423,18655546cf360f7a53aed47932431c8b7ff93dc5a2a91635534b1804e75ef10d
O50-63,EC1N83Cbinh47ea3b703bf3,32886,496518,9750d61d3e1c3d58258b2b6e75a021b5969e6730e1b02ead9d5b2c62bdd6b6c2
O50-64,EC1N83Cbinh587c2a64c388,33079,499413,2bd3807f8472732e1600b1e494e06cf9e2f63024d75aa12e1dbb6097c0ded70c
O50-65,EC1N83Cbinh6a1f135ed076,32817,495483,700f5e8f1fa8dff492f3bcc1b51dffd50c70982ea37e034b4e6285213f022719
O50-66,EC1N83Cbinh3fe6e0053924,33100,499728,522645677b6c48b7394bb8272acc812c49c321570d8eb916fa505e2a8de72509
O50-67,EC1N83Cbinh5fa898ef396e,32769,494763,021c65937d60c231ecd132c6655d4afbe1caa019e5a2e1af7b8261477ea7500b
O50-68,EC1N83Cbinh126b553f60a9,32872,496308,c42178e496cf65b61a0d799a8812c207f3d2eefbb22b25d4284a2561d5f50edd
O50-69,EC1N83Cbinhb5ef27b7b467,32790,495078,3d4c7915884a8caf227e2aa809d706337ce3c8be766f20108a0f967fcb52bf78
O50-70,EC1N83Cbinh6666f4de54fb,32721,494043,d85f73932142c400c0d824b07b1b76d23d3f93d26e1a588034cf3f90cdf050d8
O50-71,EC1N83Cbinhb0288d69bff0,32742,494358,2972617f61d1e67095ca0847de8ca4c5f61d10ada416c9e212232e7d5362930a
O50-72,EC1N83Cbinh5f618eef1cca,32883,496473,3b914c81f2d4cf35fe0dc386439ffb2b435042d490cfaa593327b837c70b9033
O50-73,EC1N83Cbinhac473f712fa3,32855,496053,15981af23d01c1118897d41b140979b6bd46b3024f1b8fac7e72243cfb158087
O50-74,EC1N83Cbinh5000a75db219,32598,492198,58154e609fee7972736c0394bffb9b5d553be01c08407362e4b783074b78005c
O50-75,EC1N83Cbinh570ee1f5d9c6,32672,493308,bb0f25224dc5b88854c5abe86aec1e6fcb44e3c3dd3dde9668f12e6e1ee9368a
O50-76,EC1N83Cbinh2b41d8172bdc,32626,492618,9866cf17117b4ea6afcbf857acff1b572b9823eb57dd1461d166f195c1477c7b
O50-77,EC1N83Cbinh383a512d01f9,32661,493143,44d8f48840d904c10c9b9f60d2c5bdfe48da135e64e0c48a0eaee5b59752cf68
O50-78,EC1N83Cbinh2ed795769f38,32749,494462,84f05640168c4bfe9a46da583ea4a3c657a6745c6e6c1eea91742224508162ae
O50-79,EC1N83Cbinhb6f6baca49e7,32789,495063,a1dd6a88e7671c037c62ed0a37ab001a60cda3e823704d0bc02f5b5f2b6941c4
O50-80,EC1N83Cbinha9df38c39321,33055,499053,f315f76f59e7c947f03a13654eff0ea0936e02321bc129441a655b2b53e451fc
O50-81,EC1N83Cbinh7c700d3f0b98,32705,493802,574c1957217cf1ee306e6194855f128c7e649d462c1ab9f0350c533640a6536a
O50-82,EC1N83Cbinh3bfbbd169b43,32884,496488,bc70691e7f032eb538b055fb1a758261e7b0da82d0cd43b11d1c63c8c1c7e860
O51-00,EC1N83Cbinh70fb98e6fb33,32777,494883,44251855975ac66ce530437eca34f3b9ad2f7f5dd06963ef201981d839a79fae
O51-01,EC1N83Cbinhced188fd42cb,32789,495063,8d7a69d34a6fa1dd93a2fcf58ba60af7ff77043d6caec0d5d592938f43523d1b
O51-02,EC1N83Cbinh206226dc3c25,32610,492378,12993c9609d8ab738daf022c257126f56d516bc202d508f1d8716eb90c00e4dc
O51-03,EC1N83Cbinh8e06e0a19003,32803,495273,c07857ff8f094da06350480c6f189ca143ec2013880308faebbf89f3e0674742
O51-04,EC1N83Cbinh7493dafd11a6,32851,495993,6d92e37c9e62c745f93ce1b117b38bf4040c9cf9b0a25aede995b8a3027f25fd
O51-05,EC1N83Cbinhe7da36e0241e,32880,496428,ad16bc4b0cb036217f05d25f0f4d801621be4dc8478923e8d7e076feb8b95eef
O51-06,EC1N83Cbinhc37279e9577d,32804,495288,9fa5467293a3ebe872c11adf3beede278c696c632ab9ce0edb42df403696aa64
O51-07,EC1N83Cbinhbad835473b99,32776,494868,035cb9ee17acbad74b5c5b4211c244a9f6c426e8800da4ba0ac4ce2d273dc317
O51-08,EC1N83Cbinh6c41526efc65,33040,498828,9cdaf19586fc2283e374475df99a17b6f1b964c009cd973d2ca4b423eafe0e84
O51-09,EC1N83Cbinh69ae604ffbd8,32603,492273,e5a8a1674c6e2c1fc8041fbc91a08015d2a0fe877a36423e160c6100348040de
O51-10,EC1N83Cbinh613405977952,32719,494013,d0ee46245739b7d4db59a49e8b1c2d578c176219e8007062948581d510343492
O51-11,EC1N83Cbinh75df9a89f4f6,32797,495183,9958604ae24f5264d97c482cefa91be1c71a2d530a166e1812fa7a2643cc2c6a
O51-12,EC1N83Cbinh8fc40ff2cf7a,32714,493938,0a1040cbe58cae3f81c4d3580765161a7c3355337a30403fd21ab7ae2777f5a0
O51-13,EC1N83Cbinh86d26b17fe03,32629,492663,7f3097af767352d8fa1704ce22c124d1fa944e2475f3866e649aa84b9cb13bd2
O51-14,EC1N83Cbinhd41a2065b8f0,32890,496578,c536b582f5c2c00e80759a45403a5395894f286392fe20bec176c20cfd3987b7
O51-15,EC1N83Cbinhf7741af953c4,32809,495362,20bd09daac661219540f9300cd7877067630797cf25af3ae77db2d06a2bbfce2
O51-16,EC1N83Cbinh6db843fbcf27,32770,494778,ff179ccf02b5499d917e9b9796fafe4011db1ad21466f72bf35889015736ee83
O51-17,EC1N83Cbinh719a286ddf3f,32758,494598,a3683c621ed72b426ab7a774265b541ade1a89ccb60e853c950bc7f6ce80232c
O51-18,EC1N83Cbinh6b00ebcd8def,32756,494568,01d65d1e3a10bb3ba9ba7b5b61068b60890b2736f86ab7fc8fef7efbcb5289d0
O51-19,EC1N83Cbinh4e5edd612e64,32749,494462,680d168edcdfca2b469711a306c89682e4df3a1221420711244a834ad6520980
O51-20,EC1N83Cbinhad82858bee8a,32847,495933,1bd58fbe4e7dc9b8d045dad45fca2480a28eeb0d97e891edcc0d8aad0f62f1a9
O51-21,EC1N83Cbinhb991325cc999,32817,495482,7c31fc2848966d1527937247e2efa1700114733587759d1f4124191ffeec21c6
O51-22,EC1N83Cbinhc988befd0e44,32725,494103,cd2927d994a95be1129a0a5d2458e3f6257f2851bf9ed403584bdb28bac57eff
O51-23,EC1N83Cbinh33b5eb037ec2,32709,493863,5adeb992e57b20803afcda91229888145a65af1439c2649f9b98f617c0d0935b
O51-24,EC1N83Cbinh333922bd44f3,32798,495198,067bcdf3a2c75e79fd0b77632be2d6226a402d99da0141983645c712840606a5
O51-25,EC1N83Cbinhf81deda0f66e,32929,497163,2d17cab39246ed88058786d2f5be1dd13c989bbaa26492b8a891dcb1f0f13ab9
O51-26,EC1N83Cbinh2ba0a7b09e50,32615,492453,2826f15a93217f1a07c5bf22f062e1f5d49ac2cc3ea904c1b16b3481548dcbd0
O51-27,EC1N83Cbinh7fd91cfdff7f,32633,492723,e1a6ca7cbd618f719ddc69f67889158dd5d68a0154693d2cb986ba9b7e329424
O51-28,EC1N83Cbinh93b8f9f5aba2,32473,490323,35a829a4142ad212b2d8e6a945fad6ee32899474c126e161695a3d9ce11746a0
O51-29,EC1N83Cbinhc41ffe7cf861,32676,493367,d2c8a958e88729796db021900c2ca7894f1c7b3a445be94c24ea1ad35fb1fe36
O51-30,EC1N83Cbinhb719768695b3,32895,496653,1472aa9763c045d48b81d3a8516d32f856f75a8b28a0617002a8897d107fe06c
O51-31,EC1N83Cbinhff4b8f87d40f,32597,492183,73212e2bb53c4726ce678ee6040632c9f3493aadb8d115eed495398a086f87bb
O51-32,EC1N83Cbinh6acb45e94d90,33071,499293,1fdd54a4fc999e939293d5d16b57c685496ddfb8b86a1601b0ca7bc896f9bed5
O51-33,EC1N83Cbinhd92ee4223de5,32971,497793,edaba98402990459661bf2925a10efa9b49ddf13106b865e518ce77cb0832183
O51-34,EC1N83Cbinh3ef5225c7f98,32907,496833,b72101b6a148962e7c8249a8eadaa7f50c8559f36b33cc6ac31f4eb4c50b7c8c
O51-35,EC1N83Cbinhf9abd6f485e8,32844,495888,0c5e0a663f0d33c35ed7ddf211ad2714f6e20ebb88fd237abd79f4f4f0edbf8c
O51-36,EC1N83Cbinhc733a7ebe8ac,32864,496188,9591890775b8ee7be564bf3183869fbb02e4f6b6a88cb3117470922290bcb7b1
O51-37,EC1N83Cbinh5646926a00af,32833,495723,f05670614e0e2c6172fc9a7ba6b8ff32434181a9f77ca069047a074e41ae55a0
O51-38,EC1N83Cbinh3e64b68ebe4f,32705,493803,d3b9a50905d71157b558a611b2793b073ddd6ba0a51991e3b5a9f100efa7faec
O51-39,EC1N83Cbinh07875b0dca61,32644,492887,555780a0fba3b4eb56042c89bd2e5eb88603b06299ae2c5eee66657e809e977a
O51-40,EC1N83Cbinhfea12c75c2ac,32913,496923,a226e0c7703dcb6e0ec54ec2e654af2a8bd4ef7102a4e537397c18e4e4a18cb4
O51-41,EC1N83Cbinh95d4584f2e2b,32701,493743,e0df564e2a1de7adde2fddeeb1809061958cead6cdd4191a22b97468432434f7
O51-42,EC1N83Cbinh892886b10a2a,32811,495393,aa1146c2a6adaa48f046491913dc4f9e414898482797b544cb25688f4093304e
O51-43,EC1N83Cbinh13d98cd6b06c,32740,494328,2871a64693dfbe0748e49ea921f0efc1e1804d19768f94b5a7ccb6cbefbb576c
O51-44,EC1N83Cbinhef73024924fa,32790,495078,da34ac852b6a9b13ffa72849cedebcc421ee0f70a92f94beae62ee0f6ee56612
O51-45,EC1N83Cbinh65c711c6b9bf,32985,498003,a4c8f3ddc6b027124487138ad079a15727d7a83f75dd1de6912dfec5d5f36057
O51-46,EC1N83Cbinhe6320ac051b3,32853,496023,7061486dc3564a5e0ebaf2196b62e1d4f42a760561a60d058d7fae3a5b8f3754
O51-47,EC1N83Cbinh4c1d6c15a32c,32805,495303,2a1481b4941e9f3d070fc34100deaaaed15da94a3f7c482077903d75162c94ec
O51-48,EC1N83Cbinh0d3c8b71524a,32697,493683,96777e3347183f67ab52bbc8918c727793bf63d09ad491dcc630e0142cc2fab2
O51-49,EC1N83Cbinh1b3d9e2efc5e,32714,493938,9e5f6749200134e8d66cfbe828e5bfcd7f3f95ba520779de57b86e3f9396e1ff
O51-50,EC1N83Cbinh08972fdb4670,32754,494538,f11d25285e0d2b03fe74610fc6b42d7a3584c82662f46468256226332c6c8311
O51-51,EC1N83Cbinhf0b42c34cbf5,32679,493413,7beac52139b82a2d35d6951ed994dcfd0ac9002b23a0603ec2b9e06c5bad891e
O51-52,EC1N83Cbinh3dff0f66a4d5,32528,491148,2237ec62f13b4f37202827b0b03668551afd2a6165f0a24269f1d39f9840b866
O51-53,EC1N83Cbinh66201b9f2de6,32920,497028,b8508fdc6195330084f324422694ca92186a61be037f180502f1f9370e729a7e
O51-54,EC1N83Cbinhef67f4b4f4b6,32859,496113,e39e5f3852fdb1c3fd54c7ec15507aab1b7f58b9a6a38d15b36018e34065cacf
O51-55,EC1N83Cbinh15358aed0b70,33026,498618,d22b8a655f98ea98f0dee396a70a4dbb30da95d88bf98de21f28518446f73f2b
O51-56,EC1N83Cbinh32e2d4ea8ef2,32906,496818,1f63fee0b2bf3c45a4652570a0dc60a905892929554e0d50e25936d10aabba0c
O51-57,EC1N83Cbinhfd5000fc65e2,32756,494568,40479de0e10dc40a74cdf9d85f7baf2f07fbaaec4d05397a669fb463376bf137
O51-58,EC1N83Cbinhea7e6eabcd8a,32772,494808,2d4c8d69b3e3bd764c19726de102f8504459dc2505fce3fe5798a755810fdea9
O51-59,EC1N83Cbinhf4879983ec50,32794,495138,92563959f5a3482b96035d771a2521f9396eb8b9b07edbd17e653e84ca855c37
O51-60,EC1N83Cbinha68722890db0,32659,493113,4e16bd35d726d6860ed7368a20874689900831a0ef41db6752a54e54bea13116
O51-61,EC1N83Cbinh554f02fa6500,32923,497072,e964e243bba976c9e7cdfa64acb928ec6bfbddb84d7d49e5d01c3e522cf7e079
O51-62,EC1N83Cbinhd346bc8aba56,32798,495198,4eb8599b30a6a6e18957833b9162910b74f200c622f796007db6c64a211ddcc5
O51-63,EC1N83Cbinh9ec650ec754a,32748,494448,65f8198c7283adce2c524f3d2073078f18facb832a6e6e370058146480662f84
O51-64,EC1N83Cbinhc7e0b5d3b91c,32656,493068,8b3c693b06608f26c785828e52e1e2b5a50e45e54fe4a5ea47edf8453cb92551
O51-65,EC1N83Cbinh39654b2d399d,32663,493173,136f6af34147c457dc5975b5e4b0391728bcbb3f87d0a0cbb1071f0661147720
O51-66,EC1N83Cbinha3755e257b46,32712,493908,749189cd104ebeb51e3a2fa89fd54d471501e0feec64898e371c72a172bdec44
O51-67,EC1N83Cbinh42014bb529d5,32874,496338,2cecefa368afb3f23e6b101969f7d653c86f17d4bb8a62e645ceac51d9b1dbde
O51-68,EC1N83Cbinhf93d6f581097,32979,497913,8568ceb4cf5f6203c786221f7f3bfeb6f60439a7935dc6bee6a38677455976be
O51-69,EC1N83Cbinhd91c029b766f,32789,495063,ad9d5458f3e9fb95d6c7bc4ef2ce0508984336978758b204a9f78db89f98d690
O51-70,EC1N83Cbinhe6709b859cf2,32699,493713,78d2ded0633ed18be012e6ca58c586ceb1df6f4169b551f305b1112404848c3a
O51-71,EC1N83Cbinhcdc801f56546,32800,495228,42b8d15eed6869bc27ca42d5da00204e698e7df5d18816e089115670cbe59805
O51-72,EC1N83Cbinh99504e76c230,32854,496038,607dc35a0ac678256a1a0fc04ecd9a4198fc2a3ee655d7ead1fcc6339791371e
O51-73,EC1N83Cbinhff17cf63d0b6,32990,498078,ee5c32236d9f64291ae8560ca08e876eafa2ffea89cc11c22c9e8bff875c96d0
O51-74,EC1N83Cbinh93faf86b98f0,32646,492918,14a5e8ef0345880d718a9ec304bae97d17847c8aa5bc10ebe244292be7628772
O51-75,EC1N83Cbinh457f1aa06afa,32834,495738,0cd85be272c52071e653269f471352c073f3bd27b3a60fa33cc1691ec29ae98f
O51-76,EC1N83Cbinh5b3510c9eebf,32969,497763,07b7cf4417d3594d6d2fb996a308a00676febab172204aa85c9713bedc795257
O51-77,EC1N83Cbinh9be9705865b6,32828,495648,b60ae7444462d4c18dd97913369a219b191f8f503b0a315d20e6486e2521d979
O51-78,EC1N83Cbinh7374c9b600ea,32850,495978,909e7f60d22631c47faeb22698c0f7a24e95de4ab5898adc7dbc30d8e542a6c0
O51-79,EC1N83Cbinhc518599aec29,32556,491568,ff058d080b5caeaf8d4149c13f99015442de2d47c8a2ae463db38e36715baf94
O51-80,EC1N83Cbinh66ec3b46615c,32921,497043,794cb1ecd792029fb22219a5a56d72634a622bed54698b944ae3cf14d1389225
O51-81,EC1N83Cbinh35f8fb1fd949,32645,492903,e9093745bc298f4853c5e42342985545769ff7a9840ea24288a6243232e0ce51
O51-82,EC1N83Cbinhfc393cf771e2,32651,492993,7c186e77252d9ee605c8d2215ffccb97047dd107d8f012ae6a67d35db25fee64
O52-00,EC1N83Cbinhadb8ef4e05ea,32849,495963,7a5b40582393affaa541a0367712d032ad4887b907a36c02bf0f41f65a3c4d6c
O52-01,EC1N83Cbinhd9cfbf9dd0e2,32708,493848,09eff99ed577b1f4ca96acfb3c22a93b86e8453f52a442402f2829172ff6b62b
O52-02,EC1N83Cbinh7bfc433c34be,32872,496307,5f3f3e9ba7aa98cdaf704747c38ac58e5d8174698e5ef897b63f9a48185967cd
O52-03,EC1N83Cbinh6249b7c10b00,32667,493233,85172c1273324e036ad7d2ba1157f6b88744127d89a3ec49bd60cfe955cd50d8
O52-04,EC1N83Cbinhccad4441ce36,33037,498783,331b4371790ec863a1ff3a306a42c1e7aa91784f6db0c6763aba9c3ab84cfa0d
O52-05,EC1N83Cbinhd8741e1d7dec,32671,493293,2cac090acc41662d447cd594d24edc6fe8eb1e8a7d014326e7e1c0cba393089e
O52-06,EC1N83Cbinhe361566fc821,32815,495453,797e122587fb92517955a804bc91bfdd91cc2b115c50fab5977b8c27760c6580
O52-07,EC1N83Cbinhaec61dafb8ff,32842,495858,b1a25404579715b2bdd235711ac33ddc77ced558c5c12cfd7adc7a8cff0baa33
O52-08,EC1N83Cbinh63af6b1b0324,32885,496503,dd7af99f66476acef1814c7ccd9780a730e8474ecc8b6a2cea520cf6d1a46f6c
O52-09,EC1N83Cbinh9c52befd9733,32682,493458,4f892381ced38e37fb1ab0148f45ec7e6d1d00a4ae48ff2635ad77c3a9cb8f29
O52-10,EC1N83Cbinh1f9c9285cb89,32638,492798,26acba541fffcda33adb3061dfba97d5f9d5687959b362e2414fd0cbd545e3c8
O52-11,EC1N83Cbinh01a0ce2fab86,32587,492033,be11aace678c8fb52a0b2df6a7a94c1b1224ebd5ed5d0510d576c360352086de
O52-12,EC1N83Cbinh1433dea05773,32767,494732,a34df438c4a52241a795811298ff6ae572702d0eb45090d57d5e4a7b02462986
O52-13,EC1N83Cbinh83231b8d0412,32521,491043,bd9a248ea09fcf6bc46186f1585731a4a0da6e7c5a3247d887abf7cdd6e2fccc
O52-14,EC1N83Cbinh490834c1fc5f,32936,497268,b4cc7c863499a25fbe7cd4f8c2a5323671828bb339088365ed0f187499317db5
O52-15,EC1N83Cbinh7f3ff18ef6d5,32702,493758,a1cf781e987d0ba952bd36324ad6c89c22db24d9faf68cb61e2a4de6f8d538a6
O52-16,EC1N83Cbinh288889f4dc31,32837,495783,c4327242ad5c23e104b0dde4da7fbb0bc2d512c25a7f7bec2c51339f01fcf298
O52-17,EC1N83Cbinhcbaa8154e25e,32900,496728,800492f3c6803305ebfba2fd9eb7c65fe3a2d62c975f888bebe587010e6752c4
O52-18,EC1N83Cbinh73a32860b965,32721,494043,3c6493a7c9166d0a525714329ccf11e667313f53f99d96eaaec095ad62e341d2
O52-19,EC1N83Cbinhe047a3e3c7a9,32720,494027,8caf3caefb92983972fccfc87bd42e04edd47120367814a4fd1190b66b23a6c5
O52-20,EC1N83Cbinh8c1cfa7fce22,32910,496877,99e20296d040d7dfab2751ba106edaf59b1e7cab6309717345ecbc0e851d1273
O52-21,EC1N83Cbinhc61d4c215447,32976,497868,a264f2492c6ebd7d24353d3c6b11cc338e8cd835d8cab692c8d1d30b6a92df38
O52-22,EC1N83Cbinhda79b3417d4d,32813,495423,ca13e0bda5e568d8c49a33bfdcc0bc2b4db043b470a36bc67aeb269fc85a90ac
O52-23,EC1N83Cbinh316cc5bc016a,32936,497268,2f67a499700ae2e00492957668bae39154e02b9f9cfb88ea1152d27efc3f9f53
O52-24,EC1N83Cbinhf8c3f19618b0,32759,494612,2e972f92d83f78c73f1cd2aa0fba8898298673cf27d1391af8ea1dffcbd54785
O52-25,EC1N83Cbinhbd37877c8b80,32768,494748,007f075f4133b7e8255b406bd21a1b107aafc98645aa064d3890255125943df9
O52-26,EC1N83Cbinh8bb8a9985bcb,32933,497223,882f40d310ee362b7b8bef51a72144e2e69764b546bbd936637c6cb2bfa55f6d
O52-27,EC1N83Cbinh1569a93710f3,32808,495347,906c524edddc2ad305170405d462c7998366e472aba67031ed557fed2119dfbb
O52-28,EC1N83Cbinh5965248d7e81,32760,494628,f87b201031a9262167a0921bf53206cf22e9b44b2f28824c1a60b33d32cd947e
O52-29,EC1N83Cbinh0a909914085e,32946,497418,e41e5e4d7c30e099199363613bf6d9a02d59db4bb3ab885dd8d0dac924edab1a
O52-30,EC1N83Cbinh4096e089708b,32854,496037,9eba1c8be3594d7abb7684b7339f2a76e2c16fd204adc44c2f257de627438e8e
O52-31,EC1N83Cbinhbc1f3d4fba1a,32676,493368,7dc47ed976dc1d605037297513784574033281abfe6686f11bf62eeb7cda7e85
O52-32,EC1N83Cbinh9f6599bdfe96,32749,494463,bcf7a56d2b34f1157c0b63f89ffc8cff03b1f61807d94d5392633b86bb46ce23
O52-33,EC1N83Cbinhcff4e25f146f,32968,497748,8a3ffc008487b996baf9f61cb3c8f8135e93e0d32d690e6e87178db7e90e3f15
O52-34,EC1N83Cbinh64605ed37e80,32779,494913,0edcdbe1b191cf27d1c9bfd35da817533580707259c2143a0a279c9c5442e0a6
O52-35,EC1N83Cbinh1d4a1c1bedc1,32899,496713,4ba6df7a95d0f0c92143e5883903e8cb621b50e0648d05c96aee4270bde62618
O52-36,EC1N83Cbinh7ed69abc94c0,32588,492048,67b1a5c253ec35fd6ea8653a08536ff496c50ec32f14480b1cc2498be36d4c17
O52-37,EC1N83Cbinheb9b2c941749,32775,494853,499ed00e8c2b50bc841c65b50c9dbe43c4588c788c7138eb6c1c52458a46df0e
O52-38,EC1N83Cbinh23042483ebbd,32741,494343,332e8e5a88afd01e44db32dc6da27b7e243f1ea8ba0b0bcf3feb1a212a9a413e
O52-39,EC1N83Cbinha6fe5d258e51,32645,492903,7930683ad823fcda4f295472c2aad04812f9548744a5ea5758b3ff60b58eb256
O52-40,EC1N83Cbinh8a9f144723eb,32924,497088,4f69c39c07390dd11b325f88dd16bb0a31a651fd44e1ecc6ab4e3f84251db37d
O52-41,EC1N83Cbinh7725310e727c,32734,494238,7504562f6bc32873ce86d399b96066e282530f1659a840a718deef7bee8f8541
O52-42,EC1N83Cbinh225139160c30,32817,495483,43029513256a0ea78decdfd7a4618df2d48dbe6cb1e6054ddcf6d4b268a59862
O52-43,EC1N83Cbinh5e2c37477d36,32832,495708,acb349d11bf806bdf13b151bb795cdca2bc9dd7d88c2007bf257df1ea02811c4
O52-44,EC1N83Cbinh74b830983b6f,32792,495108,67a0ae7bc1de203f803075a36d45ed5f96ea9e36fa2b0b5ce1b76bdfbeeb55b0
O52-45,EC1N83Cbinha56a3ebc9630,32865,496203,9a4c3c518a2472900d5956aa9534fa79090656089947803cba6e4d5681783ef3
O52-46,EC1N83Cbinh828c1f5d5785,32857,496083,5f6a359d8e77fa8c3568362ba3536902f145e3ade741d3ab3162285be9a38c53
O52-47,EC1N83Cbinh7a84d7bf215c,32903,496773,2df022a272d66f12696afcacb57271cd4075be8d030fd4839c91b537733f428d
O52-48,EC1N83Cbinhe42539d806eb,32673,493323,f8edbb0fb42d8c72488de36dae8a4ef3e9ca11249b2cc1bd63b393a0a4c08e45
O52-49,EC1N83Cbinh2c086ab2be9e,32860,496128,22059e8567ab18c07a5bff7f9cb52bf0bf8ceb98c84a37b6ceeee8665b9b1b0a
O52-50,EC1N83Cbinh5c0bfeb1e1fa,32709,493863,cd39a3a38c76e84b873921b7dc81627b57e06041c8429dbcd380910de6b9e3d5
O52-51,EC1N83Cbinh2e9ab447b2b9,32741,494343,4565f9e3c02fd3bd901670f7c91c4caf07d7c0e1f0856d2949e2709128645ae7
O52-52,EC1N83Cbinh9c34ab77637f,32900,496728,2cc2d6ef8c126f62410ec1e4dcdfbdbc222750d833c21071b0e08ef004ca260a
O52-53,EC1N83Cbinhcdd60a066d91,33028,498648,f63439914ab5750a92a6eb39831e4fe222994ac7809561c4909ba9a4770e7383
O52-54,EC1N83Cbinhe5c87a13c344,33068,499248,b6ca1f0a0133ca1daf14213bdadce366b531b4279f04958f9beb8df2ef746c69
O52-55,EC1N83Cbinhe631aeed077d,32783,494973,aa1dd93924e8c55aa40132a1dd1030967c71498eeb569ec08e4f8ebc44d80747
O52-56,EC1N83Cbinh3bcce9bef256,32756,494568,0665fa2304c22ac40741bf1ba27cef794aeacab7d08283e4d762fa243a63006d
O52-57,EC1N83Cbinh2a59486a0772,32805,495303,4cda24fa78ce5e15da78db95a2be03133a21bc24f74c31dc4d51e05866f93f8e
O52-58,EC1N83Cbinhfb892f322818,32838,495798,b732f018af49ecf240819892fa0640e0d2cb1da767dea3168cf7ac9d94a76afd
O52-59,EC1N83Cbinhb1c9364a493a,32759,494613,68e3d54debf95abf9a23f20d21ab80342da5df46b17cb2d0e630ff2ca5699c1c
O52-60,EC1N83Cbinh673150d66944,32778,494898,31369cccfa150e5d121c4a47d484b6909ac04b2c87320d50b93cbaf2dedee755
O52-61,EC1N83Cbinh7ab8fe8421f7,32816,495468,5a769c71d85fed936a30eb14096860581a0e99a2d28a4d9409b7b78078ed817f
O52-62,EC1N83Cbinhaa1036d94fb8,32712,493908,1fc028ac931b3d047544a00b6e14342791ea7d6926168ea24b2ee7d77a08ba0b
O52-63,EC1N83Cbinha98526a1b5cb,32894,496638,461478ec49f16f76c3cbe42aa778291ce4c529920908bcd37caaccaf0530aea4
O52-64,EC1N83Cbinh74373aa13e9c,33047,498933,a932c5dd4d244e2144ce361485919c1a6d800611c7cd39d3b382e7034748f8c1
O52-65,EC1N83Cbinh8f41bf7d0413,32838,495798,e3a1679d13372fd0bd6209658595adc4e38b860c2b3103698a2e1d2056df1030
O52-66,EC1N83Cbinh93ae6705ee85,32710,493878,49f317d0db8947394cec0e836bbb8c0ad9931787012104bd9cd866b7e4211cdf
O52-67,EC1N83Cbinh9c81be972cad,32871,496293,af8aa1b619dc0fbac4106d22fc4a7a41917f2a3da83b4857c4d0e7cadda7bc1a
O52-68,EC1N83Cbinh2a455c8fc615,32863,496173,1d512775a385400ff3636b67ab8aec592833528a1e023ae99eb1a1a9fa52c16e
O52-69,EC1N83Cbinhb59a42b26b30,32810,495378,c2787633c30dfdcc77836888d6fa67c515a3d92fe8238b77c1916dbe5d8ee87c
O52-70,EC1N83Cbinh0b7ae381755c,32808,495348,f764a0abd043fbe7f05c97c9fe2a87b3dc07c59801759b5ecafb8e4eeb1ef110
O52-71,EC1N83Cbinh9ded05c067ce,32930,497178,b413a402c02241525265ab52743a2c1dd83d81b5c6ac68e0cceb4094513c8171
O52-72,EC1N83Cbinh4f17b0a410ef,32800,495228,e0e8fef6cca16b27e544e2cce834e7b0d883cd9c909584fa7d33a9711c9d5516
O52-73,EC1N83Cbinhd8f328dc69aa,32680,493428,f8f31882888d2d51e306b1e6e7d8c3b1650d87fdbb4abc5d29b69d5ad0231709
O52-74,EC1N83Cbinh8f96d2734aa1,32716,493968,775052de4f45271ca687e87575ebc6fbaf8f14677b5f1a041d0b3b638e14b7c4
O52-75,EC1N83Cbinhab8ba81a25c3,32540,491328,73b2ac2509c295b9ecb2bc9398091b24128ab10b92b7eb3eede1ca75a845df2f
O52-76,EC1N83Cbinh142e676542cc,32743,494372,27776634f15255b9d6452276edb2c8c00bc5d733509195e37a8ac6d5f430c4a2
O52-77,EC1N83Cbinh18f27216e004,33143,500373,4dfdbb6749b1774443c53d407fc895d70b61a3e74ecc1306c28cb706e942c297
O52-78,EC1N83Cbinh78f6c267c240,32596,492168,57d1a3adf2ef2fadf86045f4477fe926407ecb5b326a1a1d61ea4e7f9b237edd
O52-79,EC1N83Cbinh7c53bf2dd77c,32627,492633,84c375c1ab6c0684fc5f50f41747d4adaad921fb3105d33e45d447f83a6eaf91
O52-80,EC1N83Cbinhe59bf812a490,32972,497808,5aa545460007e491bf2cf4c91e1acff736ee014768cfd3368c5e55de6680a350
O52-81,EC1N83Cbinh32c57d6f20ff,32917,496983,4b8e06677fc25a966024e04e9ed89304f750515fd6e9cb8e9a5110cb1aca097c
O52-82,EC1N83Cbinh9d508bde1281,32769,494762,02f5d851dd1a7ea03931c326d170aacd70d4d01ce3d5760efd4e3fcb0bfb0f28
O53-00,EC1N83Cbinh337cbff535b0,32799,495213,2928f447473535e3cbcc0ba220550e7308aedeb18480287d2fb55dd115caefb3
O53-01,EC1N83Cbinhef1069eb9ec7,32959,497613,508520e8ba2cbb458a32fb2d6bf252a79ac198f6d09e8b3e611fa26b85120bca
O53-02,EC1N83Cbinh0649760c4bda,32702,493758,9b836656d418c9fa2a1bccca43a918dd3204dcad5f5b4ef2b737ff2ea1615d1a
O53-03,EC1N83Cbinh329d62bfbdba,32863,496173,1288d87a2a7c46bedd9935511342db93b8b3caa943a7c666b755bf00ac92c10e
O53-04,EC1N83Cbinh6c84caa4b957,32718,493997,1c7aef29340d32404474dd76fe3d41447a2e4f4dd4b4dfdce5f39435a891c153
O53-05,EC1N83Cbinh50ec7a144d81,32887,496533,ac316e328e3398599ed120290f2ccc7b6bb5bbddd44ca3115f562fb152f94f51
O53-06,EC1N83Cbinh331801b8bbe6,32706,493817,522737e28dd7dffac040a518fdbc37afd9d8862b2b013d960de0fe60462ab94f
O53-07,EC1N83Cbinh9af568cf9f1a,32674,493338,3ed33242ef99edbaf5158e7e97debe4d9654c07a7b1e1b3cd043f9796b032d64
O53-08,EC1N83Cbinh6c71fb62a8e5,32726,494118,a5e965b4ecd485c1474639c3b73f6887782d58032674b8168f56a8844add28f7
O53-09,EC1N83Cbinhd95e0dbfa653,32838,495798,99f85fe10b8de73a55060eea1cfd9d7ae1067111f550294441aabd9b38cb6f37
O53-10,EC1N83Cbinh7aed077ca314,32867,496233,a9b00b41efe363c3bd0e274bef11fa150c056d6254c6131b273aed9b4bdf6bdf
O53-11,EC1N83Cbinh7403d8eefc91,33022,498558,84536719bcb4e1e226ecf0fad66766ab228547d5ed522506f0f7dffab48ca1af
O53-12,EC1N83Cbinhe34ba545617e,32769,494763,721ff2de01e00283effa9ea6b1f219242c380df74c1e47bace9c814b910f27fe
O53-13,EC1N83Cbinh0d82a7c831a7,32471,490293,5fb41c0ebeb22d40e5ea22b77cae37f9c324ac11928c0572296e786717dd2267
O53-14,EC1N83Cbinhf7fe2484dc07,32590,492078,3c567a3280fafbf22f6f69574d77d2b86509fc2aea14fec824648337f5301c6d
O53-15,EC1N83Cbinh4b22427d1587,32705,493803,bee531174c2f9a5299d2662dc46d1faa64115f19f7182fc6bcdf52151820ccd8
O53-16,EC1N83Cbinh9a55de770514,32909,496863,2787cd1d4c7bbcd339f99646dd334e9cbc7f3e4f35251a7dae6878debb1e3858
O53-17,EC1N83Cbinhfff8d3b58f12,32773,494823,83b5f606829fd56f4d2ec71fbfd35e8f904107adc2b7825d9a2d34f59335e987
O53-18,EC1N83Cbinhad26a5b93ac2,32919,497013,adda54896a9e5eaaef69d6f1dde4d68b4a794c4f1f92014080fe3ae629f02ac5
O53-19,EC1N83Cbinh70d1c10ed99b,32929,497163,60fbff0c35db8b984d2d5d0dd5671abf6912ca06e934c5da6f84b455495ccad3
O53-20,EC1N83Cbinhac73d3909b18,32793,495123,4e343d330de0272be440e1951e6ee2a00711cba62b452774cb9e571f94f1457a
O53-21,EC1N83Cbinh4240b7a3218c,32707,493833,c0b191f581ddafaf7741ec4c4fc71bdaee6619b37df7eedbbb8c026f25f77919
O53-22,EC1N83Cbinhbe86deea6a2c,32890,496578,9524a88c2b4e271643d5f6064f067d7ba3ac819ad081836233144df00b1ff5fd
O53-23,EC1N83Cbinh38e75c55cbb6,32628,492648,44b08fc023a24b6bff0b525bdf62578ee59f09869774f8e530b37e74d0b81a23
O53-24,EC1N83Cbinh64d537314bbc,32632,492708,6b4593fce42f14f8fb0e5321cd433f193b7bdcdd832ff2ba53e07ab0ffcd8c4c
O53-25,EC1N83Cbinh86c503a07109,32663,493172,f03ac366169b563bd93a323cabcb3c9ce325c16dae54307cd13eba408cb72bb8
O53-26,EC1N83Cbinhd7571ab6fd0a,32937,497283,6ad633f23d3d84be597748bbf9f68eedaf44003ffe651b5ccbeb2f3204302b70
O53-27,EC1N83Cbinh77d6f7e7d522,32609,492363,d6b23d75b62ce65a73cc64fb43be6a43f3e2b0516fcffea4015361b4e7ca667d
O53-28,EC1N83Cbinh7fab408bda1a,32876,496368,03b5b3c1616e8cca54bd9e49ec6da5b4a84be892ed6543ea35144d336cc04043
O53-29,EC1N83Cbinh5f75f1461579,32808,495348,b4c541fb39fa416adc765a921331dee57f2555d520bf201ac4a4c12e5c563b2a
O53-30,EC1N83Cbinh48ab235a58cd,32876,496368,3782d6ea8d009dc651632922a3261121738892437d515eeb8827eda989d39754
O53-31,EC1N83Cbinhed7a0ad8790d,32879,496413,1d3b477c69852ed6bea4e7b345a02c419a5733370b06b6809d06f941333e2979
O53-32,EC1N83Cbinh0d89112091e2,32710,493876,4c42652b90fb8b306160360e66aae8cd6b1127f22dcaf8dcec5beefabe90c5ed
O53-33,EC1N83Cbinh41c03b24debc,32889,496563,b0c2035c7a16349cf297f60fa0d965afba9dcd310a926ced73499bc14c44a099
O53-34,EC1N83Cbinh9afb3f6fb8f8,32896,496668,beb6b8bdc1523329d598fe1478d20305633b1987ed76ffc161f1bc519fb83eff
O53-35,EC1N83Cbinh5ddae8b5d743,32847,495933,c47fa8e9d8797dfde9f054721b7c4d801ad4198611a2c821dd92238696f45c6b
O53-36,EC1N83Cbinh448391f92c7c,32859,496113,20f7a7aada1ab6a83b2581c47841174746f069e707ebcea8f8562aaa64787d0b
O53-37,EC1N83Cbinh36dd9f302784,32601,492243,818041dc1dc812bdf9455d434e41dcadbfff3b4eea8e063e18477ccb1ec8cc87
O53-38,EC1N83Cbinhf7647edbadf4,32726,494118,1661a1527c857952cab5888ed157466e9f54e997a716ddde54a69aacb9101007
O53-39,EC1N83Cbinhdb9366452663,32916,496968,fcbcef6536edb809e7441f4e9a44f76f1dfa30042205165339e9452e74d6ef0c
O53-40,EC1N83Cbinh1fce08fa797e,32791,495093,68e37c4ce50898546dbb25982773974f4a3406fec19dd6adcd3945810abc58df
O53-41,EC1N83Cbinhd2d8b40596af,32767,494733,d97b7521ed720b33bec4cdf58e762a053aadf9c63891bcbe7ab9acc2c854bdf9
O53-42,EC1N83Cbinhdbbeabff35ba,32832,495708,731ffd28bf5f883c2d9ae046e98263e3a5a3899e05b241f7be50484b554e74c8
O53-43,EC1N83Cbinh691c5eaa8463,33058,499098,dff1b8c73682e38e45acb03ff571ad6768d279949cccb16141268cd4d5ccfc7c
O53-44,EC1N83Cbinh1536bc5e6353,32844,495888,27e9c90350a98bef36a6cf9410af14ac3f375409191f8520664fed3cb2dbdf06
O53-45,EC1N83Cbinh992411abadc2,32749,494463,5fec7310edd31aa68d22e0f39accabd68e475a8a8f770ea748aa9a97a9b74bed
O53-46,EC1N83Cbinh4a5be3885563,32672,493308,199056a41f1f21ac4c8bf0ff7af709b71a98836364ac4d70dd1bc6601bd5200c
O53-47,EC1N83Cbinh0f720d29b848,32791,495093,3157e6e4d116e2e73e7599934163c266acb0510438951cfd8c05e7f67304acb2
O53-48,EC1N83Cbinhc50b83685503,32671,493293,ae5ad603fc5f949df0d5d23ec2af205e21b2dfde11aa1e83eed00e687aa07f73
O53-49,EC1N83Cbinh5bc1ec9d0f41,32734,494238,57b4ff327914317995cf442ca7eab4aef4a06c552da296e21dd85b899528b0e4
O53-50,EC1N83Cbinh9724f949c9b1,32658,493098,aa6cc90ca7ac8a2e0dcbb7bdb4e74274cfc6c978f6ae084b9d6c47bc065e1075
O53-51,EC1N83Cbinh710cce53f6b5,32987,498033,91c8615cdc57037f2829f4f50a6e18cb6ada8d3591d21cccd55941d837f7d871
O53-52,EC1N83Cbinhc8e2581a2c9e,32561,491643,5ad104201535b029e700b0c96703be9a9fa7a767377637bd4bab823f10f62462
O53-53,EC1N83Cbinh89201b8cf8c9,32914,496938,9d323459e44efe0a61a2aee4014a665d228112c0d73c7ec155995a9bde1545d7
O53-54,EC1N83Cbinhec8a3a97530c,32872,496308,1216dd20963c5bf615b62b93974555413c54d30e591493d617f506555d5533ef
O53-55,EC1N83Cbinhfd315dd6f232,32767,494733,f229a034e4651ad6b2ba2a9f3832de4645bd261c492e01fb9b916447c4f83305
O53-56,EC1N83Cbinha3cb7d6eecf4,32832,495708,c8d818986fa556bc85eff5e32bab7944e78bc3c12e47b73b0f181903a3e9413e
O53-57,EC1N83Cbinh3b29c2b2548a,33025,498603,3fc38015a45c8b6524abb49808152dda92821ede5a2215410c251c26876d2d75
O53-58,EC1N83Cbinhad525e2f6206,32702,493757,50515b9da1807ed1095c33c4d45b29e371054dc6925aab5198129b8e9f1c03c5
O53-59,EC1N83Cbinh8ed67b62ea6e,32752,494507,6d5c4bec37c3bf695eb0705cf4046ce485402a587da46c0900fccdc649987ab7
O53-60,EC1N83Cbinhec637f379605,32852,496008,1983c06219f16d8773e8c36884f14248a9e330161eef2bff134eb665f9e65bc8
O53-61,EC1N83Cbinh957ddf83907c,32930,497178,3d104f2dfa16d9b1b6a2080d9171e91df83cc6cfc0bfe52923ddf5f07d84c387
O53-62,EC1N83Cbinha89b9208007a,32840,495828,3f2e038a21c5ba9b1e2c405dfd2e89cd3a08245d49a2b16d42a70870504fd63b
O53-63,EC1N83Cbinh8edd06d72a0c,32890,496578,820bb279819a7040781d751d79903d5ae5e7aaeebc86aba618848a4239840714
O53-64,EC1N83Cbinh27e04d9c48cc,32577,491883,0e30a29ac983e0bea5b3fceade10b5a47c1ab9cb068c8856b846ff7629166e6d
O53-65,EC1N83Cbinh8f436d8503fd,32540,491328,abd5d31bcdfaa81a2b88158eebbf3d12afb4b5b4f0d6c20a1c7dfff079f48059
O53-66,EC1N83Cbinh336e26b935de,32667,493233,15f9dd8bf5a51ddd4025b6461021e091b127d0320dfc0736659daa59898cfd15
O53-67,EC1N83Cbinh129e5a9663c7,32934,497238,b5f17a26ea21d6f2b86b0143fa5bef8d6248a7947b868f2445f42f756f06261e
O53-68,EC1N83Cbinh137fb4e7ce2c,33012,498407,5be6ba9d3a054ccc200eca56d9adde674e03710ae32096aace0660a53a14b0a7
O53-69,EC1N83Cbinhd5da000049b3,32842,495858,37d663c0aa44abf252c315f57c49f30b8740690af842639eeb3f909eed58ffcc
O53-70,EC1N83Cbinh5b6b41777c06,32937,497283,3d0f01b866f261ad778f0b7b68494c4e22bc4c3883fa586f94c08b9daa607241
O53-71,EC1N83Cbinh0d9deee686d8,32950,497478,53689144d2b83bef6d97db654798461ceec7d7db8753b726af7a84ba317c2f0c
O53-72,EC1N83Cbinh177b08e2fdab,32892,496608,5e2fd5fbdc5c0384451ea2ae0efd9dc901429562c83addc32a51e20465395af2
O53-73,EC1N83Cbinha8d92900a2a0,32574,491838,7f74510829b65fd99aa7977c19ebfcabbcaf950c13f471165407bf0aa047dbf7
O53-74,EC1N83Cbinh034142c2b5c1,32833,495723,a597863a3a6216187d2eb49c92c59e08c6ea9f1cbc54e413159745f6db1627c3
O53-75,EC1N83Cbinh06dcd159465d,32943,497373,7b76878032fcdb08bb81f5c6fb02113de203c03425fe3d9be56171d65f232bc2
O53-76,EC1N83Cbinhed57a72a7ba3,32834,495738,a8b1f01ea4bf47d3ae97ec10e994183857f4bdfb3ac5b2ce369fbad4a0903671
O53-77,EC1N83Cbinhcc48afc676e7,32684,493488,611e0abbb78c819fe388b129d34d67f154db9492fd768143b182b87f31693d5d
O53-78,EC1N83Cbinh64fa44f252ab,32854,496038,e0e862bdc56be3b4128d333d46ce44b4ad23f5578fc09164d8338d4a3dd5f39d
O53-79,EC1N83Cbinh3e01ef2b3dc2,32649,492963,27aed0d9b3773335afac1abee90ff9b01800d31d589c33672319369a34b03449
O53-80,EC1N83Cbinh5f44af5bb317,32645,492903,0ffe1524af27dd105359bfb70d9785a95b72bb7114021332138be5cd4fc1879f
O53-81,EC1N83Cbinh78941e75af7d,32672,493308,86a9c9a8a3650fadb1d5b9b677836f8f2ec95abe1aa255f295a2619395ff5899
O53-82,EC1N83Cbinh6df4583075bf,32792,495108,4e5d6f790244682e80af1cf24017069aa052db1590f896b914eeaddac0e48ea0
O54-00,EC1N83Cbinh77823896f6e5,32879,496413,837fbc30e76082ba2587def797aff2c2ac467b323ced56d4277e86bb97254cb6
O54-01,EC1N83Cbinh2a16823a5816,32924,497088,b6ef32bd85d14d73882c9fc8e3c16ff4dc43ce467c2842f8ef74fd1901bdd30f
O54-02,EC1N83Cbinh9a7ef0d13501,32776,494868,0fe812ac2d521e9120763835c0d5db52914d95931848d33f5856b5e1bcd9ef4e
O54-03,EC1N83Cbinh5ca5da96f3d8,32595,492152,c61703fba0303f9e16e0bf52499cd05d9d2ae226bcf5c7f334710c4d95d6531a
O54-04,EC1N83Cbinh55a10e61bc15,33132,500207,66a6d9c03b706592b49b42e5258c135588a67670fec6978cd09f5c65ce9caa30
O54-05,EC1N83Cbinh9d4f2fc2ac84,32810,495378,f036324eeb8bdbacd9efe23fb7b1570e7515b0c5c95812835c5f79de1ffd1cb1
O54-06,EC1N83Cbinhabde45871605,32839,495813,3d0d5e0d9607c427345048a2e736f2b2e7dfb04003dd795e44578cad5ba89532
O54-07,EC1N83Cbinh5044e20b63b5,32966,497717,73f451749cae7ec21bdc4695b740c83b47661e081ba9da11d7bb63dbf52c556b
O54-08,EC1N83Cbinh6d6b8987d9bb,32619,492513,cdaf95b1770574b20ae5066cb32083c76bc1b4ec9ed4eefe0dacfdaf8e7c6a03
O54-09,EC1N83Cbinhf80fb2db5ada,32759,494613,f6e1f77009e5dfbcdfa6c061255853ac21dc7ce3a61c3aa5fb31ec9df6995344
O54-10,EC1N83Cbinh8160013429f7,32785,495003,80bf719025d78167b85bf8a99684fbd81eef7275233c67214aaf47a34fb8984f
O54-11,EC1N83Cbinhba0b43af50be,32686,493518,73e306d8d37ee96e19f4b1426385fae0e3e2be20131ea02cc89a2fc4c2997fe6
O54-12,EC1N83Cbinh4d9f16a95501,33069,499263,807219d3d5b06891e05ca777836cbbc84a1b68946c0c18eb912480a3039fcee8
O54-13,EC1N83Cbinh04e21059a86c,32764,494688,8eb2c6d69d579773025dfeb1c303c8c119d6207e8565accbd57ba84c4f8a6be8
O54-14,EC1N83Cbinh48d0886e5efb,32715,493953,b79ff4599755340300b49a6672cc013e4f7e59ceb99d580af46557fba95b899a
O54-15,EC1N83Cbinh2c8de3e0a1b7,32789,495063,9597811b2f3fcc6c6c3ebd2788f041094463140b3bff59c39f6e13f5c3b018b3
O54-16,EC1N83Cbinhdd9e51d7c4ad,32715,493952,22037f91a90be11c244939a860ddff2d49cb15ef3350def85f1ea44bb07ca982
O54-17,EC1N83Cbinh082dd89da674,32888,496548,1325e0f3915d68debf906223d9e790b0e732e33939f3ee4cf0ff50ffaf6a8962
O54-18,EC1N83Cbinh09062b1caf57,32719,494013,0da6605caab3b85759a212b472dd5aed352d2c95a965886029f6a339a49064e9
O54-19,EC1N83Cbinhdaa148c08a97,32753,494523,ea69da89decb341b1fee73bba1379ec5dc78168845ff6ce11992cd8ecd7f80fe
O54-20,EC1N83Cbinh92233c5f36f0,32630,492678,6fd1118d5f32bcd05272b868ec771d0c914dcc5c9d3e39b44d02ec10166fa9c7
O54-21,EC1N83Cbinh253e9579f251,32711,493893,e3b64ba8f3006ca074a1451413d648469e1583cca2e51aeeb781614e4ecc4436
O54-22,EC1N83Cbinh9a52d1118ece,32803,495273,b1e1a9d3487eea182ee09e839bc74159ff850eb0575f29ab063696943a33b655
O54-23,EC1N83Cbinhdf862b792c99,32658,493098,51b8829be3f33e951cdbf232d59adcc0526866b5495d0cfb49afba412988dfa0
O54-24,EC1N83Cbinh69b252439723,32957,497583,81a3a2ab707f3368d8e5099c8d515ea714afa2cba85ddc0f6d42ee413a01787e
O54-25,EC1N83Cbinheacdcfbf6d77,32945,497403,a2df7b9a0c937080a9e3eb644b18c50070b77e26c5b24d0c0434a9b3c200de11
O54-26,EC1N83Cbinhc1af625d08a4,32837,495783,8155dcee1bf5b903f8b9e87c59d5ef406eac32a9fe8d78aa19650657a836fbfe
O54-27,EC1N83Cbinh04c6c1aaed2f,32857,496083,b26930bee0a86d71b0176ccce2e800c0e8baeb42ecf960295ea48ae300f2ce9d
O54-28,EC1N83Cbinh3d508788a4b6,32740,494327,d51290d510ead348c698baf173f1968fff9a665f913ef9a4a254acc55d7958ea
O54-29,EC1N83Cbinhf9441a213a15,32910,496878,d4a5c2dc38e3545631739e6235fd2a773532a6db1f20314ef53d575530c5b609
O54-30,EC1N83Cbinhcd11e03fad34,32974,497838,87769c8e996cb82e6f163b6b242d812ee5d9d62973a0a7c1a0fe1ff7fa2df094
O54-31,EC1N83Cbinhbe9297959e99,32766,494718,37ed96df3452228f0700bc1b1ab2dfa87d5de177e4c63e27db16fd22c7a661ff
O54-32,EC1N83Cbinhfd6ae61febda,32756,494568,6e19ecb9bf55cb75e8b8a9525d2da3cdcb6699f3ceb074edea78a58b553f5600
O54-33,EC1N83Cbinh7319905fdd74,32694,493637,df03069db99548ea4a0723f109cabbcd76313660ac37cca7f5cfb2c2630c9b10
O54-34,EC1N83Cbinh5eb63b45773b,32887,496533,fb2418389f48051e2935b74f6c1fd8dd42dd8aae329857f5a4d74a1803d5c467
O54-35,EC1N83Cbinh9b0cf3472598,32732,494208,857ce336dee7e68b5fe808928d0894f3036a80bdab37ee23a6ba30370b658ce9
O54-36,EC1N83Cbinhfd81b5e50048,32905,496803,9a8db784a05ae7b33091315f74375636ee61fef70b6576d55ec402aaa6630af2
O54-37,EC1N83Cbinh7d1e46733ff3,32754,494537,7e8714c9fb922e989a5059751bede5ba5481456f6f9ecbb16cf57ec7cca7d6cd
O54-38,EC1N83Cbinhf9fa8e4ac065,33121,500043,48c37cf20ce258fbdef8f368e2edec852e1884f441e11cdfb1d1d8d9e414d1f0
O54-39,EC1N83Cbinhac0f0cc0ffdc,32749,494463,ccbf80a0209735925a327ce9afdd59ea44c5b9e09fdeb0411ed09978f0905580
O54-40,EC1N83Cbinh6a5c54489059,32688,493548,a9f469bfa8642ea45e9f0887233e6c1c23ce188030362e96643e3f947b29ad0a
O54-41,EC1N83Cbinhc31cd373d5c8,32890,496578,00ae03acb5d16acecb6cfd16ed9ff0204bdf5c9213913bbe0097e8c940b0bbeb
O54-42,EC1N83Cbinh455e9599da1b,32694,493638,dd367f712c23cd0483abffc93e986142bb5342a9f752594f830c2c5c687845e8
O54-43,EC1N83Cbinh3cbac40ca984,32781,494943,298b63b95f1c90426dd2b382f321852f40b7ef8b7e6d8c248489181bcb0f5017
O54-44,EC1N83Cbinh7c9a0811db9f,32723,494073,6d1dbbdf2bc42baa50f8c25c4719a964a2aff0fed7382a658028be574c54cb67
O54-45,EC1N83Cbinhdc740d9d9764,32728,494148,27b32291eb5eb0f4bec42b1fb25ddc3d6107689b0465c1c44367e9407583cb44
O54-46,EC1N83Cbinhef782552dde7,33066,499218,bc60d77fff1dd22a09eebbc0bf1fe8e850b5dc4846214acd96c223aa54884e6b
O54-47,EC1N83Cbinh7aaf1fef25ad,32895,496653,74d6d4a891c0e1a15eb4b32e07fcf18f1021a2edb38a5ca8d13f1a96799a1ef8
O54-48,EC1N83Cbinh230a5821ae6c,32694,493638,50a66b3a4d54eea34343858b4d39bc55d4e208ba4719aedcf02a995cc97653ec
O54-49,EC1N83Cbinh6b05f831cab6,32821,495543,e2792d51086970bac15e6b781c81f9a36ac758ebe9b41b126d19be67f9f6e266
O54-50,EC1N83Cbinh05a0e05904df,32585,492003,d2f73fbaad292fc6b67277f9c167d1068d0e913a91cc9529e7a4142b7af2aef8
O54-51,EC1N83Cbinhb14e2d6876bb,32947,497433,7d6057115759707e0947175dda591534f40b3e898450f6822d0f06a7b30159cd
O54-52,EC1N83Cbinh824112ff857e,32658,493098,dc821787a55312da45c1108c092e1c745d3f36ccb142d7a1345fdf9d6373f6b0
O54-53,EC1N83Cbinheb3048c8b52b,32632,492708,a851ddd29753989435582b3931638ff8997879cc42381b3f17e13f5fd9a0fae3
O54-54,EC1N83Cbinh71f7f815b52c,32708,493848,4376cd970262e26ff5947317598937532fda9cf1b8c9c9c6ccceb5003c5800cf
O54-55,EC1N83Cbinh2f1affa3ce7a,32684,493488,434754559f27ae0b2bcf56c30675f22ce3a472a7305e096330cdf3a25425eebb
O54-56,EC1N83Cbinhd455ee9215e8,32806,495318,a5618dc874f4accb5d9e00a33c6015038c501ae13a6d1f76003fc614a0da5b32
O54-57,EC1N83Cbinhf26e80125c0c,32753,494523,fcb0267fb192691a84d554630da1ba7d35a6d87f14d270ee131d2bef1da80f69
O54-58,EC1N83Cbinh34fb87b2c95d,32927,497133,0b67607a32334d53ba30cd13d44cb91ddc81456c6ab014fba264884730ffa859
O54-59,EC1N83Cbinh97302f023a9f,32771,494793,2b50bcf718eb8d6aef5cef2fcdc5d6fbbcb38002e69004dd3682d602fbcaff2d
O54-60,EC1N83Cbinhc62c99e68815,32717,493983,6805533ba5c1a10bee92b11dd2312dfda74ad16f1886bd4bbd2fdf26834ab746
O54-61,EC1N83Cbinh3b0f06440920,32747,494433,5e85212682e44c8de26fde3c8d57a99e763efe4e64995eafb714b6f3a12e2061
O54-62,EC1N83Cbinh16aeb6418f6c,32398,489197,d3665f13ad598a2dbd8088f2dc3238572f477bb2970378485f1ae7106e9b057a
O54-63,EC1N83Cbinhe3e4b0c45001,32950,497478,b25e2b241fb6ccb23438b8a5cbb11a0eb9da357e0a481a158b4d2d1e08f21229
O54-64,EC1N83Cbinhbf41155acde8,32852,496008,46d32cb0503f1066babfee889d1e136a0a9979d13e7c994e6c2539f40c740276
O54-65,EC1N83Cbinh85be88f1ccd3,32981,497943,6c3ebcaebbcdeae9be2e63476a24ecdad6de0cd1ac6d57f05bcb3ec428763fac
O54-66,EC1N83Cbinh78d4d196fdce,32817,495483,7aaad4f73a8c89a8b10e75eb571817bc85325835317411836afb9d79eedd6d5d
O54-67,EC1N83Cbinh56b6065c4954,32854,496038,b6795af93d1df01e1dea05e596b32baf77470c041c5a563a2b51a9cec6c38c2d
O54-68,EC1N83Cbinh2d803a04786e,32766,494718,0df11b8523252c0131f6341531c2043ed0e960c63c0b9191f57d9e96a58dd510
O54-69,EC1N83Cbinhfd3bdb9a4efb,32803,495273,4cbc5965cae359637b958b9d132d8c5618f5b8aa9de0dfc154cc34c911f2107d
O54-70,EC1N83Cbinh34626a6fd8c2,32910,496878,5c14032d6aba3efb46173408f759ba469ca356e4a03fe11fb860fb616a248dc7
O54-71,EC1N83Cbinh4555e7bdd6e9,32932,497208,b8129f3b19bcb461afc3f3eeeb84aa4b0faaf0f21615b68da4375464c99096cb
O54-72,EC1N83Cbinh7cdac06905b2,33068,499248,654b478ea13d7fafea9f1f91133f5bf9efede35628fffa844f00939155a00001
O54-73,EC1N83Cbinh8fd9ee11d1da,32780,494928,1e2c2a1d6829bec215c8271d72a14ace9d9913412d7e4700127ffaa6efba2ddd
O54-74,EC1N83Cbinhbbde2c3c0e80,33010,498378,3ffa743640038555355278fd89c0121b76d9d1a3e608493e91bbacc201b2c217
O54-75,EC1N83Cbinhea927b883253,32967,497733,c81bdb707c7f4f4fc6651eae045891064139d49eb72634120b710c6a7626ed75
O54-76,EC1N83Cbinh8609d214c8f3,33013,498423,63ff37f06c934ac9d0e144018381acc0c5d2a6f20caaaf3dca6ef4f1d317f66c
O54-77,EC1N83Cbinh30e79bcc4240,32835,495753,934ae6e9860f9888e7c0a9488f9ec51784b1d3346137cce05ce222ddbf6a15a8
O54-78,EC1N83Cbinh84207d5b0cbb,33032,498708,947791b7d1257c9fd941f7be7a4ec08064417adaf159d76078546cb64e83cbd7
O54-79,EC1N83Cbinh23539b7b3e56,32946,497418,3177fc9a2857a4d68afe6b8d9c5fb989c2a14ab5b6c68030a05017d6c23d6637
O54-80,EC1N83Cbinh731f62e8e3b6,32786,495017,43b91b4ada4e383ed3f327ff68ff04ade979a79a3401ba113500abd66e141560
O54-81,EC1N83Cbinh9837c79b5cf6,32705,493803,93b4466342f6ab2beb86ee01ea6c2e4cc512f0e39b568387e4a495857fc2589f
O54-82,EC1N83Cbinhafd707b75bc0,32766,494718,84b49e02f4d076eb015960dd4c969bb00d29f769f82c26ef080669ede2a605b9
O55-00,EC1N83Cbinh4f560b27a5fe,32944,497388,504785ae3d00eb44be48653048e854659acd150bc7d4ef627f6dd510fc38b12e
O55-01,EC1N83Cbinhf0e17f31fa60,32845,495903,322405b8eabfc232dcabd0eb87ebc73fc907f0cbdb377faaaf2fd7ff2fe53cfb
O55-02,EC1N83Cbinh9d2e22f9fa3d,32495,490653,719d223bc96d9e17c5241f681aeec21a53f23ef6e71e9b5ea5b890f776da731d
O55-03,EC1N83Cbinh338343616e73,32632,492708,0fd2b02beea664733516243c8b0f53c47dc635cd0a63a232010496232e5bea2b
O55-04,EC1N83Cbinh4f37f7de2cca,32946,497418,238366bd514d99a6b0cb4634ee1340293f64bd1474a79bda1c748b02261b6de9
O55-05,EC1N83Cbinh39e258aee428,32680,493428,37997a9a917b8462a45ac8ec19002231351d18bca188a49e0d805d6d37c3464f
O55-06,EC1N83Cbinh463732e94241,32802,495258,615dd397416da7a45edf7e9874ccc29837130ac5de7cc2310783c29d0e2d9432
O55-07,EC1N83Cbinh20baa927ed86,32927,497133,fc741bd894b2cfbd6a370cd66eaaa60c5ca75979616087ddcf9c7fa90c4444bd
O55-08,EC1N83Cbinha08e98868227,32810,495378,d9390ab6a2a95b358e22303d35bbc939b59c2074e52bb0acea43e9957e2925ac
O55-09,EC1N83Cbinh3ca406ed03aa,32791,495093,6bfb92393117161ef9d22fd977bd994932db661d586eb377f41223b27a118b94
O55-10,EC1N83Cbinh479873417243,32540,491328,de200ae36b7ec98dc30079f69c3eb9964686f3325a85112e271c6c50ed8e8088
O55-11,EC1N83Cbinh73f17ac5a067,32766,494718,a564973c3e3551fe35d40f0cf155bd239caeccaf089c0416e388a90f344850d4
O55-12,EC1N83Cbinh593298414270,32726,494118,3e2f3018eb7d61d3e2c68ebe9ac42dd22c42edc0d8ba24b5e42139b48f332bee
O55-13,EC1N83Cbinh30c5661b3926,32933,497223,16e2ceb17218cbccc3f1369b9744eed948dde520301d79be639e8d4372af8620
O55-14,EC1N83Cbinhcf0f8ef6d092,32782,494958,3f0effb96c1a3b46700550eba0c9f439dcc7fd82afe6e0ca4dcbc4b8c4c6a603
O55-15,EC1N83Cbinhce92c2377dd9,32855,496053,37cd0721abef6699fbda13e49f6acf1dd876ef515ed83d5e2280b5bc88f650bb
O55-16,EC1N83Cbinhac3a0a32d508,32812,495408,1539e42d757ee5d43a437a63e3d453cb5058ffc0c01902e647cf4e04b6eda6cf
O55-17,EC1N83Cbinh1b586f81a3e1,32779,494912,298f3341d6d4ae1284464d0fd7c81ddbed0ee10d1cdb21a3de1bcc428c655253
O55-18,EC1N83Cbinhc940245134b2,32499,490713,95978a4308f190d79e15f5c13fbb386d7c62322aca0c2f221d248b2e7292325a
O55-19,EC1N83Cbinh1ce0134279b1,32911,496892,3e61ce308f54b9f239282b18ec97259c6eba8622e46ecc3ffa29a7a5643dc120
O55-20,EC1N83Cbinh01b456da0b01,32808,495348,95fb4813f120a4f63e1e5822b54bdd8f016895efdd2bb68b41f21345dd7994fe
O55-21,EC1N83Cbinhc772ad4e8280,32815,495453,bf229d9d83e563a34a67270dac56d9e04a11dce8c5025d4240948825ac472a83
O55-22,EC1N83Cbinh838e140eb3a5,32813,495423,95b235ccd42cd505efdea132ebbcaed5e253e18d5c22a3252bea48ce05d933f6
O55-23,EC1N83Cbinhd6775d9776a5,32967,497733,d2da0374c093418587181f7596fba6dd4a2a84ff022ce92c4058989d86e2b665
O55-24,EC1N83Cbinh89615901b75f,32839,495812,2c53daeaf248f8f34cdf20415b42e58b984d64dedce8009046218780a920764a
O55-25,EC1N83Cbinh85a014e71834,32937,497283,303204c133d02e4d3b20e1a6fee09642f23237133d85a50c6a812e7b1e1fe8c1
O55-26,EC1N83Cbinh831fa2723431,32914,496938,280b2dc9b22538647df3d160247af670cec3cf6e4151968ff8308a36ddb06884
O55-27,EC1N83Cbinh672729c74b99,32936,497268,a3fe07d6c8b919804dc994b148ebab017a021824a2b59d8230d2b91b2159bba9
O55-28,EC1N83Cbinh601909facff8,32941,497342,b0a9eb06671e5d3e5473411c48f941df5b22562aba3e6fae6dd6987f6036a156
O55-29,EC1N83Cbinh153f5cedf822,32717,493983,5d8835017813212f4c80d7d9e0150e1405077c176fa64be6ce6b39c111e1b08c
O55-30,EC1N83Cbinh00f37bf54250,32995,498153,0dffc7e25a75c65e03a2d63825b0512a52bdbfeeed3e136ece4fc3b665489c82
O55-31,EC1N83Cbinhe9fb964358c3,32931,497193,19d9064f6cfa80db67187785cb53675042eb69dd3d51678774e9d4986c661014
O55-32,EC1N83Cbinh0cfc1b51e89e,32909,496863,7d25e79a94539b11290f47c9e49b21307ae533c1e45dcbcf58e57866b4589315
O55-33,EC1N83Cbinh18d88dc09c23,32960,497628,758107cc59ebeac109e372d7fbc770f060388a4d2647964309e61d47fe980237
O55-34,EC1N83Cbinh3b7e5d950bfb,32832,495708,ed9d3a053b3a3536d37a06507934020c8ece132ddf28746e2193329a81153b4e
O55-35,EC1N83Cbinh27fb1f55afde,32683,493473,3f0d07329e3cf237c18e26cf49dfd5c4d5ed67b26bcc6c08280bf4ab0b519806
O55-36,EC1N83Cbinhbdd7cdffe518,32836,495768,8b85353a87c23dd48087b54cb094fc8da69dcffce3ea5351588ace466c2ef942
O55-37,EC1N83Cbinh34e634b4cf80,32870,496278,b9ca30c227ddd6f36f37338c3b655b66f346d6f9d846efe28fe87e589fc9d571
O55-38,EC1N83Cbinh12dbb6206a56,32816,495468,13d435dd55126528df02ab23ad08b4fff0e1bdf1e95ef0b291a4e75dc05d9a14
O55-39,EC1N83Cbinh1c8254eaa56e,32925,497103,9ebac7429b64d4f0825c0197c325b268d2f342392d1ca30925aadf791f528d5e
O55-40,EC1N83Cbinh703b8965b289,32845,495902,d9d35ec53cbc621c3d076012da303ca1c72d3ebeff918ac0099c0cadce4b1e4c
O55-41,EC1N83Cbinhfd965bfc07b4,32760,494628,423af283f3170d98542545bd2fbf6030c4928a8e1853f35d56376e3df5fb315e
O55-42,EC1N83Cbinha50d447cf504,32611,492393,6aae446877c27254bc5215d1e7efe311d8bcb60babe4b4759cba938a3c6b8ed6
O55-43,EC1N83Cbinh1f1106fc3921,32704,493788,1a2c46ef572dfcbfe8cdf5011bf8aaf7d58046bd3e410dd8249d6379e8e0be6b
O55-44,EC1N83Cbinhfda5eb9c92de,32772,494808,22ef5c46f7f2a9c31c7d5c9288fc10249ff4b92cc583b6d22d81ae74e43a5879
O55-45,EC1N83Cbinh0e502d27faeb,32695,493653,694cf119e2f67e47dd21193a39cec79f5eb0f8ba2fe9fe089d3610b9bbd09083
O55-46,EC1N83Cbinhdf5a4d6e5f9e,32705,493802,634d293dd70304e657d5297863c0d3c569f326f1663c398a8a9b84983f15716f
O55-47,EC1N83Cbinhdc9be67c9559,32973,497822,efb7b0249a2de5e4e37052ec3eee63652d7ffe3ec81a4dd690544b0a048bfa92
O55-48,EC1N83Cbinh56a17ece38ca,32620,492528,6ef1f05c9b4c08d1cf34acceb95b399f0f2a99cf6f1276a9dbbd6fb9b50129fb
O55-49,EC1N83Cbinh437b66e70e40,32860,496127,d7b0b0f6da181b07384fb59fc88a9540dfeb2bcd2e0c58158ab82048a6fb4c91
O55-50,EC1N83Cbinhb38379c8576b,32658,493098,c3daecae787dbd01c19860818adc74d7809c0762742581310a499f2da7122d40
O55-51,EC1N83Cbinhb06ad441879f,32940,497328,9b287961dbdec1cd31047225f855d5808be643675f9f020e3628d312f3f5ce6e
O55-52,EC1N83Cbinhd8dad8fcb82b,32861,496143,d98fbbbe5558dda7b36098ca512b1296bb4ca3ad93d9633a6b051ddb9ff641b4
O55-53,EC1N83Cbinh767ea2a1bdcc,32745,494403,67cd9a9c7f74577d81ecfebde2c62307861d3bf11dbefd03168423cefaf0d3f9
O55-54,EC1N83Cbinh4aa779518988,32849,495963,e9a2d477aeb0a9754378c1597376b4666457ee4ef42a2e158325efc0743f514d
O55-55,EC1N83Cbinhcfd362543a47,32891,496593,61117c79f1f4a542ce349055745f9887364131a80cf3f95e8037047ed27ba414
O55-56,EC1N83Cbinh746acfa86d42,32840,495828,cd114ddb9d7b58d7e42641fdb7f6eff66ddd618baf9dcabc828afb8bb26dee83
O55-57,EC1N83Cbinh6279a5edf1de,32663,493173,6e0ef8909744d1cf9f57f910f19b1487c1b642809d87b11d6d34661506f97212
O55-58,EC1N83Cbinhac84ad990da7,32848,495948,9c8756a8ccaefaae4f0be54a029a80cfcf5743c9ae71b39824573123ec55923e
O55-59,EC1N83Cbinh052fc2b24be7,32780,494927,4014c331858e61a9e56654ff7856e2001503c339d50c3eb8d17552721feacde5
O55-60,EC1N83Cbinh393bd666e55b,32738,494297,0dd4d7f839c416f67acf94a953da57a06a827c0e00fad142bc13f9df30126c8c
O55-61,EC1N83Cbinh074aeeb11510,32659,493113,14220de480047ccca60d1db263603d7b5725de14c8a4818286a8b48adbebcf00
O55-62,EC1N83Cbinhf953f2101722,32700,493728,020bbfe4f752076d29a1de032c062a1ad474629edbe8c5c728c5bba7899bbf9b
O55-63,EC1N83Cbinhd4c7fd4ed0dd,32589,492063,ad6798586d925b527668d89ba8c694c6fa42e43bb2c6f18d866f069db0904204
O55-64,EC1N83Cbinh52061451cadc,33008,498348,9e9b511fe015689823b26798c2d9e4e41910973704ed666da00edc0dd4dc7968
O55-65,EC1N83Cbinh143150815899,33031,498693,08a8ed98a2ea47d2054076308f03a530cc48e94815254117c41f84f0960ea642
O55-66,EC1N83Cbinh36afb8f8e5e5,32726,494118,c537e77378225b4dea8a0cfe3d6cb1f64a2a74a4b9f4ceb4e36ae2aa2ae60f4c
O55-67,EC1N83Cbinh7848065f479f,32931,497193,15919a38f773a7a70af3c0141c8cf9cdd4c3f5c0a37f285eab524bc8e3f7029e
O55-68,EC1N83Cbinhc09d42a27419,33124,500088,8b1c23efff94efdcc4b825007efe6e71989dc0121b2d114b4f46b69128ed469b
O55-69,EC1N83Cbinhcfd44e803f43,32766,494718,691534d2c063c6e6e121b41c2e42a1772ba3616d7a9f03aaa12b3d5fa64abb0e
O55-70,EC1N83Cbinh2db3ea71addb,33018,498498,cb3e47a346ad889b42f9212d5c5ab95d0659fe82951d9846cf63b487c8cba5fa
O55-71,EC1N83Cbinh44199e7be3e1,32947,497433,c3a900691a7f348895c6d771bda03e0f7af107f235613d016c011d885f9ff6e8
O55-72,EC1N83Cbinhec2d509c55af,32791,495093,a7678a7882dbeb133a343a61bb9f8d9e5bc26ab954af38da22ee68f55a8214df
O55-73,EC1N83Cbinh5c12808cc0df,32713,493923,2d56021b4ad696701eae580da8df8e5906ab9a5f234a64732f64435f457e074f
O55-74,EC1N83Cbinha2fd5e4899e8,32888,496548,9309ba69301da56d57c5e9becd032cc8590873dda4e858ab0f82fe4d357310a8
O55-75,EC1N83Cbinh889273598458,32853,496023,f3f3fc4671aea10a7b61256f2f10e678f5a116a15a263bec0ab6b8b8ddf73924
O55-76,EC1N83Cbinh62145b3f6c33,32920,497028,b853504f1eeb2ee0038c820b28921eed23bde7e6d5a456860a01738db89cdde6
O55-77,EC1N83Cbinhd6da026a1be5,32856,496068,9ce35079816a0444a14dec0d21b6ac88a75640e6d64edca1d0b17390f7349774
O55-78,EC1N83Cbinh7b6c6ca1267c,33067,499233,d42fb36cc3c2a68683a1c384631f73d3aefdeee045493e66a453865c06ef7616
O55-79,EC1N83Cbinhde953a3c1d7b,33012,498408,ebea2085557e9475626553ef89a400f6a72bcf2118873e37e1f9b2e6d7ac3686
O55-80,EC1N83Cbinh7dbbf4d50438,32792,495108,33bffb2eff525c885e2cef7f9819113675dc21e726f6abe41ce86487bc04bfda
O55-81,EC1N83Cbinhfb2af0e83c43,32745,494403,e3c730b0ae2ccaab9ac4b13c4b6f1dbadf7b1c9eeaa7f931ba79d5ce5b0dc872
O55-82,EC1N83Cbinhcd200e8378cf,32813,495423,453bb36045e1454af22cb817349d33945a751e0915743a8f29d6d02283225bd4
O56-00,EC1N83Cbinh6da39842a88b,32728,494147,5b9869e70f88bfbb4f7f1e2833cac52e21fa7bddd8e27387bad6d8360c2e02c1
O56-01,EC1N83Cbinh4fbad69f57c5,32739,494313,e12668b8a0fcf23ed1d1c53d99b6fdbbe3c4e60d9f82cb00dfe56e4a36d92e9a
O56-02,EC1N83Cbinh36292e97d2a4,32877,496383,09f5644ca3ac445b035c68a4b058b7c0147f14d42bdc6113fb97fc9d23fc54dd
O56-03,EC1N83Cbinh9cf8db2dce2c,32928,497148,15f9e3f227a5bd8f3bb271026f210eac62346041849b44beb02cb54c2004ad29
O56-04,EC1N83Cbinhbbcd5cf1da13,32800,495227,c4bcef151464668906e193efa63a5a6ad572b64d3906a858db9f89383a20a445
O56-05,EC1N83Cbinh4ff9a09ad261,32856,496068,188362397ca1338c3d45ca420edc71fc206dcadcdddaf14e241f66d5b6251510
O56-06,EC1N83Cbinh56daece788e6,32665,493203,e4e12a022a8711707f759ce1480734e462f47aad64b69cb7bec93923a0b9fae0
O56-07,EC1N83Cbinh1057bf9a1d43,32831,495693,c1fa176e9b755a941436bd513a6fa04fc4e4a83d99a3d78bb951187cf4352f26
O56-08,EC1N83Cbinh39e35c876b1a,33001,498243,a5337dc00f66e879d3c5fa420ab731e5deea3acc29396cdb5dd09188ac627a81
O56-09,EC1N83Cbinh49e4afee1e06,32916,496968,c0025c2a5020ab2ae502c7acda6495ba20f582357036ed7b75b80ed9211eca8c
O56-10,EC1N83Cbinh4d41e9b282cf,32749,494463,dd5268b81b9895a3bc8547a22b852e30568884f37c31761f4cc7f4378a5627b6
O56-11,EC1N83Cbinh427ecf4fe9e3,32771,494792,cf8d4970ab72fe26e9e145a810e9957e17588ef2b5f6c3ac0ca46a2fcd50a2f2
O56-12,EC1N83Cbinhb38ddd561c40,32680,493427,2ebf822e475555f23f51eaa8ad412aac6a3bb619cab00f5a2dd28c522240f07c
O56-13,EC1N83Cbinh8c4802f8a392,32871,496293,71101a2f9e22ad6d44d605c36a3f22a4c938083a7b00df6069a7aeb4e8a6840a
O56-14,EC1N83Cbinh1448db55eba4,32751,494493,83ded9a221559a49f020d14f85e4065883b7174bfeade64ce1561ac8c6012a83
O56-15,EC1N83Cbinheff113c255f5,33021,498543,25c4966e82e208c55e9678ef3c7883b45928ba3dd3f924510bb36b68c9115aca
O56-16,EC1N83Cbinh082e82e27504,32701,493742,4c780f14d3be66335d36edbb3fa1733721838f82db6508e1d9df5231d1825c59
O56-17,EC1N83Cbinh0f20dbf7b910,32965,497703,ebd3a286b8aa2aefe8ddcf136d573ecb4d13df6f33b213f1d3540e32f61390f5
O56-18,EC1N83Cbinh32380bcbe8d6,32763,494673,bce91bdea199207d403f79a844768e595fc18fd851a78aa5b2dd9706f85161cf
O56-19,EC1N83Cbinh536705f87cce,32718,493998,e351f9c4dccf2b6758c4f0dd7ba9fe842fb2341b25ac3c836487ce482ad86d89
O56-20,EC1N83Cbinhc2fa47a984b1,32865,496203,235ce101eec1588c85738cdf059f2844f58078b7d3632d7279928c3c4d0425ed
O56-21,EC1N83Cbinhdb696fd877b1,33013,498423,fbb6bf0183f013cbe92d39dae22e40f07db15e2ddaced357f2131d6e6314be57
O56-22,EC1N83Cbinhcf5fbaf92469,32495,490653,a373cddcd54ba48daddb54c2c8deed021e13a0bca1f096b9add4315642399810
O56-23,EC1N83Cbinh685a76b0a8d1,32458,490098,3c4f2c2c709fc704f8279b6858065da9198a16eabf21741011a7716237034401
O56-24,EC1N83Cbinhc9a412476553,32578,491898,7f411f4668c029ab1553ed41a1448dc772ba7d7f77c129e76ff418803168fd7a
O56-25,EC1N83Cbinhe99a854a889a,32969,497762,a39a52e1138b1676197c57ccb0c4331d09a177ab33c96db817dc1336699e3072
O56-26,EC1N83Cbinhd8ebe8f513a7,32960,497628,a82273ff394cba41053e18bd401424ddfd03431c089df5372f7ef70a40408e13
O56-27,EC1N83Cbinhe5ac28fc860d,32759,494613,eec9ef4b1e91b5b1a87c94480168a588b326ab13322b2707469936db1551abdc
O56-28,EC1N83Cbinhd3c471797f75,32581,491943,299742ef1517ee6a41bd55233de93f2b35d99948bcbda5f7516bf2b85ad31598
O56-29,EC1N83Cbinhee91dbaf145a,32816,495468,83f108584e3df178971d7cdde887271ddfd4652ec7f9214fc626c19c2651230d
O56-30,EC1N83Cbinh2978d2043815,32749,494463,412d3b377d89632198c102924e659957179b0e369b323dcb27f1a09f1e2697ad
O56-31,EC1N83Cbinh6664a60de985,33038,498798,b6f7f35d74c59cde3e4a5d74db3c076867e10a72aa50602517c7af87c821ef1f
O56-32,EC1N83Cbinh81f158550ca6,32888,496548,dd12eaa6437108ddf3803aaece9e0c88bed7432b94913e722fc63bfdabfd546f
O56-33,EC1N83Cbinh0fcc04cc2616,32847,495933,3cc5d18c078ef790966ebd29b6c6fc248f622afd174e4542d1d5acde772dd53b
O56-34,EC1N83Cbinhc72eb7ad3558,33124,500088,63d6d1e381f50436cd4e3095b701a79ed064af8401240ee8f48750bafde42c98
O56-35,EC1N83Cbinhfe4bd455b183,32861,496142,bc89376ee74e0f4b60505ce75fdd0b5de1683f769067ed75a31bdfe3d89ee17a
O56-36,EC1N83Cbinheacf3aacf6b6,32871,496293,c6501a56ee1e232bc2444fa6caab82e4735236593cb0afd18744d680ef529417
O56-37,EC1N83Cbinhd8c38d1fe74f,32747,494433,4edeaade82e4346e7a1f891e14b000bcce9e11fc0af9b2b13b24d340f90acff9
O56-38,EC1N83Cbinh65a7f7c19dd9,32745,494403,0a54da12a321f01c1adefe074a3274620cab35d13395e8b12e3691270074fe2d
O56-39,EC1N83Cbinh13e8a28a3ad4,32731,494193,ea04578cdfb49b9b584ccff3e368bd2a08635b776066b1e51c6239ae02219a9a
O56-40,EC1N83Cbinh880dfe761669,32966,497718,51ca5e5341310b41f920a6b5c2d37ef19cb4d1f1383d161066de3bb34e41ec8c
O56-41,EC1N83Cbinh223662e85189,32762,494658,7f1692a25b398b59e344f9f7fa3be09d82337386d1b04bf7d7e3636a8d981cd9
O56-42,EC1N83Cbinhe6c64c627888,32834,495738,b1b1ef6578d658dbe476a83f088464a7b53b068956b9e4f871542c4f2c7cf4ea
O56-43,EC1N83Cbinh15c3b2e5e9aa,32659,493112,29df9bb709a78293a516eb60cec1606befdb801e7fb61b81aeef176576201d6f
O56-44,EC1N83Cbinh4921588bc444,32861,496143,cfb356828560e2aba8233e4773038e198d346996a3d6ea7a15984b1c63e0589b
O56-45,EC1N83Cbinhbb9f0aecdfa2,32601,492243,fba47f99503f61b76c01d30496547bab678a50ce009c8cdc115d3b6051069eb9
O56-46,EC1N83Cbinh3d014cf5eeb7,32831,495693,dde79c9ead251e3472898f696e8a21c88bc4d2434bc726bdea93cb48decc5199
O56-47,EC1N83Cbinh02ae18d8d899,32809,495363,a980c406f62727413b013ea4f6505c840be2b0622c04405486fb59710039ea5e
O56-48,EC1N83Cbinh14f3bc67b245,32804,495288,b245fa7e17f0742432077c364d282155f9978b8261f7b62d305debe31c77611e
O56-49,EC1N83Cbinhe75ed37023cc,33007,498333,172f821bbc9a14f281e2a8129673594abedee7154a99783b6abb97113cc617bb
O56-50,EC1N83Cbinhcde584dd4592,32897,496683,6e20752047d115a25f4efe62510f8791ae03cdd513c1cd817a52cd8aa77e57a7
O56-51,EC1N83Cbinh9bb8d1bbce24,32658,493098,8c1981d84c8f7421e309a8680f77ec56e3373922f180e18543844b5926edcbd4
O56-52,EC1N83Cbinhb5c3ae82aabf,32804,495288,128c6800d4a85b9c5d3eb4600f9971cc41c35535752a8f5394585f1d4cc2bd29
O56-53,EC1N83Cbinh84448af2bb29,32895,496653,810b75b0a6b966e683b039a72dfef5e6a17996133c06ed333f3345c0c1a84e9b
O56-54,EC1N83Cbinhd01826d6c3f6,32776,494868,69a2518d5e3dce16cd428fbe340561478ea5501a2a6600fb38ccbaf3955b3bdc
O56-55,EC1N83Cbinh24780384e288,32780,494928,dc245d35aaec861672c38d3b1015667464e7394f7379659cc1e5556379134384
O56-56,EC1N83Cbinh036fe518e6fa,32776,494868,ff2625081ad5e6a8a6ed15937aa7eefb93dc8fd606465e2550eeb856e98443e7
O56-57,EC1N83Cbinhaae657d7c4ef,32916,496968,19d865bfad3efa01754e176c513edf9a96d59dec5ceca7ee5a8f5fbe5dbace56
O56-58,EC1N83Cbinh9e02b8fdbbf8,32902,496758,5b36db529086fac2506b8f1ea7c9f3082c6a9faee3e689eda459a705cdfc39e5
O56-59,EC1N83Cbinh5b6af411bdbc,32985,498003,a225cf3e714e40d591ad599e92afe1a9a7670a6db688ad530bad746e54aab352
O56-60,EC1N83Cbinh9e893320662a,32876,496368,f562440dfaf8ced76e7469ff3a531af893eee09e708f776009f5ebc75f8ae133
O56-61,EC1N83Cbinh0523b8397f6b,32879,496413,dbab6bfc610b62e23c30ca13488ccf14f45d767553c0605f4f125e739fed6e9d
O56-62,EC1N83Cbinhc651bb730595,32663,493173,51ea965a482759c3d6c31aec59fa057871226ce5f8c719be60e7cb84554c024f
O56-63,EC1N83Cbinh1ccaf8664c06,32864,496188,28828291fae964d0c3022f26149cabf1e55c5b5bb0ee6cc5bf9d1ab0e47b5a8b
O56-64,EC1N83Cbinh45bde0de02a7,32763,494673,d276f47684f907bdb08134de0e196732932ae04d210f91eb71c62aeee0e06e30
O56-65,EC1N83Cbinh07f86729d949,32712,493907,66bf2e6f6ced8dfe58fd3d46b2e0fa1633519653fdb064fb4134e7f0b06a3d03
O56-66,EC1N83Cbinhaac74504cd69,32780,494927,b2b47626f2ca83e25e3bb0071806eb7b494915b67d4377f5794817c0c9e24d9a
O56-67,EC1N83Cbinh992eefbaee0e,32726,494118,88da42d316eb213e46bbb558149814b96446c0e070da8c21fd923ba62fd6a3b3
O56-68,EC1N83Cbinh4d609dc90efe,32635,492753,07ab26e64b72d341d83096d6700dcc706621b2d3818d5929f7bde97ce135858d
O56-69,EC1N83Cbinhbfe0e15fe870,32570,491778,af9b9278ce8de04d2e9b3bda2391c5dfd2ad20d8cb6ad20f01c3338e17f59c24
O56-70,EC1N83Cbinhf21cbd54ce63,32820,495528,6073936555f2d7f798346e03d74ae4312b3fe077a617a00795cccb86df479082
O56-71,EC1N83Cbinh219abc8a8d15,32874,496338,47be8b47b9837499c91146bdea905c5bc33426d57578ea3a0cd2f2857e53ab61
O56-72,EC1N83Cbinh48946114b4f5,32769,494763,efcb2b44be0d791d042e7405488c93e81e2cbe87c5cf62db9ec3634d8361e0dd
O56-73,EC1N83Cbinhc723fdf70390,32889,496563,a82b790191a8545794e2837d77c4d3039b3f6b3c9217cf5031b31384eef531e4
O56-74,EC1N83Cbinh4c4fd6fd0ade,32774,494837,5b2bdbd8e5e85d2c778cc9f0d11d393d740281af7b9bf0171858776e0cb63f74
O56-75,EC1N83Cbinhf05d98dfa422,33004,498288,4880e926df7422a88c60b1e260856e14b8931efd8c1bdd6de140ec00dc70036b
O56-76,EC1N83Cbinh3e08c1d4f904,32871,496293,8325665b267db1a4b597f0bead322750ad9d1f2d92b6ce96f2c8edb383e4fd7e
O56-77,EC1N83Cbinh5c277c7d26ef,32531,491193,2029082348f41c535bc35f15e22cae34ed7e9a9cc1daaa976f338f8cbe6aa706
O56-78,EC1N83Cbinheaeaf799b712,32944,497388,8e20bd58de31f67249b2193ec653bcbc13804b7c78311946e345e6eeeaafaba9
O56-79,EC1N83Cbinha5c6025b59f9,32846,495918,c6c1359d59f5f091178c02bd784ea8f59e956a1c399274204c30caa8be93041a
O56-80,EC1N83Cbinh0fcce4b7c680,32599,492213,53e78f47ecb709f9e7f9e221aec32b2032ce6135d8b41ace6d68d176be518208
O56-81,EC1N83Cbinh3bd08618d565,32627,492633,edeb7df0deaf47e89e8c03bc55b5344a582fe9b9e47cbe47d9750927fa7d4931
O56-82,EC1N83Cbinhc5e31436ae74,32845,495903,cabba87c7436593c29f761e1eca4b4baa41f7af35679780046665381a41c441b
O57-00,EC1N83Cbinh1cb0bc192712,32839,495813,1188dc7ba68f904aa07e8a37fe2cce3eefd5213025d3ceac4055e09fc916db4e
O57-01,EC1N83Cbinh867de353dba5,32832,495708,1498e55323547c2833d20b21dd2304d3467dc2bac3474fea59d7e4174387dcb9
O57-02,EC1N83Cbinh159ba14a6deb,32822,495558,4f4baccd7384719266999515db0d6403f4444cb6007fecde4aa7b59eacbf4871
O57-03,EC1N83Cbinh7e9960aa3cda,32939,497313,56f3a76a63a59fccbcd1b03730bc4dbe8cdcbeba143e3009d19034efe31d0329
O57-04,EC1N83Cbinh53260b954c6e,32823,495573,ed5ca21466ec39001f4653e4c37714ea1d5041fdb2d6f25cb70870d35b27fec8
O57-05,EC1N83Cbinhe6210f8cad30,32666,493218,34de97d3406b719ecf04720870b9c5a0486f4b5c119ea6eb204d4a54071d0b19
O57-06,EC1N83Cbinh4512b3e340a3,32831,495693,4338f87aff40d58c883cd6277b988564d946f05b5dd12747755d228c7ce1a493
O57-07,EC1N83Cbinh7b2417a90b03,32797,495183,cafe0b0230800da54790f9dbb1758f166098b30e2db3288edee56004202af4b5
O57-08,EC1N83Cbinh5249d98f49bb,32443,489873,8ce9f217375fcdea2073ae0e9a81f53ba8c69059ef85779f8aa3729ea0ee69e7
O57-09,EC1N83Cbinhe948fdb0c7eb,32665,493203,8d0a6f2d0cefcc3d6140cfbdd6534b162dc8a07ef6b49906f1eed961c65d8412
O57-10,EC1N83Cbinh0fb8c4e5998a,32857,496083,4a3c99e1010e3b4684a99ec552ab74ea5defa2a30aea1206b1591b2c2a17b5b6
O57-11,EC1N83Cbinh8836720dc393,32657,493081,c9e99b25adc75ca5d779a1b6f9e038800a9cfca86181d1415f2b696e941494c0
O57-12,EC1N83Cbinhaf9214f33927,32670,493276,6f1819ea83a92e56af70a04441f8965347a0e647657ad721c5288afcb2ce0a37
O57-13,EC1N83Cbinh6e7834113ab5,32857,496083,529074fe9e91564ac9b0bed15ce8102102f86d66cbb9d6ee71fb431a77e6319c
O57-14,EC1N83Cbinha49125260ef0,32794,495138,8e8fe11077637a3d54059dfb9bf4e1d193550a976b6bdd51fbdc2e7ec911f39b
O57-15,EC1N83Cbinh5c7da0ad5ec1,32767,494730,23af9981802707124b3195cc44bcfb50985ece5a151a05ae256fad232a399e41
O57-16,EC1N83Cbinh78b7376185c7,32637,492783,16c300be8c71a22bb5e21807ab1d1e8ce78084e4d1123eb7e2c80aaed97be0fe
O57-17,EC1N83Cbinhd2f7aa048c4e,33037,498783,5b897a5e703c6f17fa8b877c6831bfae49e4a43cf4fdac51a7cd0aa60d10b815
O57-18,EC1N83Cbinhb90c29a961fc,32926,497118,e8fdfcd636c4829d212845728e92b79d8abb7e224e2b0645574b360899f04d28
O57-19,EC1N83Cbinh84da423d2072,32694,493638,165015939cd76656f9acf518427b9771ebd08030d13ad07e0927b8296497cf36
O57-20,EC1N83Cbinhdb5aa2ab638b,32729,494163,961f727b13373bbfb54c718fc33f3f7ae62c46889ae1034c4d17590539d6c21e
O57-21,EC1N83Cbinh845e5594572a,32917,496983,dc6b1ffc704d724c36607d63059256e0cb6971dd947ff488e4775238c6d9f801
O57-22,EC1N83Cbinhd563a4b193da,32789,495063,4967a4c7459353b39684eee4819633c6a9ba98444f75a81e1af63f13c81ff047
O57-23,EC1N83Cbinhbc851dc30cb5,32897,496682,dc5810166ab7ca7804c44dbd23b2087060439553324abb0e58d5e02ae3442f40
O57-24,EC1N83Cbinh8e14fd9beb09,32696,493668,d379673679cd1853d172f0fa62b3f0339a60e0d94dd5c2211d7bcb8e67ec7abb
O57-25,EC1N83Cbinh7b312bb960e2,32848,495948,7a515869b1655821d165533646fe5129a8da611290743d4863872892017254f6
O57-26,EC1N83Cbinhf5706f157f89,32639,492813,02c7141cb76da6adb4c53e6f93fd014be5026c30b0644f65c48ab2a06c28f747
O57-27,EC1N83Cbinh67dec8506db6,32998,498198,f3f3bc8a603488cebf15e4f532a7db2c295cc80979fa778d02ca0657c013807d
O57-28,EC1N83Cbinhf99635a2e497,32597,492183,5b19839348b291bfb5276499b196f453448d7223f568b6e05891c0aa89def8f4
O57-29,EC1N83Cbinha029b8b1c1d4,32741,494343,811791d0631ca517e97354826cdbe211ef195d13f15a8b62327bd6b7a792373b
O57-30,EC1N83Cbinhcc8f1d828a0e,32716,493968,6999ec426d3a5fd894fe8850ffacb3e55bf560e05ea34f59169875d439587232
O57-31,EC1N83Cbinh96440e841136,32662,493158,5c26b5174a1451face7fa9d7362cfc1306fcf9884b9f0eddd9f330185fcf81d8
O57-32,EC1N83Cbinh0bf5d79202ea,32859,496113,fc9bdc8311883df0aa9429fcc5003a93484fc683340d424a3e38ca87f7558034
O57-33,EC1N83Cbinhbaa79c003062,32963,497673,9c846d05efa039e87afb8c3bdefd60e1cdcbe43d4b30b9f1247c16f4937521db
O57-34,EC1N83Cbinh3803646ad6fd,32882,496458,bc4981973493d7969433ccda5fc4ad3492db83c6005bb518c0100fe48ba3233e
O57-35,EC1N83Cbinh2feb318e9b85,32939,497313,f9656d6330443db1f8f453fea0be07a4d32d5b4846a799e4acac42b67ef03f71
O57-36,EC1N83Cbinha545479d9289,32715,493953,08735eb8924a8a6d560377476a36baedf53ebab83aba0100f830d12f7879cc45
O57-37,EC1N83Cbinh18192118eb65,32756,494568,2173655937bc9d2ee2d61845ddfdcd882778208070d407cc72a670a82787991f
O57-38,EC1N83Cbinhd8516eb2c675,32791,495093,2e6f7ba139da4dbcd839b3024fbba32dcbe1a8d193f0c4b053440649c14c790e
O57-39,EC1N83Cbinh339048133bba,32454,490038,75dad55d201ef660565eb74dac9abc56894d698f6bc4810ec4485f69bb050547
O57-40,EC1N83Cbinhc1091e4c6fe2,32918,496998,bea4ff3cbf9cb368f8ef5b07dca946956e2291da89ea39fe8ac59d6fc28da5c2
O57-41,EC1N83Cbinhddd0032b09f3,32783,494973,98fa2618a484b3c4b0f2363958a42374200edd537a1fed31ddfe3c981d9ea0b5
O57-42,EC1N83Cbinh861b34aeedb8,32760,494628,27028a6c4497d9581f21f963e71d81a1d1b92722b80c1bdaab09ce03777b0b0e
O57-43,EC1N83Cbinh2583a4d94bde,32812,495408,13f2c7be3ceddf003df083e01109841482ce8ef294f9ef2d530e4a2a3fca5498
O57-44,EC1N83Cbinhaacd131cc0cb,32647,492933,2657a6737087957cc7b5466707edb0601c6cbb8fc728a2266877a4ed4b48a2b1
O57-45,EC1N83Cbinh1f9030cc600d,32837,495783,6d56fcfaabb70200b404385c9e004f00f51d8255e179dcb62f95bd44e63e38a5
O57-46,EC1N83Cbinh44c1ca6498a6,32660,493128,d910600d7b4f8f44ad4302e85cda9f75be5e9a21eccc02ec61654e768e19041c
O57-47,EC1N83Cbinhc7e4e6f99aff,32929,497163,57728ab50865b4d4bd4dbcf599c07ed3b3870844a3127192f297485cf7364372
O57-48,EC1N83Cbinhe829f2110cf4,32901,496743,6a6cd49bc73a1cd862322ef24ed8cf46f3223d14a7ed00610945d58d241d8859
O57-49,EC1N83Cbinha59919fbf947,32748,494447,577936eb3e5ebffcf681719201c865c1527b761162b4108c2e6547f5f98906fb
O57-50,EC1N83Cbinh89f17ddc9ede,32631,492693,ffffd7caef0e4ecbcf72eef7db9988d408a9d906170e0ee9ae87fccfd4e00703
O57-51,EC1N83Cbinhf9c3be085325,32843,495873,fb4363d55980739430c82f168921c5510dc2338647e9a068330c77cfc3a69901
O57-52,EC1N83Cbinhcd3fc3e8479c,32967,497733,787938f39f6bdab63138bcedc5e00d6292bacd062831bd1bdbd64d5a043912f3
O57-53,EC1N83Cbinh3ffd9f4ed4b6,33009,498363,849ab275370deaa3dd9b1956ad4b0df4e87f50d2996d08b74bc2324d3296e6c9
O57-54,EC1N83Cbinhc57e1613db81,32981,497943,8c21c900cfe862a29c2aad9fbc2e101335b64208263ea16c72cfb5a96bd2f483
O57-55,EC1N83Cbinhc1e3be3f0fc0,32816,495468,26dd908ad16b942100b8d256d9ae88c658bd294154bf96cf1ca921b95d1120fb
O57-56,EC1N83Cbinh69fe742a7a71,32924,497088,c4f56cf2e618b858297d3b118a7394aaa7695e6b21cce81b4ae921333a6f566e
O57-57,EC1N83Cbinh3be12cf2fe78,32614,492438,5f8940ed954f7aa3f137bd51e815ce52b979e332f342bf92d3584b559228e0c9
O57-58,EC1N83Cbinha0e1d0b65e1b,32986,498018,c40a41272cef8827421679541c9d58d46d51f262450c0e64dfb9f18e8cf847d3
O57-59,EC1N83Cbinh6b4428ac0806,32956,497568,c4e4faaec491f7cbe57de4a8f653634c159bb907fc209cb5ef4644d35c5ec0f9
O57-60,EC1N83Cbinh34f91ec91acd,32811,495393,39f28d08e68f85ddd2b9ddd3f20edf331fddcb0505ea8afea620309e77f3e80f
O57-61,EC1N83Cbinhf0865a984706,32705,493803,e802e817327818f907f504859fa14f7d0190400a7b2b87e93c4cd3a5f74efa50
O57-62,EC1N83Cbinh0a836947f438,32893,496623,6fd6bac9e45fcaac86eef43f64d1710c50ff1c0630a63c2362e4b8621cb43248
O57-63,EC1N83Cbinh6b1c08d30175,32853,496023,b2e6faffa5c1d3f00fa09e2fa83a28838377bbe687fbd7ce98ad1bf1827b5303
O57-64,EC1N83Cbinhc9821050ffc0,32649,492963,6cfa982358bce352579a68f57e0ee94ef8f0f08054864bb293e111c736377a6e
O57-65,EC1N83Cbinhbf06de128c10,32843,495873,d86ed5f01ef09502cb6610db0818176c7fcb02885ea6efc8b33f6657dbe40b1b
O57-66,EC1N83Cbinhd6787155001b,32580,491928,7ae5ae8eb115cd42bd3e1172a24be7c83d4a3f328d35c3a637843ac362bd1138
O57-67,EC1N83Cbinhfcb89adc2584,32830,495678,09aca7517d27cb352a7be48a1effd9d6926af211f7615ae9993bfef9dde8da07
O57-68,EC1N83Cbinh383ac79bb1fa,32545,491403,1de1da13e31e8e1e7ec84b68a5b6856f2e704f866534cfadea218c21650fb2e5
O57-69,EC1N83Cbinh2c14d6faa614,32832,495708,f7ef594192156c9eb61df5694e540f7ba94a12adb4543e10e56d8fafb75f2b5d
O57-70,EC1N83Cbinh4c67235aff97,32794,495138,e9c9add33d99a8944ad693fb36ef9c79faaa7fc88d7366e4d267883a77ff376e
O57-71,EC1N83Cbinh5994bf9a732a,32837,495783,104f6220a87066a431661aaffb6de0160bc9e672325cf1bf2182444f5efe4703
O57-72,EC1N83Cbinh8f7250085d8b,32890,496578,f72851a949fba27f9cdabd25c105bcab834b6877aa454792084b8fd78fdb4a8e
O57-73,EC1N83Cbinh25c61b994e5d,32812,495408,4422dc3f8b63f7c71d77b19859cdbff00143424babae45b10334a4cb4b81cc86
O57-74,EC1N83Cbinhf18a0e4efb32,32781,494943,874abe3e8948aec12375a679b4dab69953f168389b3fcb33b6fae4382ef4306e
O57-75,EC1N83Cbinh2d09f9042d05,32802,495258,898fcc5dfebb540fcf2005bd6fa93c6d5de472cd5f6be7db308ecd9f456e6e4f
O57-76,EC1N83Cbinh34288bf42140,32817,495483,7a5350ba2cf592d4c7d4359f659c546823e067824ee6bb2b7ce9486e2159ebcd
O57-77,EC1N83Cbinhee9fc29ad76b,32838,495798,7da74bd0050d6468662f42247e4d37e968827c35f5ee7be3f0555e6b5fa0a2fc
O57-78,EC1N83Cbinh5972ace92682,32866,496218,6cff0533d7b830b69d3fb272fca17136295ea3b6b7f318f48d4f620640b3dbaf
O57-79,EC1N83Cbinh5f6fc126dd12,32714,493938,929a416aab235b9f1e132ba6df9a5bfac7cdf9b7676b7544b47b0325a7a41bfa
O57-80,EC1N83Cbinhea4adf758404,32860,496127,b06984a3d158c286a7388500c971054202854601e262899fcc1abd91d39e926d
O57-81,EC1N83Cbinh57e78a33e63e,32716,493968,ab89d78734edf8374b01d3dcf15d9bb2ece7c30c330fa5cfc5687b74d036ccdf
O57-82,EC1N83Cbinhcfebb65f0d02,32645,492903,c1b563cd2f86e3a3caec0d333c5501db3fdc8286e6f60b995df2a708650ec609
O58-00,EC1N83Cbinhcad3d9fd149d,32804,495288,2aefe2373259fa7b6161f45221de51ed8b24e6fb1eb85fb07613345639d06cbb
O58-01,EC1N83Cbinhe164d35fea55,32728,494148,bf7dd4fbfc4a2877b61d328b781f98d3f857f83cae407ce461ff3f6c15ebfff7
O58-02,EC1N83Cbinh2aaa31d26294,32828,495648,6137a85679c13a68d48ef409eae289bc718f18305a917fe43991cf8fa0bcd56a
O58-03,EC1N83Cbinh92e6c8bc8f02,32980,497926,b992b97dbf55eab1bba1adf82b9c81bb4f994863ce476426492e950a56994882
O58-04,EC1N83Cbinh7f2a06fe21fb,32977,497883,ab98793d2e8a91adfb240266b858795fbaf93b2eedb080e2b936b3bb20fe53da
O58-05,EC1N83Cbinh53708aa25e05,32801,495243,4018395b480b3dab6cf6f6fff366769964a9afe3c9a932b3a4821893ab03c1be
O58-06,EC1N83Cbinh5c7eae4da374,33061,499143,b5cada95e12bf15f26859a1e1e45156c2d7349ef39bd57ca34a6868715ddd5c0
O58-07,EC1N83Cbinh7e87d3fab3c4,32672,493308,bcd92d83dc6a03bf8b826ecff781eaf7bd2c4c1526ae6465c5aafba186b481ac
O58-08,EC1N83Cbinhab76f47620a6,32748,494448,4faf49030e34a0a888a285e02e92bd85eef287767ee62e59d598363c4d56d3c9
O58-09,EC1N83Cbinha65d22f0ee44,32929,497163,94496921cd26f13b0ee552cb72d0dc9ff64f99e6e53878408ffb7d0dadcd6e87
O58-10,EC1N83Cbinhfc6924567e42,32728,494148,98c5c3830e974b265243d1a053a8ccd2ed97dcf90a975047edeb8ee91fbf86ef
O58-11,EC1N83Cbinh71019946a2cd,32677,493383,06bf3267a07327326b42dfac5714859b9293c8c79aaa9f08e25a4a090258efa8
O58-12,EC1N83Cbinha935acb8b47e,32823,495573,9863f76107c091765b9d175a7769c9cb2f931ed5f62e2930703e46d1791681a5
O58-13,EC1N83Cbinhd814077ac532,32781,494943,daa061fd0892336b63bba8e38498b00db38938dd6670b13f5f473e14c9995342
O58-14,EC1N83Cbinh0d4d8d53c646,32706,493818,06e9fdba39db1cf13e02dae74612dd64787720fc63db7d17c0c9287c15d35825
O58-15,EC1N83Cbinhdc203d025278,32948,497448,c652c92d7518d6a385460c31998c12141a4062690822a07a11be08586933e925
O58-16,EC1N83Cbinh34828372ec23,32695,493653,31e84265a07a22b2bb0f505097dadbc34f94971e7414719f4d16e3c161723302
O58-17,EC1N83Cbinhac4c6d573e83,32593,492123,a53f9270d438c2917c31a9d9df86a6a6308dad109fb42944046e207b4ace490c
O58-18,EC1N83Cbinhc46f7434d43e,32716,493968,0a59b588228a6a3917d673f0d0f7fd8238f433454480b0458ba0eaaec933f70d
O58-19,EC1N83Cbinh454ad661b07c,32731,494193,58e4a4d72f3c4c00bc97d13dbc265b17abc08cc4900dd2f0d4d5c0f695957af0
O58-20,EC1N83Cbinhf02304f3f217,32952,497508,5293e74b98698e5dd5147fc0241c740a9e4334b5f449e4045aafd050961e56ee
O58-21,EC1N83Cbinh1d350f7133eb,33056,499068,5c05fa5ab5a778c2724ed6916804464d479ad735b1878065c463317cfc9b69f8
O58-22,EC1N83Cbinh063c1d24293c,32754,494538,6c75b104cb30586a1fa0cc4408c5bbd52b4e7e21557c353f21d7cc5fbbe1fd5d
O58-23,EC1N83Cbinha40d62347ef4,32722,494058,c0457e3c5bc9c0817d7d8797db051d6c6f3184ff077d7b85e581aebaa607cc5b
O58-24,EC1N83Cbinhcbedbb2eda0d,32823,495573,0cb91a70cc28f8a62cd3f5466bdf4245425e39585b194ed7ca2ad9b9bfd0a349
O58-25,EC1N83Cbinh517483924f7e,32793,495123,afac8537ac937512f079dfba4df673cd2e864ccf536ce84193332ed86ba68d32
O58-26,EC1N83Cbinha0f92532b320,32503,490773,8630a8ee5ac24bec70785f6e6451d32f154669730fbfc707681f53a3dbdad473
O58-27,EC1N83Cbinhc4c372e8477d,32681,493443,4b92f7a8caff64c7b4d70702b2dad0db742162653557b99749bb6200c0005f42
O58-28,EC1N83Cbinhfb929ab3048b,32779,494913,ea8b0ca5871de5aac20c21d3303216a5ffbcc47ddb6443fe6017bf523df5a36e
O58-29,EC1N83Cbinh8b0d8b6c2b8c,32678,493398,be62a231f4e689f04b830ac7df35a5510ff32ce93eafef1173e39902c2818ed9
O58-30,EC1N83Cbinhd85bdcce275c,32525,491103,8262e050997052518982832aae050dd0c82ea48d123b77aaaefa88a0b9f75573
O58-31,EC1N83Cbinhf67c8ac6f725,32896,496668,d9b238b77d47350f3cf428167011a672b20c77f9adf7b70cd54d8a688323bb1a
O58-32,EC1N83Cbinh48a9a22be80c,32898,496698,0e174027aee6b30568b140b3e2fe6a0d6f5910f7cd41614f471e304da7fc659d
O58-33,EC1N83Cbinh3ef06a27d565,32857,496083,dbb99532dafde8db6b23477617b9b15db7022ace52b12e7fc6c5ce8007395136
O58-34,EC1N83Cbinh40b5ecd6a0aa,32726,494118,5a87c91f00b96adae7869a90b0d478b201f83dc615d8c7c266782608b303d99e
O58-35,EC1N83Cbinhfbe5212c37a1,32701,493743,ff7eee237243811632350e806b95cdf284de0e6983c72a9aad6347b60b6e8aac
O58-36,EC1N83Cbinha720157550c0,32682,493458,aaf51c85781b332640ce026c650040d88e824b23a0a1204473a77a3df2e31069
O58-37,EC1N83Cbinh1f6cf44bf76c,32841,495843,393bfb28999d68e80b61b9625f063a4e86e8b211444f6690d3dc1ddfa59cd97f
O58-38,EC1N83Cbinhcf3edd99614a,32733,494223,fcff5ffe56f0e7394d84fd2c62ee5bac9979158e3d9731da232efd37a4e0e86f
O58-39,EC1N83Cbinh9408a61ece24,32903,496772,e60d51024370e4ede49b1e8f9c2dae50ee7458f112a0d77da1027571731a0a46
O58-40,EC1N83Cbinh6f2e9c224118,32804,495287,f29006571a4122b6acef8a48899b106fb4211d42151d60d41eac8e28f637ce58
O58-41,EC1N83Cbinh4f6c14cd9933,32548,491448,0e72774e7e4928489552408c48e16fb66029906000ac5e45b5130248312fdb8b
O58-42,EC1N83Cbinhb17c30043208,33091,499593,32911ddf970f04b0e500081d0791ee64410007a4896fdf84795c5b3b7dcbca86
O58-43,EC1N83Cbinhd0896666a12c,32871,496293,efa05a60e5fd770ddd8c78756dd868a5d1cfa22a4ce0d5bb9e6510dda1185ccd
O58-44,EC1N83Cbinh2dbd80013dc8,32704,493788,74278d8b5a2da19cc595b15f4912714cdfd64f4779746ac0e8f3f4ae31be3bee
O58-45,EC1N83Cbinh5f9c49506d6c,32639,492813,6ef55fa52cfe37556fbef4aad7f7bc9e3bd4a2a8796970bf708c25add551dac2
O58-46,EC1N83Cbinhea0393aba2a5,32725,494103,6062f666bfab0cb4e324698520a4cfe2c84bebc21fe44c6cea947b49c184c284
O58-47,EC1N83Cbinhce5d850f30ae,32615,492453,d0a470dd2b5e06a45c152414d25ad7f1689bb622b16eb4be8dcaae4791f803d9
O58-48,EC1N83Cbinh7316a28f5fdd,32929,497163,77a478ba7baf904a7b271f1e488107d3b80c88485533b2a4bab5c289edf0e259
O58-49,EC1N83Cbinh9fc53b6cee87,32702,493757,71bb60297e40e940968bbdaf73145aa68263fb250421597298bc1bb812667ad3
O58-50,EC1N83Cbinh504f66555210,32805,495303,68d0d1171242c9e1642ee3fa2970f79cd173c1ab7b62a0517730a9e8a2d14077
O58-51,EC1N83Cbinha7518c999e85,32643,492873,6b918b11da50e6e9ba5eea92e2420653d7c5fb15b5c7f84e4012cb775e3719a9
O58-52,EC1N83Cbinh2ba041a9335e,32889,496563,16a2b4723210def2deafbf5a331b4781e49d2b965c1d868bf4746c8a66d6a9a9
O58-53,EC1N83Cbinhf8485f183765,32907,496833,cfaa96375e06f99e4fb922216ced5daedae0c8e6c2b59b99e16a7924084304e4
O58-54,EC1N83Cbinhff75019ce2d3,32784,494988,e35cf6e07ec18928eeefd782a28c352f4a50c5039da8b70370d0f78454d528ac
O58-55,EC1N83Cbinh41c47c050862,32906,496818,10501779e498280f29937b70794b0a2975c90937589962ccff7422aa1113b089
O58-56,EC1N83Cbinhf2f929405ad6,32727,494133,aba335e1615eb1b8a2a3744413d203386dfb22196ff2729183d6b6506bcca620
O58-57,EC1N83Cbinh3320db169573,32772,494808,7e9b1a062cfdc211e51354eb3bdaa600d76112385c116f756657c6c2da642e3a
O58-58,EC1N83Cbinh8e91089d9104,32911,496893,45c7f49ee1919a7587305e1edbd178c7ded08597033c2a67d682c6799102f9fc
O58-59,EC1N83Cbinh75de47c04736,32959,497613,eec3cdbeef9ee38dcd8c7f511b2b344a2a1ed7499810436c2bac6abcbce45e04
O58-60,EC1N83Cbinh69f48da8c347,32836,495768,86c9818c398b7158f68309ac3f6ff8c49c66d7c8b2de4c68bd08139b062192fe
O58-61,EC1N83Cbinhfe86114c60d0,32845,495902,77b1890de1613781f08c9146c9895b3242e818509d57c9fd12fd7101ece0dca4
O58-62,EC1N83Cbinhd29ee7ce5e0e,32689,493563,3a125d0d9305a003a34cd684968ffe094938499f7e9510f4fbab988d98651449
O58-63,EC1N83Cbinh2083cd63c219,32742,494358,e473b8424475f65c567b36514ef36ea884b349ce2e88f2cf82e8c3738c9bfd8d
O58-64,EC1N83Cbinh9fc7e122f283,32876,496368,bcce15e3f2bff532bbf98488367f1ba92dc7f73748074139b90dfeb4a2e5c84c
O58-65,EC1N83Cbinh018beadcbd35,32316,487968,d95283a0d17aaf77f9dbdd06743c7dd3ad5bd2110598555d94536d3ec0e0511c
O58-66,EC1N83Cbinh18d7591e9dc0,32767,494733,fe2ee2de4ad3f6f8ef7c684fb408e92af5152173c21ca40c944ffb6f5e90130b
O58-67,EC1N83Cbinh9926e268d4dd,32809,495363,a6f730611c4486b94423f82dedb62d8cde280c9d17f3737d7b1c1d3a8dcf5a37
O58-68,EC1N83Cbinhb6e29070cafc,32703,493772,3d565705d90a1bcd51203449943f10666dd6e7a7f01b8ff6da411cd90a61fbe4
O58-69,EC1N83Cbinh3dfe3257924a,32703,493773,e396de712338d3a66226a869c8749f35fc0e5456872067dec70d76d8ce0dc84e
O58-70,EC1N83Cbinhf3d77ac974a9,32663,493173,395b0c257019bff46a8e062a6d815c182ba9617918173d8539a646294c67aead
O58-71,EC1N83Cbinhcda9587c4751,32961,497643,15641f823e1df4016f8a88d3786e1621eff2d5758ff443c33d8fd4eecddc6adc
O58-72,EC1N83Cbinha5dde09dc8f7,32680,493428,fb528c7bb576bf0c6d444a8d0d59efa5dab362b70e6ada4396fcc07792281c17
O58-73,EC1N83Cbinh1e8124aad186,32557,491583,9d1fadd0b3a482ca471b88c07e461a0277f364adaea46a81ba5daf24631c2873
O58-74,EC1N83Cbinh6655d5201703,32822,495558,51d21271f8cd758ef92ca7ccec849a6272a460cdf85ddd0c54acb564c5092db9
O58-75,EC1N83Cbinhdffbd53da329,32894,496638,8220923ab199cb44f24d8c0a64e6592435bdadae71ecf9a4f94b8663ba2d64af
O58-76,EC1N83Cbinh9aeeee51d91e,32716,493968,be0250ef6027e27de3af6c39277525928c5ed57b7ee4ef09e7d2bee39e6916db
O58-77,EC1N83Cbinhe20b4bc695c5,33014,498438,124ce6c29bc5845963749d0b90bfa540f37f64d366edcd85e30f615acddabc7d
O58-78,EC1N83Cbinh285061a670fc,32565,491702,d0d9ce0302aff407489749d917c81a23332d979ed6ebd8fd2c970b2b93d69f92
O58-79,EC1N83Cbinh0d90aa499edb,32881,496441,60f1f373f6f0c6ef72fd403dc04d0d89efd12cbe4ed71174f1c0210880e1ce03
O58-80,EC1N83Cbinhb851f9bfb130,32647,492933,22c931207dac02628831bace33ea7f60947d0eef0ea28727c10a5fb0f174043d
O58-81,EC1N83Cbinh929d4d514ef2,32766,494718,cf09a433ff25d0e23e184ae39afa3edabcfcb12786727e5e56b2538f6f5826e3
O58-82,EC1N83Cbinhccb99ac34d1f,32718,493997,b282fe180a8e9250a2b3064a8730a7362fd23fbbb23ee9a995db9d9efecf270b
O59-00,EC1N83Cbinhaab6a31d60dd,32863,496173,035b7141ea7a63b0c75e46a292c57ca4dbd6ab968564f8d62dc93afd96ffcba7
O59-01,EC1N83Cbinh4ad41e039347,32759,494613,1b810b2a901c97588f0bad3733f9d7adcdbedb4c72e5782469e4749c74618824
O59-02,EC1N83Cbinh2d883b80c57e,33027,498633,98f21658138163d9cb7202d2a74525186b2049942c01817116dfb26563d51578
O59-03,EC1N83Cbinh70a76decf775,32745,494403,9cf3192caa540338be5689ccc64b14da730f7295b5f03b50959fc0ebc3092a73
O59-04,EC1N83Cbinh66638227aed2,32867,496232,41c578a08156920b248d10339244e10af126186de50aaefeaf25f298d9098bb2
O59-05,EC1N83Cbinh54ff1a631e23,32616,492468,e9a7a187487fed0bfafb23aca7edfc12c8a3a2c72822a7c87f44cf1e4807014e
O59-06,EC1N83Cbinh0a64e115d7c6,32902,496758,83186b930c1a82500dd69743c4690bab22889a483c669a51f01f7843f554bf63
O59-07,EC1N83Cbinh79b84fa5d495,32903,496772,0f1e9bbc2a23c89fa07443eed317bb75753d9079388ecb86cbce346d86e3cc47
O59-08,EC1N83Cbinhb61b2352a341,32970,497778,00a654098a41898a7eca3e683f2a686613d145a224200688c768e65bfddd07d0
O59-09,EC1N83Cbinhcf75cf6f6c9f,33050,498978,e997a18d4a93ff35f3fe7815b7794afb1eb747d2fecb3c3603e8170780602bf3
O59-10,EC1N83Cbinh3a195524f0ee,32566,491718,a4de1098157bfc1a82eb8da952215575a1f399ecda48e8ef4457a5c75a5e8d70
O59-11,EC1N83Cbinh4d7b856e622d,32850,495978,5364826150aff76471dd2980f65c5d684e6134ca58ff7ef4a102876820242c68
O59-12,EC1N83Cbinhfa01701551b7,32644,492888,701bdd5c74348cfa038490c07ca15817583b8335c4a85e81e3449fd7ee062a8a
O59-13,EC1N83Cbinh5fe2c2dcfe10,32873,496322,f96b65cd177d7e6128c7e23c9c7205d1dd93afac71a6916d6129b38c66eca0de
O59-14,EC1N83Cbinha4dc774b2ba4,32799,495213,9f7897d5f314fede8976b280c7696730f550062dcba34856a29abda4340a46f0
O59-15,EC1N83Cbinh1b83cb2134e2,32716,493968,918289baeed34d7b8903061e8dc9ee92ed98b941d32a22c76aca749f9f8e5741
O59-16,EC1N83Cbinhffac4bc1924f,32834,495738,220aaa40aff2d2ae89027ac4b4be606117686ffe193019ecf75a98f1dfbdba14
O59-17,EC1N83Cbinh9f27cf7f4efb,32888,496547,020ab80dba0719d0ab306d743a8637cba0c8b7a2a297af53ec15bb1dad4133b4
O59-18,EC1N83Cbinhc1d502f2fa1e,32904,496788,e2c0a564050509cf2bad48e16c4d0b09373ad3d8f9731d06c21f104854bf45b7
O59-19,EC1N83Cbinh059f53ab82aa,32917,496983,7cd1edbd7743c839e193b01e143d775e5fc515942608345a2f5abafc2abb896c
O59-20,EC1N83Cbinhe9918dfe492d,32846,495918,cda5d3e789efbc95f34616703af2340b01cc1fdc6fc522bec55c8a122618a807
O59-21,EC1N83Cbinhe6ed7f73b889,32831,495693,78eca2232527fa686b56a7373fb588045b3ea1858667ef2111249363bb85fbed
O59-22,EC1N83Cbinhdb6c5423e925,32818,495498,0ab92cfd412422aa55cb0dc902926dc9293102c8f63a48584961390c05816871
O59-23,EC1N83Cbinh5b57d795a3e3,32765,494703,24c849370a2b72310b7749a71045984a12f6258f91cc4f1e7a141a70b8d02b3f
O59-24,EC1N83Cbinhe5eed51f7676,32883,496473,7a773708ac14264dfcd7077a416ec6afde0d3444d7b97abf9429aae650b993a6
O59-25,EC1N83Cbinh1b7c99f12910,32866,496218,9c0f30a63e5c0c4ee5c58b8584b7f35a2ecc0519271dd997de39db748d88920a
O59-26,EC1N83Cbinh363de1f6ce8f,32831,495693,6888c7d10abf58ac0a8b11b7c9e8269354b93f7e62d0feca643c9522e02382ac
O59-27,EC1N83Cbinhfc202170e67e,32806,495317,93a0b61f7f88ffec5d54d5208ea696c3be40e0bad220796ebe6636dd9378dabb
O59-28,EC1N83Cbinh453d09db9a2c,32734,494238,ac1625051d4cebadf50c9087424c3579becde5109889374d9e1cc3ee8ecc3a30
O59-29,EC1N83Cbinh86d5684ba364,32674,493338,a98494e3ded90c4106d090263eae49d84d14be5d80a4e4f12f2afa63dfb21f34
O59-30,EC1N83Cbinh3c1d376fa560,32957,497583,a42dabf7e842b546628ed940e9cf4c11a4c5b4de049a9d90bbfb54237b16dded
O59-31,EC1N83Cbinh80def7fbed95,32869,496263,32474e3f4425fa9400cb6420250e8d39fc6a8b79e06f70ccbbd4e527851676bb
O59-32,EC1N83Cbinh26e6eccdf612,32608,492348,c971175be4734489ff69682739334257e4e2b52b4c54e67ac84f7441c4be6725
O59-33,EC1N83Cbinh932e75710c7f,32612,492408,28957a0f1837c06bd0e1597ad8a38b94c3126ee10d021eb90ff3b67e4355b110
O59-34,EC1N83Cbinhfa81fd39da93,32764,494688,dc595e49b196a3eb07f12146d591be252906509f91f6d2314ceb083a97e8507f
O59-35,EC1N83Cbinh017c1d1542fd,32887,496533,fd195cae5974ea31103f27921e94b1b84cafe53f3e6e5f4c49333c9780ef8024
O59-36,EC1N83Cbinhd9cfc45d0d3e,32828,495646,82777b2c63416b1c0a1b958132cad4854205e0571e4394667d34f4fc2dd5ec6e
O59-37,EC1N83Cbinhc790405cd2e2,32753,494523,48bd8a994a014dfa838d1c4ae6920280253030043f50ded115797b18790ebada
O59-38,EC1N83Cbinh66760e572111,32851,495993,39c278b41daa15c36c183e89e4373fdda9454370ca15fbffd36204b8ab4c23c5
O59-39,EC1N83Cbinh3124a739d2fe,32817,495483,3a7291887dc2694e5d867c5f051f7bb2d275d8bf4575ad9776e1794e8be94833
O59-40,EC1N83Cbinh3a906f7d0f42,32700,493728,5500c75e494ddb4d626885c85445027c2c4cfa32fa5bb3ac5d658b97083656d0
O59-41,EC1N83Cbinh25c61757810f,32924,497088,537a2b24cf3027621058f88d7cb5963c43da7ab3eda1501a88ccd80f4ccc0478
O59-42,EC1N83Cbinh0a551d29e63c,32868,496248,aa25e460fb231321c930ce99a471335128c31e4dd9b12748a15c5ec4d34eeef6
O59-43,EC1N83Cbinh1a9ad935a50e,32823,495573,9d26a1d3ed8d84dbde317a9455530d94c1f7b46f21ddeb1e37cf2516a489d8ae
O59-44,EC1N83Cbinh33bd2bff61b8,32678,493398,9b81372b57828aa2c613fd0221237423ab50ae5090f02197a46d5e884a22c19d
O59-45,EC1N83Cbinh0314a709c931,32666,493218,7036555c2591b1c3fe2d7385b127a1ca5554746bc8f74b86671008b64e42aa8d
O59-46,EC1N83Cbinhd7738b11653c,32732,494208,8a6e870bc7e72c4242f3e26d5e85184de0b2f1d79be217ecf2f6ea82052b49cf
O59-47,EC1N83Cbinhbfb48ba3ab32,32779,494913,0b57b748f8f81d13055ca60ebd46808007e026aa82bf811ca21791acf88987ef
O59-48,EC1N83Cbinhc9269a41dc4d,32880,496428,edd6adac3605cc735dbe5581dfb58294bf89562fdc0fd964d6354c6eef369add
O59-49,EC1N83Cbinh59a66c5a5a4d,32801,495243,6c90a34f7dab571233c69341976a0332e30e22e2f7f94ca9b217ac14aa467c66
O59-50,EC1N83Cbinha1b6a1f06e45,32834,495738,d98db5bf251af18ee523f2466920341da8e893b93d8ab630fdd70e508302d37b
O59-51,EC1N83Cbinh5f79a1725c8a,32922,497058,cec67248406c581cce28cf4bbb5c54bc19123531d3ca8553be9749600e9500f4
O59-52,EC1N83Cbinhf7f145f39969,32782,494958,bbd853997ce7b901779825a2eb47c534ae034ab64a1e6190b6288cefd7fca4d3
O59-53,EC1N83Cbinh28be50266dbc,32829,495663,482c0b30a853b8b08a2d142e1aa4dacad5117fe0b7e6e10997f7f7f7bff2113b
O59-54,EC1N83Cbinh2f2b9052ba48,32836,495768,027e9c5e268d40725c3cfd9af6c3c54422d56a6cc679ec58ef0851f0f8cd9bb9
O59-55,EC1N83Cbinhbe9d74682f12,32882,496458,6bfa7368fd10465671f2134186e0cd34c7e180cb40eab4a44eab19563837faac
O59-56,EC1N83Cbinh64459a1117ab,32893,496623,bb3e156708cab71971dcb280366764228528c1cd01bce4ed0755990b32369c71
O59-57,EC1N83Cbinh47934853dcc3,32821,495543,8b03367345ef9b6fd783b86b9886128e7590f59ba426447c580b7dad8a2783c8
O59-58,EC1N83Cbinhae05a73c7bc0,32684,493487,1e1417aa335926dedd990d799f11e42221c4e27210ecf0ae41287125d54ccaf3
O59-59,EC1N83Cbinh305b49d0ba01,32713,493923,05a712e1c4e7db9f427861e711305829b56a96174f496fd53e42417f1eed9663
O59-60,EC1N83Cbinh96626f74d907,32831,495693,8eb201a9b07a4006bf6c1a52c5799c90374dc2a6c8432a0f1fdb22adce9da7b5
O59-61,EC1N83Cbinh2650dbb53234,32858,496098,56a48abf0e53d5a038a069cfb43ecc7437ed8c03b2f671125cac027b8cde0810
O59-62,EC1N83Cbinhd65ce769f185,32931,497193,e93de05ce67900ba7ca8108ceaf286af3cbb5f709c4384fb763a1012ea908a05
O59-63,EC1N83Cbinh4540c161e5a6,32567,491732,f1df4feb8dd3ed1d14455d31a35d94ceeccdcdc2c3e19276bc4d112a7632eb4c
O59-64,EC1N83Cbinhcec58ef16b58,32815,495452,554f33a582fece9a0ad23d68f44244641905f839a26e037ae213926a8be454db
O59-65,EC1N83Cbinh3e117e22e589,32738,494296,4627c512cc18d9b257cc60fbf2934694b553306a94ceace1816b6954d7591bb4
O59-66,EC1N83Cbinh8a88f0180ec0,32716,493968,8c5c50d4ee6dcc63c8a8152f4e42e352c8042d0112e19ffb621e116b244bff7f
O59-67,EC1N83Cbinh357f30009ef1,32946,497418,d3912213a77c8a202c483d5b4001db760eb3d98944897afca8747d5f6b98114d
O59-68,EC1N83Cbinhfb6676f4a4f1,32696,493668,cd3f22f217be6ae5df7e550ffe36056127c75589c1601e1bb66bb5784a56a9a6
O59-69,EC1N83Cbinh481d112f4413,32859,496113,593f132dd2c253bf4e49d271770fd031cff6711a84fbba64c3047bbbfdb947ed
O59-70,EC1N83Cbinh79eda614cefd,32679,493413,e150d140b92ebfe7d804c1ce070bd5f5aa2cc99d6b97b2498048dd4d197203a9
O59-71,EC1N83Cbinh35809eeec86c,32899,496713,99378fad14f726ae9ed54c59b925cb97623c1022c4b076987c04155a985ca987
O59-72,EC1N83Cbinh7cffed734b0d,32747,494433,adf4c6fac28cad5fb50b2ccd4bfbcf5c66f3eb2046685881c4c04c85345848db
O59-73,EC1N83Cbinh55d377bd6ea0,32767,494733,aab6682c57a3f477d2facb16d945072fe753d386e099666c683a23a5fdc704da
O59-74,EC1N83Cbinh3fa1eb7bd6b6,32760,494628,b7e9dac2a91575f1416195e66e7a937017bc3de48e512d7b561ae0ae1e62d3d1
O59-75,EC1N83Cbinh23b9dc80d65e,32520,491028,c6c6b8198dc88187d7d0cf03f6a7bb601484adf1effb2a77bbda1854d0e29abe
O59-76,EC1N83Cbinhfa75100bd2a4,32633,492723,0645b3368a5e295c380834d85d01c2720b24ea0bb01d6350f4c5bc379423e170
O59-77,EC1N83Cbinh925610327b8c,32601,492242,f905cf28c2a98afe580a7ba6b8e7ced3bc8cdc700ee64b9c6ce3d11dc1776415
O59-78,EC1N83Cbinh130b291997f5,32837,495782,61c427dfad74b4ba22a09126e7b78e6c91e55c303adc7d32fdec449f43cca6b4
O59-79,EC1N83Cbinhdd34041e5423,33061,499143,ca2b82ca034748c0c88ac00a3f77e29c113f3fb1c52973a8254190baf331f69e
O59-80,EC1N83Cbinhe3454dcdd5ad,32814,495438,8d7e58420abf88814614ebc265dfb3e1ca2293fd22f0dfa497679195aa3356bf
O59-81,EC1N83Cbinh9cc59203b703,32658,493098,f87d6e6ed92fdec5e5799ef43bb1974ccd3077b2be8965750e876f8f121d532c
O59-82,EC1N83Cbinha9fce0c22b1f,32931,497193,ebdacde1b90fa6b65c1dd1febe1c0e6a0487276d604d1649ed0a09280f339b27
O60-00,EC1N83Cbinh36d57f9023af,32611,492392,748ec900cea9db55b409aa971e12387791ccc67cb006456bfcf4f5a5e6d009d0
O60-01,EC1N83Cbinhc6b558f673b5,32898,496698,b8dc936fdfc887be74fbdea92490ea30dddf43a74cbef3006c68cfd5870d9ad2
O60-02,EC1N83Cbinhb73c252c8f30,32473,490323,b3d8a2039d6e7a4301b2a06029033cbf3b24e18f760e9fcfa94f4cfbc704c242
O60-03,EC1N83Cbinh84b304cb037d,32811,495393,66dcb9dd8d24adc8e7a86de9d7d3e034acd15989860b671b3e56176faabf7719
O60-04,EC1N83Cbinh842970e30627,32843,495873,196f681124050aed8d48b8322a8e5e41336552a1aa7ffcbb26758a48ead4fc76
O60-05,EC1N83Cbinh4c5fe9e76ac3,32965,497703,ed7353238d5e3baecbdccaac66f6bc9e062190ca40f4232970e036b155c15b9e
O60-06,EC1N83Cbinhebe4c19286f3,32951,497492,7818700642e703b7b78bbe32675c05bf2be0f216312d3162b02bb663e4e9cd0e
O60-07,EC1N83Cbinh2785bd952bc6,32928,497148,4fd5b583268f280f29ff7b2c4718c3bf41e849e7ee2bb0b63987260d50002258
O60-08,EC1N83Cbinh72d8f5718d5d,32756,494568,0a87e8d0d34de37e2cd909d7301466a1f96d3542b59ca004af1ee8d190cc34c5
O60-09,EC1N83Cbinh2f828bde0160,32892,496608,dfa788bf9fc7bb3b54dda70a09612b19cb9abb2f0f349f885c3576470871deac
O60-10,EC1N83Cbinh9244db5752a0,32889,496563,2468d6f26597fc7c8cc262308cf8d4e938025f88a5d68e2a9cd9eedb500b9eeb
O60-11,EC1N83Cbinh93941f04f836,32912,496908,e4279852741fef8801a4307e1eeb10c8f1ad69518123398b00f9c44b2b61b8cb
O60-12,EC1N83Cbinh5b6b7799eaf2,32772,494808,832e548dda981eed82b53ebef29db02f7822b3e24301469563a7df6ed3fb2fd6
O60-13,EC1N83Cbinh6877acb85300,32782,494957,c4553939043bcc86bdc3cc3713f65460f376cc1c04467e56ca117cd9af18a5ba
O60-14,EC1N83Cbinh509f433aaf68,32780,494928,fee0f35cd09995313c088ec8ff03e64c0d60f86705f1de8d8cd260309f2186e3
O60-15,EC1N83Cbinh5a00ec60c4b3,32879,496413,cfa9dac630b8c1315164126706229ae7584ac0cf830cb0caa8a19935b806c3b4
O60-16,EC1N83Cbinh07ad982f70f4,32812,495408,16746b43bf3ac4a440d9442bdf6f0c7f00d0fe8e8303dfae08963f26bee071a7
O60-17,EC1N83Cbinh537a1b29a33d,32893,496623,91e838d60343acbdeedf109896714e53e867f36bd6695ef78b63412a40bcf95c
O60-18,EC1N83Cbinh423e7d7d9a52,32823,495573,19e3699e3657066925fbd9c0c0a5791041e859e939ace806ab9df8dcd2c33494
O60-19,EC1N83Cbinh4257b90eb38d,32916,496968,4d511a7d6b5abf54894b9e4b2f410d1332ac1390c91ca874cb0e6b951b223d2f
O60-20,EC1N83Cbinh2a7c8bd89571,32866,496218,b16f225680455260cd27e876e9a9341ebdd3bdc41ca16e8f1693e899e5ac74a5
O60-21,EC1N83Cbinh126acbe252b5,32856,496068,909e5dc63453b990ede500e764bf7754ddd5defca31f00e2bb711f0103cc95db
O60-22,EC1N83Cbinh007468bf6345,32769,494763,36ff3b1ed2f3598c164df7b6cf95e8f4a7e39ce7e367f8ce99258d5c0425902a
O60-23,EC1N83Cbinh4e3e212d4c38,32889,496563,4537db70fff4ca31b86658f6ccb94ac0a65c6b1627d0d6a21a0ee359a7c9e410
O60-24,EC1N83Cbinh48b47c1c6cdb,32789,495063,4386235d7b23ece0207c4c0a4eca436bda8d8b715b0404016976fc617ff10a69
O60-25,EC1N83Cbinh8641b00cfb45,32693,493623,00634c89be2adbbfbb4731d7d83b3668bc6150f43c92ea388120083033349dc5
O60-26,EC1N83Cbinh848d12397714,32886,496518,d72b73c72bda47159b3e6f10d973da1527e4098fa195a4f54e089011fe990264
O60-27,EC1N83Cbinha8d50c2a709b,32761,494642,234bbf6cd1b9bcbbdcc39368cc710be08582a8a7c770228931e71ce16e777ddd
O60-28,EC1N83Cbinh16f469f07660,32905,496803,9dab2b89941170ba357d68121b934301365fb1bb72c488fdde17de11c301df79
O60-29,EC1N83Cbinhba01f0e6eba1,32534,491238,e4c360b0132a9263e3daa6c2de383d704f82b69e8d8b7d5d38eb160658445b6c
O60-30,EC1N83Cbinhd56f035e4547,32687,493533,7386da983c991b74d82969accda6aa2e773f0cb2014958903a1935ca5a7ce65f
O60-31,EC1N83Cbinha311d9f914e4,32720,494028,4480a793146cf5171cd22a9fd46b9b3829f766d585dea4ea125b9f28f94b66e1
O60-32,EC1N83Cbinh2d9c01f4cfdf,32770,494778,132c660118ea8a65a8a67034b6e86c127861c3c2a8536552a9202c79f1526317
O60-33,EC1N83Cbinha1bc3dc1864c,32815,495453,ee405985877e06c5822ba76e5fc2972f34ae9c98472e17ec6d3fe6343dd34303
O60-34,EC1N83Cbinh1eef26b3002c,32765,494703,c4ada6b79025c8863b003d159abfcb2dd718690682e457df18a876d8be2c3b6f
O60-35,EC1N83Cbinh3ffb5c9a214d,32686,493518,92d0b58d9dd8e5f31dcb6abe6c02074afdfc0dad3fbc0d3e6f80d96c5c4540a5
O60-36,EC1N83Cbinh287fe4f8a8fe,32835,495753,d3667065c62671bbf15ee03418a17b256002b6c10e2a0c726a40928a2ecaa324
O60-37,EC1N83Cbinhb40374defa97,32738,494298,f1357c80688a9e80ff8ab30956ba985363154c580c2c7192d01e06d3d0406299
O60-38,EC1N83Cbinh041d21c8832b,32684,493488,60c34b056efd3a63c3eed9fceb60411e859926e0b9cbe6170710097dccd552e7
O60-39,EC1N83Cbinh38618a28389a,32836,495768,d841937e8d8fceac818b9204c2b6c3c5dcc1296408029ca8f177cd391b1b7719
O60-40,EC1N83Cbinhff796781de2d,32618,492498,8bcfa59f16e33631d7bfab3882a797090a06ace7745eb4229b8e41d48c6e8509
O60-41,EC1N83Cbinh6482dc82def6,32824,495588,0c28101a065aa97aab4f8facd35abbdcd271ca9e00c58f8035e933c83dfee4a4
O60-42,EC1N83Cbinhe68fada1b42f,32890,496578,69a125fae5bb0db121033c2421f36987baeec35abc911ded8a5f0770dc0d915c
O60-43,EC1N83Cbinh4431c13203b6,32913,496923,1a76e06e418b94d7995b319145858a5cf0c49a1a4f0b5352d0c724a7c0bbbf90
O60-44,EC1N83Cbinhc94001e1e467,32813,495422,d342d3f870a11e2f02e716df463469ef5ab4842f76a2611e0f64b8edd238ef4c
O60-45,EC1N83Cbinhb18e5c128de5,32505,490802,2947935dc0af3d4ebe163cd12fb5de89561ca7896616475d27b29502373addfb
O60-46,EC1N83Cbinh8c035a796413,32799,495213,afe1317b34151c8c9644c82d3f60dc04cda67d022bb2ed1137dd0ae4d25aa474
O60-47,EC1N83Cbinh28b2597a388b,32817,495483,fb9aa3795f0b1e723b7d0aa44d3afa7893b10303e138b99676146b189ddeb4bc
O60-48,EC1N83Cbinha09aa9583e0f,32856,496068,c592f6d1f5dcd4cc51ea1f6107e7fcdbcfb281086d2419da5199368e74b9c110
O60-49,EC1N83Cbinh3ee0bc4bab94,32815,495453,be630f0d3496ed0f325142c18eafd179d5e7ccbfc8b3fbcb10fa5484316c91ff
O60-50,EC1N83Cbinh8ecb9cd66b34,32953,497523,8c26b525dc9387708eed9456285deccec280103535e6a7eb545a30327a048dd0
O60-51,EC1N83Cbinhbc0a7656f6bd,33042,498858,ab403f04be30a5c51d8aaa0afd16724309d3747e2b32b11caeec5952940e4ae9
O60-52,EC1N83Cbinhcff861749730,33000,498228,a8b78afd9045d7a9c8c23d12d339fe7f078df93a3fe3b0607a2a3efff6c97631
O60-53,EC1N83Cbinh109d6de76de7,32890,496578,5179e0bade0d4795899237d9d542a53b3c23be3f2dc8afa5aebb350554c883be
O60-54,EC1N83Cbinh71f355f23f52,32676,493366,3e8d245dbb284d85c825a89a712ab49d9a7df1cff284baee0861dbdd01f4f4e6
O60-55,EC1N83Cbinh15308bb267a3,32634,492738,2e06eb40c13f30e927796561b0104a078e24f9d16f51355d466e771c7cffe61b
O60-56,EC1N83Cbinhff9cb6af7bc4,33023,498573,36a96e1505ed8c87ab1f3082ebf5eab86223ee704b437ef3a7e69837e0b6bcc5
O60-57,EC1N83Cbinhfdb050ba2811,32686,493518,1687faa783e5c439664f52e78106229ca702baa630ce633ce8bf35f3ae2ccaac
O60-58,EC1N83Cbinh736afc9692bc,32824,495588,18b9f6c88a87ca5a0f9cdc141d2d61b4e731a3db76809c3ce6ddce4ed91f8204
O60-59,EC1N83Cbinhd9fb14be1421,32658,493098,899f5e2c4fc803fc0622ad311156fa76c426c271fd4db2190a83b9939853948e
O60-60,EC1N83Cbinh250084024f34,32738,494298,cb18c13009e548851e0fca5404d9f8796c5aef6167ed5b7edc3043725c943b53
O60-61,EC1N83Cbinh65885f57b2cb,32884,496487,eed8b4945004270fe4ee1cfb656a9451f26e81f437d4881cf644e825dcdca093
O60-62,EC1N83Cbinhcb3dfe720986,32925,497103,57bb873874d97119915e9ee6f8840bcf53ffa6e86c1a1b519cd191cf8420900d
O60-63,EC1N83Cbinh20874739a300,32874,496338,5c810baf2dcb42bb2651e7d9cbf5a5301da21b41a635a8b4aed31a216e018524
O60-64,EC1N83Cbinh3075b914a83d,32736,494268,4e24109eb57058bcc486875d00e784199df917529e6f0ffb499c0d8b4fd63d86
O60-65,EC1N83Cbinh8f1db71c7152,33025,498603,eb244f0d51cecb590b76374a8d397fd829501e694ac15d0732699a4601589898
O60-66,EC1N83Cbinh97462cda8a5c,32601,492243,f91e5b49385ab53bdb4cdd277fcca828d3bab8369e6ca342d6c4a56c98d83102
O60-67,EC1N83Cbinh642def49a22c,32945,497403,a0e0092ab85349eddc4a5dfb2588fb97c61e1ae4c4d2c53033aeb6ab10d5005d
O60-68,EC1N83Cbinhee9b9f57341d,32898,496697,14900140f7e2ed025b3db0b3c50d7128df0e2aacf600a5926dd24ecdfb4c7f89
O60-69,EC1N83Cbinhdb59cfa8791d,32800,495228,48745b465d1367834d36d1c6a38f535a54cae5fca81cb6c48892e1a5c52b0f21
O60-70,EC1N83Cbinhdbcae59027c8,32948,497448,e5e051cd5f6767b828476282eb69a88ee84f66711d26702b0d05d728e01ace08
O60-71,EC1N83Cbinh968f837d75bf,32816,495468,d02f560325493059028d5efa0512eb4a10c2c9515e31aa6931529ae10300ef8e
O60-72,EC1N83Cbinhca167f8318c2,32984,497988,e065f4dfe8723d84c9a34e1d9b4948271c991ee15467fc76a2925a2128f2af5d
O60-73,EC1N83Cbinhd2ee4aca84b1,33041,498843,1962a3d02f40f8a56657aeea93e8dbbc6152d0d3b94560977b11e50c039e526f
O60-74,EC1N83Cbinh2d5f8854e103,32997,498183,2517b1031d3089707cf765a1ff0d760ced277ad089f000a9f7a5faf844c12c69
O60-75,EC1N83Cbinhde1494613792,32683,493472,b86f25281ee222d3478a9abf3d598c9818b458c5fba151c9e50070ec1aeb7e11
O60-76,EC1N83Cbinh45643dc25179,32809,495363,e32916cefe120a4ebe7f9f325d60369163dd49891a645ede6f574157ad2577e3
O60-77,EC1N83Cbinh270787e193e2,32956,497568,c34d5be2c5da5f5c83f2782d7231ec61150c0cf5a1871de0e6597c6c6dfcda70
O60-78,EC1N83Cbinhf40231eeb4bd,32665,493203,a16f1d57a170730ac14b17af0041d56ffb254ace224e9db366579b4427fe370d
O60-79,EC1N83Cbinhfdac9308595c,32808,495348,02ab0525a3d4e205747b73c1f42ebdb29477065d81f1b153628641c2b7b70d78
O60-80,EC1N83Cbinh9c6d8117cb0e,32909,496863,511d7a8d71712af9f0b185de57f4d885736914ff9cb59f680e1571b00ef099c4
O60-81,EC1N83Cbinh461924763172,32635,492753,e36e52c43eb4d5dfcb55a1f327027c69adb74900ff107797269018dbaf877eae
O60-82,EC1N83Cbinhcdebbe86c164,32833,495723,ba04dd4a2fd992baf6a8d44a6a174dd19b49b322f337df9e52aa9bdcc5485ded
O61-00,EC1N83Cbinhd1a8b430f41c,32626,492618,e8a43ca6ff98bd555f63c1606ca0ff7da7e9f7e2a026b1080a9b849bb3d7c268
O61-01,EC1N83Cbinhc7d308d4f378,32794,495136,d3c04888e9297e41b9f402d288a59b749e32fb1c7a86d211cb9e2e18780155f7
O61-02,EC1N83Cbinh542093f18aa9,32756,494567,1b7dbf50a35c307c095449023ffe84e28ba3a1d2b2dbfae09624ab00579a2dfa
O61-03,EC1N83Cbinhbec609c4050f,32894,496637,9299f077e71f4ddd39a1f3a55af0633361e5797c6ecd4a809be5b5815c046888
O61-04,EC1N83Cbinh8b8326b29ba3,32679,493413,014c6dd3f30275f169f9a3ab542a9b8014b63d613fc4edd1454be7eed469950c
O61-05,EC1N83Cbinh073cfef6e353,32819,495513,ac2b951dc4deb191ea153d3b5f160ac8228c677feee7e6c514c967e4bfcb438c
O61-06,EC1N83Cbinh41fd97924516,32754,494538,68d2ebf2ee69abe972e8e1421b1887caabbc3d3afa693d34f8a5301960145a5f
O61-07,EC1N83Cbinh769642fb2e04,32848,495948,932b5646e894258280f2089ba949c7dadc9c98a31f77d8d4499b97b7c2144c88
O61-08,EC1N83Cbinha3607c2f6de4,33081,499443,9da7d3e6dfd82f85fda2e5f9b5671307def66e740484833bc7f01cbe0b016c8c
O61-09,EC1N83Cbinh20f46fb577b3,32922,497058,da0d4b8d6a3917b1fb961f4f0bf7be53c0aafb2a7b1509057474c3877be6c060
O61-10,EC1N83Cbinhef03b26c7524,32945,497403,6b7dd6852d2da283ece061a491cb208feca08aee3c0af3bae4ea1a43e82a9e4a
O61-11,EC1N83Cbinh15825616e168,32612,492408,08b8b59290f26ad65fa4be43b3a1977e28c785d6618866e59c2d2476f2feb715
O61-12,EC1N83Cbinhde3c905a0a24,32751,494493,d306f69ab59578b904db990e29f8d8f76d60afd05732a38b24536b667b217866
O61-13,EC1N83Cbinhbb25dd86c01e,32785,495003,ab0973dca291f4f6374ddf386a6bd32c8f84667a3ef396b36cf74d636861e8a2
O61-14,EC1N83Cbinhd31f8657609b,32736,494268,ee330be0b0734c33542618de7639a7c659882b8095b6f303ffc167af83854d2d
O61-15,EC1N83Cbinh08665ea39ffb,32628,492648,784588fcbb396f3e0b7fab0a58ffc238b97da09f76609253f6b50db5d09f3d50
O61-16,EC1N83Cbinh5160a0421f4e,33022,498558,fb75361c9daad02d915b773977bc70cc8d49567cb8314820847b2fe810763860
O61-17,EC1N83Cbinh6c82ca4aa7d0,32765,494703,720ce90620bab7c1bc3e46bf3d1e95b96588600f75660eaa01069099f5531a68
O61-18,EC1N83Cbinhe79bb180ace6,32665,493203,dcc9b872b9ff18f920d648e7201ae0520f3d4c284fdec58229f04b8ed5970e3c
O61-19,EC1N83Cbinhdda4aa35ca06,32652,493008,c4e30b6ea3436d7dbf260efc783a3d955120b5092ac60731fec95374dbcb3ef9
O61-20,EC1N83Cbinhca81e6fa33e7,32936,497268,e658d03d83eb22c1c72b90368758d78b0f64e90cefa9f4f8c967b497071e0927
O61-21,EC1N83Cbinh288b003e5d01,32907,496833,e9c10ddd1a7042a030077789ce0b4cb6504e5001196f4eecd42ed7cac1b89f37
O61-22,EC1N83Cbinh8e150f1293e6,32913,496923,28aef4ae839ff5aec433e7d35ac616643ba255e4d456ca22f16c97877ff790a2
O61-23,EC1N83Cbinh8badaf08d553,32884,496488,03378f40c460494630cfc03e2677d4c095519c028a46dd6aab10fe41443dfa5c
O61-24,EC1N83Cbinh4e7374d7b7cf,32858,496098,e71b9c7b3be946846e497a18b50b94e662dd30bef238b0d8a0b388fa41f7909a
O61-25,EC1N83Cbinh37853d8bb65a,32723,494073,8754d569da9af5707955705b4157ee9433eea67c38ac1e11d94e330e13ada50f
O61-26,EC1N83Cbinha6b02242ecd7,32908,496848,922859b590460b6fdc36690ec900a8d4635dc240d0e1726c15f32cad4dc45184
O61-27,EC1N83Cbinh80b1c79a11ed,32823,495573,3fdac762edaf9d7dfa07340fd17c2dbe29bc0ff32519457e17e7280c2222df12
O61-28,EC1N83Cbinh078da8c75a6d,33010,498378,1dd3aba2483e77e8b7a14d0eb1e41cbe9a25d49d9d7c4fc6578f6081f8007990
O61-29,EC1N83Cbinh24b99bf555a7,32744,494388,65e87c25a168519c5daef75c4cfad0309e726f8f9e118413b91c21c13e6f2eff
O61-30,EC1N83Cbinh5e96fb911c82,32801,495243,ec55281e673ce44690eeb4c2e9db53647dad9e3885ffe2c859de610437a002e4
O61-31,EC1N83Cbinh54bd24510b18,33058,499098,afd8852680e1201aea637de78bd03126acc3dfafe00fe3e5de78fd0a9b9e8e32
O61-32,EC1N83Cbinh5e1714e82d89,32711,493893,9ac67cc8835e3617f4ca9783e612a3682e35677ed103b519bfcb223d7453dfe0
O61-33,EC1N83Cbinh0fda2df781ff,32952,497508,90391bfde96d359e70bee46464aed711b9e65b5dc73d53fa49c470c1af5d5d15
O61-34,EC1N83Cbinhea13d782a4b6,32805,495303,d9aadc41cb93c014e486df852cfa36e6eebec228621ad0a0ab6405c625399902
O61-35,EC1N83Cbinh923367630159,32706,493818,1f683cec81a52ee351b71d12a1461b633ff3a1dda1fa252115ce585c3fe99e36
O61-36,EC1N83Cbinh948eed3bd05a,32789,495063,614166eadd6ae32c0ec1c1da386d73286e4206ea576d9d2afef63bb4bec352c8
O61-37,EC1N83Cbinh9517fb663b4b,32862,496158,b532d4f1ebc218ffb8f1f6525f27ad862260279331dfa747ee4add71cfcdc084
O61-38,EC1N83Cbinhc79b10978f44,32660,493127,b7bd6bc43e04d4ce9fcee2f881f9d8bc085a954895e95b7e212b98d63b65e90b
O61-39,EC1N83Cbinh97bce528faa0,32688,493548,9238c7fb5e2c7f079c9121a502a82db1c62d37e7a9395e0c5ea9a8beafe68427
O61-40,EC1N83Cbinhc2d6facc6bf8,32668,493248,e1b8b045b73e2bffaac2ad7a5e00f30e18bbfdfaec9af1bbd8f6cf39b6c24bce
O61-41,EC1N83Cbinh4685f066eddb,32660,493128,e99f4b58461c1762349b6a95e61af7464e32bdd4a8ab807e87292b3b4f33a0ef
O61-42,EC1N83Cbinh4ee65c0d4eed,32769,494763,93dc660636cbddbab62f76c2f066bfa841cff13c3c83a3b70ff8db3cc0179ea9
O61-43,EC1N83Cbinhe8dc54b8db0d,32709,493863,49564510e61ab038ce38b7c56aa44d2ad3d24dfdebaccd009bd1bc9a153a34f5
O61-44,EC1N83Cbinh92157c1262ab,32726,494118,7a98699fc0a21e473ace0b43ac093802071e6d10b04151c2693695319cd96b29
O61-45,EC1N83Cbinha02706826b58,32869,496263,fddaaa15a324334334892a299817376f9822bd5ae327404d6e09d063014f2614
O61-46,EC1N83Cbinh90468dd1d9c5,33048,498948,5294b03c735b83e4b490f6263ab434983e6ff1e0ebf52bf42d5b8e332ea5853b
O61-47,EC1N83Cbinhe4cd1176860d,32777,494883,212d149add9c0c355f74722306cff06b20a6efec75303fbbb954b0fc83f864b0
O61-48,EC1N83Cbinh7b943ff077af,32808,495348,78760604f4a6529385bc89911ab09b99f58936af5d6c42fc384fbfbfb4fd29b0
O61-49,EC1N83Cbinh6b908bcd99be,32818,495498,7058773a299f6280b775dcc4e154c1ac0920ddc0946e8ff096fa5f1207f73dd9
O61-50,EC1N83Cbinh1b5012e683ba,32922,497058,642aed8185e53ce562a61a31a6684fe35f926a7d1466fd749f5cbda8dfb54617
O61-51,EC1N83Cbinhadf1bbc6f787,32695,493653,6f68a86ac7515d425039639645eeff4c9d814f574f319db055b269859887464e
O61-52,EC1N83Cbinhac0c1acd67b3,32771,494793,28622583a1125431ff517e1d48b117fb07db136d2f378c1ef40fff633f6039b8
O61-53,EC1N83Cbinhc969eb654dca,32908,496848,01e555425f0eb66ac5d035df20533008b79e99c6c2696665483dd4ced12c73be
O61-54,EC1N83Cbinh889b677d5956,32938,497298,82cd5318ccf01f26d67668c537dcfbe7334d67840bc77cdbcfd6aff2f6140303
O61-55,EC1N83Cbinh99acc333d2cc,32897,496683,c4e2d5c798196f79dcfe4c5665adbaa344a00119af3ec5db17e85d49dc6a6665
O61-56,EC1N83Cbinhbf9378fba7f8,32801,495243,12d70d962cfb53669c50728b4135c5f9130a4d7abfbea54390d9a1821f095fdd
O61-57,EC1N83Cbinh590c391ba341,32883,496472,6263eb55808a052d8234f5e397a63559c43c0bc527a2d3d37cfb4ee5f06606fc
O61-58,EC1N83Cbinhbd1886b6e2c1,32846,495918,590ec38416e5ccdd6a6d5b8bb7bbf1c35a6c8ed49984a8862b911859bea18e0c
O61-59,EC1N83Cbinh7d2465b71413,32871,496293,ac74c0349bae5243699fdb1033c95b5d9817d72085954682e70a2a7944dbb553
O61-60,EC1N83Cbinhe0eb9b9b0fde,32898,496698,eaf6673e0e947cd836f78995c3ff77236385f31fb995984b1dc917ec8ab37323
O61-61,EC1N83Cbinh946efe60cd75,32853,496023,c73252c6e93bd1429303cc971ccec59fbc072743fb6d17933cb5f8f6f6c06a35
O61-62,EC1N83Cbinh1caed290d0a1,32645,492903,edccb84fac85d6ff6d9f92194999eea3d5589d0832ccbb29aa8ceb07a456beaa
O61-63,EC1N83Cbinhfa3c60586c51,32656,493068,79c38b467cb0094056e3d619f519f0bc344efee24bb9a2bfc9d9c49f4eefe9cc
O61-64,EC1N83Cbinhb04f59857829,32882,496458,206dff800ecef0dde2fe96636352660c4b41ebc7e3523404df9b67ffc250d511
O61-65,EC1N83Cbinha6b67967d8c0,32851,495993,b0c8beacc9092d249bd62da204a8a334400e3c225847c769510c1c3ad9c859f7
O61-66,EC1N83Cbinh7101116896b9,32963,497673,2da00c020fe7687c5f383bbef5c5264e4eedc7915e24fcd3a5603b526f53f961
O61-67,EC1N83Cbinh1ada3e62497b,32746,494418,feb266cea04ca6ee8bd68aeae60d4248c183095893258714e009a7e172db8361
O61-68,EC1N83Cbinhc3d443a1d46e,32868,496248,3e97dc8d42519e7730a213eaa5b1d30e6c3673b14383120ac247b9d8cb0b3862
O61-69,EC1N83Cbinh0f55190a2b2f,32765,494703,b3534e9d839f266a602223d95da9f37258b1981331ed30adc555772fc86c218b
O61-70,EC1N83Cbinh11c74fd3479a,32791,495093,271f8a9e0703507cfe298aeb4e74e0fcd6c60443a97e5fcaa5cd067417b876c7
O61-71,EC1N83Cbinhc5a8df672097,32654,493038,5cebe69ee319a16f5c6bf9e7391f1b3fd3c292965fc1717d0c09f15dab36b594
O61-72,EC1N83Cbinhfa33ee021527,32800,495228,285f85912ddd398e685b76dd3bfb88cd10ca97b870a2413432dfa409e7b86fd3
O61-73,EC1N83Cbinh0d9c795d7663,32816,495468,d63cc3a5c5af5b34b08600041d990f11459eb33bc6cff3bd96d6d910d0f07df6
O61-74,EC1N83Cbinh0c4d64dd2ebb,32837,495783,e76b12c67dfd2f7abba6d5d61d045bb6a6caeab00e2f6b6f81ff4bf1f5dae8d8
O61-75,EC1N83Cbinh796044449d50,33002,498258,5253ef9905de82db9ec4060002ff15dabd71e7bdb93d11add2438d713faaa74e
O61-76,EC1N83Cbinh63813332f3c2,32970,497778,234ed046cc0e6e71c36fc1733fc7f0767bb77d4d168c990971edbe10fa1dc944
O61-77,EC1N83Cbinhc47070655f08,32847,495933,e8374ffc1f4b567346423ed7c2bfea97e1a9f0cfaa065da750d08e94bff5fefc
O61-78,EC1N83Cbinh06d0ad1ef8b3,32798,495198,957277cc083d783abdbc314fce7e3ba595d7d8931c177acace1762936e1f0740
O61-79,EC1N83Cbinh765c38eee239,33028,498648,072a81cd9d870f66ef42593cec50b797a64d7321afbfc3e78317d82ac4f64b84
O61-80,EC1N83Cbinh81ae0dbcedd7,32786,495018,c073f1bbbc7510c365c1b11967359f92222864e6085dee3f610a2896df69dc65
O61-81,EC1N83Cbinhbcc1ca645452,32869,496263,fd65aa3f4b1fa4657184629a6b48221d18751565616656caa3ab97aa0b65196c
O61-82,EC1N83Cbinh4c31deefb0c9,32753,494523,70b91d63fe287ba6d342be09365eeba6e6aa86e3a7faf749e67a1f1c5c1091e4
O62-00,EC1N83Cbinh4c0234d39ebf,32704,493788,3fa149387ada8683cd3b3993c21043cc7d345f92d06b56ddba13715b52da9eb3
O62-01,EC1N83Cbinh686b0fe0d28d,33079,499412,6446628b25bc4686691e97ff93bc2e36f59280c05a5cce81194ab506d79b2cbe
O62-02,EC1N83Cbinhc8ed086a95eb,32809,495363,a138dd9ce3b63c292202c66dbd6437321d1ee75ae0f2d5d48b5bba02fe1681ce
O62-03,EC1N83Cbinh1a8b5b7b7d1e,32567,491733,473b2749192102cfe08a8cec7f4a196f6af3fdb3e00a644814458b3a91b463a4
O62-04,EC1N83Cbinh3ea273abd053,32805,495303,a12ff8ab0a2b2c5e4981dee6d93642280dce4f049a7dd0870bad6d29ec43810d
O62-05,EC1N83Cbinh7c68fae59e0d,32924,497088,92c80db49f5ff42531a7a7306a95bad2b5f425ad09c852bc49ebab52811e5887
O62-06,EC1N83Cbinh32dc13f607ba,32774,494837,e4fa7fe1e4bd5ac2efb620ae4b8bbf1992a9b8a3cdc639f6f0e9142fd5c5cac0
O62-07,EC1N83Cbinhd08042edcb34,32564,491688,20cebfd7b25dfeccc64eeef05ea2d229f0515a2dbefea5e4aa166ae68d3bb977
O62-08,EC1N83Cbinh1b8a99e2e199,32669,493263,4b91a0d65c1be824e8fca9072839680eaebf7d9e3a4d4531764f47fd1f6d2827
O62-09,EC1N83Cbinhe92c768297d1,32854,496038,0c2bcef6073c0058435786a8f4d4e190bafa4da06dc992360e07b715af4a443b
O62-10,EC1N83Cbinh899e93aaa965,32702,493758,236d1f4c375940beed4724abd32cc2827ea090834accb7504495135540487fd8
O62-11,EC1N83Cbinh2dc07d214fd3,32872,496308,58fb507d2d30cb411beffb6df72aec7b6f959653480585ace5c0bd01e728619f
O62-12,EC1N83Cbinhbbd5489ad7e2,32875,496353,38c572964e1009e33efc255d773c8c5630de7198fb38210b928f21bc1ec162d2
O62-13,EC1N83Cbinh0a1d41b35588,32830,495678,f1bd9d6f9aa4b6d76605a158d51b7260709e0daa97ec79b63b00dfc724ffeddb
O62-14,EC1N83Cbinh8b86c12e33a6,32945,497403,ea7da6e60a2c7e455c83784ebdc6f7b4c773d522f91b4984a4523e613e9e5d80
O62-15,EC1N83Cbinh4ce7d902c47e,32884,496488,9ad3bd9a2975a0449411c32cd022087d1216e49d54930d43935619fb557fc6d1
O62-16,EC1N83Cbinh857704ec8200,32660,493128,5e7005e0276052d883eb9bd2aafa25c3166ef95a2ff7ae5e76d8e10d343cc3a7
O62-17,EC1N83Cbinhcff6289ea22f,32618,492498,fd90e2928f0443ce9c2b2dbf139efe2fd2c0d8d2beaff72eeb29b9429da00257
O62-18,EC1N83Cbinh08bd658c93b0,32755,494553,aa70a6b425c9a0c37012cb117c71efeed3f4c01c37625d1a6753dadffb1f5e70
O62-19,EC1N83Cbinhdea9bb30a34f,32880,496428,32a7b1b229a86c038d7d56e46d365ea2549c05c53cc5c9a642b51a706c1ae9af
O62-20,EC1N83Cbinh3fc8c65d1be2,32811,495393,a2e0dde1ad15f80370a457acb9343b9f0cfafb26a8c019fd69bc78ad68267cf5
O62-21,EC1N83Cbinh85a79a28d98e,32961,497643,613ce6b03c86d98715db87ad6e0a817b8b15f9859a279472d54ab451ce3fba56
O62-22,EC1N83Cbinh8a1dc698eae1,32771,494793,2d377685b347d791b44be408a95ee889ffbfd1b97b2195dd4afd862c0c5f82e4
O62-23,EC1N83Cbinhd86a5265ddf7,32599,492213,804b3b66656af191fa2097500fa08fe03e333a8523d3e57d96ff9e21f13e9d1e
O62-24,EC1N83Cbinhe5a7c2552112,32741,494343,3dfedc25536415750deff99e7c8856c69b2b97bc36d48df2f490671c5cf589b3
O62-25,EC1N83Cbinh1caf2e42f939,32747,494433,cd8890b4d0bde5b6819ead193f0f661bdcc05bc87b12b1933a7a7e1948f70fa0
O62-26,EC1N83Cbinhf71260aa8ae3,32659,493113,76aa471c1956235e03b4d37d3b945a09538664faa52ba8f839103729bf73bb8c
O62-27,EC1N83Cbinh3ae3be4bccd9,32769,494763,aec3a07b6e85a05516d12c478fa8fc42be067c9d6c42bfd9e50b8f015f0d62be
O62-28,EC1N83Cbinhe2a740fc3b6d,32863,496173,468cdcb5eb84085e37d1451c3a9e9b93cb65e421eefefee995260502cadafde7
O62-29,EC1N83Cbinh9823ce8ba8f8,32967,497733,794280ca76c01b1f847fbae90d4adb1829014ae8d5216a0fbfef0120cfad42b1
O62-30,EC1N83Cbinhcf6336f05578,32813,495423,3769091a5ab9a8d15014d44c255c60a27faf98a14e64cdf36bdd61aa42309ceb
O62-31,EC1N83Cbinhad00ec0e8d2c,32665,493202,b9bac4f43dfa9ca2aefdd78548033efc8c66bee53c22fe4f999ebf1b31882b13
O62-32,EC1N83Cbinhce8622ddfba8,32754,494537,03969c5c465ed45799dfe3e9ca283ac7ebbc64b5097eb07b94bfedfc56f530c6
O62-33,EC1N83Cbinh8f1f920013c9,32871,496293,16a22976ba08784cf1f1deb37dc8b1b48259349960ba8187bfeee9d991f1e621
O62-34,EC1N83Cbinh8af44a232f52,32668,493248,b54067d28b43469a40a2441d9f5a610b371df6e2b7a9e5f804336bec8f78d911
O62-35,EC1N83Cbinhc792280e1c15,32938,497298,88e18c2728de5a2196d5468a642b097c34d5237b2d4e0fd93ae219b3cc40e5f2
O62-36,EC1N83Cbinh99779a636bdb,32715,493953,6cbad7e990e128ee298e574c2361c0ffcab107a10947dd16653b7bd3c08eeac1
O62-37,EC1N83Cbinh1e9d08d49c85,32799,495213,398ae8d73e74d7535c9efb3c849868f36154eecc6c6036354a0479d40ce7ee82
O62-38,EC1N83Cbinh9ce36a53bd85,32606,492318,54dec3cd9653d23f5c292ba8de8bcbf713f6f7dd20536dbe62feb575417fdddd
O62-39,EC1N83Cbinh62e679c064cd,32700,493728,600fcbbf4ee1792dd93294783d02271d9f5d677433bd396d5c5d20c8b9b046c4
O62-40,EC1N83Cbinhae1dd6438780,32760,494627,cf6a2c1a8a14cf834bf8569436426ebfd2f337f751b0d9ce6f47894705d6f5d8
O62-41,EC1N83Cbinhfb8e8fb55cd2,32692,493608,6297120d3258e7d8da814860f86382030013a2af19dcb0873cb62a5732136c96
O62-42,EC1N83Cbinh47784261a696,32659,493113,34ae36b1e03bf63114bfa366fe7c7732a229f694a8a3fcf3e061dee74463c27e
O62-43,EC1N83Cbinh94cf5c3378f6,32780,494928,a616c5cb7006eaf5a03b8042b37d38ecc87f1bb044507b59f237eaa9fc942424
O62-44,EC1N83Cbinh317dbb094977,32713,493923,7312cd814d9ef6a1b645219da9e3279744209a004bbb18521b9372c6f36326c4
O62-45,EC1N83Cbinh1d12d18bb7bd,32850,495977,c9aa93882058a67508c5afeee8b2dbbedfe68bfa334fb0ab43ff9f201003126d
O62-46,EC1N83Cbinhd42965697ce0,32874,496338,00eb64a13459a2ce55fd619376c23acdae4382a30af4e0b3f7e39cfc80b7b06a
O62-47,EC1N83Cbinheb87b860f931,32776,494868,2c22ade854974773fd39bc0c0823b0b6f1d3cd5fa6e4b8b1aa54a5d7bf12a3df
O62-48,EC1N83Cbinh77e9bf84dd8f,32805,495303,40a080505d9128124e73defcc88f341e7bd34e0dadcf8f009c1789cd7b206b6e
O62-49,EC1N83Cbinh022374a027f7,32902,496758,ed071d9df94a04dd6ec150a4ce71ec07d4db28fb81bbd2ac5dc1bcc0c8fff29e
O62-50,EC1N83Cbinh98b1f96c5c60,32788,495048,41b900da4fdbd6485c23dc4eb2d2587aa8bc784b7d361a7301f95221d6118440
O62-51,EC1N83Cbinh5aa387a79f02,32885,496503,760b8923c7b53c149180816c5cb49704ac4242502d175787fb998e042cdaff87
O62-52,EC1N83Cbinh1488a03558b7,32557,491583,00a76dccadf20a0b8dba9c83fb5887b491dee091a7e92121eca12eea5d568c5d
O62-53,EC1N83Cbinh80bc5919f257,32809,495363,19866ac33f0d0e826d2ca51b9a2eaac16e0f3974345807c6e5260e71868d6550
O62-54,EC1N83Cbinh09e6cb0c9860,32604,492288,0a34f72d9092da6d3d5e7499b6febf6e6f3514ece119fef097d3da2c8fa20792
O62-55,EC1N83Cbinha8000399a32b,32553,491523,51a13d2ff214a2e53a09e6c16c8b9a5894b7a688d00859f6cb0354a072339f30
O62-56,EC1N83Cbinha30b76985a5f,32896,496668,488d35353cde768c5e179f0e72ec39bdcc4921b720933d688e8697b717d74e00
O62-57,EC1N83Cbinhb1025bc7a68e,32901,496743,9884c565af3f7726cbf12f4288f61ce485fa69bcb46a95d932775e7e87bdbf03
O62-58,EC1N83Cbinh70b40a22569e,32925,497103,3a4324e3050781886fcba69d22104b70dd84adc59a8693660dadf7c50f839cab
O62-59,EC1N83Cbinh7a0c55ef9239,32831,495693,98fed290f81b076c058aa05e80a72e8bbd832ed26adfe8a76e6a6172960dc53f
O62-60,EC1N83Cbinha6c1a1b2c7cc,32718,493998,476dd1801ce73eb949360c7a2c0152031c8244912cc3cf9f07bc1ec6569ef670
O62-61,EC1N83Cbinh5c90a7a19d92,32660,493128,980be21ce443d140bf1e23cd564a8256feb7b8607a14f5d75b5d4677542fe557
O62-62,EC1N83Cbinh169a0d738d66,32892,496608,4ddc14c2fb4f6a2d92a3d412f674ef4176f4e1e3a8388508e7b19cc8ff757d66
O62-63,EC1N83Cbinh8d56acc08b47,32771,494793,f8cedeeda391abe799004ecf2a200d9cdab135aa9e94b43d4eb3250d285d853b
O62-64,EC1N83Cbinhc152a05902a9,32990,498078,9396719ed00325e1ee95da96a76272e12f3605c87a2eebc6ee91e06bb9b96e18
O62-65,EC1N83Cbinh762c0390fbdd,32941,497343,19daf306768dd2ecd4b0b7b3c4b98974e02970f5de42d2456230735ee1605dab
O62-66,EC1N83Cbinh4324385dbcc7,33068,499248,d4e8ed62fbdc78df7254c933b59198650129277baaabe18264fe4ec17566d39c
O62-67,EC1N83Cbinh58cb4bdd7877,32862,496158,8283f9ab0001acce4139315367a879446a281c5c17be0055e3a4ac6def88565f
O62-68,EC1N83Cbinh98f2fc20b5bf,32553,491523,4ba4e0a1ceda06c6e9606cd5ff505390aa3f74e970d80fc6668aa75e9ad38ee6
O62-69,EC1N83Cbinh31c9282591a6,32743,494373,76d86ea6c6804378ea490e296f66e56315760c9dca29e718f44192b35609d936
O62-70,EC1N83Cbinh93b215586e96,32904,496788,934a626fc9d6c42c36386c9adc411bbf05eba9e14d497fdac411eda79ac0cfed
O62-71,EC1N83Cbinh084a653fafce,33001,498243,34e90fa523b286861df7a632819c77f929bdc4a75588959310077499684cf828
O62-72,EC1N83Cbinh3f182cc5fa7a,32814,495438,a24569f18b635deb66aa7f24f1b22657c8d69cd98d4b7d53fb7b01dba21246b7
O62-73,EC1N83Cbinh7b7785baadbc,32884,496488,7af3eacaf0f0fc048fbc8a77a9e80fc0cf9203aee21bb7898fdeeaaf19bec567
O62-74,EC1N83Cbinh103b42f5a2a4,32635,492753,c57badfc9c939c43e736640198a158e713b13dc2bffad56596502002ad13f0a6
O62-75,EC1N83Cbinh34fd85e14fbb,32709,493863,597911eb9a51bbeead26d4805bdec21f7172b7d8f7f4eb0703a0f2de34e8c9d8
O62-76,EC1N83Cbinh6dd659365bc8,32823,495573,066e284a51a91c0f316b4795bf6aead8817f58a87f8e4e17899d9e253d8209b7
O62-77,EC1N83Cbinh598312935f0c,32528,491148,dffcb423e96ebef11257faca549f422aff507f71b684f9a00c2c6019b9f76462
O62-78,EC1N83Cbinh1a2cbdb429ff,32945,497403,b82438459e3284c1c5614cf49b80c99a9432c79b545ea50169966dae4154c837
O62-79,EC1N83Cbinh9a00ebb409a0,32962,497658,26ccdc6bd89145b0a0b59d08adaf151538f4d084d45fb76e3994fc67de0befc2
O62-80,EC1N83Cbinh64d07345deec,32848,495948,4eacf822e159ee62bd74e9d726f3134d075aa522aca84d689e79c42f4d1ee3b5
O62-81,EC1N83Cbinhb6b97bd46506,32804,495288,2d72badcb96151c4f311afa761a1cea23ae423d4b74580d6e28c15ec132eb05d
O62-82,EC1N83Cbinh310d8520c0a0,32654,493037,38bffc272055dc804de279e33b185bd368d345222f4b22d3613ec8c5b8beede5
O63-00,EC1N83Cbinh961a34615b1d,32745,494403,d4eb9156099f2b05e996998044d910c5dbf070e9c2410d11a6e77768c20b98ea
O63-01,EC1N83Cbinhb4a440d71085,32827,495633,061cc6c52371d99bd5ddd9da265a56e7908b7e8332e9a0649db1d227852c4bab
O63-02,EC1N83Cbinh9592e38c5990,33033,498723,b735d3c7b4fa64b4893de3a9a7ad16ab55a64141d4dfdb2d2148b7408d063170
O63-03,EC1N83Cbinh91b260351a27,32627,492633,e85179d45fe5cbec8ddfc0b9a371eb7e4389a02ff7658b28fac764f2caeda113
O63-04,EC1N83Cbinhc40c6118711d,32765,494703,8c063f0d4dba85cd099fcf7134458726e61efe7ff1a4226a33754841cd60880a
O63-05,EC1N83Cbinh3c2ee7be42e7,32970,497778,ede638c80652f6169cfbe79b2284c5bd9fe5290eb7770194c6020f834b877bd9
O63-06,EC1N83Cbinh0ebca016fd05,33047,498933,5ebee564fef9235794f723079fd213c9af452d07a087b2f237555cd01ab95109
O63-07,EC1N83Cbinhdd50af7f04ae,32899,496713,c1b7eb31acb120056e5f00e8254f16fb31ede2a252825c1a7f20ef2091583723
O63-08,EC1N83Cbinh113c39de780a,32795,495153,62a2a6df0523d2f0b2fd914fb3abfa69f25302ef876f43c21534d217ef1bfc37
O63-09,EC1N83Cbinh4a1e9728590e,32801,495242,76e601502d65356d4ec9dc6c5c20e11c5db197012af5d367fe8753704fb7ae25
O63-10,EC1N83Cbinhc2fb4720c48c,32804,495288,8503632efcd2639eed44adb93f9fb4e40e4cc6fa06ffe061410960914323640d
O63-11,EC1N83Cbinh14ad4d44d048,32721,494043,54d5acbc07ea7f60d93d888bffd8c8160ef2f6150e531d666df2786c4bf302c9
O63-12,EC1N83Cbinhb0ff288c877b,32776,494868,654d4073a9dafb525070faed1ab4f87d7c973ce87c5cffdd1739eac4f3d7fd27
O63-13,EC1N83Cbinh4e64b31aff91,32740,494328,f91a8994c31d9fce7ac8e964c1c79f7f313649903335d9a0a6732954f4de68e1
O63-14,EC1N83Cbinh9b8e9f971275,32777,494883,773cc8cca839a3350ccc534210783000f9c78759f610b1fc52d6484ba52d87fc
O63-15,EC1N83Cbinh126ce653a296,33064,499188,ffa960ff7b65af9d4b71dd3dced1657070c384c1acdeb7619b7d2d6c40c0c8d5
O63-16,EC1N83Cbinh1c877f317b6a,32783,494973,d4a936a29aff8b982f090cd1f7cbaaefc0f6e9f2592382b75a7feb5e113cee2f
O63-17,EC1N83Cbinhe5863746e716,32919,497013,02695746f86bcb6a0d33532ab82edb12a7772eef2e80fcb54613911b5c76254c
O63-18,EC1N83Cbinh4105f0ca9b67,32899,496713,9458c76c8505a6f5d0c5652f944c579023ef9c34d8965675c1e0129ed2156bda
O63-19,EC1N83Cbinhcbd06e551631,32685,493503,b8121ecfee9b910b7f96660a231a8da98d9475dcece0ca524095b7d354cffb3e
O63-20,EC1N83Cbinhb35edcbc7a16,32686,493518,78a6212f7205de1cbedee67fb8e35c6e22bb212f9a7dffab630a591a59ed2263
O63-21,EC1N83Cbinh556171578231,32853,496023,056d41b6d123951d31abbd6f3035e4e092e33155edc9484eaa4ee7abccd9c530
O63-22,EC1N83Cbinh50b9fa7deb3a,33016,498468,a8bdef72e6b32fc5200eda55fdc3110dabedf41438fd1bb894f89cac086a7309
O63-23,EC1N83Cbinh10f3ec112731,32834,495737,dbf5554920743ff75112fd804d81f83410076928c8c96921b3889219264e5c3d
O63-24,EC1N83Cbinhe9b5d5efa98d,32745,494403,97eba6fd3c7be394fbe0bf81ec95fd066d22452ffae3df0a3745953ac0a328d2
O63-25,EC1N83Cbinh1d06e30d6fb0,32831,495693,1d300a67cf09c2955e8d4dca9aad09553d8274adb43d6a41d911bab482667212
O63-26,EC1N83Cbinhf90943ac2a4b,32906,496818,d4c93cf558cb29f5aa4405b35571c664df620033a291a9730021b512685ca765
O63-27,EC1N83Cbinh3bf543dd262f,32517,490982,99a13cc9b737e7946d06670bba7062fc1043d5dd6109b82702ca6b53cbf4ce48
O63-28,EC1N83Cbinh5ba843fae0fc,32617,492483,79e3826b7d339308c4d2b0286a67abe065b611d2c35be86f6c7a3b0fb36138db
O63-29,EC1N83Cbinhff0773804130,32892,496608,fb2b3b408049a30cedfa4d2b63546e33aa2296ce35f01133a272d20d890321d7
O63-30,EC1N83Cbinh06becec7709d,32947,497433,ff6ca6ab75acfa4a0e8123edd5d4f2a296ad2026136486bef039bfcfac2de444
O63-31,EC1N83Cbinh58ac33f1cf87,32582,491958,1cf0b87819d53860cad5cd2563bf2984729d770dd925f6eca7486171fd76c05a
O63-32,EC1N83Cbinh754d4b3056d2,32836,495767,9a506fbdc70d6635dfbf538727c936eb79ac5bc63807527509782031f659d5b4
O63-33,EC1N83Cbinh076742fda861,32871,496293,32170b88568fa96de3b6f3975b9bc1e5010896e307013a44b257f6907f3c5e40
O63-34,EC1N83Cbinha02bd2381ac1,32974,497838,f8774aa7bf9c38e404f0ec18b724e7f7011bb7c91b3f11f458fd84c77c397a83
O63-35,EC1N83Cbinh4e1ffbcdbaef,32756,494567,2f3c17622bbccd6ca2f9540ae716c91d147b9657bb6f6fd0f1aed488883f4e35
O63-36,EC1N83Cbinhe49850952fc2,32718,493998,1cf838d803abf00cc12072a348272c59fe39695823f7cdc364501a10d53c5887
O63-37,EC1N83Cbinh791a66cbb982,32717,493983,57e167c32ddb23bc676803d4254d45cae4dfc6bb516d7d91cf72ec41bfbfe0bb
O63-38,EC1N83Cbinh6429f56f9912,33130,500178,2c7ec67d0b65f9436abef60622f20b9a8dfeb8b5c67f04460e54fc0b1a25f43d
O63-39,EC1N83Cbinhaf892d08d176,32925,497103,cff80c2a7e47c0598a1cc63738e9826f4c3614e1c91c109289030d40bb0a73c9
O63-40,EC1N83Cbinhcf78a4349ffb,32710,493878,5782a5140b162f9ca90b3bccd2ee51db458058a732256f9f95652735a89c3756
O63-41,EC1N83Cbinh6647a0faf66d,32882,496458,94a4ec6935cfa8f8a41dfbb624404e27f0e9e4753be2a5b9a9fe076d58e07928
O63-42,EC1N83Cbinh00a5fb03a338,32731,494192,3f3344411346da05f2fbad2b440c00b1e6d0a798eaad5da15b8e2bd3e663be50
O63-43,EC1N83Cbinh87e9e8da6a8c,32927,497133,dbd7d0e36a4bba06387407966c2a56ace92a6c392cd1e74889e566e179293392
O63-44,EC1N83Cbinha73572b565ef,32803,495273,414056d9c4795526bf63419abdf07f30d42e085172d873ec559cf85c0e7d4bdb
O63-45,EC1N83Cbinh91a2121b643c,32617,492483,95baf1e347e7f3bc0f5656376eaee1c104f0853d24035bf5422997462ba2ac24
O63-46,EC1N83Cbinh705b419b19aa,32603,492273,8f86bc015968ed2f8d557a813e8a7e3867d7c9d3e39c0fc9129b985cf30ccb5f
O63-47,EC1N83Cbinhe2c392eb00e4,32771,494792,ea2c5b15c7210d1af2d7f84d6e0959962fe2d4ee5782a5e0562b231da08f1818
O63-48,EC1N83Cbinha82cc146a623,32651,492993,f6a86b6acd28a07ad8059e2d0f8e437402b50b8255413f37f43f3fb7e938eb54
O63-49,EC1N83Cbinhf8c98379c024,32818,495498,b29636a96a148da3a31a7757a4dde645d7b24889df25f87fdcd6e3091b5314c2
O63-50,EC1N83Cbinh01e4c9a246e9,32663,493173,98ae5b80b3008a4f73abaddd0d00192b22a01c9ad7eab723bd4681ae71cdc9f3
O63-51,EC1N83Cbinhe7619074f9fd,32781,494943,ca43fb1d3fbc83dccac2ed428ffea3749f4c27608af504f65cad781b6aa968f9
O63-52,EC1N83Cbinha09124e9e12c,32831,495693,63305e89dceae7150c75dc52b6d3394aad9354c1f8ff6a4b6c5d935ac3133b1d
O63-53,EC1N83Cbinh1a153b581517,32952,497508,91cc0405b53f6c020e1d07441a8a08b65da8c1e4d1043a0a3a92ae8b07b1e48d
O63-54,EC1N83Cbinh757dcc906563,32700,493728,c9a3e9058d9933ff098582d01689702c6e2b0a4b4de21704cdbaff9870290d10
O63-55,EC1N83Cbinhde6808c8a7b5,32656,493068,7fadf41216a57306457a7f8c64109f3322f8572d0529d7b61335f4f003399e67
O63-56,EC1N83Cbinh58f162b40369,32847,495933,1684898218583981c09c40658dc04e576a611d905777a933f8337b821d225445
O63-57,EC1N83Cbinha604fc3b8ec5,32742,494358,9ac1bc7e624cbafa87de4e5aeb1be218834ee7727178488872fdb72ccacb959d
O63-58,EC1N83Cbinh651a414f170d,32931,497193,3bd36d948b5ddb1fda4d95aa18e2ac7f0d10dcf2850cf11429126dd2bf14d465
O63-59,EC1N83Cbinh99c4bdd0d168,32891,496593,83f7c7bfff5ec62e6abbd74858fdd0c0a11352dc26980df0d16981530d788958
O63-60,EC1N83Cbinh46b32c80b794,32846,495918,b3f59933f6edabe67fdcb816207544e568b39e87f2fe4a996024fe634ba55cdd
O63-61,EC1N83Cbinh6bfe89abad26,32621,492543,d3c79c024c0dbbde57b538e33fdf38fa54b3467c05180d8aa6d130399144b619
O63-62,EC1N83Cbinhb87a8b3d1d23,32989,498063,64deb7cfd10dbdd3015e55e3b17e7870d48032d6a1d91e5e6e8bade8ceb29b2a
O63-63,EC1N83Cbinhc5e9c2c70e6e,32886,496518,6bc8ef652d50e160fef710ee2831766c02e2bcb2a67c6e493adae8370ba6567a
O63-64,EC1N83Cbinh37ac57eeeb78,32695,493653,3a3a6c57f6f2d90a136a807f598de47b0fd1381d0e224bbc6ce7dbe65ea1d3c9
O63-65,EC1N83Cbinh58951211e03e,32837,495783,3cd9bf17f3be6bf0d34b9627b02a72130b34230b0c01e67439a888f947439902
O63-66,EC1N83Cbinh6208be528cd3,32834,495738,b50854fcf1b7332ac0151095fb31b900694ae491e7b012bb7ac8d3508dc4cf42
O63-67,EC1N83Cbinh4a627139fad7,32753,494523,0a3d62178d1c564a026f226b5d77883bc80087238b039280f60ad419f7975c75
O63-68,EC1N83Cbinh8035dea867ea,32717,493983,697d59b0c572a0f07adfcd78922da2694fc6fab50a49c0a65a606b9cc5e0c36a
O63-69,EC1N83Cbinhea22a84e161d,32730,494178,47376894b662edc93675fa10281aa93c9ed4725e8831d912e2fdab4974fe3414
O63-70,EC1N83Cbinhe72fffe80a39,32951,497493,ceed759e9a106b726cc6e3a3b13a04335a70d17f9afda9775c71c927573506d5
O63-71,EC1N83Cbinh90adc14803e1,32677,493383,b7024f637e7a06027dbb3538ec65f54533bb2ecb4d053076999515692a729a10
O63-72,EC1N83Cbinh662e608943fb,32913,496923,85b2f75a6f4cc79f9d685b7702f52ac1e65383029478f89797ba8a77be684f9c
O63-73,EC1N83Cbinh7f07f0b29468,32755,494553,34e63d9a59f0df27e83acccc0f730c16a52884bff35b6c73cf28bae99d8d3e6f
O63-74,EC1N83Cbinhfce3e2804928,32994,498138,584f632ce9237221d78122ea7006371a1f4d87d2683b57e2cf0b94aa07d91128
O63-75,EC1N83Cbinhbc5751e850d5,32942,497358,f5a476085a62f2c6cdd456617aecb5543a13169df8cd65f3c3d6178e0ab742e1
O63-76,EC1N83Cbinh21251e28f355,32997,498183,db428a7abd3a75b5b3a05219202250492bb7eb172a37cfb3621ff0a66c2bde47
O63-77,EC1N83Cbinh14c3715c23db,32859,496112,0d33017676a567de1ff3fedd2aa4cab842ec4f2f4652ac10eba74eaa4239a08f
O63-78,EC1N83Cbinhf949c1a9efa3,32825,495603,a40cc0ce62e2479a54857114e0b7118b681c0959d83031aeb7b1ee1ac3649695
O63-79,EC1N83Cbinh38feff7c261a,32710,493878,5a5a862cadab274c9c59e90dda48760a591a870a02c18a74b0a842d2e057e38e
O63-80,EC1N83Cbinhddfccb5b1b20,32590,492078,4e9c7e097295a58047e1f3f378a0c3bb5164e1feda10c34ee1a755e3a4951f9b
O63-81,EC1N83Cbinh877919dea849,32671,493293,fb68cdd9b6638587e92795c3962d81221f4d74f874588a0705a25817220dba8a
O63-82,EC1N83Cbinh9962175e1a12,32671,493293,3a47219cf5e2769d89b7a25a19dd80049738e33aa99b0d5e0d922b79784cb364
O64-00,EC1N83Cbinh5f4df54ab15b,32955,497553,995fb255242f4bbef2d4b9629d55c88d96b3b4856940dccd739b013168d75aa1
O64-01,EC1N83Cbinh52e2e8a90712,32889,496563,6f71f6872ba8d0c53832f93649844a7a4dd41c7abbd5d5f1e1d21d4f4a738a53
O64-02,EC1N83Cbinhbcc3611dd902,32814,495438,a79cb5a1da89577b1eaa0848d733505ce5e46bcae747ff9921c2d880273d95a5
O64-03,EC1N83Cbinha27f9335ab48,32686,493518,3f48367287204fcc251338a8fbab0f437e63865a7d42b72945e72bf35f23b861
O64-04,EC1N83Cbinh1bbd61d2394b,32875,496353,7b88ab778802f5f27b4d645557fd7c5f7849a4d50247fd357e57d284d8673450
O64-05,EC1N83Cbinhdf5d4d8ef88e,33097,499683,c84e223bb3a1e497e7959ecb230a83dc2f4e643525cb652e6672523d144a7c28
O64-06,EC1N83Cbinhb348d905781b,32688,493548,f3cf46f8cec1a65f07750881d49eb3b96f2aff0b19e30f828b3c0380820fa038
O64-07,EC1N83Cbinh151f5052b5dc,32635,492753,f6b29a174f9cceb276f6485fc61669dc8103fb8f49d627487ecb3ce18d5b6cf0
O64-08,EC1N83Cbinh8bb97688ef70,32636,492768,94c4291b60b7bb0d6d984444adae97d61f2aa05918c609ba820a382c3dc097e7
O64-09,EC1N83Cbinhe6e7d17e5e54,32670,493278,75ad1dd7e6fe848c71e0ac086a3a132e8b43ccbd165c559ad1749a6001222aa8
O64-10,EC1N83Cbinh43d75ac8e211,32774,494838,5d806a19b3daa6840cf544dfc0f53499fd6a732c8586ae5139d9649fc2278a4d
O64-11,EC1N83Cbinh538f579515d9,32559,491613,cdb02913e8957d68a70e4d8f6ebd01621bde41f23ce4d1f84a7c23a7bc6bc3d1
O64-12,EC1N83Cbinhe9468b83827b,32884,496488,ed6fc6a7e24150284fdecd21db28b2435e4cd75d87333af19b98e68f5bbca2f0
O64-13,EC1N83Cbinhfa77c168dcda,32694,493638,37d4be61e5c48a16418bdca5785efb4771e1a222a39de2fd0ea8e8a39ad54c2a
O64-14,EC1N83Cbinh346b98478987,32779,494913,d15fd0d6533e914f54246a66f48c3eac69f2ad46f3d3a3bbcc27e057de7b4550
O64-15,EC1N83Cbinhaca26385e66e,32639,492812,04b62728d3927fe21f299d54adbc05889e4cc38ce912e65cb3c081871960e7f8
O64-16,EC1N83Cbinh4c7777cc20e6,32876,496368,14cf811c1b288932356adb481a10c63f99b3dabf8386bf45525ecc2dc45ca1b6
O64-17,EC1N83Cbinhfec1d3309e93,32953,497523,17c3bc4799ca6a32255db08d6739a80eb7f2728c6a5d3e22b137a8660b9784af
O64-18,EC1N83Cbinh6b3f74004d45,33087,499533,b180a952931bb0b1957849065993124f615bfa45b06ce5ad71da74ab96d15934
O64-19,EC1N83Cbinh36d7178e7ed8,32816,495468,d738ff58ba5c6ab729f7e93adf0cd150c49d3dcf5c603a62efff881f80b65a99
O64-20,EC1N83Cbinh1494775f676e,32801,495243,d595b02d82315e33f9523703ac9e774817d66d2263620a4e3b55d1f18b909050
O64-21,EC1N83Cbinh248e47e0f8fc,32791,495093,171534b75fac4fd456b35e8640a20ec07a2d9d446e23aefe4a9aceea97d0e218
O64-22,EC1N83Cbinh8fdd7d01a804,32916,496968,be63b184c276f1f602452542fd1d2b876751f2aef5fd348332ad2fb843e6bcfe
O64-23,EC1N83Cbinh9b9acbb5e158,32900,496728,f51fc072990447cf6ae6442085dc02523e721537deca6bfd0eda12335ed51058
O64-24,EC1N83Cbinh6cd59e795879,32780,494928,388116132c5f3c1e558e4e9ebf75fe04a03e1cf8f5504876196361da7bbc6fd2
O64-25,EC1N83Cbinhf2228c74a1f6,32837,495783,15ae1ebb53fb9e4d699ed44fb1861ac08704f8052628d894596eaefdcfba74ec
O64-26,EC1N83Cbinhca936135d4fa,32671,493293,cd95f13ca677ef2e6f721fff2c6e29ed7c5a13af0ad5c6b0180b26972e74b140
O64-27,EC1N83Cbinh2b48ad6314ae,32740,494328,7e0612569b6046fb9b5041aba8c226a27ef2a509ba31bcf2e24f6cb8ae23ce12
O64-28,EC1N83Cbinh48482f7f072b,32558,491598,94ddd9150d9f9638158ef7949ea6d18bc882f0043b02f06a2f2b302a24d71f97
O64-29,EC1N83Cbinhd7e713bdb284,32823,495573,13271cf97cc2b7778eea45c8fd12079868e9cd5c4f332b2a147da5377cf6d774
O64-30,EC1N83Cbinh32de80e4c6e6,32885,496502,6805c72a2b76f909c8fe5ddfffc70625c21176bf504170c5e6bbec07b0cffd3f
O64-31,EC1N83Cbinhea839b3d11cc,32701,493742,22fc25e932eae1c9112aa23314139f1c5d1b8653ed2abf6d3e206a31051144a0
O64-32,EC1N83Cbinh3cf665181946,32698,493698,d17663306ce98c3ace3631491342edd538129e56878f8a141369e2285643e9b9
O64-33,EC1N83Cbinh43fda996de0a,32817,495483,c957d76f07da45d62ada59b69870006c1397ada728350a67514d1a79a3a481f3
O64-34,EC1N83Cbinhdb213bf05710,32773,494823,a54f3f4c9e147f19e765663a9512b45861704e4b7311e604019485bfabefc844
O64-35,EC1N83Cbinh500fc757573d,32752,494508,d52ccf7c670ff372f59db95353623aadb6ef115d0c388fb0f8b2f79d0593d7ab
O64-36,EC1N83Cbinh1e15eca1b804,33056,499068,7bb208ccd2f2ad6fa25a8d3c94174fcfc37fdb6d43cf79bf7d370db498438aa5
O64-37,EC1N83Cbinhe7118985ecb4,32797,495182,dcde41541dff825d1e8ab93be7f290015306361f01ba1ae4d790cd2950654d25
O64-38,EC1N83Cbinh9033e176899d,32801,495243,2a7529ef77921829101887ed99454161537c8afa6963fde9e0b9273b436f98f9
O64-39,EC1N83Cbinh517c35c12426,32688,493548,8d87a7b40e2040f5c3370964249821d88bd9dc2d48a877622b30b3ab83ed6206
O64-40,EC1N83Cbinhe44ee0417741,32968,497748,ca375868cae814c5f9824ee3fb278dce0a855b4b914bb056e1c53f9f472b9036
O64-41,EC1N83Cbinh8ffb6b2ca9cd,32649,492963,62716a033a6336b4a3010d8041f91d4048cbaf05502c1e694db8ed295227b076
O64-42,EC1N83Cbinh9d9c4bd5809a,32879,496413,9cb033df8ab5738d1d6c60cbf8297a43c38df86b55fb09e7813fcd3b03a30917
O64-43,EC1N83Cbinh5a2bbd843b10,32739,494313,308e8f2c0defdb7b0e77b2df16ad12932f0bc2202245b583da77c3ac05c1035e
O64-44,EC1N83Cbinh8aafc0672fb6,32696,493668,80ff8d1bad150aa13779c3de15bb0070e8c19dc44666e609aae1f575ba77caa6
O64-45,EC1N83Cbinh5923ab3392a3,32748,494448,65439662ae0a93691ed83c0b1dc7b62bac215e8fb464eda9a83b076dd6d0ae2d
O64-46,EC1N83Cbinhb58929897c5c,32796,495168,50eebb5bb76e0f5dd255ecf7982603a24a860241a20dbc8e0247b254a1b13c0d
O64-47,EC1N83Cbinh4df4c73f97d9,32897,496683,c9b56f7378cae768abe984875cc3ca668515aff53fa18479496d727b034df5a5
O64-48,EC1N83Cbinhddbd14f069a5,32678,493398,0bf83713effb2cc1ee901a6d09126079f6d210b636745b024cc947c8c48645db
O64-49,EC1N83Cbinh04cbc9f8ff0b,32968,497748,02a7393326eb86b09ed0b54b7b3d03f3e9a46c5e367e8f57a1368bba3cf89f1e
O64-50,EC1N83Cbinh2ebc1ca2ee71,32579,491913,789b5332cbb8964f55c7521917894db421a286823f1b64e6b878d1900024bdbb
O64-51,EC1N83Cbinhd9c1e8206b19,32894,496638,4ed2204bdec261d1952e40b71b8a317011835e8d5767960c8be523291cb20b9f
O64-52,EC1N83Cbinh520befe53188,32803,495273,f9e9765c26acb894e2dd48e8860314f37e82a4765d61343711acb90623d906cf
O64-53,EC1N83Cbinh4043a7f44643,32948,497448,6cad710799e3cd1dfc10c18512cd0a33797d6f5864463ee27d646d37dff01ea5
O64-54,EC1N83Cbinh491ca4bcb163,32868,496248,99f28995842219546e1cc3dd7ea662f286fb4e75c0ea572829e38e4bd91e7558
O64-55,EC1N83Cbinh59f317e17bb8,32802,495256,72ef8926511c58a57afb422f52203a4e5e5667c084e6b7a542213020b3f951cb
O64-56,EC1N83Cbinh4d01fb3b52d3,32687,493533,7f37b5b32f5b1c663b3623a0f904f92caa1372368adbc784061f1b77260cff00
O64-57,EC1N83Cbinh2f888b56588c,32565,491703,9cca68c54b3d8024b9583bf4ab5d1289a1123bf65cec6ae910657f67584b10bd
O64-58,EC1N83Cbinhcbf81fc30cf0,32749,494463,94fafd14c32a2840cbb1765421a7b03267d79e1affa77a9fb0c6e0f78722cbf8
O64-59,EC1N83Cbinh44d92cee269e,32840,495827,95919be686ce1c78a014839826b2efac8cee2f8ae905c4e2cb7915a33e6af166
O64-60,EC1N83Cbinhaf5cbfd1d756,32798,495198,2c4b673456a2de0b99610c054ded85c7bb075d72445c807083f86f42f21fc7e5
O64-61,EC1N83Cbinh79b2e8b15c47,32688,493548,1c32343d22ff5850369c001ccdfc499e6efad98496e1b4c94ecc6878b2530de5
O64-62,EC1N83Cbinhfa6765e49b6d,32883,496473,e6702b24e63bbda521866cb39663024af3ac25359c3fa56ec84d8ea4e832499b
O64-63,EC1N83Cbinha927f5afdc14,32881,496443,378fba1291f0fa678dc0ef4f426cc1868f186ee611bb68b6da25a33b328d6e0f
O64-64,EC1N83Cbinhd619136b1077,32925,497102,d05011357ffa44f8d678df8922f819cf5e1fd7fd8df466cae13a382648454410
O64-65,EC1N83Cbinhf358c5713665,32498,490697,843e2d189f2925e82cddc5ddbe68839396a5038a077e1a571b623f38df261e26
O64-66,EC1N83Cbinh96b298fcdbbb,32960,497626,842e8f1487279300a4a5e4ccbe800a37e25b28138d1ccc6c89d24723c89a5057
O64-67,EC1N83Cbinh53af01eede5e,32628,492648,e63b95081767f75331c1e669378e6d6ff068c1cc9de90a893e5f420ea4f7c739
O64-68,EC1N83Cbinhcec1ee72c971,32855,496053,44831beffa7616924cbad5565b8266aef965fed06bbda75a6b9fa8c05b8594a5
O64-69,EC1N83Cbinhea551f95080b,32717,493983,471c1cec2487ca182e9003b5044e0e37ec45b4763ce7c2b49c2db5bf4f2a15b2
O64-70,EC1N83Cbinhddc4c965707a,32510,490877,46336a466e431707ae0846e5e1a3df646476101bcb193214e21f6a99b6e331ed
O64-71,EC1N83Cbinhcef8819c7d94,32951,497493,298da0dc5c1087feb4b2e3bd8f47e1b2984321d7a37aa9d0c0e706cc5da491b9
O64-72,EC1N83Cbinh08978624b6ef,32973,497823,d320a09f57142b8f3c9eecce1fc9008762448ac07ba2d34853c1c9fa7b7e9bbf
O64-73,EC1N83Cbinhcedd47768212,32700,493728,7a841f3fb46d873335feca36f3c917e2720c93cd699a965e02b40d87d26ab9f1
O64-74,EC1N83Cbinh93f5089a8bd4,32547,491433,caba4b01081989aef7e038015b93314101b32c820ae0cdcd45c1ec0fb8ab597c
O64-75,EC1N83Cbinh4ceaa79642a8,32782,494958,9d292fb6ed0537641210c166c0ac9fede7095dca21ba96a442da55c2bd7a1e33
O64-76,EC1N83Cbinh585171b3e48f,32800,495226,a48813d9f5f8cbd298e84b27ec0ddba7c5ed7f2bb4ef901b398fa8213cce8f45
O64-77,EC1N83Cbinhf2bbb46c7210,32713,493923,7a4ed7ad1792fedeee545ffbc49def3db4d54ce68a3789b5332fe1ac5a65ce65
O64-78,EC1N83Cbinh9f33a7c3d7d6,32913,496922,97671a963230cce5c242e3a9fdd03ff1724162aefbd2a9f46b36cd863b9e64a5
O64-79,EC1N83Cbinh6234bf13ea82,32570,491778,dc82f369f7d5504edffc6a51905ef2ac564d8f8458edb0306b4b1f3c4eef97c4
O64-80,EC1N83Cbinh67303c4c12a3,32884,496488,c9da050f6e9701b81a604e5e6c6d379d8e9e70cff7a9f28e3cf9be955b52d4d6
O64-81,EC1N83Cbinh631de7ea13b2,32641,492843,0775ad459c458fab3d9265c4df7cab2ccfb7816321211ad3a49d36b03299026c
O64-82,EC1N83Cbinhd59b6a324cea,32539,491313,f2008d1b76af97df3430c0267001abe1f1a994f7ee850dff38338f4ea1f8a1a9
O65-00,EC1N83Cbinhfd573fb746b0,32613,492423,e50f91a91d014123d7fa31d6b4bb58f05010f7d17efd7311064c74378b3b8ba2
O65-01,EC1N83Cbinhf9f86f9bdca3,32783,494973,6f06bed3f23329365a74e97e51d762a93406ee615ba58969bca92bfbc55d94b1
O65-02,EC1N83Cbinh689ffeff260a,32720,494028,4cb164953a5f701c39b772923d57aac699b3f928fc4c0e2f03f23e959b982662
O65-03,EC1N83Cbinh3380320670ab,32866,496218,aa323d6f113c22d0beed2e0a5cb18874f734e0760c8f43d9ba2b282b93868ec3
O65-04,EC1N83Cbinh87a84e0e127d,32618,492498,285e6b7b16afc9e5e666d7b6d7153c87f0f189d6d23e20fc8357d4221a564608
O65-05,EC1N83Cbinh7e96559bb5f7,32584,491988,b152ba14f1bf9e60460b47aa7b012a4f88fcb6503f487840ef6d43f02b2820a8
O65-06,EC1N83Cbinh4e2ade084a8e,32939,497313,c6dd21cb7b69e4fcf68915f65af5a39085096e5f7c19585801acf5855823d5dd
O65-07,EC1N83Cbinha8f4cf1ce991,33118,499998,89fa4247394e3562c091723095b4e8cf83b392969d292415a538e02421191f5b
O65-08,EC1N83Cbinh3263bc987765,32712,493908,f0e505274ab8d9245d58b176d94995d71232db6c67041d30e7105cd53e7fde40
O65-09,EC1N83Cbinhe4a8347d42dc,32774,494838,906561936bd9154b18ad8adbfa469b833fdc02ffcff006187528b143611d35ee
O65-10,EC1N83Cbinh55cd10c71158,32842,495858,c966952c8baac9078a7715e529916ab07d8c2a0643a25d94415b1a8639121f19
O65-11,EC1N83Cbinh57d08466f1aa,32737,494283,90f6fca826b696aecd84cb06426485e40de96e16b964f995484068d4a73ebefe
O65-12,EC1N83Cbinh7c424d671119,32964,497688,a7c7ded883b430ecc50c4a345af97fee077673ea8be943ceb20ce72d65c57d6e
O65-13,EC1N83Cbinhfdf03ad869ae,32605,492303,71713ad7d03b85eee6e4fe86a1a701d2a5b68f9f3e5f4d8051f3a9fce1552811
O65-14,EC1N83Cbinhd8b82f8ee4b3,32693,493623,475a4de93629e2e045aa8fa83d026890cdfa4fd3acfd009dd8e36ead0cc17ecb
O65-15,EC1N83Cbinh9fd572e8df6a,32837,495783,efe86b8dbf9872f3dae49e6320a965c2743fc477c1bc5fc168b8e27d7b8b6bcb
O65-16,EC1N83Cbinh3e6e69d44988,32937,497282,84bc91129eb486be7a642c5ef4cad815642d30c20306188a51b95af4f87cce5c
O65-17,EC1N83Cbinh7dd97d4bda24,33052,499008,cead89af0740aa558a7f47caf7bb43e1c2c2275273a58bc1f01444e01c0e5b9b
O65-18,EC1N83Cbinhd137f5eb4c15,32625,492603,4c92b5baf34e939c0334f9d1e144e7e858e3c1b0606efd92e5cb4a7a943e75a0
O65-19,EC1N83Cbinh8b52b158138b,32699,493713,d4f03af44b695caabc03d508d424761ed532b201b65cd4ede545a2e337521566
O65-20,EC1N83Cbinh0e823ad07e44,32978,497898,2b2f73d741b09e980715b5769855c81dd7b679b7f2dd69a253442699097bdebc
O65-21,EC1N83Cbinh7f32731d3b0d,32578,491898,0936438d4b09683fa018f2d09ed75409ccaf7f4a659e9adb8aa0fd3e204de37f
O65-22,EC1N83Cbinh5db37a906738,32795,495153,009943705baef17da6b7bf52cfba26c8437aada5c504d0220f2660d40dc4980d
O65-23,EC1N83Cbinhf3c90577cbfc,32754,494537,dc658a8e20a12345a77c3218bf8e1d875013f4458e9ce6b08b923b2b7660d027
O65-24,EC1N83Cbinh63ddd38fea2c,33067,499233,adbf46106061bba113853d029d534aa00a60870579081c96c2067bbc00f489f0
O65-25,EC1N83Cbinh9b57c9706935,32707,493833,f7d6bf7f19aa5d0983de4387d08266f35125ddbf6c62811e704eef04946a95a7
O65-26,EC1N83Cbinh89b1eefd9030,32975,497853,c67009f0b96f7a6d40e1a8867cb403bfa00fc6052081b8c1d5e620466a642ec0
O65-27,EC1N83Cbinhcbf131d16d36,32887,496533,c47e868deb9e4c59c8ce211fb169bf94ad939d6cc0c97672222bb0b680199cfa
O65-28,EC1N83Cbinh5d99862490e5,32766,494718,382d7182418cff91de8e25ee8e615c565b943e302ba9441729090f653c1bf838
O65-29,EC1N83Cbinhd54481929077,32895,496652,e1af6c75047c76b30b4d504e2d54df2086639fba4feceffe6b8c96dbb6ee587b
O65-30,EC1N83Cbinh3e9569f22770,32728,494148,c490a72704050d2b8197413df388c7e2aa328d288b6dac0e834c1c928f40561c
O65-31,EC1N83Cbinh850b34681cec,32622,492558,ccbdae903f40c58414cb3ca216d68bbf6726346590c799ce27ef10145dfe58df
O65-32,EC1N83Cbinh5369aeaf8380,32702,493758,bbdad0c6dedbae5879a2f83a4a11ee93388b3f99397cb16793408bcef6e6c8a9
O65-33,EC1N83Cbinh7e6b748bfb87,32672,493308,4dedecf23b9d4597309d9dd2942120fcb1764e4bd056df63da598b03bae4c4b4
O65-34,EC1N83Cbinh25018068c2b1,32843,495872,b1def57a924258f956994d361535c58a1c02eb61b19f9352e058afb8b4182d53
O65-35,EC1N83Cbinhbd55b8b0d047,32754,494538,c4ef43741499df2e2787c9064c8c6a527ca9a4e37b75fef3bf39646aa9528b41
O65-36,EC1N83Cbinha9486502bdf3,32813,495423,00ff3fa1d4186a969f10f280ff938dba1c968530277d743b124693c7a345b09b
O65-37,EC1N83Cbinh2311e968beb9,32807,495332,49ec2565b25ae6290181f08c7a159286c995ab527ed27e95bffea3043039bacf
O65-38,EC1N83Cbinh8e04e647099e,32843,495872,4a830298f29103d20f9475b89e9b92443c74a9911cdaf2dd8aa0eb621eca058a
O65-39,EC1N83Cbinha99211ce194e,32867,496233,ab79accf16172afc55ed792dd2ea08181a5459758a62f3f5719fb4fe26a17a5c
O65-40,EC1N83Cbinhe5afdc3397e6,32741,494343,c8c4bc5caf1297ad8c434e53486c7fdeabbe2ce0c870bf5606af1ab68b609b1c
O65-41,EC1N83Cbinh29e067476a1c,32722,494058,ae431bc668b335f78471d3e71b01eab6204640902bd61f77e9d81a0b9b287892
O65-42,EC1N83Cbinh3755b9d0ec5f,32741,494343,46e1b3fccdc06671f25874f4c9f09dce0615498e19c3b61de0aa2698e20446af
O65-43,EC1N83Cbinh5e355a07a299,32701,493743,44ab061a80783fc4672ac0bbfa24df42cf2f5d77b3f11d0f1c8327dac67ce8d2
O65-44,EC1N83Cbinh78954d0a3f0a,32876,496368,15f0e4c84320aee5594ca79f3b21e532777d57e708ca877703228ebea964b2f2
O65-45,EC1N83Cbinh3d32438003b7,32841,495843,94056571b5211ef5154dbc5c195838b554a7109b2f0d8504df0cef0a50b76ca7
O65-46,EC1N83Cbinhc069239aa21d,32773,494823,0d000e62d20764d0973aacfa9f28afe39b8c09431a26072925d697f9f8e3700b
O65-47,EC1N83Cbinh115160954667,32833,495723,c0dca05932c95392ffe7a34ddb44d1070a20a67338530e660f7b5dee04f868fe
O65-48,EC1N83Cbinhdfe1f0dbdfb0,32815,495453,9395bdd46a324ded1fe4e1fe4b213e8d98cf926b7f918eb3416ab7799316c52e
O65-49,EC1N83Cbinh7eba0af28f6b,32892,496608,dfcd3761fa81abf47bba22172a1e616bdf579391e5d451b198e36e377d0b6e35
O65-50,EC1N83Cbinh913cb3609799,33207,501333,9fbd57b8cca97457eb1bbebd3396e39ab5c569419c8a61642a7bbfbad4952059
O65-51,EC1N83Cbinh0440292a6941,32798,495198,a6975b04f26c2e92165d00be458edde4c7a022897d6ad1e14bafde2472d8e3c5
O65-52,EC1N83Cbinh95029843a5f6,32658,493098,334c319f7c120553216a295b1dfcec87d86f2d1fa1f014959541a37a94645098
O65-53,EC1N83Cbinh452d79f82637,32641,492842,7dad9d84475cc836a57177ee392d843c1c69711f656db770d5f2ec029a7ba2eb
O65-54,EC1N83Cbinh86055068cda3,32773,494823,a2bceee946a8f51713d4323323fe481a24074b1b4abde1147c288ae35e03998a
O65-55,EC1N83Cbinh4390b527ef2e,32763,494673,a92423292ac0ac904775c0b48072cc936786796e5eaa49b628ae66ab9074d89e
O65-56,EC1N83Cbinh1544e14e0a7d,32843,495873,64221874df33f3a3bb2a07e77200043df8cbb2bab5c865abb71f42eb557211ce
O65-57,EC1N83Cbinh6e73dbdaf71f,33164,500688,26d281e60a5680a64c9bf881f570c32760da579bd719dfb0da1656d239875d79
O65-58,EC1N83Cbinh67f01669c8f9,32739,494313,49bf335c9f4eac043a14599934ea9a72013e642033148027f59867a446af1e87
O65-59,EC1N83Cbinhb67fbbe5147f,32792,495106,bb77231996e37351f4dc09c2d3612bef1899156382d952109c04e7341c37d571
O65-60,EC1N83Cbinhd5ee797d60d4,32632,492708,839606b272ff0744855d027ff3da49d0c50c27f6cdfc967c7804a4893b2c103e
O65-61,EC1N83Cbinh5177620ca8d8,32779,494913,870a5d3cbca8dc37a43897457a1944d7499fac6817c57b4654b25d933afa6170
O65-62,EC1N83Cbinh380d200a2336,32729,494163,8cfc17eff48c52e6e456883fd7b5052ea2d8a802c2981129ff222fc7f589140f
O65-63,EC1N83Cbinh04b0c1f03fe0,32812,495408,5a471968410c83a3049c9e33a6de2160afc56a04f548f6e92a7277f1bdf59d57
O65-64,EC1N83Cbinh36be28d77f9a,32788,495048,77d378d89c079de9e0f895065c9a46a9e0c5769cc712501ac67abb430a02d4f0
O65-65,EC1N83Cbinh3d3fd1d2363d,32916,496968,962fea24de1b1c53da5033f39e700e06d400fac7a3b707b9823518e93c67cea7
O65-66,EC1N83Cbinh878f5dce7af1,32688,493548,b74ecdaa5a750e43ec524fe8930d57b17a4c913dcdc52a696b0c62f81d23369f
O65-67,EC1N83Cbinhe82c7aac23ef,32944,497388,309355011fe7d11f9519e82f9fc3554ae7a2124058da16add8b02374ebe209d1
O65-68,EC1N83Cbinhb171b9162d74,32488,490548,b552a9f97e4b5eadbbaf598fd516387d918265b9d920a5451ca14b09024dbfdc
O65-69,EC1N83Cbinhf2391335dbcd,32731,494193,aee5e03c7d2396bf12b4514310fed695ad6c9dfa49eac992242638f3d679abd5
O65-70,EC1N83Cbinhe1bc005ca9fe,32745,494403,5d457e037c5c2fbc545e7bb8a0fc1fa639d7f95cc383602923d94b4395dbaa9a
O65-71,EC1N83Cbinhd8a8e64ee6b8,32896,496668,ae0d0120a6757ca4086516f2a8b0e0e66c3c047be55f19b1a2e240bc3bfde6f2
O65-72,EC1N83Cbinhe200e4436857,32834,495738,5ebc87226ca99c05a7f5b436774ab9ba766210d321865d764fd3d51244bf654a
O65-73,EC1N83Cbinh1539fbd528d3,32910,496878,f01c499a0505db25e552346ffde7d5c5c229ac0819840e638a50d13427171571
O65-74,EC1N83Cbinhf5fe69615102,32546,491418,efea4a7da641883020ec0088e91c14289f6f98281b263c6f523f1bacf04dcf08
O65-75,EC1N83Cbinhc9ec58ef8cd9,32598,492198,880723fe54c70b44df53f4a66b2f5669654a063ac4fbbe2d6bdbcb303dbdae38
O65-76,EC1N83Cbinh23d803f69edf,32895,496653,8f838cddc0162d15ca19463641056ef492c26eccfe7f4b3c6a415f80e298a5ab
O65-77,EC1N83Cbinh45a40760617c,32991,498093,ec3dcffe8963716f791987257c10ed00ff419b19d246cbf3e0c0339ef6efdf5f
O65-78,EC1N83Cbinh3a751a38a601,32889,496563,6f6493db2ed5699e0579bae1c14bb77dc0059f6b4efdacc68d917ee82a4bcd29
O65-79,EC1N83Cbinhf5746d3f2bed,32532,491208,7f1bd04ddbc91d603295f59e55286f6c84d3be1d086d285b3f3da11fbd469cf2
O65-80,EC1N83Cbinh87da5511f276,33114,499938,46d314c2a735010f4edb78d18608f35726d30017bed750ef63d692f4e8904d71
O65-81,EC1N83Cbinh8fcea6c76ce4,32831,495692,166b00b93412ae7f80170837b54394ca8338fe49106dee9cee997dce731765f3
O65-82,EC1N83Cbinh34562c21854b,32678,493398,3e415da9aa8eaf60badd4eecd6b1cf8b6a63e661947a9a00fc2db79a4030724b
O66-00,EC1N83Cbinh929ce7a7cff7,32521,491043,e205603a107a31939706cb9cdca7e31ef36b28cce7850770f8156c8d3c9b61ca
O66-01,EC1N83Cbinhe594a8451f2b,32633,492723,38a476ab04e572198e8c5cbd068c1d8db35a1c0967ff1fc8927bce86a286bd1e
O66-02,EC1N83Cbinhad2df7dbfd44,32597,492183,e97f89127a28414105069b70474d24e069571133b1cf8c7d136d4d2da6a77630
O66-03,EC1N83Cbinh705f03485de7,32536,491267,f6d709dd29d09a5d556b4a3669195d30f9c08186fb1f2f9e17ad3ae3b94537ae
O66-04,EC1N83Cbinh4387f9da3b22,32980,497928,8514d6e241a3795e1cd615a4d3f915109d360ebeacb7c212b70da6a219a67b9d
O66-05,EC1N83Cbinh0437b6a13a7b,32957,497583,85b25b38e781a0a2a31b9c2e43096d2ebc2ede4c458c52cf20a296ebde9ba155
O66-06,EC1N83Cbinh5b336eb96e25,32781,494943,bd669e43bda334ea64f4792cdadcb136c4cde949745886ca3b1485e5fe701e32
O66-07,EC1N83Cbinh58db2b7a8ba1,32524,491086,4f3c6d4c55b966f4a34996a1887952ca610d125a8aacdc6967b390f9fb3a0ab0
O66-08,EC1N83Cbinh926a16ada526,32713,493921,6be68622fa9d6c862d947c2451f5f45583760fe583fd541187983012b4c41025
O66-09,EC1N83Cbinh7bc3582ca72f,32790,495078,1569276adda98b4702e97180889fbf8020310a172bdd22fc9efd1c9ab361f61d
O66-10,EC1N83Cbinh5a65dcd7ab1f,32748,494448,77f395269deab6093e38df6629ebd6fe0cb886000510288f518f48810ac37c36
O66-11,EC1N83Cbinhf5a8940213f0,32784,494988,58ddfdcffc307be62efbef686d01ce7027d0fc7d703379bc198abcd6b07b9469
O66-12,EC1N83Cbinhd9244a1dc5bf,32738,494298,3707c1989573397711c3e08090d73e3074ad810825f2e437cec5535ce408abc9
O66-13,EC1N83Cbinhca04ffce9f37,32746,494418,83356d658a73e1e04400cbd4a59ab29aa206bafb9ec4df086cfc1b36ddb54f0d
O66-14,EC1N83Cbinh0904524904b8,32939,497313,040c87672784b5e58fba6c106d2e456724271703cd38b86d1a2bda75a14b967c
O66-15,EC1N83Cbinh8bc2c4ffaa4f,32821,495542,6bf0b2a2c474b801a5090913f9af8fcbb655494ab06c8b32461995f397c20c2d
O66-16,EC1N83Cbinh710ef415e1dd,32788,495048,14f8c791ae307fb9ea0866b1df92753c837b883700fc66b01189abdc41109ffb
O66-17,EC1N83Cbinhac30c3a3699b,32812,495408,4beab910286be7da03553fcf309e0c7845736099b737f1c6db7425cd967cf544
O66-18,EC1N83Cbinhe06e9f1e2174,32623,492572,c7346d0d37d3460c30589f9aefd906a3d12b5250fa020f33378aa093aebd4346
O66-19,EC1N83Cbinh2a2281be30c0,32868,496247,39e5f1355209bdf938ea6c7e7d1f586c5f413ef66214d41ddde227e00c4e87ff
O66-20,EC1N83Cbinh5112e85e401f,32856,496068,3d0d763459f38e71bd77a070f2516635710f59e363bf972ee78d4c33ebd79650
O66-21,EC1N83Cbinhe92ca766d754,32937,497283,bef2cd9e17ad37e4d06929414404e3d1b7f835f808f59cc477fa9d792da7c624
O66-22,EC1N83Cbinh5fdaacb7bc8c,32756,494568,66f0f0fe709aaa570f8faf7e90bbca7a9ee23fbd56ce59822c3ae8ac875ce68b
O66-23,EC1N83Cbinh5e42cba09c7b,32769,494763,0cba95b1a1b8406779376ac0516e3b23652339bd4613a9e52a4afd4fc008c1d7
O66-24,EC1N83Cbinhbeabed4fe9f2,32795,495152,eea301ef79398f8cf0f3e0c5961a69c503c6633a1b0fa22aa6338c4a8a76d2e8
O66-25,EC1N83Cbinhea022c61905c,32737,494283,246480a8645763c4f0ed2558a1fdbc27fa6685f60ce36cd4c750cee468892149
O66-26,EC1N83Cbinh9bed1733968c,32808,495348,80b73aded5353b6af4eb644962ca53c4d7bc5b9caa23b26174d914d50782ee45
O66-27,EC1N83Cbinh5fa42a229bd2,32507,490833,f85918893d37b9be144f4c0226a45df5606e6cb5af80f6729d370179556c391d
O66-28,EC1N83Cbinh57d25ec8fb5f,32834,495738,19c6a9cae2af9a3f3a76b41f9a819e2816440f7f20d86a0981ffef0378e27871
O66-29,EC1N83Cbinhefa8f30cec4e,32886,496518,5c82ef2ff676b6820c90de68a074a1784b45c6cf100062a9ec3d0b0f8423be00
O66-30,EC1N83Cbinh6be0217108a0,32724,494088,e52079f7c9f5141ab9afa0c71dd348afa4b6d142ba75485312f93fe31c4baebf
O66-31,EC1N83Cbinh864274a6a571,32777,494883,f85fd8a3bda171cddcd86c50e8a6be4cf36022748044d90bb05ab4ccd081a32b
O66-32,EC1N83Cbinh5850ab2b4b29,32816,495468,a6309921c3771f39130a113cb785291509b43f3cc8adb870ad6fa340ea540bda
O66-33,EC1N83Cbinhd19ff887f0d3,32704,493788,22736fa645a2a559dfed46ef6b0e96455e6711bf10070f700beaa03b75a09285
O66-34,EC1N83Cbinh221862757e72,32650,492978,e9fd4d3772414a8214a819f3f87bf0e6b3a6724c959eed6115012472f7663327
O66-35,EC1N83Cbinh02efc7b8db42,32646,492918,f9af9a961abab5f15efd6377de507403e4c60269d9fd3977f5f40cfc187d1941
O66-36,EC1N83Cbinh65a9b7b2482b,32676,493368,2084179915a529a332653399b9975a2f1a1f5dbdd808d3959d472f6783cd81a9
O66-37,EC1N83Cbinhcb017651f21a,32682,493458,d4f9e80fcf79284d1a3a4831ee851410fd2c2778f4f4b3da1ad750c5b364b743
O66-38,EC1N83Cbinh3548d6236162,32586,492018,fea539e950f4f1e0a667b46755264be3a3c6295caf416fa7b722b6fde08e6b38
O66-39,EC1N83Cbinhd35325c0d459,32958,497598,03099f62558c16472a3482a36c360160f13009d535dfab538f09092dfcdd30ca
O66-40,EC1N83Cbinhfab34097554c,32862,496158,65a0648055e6d2c171e95f8cba168fa3ec3866d36d59b214d87214f2b006dab2
O66-41,EC1N83Cbinhb725992c8a02,32704,493788,6773259029425f35e3e3cdaf57494be9a3cd54bcda59936c19dab13f8f02c2b9
O66-42,EC1N83Cbinh96c10b24135c,32495,490653,ae118b59602ddc2a6ec69f09eda785ce6169d69702d8edf30c17ddb207737a78
O66-43,EC1N83Cbinh80f2f150fe82,32733,494223,e245652f0d1ef03026178ef5e7a0b1a9601d65a1327ea8aa28c2c146d7ce9f58
O66-44,EC1N83Cbinh9428fe937581,32759,494612,f8678d53da42da60e605aa3b5cf45da8b224430d62961993615bae1a606666e8
O66-45,EC1N83Cbinhc39ab6a6debf,32766,494718,75615a735c6c5aca6a7c47289ac974d8bf684adf35cd98c3961c73ebbffcbdf2
O66-46,EC1N83Cbinh2796840c300e,32843,495873,1325401d883d199602370b8d5723067465c5131b46ce6e1cc7324701fbeea243
O66-47,EC1N83Cbinhdc96a84cb073,32833,495722,1b2a6b55ae20761646097e275a443082ce02181b88c43be72d270b00141a9575
O66-48,EC1N83Cbinhfe7eac3f7cba,32898,496697,6202d6816bb3e6b284ae4d26a8fecc0e90d49c2626ab01c97849606a598460ff
O66-49,EC1N83Cbinhb2f8a81b3088,32729,494163,7a0c111489702a12300fcf593a6ac8216a65fd2be9403e10bb8d9201e9550d80
O66-50,EC1N83Cbinhd925fa83844f,32732,494208,006135949b5558a0fda6fe7b3bca49cb339ba6e2f9c4aa03405f14757edc1f19
O66-51,EC1N83Cbinhb384c09a5171,32795,495153,d7ba3cc805883e32cf2a30f108437cd9031b99890ef908ed90cadb22140910f9
O66-52,EC1N83Cbinh8f77ec1df539,32826,495618,0d7a13c5f3200e8cf138a55cd34ed59c2e15a58214f66cd128aacdd7f0cd191b
O66-53,EC1N83Cbinh755a1c39a110,32621,492543,2feb23dc3dedde92c14e123789503f2bcabcf5fa1525ae54b935125ae447651d
O66-54,EC1N83Cbinh4d67a7940b7c,32788,495048,1d6b009ccf804cdfc32d86024ba4bfc0a30e8ba23c3ca55ab7407327f3d537b3
O66-55,EC1N83Cbinh581774a98d77,32525,491103,2690f2134283b339b0b88fe853581d586d79e6731e8b9cf2e2a579fd89cc43b4
O66-56,EC1N83Cbinh816feaf9858a,32842,495857,738675bdda48c4530741b77acb1d2d5f79341fe93517eb7cd38367e3ade7df51
O66-57,EC1N83Cbinh0adb7530a2bc,32961,497643,8b24bbee1f0348dcb0bd597a6f72bd5159cc55e6654123e6c97407c16fdd9132
O66-58,EC1N83Cbinhbc178054d4d9,32733,494221,2017ee7632b1561d42266cd72631ab5ca1b36137321daee796ca99d0a8a05678
O66-59,EC1N83Cbinhb16b62f5d0d2,32787,495031,6e412b2cc74fca49cad9d800c7493c014ef8aede13717ca87132a4cd43ae4a0c
O66-60,EC1N83Cbinha4bccde2a767,32873,496323,32b67d48ac97d332eb4196b2a980017e7224daebb25b8a8deb86a75f3242cb7d
O66-61,EC1N83Cbinh93838a45ad2f,32843,495873,fe587f996bcca38a6a7b094012b6b9d8efd68b76ad1a9d1cb5a81156445c577a
O66-62,EC1N83Cbinh7329a3981ca3,32628,492648,d6548991de9a9e29b90cd6e0edf5ce34f8effc3bcc48710ffa8e6460ea627957
O66-63,EC1N83Cbinh10a8a8637ce2,32742,494358,7dba81cfb30286b9399eca5fe179445bc181250fe97a80de623b4412cc7484ae
O66-64,EC1N83Cbinh8db8d7ca51e6,32838,495798,d26e891c4ba7d20abc94be1e94fd970ccdc468a8677e9b5fb928592d7aeb9dcc
O66-65,EC1N83Cbinh6d67f5393d13,32897,496683,9bcda4a41c7a1761f8e51ba4e4171e97056f9a1ebcb07b7346bd8e1000a840c6
O66-66,EC1N83Cbinh9043b0e3c780,32802,495258,7efe738571095dfd0b240fe911bc1a7fbcfda08e14bee92ea23368c4bfc42672
O66-67,EC1N83Cbinh2eb23a07ea20,32623,492573,d2056d47afd913533a93a3a98b6dbc5b438c3548f62d94cc151c5bd509dce3b4
O66-68,EC1N83Cbinhc596dc9338fc,32789,495063,19f05ad167091971f3108285e19f81f47dbfbbb276e9225328ba1f22cc49300b
O66-69,EC1N83Cbinh68df8ffdde59,32878,496398,7fef078cb3cabc20e2bc2c4130af3f65ca9465883464ec86b0b937031344b37a
O66-70,EC1N83Cbinhb09dc40d5de5,32703,493773,fa981b1dcb315d4d26ee928cf393bb388bd15bb37aab58ab5aec079d8aaadd35
O66-71,EC1N83Cbinh69cd8c3015f8,32934,497238,3bd5cc09ffdaca481ef4820ef88ac8233b44333978d86999fd1e4994509c94ee
O66-72,EC1N83Cbinh15183ce613c4,32897,496683,3249d426c9acdfdc187dd9a4a2b99ae1e34d70005dfe832b2895816866eed0db
O66-73,EC1N83Cbinh0a4b09ec04f1,32699,493711,adabb0d9d04e768edbc115fe0a5f47526ef1ac4c88795259ab6e8b6aa2775b34
O66-74,EC1N83Cbinh06d1909e5e1e,32742,494356,291fb2e0035a39c57862a7426ae06cce48b69c9647620f7020cefda64ba0af1e
O66-75,EC1N83Cbinhaffa416b4545,32712,493908,b1064f359efa985a219e60d1ea8c512eda837e2b29a240e1fad6fb868d8059a8
O66-76,EC1N83Cbinh91bbebb28f57,32892,496608,492685111f9aac982752d83e30dfe5e58cfe4822ae93383e9d646aed869c8823
O66-77,EC1N83Cbinhd5aa0c1d78d0,32751,494493,1183c5f96568b19f0d0b2f58752ed3f36a6b6acd3429bbf77285cbed83e3f96b
O66-78,EC1N83Cbinhb78d20760c8f,32664,493188,8bd9de1955cd1350e763d19d88524e395940f68bf5739d8a35840d6aad600ce0
O66-79,EC1N83Cbinh13d7b2954407,32774,494838,db9e33d479ae4d0d85a82f19fc0358e0b2f42bc181cb74c9e0aa3a96dc9b5e8f
O66-80,EC1N83Cbinhcfde16dc5fa5,32861,496143,c2557d20f2306f448263db85546fe0329e4642d1660bbd660d8e4d4d507c8832
O66-81,EC1N83Cbinhace1753fb852,32848,495948,ce6a80c5c070c344256d2a035dbab056f37d440727915ed434c8bbe94c531987
O66-82,EC1N83Cbinhe74c2365682b,32765,494703,4c8da062e831f55eed79efc0b98255c445f563a15c3c7e84b8743cef6b0229f2
O67-00,EC1N83Cbinh9f9a2a3dfa90,32816,495468,a821df3fcf3d1660e27e2ca5472f8cb8b6e5a0758cc58f7e2b9437a4718a7082
O67-01,EC1N83Cbinh770084c64c6e,32719,494013,80551f60cc5cafb500b6d1f43e73dcfb45e552a78b42412447014cf9f4cb1f84
O67-02,EC1N83Cbinha0e027225289,32998,498198,59c46b30246c0e1c2e842e04768b932367c870d08838f971805d5fedfcfcb2a7
O67-03,EC1N83Cbinh0fb149abc599,32884,496488,b25a0ff3b0eb85dbe5d2876c06a190eb009810de6e42ff517fd5fe7cb4eafed2
O67-04,EC1N83Cbinhc5882b007bb3,32824,495585,53a64c269b7cb4568d2b4891123781ffdc42d6f99f43558bd1e86c63e04c47e3
O67-05,EC1N83Cbinh2ca56e25e366,32802,495257,101f8f3d2db1362618cc592505fc8641d6e59d9c29c69ab378b323ea2b4b5fa2
O67-06,EC1N83Cbinh0ae518503bc2,32946,497418,e0fb3e4496d714759efdaa47121ad085f5aefcd00d4ce6a99c0ebd62ebd20862
O67-07,EC1N83Cbinh27a2df1216c8,32869,496263,a63665c3976a250edd9c623ba75664f0ff6a079f20d6a2c08737d090fa864757
O67-08,EC1N83Cbinhdb896d186e90,32810,495377,d5bc5bfe70abfdbebf73f37e6016278af953f2043b5620480f5e7255695b87d2
O67-09,EC1N83Cbinh237adb11da9a,32833,495723,cc0eaa66295305181ed2d0b9e68bbd2510582954c4832d0c905a092d4a70d9f7
O67-10,EC1N83Cbinhb5c8e1828a28,32701,493743,6ce16e14fb9b2cd87584e3d36d45947e4908b9b4fbe766e737e62ca8b4320816
O67-11,EC1N83Cbinh064888601b63,32958,497598,8a1c05f0e12040ef03caef2ee5649cedc7fed38209f4b64c1913274631e2bfce
O67-12,EC1N83Cbinhf6e7a91a1dd3,32749,494463,0404b388987d758ce5a3285c5f540d343c6fae5cc1f64e0113d7237264ae9077
O67-13,EC1N83Cbinh2dc9f8c6eb44,33020,498528,3d3134f58fdd5585d01520bed9f8cb6120911489a9626ea060d23c5457331486
O67-14,EC1N83Cbinh19444ecfafab,32627,492633,64ebc83200d0ef2319f2cf316a7da45976afeb60b05c192541a1021a7523066c
O67-15,EC1N83Cbinhf78232cf45db,32605,492303,0d2614cbf27b65b54b989a4e3eae4207c73c2441805cb559a417f0e74c3a5f48
O67-16,EC1N83Cbinh8f9a65aa517f,32796,495168,5409c4247887a66119ee45271155714dcf68a27b1f83e8c8c722784338a8f36e
O67-17,EC1N83Cbinh5179a4e3a8be,32952,497508,dc3afd44244184f2abea7ac2e4955cea7c8064f9b932dd64a7d38d9df683906b
O67-18,EC1N83Cbinh961164cf3d87,32840,495828,ef241ab348fec5f200d465b2dc20c74dc48d71c38962fc3fe3361447aa6c12dd
O67-19,EC1N83Cbinh3c1921e964fd,32760,494628,284338f2f37941b429d2ff15ba4e6e197ee5827b01947dea5f4efa17e7b15778
O67-20,EC1N83Cbinh1c7c21509a3f,32978,497898,cd523eefd08606341bcc00afe9e4dc4a8534ebc468db4a852f59dce1ad9ef662
O67-21,EC1N83Cbinh83e9b21a76b0,32770,494778,fdd322dfe41f9ed653544eb402497bcd4964c14a25ee71fd0de2b09fae962922
O67-22,EC1N83Cbinhe85068f0d527,32685,493503,66b5d1b1fe92b30edb4b2989b647a377ff4066d83ae2f86bbbbc2a4e64f4dd7a
O67-23,EC1N83Cbinh7404df5e5c76,32863,496173,b8daf5390541906d5ef0d7476f889a7dd4b6dba828ed2a3a211cde404bc0c3e4
O67-24,EC1N83Cbinh9ced7b7fbdc1,32913,496923,2dedd40705b19301b8365bfdbe6dddd9e06f349f21a6c85d2047a86d219dab56
O67-25,EC1N83Cbinhe497b18179cc,32758,494598,d44a6627801a60f0f049e79db40d7b990f727126ec40614bdcb6f150eb637cc5
O67-26,EC1N83Cbinh1df8df588eb8,32647,492933,44aea1e6751cfb9a5bbce20ba310ecbf213c3ebddf96c88a30e1f25b299fe163
O67-27,EC1N83Cbinhdd4925a1bb3d,32978,497898,b64866e06bb4f1adb20eda847358f5fbaf81cc0b7ce70b003ab5e5b7c4b599be
O67-28,EC1N83Cbinhd2d922ffb494,32670,493278,d906b6a883b4d34e3e864227dc5ef57a37a34c22d81c4796777bb564d08ef504
O67-29,EC1N83Cbinhbdd205f97568,32806,495318,a53b656a7d95512b86b4f3971d74a5569a79a9b78ad198577ca0d41ee22ec40a
O67-30,EC1N83Cbinh712db836fa79,32846,495918,fe6f2d439c0a2af7dffb901ce3df0df64d7a2529fe1019600445425998fd7bb9
O67-31,EC1N83Cbinh3df8ab646053,32896,496668,de58790d4fbf2371f77dcb3fc46857fb2f475b26a526a22148cab56e3a4cdf17
O67-32,EC1N83Cbinh6823512a8cf0,32486,490518,a205c3f10dc66b9c5fe249a19ae0189ff694c4d51bb237321baaeb936481efb5
O67-33,EC1N83Cbinh1225455a7aea,32856,496068,963aa8409dd2f1e13545ac5b1e3b016bb3c1721d1fcf5f6dae34c36c8bb9a599
O67-34,EC1N83Cbinh064ac2f4eaa4,32728,494148,045586f84302e8689291824c455978c28cd0f74f6118588992e4b60c8fb365d8
O67-35,EC1N83Cbinh9d4a8ff3aeb9,33131,500193,3f11948f2b36844bfa85d6e2380dc80dcedface811613bc9e762d77d44a41d9f
O67-36,EC1N83Cbinhfeeb8ae6fd4f,32856,496068,2263236a2e55250abee48ca8f4c808c075b747da63d21e01d98ce16dd384fb2f
O67-37,EC1N83Cbinh1f0939f186fd,32777,494883,b3de08066e4663e1a6228cb2492dcde048022436608e3cef1ea0f9652433a6f6
O67-38,EC1N83Cbinh5b2d5abc75e7,32783,494973,d98fafe1c726d9ab4347c969741e41ee9831d4d443b83612d165f53c9cbda45d
O67-39,EC1N83Cbinh719f4d3cb6da,32539,491313,9c9ef62cf6a04f5eb104591a44af670853eb02cbdd6b1ed44657c2ab8dab6f13
O67-40,EC1N83Cbinhc00018949d1a,32922,497058,0933078a9e5147b004c54932a041371761d3579a9285fcdea4a543c9c340bcd7
O67-41,EC1N83Cbinh61d50ff09e11,32769,494763,5d1744ef4be033e4b6ee372da0efed3deb356d0c76b1ff35304a0d41f22e1ba2
O67-42,EC1N83Cbinh9da61154901c,32699,493713,477e3e519efe3dfa60d36d0688852f2f0f56b17d1094cda7bf387e9c45ba0501
O67-43,EC1N83Cbinhb4e0de922893,32914,496938,374186920c0ce50027ab82a8e0c1324f8457ba283bf21c4352863e0e2349ec80
O67-44,EC1N83Cbinhd36556dd1074,32623,492573,80a27bfb1d0c7d85b258011bab33e61f82c4c0d684edcaf0bdeeeeb3ea5e88a4
O67-45,EC1N83Cbinh66180e64ebe2,32793,495123,886ea2033b13b766d77b99348d6eb0186834a9e2c286524da18464037904d1f8
O67-46,EC1N83Cbinh9ba281faf8bf,32777,494883,e3447e937f0eb6a278158a4018df1912dab7d3a00f7b999701fd12525a04d761
O67-47,EC1N83Cbinhb77a467d37c5,33085,499503,dc9330ac4fa7a116e641e98479acae203463f8ce76a3f47c8e06a93a518a8a2b
O67-48,EC1N83Cbinh35a08855f9fa,32911,496893,ea910f517262b1c2f072c3ff82c89bcf752cc7498e39b36dc91c8b698c67cdf7
O67-49,EC1N83Cbinh1879d4d42a6c,32678,493398,bacf1b87265bf0056f7c86b68e854f159b4082d62166f0bc8f20825700f068be
O67-50,EC1N83Cbinhdc44084c8558,32850,495978,decf3559c98a21450c638a2af38781aca44be0ede07154d290d74b71bea8d548
O67-51,EC1N83Cbinh22c50ca17d2a,32780,494928,5d3963389cd67dfefab253a3ed303f7c0a0d0748913868636eedfd87dbd23f3c
O67-52,EC1N83Cbinhc513524ef1c5,32959,497613,7c6f42b8970c9065d06ed3921234386e7985b385e31cc12c608069a989d15506
O67-53,EC1N83Cbinh151d5b41abc4,32615,492452,13312705d5570e165ef454cd740c8fe69559a4d07976428422eb0c962cc5dda0
O67-54,EC1N83Cbinh70f91b37a655,32979,497911,c791829c92a200501a5ea6a06f6af002a319a8f534a7994b8dba981a4375883d
O67-55,EC1N83Cbinhd8b47365edf1,32595,492153,dd4968eb6487e306a615d122bb2f8b3f186a46c74beb383d0bdf8d14be05d036
O67-56,EC1N83Cbinhbd7fc7e958a6,32704,493788,4abe096853f8d43d085ebe2bf3ea8d6843ec295cfbedbf5ec36282b478edbcdb
O67-57,EC1N83Cbinh453df4cc3849,32814,495438,f2d4e4941bc6fe6f0c51e451fd75d0fcec5d499b398f5b270593a1887d77c686
O67-58,EC1N83Cbinhd9b1b3a7b413,32882,496458,548abeb43ade38364219e5c6ae7be76001c700be4b2f91c835357cc5fe553021
O67-59,EC1N83Cbinh0d567a1bb0b5,32926,497118,9626d84f9bc568f960cc02fd09938084f3892d81ba21194e8f09742a3481a4cc
O67-60,EC1N83Cbinh2de67a5897ef,32675,493353,faffdda10126978b47935e4c443ccbd724a79a08470911cfdcecce9d3b363b77
O67-61,EC1N83Cbinheb59a0530e95,32742,494358,a4410a62ff801e02186e36c0fa267a07e4dc697e2aec5736498d52e6fcdc49b8
O67-62,EC1N83Cbinh006f069f5a9d,32684,493488,3593a4464f5a03f44fe51ca36437f94976bad1db65185ae15e6518de0883db65
O67-63,EC1N83Cbinhcc72ee248a7d,33060,499128,799022e8fad24dd5ddbe1f45f0ab47fdd328630b9c08cafd52bc8e68b04d1756
O67-64,EC1N83Cbinhe2247fde1da3,32876,496368,e3a453ea60c1e7647117db194e9c1c0eb7fe2b60cf85f07bc375775f05bc47e9
O67-65,EC1N83Cbinh385d607139dc,32781,494943,6689b822b3eb85577f8e98cf79e136232e8befa7f5eca9a5e11a06d747343fca
O67-66,EC1N83Cbinh91fce5c02c28,32727,494133,af242f436ceeb8eece6246a24012c0f7f03f4f648ae1cfa96d8fbafbc0a0bde7
O67-67,EC1N83Cbinh1c6d6579e1f8,32801,495242,803c9506ad09f73fd3f859fefcde46cc13ec3cb22c06b3799d26f336916abcaf
O67-68,EC1N83Cbinh59a087c0cbfa,32613,492423,77985f81e3cbba40b5e27f17fd824169af38df31e146714eb66954f0ec0fa608
O67-69,EC1N83Cbinh7c893b12430c,32916,496968,f5b3928f2533ac85a9e2b8ef575031da7ea9defbbf1c730fb96e232b0c148b3b
O67-70,EC1N83Cbinhfc68b49048ec,32775,494853,928ae1f9c416fb2254faf053fec6d57b95ff0df33adbf4a0d23eadd09ec787ba
O67-71,EC1N83Cbinhf37912f1617c,32775,494853,5a2f7fdfd474febf4c7100c77b5e45f7b5663a96e2caebf2ad103bcec284a34b
O67-72,EC1N83Cbinhb379ff02ab5b,32743,494373,d79d42d21a0b07bf36ca5ec6222a1a13d0b9040f0f5c7363221ebafa248ba6c7
O67-73,EC1N83Cbinh786cc7169965,32940,497328,62fa06e01d4f674b8b25f850221a0b5b01dcad8a4354947d23d761f269b973e9
O67-74,EC1N83Cbinha86810588a5c,32932,497208,0193f19054f49dbc64d9531fadd68330d74cc44b2434f28e71a18538c1a4a699
O67-75,EC1N83Cbinhdf610e52912a,32820,495528,671005d18b4a29a4d0f0e2041fef98459d697a847eaad9e55c3c250cda137a43
O67-76,EC1N83Cbinhc5b4293e3891,32424,489588,38ee4f41825de046643b76fc673f3b5e46611410f45468e8511d6863740af0a4
O67-77,EC1N83Cbinh0b8d73c0e191,32722,494058,4e18608b7d3cae041a2643706592f7492b379b811889102723c3af0c5ad83324
O67-78,EC1N83Cbinh17757e783320,32609,492363,2e59b70873e3bd9087d44af17cf2818c2e6e71daf00f7dfb1cbe7546ce7a9cfe
O67-79,EC1N83Cbinh01d8f4d9d038,32552,491508,8b9b4e4703e83e4dabcdcb8972181daef84febfc694b9e98e94fd02a5c36710e
O67-80,EC1N83Cbinh3e8d0f399a0e,32811,495393,69816db702d4ad146c25421a674d5dfeb6ecbaedce4ab0eac014c3fe4380af05
O67-81,EC1N83Cbinhf0a9dea1acf8,32669,493263,0aab510f4dbdbff27b0f6e98bba3c3149162ca36bf32e32b59144aa226e0b1a6
O67-82,EC1N83Cbinhf99dc52f79fd,32701,493743,ff6418881cc1a46c614aef3888c8fd08c75d576a691f0754d6a3a76e3bd9d498
O68-00,EC1N83Cbinhd966cd692a33,32738,494298,b61e43b673c71380d74addf213b3595c2a94e2945f0a9692574bef70df6d32ca
O68-01,EC1N83Cbinh6f3b89bf593f,32787,495033,5c5620bd41a067b1eb3527a97e10bf55dae54f71f8d256110352c9e90898abef
O68-02,EC1N83Cbinh84fc77324bd6,32753,494521,2a6c70635e17caea445d30219639f3376b5fa17af25546f08314122bacf1d3d4
O68-03,EC1N83Cbinh1358a3dcdf40,32916,496966,049239ee51e3f3f0d0032e862945417811d30eb8a0eb2a77034fbb52d5405d6c
O68-04,EC1N83Cbinhcebd5d4c6dbb,32929,497163,a5de5bbb5764bd87adb42eacf3c5a0e09683a138c7c3c18b67b75299b86a0845
O68-05,EC1N83Cbinh94bfafe0e519,32652,493008,f4a923621b199d29e30e59442a910eb1d6e6485ccd1b118f0cda6ef5f6df8b71
O68-06,EC1N83Cbinh180f2f830989,32853,496023,6f2f04b144000c478ae14e70cd6096ce54c44efb90d79081a9841d411d48142b
O68-07,EC1N83Cbinh607d58f6efc4,32837,495783,7a777c09acd83ce6d022ea89d61049e69cb19113ae8749764069e1dec3b73067
O68-08,EC1N83Cbinh1ac5399aa440,32891,496593,66bf1e3cbe72a471fb316a9224c57a0d267576663239dbf3f29279034024ad85
O68-09,EC1N83Cbinh39ab948fc779,32531,491193,d36796ddedb3aaf8e05fcd26c0dbab277ce9e16c3869a1b738e95c477f6d5d6c
O68-10,EC1N83Cbinh2b2998a8b522,32855,496053,c2131773a9028fcda72e5e8da84db59ae4561589998291a757b9d53336b3668f
O68-11,EC1N83Cbinh79e67b1c5c19,33018,498498,338a66048c538829acda7060d6283f8d24b2959705f57381203f784c34300e69
O68-12,EC1N83Cbinhbdfbb17f962b,32686,493518,b971031dc0e6ca49eb319c4b12679cd27724f2fa1e3165218d27573043ae844d
O68-13,EC1N83Cbinhc4c1ec249e05,32980,497928,be3378f43d79899f9bf5d66ea40e73467c38374d6f613141ebd6eabfda3a230c
O68-14,EC1N83Cbinh6d19b646f021,32672,493308,d42b698f853c7d46d19017ca210baa5432f81c4590686ab6e73699c7d3ed89f9
O68-15,EC1N83Cbinh109cec2d187d,32746,494418,a645477b57d3c0ab2edf6dd5e06f002e84b72e9e24843ede150af6cdce582d8a
O68-16,EC1N83Cbinhfac1727d2cd8,32747,494433,4b80448fe403fb4923cd959491d0e42faa50d6fa3c04fb4f143c9c288ba9ad33
O68-17,EC1N83Cbinhfaa45880ebb0,32743,494373,d2038c1818bc5393e1a01ffe2a910c2aee9bab4cc1aee87c382335debbcbaffd
O68-18,EC1N83Cbinh6be2046cab4f,32754,494538,42dde7927f56684db3aa264588d500605fb5217d553dce96fc1793ddf30c2636
O68-19,EC1N83Cbinhbe4aed17b23b,32785,495003,cf3dc97acea2d0c91fefb219e93933f0cf88189aa82a6a4b81b08a5048f77be1
O68-20,EC1N83Cbinh27079f03cea1,32971,497793,a61fb9fa5102554083e26f5d5f89d4d880c0b4a42408e41a559af36edf7d7066
O68-21,EC1N83Cbinh40d8944271bb,32663,493173,ec47aaa777b39be42611a7091495410c419b0c3a06d44f27d1a74e0bb9a2e3f3
O68-22,EC1N83Cbinh99287bdfa233,32870,496278,4b1fec2b6dd0c52f8706fadf2cd48c6dc9d8548a7971937fea0c498ad9a209d2
O68-23,EC1N83Cbinhb89eb17aa598,32849,495963,006a7837f6ff9a022b7158e0b1fcb819959bbedaded26660782c7ab48d91edd2
O68-24,EC1N83Cbinhcb6c522c9b61,33138,500298,d5351ddbc534ed3a2a5e17c822c02c4c19221e4e36be0aa96dcbe30294fee09c
O68-25,EC1N83Cbinh55f5bdea4cf5,32798,495198,968acf7875093cbad4783dfeba026d95ca493090cfd9b212c65bce35b4dcf037
O68-26,EC1N83Cbinhecf0704a6613,32857,496083,acb74ea12c8676686d1ac62e3ac89d0135b57ef3800ccfec91e8ebe135dbbb88
O68-27,EC1N83Cbinh2fd348dd6fbf,32680,493427,a3819c3f261b479fe7b3b7668a2f82daf9956dc527ce149096587b710aea718b
O68-28,EC1N83Cbinhb5bdd4ccf302,32609,492363,6bc57d762b6a7a5e6536efeef4e945d6445bbff9f98306919f34ef49c13f5371
O68-29,EC1N83Cbinh3012d41b38fc,32474,490338,9dd8e52b979433fe87cab8f8d0b3639f364ed84ab6c37f7a950c4e54b039d41d
O68-30,EC1N83Cbinhbf879539f4da,32938,497298,024c09c5ca3c88a36bbd2278b78bfa0cfca5ef3ce861451166d0a5b93e7b39aa
O68-31,EC1N83Cbinha8f77bc2c906,32734,494238,77b5dd7a7e6c49ee68a5c3f046772991e85c8ec517981cd97d2f07ea1681b53a
O68-32,EC1N83Cbinhf0af24b621ef,32642,492858,1d4d29f590b60313ba64f6a148ec01286cbaedd7a9c914aa51bd6ea552299337
O68-33,EC1N83Cbinh5132d86c841c,32781,494942,ae2cc4c7136d4a24dfbf9972cf7e0b41483e850b4a4ab8c8c22d8080770e4d74
O68-34,EC1N83Cbinh5a037d8928a0,32580,491928,67978ae7fa730a68030ebcc326d5855aae290276b34d4cc07c4e4b5426940d3a
O68-35,EC1N83Cbinh925cdffa7d87,32533,491223,579b182d0fdf234ad2651be099b428fb1632f3269c223a65bf9c13578ee41049
O68-36,EC1N83Cbinhd49aee8919fd,32713,493923,f39a5e91752ebc76ba22c368406d3d145409c54ef5eeb28d2ad48e219ae4d386
O68-37,EC1N83Cbinh4f95fc7c46ed,32848,495948,7a5a22e9a6f01f5a2bdd001e63231e2da30e66edbde14e3003577ab9302512ac
O68-38,EC1N83Cbinh47dc04adbdcb,33226,501618,c3bb1eac4a9d9bab065e24dd9697f735e054db83e5f0a805772e6777f7990176
O68-39,EC1N83Cbinh8bed2d10a5b1,32755,494553,af046121b5815361f43e8f3c7d467807013043536e7e936caf7e6760aaf97907
O68-40,EC1N83Cbinh292b1297c83b,32725,494103,59cf8bb7608db153f9ee84d1503fee7f14512adbb4319f114011bcfdae619143
O68-41,EC1N83Cbinh9cf85b03e99b,32690,493578,aa18382e0e9fbe46e81829d75b3252ebc933cdda611e46dbe9ecc57730031c95
O68-42,EC1N83Cbinhc6d0b7c3f8f7,32634,492738,75faba18aa97d7e64bbc4d518bef0597c186944b5f39b3aabe781bba736929dd
O68-43,EC1N83Cbinhe92c7afdd735,32817,495483,fdb106a76211d14f991a78779f183d6ce0072ab934fc392cf2fc56c0198f63ea
O68-44,EC1N83Cbinhd29e2e1e4ef0,32918,496998,cd86f6d5ebb2bd1147282313ab43b9018e3ae63d0c064005ef81fb2b0f89c220
O68-45,EC1N83Cbinhe6e3aa20c475,32809,495363,f5c5272f2f0d73ed93f84fb160aea98958b6e2b4328cd65bd8691e48f51284e2
O68-46,EC1N83Cbinhc0c2b13a8708,32940,497328,cf6743a713c980fac58cc8b031b3ad4d1cc0c15e93348b0d7185103bcf31cb5e
O68-47,EC1N83Cbinh3e067a125ac4,32690,493578,1c6a4c735c901988a17f867690ca398a21571174881ad8c71eb5bd1fec6a685b
O68-48,EC1N83Cbinha55f08c18c93,32757,494583,a25f951f60338dd4fa85f577f267d9673174b4af38332b688cdf37b2d365dcc7
O68-49,EC1N83Cbinh807a4c79a3a0,32729,494163,57890dfb5e144a8f9c4fd64adcd9bf6c6d37f1850d5903331f95aa4115398d8e
O68-50,EC1N83Cbinh7c8dbe52601c,32776,494868,f6100abb83580fd70cc2112fde1a51e88c8a4993d29cacea2a53661f477ef0a9
O68-51,EC1N83Cbinh0a5419769954,32863,496173,74e0b21189b1119e0074a5fdb28beedaff9fa185067b0d0877272c4393ca2d51
O68-52,EC1N83Cbinhb71b5f996b7f,32794,495138,4cd037f30af50ee86615eab3a371a6f411d8d80c8faf9c32bea5c73242d102d8
O68-53,EC1N83Cbinh10ea8d8c754c,32869,496263,c88d1d6ca1c1a72f9c295a0ed34c0783a829fc5b25c609d3915e0f042a4531d0
O68-54,EC1N83Cbinha2b4f8feb673,32805,495303,9817e9bd3779993dba3ca6af163658b15040de760aaba8c97ac8ec50142f082f
O68-55,EC1N83Cbinh68e10b958bf3,32737,494283,6df1b27b050b3f9ab542f0df430c1b2ff980f2175902431c470fd8eca406d13e
O68-56,EC1N83Cbinhe5235ab7e9d1,32923,497073,dc280619ce035b192e2fc73beb36d7ed5bf996a8beac6767817072496de9d93b
O68-57,EC1N83Cbinh289ae8fc21d5,32942,497358,a14272e5f20d0469878222ebf36f80590f9d3dec2a5be5f856adde5f4ea9b96d
O68-58,EC1N83Cbinh21266c4b9233,32712,493908,5c9eee76926f61c0faf0ebd037df08d75396b6b56e436ca124b12daa55a39e4f
O68-59,EC1N83Cbinhf0ba26273d83,32950,497478,04600a7f1b2a02ab8d021f319468a809fbe51397b8e962d3914302b91c1f1a84
O68-60,EC1N83Cbinhf6c04c3e7030,32955,497553,8b877d4f77f2360131f0882dbc7582c49c9f616836566069a1e75f7ca7026574
O68-61,EC1N83Cbinhb1a1e830bd6d,32770,494778,07129ba59a49f1fd35322f12c389cc8bc1e115c625e3252b4177f05c2d80dd56
O68-62,EC1N83Cbinhba05ee0b2dbb,32951,497493,e5800aa9b7223132856abb7e95d60b4d92ef41e3826602a41d0a8d9c57e05b24
O68-63,EC1N83Cbinhe4a07915a8e7,32922,497057,559aad2b285ae98419f3271c825acc6591cd1779d425c490fa863f21ff1bc428
O68-64,EC1N83Cbinh5c61cbc151ea,32859,496113,8ab239072bac8501e8f7de5a6d90d1c920ae539e06dbffc0a3dcf0a93e7a24cc
O68-65,EC1N83Cbinhda98e84c5cd2,32916,496968,cca7dea1ca9318af2a24e69a4209571aeec00c597651e865e7c32919ddbb70e8
O68-66,EC1N83Cbinh7a19a68bafe0,32932,497208,e396272d19ac4ed7d0be4fa3d4608d8fe7a6fbb45e8117509b184794bafb49ec
O68-67,EC1N83Cbinhec080e25d48c,32797,495183,6acb5e2253406d5aebe2c91b30d51b93031dd35bfc109ed0bd1a0a7c3cf432fb
O68-68,EC1N83Cbinhe109f64a78a2,32901,496743,2b4c3a208fbca65e5e811d64c1bdee853fe12054bea5773b2d8b9e285eaf5cae
O68-69,EC1N83Cbinhb840db6189ab,32522,491057,98814c06ab7e98165cd0f68de88a0e5196df8353f58c5a40c529a8a4a3ef390d
O68-70,EC1N83Cbinha7596f9bdba8,32948,497448,8ffbff4e6cab828a440fab2ed17c89316defe46effc88e41d1340c84b1828486
O68-71,EC1N83Cbinhdf3ec89adf6d,32952,497508,4b81919e50cecbb78abc4e32eb1acb7bb30eeb457732c4ba8fc497d85b27b712
O68-72,EC1N83Cbinh645667216d78,32660,493128,484fb4178cf9ab4a0e6306fb2c36dc7fcc94e996dc7f8ac63b33e033aa3c454e
O68-73,EC1N83Cbinhe7b755444783,32591,492093,f354127d4f0bb8835cf4e3b2b159cd1ff5d64d2f0acb23e2815a0edb60dd51c4
O68-74,EC1N83Cbinh1e1e0cf89e8f,32687,493533,cee6d2dbaf93621f46b3d5f93cb81a440096320a37711cc1754c76398bb367d8
O68-75,EC1N83Cbinh5609af0c41cf,32742,494358,e3e4dd9714e9772b57a21bbb1003e6601f22e2dedfbbb8b278f8063979f816f0
O68-76,EC1N83Cbinh08a223ff43d2,32923,497073,ecf18a0779fdcfc4f99e28dda3147287620dee3f3fe4d5c86f3261c2de5fa675
O68-77,EC1N83Cbinh5f4183ff3aed,32900,496728,a658a84ee72e528b13b3808800686c5d6fc8b5fa628ae71d0488d0b9dd47e3f4
O68-78,EC1N83Cbinh97d94115c4f8,32828,495648,dc1552e42d005fcadb161db26ffbf65ab700dc0246995bfd11271aaa9c2a3ab2
O68-79,EC1N83Cbinh2f473c307b22,32696,493668,82a59bc2663ae9f00389a5517727a00acffabde58fa542921f7e2f187607c9cf
O68-80,EC1N83Cbinh1a93030b34d8,32835,495753,6164a87f03f2905d0e6e0978deef958c21f3af29e4a5b29e0407467ecc517fb7
O68-81,EC1N83Cbinh7d2030eb6000,33026,498618,e18cd442ae3f80b5878a9b9b4fa809cbaa972c544091532ebc79b76170225da3
O68-82,EC1N83Cbinhc8603f5aafdd,32797,495183,19a8ac07a5ec10eef88054d09ba2dfd3b8aee4e1374dbd71c7f78f081cc5e212
O69-00,EC1N83Cbinh757baba169db,32575,491851,cf02ebfedc98ebaf6f098f92fae7e47d14bf01582898c539353cd5c47fa932a5
O69-01,EC1N83Cbinh4810107ec1f2,32770,494777,ab4ef1059ebeb5efbc7a3885a7bf22b4d74f54ef4f3f26d85d8c835f2631d5ca
O69-02,EC1N83Cbinh0ce0a1e947c3,32616,492468,1af420ea805e48e0b1b5df8175aab05c205f8e7ef5729b387d1af8af838155d7
O69-03,EC1N83Cbinh6728f22be641,32733,494223,6ff9ce1007c55082a3746ad7b248545f117945b823f21f09c535470c50b9b6e5
O69-04,EC1N83Cbinhdcfd29a32afe,32780,494928,8c81cb06478d772878bdd8de39c2c5319738c822064baa8c43d27838f1e83e10
O69-05,EC1N83Cbinh99b208a6d5e8,32773,494823,500beff8845bcea98e73485f28c05ad8897fd01a139f8929482349f7a46f361f
O69-06,EC1N83Cbinh63d61110f13f,32461,490143,48cee17a9db790980ebd5105c65caa1c111ff7fb78e87459c4980403c8274c5e
O69-07,EC1N83Cbinh34b41a5b7b9e,32757,494583,53b6969000f54ec07599cf82b7e5408ea9a16290d831aa6f1c04cc95cef5f246
O69-08,EC1N83Cbinh4020d0da5b7a,32739,494313,1673070296e2fcf8fa6e9729b9fd0743eb982ec3226426c9008df19f3a1bd254
O69-09,EC1N83Cbinhb44948cb3675,32895,496653,8f93648bfc0889173d91194c87ddf7d231a72bf98837c5f71b4c89c4e9ec836e
O69-10,EC1N83Cbinh2441e4e19a0a,32649,492963,e0cb785912beba68a3287233dd016a243a8bcaded105a1f99d76dd64d0c510f6
O69-11,EC1N83Cbinh75b52d9622fc,32785,495003,26b7c800768d8b4bb2ca9b2458c1edc3eb60cb4bd076b4655bd41cb9d13df1e9
O69-12,EC1N83Cbinh61ad61e183e2,32637,492783,341f092f1214926adaf67815530da6dbe2aeb8ab366f9ea802c7468201272f8b
O69-13,EC1N83Cbinh6ad2d58eda25,32966,497718,fb740f17c058a16413fcc9d4a1825ac3d00b525bd9817aa49a426f711a2f2b1e
O69-14,EC1N83Cbinhd0a7ebe81b8d,32819,495513,80ffbcfda7929f3f0ceeff7cb43827ffc5f4d147b8d951df13af7f354ad3d62d
O69-15,EC1N83Cbinhf45f83b078a4,32880,496428,85f45f48a77af547938e45b5283782f1bb499e0533a2be3b4bdee0187f58f3f3
O69-16,EC1N83Cbinhaed140e8e2f5,32662,493158,6ffd09869f3ca7f53c800677a22778fa3a5ab4695772a9bc891179fe94d3d996
O69-17,EC1N83Cbinheccd04ac4004,32799,495213,0d4f6cf2a2e58dfa9971f18d4c0799bda8c7885676c8aa364f259589d0dfec91
O69-18,EC1N83Cbinh02b4840fb0de,32712,493908,bc6300fa93fc72beb661d0aa9e519957dde232c5e27c8178189b9a9474ed1e23
O69-19,EC1N83Cbinhfa965440f20f,32903,496773,7a411f07fd20a8b7d9392bb5e292c6f86b0c04435ee089938bc22cbc8a80a215
O69-20,EC1N83Cbinhf1eb7e2db619,32723,494073,5b9be7714666724ebb4b0e1655a97e5dcf658dfc4440578dba68a2503c9cf1bc
O69-21,EC1N83Cbinhcc6ca0b02678,32823,495573,c87f3d86975f300d87d4882ffa119c9cced6621b16aeba8b39d654073e73c4d8
O69-22,EC1N83Cbinh653251391f18,32906,496818,b29f144e25cf92cf12de8f3c73ff2febfba3ab16d1f148d95331348e36d9ed74
O69-23,EC1N83Cbinhe52f4b3dbeed,32982,497958,8866394229f27637d0027deeb7603b71d5d450fc3ca598c6f76ebf6e2f40b497
O69-24,EC1N83Cbinhd0d57c567391,32932,497208,5779cc62e0b54e95d136738b651a0118ea46b18fd6e06f377b327e8ca453b8da
O69-25,EC1N83Cbinh6403d5642d54,32835,495753,50341d04c026b7a315803a0e49accbe3f20f025f5bb6fd89544d9cde706efb36
O69-26,EC1N83Cbinh3d3a8b3cae35,32571,491792,d5047c0b3fe3e69dc3968152378b9408b9228f967387d0974642c5575135af30
O69-27,EC1N83Cbinh1ed85633a834,32684,493488,3f157ab1ec0440ca6eecf8a6f60962c3e9fd26ba8561d2ce2228ba8fd4604de5
O69-28,EC1N83Cbinhf9ca1d3c7716,32785,495003,9ad0c43402027645cc1ecccd15615290fcbf96ded8cda8f79eaa0e4efa526116
O69-29,EC1N83Cbinh79cbb45aa5e2,32642,492857,691bd1b822d72878a142250a041c1c368c54dea52e5bc946ab96f15dc5b206b8
O69-30,EC1N83Cbinhdc5918582d52,32701,493743,b3c3364130cf7d994c51f17233ddd64c38f2f08f32a2558813cc16b96bb2794c
O69-31,EC1N83Cbinh63cb09beb35f,32796,495168,8c861a5863f376272d09e386d58feedcd743c9b7c0a75d7fd7719ae7f4503e69
O69-32,EC1N83Cbinh63d536fe30d9,32893,496623,2a9e3b5ebe28f9b8b87b9bebbf8f5ebf2a5e5482ce43d61a95fa42843fa40e6e
O69-33,EC1N83Cbinh255eec7b2941,32961,497643,ca75361cb4f8753519687c6586ec79abba5a9220e6171dc3616c17f75b45bf8c
O69-34,EC1N83Cbinh33524e49655f,32670,493278,c6e56386979c8793a3c0e3010a5e7fd620c1c542aeafe2f405b229c38a52492c
O69-35,EC1N83Cbinh69ff917bee2c,32975,497853,712265932e507360e8f5d2f25b3e3334feef80719186f60e1e255a7688c337db
O69-36,EC1N83Cbinh013792ae34ca,32831,495693,a6e3cef9d8f569346c33c8b914b4ca07506f064b3bd8d6e850b79c1244fe6907
O69-37,EC1N83Cbinhef8ede498ab7,32891,496593,924cc3ac6ffbd0e8b8368e49f5203ad0328fa3c15458dbca2775dcf64768bf32
O69-38,EC1N83Cbinh37a2a34c03f1,32959,497613,f9061e372917b7804be33c877f7ad415fc8d8d37b0e5f340efacefdc1637f0e7
O69-39,EC1N83Cbinhdd3ec88071ff,32722,494058,15ce1810c1f12cee9e8c1bdcbe06f55504b3cbc925a9775136e73d54d9a2f9f9
O69-40,EC1N83Cbinheebae4132a77,32729,494163,90b609987d5f1f2591af04d259b21e323c7c1e9e64193ee69f6168e0d6997013
O69-41,EC1N83Cbinhd841e1d5b7a5,32774,494838,af4355c47aee3400ae492cf1a4370203446161f0142a84445ba6508c7b018698
O69-42,EC1N83Cbinh526c9470b79b,33088,499548,0ec946969da81cc48956df069da3dd2c17423962d31851629213b58e24e5edc6
O69-43,EC1N83Cbinhef1489980641,32885,496503,e4ea324cc26b181b9a7d752d19190883db397b06a2cba32840e4c51212486031
O69-44,EC1N83Cbinh28cbaef8555d,32727,494133,4f503848699fdb595f6738262d432611b9d9fbc447a9619960abac93fef32d7e
O69-45,EC1N83Cbinh86b694acb49e,32734,494237,341dfebe387ab934ea9d90f6298d05eba832a5c2fdb06194f0bcd0f4f9e378a2
O69-46,EC1N83Cbinh6e6a529b148b,32670,493278,e2f6164fdaa2da1e203d168625f7478cdb2f5311c16536b9640a374ad3ba6a2a
O69-47,EC1N83Cbinh40931db4f20a,32808,495348,dd190a29346deb52b9d81ae64fd8bc03b468b4be6e067e4dc1e11b15b5cfeee5
O69-48,EC1N83Cbinh7a6751ba8b15,32707,493833,5b3171f718f05c8a36b6da0c9f34611fffd45912368f575e0bee557fb77661d7
O69-49,EC1N83Cbinh244cf2febd36,32784,494988,7da45a0bcb6724787b2edcede44a97187b8e840806fd1971a86a67116b8c8d9b
O69-50,EC1N83Cbinhff69a06699ff,32850,495978,549f2e7b8d4df409e83af53a72258f09a0b94904d69f4b4781bd36de639663ec
O69-51,EC1N83Cbinh251bfd000871,32944,497388,bf80a28b9cf410c59875efe34b6209085694cc11bacc9e80cbb100cb596a2b62
O69-52,EC1N83Cbinhda74ae131392,32658,493098,71ee3846658b89a62170bfe07e33b84b469e4cf384a58b01d7e14c341c7142b9
O69-53,EC1N83Cbinh1a0b905c7fda,33001,498243,7739d92dd48e38e745618732d76f273afcaf505c06e228f8a92418ec95eb57af
O69-54,EC1N83Cbinh7ff3d829ff85,32556,491568,00455db06651331c966c65a0ace5ba760986292fcb7d6f59de653a68d5f407b5
O69-55,EC1N83Cbinh252e1efb4e5e,32985,498003,6c5bbf8828feb5fd00b72a352c06d3b62ae391441d1baef1c69c03cf0177b587
O69-56,EC1N83Cbinh47a49cbc791c,32763,494673,ef3ded5c2b716488849fa0be9c61f9bfd8971226953f117193a9f1cebbe0cf3f
O69-57,EC1N83Cbinh976e39e2f462,32843,495873,6a2d3137a16835b60544e643623f1b6e3479bccb55a92205a7e175c0f86aa0bc
O69-58,EC1N83Cbinh3f240d2dcb8b,32716,493968,5750a8de978605d9f05fb69997e387e66683fb702ee2b537860ebea1b0881c30
O69-59,EC1N83Cbinh8dd2303c0d26,32879,496413,03f5a65ae46e45f05cdbeeb50a5aca256586c9269ee1261bd40b6bcf43a7d56e
O69-60,EC1N83Cbinhabeb26891816,32711,493893,53a5506fe5a72f51c8f991745bb7140badfa6cd4fb8a980ad3f5a96a9f4aabb3
O69-61,EC1N83Cbinhd04f0aa31cf7,32760,494627,fa3f92820db3c53332842fd92b121fea83d68ba2403ef87280d920c85cd81f37
O69-62,EC1N83Cbinhb8623adb3777,33104,499788,11014e74bf6234d843d270dc9706e4265265af7d666641fa06cf5d7170c7d6e7
O69-63,EC1N83Cbinh23fe51a31846,32773,494823,6be1ed03d2575948b622b3aa5c558a6c1ce87426e8a40cedc446987112a5e490
O69-64,EC1N83Cbinh0985ed05a275,32690,493578,99c0ee1b3a3313aef4489300cdbed341aba09134d29188305e4d181fdec8a888
O69-65,EC1N83Cbinhc60dd09756c7,32743,494373,4fed00778151b8a0cf0397832823498a7a91bcc09b45453c5c99fed70d40bde9
O69-66,EC1N83Cbinh5794fdda9bec,32741,494343,ad93091c6f66e5fbbd14769886cc72e6b653dcc6807aa4cde3acaa8fb4fb6d1b
O69-67,EC1N83Cbinh5bb5d863b7c8,32799,495213,c62ad4e0b193aaf59efcd745522ba6b7d2245fbfbbb552a8e289741588cdcaf2
O69-68,EC1N83Cbinhacad79f542e8,32834,495738,55f19f588c5975e70ce76bab85e9397274f5e5e4e38fa96425f953e7a07b56be
O69-69,EC1N83Cbinh72c965bde5cc,32722,494058,53e0e315f1dc37f8b8b9e143283fb93be8ddafcca77ef6c2d14af90e891d9970
O69-70,EC1N83Cbinhfb3ee396ab08,32570,491778,3c76577a435b555df9334edb2ade049a36e10d3fcdc01ba0230144681cac4a12
O69-71,EC1N83Cbinhc48b20b32739,32650,492978,5073879c90dc8ec09281ecb5cd97bc1c6816d8b18e7b5d3bb7d79ec21ff26b69
O69-72,EC1N83Cbinhfc0d2e1a4ac1,32796,495168,78008fd35347acac7d71fd3565ba65d62b97adfcbaec92bbe2f49d98da54f882
O69-73,EC1N83Cbinhecbcaf3607e5,32733,494222,205be2e9b507daa3cfbd975a0b730f8491f2f4bd6de8a24ec30488b879549327
O69-74,EC1N83Cbinh8c468dc7f0c6,32778,494898,cb588223f55cffdc66a728e18d4963a5f289ab89dc0160752a01d1b5289f96ed
O69-75,EC1N83Cbinh25affe99fde9,32760,494628,d3e561855984749082ae8b569ac2405729fde4a979ccd19bb24ba4da03f6556c
O69-76,EC1N83Cbinh7e52d2070e20,32839,495813,e78c69fbed02fc23ab3f8ac93820605898d91293ae618fdafea54101b248c473
O69-77,EC1N83Cbinh6cf4e1c3ed5d,32745,494403,2776c6d35abb3d7f2e670a413901dbc022b3ef4e8a6092d1ceb7b2f2396e912b
O69-78,EC1N83Cbinhb730a72ca4d9,32877,496383,23251516cb220c2848740baeaf5f6d548ffd6573819ca1ad9f781ef03fa679d2
O69-79,EC1N83Cbinh304fb53f7e1f,33009,498361,fa1eb9b1da6e103575e967d10df0d601ec5c3e6ed1bfd13e5f9dc184992b8381
O69-80,EC1N83Cbinh34823e96e6b9,32631,492691,600c38c573073feb2200c1fd95c1a1aa0cb5a09ddd6241ef255cb14d0625895c
O69-81,EC1N83Cbinh22a3cbfab2ec,32791,495093,c85a2fe9fbb9f8630e039c8236f93840a652cb43025f80f5187cecc763750e00
O69-82,EC1N83Cbinh3c9159340505,32672,493308,0c0e38797a651125448c185c76d4275e959d4a8ddea4fcd49b445046cb90baba
O70-00,EC1N83Cbinhe318a29b2946,32659,493113,a67d3a591475ebacd3850b00741e14cc4908784b97bc2d240ef227c1204d1c1b
O70-01,EC1N83Cbinh931ac532533a,32820,495528,420314f412ed2f219ca7100068f29c29a09a69c5d2ec5b3868c9208d7ca4fe5b
O70-02,EC1N83Cbinh4856ccc343cb,32761,494642,a6309ba71d1ac2af4ce0e0779d79eacce7b324e4cd12e128a6cf793d73ae65ae
O70-03,EC1N83Cbinh72e56b19deff,32809,495363,b7460e3c7b292a7167885404d7af29f9024b355cc9676c82452b9d428207c72c
O70-04,EC1N83Cbinhe7e624619597,32864,496188,8c23d4009b1438cfea1e2579408ae9771ef9f54236221d2817bbaece44b4ea29
O70-05,EC1N83Cbinh780dbc65057a,32669,493263,31dc18f864068e04846e470cd34ecebf173eac06aec71dae4ddab17bc3df5373
O70-06,EC1N83Cbinh8c6f207463dd,32962,497658,48e1fcdca944e2e15a07b56ac6edecc6177700d4da8c97da64ad4ce1bd078fa0
O70-07,EC1N83Cbinh85f2241bd242,32732,494208,d65ed9326d8fdd6e11f8b9a7f9fecbdb896f0044dd677fa5d07519f527fedb30
O70-08,EC1N83Cbinh464ddc04b739,32866,496218,69ca3892f6fa3a6060bf53870875fe3b2a9c482935d137d84a2202b9efc437f4
O70-09,EC1N83Cbinhfeb321f341eb,32840,495828,9998d6c653d5d1df16d670a35ae9722f69426eabd90a48e2caed2f7940c26d35
O70-10,EC1N83Cbinh5fe792f6bb01,32916,496968,d856a9225d72181c2913c0e1ae448187791f2bf5cf3a0b60788c990aad1487b2
O70-11,EC1N83Cbinh56937f46a9c1,32813,495423,52726b677ef68ffddad4af2a25733744eaf3f2e55d3bdfb761de2576acd4aa00
O70-12,EC1N83Cbinhb8d1c89ecf78,32827,495633,cfb2733772265320ed1e1801d79f075d812271f789fa2653c5337cddf9135e67
O70-13,EC1N83Cbinhe406cfdbf988,32942,497358,3f19ecfd0c5856b1264836f1975399c439f61a0a8811a81235d868ca7205bab8
O70-14,EC1N83Cbinhca3db9eee076,32753,494523,1e1cd128e65fe5beda312ecf00fd8385e0f8222765b992b06aab6d9d01758900
O70-15,EC1N83Cbinhde860cb8ec3f,32840,495828,7453a7b85fc4b54a382b42ac046dd01782f738c3c4bf5a2861882426b0952feb
O70-16,EC1N83Cbinhbdafe47dc05f,32813,495423,3d3d5865f803cf20f8044289177508275c36dd4bb5f126b12b13897e7c342f32
O70-17,EC1N83Cbinhac344fea66f3,32873,496323,e3c883815616bf9517887743f1ab3017f8b368d5e82328436d15e25af7b65232
O70-18,EC1N83Cbinh0a0c677c5d75,32882,496458,9c506a7597201d820ae13d39c24d6413c115d8ee32bb294ae8ea9ceb3023ffe7
O70-19,EC1N83Cbinh794082009c17,32721,494042,63fe1705a846de3efe78e620ae97a9ef1eb20e4d2f7f0d3c69cfe0968dfc06ec
O70-20,EC1N83Cbinh0276b5d65c44,32713,493923,ea64fa5cbbd1e52cbe3bab4d4aca79ee2ed19c8ae9c3048be155506ed432ca9a
O70-21,EC1N83Cbinh82fc63a7c648,32806,495317,3d8058a6d7188092404cfc50283dcfb41da66fc7e7ac9482a5522366d4132621
O70-22,EC1N83Cbinhdd194a40c621,32921,497043,8b38172b5ae250a45afa41fb8f97db32aaf450d4c8930a8d360e323760ba9d38
O70-23,EC1N83Cbinheb4fe6c50e05,32560,491628,6db8ba44265ffba413e57ea1998493651c714a30bef4775d526131cb09e752a1
O70-24,EC1N83Cbinhd1d008195e2d,32739,494313,bd222cd097a8c46ce6b1e248ef17e6db3d4a7aaa2cd3510862ddb969b5eb6e46
O70-25,EC1N83Cbinh819045e11a51,32964,497688,d17f2996a3bcd40193162a9fc2dbd8db24864b608e12ffc5b6ace299f01a5cda
O70-26,EC1N83Cbinh3ec4654c7fe1,32813,495423,6c8c2c4a73abfd46beed889c1b66d4f9675c8b13f93f54ab1dcb85c2c79e54e2
O70-27,EC1N83Cbinh152dca2dde4a,32776,494868,455b1aa5204c6c56a841d55279b9d773ed250fa2d6f5cfc16e3d7bc67bc97e7c
O70-28,EC1N83Cbinhad5996fc7485,32759,494613,5bc31670ebb98f9375312d00b9f4aa4366a1393aa2bfa88edd1d44d01b3a85c7
O70-29,EC1N83Cbinh867c1e1157d3,32963,497673,90edf18251ec8d146e35bf35279a80f35dc8c6aaa4b7b978e226d5e5a1164886
O70-30,EC1N83Cbinh297a9cd09262,32817,495483,fcec0d7d7d614657093e5c189d848a438ec7f959f7d55205720cec582b5d0f26
O70-31,EC1N83Cbinhc0530c0c7bbe,32820,495528,c90653cb519f6e94a03545f8deeba8725e47e5c239b26534600a76c57894b8ce
O70-32,EC1N83Cbinh856b9706a16d,32931,497193,049ce9f2958462ebbadac9ec59b653cd67b44da99a913414a9eb6a013e36b916
O70-33,EC1N83Cbinh349f0e1c23c0,32714,493938,4adad1052c876c857cdfb8e85d321203313946da243aab51445a5a920fb0350e
O70-34,EC1N83Cbinh9b1f3cab7c09,32690,493578,2ceca876077d884598465f725e9526785cb5ee55d712cbfbde75e9fed73c4901
O70-35,EC1N83Cbinh32ef73d27f55,32709,493863,612a90b7c97221a1677238e8eb4894fd23fc8dcef521365b970a23373a857685
O70-36,EC1N83Cbinh8c6ff356c1a8,32689,493563,2e3d4b4077734c4707265185b540e923046575e3d35c3557954e04170d977c16
O70-37,EC1N83Cbinh836fe7ccd72a,33046,498918,d6c50c12ee8e31a19da8fe7dea486616421128d35a72c526ffa0b5309d81002f
O70-38,EC1N83Cbinh53f8ce7034b0,33100,499728,a7d51af9198df60e642f8746b70b7c8acb48f490a7ffb770696f345f49070225
O70-39,EC1N83Cbinh07c7599cf1ab,32832,495708,7eba82d58f1cb1f9c88f69e4df03cfd10b8419cbf5164f7e110c0d2760a844fe
O70-40,EC1N83Cbinh3813044313e9,32735,494253,c9ef299cc76faa5f767f225dbb85881782272e9c55f2259128099186b0dcd1a6
O70-41,EC1N83Cbinha3d9f89e1711,33056,499068,c47141431787b2c4a1236e1d137dc550bab6fab3f2ca2ee541f8f13d46cba69c
O70-42,EC1N83Cbinh704535e6c0ac,32753,494523,9858d3700a46fbe5a760a007ae6d536ce33f6dadad464a41e4293e536b8ea8c9
O70-43,EC1N83Cbinhe4ef9394d3e2,32708,493848,06575e5b4372d548f888ea5c6844b38dd70bb4056e0a3add03a92575920d28f9
O70-44,EC1N83Cbinh98bd081cabcd,32653,493023,4a1a3aeb0571459400c38fac54eadf9731f1c3e156ae6db70e1ad9bd5121ce93
O70-45,EC1N83Cbinh8062545a041d,32838,495798,05b2070f47b202ac1f0ac6071c35c554e968b855d7e1c285cc585055c2706dd2
O70-46,EC1N83Cbinhf205075ff361,32742,494358,eb1021fbff8bd603e077c608e74a7dd4a6050cc5181315122f12f3ffdf0198ab
O70-47,EC1N83Cbinh098e4f5d6964,32756,494567,075ab10f9508dc9203bfce1b236ce679d7a17d200feeca5a564d07a6727d1b6a
O70-48,EC1N83Cbinhfe796d350b3c,32901,496743,e6974cdbcb566c7771c13641c2dd168037066fca95ffb041de48ebed33e7514b
O70-49,EC1N83Cbinh5920fb86f621,32700,493727,c5a1ddd30905e741687cb3163b8b4c847b675351259266bcd2fad92570265976
O70-50,EC1N83Cbinh1c5bb6d4aa65,32793,495122,fe8df0eb6f786285a412733812325da54af91ed200f88bb35ee1fdee33a7368f
O70-51,EC1N83Cbinh7af0244345fb,32819,495513,1dfcb733cea59e1734f9712d08b51de34e45876c945dac4e361017a17567a5bf
O70-52,EC1N83Cbinh6e24d7db87ec,32667,493233,a9b900349d285cfec84fbd3fb349db32bba42577a7c0f550160b740e8821a8e7
O70-53,EC1N83Cbinh11e047266d12,32611,492393,35901f7e731b188e2d7c25e1faa8587a93cb807d78633055f011207b9c101980
O70-54,EC1N83Cbinh54d73dd00787,32846,495918,ec6a1736a8de8771052d0dc35f3435e97a9adcd80830f382fe2bdba43c162046
O70-55,EC1N83Cbinha3003d1febbb,32959,497613,fb29b7b84a85f66ee6c7146134ab14e25ed589961d08e4725301327535a1bb9c
O70-56,EC1N83Cbinh9c7888a706a8,32995,498153,8d7a16aa9da0c5660ad201066ed36dff592c600024da293817d3de226ec73568
O70-57,EC1N83Cbinhfb1254deaf63,32798,495197,5b5ebecd389f1687dbfaae4fecdf084cc29c867323db9a61fde90a4b83130423
O70-58,EC1N83Cbinhcc01595aac10,32649,492963,fcc7c193544eab1cdb3d7d3ccc5264ffaf211d788f7b373d0394accfcc5ebeb7
O70-59,EC1N83Cbinh7fdbfe87dae7,32615,492453,b398334a57ee0d098501bfec8439214646f8bb3994fadbbe306751a4ecfe0afc
O70-60,EC1N83Cbinh33feb9eee8e9,32880,496427,207628a93b509cd4526fafed77583547574ba098cf570c9fbbd5d0ee4236adfe
O70-61,EC1N83Cbinhbc1af82a6235,32845,495903,aa934366231d4332ac61433a3f6b46d49191129baf5f50a173c1bf99b3d240bf
O70-62,EC1N83Cbinh7fc88f5ec07b,32659,493113,fa71a22bb21f53850c2000a6bc6ee79d91377326df566547790dd32c7b97bee7
O70-63,EC1N83Cbinhce808a9e748a,32916,496968,b6ba1b06aa2e36bc8532ce87e9a1098f1bdf02ac2ce1d9aea2de30987bed9cb5
O70-64,EC1N83Cbinhafddb178d5fb,32594,492138,2809c0bc7db980edf957b834468d284925da0b183145c9e8c5b195faeff8e422
O70-65,EC1N83Cbinha062fc886d0b,32780,494928,5c9781c87f6913112f3546b9232c8bdea2226fdabe57437cef029e1982a75f4e
O70-66,EC1N83Cbinh574effb8a1d2,32710,493878,88dadfce53333e148db5d7d34247bfaec70d96a7f6bc840f7597e14c80ab94e1
O70-67,EC1N83Cbinh9012a513cae6,32886,496518,ce955e1eddeaca263bc48a730b85de2f704d36d5a77d62013a1b8989ab8e70d3
O70-68,EC1N83Cbinhf821e8c4a647,32716,493968,a0bc5e565a5f71fe674bdc54fc6f620c20b068c647327d5a3492391ac332d903
O70-69,EC1N83Cbinh1bc5a6e6ee81,32786,495018,f21963ebf41881f2bb204350199f200fa3c467aef83c0d6d76dc64e21aed6a7a
O70-70,EC1N83Cbinh5de79e0736af,32550,491477,6584b11ac2db1fa3ac4f51c392efccd6f3936b17104e7b39b6edfca5576a7c51
O70-71,EC1N83Cbinh306f212d1cf8,32769,494763,4cbe42cb05b4dbe94f20150d9b3aa2179a5bfa40b7221a76ca768326ce6b39bc
O70-72,EC1N83Cbinh8ffbd93912b0,32884,496488,95f9b64b22b50f8a130a63253c515828d4746e434e7428340c25c63f6f19bbce
O70-73,EC1N83Cbinh3eeaf847a500,32795,495153,7f023960eb036fb940e7e1f7d5e302cbe2150e4b39501f1472812b65c8faf466
O70-74,EC1N83Cbinha8679c80753a,32865,496203,ff8d11146d542ccb77c4135cbc581127bbe825c46a9dddb15ddbed9bcaaee323
O70-75,EC1N83Cbinha92edf896a1e,32722,494058,1f238d45e2af860ee8c89d9c0a4fe330de65cc9bfcecd273002b625b35c6ec1a
O70-76,EC1N83Cbinh285ff8f9053c,32775,494852,c90b4e50dad42844ed3f3984fa04584827d9eb19ab62eafcc35565b7397500bc
O70-77,EC1N83Cbinh7c03bb141436,32603,492272,fae8cee90af18cb315f9c7a623d847ed4746058edece12c0b216def8feaf685e
O70-78,EC1N83Cbinhdfcd63270d29,32863,496173,6c386765786420ffbe794d6a66903821ae1ccff47115962338e7efb58f7765f3
O70-79,EC1N83Cbinh694c363c3171,32692,493608,4c54e878a76323ef958c1e3489acee7de0bd6d4057d886480aa12847d56d8395
O70-80,EC1N83Cbinh8c0016ad9830,32662,493158,d722448d766466a3b207eb61f95ffc334af3b727f1289f79b9f0071d6f65b9c2
O70-81,EC1N83Cbinh8f9d1d43465e,33067,499232,ace18271e141838bb5ebd47058f679a71f373cf4a9ff30ecf5276f8f20920848
O70-82,EC1N83Cbinh5a0f3c3bf2be,32685,493503,1399f8357527f9a3b8b84817d014707b30be74b977dbed5b116f4e4628bfd79e
O71-00,EC1N83Cbinhda83c6aa530f,33059,499112,a1fe78082b11af2dd8b29cf92836fc636c09737f6fa8a84350f1354b3089009b
O71-01,EC1N83Cbinh607f123635be,32790,495078,fa51fecc2d3c7b40bca1ec157a93c46f70d02ca9f031678ac6a64a07dc7c7738
O71-02,EC1N83Cbinh848f8714ff8b,33021,498543,b386679d5e33b595950419fc6f9dd6bbebadbf2d9aa3b78c1f8f15f43b5f0770
O71-03,EC1N83Cbinhcae9b0461f99,33051,498993,8a2d0c700d9a724a31497ef095ddab9e828bd71760cb4609d04853e883de02de
O71-04,EC1N83Cbinh2cf2fd2c6e8c,32893,496623,d2f9434fae28418970e7671dde2b275bee8af0b51566858e01c74753580f7c4d
O71-05,EC1N83Cbinhe0dba879e430,32663,493173,fa9678540d8a2014fc3b98b85c0e3800b732693d2be60f503e4316b9887ba288
O71-06,EC1N83Cbinh4a640974d05b,32955,497553,2f2bbfd4ce8850cd57604b336aa15249d871709a5e6fe6b6137c8fc66a02b64c
O71-07,EC1N83Cbinh73dbd255ffd6,32862,496157,02ea05ec18b46c22759c31b48d1879559d147a059f722165da5061e6b16f7276
O71-08,EC1N83Cbinhdb4cce603832,32886,496517,2456c02798d6364fe27c143a166a189cf0ed6ce266ae65422a12ef1884f5d820
O71-09,EC1N83Cbinhf978d4021758,32890,496578,abfd64650d548f1199a82b58ed6d7ac6f4fc0e9b2d56b0bf1ecb6515e5139357
O71-10,EC1N83Cbinhebe69e069cc1,33036,498768,d5256763344e4b99a3f41d0d9034c9bf03ca80dad35d251ac69dc34e82ac4b35
O71-11,EC1N83Cbinhfe649cdd79c9,32451,489992,18f64b0fc527bc4de84ee6a0d8e9c27b1f2d5603d7e77b9d97ac946a9cbd6076
O71-12,EC1N83Cbinhea1588496f79,32780,494928,d1fd578fd1fa782021a150e15c3f47c807a9010e7c8147bedffe3226444a931b
O71-13,EC1N83Cbinhac6e433e09ca,32864,496188,7f2d5d91ee0d21a3c4f2e502f43b23786081499be9c8da3198765aadded164ca
O71-14,EC1N83Cbinh1ac2f02ee335,32777,494883,9d3c8f61e2638f1f0e06df67d18a41baefa6371c4285494bd92356d3e27c21c6
O71-15,EC1N83Cbinh298879e24db4,32898,496698,5dc2275743576c0d48a85bcdfad6c4b034104c9061a372e92a50a725a02d3d79
O71-16,EC1N83Cbinh3d8afffbb257,32798,495198,68207223f79c58eba750ac409b5c9bad5305bc522f44684f4dffe233e30732f4
O71-17,EC1N83Cbinh2c1b056f8465,32637,492783,dc1a2f3762a1a69a79a6c2af67035bc9446b29a1cc84910a4f9c3275388d7ccf
O71-18,EC1N83Cbinh2b04050ed529,32633,492723,23f2880c8b8a428646c8beeb97e233002e267d5d9e204e26a9b6d6422306a140
O71-19,EC1N83Cbinhee28b597e000,32568,491748,2e6636af55ea7c2bf02c9ae39df0b616c3f65794af1b4187ebb9a095e66cd6d5
O71-20,EC1N83Cbinh8f0df5d0d02a,32867,496233,96e686156aeacd0561dd6f6104bb38a101b7d37bb3f520776f419b1dcca3be6b
O71-21,EC1N83Cbinhf120d39c17bc,32989,498063,a3e9741cf03317d44cc2b018f09fc406b091bd053b670b5ee99d141a1726a14c
O71-22,EC1N83Cbinhf69bc8802702,32774,494838,d0863ff7fe881d466ca4409e7e162bbd5068d53a5ed4ffc8e949a250b0a5bff3
O71-23,EC1N83Cbinh2d90ae68d6aa,32856,496068,ee559feda45933285669b210ba7da9ed52d82988842dde8cacacc76d09e77d95
O71-24,EC1N83Cbinh225f5ed1b277,32827,495633,86b17b93902a8ae0cb6c8314f79790a1da6033708ac498f6ac150c7ae58fc93d
O71-25,EC1N83Cbinh48ec6a2b53be,32626,492618,c3fc2a7938f279f2df7c1991f9372e051338481ba7ad8bf4ec08bf9caf06e883
O71-26,EC1N83Cbinh0113104bea08,32759,494613,07c53bc654e87b34099d3cf7cb7eadea67c744f34430f07af242f75351117064
O71-27,EC1N83Cbinh48a448f622ee,32810,495378,a16bd92093f89ad1c8e852d35c5be1e7b80d50e0f99530b8082968b91b614ad0
O71-28,EC1N83Cbinh460c27aa00e4,32600,492228,bbc776a937afa11fdc42fe0c1af1ad6ab241eef0b65e666d8c91c157510aa4e5
O71-29,EC1N83Cbinh8c7f16298983,32715,493953,c5193b2e5914e77b564b074e255d05e59ada292d8f5a1800474f7da1e0bcb5d1
O71-30,EC1N83Cbinh5147eafcddec,32775,494853,813b76cab7ebada99d5b80f59c4f02ade6b4546b15ce6d892171867d1962d639
O71-31,EC1N83Cbinh3976c05dd440,32757,494583,9c441e72e25bb7c7d0b6482bf24ba28de771bc7bcd9f07efab7ae429583391a1
O71-32,EC1N83Cbinh6ccff9f84438,32939,497313,165558f35bbd6bd769696e2ba42c609ea0c102d9154d5b2c9007d70f7f78cb3e
O71-33,EC1N83Cbinhf323e1ae59fa,32922,497058,0c82d2064eb2a4653f59264a021b55e02d9f2c4404216d5160bd9273f5b86ac1
O71-34,EC1N83Cbinh3639bb828298,32713,493923,4c5420017c45c17f72feb80be9dd5936265c8e37b06c09217b84c566e091a6ed
O71-35,EC1N83Cbinhaffe0ec81778,33011,498393,26ee81f1d86e5f930c0efa3bed96381ee9fa853a7e9ef1c06ccfa4629f69dd5e
O71-36,EC1N83Cbinhec7ad0160d76,32681,493442,1f05ac47294746a0a63102d12015063816fe3b31fb0e0872a548fc4be9718810
O71-37,EC1N83Cbinh73f31b421af9,32751,494492,87d0dac8a4791f5416e7fdd4cbd2a039d104c8169e50e566ae9fbc1d062a9138
O71-38,EC1N83Cbinh40ed5eb31cf4,32635,492753,c92bb9c1dab767d79321b8b8fe8919319eb41a2fbdaaf52020ffc14d8cdbb7d6
O71-39,EC1N83Cbinh044b2da02dbe,33014,498438,f031a89604fa2184b1616354abf5f71d37477001e317e7aaeaf8c1e5df1b8b68
O71-40,EC1N83Cbinh2f7d37c19a22,33076,499368,bde567016634a6cb9553490fc4da262546acc08dc06cee9ff1973ccb8c5c2f1f
O71-41,EC1N83Cbinh81e5c9bda31f,33050,498978,a209fa36085d75e5cc5a3801e402c5bff3ef16c62303724129317146612c2618
O71-42,EC1N83Cbinhb8e1bdfd8cec,32811,495393,5393cab2c57e099c8e6b28ed44882f3ef224c50df0ca3b10acfbf627c469835a
O71-43,EC1N83Cbinh659478a11999,32663,493173,9394288504a62be13ece972d19656c16d3b105e1cc4dc97326902cd21c37a005
O71-44,EC1N83Cbinh272c553ce2d2,32846,495918,1e5f08d279a62f260c7cd66aceb60096556488a1321e83215d30010ccee719af
O71-45,EC1N83Cbinhb7b94894e792,32845,495902,088dc0b7af79b5ad8657b38d0902f21db5ffc5a810f9731c200abd8a021f0fdd
O71-46,EC1N83Cbinh113ca4cac2ef,32749,494463,0f89220723dd3aae648e2b26b42b607ba960fb20125a751f6365875afe2baf56
O71-47,EC1N83Cbinh105dcb16fb53,32672,493308,f2f59e04b9a3085be6438b462cadb1de6f711443b75c8c94afc36928341f6882
O71-48,EC1N83Cbinha6244eb86c87,32852,496008,44244392cb284b081f434fd510934b1d11ea87304e9e900d41882007f4d48bc2
O71-49,EC1N83Cbinh56ce8498b0eb,32906,496818,8917b76198c4bce833b63360c88c5d74ee2d17b806706584ac99ffc9e1726243
O71-50,EC1N83Cbinhd629f64e0eae,32733,494223,7297a004793930058dc47eaa01685c50f4c0d47bac6b4664696975f3f1febb4a
O71-51,EC1N83Cbinha17de57c6ea7,32708,493848,3e59ebdd5a34b8bff867817ac95d0b8b02edb021cb2f8937a6ccd170e30d63e2
O71-52,EC1N83Cbinh549b7860e4f0,32557,491583,c9b4d8a8c19a9b4ee06e1047a22c9937283c761883030a1c3f39028c16930613
O71-53,EC1N83Cbinh41ac480c1041,32835,495753,e5d6f04a045ad9bad932b3abf66e8b3fd69390bfe32ce64807318aa00e5d01f8
O71-54,EC1N83Cbinha5c275579175,32922,497058,cee199b610ed9fa13e61e59da16c2631e78b9dfebb46ad79aa5d0012a0683387
O71-55,EC1N83Cbinhe6da7d7878b3,32925,497103,2fc66b31df0ba5164addd6a442ebc6c90b30ece9aa5316a30c626d7d5c68d926
O71-56,EC1N83Cbinh9f41982e4687,32818,495498,2f16cd6c25b44bfbbe28e2b15ca17348005e382950eca8431b45f7befec2979e
O71-57,EC1N83Cbinh25296a8fbf72,32816,495468,510945b6f44f0545494a84c8755c0474d971b56521329ff5ef940287cd8a0854
O71-58,EC1N83Cbinh1eab805ecada,32908,496848,ff29c6a1a9e2963d243d43887bee33e9050bc23b40916c60c53c29b880680994
O71-59,EC1N83Cbinh64c863bf2ad0,32816,495468,dc706568630edfaa475bf024d7879860d14a3258fe658a36d2dbfb736235c6df
O71-60,EC1N83Cbinh85de06be12a0,32677,493383,2f44a5a8a6bd4f7da93625a207c97037d7e6058ad365e447dd84b056c360a7f5
O71-61,EC1N83Cbinh7458f94684a6,32536,491268,ff5b6709051ec3f17f0a466189bd92e92e87aa99e45450b0d694fe2ae0ab21cc
O71-62,EC1N83Cbinh62f9b372c589,32748,494448,f9fadf6f6567e53f31df90bfa790e330c1ae739cfe728882fef1938280b2fafd
O71-63,EC1N83Cbinha77683b5b373,32943,497373,0668f7e96dff81a4a7d34d0ba4c6d8aad315b9bcede96a3a313ba1319baf1461
O71-64,EC1N83Cbinha7ff54682d63,32771,494793,e2b97b9c6e8ca04a98853db1bc7bb7fdee180d59ce4aad30c9274a449648828a
O71-65,EC1N83Cbinhc70805768f76,32925,497103,5ae6d99b14c9772c41f9d8c2e30e4e487bc59404c850d4a4e879eafb4c235541
O71-66,EC1N83Cbinhac8389fc8db3,32533,491223,e79509710e2a3fa2229ac2aeee6e32f75cdc063b42b6db653ba7e50ef925e440
O71-67,EC1N83Cbinh735d426ec72c,32876,496368,bdece4ac1e18bbe6a0f454848ee852dad1c1947198ce4aefca672d991e014c5a
O71-68,EC1N83Cbinh3a746537d253,32770,494778,a0c8c6811193283154b36b728dda5491a90aa7d74a3ed722205d21508ab5a549
O71-69,EC1N83Cbinha9c7cf6c1ff4,32907,496832,50967a56ecb10735a425e0958e8f1da712a0309fb281d565dc5120f4a2d7b4e6
O71-70,EC1N83Cbinhdc813b2ed4a2,32698,493698,f0c4a0c11810a243f0ba46403f5ce6bb05007e25e65c553c79b98710136670a3
O71-71,EC1N83Cbinheb57cfd001ff,32848,495948,3f4e7bf5db453df29f579f594d3b64bd359795e7f30ac278a240e7b0fdbe6999
O71-72,EC1N83Cbinh4ab0694ac3c2,33008,498348,6c7b86832bab7f191a042e22ea32696706a46766e709e00f2ba5bcb7b82c551d
O71-73,EC1N83Cbinhacfca73491af,32947,497433,2bc39dad6793d04e9dc28854dc421c6da48a8bbe3117fef7b6b07e157f2a15c6
O71-74,EC1N83Cbinh4253215b1f3d,32801,495243,051744682ea6a7881de8c18c98addca8d158748cb93ef6cbd6a1adaa3e61f8b5
O71-75,EC1N83Cbinh08100147f2e8,32907,496833,39e5ef901ae19f948d55e2cf00a7a7fc594db84a85565ff982f77421298dc345
O71-76,EC1N83Cbinh696ed733d7d8,32619,492513,afcc768350e5006180c2dde0171e587bc7c900140c83874ba1ee6bb976de546e
O71-77,EC1N83Cbinheea54ec5b5c4,32667,493233,84a9aae844ff0a641caa7a40fe82dd87d731aadc79178736532b4324b15b4c1e
O71-78,EC1N83Cbinhaef873aaa4e2,32882,496458,4dfaf4f1281582071fbd0c37484d98dcfc5291a1b8a97074514fa5875547284e
O71-79,EC1N83Cbinhcd77602c3b8d,32831,495692,dfe0505d77e0d01445e591b1b4cb0bbf64048f594eb760facad5005a1b939cec
O71-80,EC1N83Cbinh5e3c2b1039aa,32922,497058,de5c3bada6cb3e9ae754eadf1427dfffa7aedf1cb7751fdd96aa2d9f8cd58b9b
O71-81,EC1N83Cbinhd842f430b240,32860,496128,3b04f5df0943fff1b14693ec7f10e16b56c4d11162928d5027c87d1ba7855a99
O71-82,EC1N83Cbinhd779b568ca5b,32583,491973,b572be36947849e096fa7c9e2c0e8ac7f9cb0428307cc4a2e26802d4534db8c0
O72-00,EC1N83Cbinhaa77df9219f5,32772,494808,a4a902fbbf5b289b7a835de2328860322a72689eab50ae16dfac9b99ed770bbf
O72-01,EC1N83Cbinhce813d0980e7,32790,495078,17e751a739d2a71f11d250cecceaad1cfcaab7d320656e2320c7e64a4ef1eb85
O72-02,EC1N83Cbinhe148c1b05884,32975,497853,ffe3d2f7ec1157e0a220346fcc77e1a926def09deac7e5dc67bf696930809e76
O72-03,EC1N83Cbinhf40a800bbb8f,32718,493998,942f20b186eb55a90071561e618a7f60a2e516970d832bd3f27fe53c16ed4eb0
O72-04,EC1N83Cbinh263ed452605b,32858,496098,f896f356556235aa467a461ded2a5803baf02d17593ff4cf6c354cd06df53ace
O72-05,EC1N83Cbinh3bbcf37b7fe6,32637,492783,a9c82c65eb094dcde7b77825712eeb4de8e319622de77378882b235665d42989
O72-06,EC1N83Cbinhc20d57e1b4b3,32883,496473,5c7ae1f3ffebbb2109095928938067bc23ce93e59f9fcb1f6c6b66bb3e30007d
O72-07,EC1N83Cbinh1cd4a2fefde5,32854,496038,d8ea8d375fea047d1f7007fccb1f4d9757b3b302ac4403fa06fa5520b7a835ba
O72-08,EC1N83Cbinh4185cf6762ab,32938,497298,ba7ee891e53ef5872fe6fef1f180b25e7e8b561ea5b37ed0c5e3cf97bf38cc09
O72-09,EC1N83Cbinhaedd942dfccc,32992,498108,db04c26ee36c86ad380faeb35c61b8ece8480dccb1944e9b72be9fba3434979e
O72-10,EC1N83Cbinh7ae5ea9f427e,32846,495918,626f214feff6d8a422f4876b77c87b457a007eea692c97261ecbb4e7c53e5a5b
O72-11,EC1N83Cbinh5490835398cc,32902,496758,97a2f59c5e841023311d8d92c6d8e2e5b09bc2bdf0e6b8c6e85e176272c2e1f3
O72-12,EC1N83Cbinh9e55e5eb09a6,32950,497478,8180df1ebc74dacac2444510285975bba63169848232015816c63cc475489d5a
O72-13,EC1N83Cbinhe5bd942254ff,32839,495813,c68d3a3492e643e556ee430477b0503c8f697b61bfd364715fbb446330ce7a4f
O72-14,EC1N83Cbinhbbc666616b37,32784,494988,7c2c7d699baf0584c236453bb9753797c5f4b16e18f917bcdc23cec566495b75
O72-15,EC1N83Cbinh3df97ed33414,32798,495197,ce6d46e4f29760d1668967761d5e3193bb841c106435612446855fec923153c6
O72-16,EC1N83Cbinh9a4323c61f86,32891,496593,5ce885f8f28a0185e86d1a680972ee6488869fee27f66f709860d4f34eb4cfe5
O72-17,EC1N83Cbinh3d5e62ab5c85,33068,499248,c4db699627c59973096db193399c74533a0e5e2b33a570eb3a07396b9caaef38
O72-18,EC1N83Cbinha069a94e4835,32816,495468,a9d989b83defd806d391b8746fc56e90d560663292d853a09d2a2200e307a817
O72-19,EC1N83Cbinh98a988bf0686,32862,496158,cd449d15ee36c260b4184e357aaf79d864d9897a43a3997337476aa79b0817e9
O72-20,EC1N83Cbinh6d138e9554b6,32868,496248,7da2bc74109085b53a474a53c1067b72dcf84be59dca4f57d889fb8d30039516
O72-21,EC1N83Cbinh01c4de5d8861,32785,495003,3dcf046e2b04a4e5eb594122ca835e5829263960a07c85ad8cd2c417aadfd002
O72-22,EC1N83Cbinh0d6df53b7585,32791,495093,7c2a11166156a1400677f924a152016b0558dc02346b8a50ce7008b31d9a5b91
O72-23,EC1N83Cbinh0fbd80002689,32758,494598,1884467e61b96bf222ca02fe647a9d883560612d75705b7a65df52cdfe152e07
O72-24,EC1N83Cbinh682e860d478c,32796,495168,56a3734c5bc39998a7f7fb065ffad51462c60390aa0c9da46db809c4114fe2c2
O72-25,EC1N83Cbinhc25efa9d0061,33000,498228,2aae48b8c06ea8c13996b13f047f297f09b0e31e6dc9446e2f1ad79a0b718b24
O72-26,EC1N83Cbinhec99e811bc3e,33024,498588,920bdc6ab8df67c1aa942235ad9797ba06a75dca4d5e23c03eac9f2422fbf03d
O72-27,EC1N83Cbinh15d1f96134a1,32907,496833,117a1011ba278bb9526e69bab57e2cb18365eaceb690c136e735cb53beacfb4f
O72-28,EC1N83Cbinha0aebbfd7e35,32736,494268,bd122e48bfb6d909b50baf457a8cf913d6300ebbe7af0a54bfad131dac8917b3
O72-29,EC1N83Cbinh288fc23a1661,32828,495648,65d4f17fbf01fc88a186cef875b754e059a1833dbd805e453913732c65108066
O72-30,EC1N83Cbinh29cfa5cfc90e,33070,499278,fb74db80dd9bf97ddbdee7dcfcdefebbadae6ffcf4362ed9d368955b12fcbc27
O72-31,EC1N83Cbinh2985bdc78428,32870,496278,c8860e8941b29aec2cdfdd776917a3b8e60043fc6fcfecc4f5ced82e30987edf
O72-32,EC1N83Cbinh1ea232226f87,32686,493518,4649bc28fa4ebfa16adeaa34e9aad62b6ea6cc7796ba9c54895c283589b967ee
O72-33,EC1N83Cbinh852677ff762b,32732,494208,a248e9dbe4a943bea15e74e595b2d70a14e26a9031feef0a89fa4a3d3d736b75
O72-34,EC1N83Cbinh1051f0f11463,32792,495108,6a24ecebf197c8a4c6630ae092f5de1b109a97fa2501898ca0c3b05643253382
O72-35,EC1N83Cbinh7ed0b52a2c0a,32796,495168,470ab955b0d9b37233c701c55740dd2f5c2406c476048a5c05e616ce5b5d0310
O72-36,EC1N83Cbinhb12eefe78b55,32592,492108,f6459232c80ff141ee94afd1b6477f9e1f3275351fcc073bca4ca488ec792fde
O72-37,EC1N83Cbinh6acdeaf4dfda,32663,493173,6567bbbd7c63955382cbb7613c7c747b48a659c204a0b25bed790f2c9d115252
O72-38,EC1N83Cbinh9b8e30f6b090,33013,498423,af08bfa25486988c5e05902234af4a8bb57a0832dfc3fc1d8ac91c1252eb03bd
O72-39,EC1N83Cbinhed1721fa4cc3,32860,496128,a547e709b78257e7a152e0722e7bde3557d4ebc1e3eea8620ddaddb34c72f61c
O72-40,EC1N83Cbinh5a0502c735c4,33016,498468,41c6eed258df413075a13c510e89fa76834f637badd52f7535d9be839b93387b
O72-41,EC1N83Cbinhf7dc192d9de2,32727,494132,832812ffd7935942ff551475c5a1fd7201ba4029790a84f4a5364442db301595
O72-42,EC1N83Cbinh0e107304e511,32855,496053,e5a461ff8a477344df29f99bf53e8e077b38c77104c8176391143d9099482ed7
O72-43,EC1N83Cbinh4925701c9c66,32855,496053,ebf8dfabbfed403a0c46e44e9c309cf6cb22b12eba02b5395022c12449a8e658
O72-44,EC1N83Cbinh858632016244,32963,497672,354361fdf64ede79f299020f3c5bfcd9af9677510feb18db900116befb3781bc
O72-45,EC1N83Cbinhd3b2ad307f00,32853,496023,80a5ee1d51155af3ecbad20f0176de72c5385ddfc7a43680733acd97cb325bae
O72-46,EC1N83Cbinh330b67c50541,32824,495588,935a201556efe0515d43ef9c5344b1714e8805931aacf80fedb989ab2134e16c
O72-47,EC1N83Cbinh55d7504f070a,32910,496878,83d13d1a9a520528f342fc61acc7baee820fdb92da586841597f40e32431286f
O72-48,EC1N83Cbinhfc618ea3471f,32688,493548,a2d83d983b586e7d9c8a4987cf2689551fbea5fcdbf0650b610d8e15de6c80d0
O72-49,EC1N83Cbinh2ef7d80a9507,32745,494403,a9673d871dac3285c829872bd29501e37503e8242840378b23e7b3741280678e
O72-50,EC1N83Cbinhdf99eb7c2f9c,32843,495873,f7385fe7ffdab0d64322e826d717b4c1eebe92d5b2fc4de0ec65f163fc47ab1b
O72-51,EC1N83Cbinhc469fd14e774,32667,493233,2d95a4c569fa32d8e40a66fcdf351631191f8b54c56bb075e4f9683e74d43866
O72-52,EC1N83Cbinh79c57d458db4,32876,496368,d6704aee6a3e9adbbd5814ae26df0314dd78cd7c724f56164293b1b7016015cb
O72-53,EC1N83Cbinh0c4e29778130,32887,496533,ed2fddd442d4372b741ede838212ad45d788e7fb909609afa84162511386af61
O72-54,EC1N83Cbinh5ad6173c646a,32989,498063,6b286c6871f360513575fcbfb591c2b9a320ce42fd7f2ed8c88b88fa14eed560
O72-55,EC1N83Cbinhade7151bb276,32618,492498,638760f034b1aefb7b291dedff5eefecd2fe4b17782ad2bd3b9c74fcc05bca2e
O72-56,EC1N83Cbinhf832e744b897,32827,495633,e6a770e586cca1ec513caee89c59a433ae3e0fe82107e0200b4daafff0bf0853
O72-57,EC1N83Cbinh538f4443893a,32784,494988,4264ede130954b51bf6d346413e9c7d83fdc236dd9dfa639c58b2c6e45fc4fea
O72-58,EC1N83Cbinhe210d165b2a4,32704,493787,dfc34a78379c9dab1abe6d3cbfa97523884fd992abb992ae653f34f60e32fe35
O72-59,EC1N83Cbinh8b7163f69bdc,32833,495722,2e461e385535c3cadd6d01f5ce6b3e46cc58848341c29c11b65227d0d24f6d05
O72-60,EC1N83Cbinh6d457567fe73,32904,496788,0f30087841a0af9d27642ec89e433b47c1d4af838db941aaff5314a979fa17a2
O72-61,EC1N83Cbinh83ec5e77b511,32880,496428,bea2ea46738d19d5cbabff828590c387413022373482dbc7a48a6d0a06ed1d95
O72-62,EC1N83Cbinha313d2c38541,32874,496338,354272f5e0afcdb7d00cf0dd09896dd7c56c0d1380901a4d87f5446cdd2a9839
O72-63,EC1N83Cbinh08d323371bf2,32954,497538,c7409f18bef8b0ca93716df489b505de9cff6001db7e5e0f3118d32c65d8bb22
O72-64,EC1N83Cbinheccfa6acce0c,32647,492933,a8cca17364864064d83b5f3df55288202301368d2535c0dd69105c9ce8b54dba
O72-65,EC1N83Cbinh3ecd37dc90d4,32990,498078,60f14d6af1c89274917a4dc54e9ac0db68590871efa32ac81465cdc3712d2ebd
O72-66,EC1N83Cbinh627ecfa52832,32746,494418,2c881a9cca2814a47f01aeaa8da6ecf6fdb6d94349900fac717e206f57184da1
O72-67,EC1N83Cbinh4954ced2c48c,32760,494628,4fb0d56c12202c08e0bd93ffd4cab294adb82cfc1dcb6c6e4dcf3f90f7034f40
O72-68,EC1N83Cbinh9166a41804b5,32892,496608,33090e91193bde0fadf93a8cf09510b9eb84b6e52237be9e743975f011b1e75e
O72-69,EC1N83Cbinh9344859f2175,32983,497973,66e72e3da51acfc5ac28cdba1816acf2ad83037885c545e3f69827066995c8e5
O72-70,EC1N83Cbinh42c4c659c589,32825,495603,fff349134f8cd8be128c3ebaabceacd87c34f7708d9876dc1e75dbbfdc8fb072
O72-71,EC1N83Cbinhb22580469119,32827,495633,8104d54bd75c6e0c696b6f1df0450ad526017b94042b882a7db4d72c31dfa367
O72-72,EC1N83Cbinh10edb39159aa,32520,491027,65c997319f85a3a9647cdcf681633270fca93a992baff10951a5e39115ebcaff
O72-73,EC1N83Cbinh025e7d3c71f2,32915,496953,5b3ff1c24e47b3eb1c1208c846f0ff2e5b680ff56d0eecfbd0d8699ca432fde1
O72-74,EC1N83Cbinhb9a2c5bebe7d,32611,492393,ab099ae720faaa6a53c5e2a956afe60504af80286de1f51feb2af31e139c2319
O72-75,EC1N83Cbinhf276adf26004,32834,495738,1b2332c22e44de0c26f01a88297936f650c671ea52d422dc201376624df1f839
O72-76,EC1N83Cbinhb686f32214b2,32692,493608,d7b9ec07a73ebbf18627986f369b2be07dd277be64ed9283cef69f99cc1f366d
O72-77,EC1N83Cbinh6661f693ea77,32742,494358,d7cfd44584ace7ef6a41fae7115358022bfb256c21601137e846c538e6702594
O72-78,EC1N83Cbinh8acc1a7b60ab,32848,495947,3132058890e445cf65ff39044e22e2c7d9bfc5f6f055553b0d88b9e05922bc33
O72-79,EC1N83Cbinha4e43be3f516,33011,498393,0da6edd85192fc216d696b85941bcf9c03f8aec4a0e2193a5d84a61236468f32
O72-80,EC1N83Cbinh2581e5daf9fa,33141,500343,0e5c1e291ab11b548251f8380f1c0eeb6a6bd41bbcbf7f9e9fed8c77d8dd53be
O72-81,EC1N83Cbinhef197b5b4a28,32781,494942,e96e5de39532b22b37dea3e4d4ff35a28a4a194197c2fd003b8c305184a738b0
O72-82,EC1N83Cbinh994518452724,32843,495872,0fb353c2ec67be8c497385d9ff43c34d2e5f791a550bd541c681d28276a8629a
O73-00,EC1N83Cbinh7a3cbffaa8ce,32768,494748,058a7d9cd7a6914a9c82a030ef726072a5b8f2a28e5c31e67d5d7618737eca05
O73-01,EC1N83Cbinhcf5c0a9a10e8,32911,496893,046ee2843000b435a4a77d17a1a72de39a4399e097a070f804fd1cf380f2c9c7
O73-02,EC1N83Cbinhf1151c97b700,32912,496908,86926620d443819fd4615d0deaacf165dc86306b8459f8fedfebe96a33cd587a
O73-03,EC1N83Cbinh4d3e2ad76de6,32563,491673,106b0b21bd8615ad5c552a8d284b1ed8524308a6b42338e794c0ef153284f1a8
O73-04,EC1N83Cbinh742198fe351a,32610,492378,e6d21e5d894ba3d779b209d39997f972e4d7fce726bd637377d9bb92a5bd7016
O73-05,EC1N83Cbinh33b4afac1451,32823,495573,5ba5c41d4e450de8655ffdd8211bfa83701d33a6c2cb872bf3d5fae58816fafc
O73-06,EC1N83Cbinh096bc781fd98,32723,494073,0ba544b1d174ea42d68087be78819507b6abc3b6b2684f24edd05bab077cfe55
O73-07,EC1N83Cbinh7e09fb7bee2a,32846,495918,819ce17bc329e9ce598e8514f69eeb530601bb5523966d8866082c3eec4b1ea6
O73-08,EC1N83Cbinh0af949a530dc,32676,493368,d0a70d5119c5a4223ff41c7354bd96c45d873aabffa03bdeb29064bf35068945
O73-09,EC1N83Cbinh828d534db981,32894,496637,e2d159627336affeffa98729916e258a7ed039a026d4fd632e901fbea6afb13a
O73-10,EC1N83Cbinh0558875700e5,32830,495678,a7c51829cd09078cc303af0743370f089e89da50115e17ba1fbe5c08092602bf
O73-11,EC1N83Cbinhab9e92fa4779,32832,495708,fe9a5eff85bcfe0075d9e812648aa0055f824e24780cd6b3d5705d905f2a5ecf
O73-12,EC1N83Cbinh0da76a7257c2,32767,494733,c739321a936d5a167f330968df300db2e3d01e1bbb6d0277370aafbfd8ab1a31
O73-13,EC1N83Cbinh79fc6cfdfb60,32657,493083,a0c604c488ef10e3373a3002b84f4560c5dfbaff50faa3570b5f7a093495be21
O73-14,EC1N83Cbinhfa969081b027,32743,494373,61e55ae71c976f3b6695104adf2f7a4de3c99176c88ac2e8d2ae73bfaac2fe63
O73-15,EC1N83Cbinh718eca469572,32822,495558,af8a7131fe6992a7bbb4cbc2b0059595871420af9755a7c9f06bd2ec16d8f21c
O73-16,EC1N83Cbinh38ac708b7a89,32798,495197,49f0796582bc5907bb7656d48066b455c1b8191e64fccce2238fbda4f7b3fb37
O73-17,EC1N83Cbinh02b9f7681a0c,32704,493788,b5eab96d435a4241d57dd4458e19842d1134a46968d3f2cc158e30150d0ce2f7
O73-18,EC1N83Cbinh6bfb063d857a,32612,492408,e0d3d04fd8b64b975d78e0a62451af4ed39bdec2d727d99d90fc6aedebbc0dab
O73-19,EC1N83Cbinhea18b8af74ea,32632,492708,c0b88e4c8a83c053e029e4e22f74e7176c907c07c82a06672a02e7676dc04fc1
O73-20,EC1N83Cbinh38436826a9e6,32816,495468,12839b21160266d80e49b3d69845f92d8ad24652d6f8839b96cefa835e13ee69
O73-21,EC1N83Cbinhc6cdedbd1661,32513,490923,f02ae2c24643299c4bf091a93d4a9813dce34a608c829048a1d9edcf88da7dcc
O73-22,EC1N83Cbinh258c34715623,32605,492303,e9e8af4df76b6e2dbb958b14ca1d1b23fc946de7791fa46c78b6b9510ebb86e8
O73-23,EC1N83Cbinhe5108ea2878c,32762,494657,29c9cf2f90bdc677fe8ea2fd12ac5317857308c1e70871c63372cf6661b6229a
O73-24,EC1N83Cbinhc7078a8da074,32826,495618,6a7365e2ad98986dd5885347253092e55105b70d05ff889b88e4b91cdcb135f5
O73-25,EC1N83Cbinh4d4bc3f5c614,32704,493788,f3abfb4aa03b0097e5b32b4147ab2ae172aa16b8d3291883752636fa74a9c4f0
O73-26,EC1N83Cbinh5c29931b0040,32876,496368,295a00db7b03d8022d39221ae233195f4c8c8fa8597b45e23e76fa62927cba6c
O73-27,EC1N83Cbinh0d6bbe6a5327,32767,494733,596d1251377c8205291e9a4993412ff688eeeb5f5269847434435376d6465f64
O73-28,EC1N83Cbinh8ad0ecf9d919,32751,494493,662f24c3b261b6194e53ee84a0ece59da2d9a645f3b05dc8b2392207bd9fa1f9
O73-29,EC1N83Cbinhd5208e0d350b,32636,492768,7aba23d4e7c557e1d744a629751a40ef9928e8f0e3af9a2d5f6fbabfc1ef8bae
O73-30,EC1N83Cbinhb222f8616239,32750,494478,e08b7cfa8f3e7a6fb4b1fb8b3a427fec2c460843754ab7a652423745d6c47e1b
O73-31,EC1N83Cbinhd7080202c775,32726,494118,75ecb8cac9d6036112952f4bb1e37b83c96a1dfd86430f8be6b15139c30cd6a2
O73-32,EC1N83Cbinhbb4b9c6ef802,32941,497343,2919a84e62bf24fa0c858943f05e30855bf5ae9b8a4bab54eaf598d49ad30a9e
O73-33,EC1N83Cbinh36d146ddda30,32768,494748,2d97bab1bf469e31f599d2e3157dc9d490e982bf2db88e0f0f0855798058a238
O73-34,EC1N83Cbinh6377b8900b86,32801,495243,b566f017064a9854b1eeb2d9a28ff8abbbc161cb736050d824f126f8befe0bc4
O73-35,EC1N83Cbinh4eead4435950,32796,495168,60f128b6a5f4588d6f7def3c9055f223dec066c1111eb1d3e1408b3a536431f0
O73-36,EC1N83Cbinh466c9837b1a1,32911,496893,0b3d303d0b556479fc15f1f8557e20903c08cfe61442c0012f342cb13d5e5b64
O73-37,EC1N83Cbinh8b2915469326,32626,492618,14b080d73f01051fd94084364f5d8cf0e9a79a51cceda841434d4d972a3427aa
O73-38,EC1N83Cbinhd81a414720bc,32878,496398,0490642ab6d97e37a2d788737548faa462197adec74ea13b044c8ec8c7f348d5
O73-39,EC1N83Cbinhe9d9a6b52038,32823,495573,84e478548e4c40659380de377247ba99eac331c7270cdc9eab66f125d9ecca02
O73-40,EC1N83Cbinh19d5aecc7993,32842,495858,a0aaf4e6e063191ca4cb1a0bbc053b81794ce483b38b8158069b5503ca533911
O73-41,EC1N83Cbinhfbe4221ff61c,32894,496638,09796aa4659a904abcc6ca8d93706776e754aaac9a2ffcb3ed22456487b58968
O73-42,EC1N83Cbinh75db4e0c173b,32642,492858,8d562ba80777a586acf9eeb920cffc6532d6a0bc94fa0f83d12904a793b48e2a
O73-43,EC1N83Cbinh7ebeb951ec61,32695,493653,1fccec6fbf9a56892ce84407532a3bbc98d81e8d198b0cf4181d671f2f0f965a
O73-44,EC1N83Cbinh61b39316a09a,32658,493098,7f030a673c56bed9341f593733c2ee74ba54cb27ebd82e1173a17239112c706d
O73-45,EC1N83Cbinh46af21041b42,32969,497763,7938dc34262a5581eb9a1a04c89452b9dcfada9ee744bb32db871a9b88b8f6a8
O73-46,EC1N83Cbinh544de239003a,32816,495468,585eab036a9e8b0cb05ce2568b39ef35770aa2da8b59c2f94bb8e5fdab0eb39f
O73-47,EC1N83Cbinh529a8f65f00b,32838,495797,0bc63b5befa5bb0662920bcac5b16f5e5c924f95ad8757ea2a55a3637e5e5c21
O73-48,EC1N83Cbinh770eb811858c,32559,491612,8dd1796eb0fda68178298cc6e3ebc76d876d03840c16d4588d60ee57e11c2043
O73-49,EC1N83Cbinh8267a205511b,32527,491133,ceceb149ff245f355dd2dd91286a176eb2ed66f5ce7b87ba18fa5a7d8c29a661
O73-50,EC1N83Cbinh44420229a202,32729,494163,ef81a7f975a2e13f26e1f42bacc97f4ef626809d57bfea85c88791161f0d26a8
O73-51,EC1N83Cbinhafde69861919,32790,495078,fb6dcfcbfacf03f54597b1facfa180ca5b66d7eb26cec049be37b603e860ddaf
O73-52,EC1N83Cbinhb771166929e3,32837,495783,3a9b5d35ac8250d035096ca94ab78ecb5a9341b9ba4072c0da3230a077cd72c6
O73-53,EC1N83Cbinh45636ba4a7dc,32923,497073,75a84ecba8837a86a08e75caf625ca3a254bfa7ee5bd0475a3c7709523d725ae
O73-54,EC1N83Cbinhb9791cd95c84,32909,496863,00af90e90384a511ea514b76965297bd950f24902963db9301cc7fb6ef99a37b
O73-55,EC1N83Cbinh99b535118954,32781,494943,521aad3ffc6520e0f3ed63e37fab58703b86eb53623b92779d088cfd3e8f5f70
O73-56,EC1N83Cbinhc1f67229eaab,32593,492123,8bc7032c8162650f990bbad36be0451e3aaeb40daab670f8701df7bdb6c6cca6
O73-57,EC1N83Cbinh4fa1402e0254,32869,496263,82c042ac1ce02d87b643bdd8583eb60b2c3f04fd51ade8928742a5bbabd8c4ca
O73-58,EC1N83Cbinhace957be5052,32788,495048,627b370eb5a7da6b653cd6d8fe0a056f8760eb54514e4e24885761e244b0f666
O73-59,EC1N83Cbinhaee3ae7ef1af,32867,496233,945b5246033d8d14ea8451ffc55db10c805fcc33e37a65f6643b7cd23c90b336
O73-60,EC1N83Cbinh099e7eb1c076,33036,498768,2943f907a2d03a16de3eceb5a030cb01e5fcd01baded6229d3e6efcae38f90a9
O73-61,EC1N83Cbinh879122e4c3af,32805,495303,3dd712eef85e4b0ab261406d0d318d98b7ade19ab7314bdb490fdec30bfcc056
O73-62,EC1N83Cbinh0ab1d70f4cb1,32970,497778,5e7029c4938f980f350a7b20bdf6ca8880fa3a0552992d6b5595af1989f8c264
O73-63,EC1N83Cbinh7563c13f47de,32685,493503,af7027d32d6d398c018d7d82001e6cc0571ad539d37bf9db1fbafa4e2cd00d31
O73-64,EC1N83Cbinh751e8ac0db13,32747,494433,20d2fde478508a27a6a61d3030fab4f4893481f81978f55d586faf41337ccb7d
O73-65,EC1N83Cbinh3c3464cc62fb,33095,499653,f64b9964b7570a92e32a495830ce67eebe934f6d4ee9df92d5e99c672b41b9e9
O73-66,EC1N83Cbinhfe32a2397c8d,32843,495873,2a4850bb7bd3b0d341eb044ad309c9797cb6bf3e464a3375fe56d457ac798b22
O73-67,EC1N83Cbinhe3d3b95c50e1,32696,493668,a26aa98fe269fdf82c5bc70433665401c8ec2bc1839f8b8070a7dc97e6840333
O73-68,EC1N83Cbinhe24f6ca1acfd,32706,493818,ee103fddec22b44a796585a9bcba4687eabc0e749d8210a0949cff3279f937dc
O73-69,EC1N83Cbinh14709bffac5b,32816,495468,95006da979e6d0c927d6904a6f74cc14e329971598505b5ec73017e1efcd38c3
O73-70,EC1N83Cbinhfe9e84b1fcf3,32863,496173,c864e9e46a01dc781eed28fb4dd10a0a81cc98f5c0037abee1991dbd80a3b387
O73-71,EC1N83Cbinh611edcc854d8,32944,497388,7997a271fcdee3bb540c3aa2fdd0a4e5982fcc259e5fa8ee8e9be0d7ea1002b5
O73-72,EC1N83Cbinhb09e8e4b832f,32701,493743,2b3d5b87df91c5b89529bf049098a43112642886a71a4e453b266b9bb0343e15
O73-73,EC1N83Cbinhd5505350d6b2,32842,495858,61680826636b254ec3bdac2582b5ab437801e6dc91c30fdbde5abff7ff9b7ab4
O73-74,EC1N83Cbinhd6e758a78df3,32798,495198,644c40840dad754139dddbc48c957d8093ef78e3b61f68208b84389a6f0eeb86
O73-75,EC1N83Cbinh3ded956349ba,32765,494703,346c90ddf4bdaf5f8d25f38b442bbb11cebdda406b286a6a5b8e112bd55a6c13
O73-76,EC1N83Cbinh5eee4964289d,33001,498242,056a1d693c1dc998701f0ea14362d7715e3b537864947f02fb8faaedcd5008c2
O73-77,EC1N83Cbinh99dd256749e8,32852,496007,a7d35e36af972c42f242417cf4c2f31f01c5c05331d85397606a959942ebab10
O73-78,EC1N83Cbinhf217fcbe4ed2,32865,496203,b0e96703e6ac3efadc7302c038c62df2cd1e8fe7dbc715202ad4a35e033f6713
O73-79,EC1N83Cbinhb9167c283df0,32845,495903,e7b2ac9e38999e2988184d92dd91ee387a225ac498b02c9ab9c5f2f64ebd6174
O73-80,EC1N83Cbinh153b7959a106,32682,493458,2d7eaf63c9ac5470b743eb26083e836f6028812e1bcc2bc8a0704900406225da
O73-81,EC1N83Cbinh5fae66825191,32888,496548,155df451dc32c5437f240a7bebcdc5d0e55d129509e2916e3383433567445a37
O73-82,EC1N83Cbinh265f85271cc7,32798,495198,12b19879ff950beaee8eb5601841b2f9cb66dd81907d11bfa4eff1512cf49a16
O74-00,EC1N83Cbinhf68491782a11,32750,494478,7f8d38ea81c1f7c7363029fa57a72ab24aa0fef8715d8bb4c8d8b44f2d0be897
O74-01,EC1N83Cbinh67ab71d467ad,33077,499383,a94f76ec0ecc43ce9a12d538bd6da848866ea5c9dd1a19914f2b0877df650c66
O74-02,EC1N83Cbinhf26ab3995fe8,32848,495948,c9d0e48333f95a7fbd8d7187ecc6b73e1fef62f05acfbc80d2f4a7dbfc8e981f
O74-03,EC1N83Cbinh27bf214e1f4b,32637,492783,4bac795ec2a9003fffc54e7d14dd2d8ff77d1f92906132eeea219f82236165e6
O74-04,EC1N83Cbinh48a4be8511eb,32862,496158,9e2ccb4a6053b833fa075a16f01960c0ffd774904fe1ae07a41b4e2f91731219
O74-05,EC1N83Cbinhc3bd8f16fd8a,32917,496983,5cdd52e4d23e6f13c6a2aa2cf4dce7a0e6d7e50ac428eaf36df9e8012d191bd0
O74-06,EC1N83Cbinh853213af4b08,32837,495783,2bfcd06ba014bc10f81fc0b5df22adc65bd216bad9ecf296d5faad9a6f6e2317
O74-07,EC1N83Cbinh74380cb20335,32561,491642,726b531c098b2d5da28a04c07ae7c75f4470f1068d119a158767677730eea215
O74-08,EC1N83Cbinh38e7b914b257,32684,493487,4b3b12691eb2da181d03503cd9fb0967ddf7ea1371f95d39e521f3d4cb044a4e
O74-09,EC1N83Cbinh235888521e59,32731,494193,17884a848289c36835cd0124629f22dae0c8280d072f9563aaee500c1b831e57
O74-10,EC1N83Cbinh69f013e4f894,32815,495452,8f68b486ad8b3d52c3db6e7f1a966c4530036c52d83b3cf69e288bed801a64d6
O74-11,EC1N83Cbinha67e24cae217,32778,494898,058dc00e533e5e77d0f8007644d32eba87c8d7df092d3073e851a823b7c91b28
O74-12,EC1N83Cbinhe6ad894de238,32359,488613,b7745768add05ddba6a1778a7d065c39437e9d0b8016a2b56234020370f3867e
O74-13,EC1N83Cbinhf7c2b861c538,32898,496698,b6a3507fdfdc4962c57678714c3efd536c4580741cf98d79ef3286b4b2549209
O74-14,EC1N83Cbinhb322ab612c91,32776,494868,b10998af4dc94fa079a7b0be9752043965ac0d8f7be5afceeacb2f6c2095a952
O74-15,EC1N83Cbinh3471c8610687,32824,495588,aa434a86ab2ec54cbb960240d3d82281abd1e5920227295e803102a46ceba434
O74-16,EC1N83Cbinhb7bbc2048d5b,32890,496578,4bde32aaeedf679e6e4ca4294769d260bdcdff7cf27d62a4a4bdb82fcce07b24
O74-17,EC1N83Cbinh003aca50d6f3,32592,492107,18c9bafeac4962498e89f77666093fa999dd283274201b59173241e0a75bfa77
O74-18,EC1N83Cbinhc7382cf560ab,32817,495482,07809d223133edbf5aa99ac0024681432eaf601fb476784013c4b9a9c926e506
O74-19,EC1N83Cbinh89080426fea2,32635,492753,609cb0dadcb4167e0d202395540b06951f1ac3d19c4dfbb8b876fe18dec79eb1
O74-20,EC1N83Cbinhf694bff6c780,32904,496788,036d6a020c87337df16609fc0aed0314b2bc29481063bb642bfd29369a852993
O74-21,EC1N83Cbinh3ce5878cd156,32907,496833,0a791fd2d27cdfbe36adea2b3b8786e8b2ee0c24e8bd6002c632fdf46900dd39
O74-22,EC1N83Cbinh3ca142e3076b,32780,494928,6a89c4c810c1dacad23a8b59f90f897ddef660d35e7410bfb6e4f23b6e54a601
O74-23,EC1N83Cbinhcc31c10bdd61,32759,494613,1fe430924cb7f4436306679e7d0be7a15e429dea2f313cba38e77c56c71caaed
O74-24,EC1N83Cbinhbb443691fd8e,32708,493848,af8fea36084124921d49a3d97d4853fec8b198acb7786dd62888da64dea80bcb
O74-25,EC1N83Cbinh0419880910de,32817,495483,b5ae5eaed48d520ade21e5f4c30a80acd1ac5f96c669c34678f0cc7b9db74c30
O74-26,EC1N83Cbinh793b6f448917,32992,498108,ba2aa68e9499e65586a8056f5729faabb29581e6ff4c2d68215104ab0a2af35d
O74-27,EC1N83Cbinh09a84d4628d8,32487,490533,df342e2ed58386999a058e02cbb5854a6da35d13759d049a01374f291606b4a5
O74-28,EC1N83Cbinh770502abfc45,32656,493068,a14b16ffea4eb67abff707b37754bf1648cc4a96aaa4d45cb9073143af9e6305
O74-29,EC1N83Cbinhfffcf2cb4ba4,32861,496143,d5b313feccbd8327d2b42a000d196c33684d7a04e74c4f6b3ab3fb137cc28b47
O74-30,EC1N83Cbinhb3b17bca76f4,32804,495288,ee3618f1b96172265ca28c32e776c8acc9a460a4ffdc5a61c3a529078518968e
O74-31,EC1N83Cbinha95baa0ce2db,32756,494568,14bba7c482eb7d3a2f42ba38dc6d9dbaf92b562d509cb5bbc27d0366a6a7b9b0
O74-32,EC1N83Cbinh9b9ce6320cec,32811,495393,af5eed419f3711e6ba74e3ada77759a3a01bc789969abe66067dfdc6d58fc209
O74-33,EC1N83Cbinh0a6aa23ebb9e,32764,494688,8308b8bee9a38936b0f3cf1b558bf8563fc7019dd605284e30ec99c8cf5b22a6
O74-34,EC1N83Cbinhc2d9414bbaec,32782,494958,0ab7275402ee271655b28405ec2383c44ec91ae4bf640ff8066150e66dd8e816
O74-35,EC1N83Cbinhdd600e488850,32849,495963,c0b93459b3d90e31d1fed2512b765b26eb2ab45701dde29af113fcd828e1d4fb
O74-36,EC1N83Cbinhf362eb14e0aa,32742,494358,e310a9d53f002ec1fcfd3ab32240bb234346fbcf432fb56db7731b28a74fad46
O74-37,EC1N83Cbinh452d42ac57cd,32854,496038,099f66860ab928c5aeba27dd7582b0629f9a1f288e18a62628ad7d31e8a7857d
O74-38,EC1N83Cbinh7ab4c41b5ff9,32651,492993,30cd7499c76de4391b697c2a5174e8c1f7abc0a618d81f0af9e75f6242254fd8
O74-39,EC1N83Cbinh616a53cb963d,32812,495408,f6ff9a7d13cf9a5556dea3eba0515a09a23ea15a06bc07569bb662b5f9a0c535
O74-40,EC1N83Cbinhaa9b306f0cb6,32774,494838,ea8415d00e4f0a2940a99b58a147bb6ed115cdd253f3eed95037d9b498b20d07
O74-41,EC1N83Cbinh0676a124ed8f,32456,490068,fd8938af7d995d716e13bed9b3889d18f98e302a8352572614594e683ea13838
O74-42,EC1N83Cbinh668a54a4a005,32949,497463,6b1067629f4a8ebd7429cb706c8b8945d9ebc5e61c3a65ab917a28050a78c6c6
O74-43,EC1N83Cbinheb0684d7fe45,32837,495783,c9926d064d9b180dfce743d5359825b56655226a251f3f3d215f567baa684b8f
O74-44,EC1N83Cbinhb476d13908d0,32927,497133,86a93d089942e9f4539c16949fc7a06cdc57fd000f1ab7dd0ec0c4f0b115344f
O74-45,EC1N83Cbinh47431e56c411,32949,497462,86aca55131cae8ab7f47ec93020091fe2beeffaf76774f6b8ba0d87aa9c5d3dc
O74-46,EC1N83Cbinh88b099adf1af,32818,495497,a4a67b085110b4148f43edf35d7fde474d490b4d25d07e1254832bfd1a4f509d
O74-47,EC1N83Cbinh5df6f2596572,33113,499922,f66b315f8963c194eee4cfcaa0a15dc3139f47dac85b179b0f44ab6cd172913d
O74-48,EC1N83Cbinhcf14c2a10529,32906,496817,afef4f7a367f19713d2c92207e9ffa2810014ed2af6829f319abbb2c18e0ff4f
O74-49,EC1N83Cbinhb99942e7c1dd,32896,496668,b4851c85d0b96fc294302103b54c2c37fbd99810c8597f115f58dfaaf0e023cc
O74-50,EC1N83Cbinhb5af9941eb22,32852,496008,c04418d72998bd25013ad3464391771ca074784e0dee75280804e1ef6417fd5c
O74-51,EC1N83Cbinh9d3ad3462f07,32885,496503,7f403ba669ce42ede9e4f50726fb55cf31666729373b82d8cdfae6d4f51553fa
O74-52,EC1N83Cbinh4c318d9b2bf0,33036,498768,3c262c4c81a61d6db638bdbc82d925431def440aca4ad2a6ff18508732599ddf
O74-53,EC1N83Cbinh0c80234e328b,32865,496203,56c69532f901aa588f9787ee57ba45640dff6bc28c161b52381cf9a4fd0e5f43
O74-54,EC1N83Cbinhf283525bb29d,32655,493053,f4205e48a33248469e1a2177eb8cfc46a31b0fb0911bc6c0838bd366e94e03c3
O74-55,EC1N83Cbinh314d2486398c,32755,494553,59eb13b17f21d928df60b8987a53625f008aaadaa1a0ae9567f82a59baf77265
O74-56,EC1N83Cbinh0eb1496f14df,32670,493278,b52e3822f52d21462b6911b883f1ef47d741cf8ebc34c09ed2c4d12bca2166c4
O74-57,EC1N83Cbinh0ca69dd0270d,32746,494417,582af9c39c8c087e7513cc4cdee54e0c04688ddf3cc69452d2be0241fed7f0fc
O74-58,EC1N83Cbinhf89b6ddf36d3,32807,495333,83783bd9b487466c859d8260680aad9167e587a17dd81d6a1988a6441f8ad152
O74-59,EC1N83Cbinhb33699697ff5,32645,492903,1db26c593bc4da1cb760046946511fa1e2fb0aaa4f4e7b60df25f2537c592b54
O74-60,EC1N83Cbinhdf6b86f23ec5,32874,496338,f1bed09066aa481dcb8ec9fa80ea5a874389e7ad7e138d391c7570d63d6497ba
O74-61,EC1N83Cbinh0f35771279c8,33074,499338,c54bd84d005ee13fa1dabec902a83c8a41e1ecf1952ea2de2fd80eb4ddaf6e63
O74-62,EC1N83Cbinhc21341c11cf1,32745,494403,864c556ca93fb4080be9b3fd8cf2d22e6765b3abf35db830ff9eb978bc4ff549
O74-63,EC1N83Cbinhc9790077d37b,32669,493263,810b7cb4c01a441ca87a13af6058276c2eccc4e5af2168292337dc1bbaee9cdf
O74-64,EC1N83Cbinh7976f9c75584,32757,494583,7634b1d7c37b4a33d3f12ba5d32fa7295e4a44e1e29cbd6d58dafd10e1039201
O74-65,EC1N83Cbinhb92ca22ea42d,32788,495048,5346e36f492a11a93c8277deef40f0a046fc9aa53122d551dd66a54bd710a94a
O74-66,EC1N83Cbinh25f83dd8635d,32896,496668,af5ea6087b50ffdb95c1da4c3da60c9ceb7c928efdbd828ff55aeb5e337acb03
O74-67,EC1N83Cbinha5ed5089c6c6,32889,496563,8a7951734882ffa82943ea2ff21cb0c97eb273d2abc1576c104ffd01903f27f5
O74-68,EC1N83Cbinh7c81cc54d3ec,32806,495318,7d3adc7df874605aa8b26c6654bc20d5bc6b4575cc9220d56c107c51b13cce1e
O74-69,EC1N83Cbinh0c702de6c089,32761,494642,6251975434d86433c030b24b29be44a3bdb3e5e6e1f34962180d2f0407e3d4b7
O74-70,EC1N83Cbinh7866193daf5d,32816,495467,b1fce8e6a121051eaaf429e603bb8a6104e074fb2335b41e8dd6ac9144fb3bd9
O74-71,EC1N83Cbinh2f7efe692717,32870,496278,64cca7dc408fd4ae8f56f301fa59d507afd74366ad86f2e2e95462a6e77027ef
O74-72,EC1N83Cbinhb0a4946c5103,32800,495228,d098be16da569acf68579814acda83f7c16036ee79f610cd2294eb07f1051067
O74-73,EC1N83Cbinh90f5e4a81364,32703,493773,9459fbc560e90d37843836049f6b6b2307c8e5b4108c73cf653f950df1da4182
O74-74,EC1N83Cbinhdf97f46fabe1,32615,492453,4a3e838fa478e866f5e419f6dea9dfad71a35fb49ffe0caca7c98ff763408c0d
O74-75,EC1N83Cbinh7eb568f9faa1,32819,495513,e36ceb4cde39f374f20722d746500f72512d798480be9af9451ba6167eb2c6ec
O74-76,EC1N83Cbinh9d3d0faa2d59,32747,494433,8f9f70fb5806137d45565532bb89c2361b5f946a4acc34ba5d99574a72337259
O74-77,EC1N83Cbinh5ef2c52c75c2,32967,497732,b8bdc054c1e6a502f8d6c9ad2a5fea7de752d018d69d135cf8881461d2ec7b38
O74-78,EC1N83Cbinhc6238d227079,32862,496158,f0b58f45d9a08895659e7ab4ed7c123b520d85076b3be644c26c101fd489f60a
O74-79,EC1N83Cbinh071042945d04,32934,497237,c2b963c9a0fc49034074b13fc4f5c7d1cd91f0a0ef39293e1c9d020b50d3d973
O74-80,EC1N83Cbinhd12381c38ad9,32781,494943,2acf03f863b3ed44df4f4abf8e8c57383ba532a3357ba03c219c2986c71bd4ef
O74-81,EC1N83Cbinh553ee1c730c8,32921,497043,4971dc5cfec7f58a3ee980b5561baaaef490878eb6a3a5a9436c7be7db438005
O74-82,EC1N83Cbinh14d2110936ee,32761,494643,3bc3a42121fdbaf0bed424b38b9d52c9ea228e434c5d6f63336fb7c1e4c2d1cd
O75-00,EC1N83Cbinh55b47633579c,32671,493293,ccb19177577c8fb6f7047f8a3598a80441bc5889c5ea4d770aa95d0939fa61e6
O75-01,EC1N83Cbinh0e181876bd06,32671,493293,30f98d8f8f666256e831465b58913432c8ad3189c51b42cfaf7d4675e4647d87
O75-02,EC1N83Cbinhef5d4518b02b,32981,497943,3fc5ad77c979307dcd61d8de9ee189b2f4a8515e694b56f8ef3178eba7a3c2a6
O75-03,EC1N83Cbinhe9bed3cfe0f1,32812,495408,22bb11eacf8e29fc085417bb767f37918d33396714503641313fc9b05445f66b
O75-04,EC1N83Cbinh1b1beb5f64a6,32582,491957,c6e9802f9672b1bf7602e10246fc87e260177cfb24aa2a36947024f973b5a6b8
O75-05,EC1N83Cbinh11361e9e0c2d,32920,497028,fd659f8699d5a9bd4c9a58c148ae170147d43a500dc3669cc7825a25d08c502e
O75-06,EC1N83Cbinh25eb95407ec2,32925,497103,2cc7986ba18f36c72af887d3c88f4662c9b905769ea8fc05420922f07b7150c5
O75-07,EC1N83Cbinh4ab27b814e2a,32700,493728,174ce70058f42e4e60a3b085b99f5ee660246c52c95359f49860b8b1ab4f3a14
O75-08,EC1N83Cbinh1ddc9e8e32f1,32567,491733,a17453bb9b910445ce0b4c1012f8d04b9cfa039ba5673bbb5a898c61e2312795
O75-09,EC1N83Cbinhd160412fbf95,32539,491313,96660b1aa76fb37e7676e15027dfb9a329cfbd2adbd8de6e1823fae6bd504ed1
O75-10,EC1N83Cbinh043d13954904,32723,494073,1e5037275849fcef31a65df6154c5a83eb9906d3339e2a0cc25e4b6f121330ab
O75-11,EC1N83Cbinh48f08ac97a59,32809,495363,87c697a1acf903a0f2fa89531ac664bacefd53c55f7c911fb488f908859a57d4
O75-12,EC1N83Cbinh5783227c2d25,32639,492813,df4f03d4e434b85ec2a60f481a1974e5706057da3047c1d29637007e9c7f46d6
O75-13,EC1N83Cbinhf53a1b2e7ee2,32920,497028,d7eb92b5fdc0b038bdb992657b09c3ba3e6d0e10c3b0165dec07da8d6f4a6d99
O75-14,EC1N83Cbinhce04357f3b59,32983,497973,9f7c9229b44f5882b19777ed892ae8a2b4f1c79a338dceceefa59254f2427398
O75-15,EC1N83Cbinh33bc7df4961a,32794,495138,083de1f1dead5af704aa75b8e4ff81114301454edc05bdbaa573124166535878
O75-16,EC1N83Cbinhbd8fd5ec65dd,32641,492843,9ddf97b49f12e1122b9d47485029c0df78fad36ce5cefc97fa9cf4f2e4507275
O75-17,EC1N83Cbinhe3c8210d5627,33026,498618,255d363d06386efafb2247f3ef00a65a1a8a5d0bb9642a939567e5f009df7d0a
O75-18,EC1N83Cbinh35b477fc58e0,32930,497178,dccce20766ea8857535b6532718677785a5583bc9417af373af14b42a661e3a6
O75-19,EC1N83Cbinh0f16f6b9c587,33026,498618,d57b4660a560cf74679d3540d5ba1c8b1fce402f8126a3e11399c65b8877cfdc
O75-20,EC1N83Cbinh0f5a3d56a82e,32837,495783,518127d76634316856ca81e46aeffc5aeb8caa7452b131df247eebb8bf734875
O75-21,EC1N83Cbinhb7ddd4935a9c,32776,494866,b6d8148f802609a208329c2a720835a37f67656f18d6abcc3a664454ef875ef4
O75-22,EC1N83Cbinh4bfc68bb778f,32834,495738,cd285ac3fe5d39a59e51f3ed64f73099a97a909e2f679166c843c313e135d5d8
O75-23,EC1N83Cbinh50c0ce367036,32772,494808,b1c2376e6c1b098aee9ec88c65fda87a06fc4cbebbea8401d2852d071a41b017
O75-24,EC1N83Cbinhd221437c50ac,32858,496098,da41b9fd22b1735ea091564d16b97a2ee7e69156e51450c2f0bd2cdcea48e31b
O75-25,EC1N83Cbinh45273539b27c,32905,496802,5115000955f194ae683ca3175081638948d411a46583e1fa31eab2c80e74e049
O75-26,EC1N83Cbinhef046947c67f,32852,496008,60e42aa6fbeec7e15cd8bbfd1c77b979774e1e2e65481f281f9c41c8bb06933f
O75-27,EC1N83Cbinh22117e1d8a24,32976,497868,3a72650897c496bd3803f99d62e73a79d83b45b04753bd934e301ea57b8c0172
O75-28,EC1N83Cbinh400cbaa8d7c9,32608,492348,a1c5fb3a832747b1c2453fb4b33bd21b005f3033ac386702ee14b90a4960831c
O75-29,EC1N83Cbinhc6dbe6085bda,32765,494703,1514e1ee3396cf31ced0d6adfe7090dd395bf90767a3e1065a155bdbfd00c073
O75-30,EC1N83Cbinh8e0bfa26783c,32742,494358,f4404a9409baa6f676f10a5b6941234b50f0700d5148ae7ef0cd9092178fbd43
O75-31,EC1N83Cbinh4cee03acd910,32740,494328,87a42dfcf2b4f6d2c38ff8c7eb946cf69f672c388393b7f4b2cd5febc2cdb13b
O75-32,EC1N83Cbinh28a5c323987a,32651,492993,9a598049dabf8c17878bd9b839fc426c179f92dd7da20d48175c2fedb44e92ae
O75-33,EC1N83Cbinh660e21f49d26,32874,496338,7f445ec9cf3bae51cd3bb51165fd268caa3eda420c1e43c896ee60b936afe9ae
O75-34,EC1N83Cbinh976bbfdf1c85,32836,495768,7f2312612a3f4ce78d0304af7dc299087d35cddb9c4f9c658f6cea0d84c43944
O75-35,EC1N83Cbinh5ba889f4fe22,32612,492407,a4105e5f63f4788a6d6ef39ba0af0ab0fa540ca5b613aed680cd7e34114a701a
O75-36,EC1N83Cbinh1446b2560969,32837,495783,f515fcbf01fd5b97318fde75d2d00dcd2d54006234e09cfd8c245ee1b195a695
O75-37,EC1N83Cbinh025c706927a9,32945,497403,a0fbaa039e9b3aecbad0587691380cfe8aba09a019e46cf1855e0689d9efb57d
O75-38,EC1N83Cbinhcd54b1035ee7,32842,495857,11721b99578d7a99f4b11b7b57235539004acf9fb099a60ba53875341addd0f2
O75-39,EC1N83Cbinh97b7b5422357,32748,494448,ebc654a95ff1bd83e3b7bc2da4870798b7ea623550cbc55c32bf957142c3c76d
O75-40,EC1N83Cbinh22eb38ff5b5d,32863,496173,4dce6aedeb7a553f8010cbcd107b764e4f93a4f075c314cd6e5cfe0ad5193ff1
O75-41,EC1N83Cbinhea5c2187f5f8,32806,495318,512ebdb6d8bfd1ff5e50d314c3e1509e08e2b3970d7aac067a49b6d516abfeab
O75-42,EC1N83Cbinh0aed34319847,32777,494883,13913c2a664921f64de7f2f823adb389f4aca22d4f2992988cd2471eb16dc925
O75-43,EC1N83Cbinhd36cc5962719,32722,494058,7796b2cfdefcdf832baf51cf741a8f49f57a28543e3f49b7b837c1fc2a384561
O75-44,EC1N83Cbinhf497429aeefc,32689,493562,32cbb55e4d287cd9bd426bdf4acdb42e9abb8a322164c3fb7cb670dc240f84eb
O75-45,EC1N83Cbinhfe3679fde5ab,32944,497387,6ed72c2b69d0744f5fe62ecf3f53aa52f3a93e5a672349d1f59b264186e45cda
O75-46,EC1N83Cbinh311af9ef1a75,32736,494268,edb5cc2dc22a18b9be6c7961fc09c8ecd6cad06389a5c3ae0ee5ad8343b4c525
O75-47,EC1N83Cbinh764438504c3f,32975,497853,bb576e698045ee593b6dd10fa5870f538f4fafc1f3f3ce1f293e674c9679f57c
O75-48,EC1N83Cbinhf46de0ef8f81,32780,494928,377b5b468672603f5bb3e883abec4f34086053d5fcd379e8cec3ab3f645df5e9
O75-49,EC1N83Cbinh3797d2a2f2bf,32715,493953,1147306e43d127bc4c47efe413de8227569902ec0a07b82c2d60c9d7a0c4ea7b
O75-50,EC1N83Cbinhb6ac7393b0a9,32791,495093,d099290f6be124c6b1236581219670a8e0bec061a1afa586b59cc75fbb207f56
O75-51,EC1N83Cbinh740be27bc341,32849,495963,63e3b3d2b186a07c3ba5c04eb9fbe36dacc6110b7b2de67cbf504cdfa97ecb1f
O75-52,EC1N83Cbinhb1b514b3975a,32847,495933,c57f7c719441f52bacf0382fc735a5dc0ec1e5300fa3211beea40b9153df4440
O75-53,EC1N83Cbinh9b43a61790ea,32923,497072,7dab75d7c65983a5ffc908d814a7f02fd4ec4da8784e3175ad40d244fd372b69
O75-54,EC1N83Cbinhdb901adfa1f8,32805,495303,e8b1f3ba5efc61db47f410248f57a7e171ecba45f00f2a51e7288de2ddf4157c
O75-55,EC1N83Cbinh86136bd6ab9b,32813,495423,ed37dc4950bad0f8c28924ed39ccf57eed009fd18dbe8d62e2a42c357fec7fe0
O75-56,EC1N83Cbinhc51f7aaab120,32828,495648,ec27ca268bdd532cc8c561734fd1ae88c5f4dd1fff76add338499a32402d6d61
O75-57,EC1N83Cbinhd49531682b2e,32926,497118,e59ba1ebd7a5b9dfd4b5f6db46c82c9992fccee32b35480aa26dbb2c8daaaf4b
O75-58,EC1N83Cbinhde15526255cf,32903,496773,0d1efc704e90fd2736110bd27d5367971acbd76f8f3cecfa59917f56fb26a7c5
O75-59,EC1N83Cbinh923179f92f91,32856,496068,9e65a2f809014dc3fad0fe89ce441ebc07d0ad058f6d3a69979514b8555f044d
O75-60,EC1N83Cbinhbc3034ad8411,32674,493338,4869b3dc88121a90982585d1c9f96ba486a85055ef11e25c8e3c4517023d4e0e
O75-61,EC1N83Cbinhd0d6b0a85092,32632,492708,0e4f96c760c6aa490a222cce5a27b94d213e0b68be4938dd0a70bf36f018f738
O75-62,EC1N83Cbinhb99ff383fa6f,32724,494088,c47565a52b2b6e1d2efbe209dd00591a1b2c79771f24da9814fdc021d34c9afb
O75-63,EC1N83Cbinhe0633d7fd020,32894,496638,dd7774b6c67de2e75c38071759a8168c2dfba0ef8af80440dbebc17372ec61d3
O75-64,EC1N83Cbinhdb5ea161774a,32665,493203,18a1c3954286b1f9d86335e72c0453cb5560b3563467573b6ebf8c52f6a02ad6
O75-65,EC1N83Cbinh31563d08aabe,32680,493428,e13308d50b289af9846d2e34dff6144b563e9fb101f3f7cd738705ca75c7e2c2
O75-66,EC1N83Cbinh25b31431cd01,32984,497987,66253166e9f97b4834747f2f566b24354650ad3954b0b0b0f6b393f0a07874da
O75-67,EC1N83Cbinh3e8ded804fea,32760,494627,8cc7fcab88a39f40856011e9bd871c77c01b62aeb646b8ccbce470b495d58432
O75-68,EC1N83Cbinh35328c727e80,32843,495873,a6e396cac1d9acb295f9daa937d94036f099b06e667646e3aafa4d227833d9c5
O75-69,EC1N83Cbinh92740813eded,32699,493713,3a17be553a66dd1dfc93f69497998cfd32ba7c22f666c8bc70fa96a43d72324e
O75-70,EC1N83Cbinhbca0c70d9930,32758,494598,6b37d73d4ee5e887ca8592801af02c0d061926b775091c4aa5560bce5b5cc57a
O75-71,EC1N83Cbinhc50a92f1f6fd,32862,496158,47ce372930b6156e5e5d8279b9996a66a6c125b250b0731352b4a7061524f90f
O75-72,EC1N83Cbinhef8941023d34,32770,494778,a75def46dbb8ac9a1790b5980508317b4fb30769aba8643bdcf09d141fc8dec1
O75-73,EC1N83Cbinh3e5cce9f8330,32705,493803,1b775edbef1a0ce14b50544e798d13f0d8cd4005e3b38b85a53f1ae6624e0fb4
O75-74,EC1N83Cbinh53f3c07ef8a7,32878,496398,1d6cd28d7b4018223c0e4eb8cc644b1b5bb8af0dc79283ef3a06ba7d5dceadb6
O75-75,EC1N83Cbinh5197f926f2f6,32920,497028,1b0430ddf6fa20e6a1fc4ec57b1bdeb549b372a767f3e316b7513620cc6dd36b
O75-76,EC1N83Cbinh3299daf41a9b,32793,495123,90ed46560c97baa5bb70a7bddeb8253473e08341d6d425723e2a143504aca4a2
O75-77,EC1N83Cbinhd13f94230616,32896,496668,2faa60855486da22be036f45799c2abc5c9a0e2646801a52d07058cd71c00406
O75-78,EC1N83Cbinh0daeacc81d27,32808,495348,1bddf1bc1792139eb9bc71159ab35b29bb50d7bc7d4af49b9a210e135abcbca6
O75-79,EC1N83Cbinh309cfbbd18a2,32992,498108,1b980521f9f9d76f4c47bb54f993e5d0eb2daa8fc44c6df8f5dd42663fe473c7
O75-80,EC1N83Cbinhfe7011be92ec,32714,493938,8aa83a4d8112740749aa10ba92e3f321290b46f7570639ddfb7ea9a75e4b16b9
O75-81,EC1N83Cbinhb7c6c8b60fbf,32855,496053,0015b929860635216fb2d314b45eafd7e7ed04a61e4afcac870859d5eedba233
O75-82,EC1N83Cbinhf9bfafb6f1a2,32653,493023,2d7a866130e9f3afaa8317ddac7c450d131e82f30e8354521d983b7a777f9987
O76-00,EC1N83Cbinh8b6fb960228b,32756,494568,1071ed54ffbd62f46c940c54c283a534242c02e59740c41e0d96b71f0a176d63
O76-01,EC1N83Cbinh25f7ef9a2919,32839,495813,d85b61f3730fc0c334c27c1a1fd7fc29fb3b0aa4e34700717d6e2ca3cd78d1c7
O76-02,EC1N83Cbinh57451c7a824e,32711,493893,68f23d696693371dffe3363a62efede122dad2c009a158663ee3c36be7698a7e
O76-03,EC1N83Cbinh606244f91b1f,32863,496172,16eea19fdd20a9b2f4a86478fc9dc619b986b1d156a0ecea0a586b7747f26c17
O76-04,EC1N83Cbinhf25076febef9,32861,496143,56c3445b15c0b37093ce9314a6b59f897d678741fca8527381a16cd23823c96c
O76-05,EC1N83Cbinh2de16e8a51fd,32705,493803,4265c5c2603c2622cb041d32dbfa506d14cfaf69f162f42a02e52830c960d6b3
O76-06,EC1N83Cbinh12d74cdb73da,32901,496742,3819122de9d41ff7ce01415ba40af72484e8b0433bce46115e65a4b59ac9b944
O76-07,EC1N83Cbinheea87d03dc2c,32755,494553,c9f4b5ead6dec51f7b0fe3bd174178461625fee654e99a053358818b0c8ba94d
O76-08,EC1N83Cbinhafcb9edfcbac,32635,492753,42ec02781201288d27251601ed05e59a42f45c97c75d6ff616c701bbbb472964
O76-09,EC1N83Cbinh57b92c806b7e,32681,493443,fdcb6d13c19f28dda2edbca26b3fdadc418bdc5ab90c7da782352c0b5239c33f
O76-10,EC1N83Cbinh47c00a347c86,32653,493023,04d692761f226c9b3eb52bf59de343d5b939879a23148845e6da3975575a741c
O76-11,EC1N83Cbinhfc38c09f2499,32782,494958,bd904a4c20bb93fde5bd10a09decccf1f379bf7559cac6729566f50d2efb60af
O76-12,EC1N83Cbinh30f76b48af1a,32798,495198,74f541e290ddb7f75c2a332bdd55a2cc2ac59cc223ac523304fe64679f7f01c3
O76-13,EC1N83Cbinh471e1aeea6ed,32629,492663,608d3a8e66576370988b2fb53db3abeb054ca1392887e52f231c7ceb5a754c3a
O76-14,EC1N83Cbinh76a4680598d4,32628,492648,14a02e68e71b11178319bad2d8f84f5921798dae3ccf745f757d746494bed7d3
O76-15,EC1N83Cbinhf4b7929838e0,32774,494838,bf9b324f5c1b34ba10c1c83508eddb286eec908638a531cea23d850882056417
O76-16,EC1N83Cbinh53ff2d45a289,32764,494688,67f44df837a3c24f9f9de1ef3368310ebd2c1ef839dd51526c05aed9a8555c21
O76-17,EC1N83Cbinh76a266b5a5d6,32965,497703,15848cbf51e2d68352ff6ce82fa0c50fead38f90741c174b08270cf95187fb8b
O76-18,EC1N83Cbinh8e48e31f7cf2,32737,494283,3d82fa50855779b7aafbcc9833e710b3919f61223e0143df2fa7b8260017963f
O76-19,EC1N83Cbinhaae1d11692e5,32769,494763,26a57b45306e9977d8c3ef55c4603f5bb296e66d2e9d874439e6a64190fdf8eb
O76-20,EC1N83Cbinh3c582f62e4fb,32922,497058,5009128820281348e5e8de9cc1664057bc9b7eaf0158faf5a368787284b26d94
O76-21,EC1N83Cbinh8d2c0dd1d526,33081,499442,f764b43a9108c7e6bbd3fc41843b276f34606957b39cf5d6cb1efd21c467db90
O76-22,EC1N83Cbinh9422129fd44c,32854,496038,3a37a67ab75870a99cef56ad401f3ea774799cb5f30651a94946c06edf9730d7
O76-23,EC1N83Cbinh229592ce862d,32890,496578,8e2fe439794122b2f7d3320672a450f306fd5a085c812d378cdf911bfa03b37c
O76-24,EC1N83Cbinh49cc6cb87f47,32836,495768,facb362dfe763bae73d666dd27246995a97c32a42854a954686c550d34d628e9
O76-25,EC1N83Cbinh667951c9e467,32904,496788,8ea2e1adb59d2e04223182aca9fd030962f12371aaafe533c6ffce56394a3785
O76-26,EC1N83Cbinh6d41d861eb61,32816,495467,9c22621f0bab6ebf00e2cf98c08b6218f4810d1555912dee418cf6cfc436feae
O76-27,EC1N83Cbinh3eb7b0a90a89,32764,494688,ef226023ebdd083110ccc823ffb7462dc9cf75d48c14b01149f395ffc3c82aee
O76-28,EC1N83Cbinh09e1027a4c18,32706,493818,44e435fe698e7a67404049d7370483961a2853d3d46fbb3b3b3a677f1fc53619
O76-29,EC1N83Cbinhf4fe89f5020e,32834,495738,1fdf9edc172549197c21667048f17b2445ce498111678e87ee5315a4b0140bd4
O76-30,EC1N83Cbinh090cdedac22f,32785,495003,3b071ee2f9187b9a65da91616a6ac8d8ccfce03c7ce09c3d570176263e801683
O76-31,EC1N83Cbinh1b76e7541596,32904,496788,c2b1dad3581ee688b7c72b783015a3ef88d133fe81902c8fe2fc9232e9a3c0f5
O76-32,EC1N83Cbinhca34396b1537,32796,495168,50542317193492a746e6f14650a02c028323458b982b7933c7dd294c3497faaf
O76-33,EC1N83Cbinh1648cedcbc07,32872,496308,2e119abd8f443cc7369570535cc2ece1003af2de89c64f5d474f7a71678352ca
O76-34,EC1N83Cbinh5730cdb83ab8,32873,496322,4b953f836dd20abfaee35a2be4c51eb9c07b6b76425d8602d30e910aa55b834d
O76-35,EC1N83Cbinhdb33bbf29196,32886,496518,316f3b60e382854d7a7d1b8c196b873031b76d5707c70c25b7607f34e2b0bd3f
O76-36,EC1N83Cbinh4d4bc2e674ca,32664,493188,54be3870e9cbafb2c91a8c5011595518ddbe0d96a5a41af96facf5d88d818878
O76-37,EC1N83Cbinhe2dfa4aea097,32761,494643,41e87cf7a4835d54b5c02c8b8d673b3478fb402c0f907ed86805ee56ec05deba
O76-38,EC1N83Cbinh6a9a94a66cfb,32731,494193,ad006d0c17045a73e965ba9ced4e3fe65a7fe762d3c2020dd0178d2bae6de219
O76-39,EC1N83Cbinh0cce013a88fc,32891,496593,b8db142010b97a9382d269447a04a82809ed917efe9b7642b9f25d8b2922ceb7
O76-40,EC1N83Cbinh3a2a8b64d805,32884,496488,44d90c0f1db8d9905d2ce16414c9cd930456f0121609f304f282e789b6bf369e
O76-41,EC1N83Cbinhd90da5bc272a,32760,494628,6a260609d79334a28229e5f1394f6e40f2d9340af9b4baeb397a5bb0162290ca
O76-42,EC1N83Cbinh9f8cf84fb090,32612,492408,cd1ffcf0cf40b856d3ba0184fae508623b34de1d06176e1f3c968de7fbb64d9e
O76-43,EC1N83Cbinhf1e843179e10,32746,494418,5930538bc009e136bd0c116ec28d04813ebc967b34121f4b0c0412a6061463ca
O76-44,EC1N83Cbinh15ca9aa2f519,33032,498708,e2d3fcabb52ce1865f400e5cba307338f22419c32eb78c7a219ca431ae8f94b8
O76-45,EC1N83Cbinh2c05a3f24660,32867,496233,d944bf263af94bc42f22a82dde403d86ff9350c44bdc32430271317881cbe62a
O76-46,EC1N83Cbinh48a621ccd0e6,32981,497943,d5ae59386d7ffdd1baa651e63955ca08225c1f7806189d358a41ee0d03a19d08
O76-47,EC1N83Cbinh6e7cd3c99433,32934,497238,941bbd920f152676bf02f1ad9cfa92000d0ee048822a33e8fb782ff9e31c0ecc
O76-48,EC1N83Cbinhd84cf343711c,32820,495528,03afd7d2d8e25be508b11477d273de6040a4833c5ace61c962c769017a568f6a
O76-49,EC1N83Cbinhaadb8b10d169,32629,492663,9dfd12269d6074d205f741fa18c6d92ddd9e5dd4ee1523cd19c63fb5446390cb
O76-50,EC1N83Cbinhdf32fa80a2a1,32893,496623,ae3ffeeee50c9594e729f9574c0c555e5ec26c604f6de4ebffd3041fb503076a
O76-51,EC1N83Cbinh3698d583968e,32918,496998,619145bec7cb7b3ce856cfa9d0e2da13ec26866f1762bd9ceb676843aeecb0ed
O76-52,EC1N83Cbinh56cf9a9a937f,32844,495887,9e8adef5dcf7db9f8cfff0078ecc3e6d8a53c5b3fd8a3fad48c377a2eb38f18e
O76-53,EC1N83Cbinh767c17bda742,32679,493413,bca1336e3c8b03c9fcea63a44b6d6d88bb35b3f008eacae335fac66c36867f77
O76-54,EC1N83Cbinh3252b6e5a5e4,32869,496263,ea2fa1a3ecf2a95b30888e0c51df67f9b47674052d19c890879a9daaf4371b52
O76-55,EC1N83Cbinhacb69302f30b,32633,492723,626b128845551567ae2c5ba5131ce4cada09faaaf5da60e85c1d20d0568cd113
O76-56,EC1N83Cbinh59aa6e428be4,32449,489963,ae699fe7bd8c6cc806e154b3a65a474f906bcd550cd7d7e6be6ec69f53ca0629
O76-57,EC1N83Cbinh39938a2e9e14,32891,496592,69723bc81c3373182c3dabbeb65f1ea7605bc0b32e7acc6d1d63a9dbb0eea1c9
O76-58,EC1N83Cbinha331f47e341e,32808,495348,de38553394aa3354ac43fb923a8685e6a1e5bd8b45f988291920ba82b7e31a89
O76-59,EC1N83Cbinhd5a8af0cd485,32704,493788,4c94f1f8391a9437b9639d91638a2f02a4871fa59fc491a2977698bf88df8621
O76-60,EC1N83Cbinh39555955f752,33022,498556,3fe2b1baaeb85f25ca4297708f799c53f99283995d7e584b1e100a3223d538c4
O76-61,EC1N83Cbinh05f739d5662b,33198,501198,0285543fad7ff25c6f240bd1b7d0f3ecb9d375ee66949050a6cc84ac24e7eaab
O76-62,EC1N83Cbinh0d1b979e3469,32802,495258,f003a68eb142de95dbd1b313ae0016cc34990d2630776297dfc11e6ef0a30465
O76-63,EC1N83Cbinhac8f8f44c58f,32997,498182,3772dc51227aec458b52061e2974945f3b29270416535a4f0bb29f5ef787a04e
O76-64,EC1N83Cbinhe4f4748ba92a,32797,495183,78a17912c7b9ffea320e109188519587519768bfa335af3a780bed388e60dc00
O76-65,EC1N83Cbinh8df5bdd9469f,32654,493038,25fcb4d4931ca2ea9819c5c919cd4fc7ec5ef067636a6adcd0f167a26479eb01
O76-66,EC1N83Cbinh99df45195c9d,32512,490908,063a824efbab1270e0e913c403878222c1d735bb0550a2f6db85979ae8861fba
O76-67,EC1N83Cbinh64a03caae190,32991,498093,e20c1b2e73dfd69c8452cd6bf388d1190a4e11d74b168afeddeb2be6463b7f6b
O76-68,EC1N83Cbinh71ff7f13f14a,32999,498213,a11d8b23bb7d14801ae33fb27f5ad5b8a957e11bde0ebd1d2d161e7719810335
O76-69,EC1N83Cbinhf6134e204098,32690,493578,376fb5833bddde7e5601cf61c76dbe9212066a29f661b7aee377eb45c78268dd
O76-70,EC1N83Cbinh06535b9ac19c,32659,493112,ca28aa85c495e9cfcd301e483715ead0d4af0a6ec4e1c9d7b547f47706892c2c
O76-71,EC1N83Cbinh7f47010d51b1,32834,495738,d947bf0cc100772d8b7816dcc9bfe0fb93ad5f800e8013cc09f76ebd0b6c082a
O76-72,EC1N83Cbinh5b2eba5c1e88,32454,490038,a9c61a676febbaf3539f7d270dae294ee5abdbe1df20424a330cf831e0783c52
O76-73,EC1N83Cbinh4c17fb9275d7,32688,493548,e955910f9008da53b9b7e4ea9cf4dcd29f14de9266f298d213fdfecd9c369cc5
O76-74,EC1N83Cbinh0ee64f0d7b11,32437,489783,ce30dc968ea6a407c9a4bca9bbb20de23a76cc0f7c0bb85d073a26e8f20b17fd
O76-75,EC1N83Cbinh1e3b65fe48a1,32897,496683,be3138a41c1750dd3dab854e5b0358ab7cd11f4221b41e0234e95d2a680851ab
O76-76,EC1N83Cbinha42b240e6dd2,32900,496728,6249a31b32dcaf153b629366137dc0bcfcbb1ce49fbbf67577c03cd3cfe5db79
O76-77,EC1N83Cbinhb7abf9ff2e79,32804,495288,529784cc336fd6b780ca6e2fea1f06aa50165c44e6edf672547d941abec1b921
O76-78,EC1N83Cbinhb22ebccda3be,32580,491928,d53d63bdc7fb33220d597bd57d903ef144ecd542e5ce33bb882098e47c89c09d
O76-79,EC1N83Cbinhf1b1bf395561,32687,493532,ebb2858f4538464aca6b903608427abebca5a22e24b689e1b2e7280b005b8917
O76-80,EC1N83Cbinh8b1b12a84a93,32834,495738,ec16962b1c5e3501e96f2ca0e85231533c05ceccde14766ebdacd8dc23cf5224
O76-81,EC1N83Cbinhc8971d638097,32612,492408,35bf16e3244541855755cbe7b50b8fd236dd6018c75870682ad8e30206baae41
O76-82,EC1N83Cbinh966774a91d32,32959,497613,f94265c5d2cb80aee43305b542fbc28b18ff6ded78c8f5151469a76606496190
O77-00,EC1N83Cbinhc3675ee4405d,32813,495423,d3e2fd87aec2114c09586cf499f21b67e92c6b71960ae91f045b69c1c9d8d5b5
O77-01,EC1N83Cbinhe91d93656aec,32855,496053,ddd2fba725f532a02f9de18b44c204a666a276d2a4207a8159de21eaaa044bee
O77-02,EC1N83Cbinh6564003b8c1f,32820,495528,fa33f7674839c08b6b48dc3e42edf4088f8dddab08bf74cc31420e2eb484bb97
O77-03,EC1N83Cbinh560c01ffde02,32850,495978,96ef2d4aeff77f98436b7ba84f11c2c254b8d20579d448c01d84d092f7fed3cf
O77-04,EC1N83Cbinha2173dacbc24,32996,498168,f159b6cf2b2991f72c22a74d206f332f46a6e54033b8f845b8ef8a129d7d1fb3
O77-05,EC1N83Cbinh0b80779e11b3,32828,495648,1f1e27097ec4774c8f51b848110e86e3aad400924e22ff949372be10ed483093
O77-06,EC1N83Cbinh908ab4a74bbf,32667,493233,454289d653952b6d9d92eaf96b5f36fcf2af5e8993c3442e3373075b61be3fe3
O77-07,EC1N83Cbinh04de1ab880d4,32736,494268,5fea14aee428e5aa5bac7f8c6cc1041d4860fcc9d42e51cd3ac414ccc6f9d64c
O77-08,EC1N83Cbinh89860a347cea,32881,496443,64febf2681b02055fd3fa383dd95b26b60a9670c5595c58440cf32ab7e1aef12
O77-09,EC1N83Cbinh6659ddfcdda5,32925,497103,18c1083d6e5db57a0463429227b145e1fe033412401e06f577a30505cf07840b
O77-10,EC1N83Cbinh4166effd91f5,32826,495617,51fe8b551b990063d26bf58cacda44715bff425ef22d3ca143d8994695a70b4b
O77-11,EC1N83Cbinh88bc13e42978,32924,497088,dda6dd9a8ec380fe187695421c8579520d0f7d7f75cc1357b618d66c632096bd
O77-12,EC1N83Cbinh5cbe8c75d458,32866,496218,a0402e0b39d7d783cfccf27e721388fbd795daec2a6127f104bcb5dcf57c4537
O77-13,EC1N83Cbinhcdb89a4631a6,32610,492378,fffc4178cd6d19dfa737e4185c8534530fc6e4084d25456bff25cbcfe280dddd
O77-14,EC1N83Cbinhfb54f8d4b74d,32826,495618,2e7023d125cebedd3074cd0e2643df9531a9c98d4c153d4cf577aa6b7a3c52c2
O77-15,EC1N83Cbinh38ecf3118cb7,32644,492888,8aa8a5cfcbca487bb1fff145ca59a64e05f03b439909afee467a6b2a302fc4b9
O77-16,EC1N83Cbinhc99769dff736,32807,495333,38a593ab9947bb3b2b6274598425bccb8a4f484a76fa7a22ab13fc0f835efd4d
O77-17,EC1N83Cbinhd25c216683dd,32813,495422,343234d3c203a8aedfb5cb3a6a8fbdfafe0c9e978a5770780a446373e644bcc8
O77-18,EC1N83Cbinhb78e6580dde5,32945,497403,3e06aa4231296f1ce7c56ecf9858848b155db8870d2373e0b8b52038ded5af12
O77-19,EC1N83Cbinh34543242d8ee,32762,494658,d04c6587b9804e5c6012aef9717d2466ceae392f479a73dcb54bf1383f8c1c21
O77-20,EC1N83Cbinhec220402825e,32728,494148,fa9283cb104666c9aaadbbf2d03eac526d3dbd953dc02515a544b45004c3ef6c
O77-21,EC1N83Cbinh1ca77bdad130,32899,496713,ed96b81e0366841fb254a2b1f865fd3674264de78eed941015077efd8b12b31b
O77-22,EC1N83Cbinh929625d0f8ec,32901,496743,27f7716c8fa6be6a0d62f7c4d82588dd6cb49d18e962f1f7954f81ef102e3686
O77-23,EC1N83Cbinhb75485994d27,32666,493218,aa41205e806fc06c3b1c6e32405f280cda6a81b145322f007e133ae268da8d3f
O77-24,EC1N83Cbinhe1c8c6994025,32724,494088,a989746593cd79e75c7ad9678e281dd96ca0f7734dbba904e710d2b103571518
O77-25,EC1N83Cbinh61030ce96bd6,32870,496277,7a30ee534636e0af15bf27227a4e55389821e508b100304f9fb60667efd73d69
O77-26,EC1N83Cbinh56d0ffb601b9,32750,494478,fb26b69f443c1729f59fbb5b0bf7f1f096253fec82135711b42fbcbbc1b20cf1
O77-27,EC1N83Cbinh43e4b2fa27ee,32983,497973,d0f0b453570ea1e1d294f3f04c907a1cd01577bd93e4326de6943f127102de22
O77-28,EC1N83Cbinh64922414bdf7,32859,496113,6397ccf29ea05234e84fcb9debf086861c80be1bdfddd23439d3465f600ad172
O77-29,EC1N83Cbinh5ec36811a7a2,32792,495108,bd8fb9ba3e40f7329f48f4d5c9c09f87cac63127935fb0b70de1bdcf9c9fc053
O77-30,EC1N83Cbinh3ba5799d6d7f,32584,491987,d70a890bf16c3b72951fec16201bac486c54c38fe926eae0d29ff79c02d65f1b
O77-31,EC1N83Cbinhb15472beb3d3,32849,495963,e06489176b683533f8505c58f72a239e8d696a46a038a3f0ea65abdb6a9ced94
O77-32,EC1N83Cbinh44235fa1f01d,32993,498123,d1977e31d872cfe0085e6b997d1ee28f3b2dfcf34c142bfc015671fa97e433b7
O77-33,EC1N83Cbinh3e45c37ee785,32760,494628,3d8a1129154e10c03d1c5d58a5196184a8f7449d97b2631b79b0e0eeece186bb
O77-34,EC1N83Cbinh2149e2fba49b,32898,496698,ec384f8f5112888e3649716b96bdc1e8a38c37334e7b075fc76b453f3544e5b9
O77-35,EC1N83Cbinh57fa2ed0f5b7,32807,495333,2b8817fd6ef5756d5a6431ca24d1a8f28dffdc87a3aef26a5d30ff905249929e
O77-36,EC1N83Cbinh5a94073a9e91,32583,491973,7809f1a5ef42b5f18b349d04641731a12c7dff16d1b6ba4f21706566bda1cdb5
O77-37,EC1N83Cbinh3123ff3d4772,32744,494388,af677e377530a7fe5be0ed39b68e2124b22c6ff7dabbc1527f3d8aeb8a925a2b
O77-38,EC1N83Cbinhbcdeb3827fc4,32700,493727,86336181e43fec3eb784b0e7bf09d653eb21584c9ad4fca1cd6efabfcea08bf7
O77-39,EC1N83Cbinh24ba4760176e,32791,495093,12f56ab7b805d17ba28dfdf5cbd7207be74599805a10f20eb778d93cede6d69d
O77-40,EC1N83Cbinhddc0323a9da9,32710,493878,808d822f3d51df960891585ba32d95a3952fa110b1bd8cdd62232cfc5c955c2a
O77-41,EC1N83Cbinh47f5a609feab,32652,493008,ac4ec67df5895d3cf2dddcc34908cbc80f6c5f255ed885e7de7b5809605f0b72
O77-42,EC1N83Cbinhf6a7b2466aba,32929,497163,f6100520fe246404f62d51ee279dbeefb489a3c942270d70610cd73c6abbc0b7
O77-43,EC1N83Cbinh937d5b2eaac5,32766,494718,c143d77af6063d12c7230f0ae2365b1804d5c5859b2c16e6998d7839619190a7
O77-44,EC1N83Cbinh267ab3626cf8,32831,495693,10f4287367bec063223adae983e93f9df98cf1cdfafa5d68e1cc298344108e03
O77-45,EC1N83Cbinh8500df150c51,32927,497133,591622e728f74cd29c2733976df8f364e03f232e9c96ceebc7a331596287a49e
O77-46,EC1N83Cbinh11092164bd31,32868,496248,c505193e8b5e3ecd2d35bbde6341082fb4fcfbce8495e1bfa5b2883cf7bcf361
O77-47,EC1N83Cbinh526f3e2b7b0d,32796,495168,5b7604183d838c7d7e536652a417c8f00f321e9a8cb2d1dc261d805cb1dcc98e
O77-48,EC1N83Cbinhd0e0d66b017e,32726,494118,0633f15601730a36c674bd1ede8b880e41aa068a6365e91612e4b65640eb0612
O77-49,EC1N83Cbinhf9eb64ecdfda,32821,495543,ab3543ce37a278901e54fcbe25df04c8583012bdc935fc78103b0d692d73c207
O77-50,EC1N83Cbinhfa19fab026ec,33038,498798,6fb9188e7283650644e4c8953c094f7eaa0968a49d48e6104eb8f31a52b7e7f9
O77-51,EC1N83Cbinh8cc5c43b2a88,32778,494898,7729c7e49918e113b35fa011701b988bb4746927ecdc6eaab06e149612d51e51
O77-52,EC1N83Cbinh83b059ea14eb,32839,495812,30a86a50a9e20f75021480bb5050fa0b8bb2517ffcff78e71b2915407065791a
O77-53,EC1N83Cbinhb32b1295d9a3,32704,493788,a80c0c38e7d5ea734b0cfed75d4a03b8754aa433d4f53e0076375b5c22546946
O77-54,EC1N83Cbinhc5331b81998c,32896,496668,d2e1992fca49b786e3c7249773469dd2b07998141136827ac373c4f24ba4ce1a
O77-55,EC1N83Cbinhf5ce68eaa32e,32713,493923,f9aa267a04481ede6f46e89efb5cf7e9ebffb3a950e4863c13a396669e90cbdb
O77-56,EC1N83Cbinh339998c82463,32838,495798,405bdbbdfa3b673858603039b51f10063f0f87cf3ee0768a2e8c6ba564265417
O77-57,EC1N83Cbinhba0dd6b8514a,32716,493968,368aa19008815df770626b2cb9ca24561d98bdb0976fdb34a75cc5d1782fe97b
O77-58,EC1N83Cbinh6a959611a66c,33046,498918,ff75ec3a4e3985364f5e8e169d7f48f5bf97e30b2615ffa7ca7c372af5d17eff
O77-59,EC1N83Cbinhaa58378d2b01,32877,496383,021a9f84d41361c841f5b434384e229073b30e513a26289a2c6a969824830a2c
O77-60,EC1N83Cbinh0967f2725007,32638,492798,210ccec2d1b745a330f8379f8c76df72ba82c3efac573a06080487dda03ecc2e
O77-61,EC1N83Cbinh50f2e5a226ec,32864,496188,ebf21ac6a5e950f9a160be44f5a5c5b12d91f3b218f3a63f34c97fa02923e609
O77-62,EC1N83Cbinh9cbc8276aac3,32757,494583,247b7bc43ee18879e9d1f61b3a22dfe6db223f8d4b64c5ea51f4a041e16d299d
O77-63,EC1N83Cbinh03b40c75cac0,32800,495228,80983b6686972e1ee888f7c9f3c2a7b895544574d4d1a763331d3e3f395a40f5
O77-64,EC1N83Cbinh0fd16c8ea4fa,32720,494028,61006e56b761f9a99f9060c41d3f80c54269eb527aa564a6c669be453e91301d
O77-65,EC1N83Cbinh8140aff9da32,33096,499668,05a3dc13717c08cbb8a02f5155ee69837f5e64fd20b4e080673d34763bfc68a6
O77-66,EC1N83Cbinh07b6ecd9116f,33039,498813,7088bb477e41f993773ec5c83850fb7f75c8c67609d3396860e7e51f2866ff53
O77-67,EC1N83Cbinh7a190943409e,32773,494823,6437f423cf52ad35dfbef70399c9fd9c279df6db4f2b97b1ec2be06cc4d13a98
O77-68,EC1N83Cbinh3db306d6681c,33068,499248,b8aff62d3e2b349eb27898614d5ab2bf5c04f4c8ff73e5e0131ffff39fca9006
O77-69,EC1N83Cbinhd87e2a7705a3,32993,498123,7699496794b94e2aa891ebdb93bec258053e46ec4390fbe65cf53a1a2c777f00
O77-70,EC1N83Cbinha4a9a395fdc9,32798,495197,c3e688dc31e4149f27fc5b0d617bd5b670a3e1497f6703e606dd4c47ce80ba3b
O77-71,EC1N83Cbinh4c631426284a,32668,493248,242185d690f456f700a526360d83f05b76767afa0b07964265cbc120a72b3bbb
O77-72,EC1N83Cbinhe6e5e425af45,32891,496593,43015b4c6d80c356aa683664b0737d500766309b9c8866733fac4845294d7862
O77-73,EC1N83Cbinhb15fcf140c7b,32745,494403,6ff5ee8ab65cc8e0d2e1c1e51c23383871f18e73212cccf0bdc84e50d334ddec
O77-74,EC1N83Cbinh53d033ef786c,32859,496113,a40b15781f0b3959805984c5bed706e5b1348607ed55605c03d899645fe75f0f
O77-75,EC1N83Cbinhcb70bfb95f29,32795,495152,19dd5a05a233b2d83a55641d17f18a6e3ee5c91a3f732874f0580393545891cc
O77-76,EC1N83Cbinh4bd12b557413,32707,493832,f2f3c67ff7f84b93e3ffa647ed21bb1165959ceafac4717c32b7c9b9b78cae47
O77-77,EC1N83Cbinh31fa2e3f74f5,32909,496863,914457badafe683ed41c654f166da7fed02d7631e7373a015049a22ca29c21e4
O77-78,EC1N83Cbinh9d6b6c3a0788,32819,495513,baaf42f174a14912b17a523fbcad1abd37bbb53efaa741be94db599af0d047d5
O77-79,EC1N83Cbinhd494f03654dd,32627,492633,3aa6bd0d1d64277e7b6948d85a0b451d0233b028c55bac172d12674e38ac3592
O77-80,EC1N83Cbinha6ac0de97b2e,32513,490923,c8787d8f7a827b7f94255e796bb46b2f5fa3f310ec07c742ad4fce36aea9d26e
O77-81,EC1N83Cbinha92b1479a196,32957,497582,a12726e4269e7864009d66e7250c994d016f57ade1d709e148f85c8b7926386c
O77-82,EC1N83Cbinh2d8d639d87d1,32774,494838,a7acfbe1e35b174cd475e7a2eac0511c8b0495cb2d849fbf24be2f182581ccff
